{
 "type": "FeatureCollection",
 "_note": "Generated by scripts/build.py from Wikidata. Do not edit by hand — put manual fixes in the painter's overlay (data/overlay/*.json). Each feature carries _source (scraped base or manual addition) and, when edited, _overrides.",
 "features": [
  {
   "type": "Feature",
   "geometry": {
    "type": "Point",
    "coordinates": [
     135.49147,
     34.69239
    ]
   },
   "properties": {
    "painter": "Salvador Dalí",
    "title": "The Spectre and the Phantom",
    "year": "1934",
    "city": "Kita-ku",
    "country": "Japan",
    "location": "Nakanoshima Museum of Art, Osaka",
    "kind": "museum",
    "attribution": "attributed",
    "status": "present",
    "medium": "Oil on canvas",
    "dimensions": "100 × 73 cm",
    "genre": "landscape painting",
    "wikidata": "https://www.wikidata.org/wiki/Q102186415",
    "_source": {
     "source": "Wikidata",
     "url": "https://www.wikidata.org/wiki/Q102186415",
     "retrieved_at": "2026-08-23"
    },
    "_overrides": {
     "creation": {
      "at": "2026-08-23",
      "source": "derived from start date + Caravaggio's documented itinerary (approximate)"
     }
    },
    "museum_id": "nakanoshima-museum-of-art-osaka",
    "qid": "Q102186415"
   }
  },
  {
   "type": "Feature",
   "geometry": {
    "type": "Point",
    "coordinates": [
     2.95944,
     42.26806
    ]
   },
   "properties": {
    "painter": "Salvador Dalí",
    "title": "The Spectre of Sex Appeal",
    "year": "1934",
    "city": "Figueres",
    "country": "Spain",
    "location": "Dalí Theatre and Museum",
    "kind": "museum",
    "attribution": "attributed",
    "status": "present",
    "medium": "Oil on panel",
    "dimensions": "17.9 × 13.9 cm",
    "wikidata": "https://www.wikidata.org/wiki/Q10339089",
    "_source": {
     "source": "Wikidata",
     "url": "https://www.wikidata.org/wiki/Q10339089",
     "retrieved_at": "2026-08-23"
    },
    "_overrides": {
     "creation": {
      "at": "2026-08-23",
      "source": "derived from start date + Caravaggio's documented itinerary (approximate)"
     }
    },
    "museum_id": "dali-theatre-and-museum",
    "qid": "Q10339089"
   }
  },
  {
   "type": "Feature",
   "geometry": {
    "type": "Point",
    "coordinates": [
     -43.18288,
     -22.91749
    ]
   },
   "properties": {
    "painter": "Salvador Dalí",
    "title": "The Two Balconies",
    "year": "1929",
    "city": "Rio de Janeiro",
    "country": "Brazil",
    "location": "Museu da Chácara do Céu",
    "kind": "museum",
    "attribution": "attributed",
    "status": "present",
    "wikidata": "https://www.wikidata.org/wiki/Q10341937",
    "_source": {
     "source": "Wikidata",
     "url": "https://www.wikidata.org/wiki/Q10341937",
     "retrieved_at": "2026-08-23"
    },
    "_overrides": {
     "creation": {
      "at": "2026-08-23",
      "source": "derived from start date + Caravaggio's documented itinerary (approximate)"
     }
    },
    "museum_id": "museu-da-chacara-do-ceu",
    "qid": "Q10341937"
   }
  },
  {
   "type": "Feature",
   "geometry": {
    "type": "Point",
    "coordinates": [
     -82.6315,
     27.766
    ]
   },
   "properties": {
    "painter": "Salvador Dalí",
    "title": "Eggs on the plate (without the plate)",
    "year": "1932",
    "city": "St. Petersburg",
    "country": "United States",
    "location": "Salvador Dalí Museum",
    "kind": "museum",
    "attribution": "attributed",
    "status": "present",
    "medium": "Oil on canvas",
    "dimensions": "60 × 41.9 cm",
    "genre": "still life",
    "wikidata": "https://www.wikidata.org/wiki/Q10342699",
    "_source": {
     "source": "Wikidata",
     "url": "https://www.wikidata.org/wiki/Q10342699",
     "retrieved_at": "2026-08-23"
    },
    "_overrides": {
     "creation": {
      "at": "2026-08-23",
      "source": "derived from start date + Caravaggio's documented itinerary (approximate)"
     }
    },
    "museum_id": "salvador-dali-museum",
    "qid": "Q10342699"
   }
  },
  {
   "type": "Feature",
   "geometry": {
    "type": "Point",
    "coordinates": [
     2.95944,
     42.26806
    ]
   },
   "properties": {
    "painter": "Salvador Dalí",
    "title": "Anthropomorphic Bread",
    "year": "1932",
    "city": "Figueres",
    "country": "Spain",
    "location": "Dalí Theatre and Museum",
    "kind": "museum",
    "attribution": "attributed",
    "status": "present",
    "medium": "Oil on canvas",
    "dimensions": "24 × 16.5 cm",
    "wikidata": "https://www.wikidata.org/wiki/Q10355646",
    "_source": {
     "source": "Wikidata",
     "url": "https://www.wikidata.org/wiki/Q10355646",
     "retrieved_at": "2026-08-23"
    },
    "_overrides": {
     "creation": {
      "at": "2026-08-23",
      "source": "derived from start date + Caravaggio's documented itinerary (approximate)"
     }
    },
    "museum_id": "dali-theatre-and-museum",
    "qid": "Q10355646"
   }
  },
  {
   "type": "Feature",
   "geometry": {
    "type": "Point",
    "coordinates": [
     18.08469,
     59.32605
    ]
   },
   "properties": {
    "painter": "Salvador Dalí",
    "title": "The enigma of William Tell",
    "year": "1933",
    "city": "Stockholm Municipality",
    "country": "Sweden",
    "location": "Moderna Museet",
    "kind": "museum",
    "attribution": "attributed",
    "status": "present",
    "medium": "Oil on canvas",
    "dimensions": "201.5 × 346.5 cm",
    "wikidata": "https://www.wikidata.org/wiki/Q10720090",
    "_source": {
     "source": "Wikidata",
     "url": "https://www.wikidata.org/wiki/Q10720090",
     "retrieved_at": "2026-08-23"
    },
    "_overrides": {
     "creation": {
      "at": "2026-08-23",
      "source": "derived from start date + Caravaggio's documented itinerary (approximate)"
     }
    },
    "museum_id": "moderna-museet",
    "qid": "Q10720090"
   }
  },
  {
   "type": "Feature",
   "geometry": {
    "type": "Point",
    "coordinates": [
     -3.80143,
     40.48278
    ]
   },
   "properties": {
    "painter": "Salvador Dalí",
    "title": "The Cosmic Athlete",
    "year": "1968",
    "city": "Madrid",
    "country": "Spain",
    "location": "Palace of Zarzuela",
    "kind": "museum",
    "attribution": "generally accepted",
    "status": "present",
    "dimensions": "300 × 200 cm",
    "wikipedia_es": "https://es.wikipedia.org/wiki/El_Atleta_c%C3%B3smico",
    "wikidata": "https://www.wikidata.org/wiki/Q115920229",
    "_source": {
     "source": "Wikidata",
     "url": "https://www.wikidata.org/wiki/Q115920229",
     "retrieved_at": "2026-08-23"
    },
    "_overrides": {
     "creation": {
      "at": "2026-08-23",
      "source": "derived from start date + Caravaggio's documented itinerary (approximate)"
     }
    },
    "museum_id": "palace-of-zarzuela",
    "qid": "Q115920229"
   }
  },
  {
   "type": "Feature",
   "geometry": {
    "type": "Point",
    "coordinates": [
     2.95944,
     42.26806
    ]
   },
   "properties": {
    "painter": "Salvador Dalí",
    "title": "Enigmatic Elements in a Landscape",
    "year": "1934",
    "city": "Figueres",
    "country": "Spain",
    "location": "Dalí Theatre and Museum",
    "kind": "museum",
    "attribution": "attributed",
    "status": "present",
    "medium": "Oil on panel",
    "dimensions": "72.8 × 59.5 cm",
    "wikidata": "https://www.wikidata.org/wiki/Q11918820",
    "_source": {
     "source": "Wikidata",
     "url": "https://www.wikidata.org/wiki/Q11918820",
     "retrieved_at": "2026-08-23"
    },
    "_overrides": {
     "creation": {
      "at": "2026-08-23",
      "source": "derived from start date + Caravaggio's documented itinerary (approximate)"
     }
    },
    "museum_id": "dali-theatre-and-museum",
    "qid": "Q11918820"
   }
  },
  {
   "type": "Feature",
   "geometry": {
    "type": "Point",
    "coordinates": [
     2.95944,
     42.26806
    ]
   },
   "properties": {
    "painter": "Salvador Dalí",
    "title": "Inaugural Gooseflesh",
    "year": "1928",
    "city": "Figueres",
    "country": "Spain",
    "location": "Dalí Theatre and Museum",
    "kind": "museum",
    "attribution": "attributed",
    "status": "present",
    "dimensions": "76 × 63.2 cm",
    "wikidata": "https://www.wikidata.org/wiki/Q12074390",
    "_source": {
     "source": "Wikidata",
     "url": "https://www.wikidata.org/wiki/Q12074390",
     "retrieved_at": "2026-08-23"
    },
    "_overrides": {
     "creation": {
      "at": "2026-08-23",
      "source": "derived from start date + Caravaggio's documented itinerary (approximate)"
     }
    },
    "museum_id": "dali-theatre-and-museum",
    "qid": "Q12074390"
   }
  },
  {
   "type": "Feature",
   "geometry": {
    "type": "Point",
    "coordinates": [
     2.95944,
     42.26806
    ]
   },
   "properties": {
    "painter": "Salvador Dalí",
    "title": "Barcelona Mannequin",
    "year": "1926",
    "city": "Figueres",
    "country": "Spain",
    "location": "Dalí Theatre and Museum",
    "kind": "museum",
    "attribution": "attributed",
    "status": "present",
    "medium": "Oil on canvas",
    "dimensions": "198 × 148 cm",
    "wikidata": "https://www.wikidata.org/wiki/Q12081084",
    "_source": {
     "source": "Wikidata",
     "url": "https://www.wikidata.org/wiki/Q12081084",
     "retrieved_at": "2026-08-23"
    },
    "_overrides": {
     "creation": {
      "at": "2026-08-23",
      "source": "derived from start date + Caravaggio's documented itinerary (approximate)"
     }
    },
    "museum_id": "dali-theatre-and-museum",
    "qid": "Q12081084"
   }
  },
  {
   "type": "Feature",
   "geometry": {
    "type": "Point",
    "coordinates": [
     2.95944,
     42.26806
    ]
   },
   "properties": {
    "painter": "Salvador Dalí",
    "title": "The Smiling Venus",
    "year": "1921",
    "city": "Figueres",
    "country": "Spain",
    "location": "Dalí Theatre and Museum",
    "kind": "museum",
    "attribution": "attributed",
    "status": "present",
    "medium": "Cardboard, tempera",
    "dimensions": "51.5 × 50.3 cm",
    "genre": "nude",
    "wikidata": "https://www.wikidata.org/wiki/Q12088561",
    "_source": {
     "source": "Wikidata",
     "url": "https://www.wikidata.org/wiki/Q12088561",
     "retrieved_at": "2026-08-23"
    },
    "_overrides": {
     "creation": {
      "at": "2026-08-23",
      "source": "derived from start date + Caravaggio's documented itinerary (approximate)"
     }
    },
    "museum_id": "dali-theatre-and-museum",
    "qid": "Q12088561"
   }
  },
  {
   "type": "Feature",
   "geometry": {
    "type": "Point",
    "coordinates": [
     2.95944,
     42.26806
    ]
   },
   "properties": {
    "painter": "Salvador Dalí",
    "title": "Geological Echo. La Pietà",
    "year": "1982",
    "city": "Figueres",
    "country": "Spain",
    "location": "Dalí Theatre and Museum",
    "kind": "museum",
    "attribution": "attributed",
    "status": "present",
    "medium": "Oil on canvas",
    "dimensions": "100 × 100 cm",
    "wikidata": "https://www.wikidata.org/wiki/Q12094800",
    "_source": {
     "source": "Wikidata",
     "url": "https://www.wikidata.org/wiki/Q12094800",
     "retrieved_at": "2026-08-23"
    },
    "_overrides": {
     "creation": {
      "at": "2026-08-23",
      "source": "derived from start date + Caravaggio's documented itinerary (approximate)"
     }
    },
    "museum_id": "dali-theatre-and-museum",
    "qid": "Q12094800"
   }
  },
  {
   "type": "Feature",
   "geometry": {
    "type": "Point",
    "coordinates": [
     2.95944,
     42.26806
    ]
   },
   "properties": {
    "painter": "Salvador Dalí",
    "title": "Two Pieces of Bread, Expressing the Sentiment of Love",
    "year": "1940",
    "city": "Figueres",
    "country": "Spain",
    "location": "Dalí Theatre and Museum",
    "kind": "museum",
    "attribution": "attributed",
    "status": "present",
    "medium": "Oil on canvas",
    "dimensions": "81.5 × 100.5 cm",
    "wikidata": "https://www.wikidata.org/wiki/Q12099659",
    "_source": {
     "source": "Wikidata",
     "url": "https://www.wikidata.org/wiki/Q12099659",
     "retrieved_at": "2026-08-23"
    },
    "_overrides": {
     "creation": {
      "at": "2026-08-23",
      "source": "derived from start date + Caravaggio's documented itinerary (approximate)"
     }
    },
    "museum_id": "dali-theatre-and-museum",
    "qid": "Q12099659"
   }
  },
  {
   "type": "Feature",
   "geometry": {
    "type": "Point",
    "coordinates": [
     2.95944,
     42.26806
    ]
   },
   "properties": {
    "painter": "Salvador Dalí",
    "title": "Q12100997",
    "year": "1935",
    "city": "Figueres",
    "country": "Spain",
    "location": "Dalí Theatre and Museum",
    "kind": "museum",
    "attribution": "attributed",
    "status": "present",
    "wikidata": "https://www.wikidata.org/wiki/Q12100997",
    "_source": {
     "source": "Wikidata",
     "url": "https://www.wikidata.org/wiki/Q12100997",
     "retrieved_at": "2026-08-23"
    },
    "_overrides": {
     "creation": {
      "at": "2026-08-23",
      "source": "derived from start date + Caravaggio's documented itinerary (approximate)"
     }
    },
    "museum_id": "dali-theatre-and-museum",
    "qid": "Q12100997"
   }
  },
  {
   "type": "Feature",
   "geometry": {
    "type": "Point",
    "coordinates": [
     2.95944,
     42.26806
    ]
   },
   "properties": {
    "painter": "Salvador Dalí",
    "title": "The Girl from Figueres",
    "year": "1926",
    "city": "Figueres",
    "country": "Spain",
    "location": "Dalí Theatre and Museum",
    "kind": "museum",
    "attribution": "attributed",
    "status": "present",
    "medium": "Oil on panel",
    "dimensions": "20.8 × 21.5 cm",
    "wikidata": "https://www.wikidata.org/wiki/Q12103194",
    "_source": {
     "source": "Wikidata",
     "url": "https://www.wikidata.org/wiki/Q12103194",
     "retrieved_at": "2026-08-23"
    },
    "_overrides": {
     "creation": {
      "at": "2026-08-23",
      "source": "derived from start date + Caravaggio's documented itinerary (approximate)"
     }
    },
    "museum_id": "dali-theatre-and-museum",
    "qid": "Q12103194"
   }
  },
  {
   "type": "Feature",
   "geometry": {
    "type": "Point",
    "coordinates": [
     2.95944,
     42.26806
    ]
   },
   "properties": {
    "painter": "Salvador Dalí",
    "title": "Average Pagan Landscape",
    "year": "1937",
    "city": "Figueres",
    "country": "Spain",
    "location": "Dalí Theatre and Museum",
    "kind": "museum",
    "attribution": "attributed",
    "status": "present",
    "medium": "Oil on canvas",
    "dimensions": "38.5 × 46.5 cm",
    "wikidata": "https://www.wikidata.org/wiki/Q12106386",
    "_source": {
     "source": "Wikidata",
     "url": "https://www.wikidata.org/wiki/Q12106386",
     "retrieved_at": "2026-08-23"
    },
    "_overrides": {
     "creation": {
      "at": "2026-08-23",
      "source": "derived from start date + Caravaggio's documented itinerary (approximate)"
     }
    },
    "museum_id": "dali-theatre-and-museum",
    "qid": "Q12106386"
   }
  },
  {
   "type": "Feature",
   "geometry": {
    "type": "Point",
    "coordinates": [
     2.95944,
     42.26806
    ]
   },
   "properties": {
    "painter": "Salvador Dalí",
    "title": "Centaur (The Triumph of Nautilus)",
    "year": "1940",
    "city": "Figueres",
    "country": "Spain",
    "location": "Dalí Theatre and Museum",
    "kind": "museum",
    "attribution": "attributed",
    "status": "present",
    "wikidata": "https://www.wikidata.org/wiki/Q12109580",
    "_source": {
     "source": "Wikidata",
     "url": "https://www.wikidata.org/wiki/Q12109580",
     "retrieved_at": "2026-08-23"
    },
    "_overrides": {
     "creation": {
      "at": "2026-08-23",
      "source": "derived from start date + Caravaggio's documented itinerary (approximate)"
     }
    },
    "museum_id": "dali-theatre-and-museum",
    "qid": "Q12109580"
   }
  },
  {
   "type": "Feature",
   "geometry": {
    "type": "Point",
    "coordinates": [
     2.95944,
     42.26806
    ]
   },
   "properties": {
    "painter": "Salvador Dalí",
    "title": "Soft Self-portrait with Fried Bacon",
    "year": "1941",
    "city": "Figueres",
    "country": "Spain",
    "location": "Dalí Theatre and Museum",
    "kind": "museum",
    "attribution": "attributed",
    "status": "present",
    "medium": "Oil on canvas",
    "dimensions": "61 × 51 cm",
    "genre": "self-portrait",
    "wikidata": "https://www.wikidata.org/wiki/Q12120127",
    "_source": {
     "source": "Wikidata",
     "url": "https://www.wikidata.org/wiki/Q12120127",
     "retrieved_at": "2026-08-23"
    },
    "_overrides": {
     "creation": {
      "at": "2026-08-23",
      "source": "derived from start date + Caravaggio's documented itinerary (approximate)"
     }
    },
    "museum_id": "dali-theatre-and-museum",
    "qid": "Q12120127"
   }
  },
  {
   "type": "Feature",
   "geometry": {
    "type": "Point",
    "coordinates": [
     2.95944,
     42.26806
    ]
   },
   "properties": {
    "painter": "Salvador Dalí",
    "title": "Raphaelesque Hallucination",
    "year": "1979",
    "city": "Figueres",
    "country": "Spain",
    "location": "Dalí Theatre and Museum",
    "kind": "museum",
    "attribution": "attributed",
    "status": "present",
    "dimensions": "120 × 244 cm",
    "wikidata": "https://www.wikidata.org/wiki/Q12128711",
    "_source": {
     "source": "Wikidata",
     "url": "https://www.wikidata.org/wiki/Q12128711",
     "retrieved_at": "2026-08-23"
    },
    "_overrides": {
     "creation": {
      "at": "2026-08-23",
      "source": "derived from start date + Caravaggio's documented itinerary (approximate)"
     }
    },
    "museum_id": "dali-theatre-and-museum",
    "qid": "Q12128711"
   }
  },
  {
   "type": "Feature",
   "geometry": {
    "type": "Point",
    "coordinates": [
     2.95944,
     42.26806
    ]
   },
   "properties": {
    "painter": "Salvador Dalí",
    "title": "Q12135971",
    "year": "1954",
    "city": "Figueres",
    "country": "Spain",
    "location": "Dalí Theatre and Museum",
    "kind": "museum",
    "attribution": "attributed",
    "status": "present",
    "wikidata": "https://www.wikidata.org/wiki/Q12135971",
    "_source": {
     "source": "Wikidata",
     "url": "https://www.wikidata.org/wiki/Q12135971",
     "retrieved_at": "2026-08-23"
    },
    "_overrides": {
     "creation": {
      "at": "2026-08-23",
      "source": "derived from start date + Caravaggio's documented itinerary (approximate)"
     }
    },
    "museum_id": "dali-theatre-and-museum",
    "qid": "Q12135971"
   }
  },
  {
   "type": "Feature",
   "geometry": {
    "type": "Point",
    "coordinates": [
     2.95944,
     42.26806
    ]
   },
   "properties": {
    "painter": "Salvador Dalí",
    "title": "The First Days of Spring",
    "year": "1922",
    "city": "Figueres",
    "country": "Spain",
    "location": "Dalí Theatre and Museum",
    "kind": "museum",
    "attribution": "attributed",
    "status": "present",
    "medium": "Paper",
    "dimensions": "20.9 × 14.9 cm",
    "wikidata": "https://www.wikidata.org/wiki/Q12140032",
    "_source": {
     "source": "Wikidata",
     "url": "https://www.wikidata.org/wiki/Q12140032",
     "retrieved_at": "2026-08-23"
    },
    "_overrides": {
     "creation": {
      "at": "2026-08-23",
      "source": "derived from start date + Caravaggio's documented itinerary (approximate)"
     }
    },
    "museum_id": "dali-theatre-and-museum",
    "qid": "Q12140032"
   }
  },
  {
   "type": "Feature",
   "geometry": {
    "type": "Point",
    "coordinates": [
     2.95944,
     42.26806
    ]
   },
   "properties": {
    "painter": "Salvador Dalí",
    "title": "Poetry of America",
    "year": "1943",
    "city": "Figueres",
    "country": "Spain",
    "location": "Dalí Theatre and Museum",
    "kind": "museum",
    "attribution": "attributed",
    "status": "present",
    "medium": "Oil on canvas",
    "dimensions": "116 × 79 cm",
    "wikidata": "https://www.wikidata.org/wiki/Q12141560",
    "_source": {
     "source": "Wikidata",
     "url": "https://www.wikidata.org/wiki/Q12141560",
     "retrieved_at": "2026-08-23"
    },
    "_overrides": {
     "creation": {
      "at": "2026-08-23",
      "source": "derived from start date + Caravaggio's documented itinerary (approximate)"
     }
    },
    "museum_id": "dali-theatre-and-museum",
    "qid": "Q12141560"
   }
  },
  {
   "type": "Feature",
   "geometry": {
    "type": "Point",
    "coordinates": [
     2.95944,
     42.26806
    ]
   },
   "properties": {
    "painter": "Salvador Dalí",
    "title": "Port Alguer",
    "year": "1923",
    "city": "Figueres",
    "country": "Spain",
    "location": "Dalí Theatre and Museum",
    "kind": "museum",
    "attribution": "generally accepted",
    "status": "present",
    "medium": "Oil on canvas",
    "dimensions": "100.5 × 100.5 cm",
    "genre": "landscape painting",
    "wikipedia_es": "https://es.wikipedia.org/wiki/Port_Alguer",
    "wikidata": "https://www.wikidata.org/wiki/Q12142528",
    "_source": {
     "source": "Wikidata",
     "url": "https://www.wikidata.org/wiki/Q12142528",
     "retrieved_at": "2026-08-23"
    },
    "_overrides": {
     "creation": {
      "at": "2026-08-23",
      "source": "derived from start date + Caravaggio's documented itinerary (approximate)"
     }
    },
    "museum_id": "dali-theatre-and-museum",
    "qid": "Q12142528"
   }
  },
  {
   "type": "Feature",
   "geometry": {
    "type": "Point",
    "coordinates": [
     2.95944,
     42.26806
    ]
   },
   "properties": {
    "painter": "Salvador Dalí",
    "title": "Portrait of Picasso in the XXI century",
    "year": "1947",
    "city": "Figueres",
    "country": "Spain",
    "location": "Dalí Theatre and Museum",
    "kind": "museum",
    "attribution": "attributed",
    "status": "present",
    "genre": "portrait",
    "wikidata": "https://www.wikidata.org/wiki/Q12142549",
    "_source": {
     "source": "Wikidata",
     "url": "https://www.wikidata.org/wiki/Q12142549",
     "retrieved_at": "2026-08-23"
    },
    "_overrides": {
     "creation": {
      "at": "2026-08-23",
      "source": "derived from start date + Caravaggio's documented itinerary (approximate)"
     }
    },
    "museum_id": "dali-theatre-and-museum",
    "qid": "Q12142549"
   }
  },
  {
   "type": "Feature",
   "geometry": {
    "type": "Point",
    "coordinates": [
     2.95944,
     42.26806
    ]
   },
   "properties": {
    "painter": "Salvador Dalí",
    "title": "Portrait of my Sister",
    "year": "1925",
    "city": "Figueres",
    "country": "Spain",
    "location": "Dalí Theatre and Museum",
    "kind": "museum",
    "attribution": "attributed",
    "status": "present",
    "genre": "portrait",
    "wikidata": "https://www.wikidata.org/wiki/Q12142565",
    "_source": {
     "source": "Wikidata",
     "url": "https://www.wikidata.org/wiki/Q12142565",
     "retrieved_at": "2026-08-23"
    },
    "_overrides": {
     "creation": {
      "at": "2026-08-23",
      "source": "derived from start date + Caravaggio's documented itinerary (approximate)"
     }
    },
    "museum_id": "dali-theatre-and-museum",
    "qid": "Q12142565"
   }
  },
  {
   "type": "Feature",
   "geometry": {
    "type": "Point",
    "coordinates": [
     2.95944,
     42.26806
    ]
   },
   "properties": {
    "painter": "Salvador Dalí",
    "title": "The Spectre of Sex-appeal",
    "year": "1934",
    "city": "Figueres",
    "country": "Spain",
    "location": "Dalí Theatre and Museum",
    "kind": "museum",
    "attribution": "attributed",
    "status": "present",
    "medium": "Oil paint",
    "dimensions": "17.9 × 13.9 cm",
    "wikidata": "https://www.wikidata.org/wiki/Q12144188",
    "_source": {
     "source": "Wikidata",
     "url": "https://www.wikidata.org/wiki/Q12144188",
     "retrieved_at": "2026-08-23"
    },
    "_overrides": {
     "creation": {
      "at": "2026-08-23",
      "source": "derived from start date + Caravaggio's documented itinerary (approximate)"
     }
    },
    "museum_id": "dali-theatre-and-museum",
    "qid": "Q12144188"
   }
  },
  {
   "type": "Feature",
   "geometry": {
    "type": "Point",
    "coordinates": [
     2.95944,
     42.26806
    ]
   },
   "properties": {
    "painter": "Salvador Dalí",
    "title": "Dawn, Noon, Afternoon and Evening",
    "year": "1979",
    "city": "Figueres",
    "country": "Spain",
    "location": "Dalí Theatre and Museum",
    "kind": "museum",
    "attribution": "attributed",
    "status": "present",
    "medium": "Oil paint, plywood",
    "dimensions": "122 × 244 cm",
    "wikidata": "https://www.wikidata.org/wiki/Q12151254",
    "_source": {
     "source": "Wikidata",
     "url": "https://www.wikidata.org/wiki/Q12151254",
     "retrieved_at": "2026-08-23"
    },
    "_overrides": {
     "creation": {
      "at": "2026-08-23",
      "source": "derived from start date + Caravaggio's documented itinerary (approximate)"
     }
    },
    "museum_id": "dali-theatre-and-museum",
    "qid": "Q12151254"
   }
  },
  {
   "type": "Feature",
   "geometry": {
    "type": "Point",
    "coordinates": [
     -96.80889,
     32.77917
    ]
   },
   "properties": {
    "painter": "Salvador Dalí",
    "title": "Q121584832",
    "year": "1930",
    "city": "Dallas",
    "country": "United States",
    "location": "Meadows Museum",
    "kind": "museum",
    "attribution": "attributed",
    "status": "present",
    "medium": "Oil on canvas",
    "dimensions": "26.7 × 19.1 cm",
    "genre": "landscape painting",
    "wikidata": "https://www.wikidata.org/wiki/Q121584832",
    "_source": {
     "source": "Wikidata",
     "url": "https://www.wikidata.org/wiki/Q121584832",
     "retrieved_at": "2026-08-23"
    },
    "_overrides": {
     "creation": {
      "at": "2026-08-23",
      "source": "derived from start date + Caravaggio's documented itinerary (approximate)"
     }
    },
    "museum_id": "meadows-museum",
    "qid": "Q121584832"
   }
  },
  {
   "type": "Feature",
   "geometry": {
    "type": "Point",
    "coordinates": [
     2.95944,
     42.26806
    ]
   },
   "properties": {
    "painter": "Salvador Dalí",
    "title": "Q12173577",
    "year": "1973",
    "city": "Figueres",
    "country": "Spain",
    "location": "Dalí Theatre and Museum",
    "kind": "museum",
    "attribution": "attributed",
    "status": "present",
    "wikidata": "https://www.wikidata.org/wiki/Q12173577",
    "_source": {
     "source": "Wikidata",
     "url": "https://www.wikidata.org/wiki/Q12173577",
     "retrieved_at": "2026-08-23"
    },
    "_overrides": {
     "creation": {
      "at": "2026-08-23",
      "source": "derived from start date + Caravaggio's documented itinerary (approximate)"
     }
    },
    "museum_id": "dali-theatre-and-museum",
    "qid": "Q12173577"
   }
  },
  {
   "type": "Feature",
   "geometry": {
    "type": "Point",
    "coordinates": [
     2.95944,
     42.26806
    ]
   },
   "properties": {
    "painter": "Salvador Dalí",
    "title": "Fair of the Holy Cross at Figueres",
    "year": "1922",
    "city": "Figueres",
    "country": "Spain",
    "location": "Dalí Theatre and Museum",
    "kind": "museum",
    "attribution": "attributed",
    "status": "present",
    "dimensions": "52 × 75 cm",
    "wikidata": "https://www.wikidata.org/wiki/Q12173915",
    "_source": {
     "source": "Wikidata",
     "url": "https://www.wikidata.org/wiki/Q12173915",
     "retrieved_at": "2026-08-23"
    },
    "_overrides": {
     "creation": {
      "at": "2026-08-23",
      "source": "derived from start date + Caravaggio's documented itinerary (approximate)"
     }
    },
    "museum_id": "dali-theatre-and-museum",
    "qid": "Q12173915"
   }
  },
  {
   "type": "Feature",
   "geometry": {
    "type": "Point",
    "coordinates": [
     9.74015,
     52.36281
    ]
   },
   "properties": {
    "painter": "Salvador Dalí",
    "title": "The Nostalgia of the Cannibal",
    "year": "1932",
    "city": "Südstadt-Bult",
    "country": "Germany",
    "location": "Sprengel Museum",
    "kind": "museum",
    "attribution": "attributed",
    "status": "present",
    "medium": "Oil on canvas",
    "dimensions": "47.2 × 47.2 cm",
    "genre": "landscape painting, still life",
    "wikidata": "https://www.wikidata.org/wiki/Q122211714",
    "_source": {
     "source": "Wikidata",
     "url": "https://www.wikidata.org/wiki/Q122211714",
     "retrieved_at": "2026-08-23"
    },
    "_overrides": {
     "creation": {
      "at": "2026-08-23",
      "source": "derived from start date + Caravaggio's documented itinerary (approximate)"
     }
    },
    "museum_id": "sprengel-museum",
    "qid": "Q122211714"
   }
  },
  {
   "type": "Feature",
   "geometry": {
    "type": "Point",
    "coordinates": [
     -4.29056,
     55.86861
    ]
   },
   "properties": {
    "painter": "Salvador Dalí",
    "title": "Le Christ",
    "year": "1951",
    "city": "Glasgow",
    "country": "United Kingdom",
    "location": "Kelvingrove Art Gallery and Museum",
    "kind": "museum",
    "attribution": "attributed",
    "status": "present",
    "dimensions": "204.8 × 115.9 cm",
    "genre": "religious art",
    "wikidata": "https://www.wikidata.org/wiki/Q123184897",
    "_source": {
     "source": "Wikidata",
     "url": "https://www.wikidata.org/wiki/Q123184897",
     "retrieved_at": "2026-08-23"
    },
    "_overrides": {
     "creation": {
      "at": "2026-08-23",
      "source": "derived from start date + Caravaggio's documented itinerary (approximate)"
     }
    },
    "museum_id": "kelvingrove-art-gallery-and-museum",
    "qid": "Q123184897"
   }
  },
  {
   "type": "Feature",
   "geometry": {
    "type": "Point",
    "coordinates": [
     -82.6315,
     27.766
    ]
   },
   "properties": {
    "painter": "Salvador Dalí",
    "title": "Morphological Echo",
    "year": "1934",
    "city": "St. Petersburg",
    "country": "United States",
    "location": "Salvador Dalí Museum",
    "kind": "museum",
    "attribution": "generally accepted",
    "status": "present",
    "medium": "Oil on canvas",
    "dimensions": "64.8 × 61.6 cm",
    "wikipedia_en": "https://en.wikipedia.org/wiki/Morphological_Echo",
    "wikidata": "https://www.wikidata.org/wiki/Q12406429",
    "_source": {
     "source": "Wikidata",
     "url": "https://www.wikidata.org/wiki/Q12406429",
     "retrieved_at": "2026-08-23"
    },
    "_overrides": {
     "creation": {
      "at": "2026-08-23",
      "source": "derived from start date + Caravaggio's documented itinerary (approximate)"
     }
    },
    "museum_id": "salvador-dali-museum",
    "qid": "Q12406429"
   }
  },
  {
   "type": "Feature",
   "geometry": {
    "type": "Point",
    "coordinates": [
     2.95944,
     42.26806
    ]
   },
   "properties": {
    "painter": "Salvador Dalí",
    "title": "Leda Atomica",
    "year": "1949",
    "city": "Figueres",
    "country": "Spain",
    "location": "Dalí Theatre and Museum",
    "kind": "museum",
    "attribution": "generally accepted",
    "status": "present",
    "medium": "Oil on canvas",
    "dimensions": "61 × 46 cm",
    "genre": "mythological painting",
    "wikipedia_es": "https://es.wikipedia.org/wiki/Leda_at%C3%B3mica",
    "wikipedia_en": "https://en.wikipedia.org/wiki/Leda_Atomica",
    "wikidata": "https://www.wikidata.org/wiki/Q133508",
    "_source": {
     "source": "Wikidata",
     "url": "https://www.wikidata.org/wiki/Q133508",
     "retrieved_at": "2026-08-23"
    },
    "_overrides": {
     "creation": {
      "at": "2026-08-23",
      "source": "derived from start date + Caravaggio's documented itinerary (approximate)"
     }
    },
    "museum_id": "dali-theatre-and-museum",
    "qid": "Q133508"
   }
  },
  {
   "type": "Feature",
   "geometry": {
    "type": "Point",
    "coordinates": [
     7.59417,
     47.55417
    ]
   },
   "properties": {
    "painter": "Salvador Dalí",
    "title": "The Burning Giraffe",
    "year": "1937",
    "city": "Basel",
    "country": "Switzerland",
    "location": "Kunstmuseum Basel",
    "kind": "museum",
    "attribution": "generally accepted",
    "status": "present",
    "medium": "Oil on panel",
    "dimensions": "35 × 27 cm",
    "wikipedia_en": "https://en.wikipedia.org/wiki/The_Burning_Giraffe",
    "wikipedia_it": "https://it.wikipedia.org/wiki/Giraffa_in_fiamme",
    "wikidata": "https://www.wikidata.org/wiki/Q133839",
    "_source": {
     "source": "Wikidata",
     "url": "https://www.wikidata.org/wiki/Q133839",
     "retrieved_at": "2026-08-23"
    },
    "_overrides": {
     "creation": {
      "at": "2026-08-23",
      "source": "derived from start date + Caravaggio's documented itinerary (approximate)"
     }
    },
    "museum_id": "kunstmuseum-basel",
    "qid": "Q133839"
   }
  },
  {
   "type": "Feature",
   "geometry": {
    "type": "Point",
    "coordinates": [
     -82.6315,
     27.766
    ]
   },
   "properties": {
    "painter": "Salvador Dalí",
    "title": "Q134175740",
    "year": "1922",
    "city": "St. Petersburg",
    "country": "United States",
    "location": "Salvador Dalí Museum",
    "kind": "museum",
    "attribution": "attributed",
    "status": "present",
    "medium": "Cardboard, gouache paint, oil paint",
    "dimensions": "50.3 × 56.5 cm",
    "genre": "Impressionism",
    "wikidata": "https://www.wikidata.org/wiki/Q134175740",
    "_source": {
     "source": "Wikidata",
     "url": "https://www.wikidata.org/wiki/Q134175740",
     "retrieved_at": "2026-08-23"
    },
    "_overrides": {
     "creation": {
      "at": "2026-08-23",
      "source": "derived from start date + Caravaggio's documented itinerary (approximate)"
     }
    },
    "museum_id": "salvador-dali-museum",
    "qid": "Q134175740"
   }
  },
  {
   "type": "Feature",
   "geometry": {
    "type": "Point",
    "coordinates": [
     2.95944,
     42.26806
    ]
   },
   "properties": {
    "painter": "Salvador Dalí",
    "title": "Galatea of the Spheres",
    "year": "1952",
    "city": "Figueres",
    "country": "Spain",
    "location": "Dalí Theatre and Museum",
    "kind": "museum",
    "attribution": "generally accepted",
    "status": "present",
    "dimensions": "65 × 54 cm",
    "wikipedia_es": "https://es.wikipedia.org/wiki/Galatea_de_las_Esferas",
    "wikipedia_en": "https://en.wikipedia.org/wiki/Galatea_of_the_Spheres",
    "wikidata": "https://www.wikidata.org/wiki/Q137457",
    "_source": {
     "source": "Wikidata",
     "url": "https://www.wikidata.org/wiki/Q137457",
     "retrieved_at": "2026-08-23"
    },
    "_overrides": {
     "creation": {
      "at": "2026-08-23",
      "source": "derived from start date + Caravaggio's documented itinerary (approximate)"
     }
    },
    "museum_id": "dali-theatre-and-museum",
    "qid": "Q137457"
   }
  },
  {
   "type": "Feature",
   "geometry": {
    "type": "Point",
    "coordinates": [
     4.47334,
     51.91421
    ]
   },
   "properties": {
    "painter": "Salvador Dalí",
    "title": "Shirley Temple, The Youngest, Most Sacred Monster of the Cinema in Her Time",
    "year": "1939",
    "city": "Rotterdam",
    "country": "Netherlands",
    "location": "Museum Boijmans Van Beuningen",
    "kind": "museum",
    "attribution": "generally accepted",
    "status": "present",
    "medium": "Cardboard, gouache paint, pastel",
    "dimensions": "75 × 100 cm",
    "genre": "portrait",
    "wikipedia_es": "https://es.wikipedia.org/wiki/Shirley_Temple,_el_monstruo_sagrado_m%C3%A1s_joven_del_cine_de_su_%C3%A9poca",
    "wikipedia_en": "https://en.wikipedia.org/wiki/Shirley_Temple,_The_Youngest,_Most_Sacred_Monster_of_the_Cinema_in_Her_Time",
    "wikipedia_it": "https://it.wikipedia.org/wiki/Shirley_Temple,_il_pi%C3%B9_giovane_mostro_sacro_del_cinema",
    "wikidata": "https://www.wikidata.org/wiki/Q1400994",
    "_source": {
     "source": "Wikidata",
     "url": "https://www.wikidata.org/wiki/Q1400994",
     "retrieved_at": "2026-08-23"
    },
    "_overrides": {
     "creation": {
      "at": "2026-08-23",
      "source": "derived from start date + Caravaggio's documented itinerary (approximate)"
     }
    },
    "museum_id": "museum-boijmans-van-beuningen",
    "qid": "Q1400994"
   }
  },
  {
   "type": "Feature",
   "geometry": {
    "type": "Point",
    "coordinates": [
     2.32701,
     48.87738
    ]
   },
   "properties": {
    "painter": "Salvador Dalí",
    "title": "Tuna Fishing",
    "year": "1966",
    "country": "France",
    "location": "Fondation d'entreprise Ricard",
    "kind": "museum",
    "attribution": "generally accepted",
    "status": "present",
    "medium": "Oil on canvas",
    "dimensions": "304 × 404 cm",
    "wikipedia_en": "https://en.wikipedia.org/wiki/Tuna_Fishing_(painting)",
    "wikipedia_it": "https://it.wikipedia.org/wiki/La_pesca_del_tonno",
    "wikidata": "https://www.wikidata.org/wiki/Q1445581",
    "_source": {
     "source": "Wikidata",
     "url": "https://www.wikidata.org/wiki/Q1445581",
     "retrieved_at": "2026-08-23"
    },
    "_overrides": {
     "creation": {
      "at": "2026-08-23",
      "source": "derived from start date + Caravaggio's documented itinerary (approximate)"
     }
    },
    "museum_id": "fondation-d-entreprise-ricard",
    "qid": "Q1445581"
   }
  },
  {
   "type": "Feature",
   "geometry": {
    "type": "Point",
    "coordinates": [
     -72.67309,
     41.76371
    ]
   },
   "properties": {
    "painter": "Salvador Dalí",
    "title": "Apparition of Face and Fruit Dish on a Beach",
    "year": "1938",
    "city": "Hartford",
    "country": "United States",
    "location": "Wadsworth Atheneum Museum of Art",
    "kind": "museum",
    "attribution": "generally accepted",
    "status": "present",
    "medium": "Oil on canvas",
    "dimensions": "114.5 × 148.8 cm",
    "wikipedia_en": "https://en.wikipedia.org/wiki/Apparition_of_Face_and_Fruit_Dish_on_a_Beach",
    "wikipedia_it": "https://it.wikipedia.org/wiki/Apparizione_del_volto_e_del_piatto_di_frutta_sulla_spiaggia",
    "wikidata": "https://www.wikidata.org/wiki/Q1446552",
    "_source": {
     "source": "Wikidata",
     "url": "https://www.wikidata.org/wiki/Q1446552",
     "retrieved_at": "2026-08-23"
    },
    "_overrides": {
     "creation": {
      "at": "2026-08-23",
      "source": "derived from start date + Caravaggio's documented itinerary (approximate)"
     }
    },
    "museum_id": "wadsworth-atheneum-museum-of-art",
    "qid": "Q1446552"
   }
  },
  {
   "type": "Feature",
   "geometry": {
    "type": "Point",
    "coordinates": [
     -82.6315,
     27.766
    ]
   },
   "properties": {
    "painter": "Salvador Dalí",
    "title": "The Basket of Bread",
    "year": "1926",
    "city": "St. Petersburg",
    "country": "United States",
    "location": "Salvador Dalí Museum",
    "kind": "museum",
    "attribution": "generally accepted",
    "status": "present",
    "dimensions": "31.5 × 31.5 cm",
    "genre": "still life",
    "wikipedia_es": "https://es.wikipedia.org/wiki/La_cesta_de_pan_(1926)",
    "wikipedia_en": "https://en.wikipedia.org/wiki/The_Basket_of_Bread",
    "wikipedia_it": "https://it.wikipedia.org/wiki/Cestino_di_pane",
    "wikidata": "https://www.wikidata.org/wiki/Q153517",
    "_source": {
     "source": "Wikidata",
     "url": "https://www.wikidata.org/wiki/Q153517",
     "retrieved_at": "2026-08-23"
    },
    "_overrides": {
     "creation": {
      "at": "2026-08-23",
      "source": "derived from start date + Caravaggio's documented itinerary (approximate)"
     }
    },
    "museum_id": "salvador-dali-museum",
    "qid": "Q153517"
   }
  },
  {
   "type": "Feature",
   "geometry": {
    "type": "Point",
    "coordinates": [
     -3.694,
     40.40857
    ]
   },
   "properties": {
    "painter": "Salvador Dalí",
    "title": "Young Woman at a Window",
    "year": "1925",
    "city": "Madrid",
    "country": "Spain",
    "location": "Museo Nacional Centro de Arte Reina Sofía",
    "kind": "museum",
    "attribution": "generally accepted",
    "status": "present",
    "medium": "Oil paint, papier-mâché",
    "dimensions": "105 × 74.5 cm",
    "genre": "portrait, realism",
    "wikipedia_es": "https://es.wikipedia.org/wiki/Muchacha_en_la_ventana",
    "wikipedia_en": "https://en.wikipedia.org/wiki/Young_Woman_at_a_Window",
    "wikipedia_it": "https://it.wikipedia.org/wiki/Ragazza_alla_finestra_(Dal%C3%AC)",
    "wikidata": "https://www.wikidata.org/wiki/Q153552",
    "_source": {
     "source": "Wikidata",
     "url": "https://www.wikidata.org/wiki/Q153552",
     "retrieved_at": "2026-08-23"
    },
    "_overrides": {
     "creation": {
      "at": "2026-08-23",
      "source": "derived from start date + Caravaggio's documented itinerary (approximate)"
     }
    },
    "museum_id": "museo-nacional-centro-de-arte-reina-sofia",
    "qid": "Q153552"
   }
  },
  {
   "type": "Feature",
   "geometry": {
    "type": "Point",
    "coordinates": [
     6.77593,
     51.2285
    ]
   },
   "properties": {
    "painter": "Salvador Dalí",
    "title": "City of drawers",
    "year": "1936",
    "city": "Düsseldorf",
    "country": "Germany",
    "location": "K20",
    "kind": "museum",
    "attribution": "attributed",
    "status": "present",
    "medium": "Oil on panel",
    "dimensions": "25.3 × 43.9 cm",
    "wikidata": "https://www.wikidata.org/wiki/Q15815889",
    "_source": {
     "source": "Wikidata",
     "url": "https://www.wikidata.org/wiki/Q15815889",
     "retrieved_at": "2026-08-23"
    },
    "_overrides": {
     "creation": {
      "at": "2026-08-23",
      "source": "derived from start date + Caravaggio's documented itinerary (approximate)"
     }
    },
    "museum_id": "k20",
    "qid": "Q15815889"
   }
  },
  {
   "type": "Feature",
   "geometry": {
    "type": "Point",
    "coordinates": [
     2.95944,
     42.26806
    ]
   },
   "properties": {
    "painter": "Salvador Dalí",
    "title": "Fifty Abstract Paintings Which as Seen from Two Yards Change into Three Lenins Masquerading as Chinese and as Seen from Six Yards Appear as the Head of a Royal Bengal Tiger",
    "year": "1963",
    "city": "Figueres",
    "country": "Spain",
    "location": "Dalí Theatre and Museum",
    "kind": "museum",
    "attribution": "attributed",
    "status": "present",
    "wikidata": "https://www.wikidata.org/wiki/Q16038447",
    "_source": {
     "source": "Wikidata",
     "url": "https://www.wikidata.org/wiki/Q16038447",
     "retrieved_at": "2026-08-23"
    },
    "_overrides": {
     "creation": {
      "at": "2026-08-23",
      "source": "derived from start date + Caravaggio's documented itinerary (approximate)"
     }
    },
    "museum_id": "dali-theatre-and-museum",
    "qid": "Q16038447"
   }
  },
  {
   "type": "Feature",
   "geometry": {
    "type": "Point",
    "coordinates": [
     2.95944,
     42.26806
    ]
   },
   "properties": {
    "painter": "Salvador Dalí",
    "title": "The Phantom Cart",
    "year": "1933",
    "city": "Figueres",
    "country": "Spain",
    "location": "Dalí Theatre and Museum",
    "kind": "museum",
    "attribution": "attributed",
    "status": "present",
    "dimensions": "19 × 24.1 cm",
    "wikidata": "https://www.wikidata.org/wiki/Q16187645",
    "_source": {
     "source": "Wikidata",
     "url": "https://www.wikidata.org/wiki/Q16187645",
     "retrieved_at": "2026-08-23"
    },
    "_overrides": {
     "creation": {
      "at": "2026-08-23",
      "source": "derived from start date + Caravaggio's documented itinerary (approximate)"
     }
    },
    "museum_id": "dali-theatre-and-museum",
    "qid": "Q16187645"
   }
  },
  {
   "type": "Feature",
   "geometry": {
    "type": "Point",
    "coordinates": [
     -73.95889,
     40.78306
    ]
   },
   "properties": {
    "painter": "Salvador Dalí",
    "title": "Birth of liquid desires",
    "year": "1931",
    "city": "Manhattan",
    "country": "United States",
    "location": "Solomon R. Guggenheim Museum",
    "kind": "museum",
    "attribution": "generally accepted",
    "status": "present",
    "medium": "Oil on canvas",
    "dimensions": "96.1 × 112.3 cm",
    "wikipedia_it": "https://it.wikipedia.org/wiki/La_nascita_dei_desideri_liquidi",
    "wikidata": "https://www.wikidata.org/wiki/Q16570590",
    "_source": {
     "source": "Wikidata",
     "url": "https://www.wikidata.org/wiki/Q16570590",
     "retrieved_at": "2026-08-23"
    },
    "_overrides": {
     "creation": {
      "at": "2026-08-23",
      "source": "derived from start date + Caravaggio's documented itinerary (approximate)"
     }
    },
    "museum_id": "solomon-r-guggenheim-museum",
    "qid": "Q16570590"
   }
  },
  {
   "type": "Feature",
   "geometry": {
    "type": "Point",
    "coordinates": [
     9.18688,
     48.78023
    ]
   },
   "properties": {
    "painter": "Salvador Dalí",
    "title": "The Sublime Moment",
    "year": "1938",
    "city": "Stuttgart",
    "country": "Germany",
    "location": "Staatsgalerie Stuttgart",
    "kind": "museum",
    "attribution": "attributed",
    "status": "present",
    "medium": "Oil on canvas",
    "dimensions": "38 × 47 cm",
    "genre": "still life",
    "wikidata": "https://www.wikidata.org/wiki/Q16634935",
    "_source": {
     "source": "Wikidata",
     "url": "https://www.wikidata.org/wiki/Q16634935",
     "retrieved_at": "2026-08-23"
    },
    "_overrides": {
     "creation": {
      "at": "2026-08-23",
      "source": "derived from start date + Caravaggio's documented itinerary (approximate)"
     }
    },
    "museum_id": "staatsgalerie-stuttgart",
    "qid": "Q16634935"
   }
  },
  {
   "type": "Feature",
   "geometry": {
    "type": "Point",
    "coordinates": [
     -0.09944,
     51.50778
    ]
   },
   "properties": {
    "painter": "Salvador Dalí",
    "title": "Autumnal Cannibalism",
    "year": "1936",
    "city": "London Borough of Southwark",
    "country": "United Kingdom",
    "location": "Tate Modern",
    "kind": "museum",
    "attribution": "attributed",
    "status": "present",
    "medium": "Oil on canvas",
    "dimensions": "65.1 × 65.1 cm",
    "genre": "landscape painting",
    "wikidata": "https://www.wikidata.org/wiki/Q167082",
    "_source": {
     "source": "Wikidata",
     "url": "https://www.wikidata.org/wiki/Q167082",
     "retrieved_at": "2026-08-23"
    },
    "_overrides": {
     "creation": {
      "at": "2026-08-23",
      "source": "derived from start date + Caravaggio's documented itinerary (approximate)"
     }
    },
    "museum_id": "tate-modern",
    "qid": "Q167082"
   }
  },
  {
   "type": "Feature",
   "geometry": {
    "type": "Point",
    "coordinates": [
     -119.703,
     34.4228
    ]
   },
   "properties": {
    "painter": "Salvador Dalí",
    "title": "Honey is Sweeter than Blood",
    "year": "1941",
    "city": "Santa Barbara County",
    "country": "United States",
    "location": "Santa Barbara Museum of Art",
    "kind": "museum",
    "attribution": "attributed",
    "status": "present",
    "medium": "Oil on canvas",
    "dimensions": "49.5 × 60 cm",
    "genre": "nude",
    "wikidata": "https://www.wikidata.org/wiki/Q167209",
    "_source": {
     "source": "Wikidata",
     "url": "https://www.wikidata.org/wiki/Q167209",
     "retrieved_at": "2026-08-23"
    },
    "_overrides": {
     "creation": {
      "at": "2026-08-23",
      "source": "derived from start date + Caravaggio's documented itinerary (approximate)"
     }
    },
    "museum_id": "santa-barbara-museum-of-art",
    "qid": "Q167209"
   }
  },
  {
   "type": "Feature",
   "geometry": {
    "type": "Point",
    "coordinates": [
     -3.694,
     40.40857
    ]
   },
   "properties": {
    "painter": "Salvador Dalí",
    "title": "The Great Masturbator",
    "year": "1929",
    "city": "Madrid",
    "country": "Spain",
    "location": "Museo Nacional Centro de Arte Reina Sofía",
    "kind": "museum",
    "attribution": "generally accepted",
    "status": "present",
    "medium": "Oil on canvas",
    "dimensions": "110 × 150 cm",
    "image": "https://commons.wikimedia.org/wiki/Special:FilePath/El%20gran%20masturbador.jpg?width=420",
    "wikipedia_es": "https://es.wikipedia.org/wiki/El_gran_masturbador",
    "wikipedia_en": "https://en.wikipedia.org/wiki/The_Great_Masturbator",
    "wikipedia_it": "https://it.wikipedia.org/wiki/Il_grande_masturbatore",
    "wikidata": "https://www.wikidata.org/wiki/Q167536",
    "_source": {
     "source": "Wikidata",
     "url": "https://www.wikidata.org/wiki/Q167536",
     "retrieved_at": "2026-08-23"
    },
    "_overrides": {
     "creation": {
      "at": "2026-08-23",
      "source": "derived from start date + Caravaggio's documented itinerary (approximate)"
     }
    },
    "museum_id": "museo-nacional-centro-de-arte-reina-sofia",
    "qid": "Q167536"
   }
  },
  {
   "type": "Feature",
   "geometry": {
    "type": "Point",
    "coordinates": [
     -3.69493,
     40.41604
    ]
   },
   "properties": {
    "painter": "Salvador Dalí",
    "title": "Dream Caused by the Flight of a Bee Around a Pomegranate a Second Before Awakening",
    "year": "1944",
    "city": "Madrid",
    "country": "Spain",
    "location": "Thyssen-Bornemisza Museum",
    "kind": "museum",
    "attribution": "generally accepted",
    "status": "present",
    "dimensions": "51 × 40.5 cm",
    "genre": "surrealism",
    "wikipedia_es": "https://es.wikipedia.org/wiki/Sue%C3%B1o_causado_por_el_vuelo_de_una_abeja_alrededor_de_una_granada_un_segundo_antes_de_despertar",
    "wikipedia_en": "https://en.wikipedia.org/wiki/Dream_Caused_by_the_Flight_of_a_Bee_Around_a_Pomegranate_a_Second_Before_Awakening",
    "wikipedia_it": "https://it.wikipedia.org/wiki/Sogno_causato_dal_volo_di_un%27ape_intorno_a_una_melagrana_un_attimo_prima_del_risveglio",
    "wikidata": "https://www.wikidata.org/wiki/Q172354",
    "_source": {
     "source": "Wikidata",
     "url": "https://www.wikidata.org/wiki/Q172354",
     "retrieved_at": "2026-08-23"
    },
    "_overrides": {
     "creation": {
      "at": "2026-08-23",
      "source": "derived from start date + Caravaggio's documented itinerary (approximate)"
     }
    },
    "museum_id": "thyssen-bornemisza-museum",
    "qid": "Q172354"
   }
  },
  {
   "type": "Feature",
   "geometry": {
    "type": "Point",
    "coordinates": [
     2.2162,
     41.53562
    ]
   },
   "properties": {
    "painter": "Salvador Dalí",
    "title": "Landscape of Cap de Creus",
    "year": "1918",
    "city": "Mollet del Vallès",
    "country": "Spain",
    "location": "Abelló Museum",
    "kind": "museum",
    "attribution": "attributed",
    "status": "present",
    "wikidata": "https://www.wikidata.org/wiki/Q19301383",
    "_source": {
     "source": "Wikidata",
     "url": "https://www.wikidata.org/wiki/Q19301383",
     "retrieved_at": "2026-08-23"
    },
    "_overrides": {
     "creation": {
      "at": "2026-08-23",
      "source": "derived from start date + Caravaggio's documented itinerary (approximate)"
     }
    },
    "museum_id": "abello-museum",
    "qid": "Q19301383"
   }
  },
  {
   "type": "Feature",
   "geometry": {
    "type": "Point",
    "coordinates": [
     11.5723,
     48.14716
    ]
   },
   "properties": {
    "painter": "Salvador Dalí",
    "title": "The Enigma of Desire",
    "year": "1929",
    "city": "Maxvorstadt",
    "country": "Germany",
    "location": "Pinakothek der Moderne",
    "kind": "museum",
    "attribution": "generally accepted",
    "status": "present",
    "medium": "Oil on canvas",
    "dimensions": "110.5 × 150.5 cm",
    "wikipedia_es": "https://es.wikipedia.org/wiki/El_enigma_del_deseo",
    "wikidata": "https://www.wikidata.org/wiki/Q196001",
    "_source": {
     "source": "Wikidata",
     "url": "https://www.wikidata.org/wiki/Q196001",
     "retrieved_at": "2026-08-23"
    },
    "_overrides": {
     "creation": {
      "at": "2026-08-23",
      "source": "derived from start date + Caravaggio's documented itinerary (approximate)"
     }
    },
    "museum_id": "pinakothek-der-moderne",
    "qid": "Q196001"
   }
  },
  {
   "type": "Feature",
   "geometry": {
    "type": "Point",
    "coordinates": [
     2.15331,
     41.36833
    ]
   },
   "properties": {
    "painter": "Salvador Dalí",
    "title": "Portrait of My Father",
    "year": "1925",
    "city": "Sants-Montjuïc",
    "country": "Spain",
    "location": "Museu Nacional d'Art de Catalunya",
    "kind": "museum",
    "attribution": "generally accepted",
    "status": "present",
    "medium": "Oil on canvas",
    "dimensions": "100 × 100 cm",
    "genre": "portrait",
    "wikipedia_es": "https://es.wikipedia.org/wiki/Retrato_de_mi_padre",
    "wikipedia_en": "https://en.wikipedia.org/wiki/Portrait_of_My_Father",
    "wikipedia_it": "https://it.wikipedia.org/wiki/Ritratto_di_mio_padre_(Dal%C3%AD_1925)",
    "wikidata": "https://www.wikidata.org/wiki/Q198622",
    "_source": {
     "source": "Wikidata",
     "url": "https://www.wikidata.org/wiki/Q198622",
     "retrieved_at": "2026-08-23"
    },
    "_overrides": {
     "creation": {
      "at": "2026-08-23",
      "source": "derived from start date + Caravaggio's documented itinerary (approximate)"
     }
    },
    "museum_id": "museu-nacional-d-art-de-catalunya",
    "qid": "Q198622"
   }
  },
  {
   "type": "Feature",
   "geometry": {
    "type": "Point",
    "coordinates": [
     -73.9775,
     40.7617
    ]
   },
   "properties": {
    "painter": "Salvador Dalí",
    "title": "Portrait of Gala",
    "year": "1935",
    "city": "New York",
    "country": "United States",
    "location": "Museum of Modern Art",
    "kind": "museum",
    "attribution": "attributed",
    "status": "present",
    "medium": "Oil on panel",
    "dimensions": "32.4 × 26.7 cm",
    "genre": "portrait",
    "wikidata": "https://www.wikidata.org/wiki/Q19884276",
    "_source": {
     "source": "Wikidata",
     "url": "https://www.wikidata.org/wiki/Q19884276",
     "retrieved_at": "2026-08-23"
    },
    "_overrides": {
     "creation": {
      "at": "2026-08-23",
      "source": "derived from start date + Caravaggio's documented itinerary (approximate)"
     }
    },
    "museum_id": "museum-of-modern-art",
    "qid": "Q19884276"
   }
  },
  {
   "type": "Feature",
   "geometry": {
    "type": "Point",
    "coordinates": [
     -73.9631,
     40.7794
    ]
   },
   "properties": {
    "painter": "Salvador Dalí",
    "title": "The Accommodations of Desire",
    "year": "1929",
    "city": "New York",
    "country": "United States",
    "location": "Metropolitan Museum of Art",
    "kind": "museum",
    "attribution": "generally accepted",
    "status": "present",
    "dimensions": "22.2 × 34.9 cm",
    "wikipedia_en": "https://en.wikipedia.org/wiki/The_Accommodations_of_Desire",
    "wikidata": "https://www.wikidata.org/wiki/Q19922659",
    "_source": {
     "source": "Wikidata",
     "url": "https://www.wikidata.org/wiki/Q19922659",
     "retrieved_at": "2026-08-23"
    },
    "_overrides": {
     "creation": {
      "at": "2026-08-23",
      "source": "derived from start date + Caravaggio's documented itinerary (approximate)"
     }
    },
    "museum_id": "metropolitan-museum-of-art",
    "qid": "Q19922659"
   }
  },
  {
   "type": "Feature",
   "geometry": {
    "type": "Point",
    "coordinates": [
     4.47334,
     51.91421
    ]
   },
   "properties": {
    "painter": "Salvador Dalí",
    "title": "Spain",
    "year": "1938",
    "city": "Rotterdam",
    "country": "Netherlands",
    "location": "Museum Boijmans Van Beuningen",
    "kind": "museum",
    "attribution": "attributed",
    "status": "present",
    "medium": "Oil on canvas",
    "dimensions": "91.8 × 60.2 cm",
    "wikidata": "https://www.wikidata.org/wiki/Q19925404",
    "_source": {
     "source": "Wikidata",
     "url": "https://www.wikidata.org/wiki/Q19925404",
     "retrieved_at": "2026-08-23"
    },
    "_overrides": {
     "creation": {
      "at": "2026-08-23",
      "source": "derived from start date + Caravaggio's documented itinerary (approximate)"
     }
    },
    "museum_id": "museum-boijmans-van-beuningen",
    "qid": "Q19925404"
   }
  },
  {
   "type": "Feature",
   "geometry": {
    "type": "Point",
    "coordinates": [
     4.47334,
     51.91421
    ]
   },
   "properties": {
    "painter": "Salvador Dalí",
    "title": "A Couple with their Heads full of Clouds",
    "year": "1936",
    "city": "Rotterdam",
    "country": "Netherlands",
    "location": "Museum Boijmans Van Beuningen",
    "kind": "museum",
    "attribution": "generally accepted",
    "status": "present",
    "medium": "Oil paint, plywood",
    "genre": "landscape painting",
    "wikipedia_en": "https://en.wikipedia.org/wiki/Couple_with_Their_Heads_Full_of_Clouds",
    "wikidata": "https://www.wikidata.org/wiki/Q19925896",
    "_source": {
     "source": "Wikidata",
     "url": "https://www.wikidata.org/wiki/Q19925896",
     "retrieved_at": "2026-08-23"
    },
    "_overrides": {
     "creation": {
      "at": "2026-08-23",
      "source": "derived from start date + Caravaggio's documented itinerary (approximate)"
     }
    },
    "museum_id": "museum-boijmans-van-beuningen",
    "qid": "Q19925896"
   }
  },
  {
   "type": "Feature",
   "geometry": {
    "type": "Point",
    "coordinates": [
     4.47334,
     51.91421
    ]
   },
   "properties": {
    "painter": "Salvador Dalí",
    "title": "Impressions of Africa",
    "year": "1938",
    "city": "Rotterdam",
    "country": "Netherlands",
    "location": "Museum Boijmans Van Beuningen",
    "kind": "museum",
    "attribution": "attributed",
    "status": "present",
    "medium": "Oil on canvas",
    "dimensions": "91.5 × 117.5 cm",
    "genre": "self-portrait",
    "wikidata": "https://www.wikidata.org/wiki/Q19928601",
    "_source": {
     "source": "Wikidata",
     "url": "https://www.wikidata.org/wiki/Q19928601",
     "retrieved_at": "2026-08-23"
    },
    "_overrides": {
     "creation": {
      "at": "2026-08-23",
      "source": "derived from start date + Caravaggio's documented itinerary (approximate)"
     }
    },
    "museum_id": "museum-boijmans-van-beuningen",
    "qid": "Q19928601"
   }
  },
  {
   "type": "Feature",
   "geometry": {
    "type": "Point",
    "coordinates": [
     2.95944,
     42.26806
    ]
   },
   "properties": {
    "painter": "Salvador Dalí",
    "title": "The Image Disappears",
    "year": "1938",
    "city": "Figueres",
    "country": "Spain",
    "location": "Dalí Theatre and Museum",
    "kind": "museum",
    "attribution": "attributed",
    "status": "present",
    "medium": "Oil on canvas",
    "dimensions": "56.5 × 50.5 cm",
    "wikidata": "https://www.wikidata.org/wiki/Q20067213",
    "_source": {
     "source": "Wikidata",
     "url": "https://www.wikidata.org/wiki/Q20067213",
     "retrieved_at": "2026-08-23"
    },
    "_overrides": {
     "creation": {
      "at": "2026-08-23",
      "source": "derived from start date + Caravaggio's documented itinerary (approximate)"
     }
    },
    "museum_id": "dali-theatre-and-museum",
    "qid": "Q20067213"
   }
  },
  {
   "type": "Feature",
   "geometry": {
    "type": "Point",
    "coordinates": [
     -87.62389,
     41.87944
    ]
   },
   "properties": {
    "painter": "Salvador Dalí",
    "title": "A Chemist Lifting with Extreme Precaution the Cuticle of a Grand Piano",
    "year": "1936",
    "city": "Chicago",
    "country": "United States",
    "location": "Art Institute of Chicago",
    "kind": "museum",
    "attribution": "generally accepted",
    "status": "present",
    "medium": "Oil on canvas",
    "dimensions": "48.3 × 64.1 cm",
    "wikipedia_en": "https://en.wikipedia.org/wiki/A_Chemist_Lifting_with_Extreme_Precaution_the_Cuticle_of_a_Grand_Piano",
    "wikidata": "https://www.wikidata.org/wiki/Q20266337",
    "_source": {
     "source": "Wikidata",
     "url": "https://www.wikidata.org/wiki/Q20266337",
     "retrieved_at": "2026-08-23"
    },
    "_overrides": {
     "creation": {
      "at": "2026-08-23",
      "source": "derived from start date + Caravaggio's documented itinerary (approximate)"
     }
    },
    "museum_id": "art-institute-of-chicago",
    "qid": "Q20266337"
   }
  },
  {
   "type": "Feature",
   "geometry": {
    "type": "Point",
    "coordinates": [
     -82.6315,
     27.766
    ]
   },
   "properties": {
    "painter": "Salvador Dalí",
    "title": "The Ghost of Vermeer of Delft Which Can Be Used As a Table",
    "year": "1934",
    "city": "St. Petersburg",
    "country": "United States",
    "location": "Salvador Dalí Museum",
    "kind": "museum",
    "attribution": "generally accepted",
    "status": "present",
    "medium": "Oil on panel",
    "dimensions": "18.1 × 14.0 cm",
    "wikipedia_en": "https://en.wikipedia.org/wiki/The_Ghost_of_Vermeer_of_Delft_Which_Can_Be_Used_as_a_Table",
    "wikidata": "https://www.wikidata.org/wiki/Q2067674",
    "_source": {
     "source": "Wikidata",
     "url": "https://www.wikidata.org/wiki/Q2067674",
     "retrieved_at": "2026-08-23"
    },
    "_overrides": {
     "creation": {
      "at": "2026-08-23",
      "source": "derived from start date + Caravaggio's documented itinerary (approximate)"
     }
    },
    "museum_id": "salvador-dali-museum",
    "qid": "Q2067674"
   }
  },
  {
   "type": "Feature",
   "geometry": {
    "type": "Point",
    "coordinates": [
     -3.694,
     40.40857
    ]
   },
   "properties": {
    "painter": "Salvador Dalí",
    "title": "Portrait of Luis Buñuel",
    "year": "1924",
    "city": "Madrid",
    "country": "Spain",
    "location": "Museo Nacional Centro de Arte Reina Sofía",
    "kind": "museum",
    "attribution": "generally accepted",
    "status": "present",
    "medium": "Oil on canvas",
    "dimensions": "70 × 60 cm",
    "genre": "portrait",
    "image": "https://commons.wikimedia.org/wiki/Special:FilePath/Madrid%20%2849191190833%29.jpg?width=420",
    "wikipedia_it": "https://it.wikipedia.org/wiki/Ritratto_di_Luis_Bu%C3%B1uel",
    "wikidata": "https://www.wikidata.org/wiki/Q211293",
    "_source": {
     "source": "Wikidata",
     "url": "https://www.wikidata.org/wiki/Q211293",
     "retrieved_at": "2026-08-23"
    },
    "_overrides": {
     "creation": {
      "at": "2026-08-23",
      "source": "derived from start date + Caravaggio's documented itinerary (approximate)"
     }
    },
    "museum_id": "museo-nacional-centro-de-arte-reina-sofia",
    "qid": "Q211293"
   }
  },
  {
   "type": "Feature",
   "geometry": {
    "type": "Point",
    "coordinates": [
     -82.6315,
     27.766
    ]
   },
   "properties": {
    "painter": "Salvador Dalí",
    "title": "The Hallucinogenic Toreador",
    "year": "1970",
    "city": "St. Petersburg",
    "country": "United States",
    "location": "Salvador Dalí Museum",
    "kind": "museum",
    "attribution": "generally accepted",
    "status": "present",
    "medium": "Oil on canvas",
    "dimensions": "398 × 299 cm",
    "wikipedia_en": "https://en.wikipedia.org/wiki/The_Hallucinogenic_Toreador",
    "wikipedia_it": "https://it.wikipedia.org/wiki/Il_torero_allucinogeno",
    "wikidata": "https://www.wikidata.org/wiki/Q2136474",
    "_source": {
     "source": "Wikidata",
     "url": "https://www.wikidata.org/wiki/Q2136474",
     "retrieved_at": "2026-08-23"
    },
    "_overrides": {
     "creation": {
      "at": "2026-08-23",
      "source": "derived from start date + Caravaggio's documented itinerary (approximate)"
     }
    },
    "museum_id": "salvador-dali-museum",
    "qid": "Q2136474"
   }
  },
  {
   "type": "Feature",
   "geometry": {
    "type": "Point",
    "coordinates": [
     2.95944,
     42.26806
    ]
   },
   "properties": {
    "painter": "Salvador Dalí",
    "title": "Napoleon's Nose, Transformed into a Pregnant Woman, Strolling His Shadow with Melancholia amongst Original Ruins",
    "year": "1945",
    "city": "Figueres",
    "country": "Spain",
    "location": "Dalí Theatre and Museum",
    "kind": "museum",
    "attribution": "attributed",
    "status": "present",
    "medium": "Oil on canvas",
    "dimensions": "51 × 65.5 cm",
    "wikidata": "https://www.wikidata.org/wiki/Q21402400",
    "_source": {
     "source": "Wikidata",
     "url": "https://www.wikidata.org/wiki/Q21402400",
     "retrieved_at": "2026-08-23"
    },
    "_overrides": {
     "creation": {
      "at": "2026-08-23",
      "source": "derived from start date + Caravaggio's documented itinerary (approximate)"
     }
    },
    "museum_id": "dali-theatre-and-museum",
    "qid": "Q21402400"
   }
  },
  {
   "type": "Feature",
   "geometry": {
    "type": "Point",
    "coordinates": [
     4.961,
     52.69807
    ]
   },
   "properties": {
    "painter": "Salvador Dalí",
    "title": "Adolescence",
    "year": "1941",
    "city": "Opmeer",
    "country": "Netherlands",
    "location": "Scheringa Museum of Realist Art",
    "kind": "museum",
    "attribution": "attributed",
    "status": "present",
    "medium": "Gouache paint",
    "wikidata": "https://www.wikidata.org/wiki/Q2417154",
    "_source": {
     "source": "Wikidata",
     "url": "https://www.wikidata.org/wiki/Q2417154",
     "retrieved_at": "2026-08-23"
    },
    "_overrides": {
     "creation": {
      "at": "2026-08-23",
      "source": "derived from start date + Caravaggio's documented itinerary (approximate)"
     }
    },
    "museum_id": "scheringa-museum-of-realist-art",
    "qid": "Q2417154"
   }
  },
  {
   "type": "Feature",
   "geometry": {
    "type": "Point",
    "coordinates": [
     -82.6315,
     27.766
    ]
   },
   "properties": {
    "painter": "Salvador Dalí",
    "title": "The Disintegration of the Persistence of Memory",
    "year": "1953",
    "city": "St. Petersburg",
    "country": "United States",
    "location": "Salvador Dalí Museum",
    "kind": "museum",
    "attribution": "generally accepted",
    "status": "present",
    "medium": "Oil on canvas",
    "dimensions": "24 × 33 cm",
    "wikipedia_en": "https://en.wikipedia.org/wiki/The_Disintegration_of_the_Persistence_of_Memory",
    "wikipedia_it": "https://it.wikipedia.org/wiki/La_disintegrazione_della_persistenza_della_memoria",
    "wikidata": "https://www.wikidata.org/wiki/Q2461937",
    "_source": {
     "source": "Wikidata",
     "url": "https://www.wikidata.org/wiki/Q2461937",
     "retrieved_at": "2026-08-23"
    },
    "_overrides": {
     "creation": {
      "at": "2026-08-23",
      "source": "derived from start date + Caravaggio's documented itinerary (approximate)"
     }
    },
    "museum_id": "salvador-dali-museum",
    "qid": "Q2461937"
   }
  },
  {
   "type": "Feature",
   "geometry": {
    "type": "Point",
    "coordinates": [
     -0.09944,
     51.50778
    ]
   },
   "properties": {
    "painter": "Salvador Dalí",
    "title": "Metamorphosis of Narcissus",
    "year": "1938",
    "city": "London Borough of Southwark",
    "country": "United Kingdom",
    "location": "Tate Modern",
    "kind": "museum",
    "attribution": "generally accepted",
    "status": "present",
    "medium": "Oil on canvas",
    "dimensions": "78.1 × 51.1 cm",
    "genre": "mythological painting",
    "wikipedia_en": "https://en.wikipedia.org/wiki/Metamorphosis_of_Narcissus",
    "wikipedia_it": "https://it.wikipedia.org/wiki/Metamorfosi_di_Narciso",
    "wikidata": "https://www.wikidata.org/wiki/Q2464824",
    "_source": {
     "source": "Wikidata",
     "url": "https://www.wikidata.org/wiki/Q2464824",
     "retrieved_at": "2026-08-23"
    },
    "_overrides": {
     "creation": {
      "at": "2026-08-23",
      "source": "derived from start date + Caravaggio's documented itinerary (approximate)"
     }
    },
    "museum_id": "tate-modern",
    "qid": "Q2464824"
   }
  },
  {
   "type": "Feature",
   "geometry": {
    "type": "Point",
    "coordinates": [
     -82.6315,
     27.766
    ]
   },
   "properties": {
    "painter": "Salvador Dalí",
    "title": "Landscape Near Figueras",
    "year": "1912",
    "city": "St. Petersburg",
    "country": "United States",
    "location": "Salvador Dalí Museum",
    "kind": "museum",
    "attribution": "generally accepted",
    "status": "present",
    "medium": "Cardboard, oil paint",
    "dimensions": "14 × 9 cm",
    "genre": "landscape painting",
    "wikipedia_es": "https://es.wikipedia.org/wiki/Paisaje_cerca_de_Figueras",
    "wikipedia_en": "https://en.wikipedia.org/wiki/Landscape_Near_Figueras",
    "wikipedia_it": "https://it.wikipedia.org/wiki/Paesaggio_vicino_Figueres",
    "wikidata": "https://www.wikidata.org/wiki/Q2471159",
    "_source": {
     "source": "Wikidata",
     "url": "https://www.wikidata.org/wiki/Q2471159",
     "retrieved_at": "2026-08-23"
    },
    "_overrides": {
     "creation": {
      "at": "2026-08-23",
      "source": "derived from start date + Caravaggio's documented itinerary (approximate)"
     }
    },
    "museum_id": "salvador-dali-museum",
    "qid": "Q2471159"
   }
  },
  {
   "type": "Feature",
   "geometry": {
    "type": "Point",
    "coordinates": [
     -82.6315,
     27.766
    ]
   },
   "properties": {
    "painter": "Salvador Dalí",
    "title": "Living Still Life",
    "year": "1956",
    "city": "St. Petersburg",
    "country": "United States",
    "location": "Salvador Dalí Museum",
    "kind": "museum",
    "attribution": "generally accepted",
    "status": "present",
    "medium": "Oil on canvas",
    "dimensions": "125 × 160 cm",
    "genre": "surrealism",
    "wikipedia_en": "https://en.wikipedia.org/wiki/Living_Still_Life",
    "wikidata": "https://www.wikidata.org/wiki/Q2508181",
    "_source": {
     "source": "Wikidata",
     "url": "https://www.wikidata.org/wiki/Q2508181",
     "retrieved_at": "2026-08-23"
    },
    "_overrides": {
     "creation": {
      "at": "2026-08-23",
      "source": "derived from start date + Caravaggio's documented itinerary (approximate)"
     }
    },
    "museum_id": "salvador-dali-museum",
    "qid": "Q2508181"
   }
  },
  {
   "type": "Feature",
   "geometry": {
    "type": "Point",
    "coordinates": [
     -82.6315,
     27.766
    ]
   },
   "properties": {
    "painter": "Salvador Dalí",
    "title": "Slave Market with the Disappearing Bust of Voltaire",
    "year": "1940",
    "city": "St. Petersburg",
    "country": "United States",
    "location": "Salvador Dalí Museum",
    "kind": "museum",
    "attribution": "generally accepted",
    "status": "present",
    "medium": "Oil on canvas",
    "dimensions": "46.2 × 65.2 cm",
    "wikipedia_es": "https://es.wikipedia.org/wiki/Mercado_de_esclavos_(con_aparici%C3%B3n_del_busto_invisible_de_Voltaire)",
    "wikipedia_en": "https://en.wikipedia.org/wiki/Slave_Market_with_the_Disappearing_Bust_of_Voltaire",
    "wikidata": "https://www.wikidata.org/wiki/Q2509326",
    "_source": {
     "source": "Wikidata",
     "url": "https://www.wikidata.org/wiki/Q2509326",
     "retrieved_at": "2026-08-23"
    },
    "_overrides": {
     "creation": {
      "at": "2026-08-23",
      "source": "derived from start date + Caravaggio's documented itinerary (approximate)"
     }
    },
    "museum_id": "salvador-dali-museum",
    "qid": "Q2509326"
   }
  },
  {
   "type": "Feature",
   "geometry": {
    "type": "Point",
    "coordinates": [
     -73.9775,
     40.7617
    ]
   },
   "properties": {
    "painter": "Salvador Dalí",
    "title": "The Persistence of Memory",
    "year": "1931",
    "city": "New York",
    "country": "United States",
    "location": "Museum of Modern Art",
    "kind": "museum",
    "attribution": "generally accepted",
    "status": "present",
    "medium": "Oil on canvas",
    "dimensions": "9.5 × 13 cm",
    "genre": "landscape painting, still life",
    "wikipedia_es": "https://es.wikipedia.org/wiki/La_persistencia_de_la_memoria",
    "wikipedia_en": "https://en.wikipedia.org/wiki/The_Persistence_of_Memory",
    "wikipedia_it": "https://it.wikipedia.org/wiki/La_persistenza_della_memoria",
    "wikidata": "https://www.wikidata.org/wiki/Q25729",
    "_source": {
     "source": "Wikidata",
     "url": "https://www.wikidata.org/wiki/Q25729",
     "retrieved_at": "2026-08-23"
    },
    "_overrides": {
     "creation": {
      "at": "2026-08-23",
      "source": "derived from start date + Caravaggio's documented itinerary (approximate)"
     }
    },
    "museum_id": "museum-of-modern-art",
    "qid": "Q25729"
   }
  },
  {
   "type": "Feature",
   "geometry": {
    "type": "Point",
    "coordinates": [
     -4.29056,
     55.86861
    ]
   },
   "properties": {
    "painter": "Salvador Dalí",
    "title": "Christ of Saint John of the Cross",
    "year": "1951",
    "city": "Glasgow",
    "country": "United Kingdom",
    "location": "Kelvingrove Art Gallery and Museum",
    "kind": "museum",
    "attribution": "generally accepted",
    "status": "present",
    "medium": "Oil on canvas",
    "dimensions": "205 × 116 cm",
    "genre": "religious art",
    "wikipedia_es": "https://es.wikipedia.org/wiki/Cristo_de_San_Juan_de_la_Cruz",
    "wikipedia_en": "https://en.wikipedia.org/wiki/Christ_of_Saint_John_of_the_Cross",
    "wikipedia_it": "https://it.wikipedia.org/wiki/Cristo_di_San_Giovanni_della_Croce",
    "wikidata": "https://www.wikidata.org/wiki/Q25749",
    "_source": {
     "source": "Wikidata",
     "url": "https://www.wikidata.org/wiki/Q25749",
     "retrieved_at": "2026-08-23"
    },
    "_overrides": {
     "creation": {
      "at": "2026-08-23",
      "source": "derived from start date + Caravaggio's documented itinerary (approximate)"
     }
    },
    "museum_id": "kelvingrove-art-gallery-and-museum",
    "qid": "Q25749"
   }
  },
  {
   "type": "Feature",
   "geometry": {
    "type": "Point",
    "coordinates": [
     -73.9631,
     40.7794
    ]
   },
   "properties": {
    "painter": "Salvador Dalí",
    "title": "Crucifixion",
    "year": "1954",
    "city": "New York",
    "country": "United States",
    "location": "Metropolitan Museum of Art",
    "kind": "museum",
    "attribution": "generally accepted",
    "status": "present",
    "medium": "Oil on canvas",
    "dimensions": "58.4 × 73.7 cm",
    "genre": "religious art",
    "wikipedia_es": "https://es.wikipedia.org/wiki/Crucifixi%C3%B3n_(Dal%C3%AD)",
    "wikipedia_en": "https://en.wikipedia.org/wiki/Crucifixion_(Corpus_Hypercubus)",
    "wikipedia_it": "https://it.wikipedia.org/wiki/Corpus_Hypercubus",
    "wikidata": "https://www.wikidata.org/wiki/Q2583260",
    "_source": {
     "source": "Wikidata",
     "url": "https://www.wikidata.org/wiki/Q2583260",
     "retrieved_at": "2026-08-23"
    },
    "_overrides": {
     "creation": {
      "at": "2026-08-23",
      "source": "derived from start date + Caravaggio's documented itinerary (approximate)"
     }
    },
    "museum_id": "metropolitan-museum-of-art",
    "qid": "Q2583260"
   }
  },
  {
   "type": "Feature",
   "geometry": {
    "type": "Point",
    "coordinates": [
     -87.62389,
     41.87944
    ]
   },
   "properties": {
    "painter": "Salvador Dalí",
    "title": "Face of Mae West Which May Be Used as an Apartment",
    "year": "1935",
    "city": "Chicago",
    "country": "United States",
    "location": "Art Institute of Chicago",
    "kind": "museum",
    "attribution": "generally accepted",
    "status": "present",
    "medium": "Gouache paint, graphite, newsprint",
    "dimensions": "283 × 218 cm",
    "genre": "interior view, portrait",
    "wikipedia_es": "https://es.wikipedia.org/wiki/Retrato_de_Mae_West_que_puede_utilizarse_como_apartamento_surrealista",
    "wikidata": "https://www.wikidata.org/wiki/Q2607649",
    "_source": {
     "source": "Wikidata",
     "url": "https://www.wikidata.org/wiki/Q2607649",
     "retrieved_at": "2026-08-23"
    },
    "_overrides": {
     "creation": {
      "at": "2026-08-23",
      "source": "derived from start date + Caravaggio's documented itinerary (approximate)"
     }
    },
    "museum_id": "art-institute-of-chicago",
    "qid": "Q2607649"
   }
  },
  {
   "type": "Feature",
   "geometry": {
    "type": "Point",
    "coordinates": [
     4.47334,
     51.91421
    ]
   },
   "properties": {
    "painter": "Salvador Dalí",
    "title": "The Face of War",
    "year": "1940",
    "city": "Rotterdam",
    "country": "Netherlands",
    "location": "Museum Boijmans Van Beuningen",
    "kind": "museum",
    "attribution": "generally accepted",
    "status": "present",
    "medium": "Oil on canvas",
    "dimensions": "64 × 79 cm",
    "image": "https://commons.wikimedia.org/wiki/Special:FilePath/Dal%C3%AD%20en%20el%20palacio%20de%20BA%2002.jpg?width=420",
    "wikipedia_en": "https://en.wikipedia.org/wiki/The_Face_of_War",
    "wikipedia_it": "https://it.wikipedia.org/wiki/Il_volto_della_guerra",
    "wikidata": "https://www.wikidata.org/wiki/Q2663568",
    "_source": {
     "source": "Wikidata",
     "url": "https://www.wikidata.org/wiki/Q2663568",
     "retrieved_at": "2026-08-23"
    },
    "_overrides": {
     "creation": {
      "at": "2026-08-23",
      "source": "derived from start date + Caravaggio's documented itinerary (approximate)"
     }
    },
    "museum_id": "museum-boijmans-van-beuningen",
    "qid": "Q2663568"
   }
  },
  {
   "type": "Feature",
   "geometry": {
    "type": "Point",
    "coordinates": [
     -87.92778,
     43.03692
    ]
   },
   "properties": {
    "painter": "Salvador Dalí",
    "title": "The Madonna of Port Lligat",
    "year": "1949",
    "city": "Milwaukee",
    "country": "United States",
    "location": "Patrick and Beatrice Haggerty Museum of Art",
    "kind": "museum",
    "attribution": "generally accepted",
    "status": "present",
    "medium": "Oil on canvas",
    "dimensions": "48.9 × 37 cm",
    "genre": "religious art",
    "wikipedia_es": "https://es.wikipedia.org/wiki/La_Madonna_de_Port_Lligat_(estudio)",
    "wikipedia_en": "https://en.wikipedia.org/wiki/The_Madonna_of_Port_Lligat",
    "wikipedia_it": "https://it.wikipedia.org/wiki/Madonna_di_Port_Lligat_(Dal%C3%AD_Milwaukee)",
    "wikidata": "https://www.wikidata.org/wiki/Q2758680",
    "_source": {
     "source": "Wikidata",
     "url": "https://www.wikidata.org/wiki/Q2758680",
     "retrieved_at": "2026-08-23"
    },
    "_overrides": {
     "creation": {
      "at": "2026-08-23",
      "source": "derived from start date + Caravaggio's documented itinerary (approximate)"
     }
    },
    "museum_id": "patrick-and-beatrice-haggerty-museum-of-art",
    "qid": "Q2758680"
   }
  },
  {
   "type": "Feature",
   "geometry": {
    "type": "Point",
    "coordinates": [
     -3.694,
     40.40857
    ]
   },
   "properties": {
    "painter": "Salvador Dalí",
    "title": "Autorretrato cubista (Cubist Self-Portrait)",
    "year": "1923",
    "city": "Madrid",
    "country": "Spain",
    "location": "Museo Nacional Centro de Arte Reina Sofía",
    "kind": "museum",
    "attribution": "generally accepted",
    "status": "present",
    "dimensions": "104 × 75 cm",
    "genre": "self-portrait",
    "wikipedia_it": "https://it.wikipedia.org/wiki/Autoritratto_cubista",
    "wikidata": "https://www.wikidata.org/wiki/Q27656731",
    "_source": {
     "source": "Wikidata",
     "url": "https://www.wikidata.org/wiki/Q27656731",
     "retrieved_at": "2026-08-23"
    },
    "_overrides": {
     "creation": {
      "at": "2026-08-23",
      "source": "derived from start date + Caravaggio's documented itinerary (approximate)"
     }
    },
    "museum_id": "museo-nacional-centro-de-arte-reina-sofia",
    "qid": "Q27656731"
   }
  },
  {
   "type": "Feature",
   "geometry": {
    "type": "Point",
    "coordinates": [
     -3.694,
     40.40857
    ]
   },
   "properties": {
    "painter": "Salvador Dalí",
    "title": "Endless Enigma",
    "year": "1938",
    "city": "Madrid",
    "country": "Spain",
    "location": "Museo Nacional Centro de Arte Reina Sofía",
    "kind": "museum",
    "attribution": "attributed",
    "status": "present",
    "medium": "Oil on canvas",
    "dimensions": "114.5 × 146.5 cm",
    "genre": "landscape painting, still life",
    "wikidata": "https://www.wikidata.org/wiki/Q27656778",
    "_source": {
     "source": "Wikidata",
     "url": "https://www.wikidata.org/wiki/Q27656778",
     "retrieved_at": "2026-08-23"
    },
    "_overrides": {
     "creation": {
      "at": "2026-08-23",
      "source": "derived from start date + Caravaggio's documented itinerary (approximate)"
     }
    },
    "museum_id": "museo-nacional-centro-de-arte-reina-sofia",
    "qid": "Q27656778"
   }
  },
  {
   "type": "Feature",
   "geometry": {
    "type": "Point",
    "coordinates": [
     -82.6315,
     27.766
    ]
   },
   "properties": {
    "painter": "Salvador Dalí",
    "title": "Portrait of My Dead Brother",
    "year": "1963",
    "city": "St. Petersburg",
    "country": "United States",
    "location": "Salvador Dalí Museum",
    "kind": "museum",
    "attribution": "generally accepted",
    "status": "present",
    "medium": "Oil on canvas",
    "dimensions": "175.3 × 175.3 cm",
    "genre": "portrait",
    "wikipedia_es": "https://es.wikipedia.org/wiki/El_retrato_de_mi_hermano_muerto",
    "wikidata": "https://www.wikidata.org/wiki/Q2790658",
    "_source": {
     "source": "Wikidata",
     "url": "https://www.wikidata.org/wiki/Q2790658",
     "retrieved_at": "2026-08-23"
    },
    "_overrides": {
     "creation": {
      "at": "2026-08-23",
      "source": "derived from start date + Caravaggio's documented itinerary (approximate)"
     }
    },
    "museum_id": "salvador-dali-museum",
    "qid": "Q2790658"
   }
  },
  {
   "type": "Feature",
   "geometry": {
    "type": "Point",
    "coordinates": [
     -82.6315,
     27.766
    ]
   },
   "properties": {
    "painter": "Salvador Dalí",
    "title": "Enchanted Beach with Three Fluid Graces",
    "year": "1938",
    "city": "St. Petersburg",
    "country": "United States",
    "location": "Salvador Dalí Museum",
    "kind": "museum",
    "attribution": "attributed",
    "status": "present",
    "medium": "Oil on canvas",
    "dimensions": "65 × 81.3 cm",
    "wikidata": "https://www.wikidata.org/wiki/Q2916066",
    "_source": {
     "source": "Wikidata",
     "url": "https://www.wikidata.org/wiki/Q2916066",
     "retrieved_at": "2026-08-23"
    },
    "_overrides": {
     "creation": {
      "at": "2026-08-23",
      "source": "derived from start date + Caravaggio's documented itinerary (approximate)"
     }
    },
    "museum_id": "salvador-dali-museum",
    "qid": "Q2916066"
   }
  },
  {
   "type": "Feature",
   "geometry": {
    "type": "Point",
    "coordinates": [
     -82.6315,
     27.766
    ]
   },
   "properties": {
    "painter": "Salvador Dalí",
    "title": "The First Days of Spring",
    "year": "1929",
    "city": "St. Petersburg",
    "country": "United States",
    "location": "Salvador Dalí Museum",
    "kind": "museum",
    "attribution": "generally accepted",
    "status": "present",
    "medium": "Mixed media, oil paint",
    "dimensions": "49.5 × 64 cm",
    "genre": "surrealism",
    "wikipedia_en": "https://en.wikipedia.org/wiki/The_First_Days_of_Spring",
    "wikidata": "https://www.wikidata.org/wiki/Q2920341",
    "_source": {
     "source": "Wikidata",
     "url": "https://www.wikidata.org/wiki/Q2920341",
     "retrieved_at": "2026-08-23"
    },
    "_overrides": {
     "creation": {
      "at": "2026-08-23",
      "source": "derived from start date + Caravaggio's documented itinerary (approximate)"
     }
    },
    "museum_id": "salvador-dali-museum",
    "qid": "Q2920341"
   }
  },
  {
   "type": "Feature",
   "geometry": {
    "type": "Point",
    "coordinates": [
     -3.694,
     40.40857
    ]
   },
   "properties": {
    "painter": "Salvador Dalí",
    "title": "Little Cinders",
    "year": "1927",
    "city": "Madrid",
    "country": "Spain",
    "location": "Museo Nacional Centro de Arte Reina Sofía",
    "kind": "museum",
    "attribution": "attributed",
    "status": "present",
    "medium": "Oil paint, plywood",
    "dimensions": "64 × 48 cm",
    "wikidata": "https://www.wikidata.org/wiki/Q2944231",
    "_source": {
     "source": "Wikidata",
     "url": "https://www.wikidata.org/wiki/Q2944231",
     "retrieved_at": "2026-08-23"
    },
    "_overrides": {
     "creation": {
      "at": "2026-08-23",
      "source": "derived from start date + Caravaggio's documented itinerary (approximate)"
     }
    },
    "museum_id": "museo-nacional-centro-de-arte-reina-sofia",
    "qid": "Q2944231"
   }
  },
  {
   "type": "Feature",
   "geometry": {
    "type": "Point",
    "coordinates": [
     -77.02,
     38.8914
    ]
   },
   "properties": {
    "painter": "Salvador Dalí",
    "title": "The Sacrament of the Last Supper",
    "year": "1955",
    "city": "Washington",
    "country": "United States",
    "location": "National Gallery of Art",
    "kind": "museum",
    "attribution": "generally accepted",
    "status": "present",
    "medium": "Oil on canvas",
    "dimensions": "166.7 × 267 cm",
    "genre": "religious art",
    "wikipedia_es": "https://es.wikipedia.org/wiki/La_%C3%9Altima_Cena_(Dal%C3%AD)",
    "wikipedia_en": "https://en.wikipedia.org/wiki/The_Sacrament_of_the_Last_Supper",
    "wikipedia_it": "https://it.wikipedia.org/wiki/Ultima_Cena_(Dal%C3%AD)",
    "wikidata": "https://www.wikidata.org/wiki/Q30521",
    "_source": {
     "source": "Wikidata",
     "url": "https://www.wikidata.org/wiki/Q30521",
     "retrieved_at": "2026-08-23"
    },
    "_overrides": {
     "creation": {
      "at": "2026-08-23",
      "source": "derived from start date + Caravaggio's documented itinerary (approximate)"
     }
    },
    "museum_id": "national-gallery-of-art",
    "qid": "Q30521"
   }
  },
  {
   "type": "Feature",
   "geometry": {
    "type": "Point",
    "coordinates": [
     -82.6315,
     27.766
    ]
   },
   "properties": {
    "painter": "Salvador Dalí",
    "title": "Geopoliticus Child Watching the Birth of the New Man",
    "year": "1943",
    "city": "St. Petersburg",
    "country": "United States",
    "location": "Salvador Dalí Museum",
    "kind": "museum",
    "attribution": "generally accepted",
    "status": "present",
    "medium": "Oil paint",
    "dimensions": "44.5 × 52 cm",
    "wikipedia_es": "https://es.wikipedia.org/wiki/Ni%C3%B1o_geopol%C3%ADtico_observando_el_nacimiento_del_hombre_nuevo",
    "wikipedia_en": "https://en.wikipedia.org/wiki/Geopoliticus_Child_Watching_the_Birth_of_the_New_Man",
    "wikipedia_it": "https://it.wikipedia.org/wiki/Bambino_geopolitico_osservante_la_nascita_dell%27uomo_nuovo",
    "wikidata": "https://www.wikidata.org/wiki/Q3054146",
    "_source": {
     "source": "Wikidata",
     "url": "https://www.wikidata.org/wiki/Q3054146",
     "retrieved_at": "2026-08-23"
    },
    "_overrides": {
     "creation": {
      "at": "2026-08-23",
      "source": "derived from start date + Caravaggio's documented itinerary (approximate)"
     }
    },
    "museum_id": "salvador-dali-museum",
    "qid": "Q3054146"
   }
  },
  {
   "type": "Feature",
   "geometry": {
    "type": "Point",
    "coordinates": [
     -82.6315,
     27.766
    ]
   },
   "properties": {
    "painter": "Salvador Dalí",
    "title": "Galacidalacidesoxyribonucleicacid",
    "year": "1963",
    "city": "St. Petersburg",
    "country": "United States",
    "location": "Salvador Dalí Museum",
    "kind": "museum",
    "attribution": "generally accepted",
    "status": "present",
    "medium": "Oil on canvas",
    "dimensions": "305 × 410 cm",
    "wikipedia_en": "https://en.wikipedia.org/wiki/Galacidalacidesoxyribonucleicacid",
    "wikidata": "https://www.wikidata.org/wiki/Q3094469",
    "_source": {
     "source": "Wikidata",
     "url": "https://www.wikidata.org/wiki/Q3094469",
     "retrieved_at": "2026-08-23"
    },
    "_overrides": {
     "creation": {
      "at": "2026-08-23",
      "source": "derived from start date + Caravaggio's documented itinerary (approximate)"
     }
    },
    "museum_id": "salvador-dali-museum",
    "qid": "Q3094469"
   }
  },
  {
   "type": "Feature",
   "geometry": {
    "type": "Point",
    "coordinates": [
     6.96028,
     50.94083
    ]
   },
   "properties": {
    "painter": "Salvador Dalí",
    "title": "The station of Perpignan",
    "year": "1965",
    "city": "Altstadt-Nord",
    "country": "Germany",
    "location": "Museum Ludwig",
    "kind": "museum",
    "attribution": "generally accepted",
    "status": "present",
    "medium": "Oil on canvas",
    "dimensions": "295 × 406 cm",
    "wikipedia_en": "https://en.wikipedia.org/wiki/La_Gare_de_Perpignan",
    "wikidata": "https://www.wikidata.org/wiki/Q3209358",
    "_source": {
     "source": "Wikidata",
     "url": "https://www.wikidata.org/wiki/Q3209358",
     "retrieved_at": "2026-08-23"
    },
    "_overrides": {
     "creation": {
      "at": "2026-08-23",
      "source": "derived from start date + Caravaggio's documented itinerary (approximate)"
     }
    },
    "museum_id": "museum-ludwig",
    "qid": "Q3209358"
   }
  },
  {
   "type": "Feature",
   "geometry": {
    "type": "Point",
    "coordinates": [
     2.95944,
     42.26806
    ]
   },
   "properties": {
    "painter": "Salvador Dalí",
    "title": "The Path of the Enigma",
    "year": "1981",
    "city": "Figueres",
    "country": "Spain",
    "location": "Dalí Theatre and Museum",
    "kind": "museum",
    "attribution": "attributed",
    "status": "present",
    "medium": "Oil on canvas",
    "dimensions": "140 × 94 cm",
    "wikidata": "https://www.wikidata.org/wiki/Q3221144",
    "_source": {
     "source": "Wikidata",
     "url": "https://www.wikidata.org/wiki/Q3221144",
     "retrieved_at": "2026-08-23"
    },
    "_overrides": {
     "creation": {
      "at": "2026-08-23",
      "source": "derived from start date + Caravaggio's documented itinerary (approximate)"
     }
    },
    "museum_id": "dali-theatre-and-museum",
    "qid": "Q3221144"
   }
  },
  {
   "type": "Feature",
   "geometry": {
    "type": "Point",
    "coordinates": [
     -3.694,
     40.40857
    ]
   },
   "properties": {
    "painter": "Salvador Dalí",
    "title": "The Invisible Man",
    "year": "1932",
    "city": "Madrid",
    "country": "Spain",
    "location": "Museo Nacional Centro de Arte Reina Sofía",
    "kind": "museum",
    "attribution": "generally accepted",
    "status": "present",
    "medium": "Oil on canvas",
    "dimensions": "140 × 81 cm",
    "genre": "allegory",
    "wikipedia_es": "https://es.wikipedia.org/wiki/El_hombre_invisible_(cuadro)",
    "wikipedia_en": "https://en.wikipedia.org/wiki/The_Invisible_Man_(painting)",
    "wikidata": "https://www.wikidata.org/wiki/Q335051",
    "_source": {
     "source": "Wikidata",
     "url": "https://www.wikidata.org/wiki/Q335051",
     "retrieved_at": "2026-08-23"
    },
    "_overrides": {
     "creation": {
      "at": "2026-08-23",
      "source": "derived from start date + Caravaggio's documented itinerary (approximate)"
     }
    },
    "museum_id": "museo-nacional-centro-de-arte-reina-sofia",
    "qid": "Q335051"
   }
  },
  {
   "type": "Feature",
   "geometry": {
    "type": "Point",
    "coordinates": [
     -82.6315,
     27.766
    ]
   },
   "properties": {
    "painter": "Salvador Dalí",
    "title": "The Discovery of America by Christopher Columbus",
    "year": "1958",
    "city": "St. Petersburg",
    "country": "United States",
    "location": "Salvador Dalí Museum",
    "kind": "museum",
    "attribution": "generally accepted",
    "status": "present",
    "medium": "Oil on canvas",
    "dimensions": "410 × 284 cm",
    "wikipedia_en": "https://en.wikipedia.org/wiki/The_Discovery_of_America_by_Christopher_Columbus",
    "wikidata": "https://www.wikidata.org/wiki/Q335403",
    "_source": {
     "source": "Wikidata",
     "url": "https://www.wikidata.org/wiki/Q335403",
     "retrieved_at": "2026-08-23"
    },
    "_overrides": {
     "creation": {
      "at": "2026-08-23",
      "source": "derived from start date + Caravaggio's documented itinerary (approximate)"
     }
    },
    "museum_id": "salvador-dali-museum",
    "qid": "Q335403"
   }
  },
  {
   "type": "Feature",
   "geometry": {
    "type": "Point",
    "coordinates": [
     4.47334,
     51.91421
    ]
   },
   "properties": {
    "painter": "Salvador Dalí",
    "title": "Le grand paranoïaque",
    "year": "1936",
    "city": "Rotterdam",
    "country": "Netherlands",
    "location": "Museum Boijmans Van Beuningen",
    "kind": "museum",
    "attribution": "generally accepted",
    "status": "present",
    "medium": "Oil on panel",
    "dimensions": "66.5 × 66.7 cm",
    "wikipedia_es": "https://es.wikipedia.org/wiki/El_gran_paranoico",
    "wikidata": "https://www.wikidata.org/wiki/Q335774",
    "_source": {
     "source": "Wikidata",
     "url": "https://www.wikidata.org/wiki/Q335774",
     "retrieved_at": "2026-08-23"
    },
    "_overrides": {
     "creation": {
      "at": "2026-08-23",
      "source": "derived from start date + Caravaggio's documented itinerary (approximate)"
     }
    },
    "museum_id": "museum-boijmans-van-beuningen",
    "qid": "Q335774"
   }
  },
  {
   "type": "Feature",
   "geometry": {
    "type": "Point",
    "coordinates": [
     4.47334,
     51.91421
    ]
   },
   "properties": {
    "painter": "Salvador Dalí",
    "title": "Sun Table",
    "year": "1935",
    "city": "Rotterdam",
    "country": "Netherlands",
    "location": "Museum Boijmans Van Beuningen",
    "kind": "museum",
    "attribution": "attributed",
    "status": "present",
    "medium": "Oil on panel",
    "dimensions": "60 × 46 cm",
    "wikidata": "https://www.wikidata.org/wiki/Q3513416",
    "_source": {
     "source": "Wikidata",
     "url": "https://www.wikidata.org/wiki/Q3513416",
     "retrieved_at": "2026-08-23"
    },
    "_overrides": {
     "creation": {
      "at": "2026-08-23",
      "source": "derived from start date + Caravaggio's documented itinerary (approximate)"
     }
    },
    "museum_id": "museum-boijmans-van-beuningen",
    "qid": "Q3513416"
   }
  },
  {
   "type": "Feature",
   "geometry": {
    "type": "Point",
    "coordinates": [
     -3.19556,
     55.95083
    ]
   },
   "properties": {
    "painter": "Salvador Dalí",
    "title": "Tête Raphaélesque éclatée (Exploding Raphaelesque Head)",
    "year": "1951",
    "city": "Edinburgh",
    "country": "United Kingdom",
    "location": "Scottish National Gallery",
    "kind": "museum",
    "attribution": "attributed",
    "status": "present",
    "medium": "Oil on canvas",
    "dimensions": "43.2 × 33.1 cm",
    "wikidata": "https://www.wikidata.org/wiki/Q3546916",
    "_source": {
     "source": "Wikidata",
     "url": "https://www.wikidata.org/wiki/Q3546916",
     "retrieved_at": "2026-08-23"
    },
    "_overrides": {
     "creation": {
      "at": "2026-08-23",
      "source": "derived from start date + Caravaggio's documented itinerary (approximate)"
     }
    },
    "museum_id": "scottish-national-gallery",
    "qid": "Q3546916"
   }
  },
  {
   "type": "Feature",
   "geometry": {
    "type": "Point",
    "coordinates": [
     -82.6315,
     27.766
    ]
   },
   "properties": {
    "painter": "Salvador Dalí",
    "title": "Hitler Masturbating",
    "year": "1973",
    "city": "St. Petersburg",
    "country": "United States",
    "location": "Salvador Dalí Museum",
    "kind": "museum",
    "attribution": "generally accepted",
    "status": "present",
    "medium": "Paper",
    "dimensions": "6.5 × 8.5 cm",
    "genre": "paranoiac-critical method",
    "wikipedia_en": "https://en.wikipedia.org/wiki/Hitler_Masturbating",
    "wikidata": "https://www.wikidata.org/wiki/Q36030104",
    "_source": {
     "source": "Wikidata",
     "url": "https://www.wikidata.org/wiki/Q36030104",
     "retrieved_at": "2026-08-23"
    },
    "_overrides": {
     "creation": {
      "at": "2026-08-23",
      "source": "derived from start date + Caravaggio's documented itinerary (approximate)"
     }
    },
    "museum_id": "salvador-dali-museum",
    "qid": "Q36030104"
   }
  },
  {
   "type": "Feature",
   "geometry": {
    "type": "Point",
    "coordinates": [
     2.95944,
     42.26806
    ]
   },
   "properties": {
    "painter": "Salvador Dalí",
    "title": "Bathers of Es Llaner",
    "year": "1923",
    "city": "Figueres",
    "country": "Spain",
    "location": "Dalí Theatre and Museum",
    "kind": "museum",
    "attribution": "generally accepted",
    "status": "present",
    "medium": "Cardboard, oil paint",
    "dimensions": "72 × 103 cm",
    "wikipedia_it": "https://it.wikipedia.org/wiki/Bagnanti_della_costa_Brava",
    "wikidata": "https://www.wikidata.org/wiki/Q3632886",
    "_source": {
     "source": "Wikidata",
     "url": "https://www.wikidata.org/wiki/Q3632886",
     "retrieved_at": "2026-08-23"
    },
    "_overrides": {
     "creation": {
      "at": "2026-08-23",
      "source": "derived from start date + Caravaggio's documented itinerary (approximate)"
     }
    },
    "museum_id": "dali-theatre-and-museum",
    "qid": "Q3632886"
   }
  },
  {
   "type": "Feature",
   "geometry": {
    "type": "Point",
    "coordinates": [
     -82.6315,
     27.766
    ]
   },
   "properties": {
    "painter": "Salvador Dalí",
    "title": "Femme Couchée",
    "year": "1926",
    "city": "St. Petersburg",
    "country": "United States",
    "location": "Salvador Dalí Museum",
    "kind": "museum",
    "attribution": "generally accepted",
    "status": "present",
    "medium": "Oil on panel",
    "dimensions": "27 × 41 cm",
    "wikipedia_it": "https://it.wikipedia.org/wiki/Donna_sdraiata",
    "wikidata": "https://www.wikidata.org/wiki/Q3713952",
    "_source": {
     "source": "Wikidata",
     "url": "https://www.wikidata.org/wiki/Q3713952",
     "retrieved_at": "2026-08-23"
    },
    "_overrides": {
     "creation": {
      "at": "2026-08-23",
      "source": "derived from start date + Caravaggio's documented itinerary (approximate)"
     }
    },
    "museum_id": "salvador-dali-museum",
    "qid": "Q3713952"
   }
  },
  {
   "type": "Feature",
   "geometry": {
    "type": "Point",
    "coordinates": [
     -82.6315,
     27.766
    ]
   },
   "properties": {
    "painter": "Salvador Dalí",
    "title": "The Sick Child",
    "year": "1921",
    "city": "St. Petersburg",
    "country": "United States",
    "location": "Salvador Dalí Museum",
    "kind": "museum",
    "attribution": "generally accepted",
    "status": "present",
    "medium": "Cardboard, gouache paint, oil paint",
    "dimensions": "57 × 51 cm",
    "genre": "portrait",
    "wikipedia_it": "https://it.wikipedia.org/wiki/Il_bambino_malato",
    "wikidata": "https://www.wikidata.org/wiki/Q3793059",
    "_source": {
     "source": "Wikidata",
     "url": "https://www.wikidata.org/wiki/Q3793059",
     "retrieved_at": "2026-08-23"
    },
    "_overrides": {
     "creation": {
      "at": "2026-08-23",
      "source": "derived from start date + Caravaggio's documented itinerary (approximate)"
     }
    },
    "museum_id": "salvador-dali-museum",
    "qid": "Q3793059"
   }
  },
  {
   "type": "Feature",
   "geometry": {
    "type": "Point",
    "coordinates": [
     -3.694,
     40.40857
    ]
   },
   "properties": {
    "painter": "Salvador Dalí",
    "title": "Orcio",
    "year": "1922",
    "city": "Madrid",
    "country": "Spain",
    "location": "Museo Nacional Centro de Arte Reina Sofía",
    "kind": "museum",
    "attribution": "generally accepted",
    "status": "present",
    "dimensions": "53 × 41.5 cm",
    "genre": "still life",
    "wikipedia_it": "https://it.wikipedia.org/wiki/Orcio_(Dal%C3%AD)",
    "wikidata": "https://www.wikidata.org/wiki/Q3885045",
    "_source": {
     "source": "Wikidata",
     "url": "https://www.wikidata.org/wiki/Q3885045",
     "retrieved_at": "2026-08-23"
    },
    "_overrides": {
     "creation": {
      "at": "2026-08-23",
      "source": "derived from start date + Caravaggio's documented itinerary (approximate)"
     }
    },
    "museum_id": "museo-nacional-centro-de-arte-reina-sofia",
    "qid": "Q3885045"
   }
  },
  {
   "type": "Feature",
   "geometry": {
    "type": "Point",
    "coordinates": [
     2.95,
     42.26667
    ]
   },
   "properties": {
    "painter": "Salvador Dalí",
    "title": "Portrait of the Violoncellist Ricardo Pichot",
    "year": "1920",
    "city": "Alt Empordà",
    "country": "Spain",
    "location": "Figueres",
    "kind": "museum",
    "attribution": "generally accepted",
    "status": "present",
    "medium": "Oil on canvas",
    "dimensions": "61.5 × 49 cm",
    "genre": "portrait",
    "wikipedia_it": "https://it.wikipedia.org/wiki/Ritratto_del_violoncellista_Ricardo_Pichot",
    "wikidata": "https://www.wikidata.org/wiki/Q3937437",
    "_source": {
     "source": "Wikidata",
     "url": "https://www.wikidata.org/wiki/Q3937437",
     "retrieved_at": "2026-08-23"
    },
    "_overrides": {
     "creation": {
      "at": "2026-08-23",
      "source": "derived from start date + Caravaggio's documented itinerary (approximate)"
     }
    },
    "museum_id": "figueres",
    "qid": "Q3937437"
   }
  },
  {
   "type": "Feature",
   "geometry": {
    "type": "Point",
    "coordinates": [
     -82.6315,
     27.766
    ]
   },
   "properties": {
    "painter": "Salvador Dalí",
    "title": "Portrait of My Sister",
    "year": "1923",
    "city": "St. Petersburg",
    "country": "United States",
    "location": "Salvador Dalí Museum",
    "kind": "museum",
    "attribution": "generally accepted",
    "status": "present",
    "medium": "Oil on canvas",
    "dimensions": "104 × 75 cm",
    "genre": "portrait",
    "wikipedia_it": "https://it.wikipedia.org/wiki/Ritratto_di_mia_sorella_e_figura_picassiana_contrapposta",
    "wikidata": "https://www.wikidata.org/wiki/Q3937747",
    "_source": {
     "source": "Wikidata",
     "url": "https://www.wikidata.org/wiki/Q3937747",
     "retrieved_at": "2026-08-23"
    },
    "_overrides": {
     "creation": {
      "at": "2026-08-23",
      "source": "derived from start date + Caravaggio's documented itinerary (approximate)"
     }
    },
    "museum_id": "salvador-dali-museum",
    "qid": "Q3937747"
   }
  },
  {
   "type": "Feature",
   "geometry": {
    "type": "Point",
    "coordinates": [
     2.95944,
     42.26806
    ]
   },
   "properties": {
    "painter": "Salvador Dalí",
    "title": "Portrait of My Father",
    "year": "1920",
    "city": "Figueres",
    "country": "Spain",
    "location": "Dalí Theatre and Museum",
    "kind": "museum",
    "attribution": "generally accepted",
    "status": "present",
    "medium": "Oil on canvas",
    "dimensions": "91 × 66.5 cm",
    "genre": "portrait",
    "wikipedia_it": "https://it.wikipedia.org/wiki/Ritratto_di_mio_padre_(Dal%C3%AD_1920)",
    "wikidata": "https://www.wikidata.org/wiki/Q3937749",
    "_source": {
     "source": "Wikidata",
     "url": "https://www.wikidata.org/wiki/Q3937749",
     "retrieved_at": "2026-08-23"
    },
    "_overrides": {
     "creation": {
      "at": "2026-08-23",
      "source": "derived from start date + Caravaggio's documented itinerary (approximate)"
     }
    },
    "museum_id": "dali-theatre-and-museum",
    "qid": "Q3937749"
   }
  },
  {
   "type": "Feature",
   "geometry": {
    "type": "Point",
    "coordinates": [
     2.95,
     42.26667
    ]
   },
   "properties": {
    "painter": "Salvador Dalí",
    "title": "Self Portrait with Raphael’s Neck",
    "year": "1921",
    "city": "Alt Empordà",
    "country": "Spain",
    "location": "Figueres",
    "kind": "museum",
    "attribution": "attributed",
    "status": "present",
    "medium": "Oil on canvas",
    "dimensions": "40.5 × 53 cm",
    "genre": "self-portrait",
    "wikidata": "https://www.wikidata.org/wiki/Q4056411",
    "_source": {
     "source": "Wikidata",
     "url": "https://www.wikidata.org/wiki/Q4056411",
     "retrieved_at": "2026-08-23"
    },
    "_overrides": {
     "creation": {
      "at": "2026-08-23",
      "source": "derived from start date + Caravaggio's documented itinerary (approximate)"
     }
    },
    "museum_id": "figueres",
    "qid": "Q4056411"
   }
  },
  {
   "type": "Feature",
   "geometry": {
    "type": "Point",
    "coordinates": [
     2.35224,
     48.86064
    ]
   },
   "properties": {
    "painter": "Salvador Dalí",
    "title": "Wilhelm Tell",
    "year": "1930",
    "city": "Quartier Saint-Merri",
    "country": "France",
    "location": "Centre Georges Pompidou",
    "kind": "museum",
    "attribution": "attributed",
    "status": "present",
    "medium": "Oil on canvas",
    "dimensions": "113 × 87 cm",
    "wikidata": "https://www.wikidata.org/wiki/Q4111307",
    "_source": {
     "source": "Wikidata",
     "url": "https://www.wikidata.org/wiki/Q4111307",
     "retrieved_at": "2026-08-23"
    },
    "_overrides": {
     "creation": {
      "at": "2026-08-23",
      "source": "derived from start date + Caravaggio's documented itinerary (approximate)"
     }
    },
    "museum_id": "centre-georges-pompidou",
    "qid": "Q4111307"
   }
  },
  {
   "type": "Feature",
   "geometry": {
    "type": "Point",
    "coordinates": [
     -82.6315,
     27.766
    ]
   },
   "properties": {
    "painter": "Salvador Dalí",
    "title": "The Ecumenical Council",
    "year": "1960",
    "city": "St. Petersburg",
    "country": "United States",
    "location": "Salvador Dalí Museum",
    "kind": "museum",
    "attribution": "generally accepted",
    "status": "present",
    "medium": "Oil on canvas",
    "dimensions": "300 × 254 cm",
    "genre": "assemblage, religious art, self-portrait",
    "wikipedia_en": "https://en.wikipedia.org/wiki/The_Ecumenical_Council_(painting)",
    "wikidata": "https://www.wikidata.org/wiki/Q4127333",
    "_source": {
     "source": "Wikidata",
     "url": "https://www.wikidata.org/wiki/Q4127333",
     "retrieved_at": "2026-08-23"
    },
    "_overrides": {
     "creation": {
      "at": "2026-08-23",
      "source": "derived from start date + Caravaggio's documented itinerary (approximate)"
     }
    },
    "museum_id": "salvador-dali-museum",
    "qid": "Q4127333"
   }
  },
  {
   "type": "Feature",
   "geometry": {
    "type": "Point",
    "coordinates": [
     2.95944,
     42.26806
    ]
   },
   "properties": {
    "painter": "Salvador Dalí",
    "title": "Galarina",
    "year": "1945",
    "city": "Figueres",
    "country": "Spain",
    "location": "Dalí Theatre and Museum",
    "kind": "museum",
    "attribution": "attributed",
    "status": "present",
    "medium": "Oil on canvas",
    "dimensions": "64 × 50 cm",
    "wikidata": "https://www.wikidata.org/wiki/Q4132252",
    "_source": {
     "source": "Wikidata",
     "url": "https://www.wikidata.org/wiki/Q4132252",
     "retrieved_at": "2026-08-23"
    },
    "_overrides": {
     "creation": {
      "at": "2026-08-23",
      "source": "derived from start date + Caravaggio's documented itinerary (approximate)"
     }
    },
    "museum_id": "dali-theatre-and-museum",
    "qid": "Q4132252"
   }
  },
  {
   "type": "Feature",
   "geometry": {
    "type": "Point",
    "coordinates": [
     -73.9775,
     40.7617
    ]
   },
   "properties": {
    "painter": "Salvador Dalí",
    "title": "Illumined Pleasures",
    "year": "1929",
    "city": "New York",
    "country": "United States",
    "location": "Museum of Modern Art",
    "kind": "museum",
    "attribution": "generally accepted",
    "status": "present",
    "medium": "Oil on panel",
    "dimensions": "23.8 × 34.7 cm",
    "genre": "landscape painting, still life",
    "wikipedia_es": "https://es.wikipedia.org/wiki/Los_placeres_iluminados",
    "wikidata": "https://www.wikidata.org/wiki/Q4380958",
    "_source": {
     "source": "Wikidata",
     "url": "https://www.wikidata.org/wiki/Q4380958",
     "retrieved_at": "2026-08-23"
    },
    "_overrides": {
     "creation": {
      "at": "2026-08-23",
      "source": "derived from start date + Caravaggio's documented itinerary (approximate)"
     }
    },
    "museum_id": "museum-of-modern-art",
    "qid": "Q4380958"
   }
  },
  {
   "type": "Feature",
   "geometry": {
    "type": "Point",
    "coordinates": [
     7.4434,
     46.9511
    ]
   },
   "properties": {
    "painter": "Salvador Dalí",
    "title": "The Colossus of Rhodes",
    "year": "1954",
    "city": "Bern",
    "country": "Switzerland",
    "location": "Kunstmuseum Bern",
    "kind": "museum",
    "attribution": "generally accepted",
    "status": "present",
    "medium": "Oil on canvas",
    "dimensions": "68.8 × 39 cm",
    "wikipedia_en": "https://en.wikipedia.org/wiki/The_Colossus_of_Rhodes_(Dal%C3%AD)",
    "wikidata": "https://www.wikidata.org/wiki/Q47471081",
    "_source": {
     "source": "Wikidata",
     "url": "https://www.wikidata.org/wiki/Q47471081",
     "retrieved_at": "2026-08-23"
    },
    "_overrides": {
     "creation": {
      "at": "2026-08-23",
      "source": "derived from start date + Caravaggio's documented itinerary (approximate)"
     }
    },
    "museum_id": "kunstmuseum-bern",
    "qid": "Q47471081"
   }
  },
  {
   "type": "Feature",
   "geometry": {
    "type": "Point",
    "coordinates": [
     140.09639,
     37.65361
    ]
   },
   "properties": {
    "painter": "Salvador Dalí",
    "title": "Cabaret Scene",
    "year": "1922",
    "city": "Fukushima",
    "country": "Japan",
    "location": "Morohashi Museum of Modern Art",
    "kind": "museum",
    "attribution": "generally accepted",
    "status": "present",
    "medium": "Oil on canvas",
    "dimensions": "52 × 41 cm",
    "wikipedia_en": "https://en.wikipedia.org/wiki/Cabaret_Scene",
    "wikidata": "https://www.wikidata.org/wiki/Q5015245",
    "_source": {
     "source": "Wikidata",
     "url": "https://www.wikidata.org/wiki/Q5015245",
     "retrieved_at": "2026-08-23"
    },
    "_overrides": {
     "creation": {
      "at": "2026-08-23",
      "source": "derived from start date + Caravaggio's documented itinerary (approximate)"
     }
    },
    "museum_id": "morohashi-museum-of-modern-art",
    "qid": "Q5015245"
   }
  },
  {
   "type": "Feature",
   "geometry": {
    "type": "Point",
    "coordinates": [
     -3.694,
     40.40857
    ]
   },
   "properties": {
    "painter": "Salvador Dalí",
    "title": "The Enigma of Hitler",
    "year": "1939",
    "city": "Madrid",
    "country": "Spain",
    "location": "Museo Nacional Centro de Arte Reina Sofía",
    "kind": "museum",
    "attribution": "generally accepted",
    "status": "present",
    "medium": "Oil on canvas",
    "dimensions": "79.3 × 51.2 cm",
    "wikipedia_en": "https://en.wikipedia.org/wiki/The_Enigma_of_Hitler",
    "wikidata": "https://www.wikidata.org/wiki/Q5912498",
    "_source": {
     "source": "Wikidata",
     "url": "https://www.wikidata.org/wiki/Q5912498",
     "retrieved_at": "2026-08-23"
    },
    "_overrides": {
     "creation": {
      "at": "2026-08-23",
      "source": "derived from start date + Caravaggio's documented itinerary (approximate)"
     }
    },
    "museum_id": "museo-nacional-centro-de-arte-reina-sofia",
    "qid": "Q5912498"
   }
  },
  {
   "type": "Feature",
   "geometry": {
    "type": "Point",
    "coordinates": [
     -81.61167,
     41.50889
    ]
   },
   "properties": {
    "painter": "Salvador Dalí",
    "title": "The Dream",
    "year": "1931",
    "city": "Cleveland",
    "country": "United States",
    "location": "Cleveland Museum of Art",
    "kind": "museum",
    "attribution": "attributed",
    "status": "present",
    "medium": "Oil on canvas",
    "dimensions": "96 × 96 cm",
    "wikidata": "https://www.wikidata.org/wiki/Q60478246",
    "_source": {
     "source": "Wikidata",
     "url": "https://www.wikidata.org/wiki/Q60478246",
     "retrieved_at": "2026-08-23"
    },
    "_overrides": {
     "creation": {
      "at": "2026-08-23",
      "source": "derived from start date + Caravaggio's documented itinerary (approximate)"
     }
    },
    "museum_id": "cleveland-museum-of-art",
    "qid": "Q60478246"
   }
  },
  {
   "type": "Feature",
   "geometry": {
    "type": "Point",
    "coordinates": [
     2.35224,
     48.86064
    ]
   },
   "properties": {
    "painter": "Salvador Dalí",
    "title": "Q60608045",
    "year": "1931",
    "city": "Quartier Saint-Merri",
    "country": "France",
    "location": "Centre Georges Pompidou",
    "kind": "museum",
    "attribution": "attributed",
    "status": "present",
    "medium": "Oil on canvas",
    "dimensions": "114 × 146 cm",
    "wikidata": "https://www.wikidata.org/wiki/Q60608045",
    "_source": {
     "source": "Wikidata",
     "url": "https://www.wikidata.org/wiki/Q60608045",
     "retrieved_at": "2026-08-23"
    },
    "_overrides": {
     "creation": {
      "at": "2026-08-23",
      "source": "derived from start date + Caravaggio's documented itinerary (approximate)"
     }
    },
    "museum_id": "centre-georges-pompidou",
    "qid": "Q60608045"
   }
  },
  {
   "type": "Feature",
   "geometry": {
    "type": "Point",
    "coordinates": [
     2.95944,
     42.26806
    ]
   },
   "properties": {
    "painter": "Salvador Dalí",
    "title": "Basket of Bread",
    "year": "1945",
    "city": "Figueres",
    "country": "Spain",
    "location": "Dalí Theatre and Museum",
    "kind": "museum",
    "attribution": "generally accepted",
    "status": "present",
    "medium": "Oil on panel",
    "dimensions": "33 × 38 cm",
    "genre": "still life",
    "wikipedia_es": "https://es.wikipedia.org/wiki/La_cesta_de_pan_(1945)",
    "wikipedia_en": "https://en.wikipedia.org/wiki/Basket_of_Bread",
    "wikidata": "https://www.wikidata.org/wiki/Q610803",
    "_source": {
     "source": "Wikidata",
     "url": "https://www.wikidata.org/wiki/Q610803",
     "retrieved_at": "2026-08-23"
    },
    "_overrides": {
     "creation": {
      "at": "2026-08-23",
      "source": "derived from start date + Caravaggio's documented itinerary (approximate)"
     }
    },
    "museum_id": "dali-theatre-and-museum",
    "qid": "Q610803"
   }
  },
  {
   "type": "Feature",
   "geometry": {
    "type": "Point",
    "coordinates": [
     -82.6315,
     27.766
    ]
   },
   "properties": {
    "painter": "Salvador Dalí",
    "title": "Apparatus and Hand",
    "year": "1927",
    "city": "St. Petersburg",
    "country": "United States",
    "location": "Salvador Dalí Museum",
    "kind": "museum",
    "attribution": "generally accepted",
    "status": "present",
    "medium": "Oil on panel",
    "dimensions": "62.2 × 47.6 cm",
    "wikipedia_en": "https://en.wikipedia.org/wiki/Apparatus_and_Hand",
    "wikidata": "https://www.wikidata.org/wiki/Q611358",
    "_source": {
     "source": "Wikidata",
     "url": "https://www.wikidata.org/wiki/Q611358",
     "retrieved_at": "2026-08-23"
    },
    "_overrides": {
     "creation": {
      "at": "2026-08-23",
      "source": "derived from start date + Caravaggio's documented itinerary (approximate)"
     }
    },
    "museum_id": "salvador-dali-museum",
    "qid": "Q611358"
   }
  },
  {
   "type": "Feature",
   "geometry": {
    "type": "Point",
    "coordinates": [
     -3.694,
     40.40857
    ]
   },
   "properties": {
    "painter": "Salvador Dalí",
    "title": "Siphon and Small Bottle of Rum",
    "year": "1924",
    "city": "Madrid",
    "country": "Spain",
    "location": "Museo Nacional Centro de Arte Reina Sofía",
    "kind": "museum",
    "attribution": "attributed",
    "status": "present",
    "medium": "Oil on canvas",
    "dimensions": "125 × 99 cm",
    "genre": "still life",
    "wikidata": "https://www.wikidata.org/wiki/Q611609",
    "_source": {
     "source": "Wikidata",
     "url": "https://www.wikidata.org/wiki/Q611609",
     "retrieved_at": "2026-08-23"
    },
    "_overrides": {
     "creation": {
      "at": "2026-08-23",
      "source": "derived from start date + Caravaggio's documented itinerary (approximate)"
     }
    },
    "museum_id": "museo-nacional-centro-de-arte-reina-sofia",
    "qid": "Q611609"
   }
  },
  {
   "type": "Feature",
   "geometry": {
    "type": "Point",
    "coordinates": [
     2.95944,
     42.26806
    ]
   },
   "properties": {
    "painter": "Salvador Dalí",
    "title": "The Swallow's Tail",
    "year": "1983",
    "city": "Figueres",
    "country": "Spain",
    "location": "Dalí Theatre and Museum",
    "kind": "museum",
    "attribution": "generally accepted",
    "status": "present",
    "medium": "Oil on canvas",
    "dimensions": "73 × 92.2 cm",
    "wikipedia_en": "https://en.wikipedia.org/wiki/The_Swallow%27s_Tail",
    "wikipedia_it": "https://it.wikipedia.org/wiki/La_coda_di_rondine",
    "wikidata": "https://www.wikidata.org/wiki/Q611945",
    "_source": {
     "source": "Wikidata",
     "url": "https://www.wikidata.org/wiki/Q611945",
     "retrieved_at": "2026-08-23"
    },
    "_overrides": {
     "creation": {
      "at": "2026-08-23",
      "source": "derived from start date + Caravaggio's documented itinerary (approximate)"
     }
    },
    "museum_id": "dali-theatre-and-museum",
    "qid": "Q611945"
   }
  },
  {
   "type": "Feature",
   "geometry": {
    "type": "Point",
    "coordinates": [
     2.35224,
     48.86064
    ]
   },
   "properties": {
    "painter": "Salvador Dalí",
    "title": "The Spectral Cow",
    "year": "1928",
    "city": "Quartier Saint-Merri",
    "country": "France",
    "location": "Centre Georges Pompidou",
    "kind": "museum",
    "attribution": "attributed",
    "status": "present",
    "medium": "Oil paint, plywood",
    "dimensions": "50 × 64.5 cm",
    "wikidata": "https://www.wikidata.org/wiki/Q61655066",
    "_source": {
     "source": "Wikidata",
     "url": "https://www.wikidata.org/wiki/Q61655066",
     "retrieved_at": "2026-08-23"
    },
    "_overrides": {
     "creation": {
      "at": "2026-08-23",
      "source": "derived from start date + Caravaggio's documented itinerary (approximate)"
     }
    },
    "museum_id": "centre-georges-pompidou",
    "qid": "Q61655066"
   }
  },
  {
   "type": "Feature",
   "geometry": {
    "type": "Point",
    "coordinates": [
     2.35224,
     48.86064
    ]
   },
   "properties": {
    "painter": "Salvador Dalí",
    "title": "The Stinking Ass",
    "year": "1928",
    "city": "Quartier Saint-Merri",
    "country": "France",
    "location": "Centre Georges Pompidou",
    "kind": "museum",
    "attribution": "attributed",
    "status": "present",
    "medium": "Gravel, masonite, oil paint, sand",
    "dimensions": "61 × 50 cm",
    "wikidata": "https://www.wikidata.org/wiki/Q61655217",
    "_source": {
     "source": "Wikidata",
     "url": "https://www.wikidata.org/wiki/Q61655217",
     "retrieved_at": "2026-08-23"
    },
    "_overrides": {
     "creation": {
      "at": "2026-08-23",
      "source": "derived from start date + Caravaggio's documented itinerary (approximate)"
     }
    },
    "museum_id": "centre-georges-pompidou",
    "qid": "Q61655217"
   }
  },
  {
   "type": "Feature",
   "geometry": {
    "type": "Point",
    "coordinates": [
     2.35224,
     48.86064
    ]
   },
   "properties": {
    "painter": "Salvador Dalí",
    "title": "Invisible Sleeping Woman, Horse,  Lion",
    "year": "1930",
    "city": "Quartier Saint-Merri",
    "country": "France",
    "location": "Centre Georges Pompidou",
    "kind": "museum",
    "attribution": "attributed",
    "status": "present",
    "medium": "Oil on canvas",
    "dimensions": "50.2 × 65.2 cm",
    "wikidata": "https://www.wikidata.org/wiki/Q61655383",
    "_source": {
     "source": "Wikidata",
     "url": "https://www.wikidata.org/wiki/Q61655383",
     "retrieved_at": "2026-08-23"
    },
    "_overrides": {
     "creation": {
      "at": "2026-08-23",
      "source": "derived from start date + Caravaggio's documented itinerary (approximate)"
     }
    },
    "museum_id": "centre-georges-pompidou",
    "qid": "Q61655383"
   }
  },
  {
   "type": "Feature",
   "geometry": {
    "type": "Point",
    "coordinates": [
     1.83616,
     41.59287
    ]
   },
   "properties": {
    "painter": "Salvador Dalí",
    "title": "The Sailor. Neo-cubist Academy",
    "year": "1926",
    "city": "Montserrat",
    "country": "Spain",
    "location": "Museum of Montserrat",
    "kind": "museum",
    "attribution": "attributed",
    "status": "present",
    "medium": "Oil on canvas",
    "dimensions": "190 × 200 cm",
    "wikidata": "https://www.wikidata.org/wiki/Q61941685",
    "_source": {
     "source": "Wikidata",
     "url": "https://www.wikidata.org/wiki/Q61941685",
     "retrieved_at": "2026-08-23"
    },
    "_overrides": {
     "creation": {
      "at": "2026-08-23",
      "source": "derived from start date + Caravaggio's documented itinerary (approximate)"
     }
    },
    "museum_id": "museum-of-montserrat",
    "qid": "Q61941685"
   }
  },
  {
   "type": "Feature",
   "geometry": {
    "type": "Point",
    "coordinates": [
     2.95,
     42.26667
    ]
   },
   "properties": {
    "painter": "Salvador Dalí",
    "title": "Study for \"Honey is Sweeter than Blood\"",
    "year": "1926",
    "city": "Alt Empordà",
    "country": "Spain",
    "location": "Figueres",
    "kind": "museum",
    "attribution": "attributed",
    "status": "present",
    "medium": "Oil on panel",
    "dimensions": "37.8 × 42 cm",
    "wikidata": "https://www.wikidata.org/wiki/Q61943952",
    "_source": {
     "source": "Wikidata",
     "url": "https://www.wikidata.org/wiki/Q61943952",
     "retrieved_at": "2026-08-23"
    },
    "_overrides": {
     "creation": {
      "at": "2026-08-23",
      "source": "derived from start date + Caravaggio's documented itinerary (approximate)"
     }
    },
    "museum_id": "figueres",
    "qid": "Q61943952"
   }
  },
  {
   "type": "Feature",
   "geometry": {
    "type": "Point",
    "coordinates": [
     2.95944,
     42.26806
    ]
   },
   "properties": {
    "painter": "Salvador Dalí",
    "title": "The Spectre of Sex-Appeal",
    "year": "1934",
    "city": "Figueres",
    "country": "Spain",
    "location": "Dalí Theatre and Museum",
    "kind": "museum",
    "attribution": "attributed",
    "status": "present",
    "medium": "Oil on panel",
    "dimensions": "17.9 × 13.9 cm",
    "image": "https://commons.wikimedia.org/wiki/Special:FilePath/Salvador%20Dali%20-%20Le%20spectre%20du%20sex-appeal.jpg?width=420",
    "wikidata": "https://www.wikidata.org/wiki/Q61944806",
    "_source": {
     "source": "Wikidata",
     "url": "https://www.wikidata.org/wiki/Q61944806",
     "retrieved_at": "2026-08-23"
    },
    "_overrides": {
     "creation": {
      "at": "2026-08-23",
      "source": "derived from start date + Caravaggio's documented itinerary (approximate)"
     }
    },
    "museum_id": "dali-theatre-and-museum",
    "qid": "Q61944806"
   }
  },
  {
   "type": "Feature",
   "geometry": {
    "type": "Point",
    "coordinates": [
     2.95944,
     42.26806
    ]
   },
   "properties": {
    "painter": "Salvador Dalí",
    "title": "Self portrait with \"L'Humanité\"",
    "year": "1923",
    "city": "Figueres",
    "country": "Spain",
    "location": "Dalí Theatre and Museum",
    "kind": "museum",
    "attribution": "attributed",
    "status": "present",
    "medium": "Cardboard, distemper, oil paint",
    "dimensions": "105 × 75 cm",
    "genre": "self-portrait",
    "wikidata": "https://www.wikidata.org/wiki/Q61957981",
    "_source": {
     "source": "Wikidata",
     "url": "https://www.wikidata.org/wiki/Q61957981",
     "retrieved_at": "2026-08-23"
    },
    "_overrides": {
     "creation": {
      "at": "2026-08-23",
      "source": "derived from start date + Caravaggio's documented itinerary (approximate)"
     }
    },
    "museum_id": "dali-theatre-and-museum",
    "qid": "Q61957981"
   }
  },
  {
   "type": "Feature",
   "geometry": {
    "type": "Point",
    "coordinates": [
     2.95944,
     42.26806
    ]
   },
   "properties": {
    "painter": "Salvador Dalí",
    "title": "Gala Nude Looking at the Sea Which at 18 Metres Appears the President Lincoln",
    "year": "1975",
    "city": "Figueres",
    "country": "Spain",
    "location": "Dalí Theatre and Museum",
    "kind": "museum",
    "attribution": "attributed",
    "status": "present",
    "medium": "Oil paint, plywood",
    "dimensions": "445 × 350 cm",
    "genre": "nude, portrait",
    "wikidata": "https://www.wikidata.org/wiki/Q61959004",
    "_source": {
     "source": "Wikidata",
     "url": "https://www.wikidata.org/wiki/Q61959004",
     "retrieved_at": "2026-08-23"
    },
    "_overrides": {
     "creation": {
      "at": "2026-08-23",
      "source": "derived from start date + Caravaggio's documented itinerary (approximate)"
     }
    },
    "museum_id": "dali-theatre-and-museum",
    "qid": "Q61959004"
   }
  },
  {
   "type": "Feature",
   "geometry": {
    "type": "Point",
    "coordinates": [
     -75.181,
     39.966
    ]
   },
   "properties": {
    "painter": "Salvador Dalí",
    "title": "Soft Construction with Boiled Beans",
    "year": "1936",
    "city": "Philadelphia",
    "country": "United States",
    "location": "Philadelphia Museum of Art",
    "kind": "museum",
    "attribution": "generally accepted",
    "status": "present",
    "medium": "Oil on canvas",
    "dimensions": "100 × 99.9 cm",
    "wikipedia_es": "https://es.wikipedia.org/wiki/Construcci%C3%B3n_blanda_con_jud%C3%ADas_hervidas",
    "wikipedia_en": "https://en.wikipedia.org/wiki/Soft_Construction_with_Boiled_Beans_(Premonition_of_Civil_War)",
    "wikipedia_it": "https://it.wikipedia.org/wiki/Morbida_costruzione_con_fagioli_bolliti:_premonizione_di_guerra_civile",
    "wikidata": "https://www.wikidata.org/wiki/Q63844",
    "_source": {
     "source": "Wikidata",
     "url": "https://www.wikidata.org/wiki/Q63844",
     "retrieved_at": "2026-08-23"
    },
    "_overrides": {
     "creation": {
      "at": "2026-08-23",
      "source": "derived from start date + Caravaggio's documented itinerary (approximate)"
     }
    },
    "museum_id": "philadelphia-museum-of-art",
    "qid": "Q63844"
   }
  },
  {
   "type": "Feature",
   "geometry": {
    "type": "Point",
    "coordinates": [
     2.35222,
     48.85667
    ]
   },
   "properties": {
    "painter": "Salvador Dalí",
    "title": "Young Virgin Auto-Sodomized by the Horns of Her Own Chastity",
    "year": "1954",
    "city": "Grand Paris",
    "country": "France",
    "location": "Paris",
    "kind": "museum",
    "attribution": "generally accepted",
    "status": "present",
    "medium": "Oil on canvas",
    "dimensions": "40 × 30 cm",
    "wikipedia_en": "https://en.wikipedia.org/wiki/Young_Virgin_Auto-Sodomized_by_the_Horns_of_Her_Own_Chastity",
    "wikidata": "https://www.wikidata.org/wiki/Q763485",
    "_source": {
     "source": "Wikidata",
     "url": "https://www.wikidata.org/wiki/Q763485",
     "retrieved_at": "2026-08-23"
    },
    "_overrides": {
     "creation": {
      "at": "2026-08-23",
      "source": "derived from start date + Caravaggio's documented itinerary (approximate)"
     }
    },
    "museum_id": "paris",
    "qid": "Q763485"
   }
  },
  {
   "type": "Feature",
   "geometry": {
    "type": "Point",
    "coordinates": [
     11.5723,
     48.14716
    ]
   },
   "properties": {
    "painter": "Salvador Dalí",
    "title": "The Apotheosis of Homer",
    "year": "1945",
    "city": "Maxvorstadt",
    "country": "Germany",
    "location": "Pinakothek der Moderne",
    "kind": "museum",
    "attribution": "generally accepted",
    "status": "present",
    "medium": "Oil on canvas",
    "dimensions": "63.7 × 116.7 cm",
    "wikipedia_en": "https://en.wikipedia.org/wiki/The_Apotheosis_of_Homer_(Dal%C3%AD)",
    "wikidata": "https://www.wikidata.org/wiki/Q7714000",
    "_source": {
     "source": "Wikidata",
     "url": "https://www.wikidata.org/wiki/Q7714000",
     "retrieved_at": "2026-08-23"
    },
    "_overrides": {
     "creation": {
      "at": "2026-08-23",
      "source": "derived from start date + Caravaggio's documented itinerary (approximate)"
     }
    },
    "museum_id": "pinakothek-der-moderne",
    "qid": "Q7714000"
   }
  },
  {
   "type": "Feature",
   "geometry": {
    "type": "Point",
    "coordinates": [
     -8.40003,
     43.37386
    ]
   },
   "properties": {
    "painter": "Salvador Dalí",
    "title": "The Bleeding Roses",
    "year": "1930",
    "city": "A Coruña Province",
    "country": "Spain",
    "location": "A Coruña",
    "kind": "museum",
    "attribution": "attributed",
    "status": "present",
    "medium": "Oil on canvas",
    "dimensions": "61 × 50 cm",
    "wikidata": "https://www.wikidata.org/wiki/Q85618092",
    "_source": {
     "source": "Wikidata",
     "url": "https://www.wikidata.org/wiki/Q85618092",
     "retrieved_at": "2026-08-23"
    },
    "_overrides": {
     "creation": {
      "at": "2026-08-23",
      "source": "derived from start date + Caravaggio's documented itinerary (approximate)"
     }
    },
    "museum_id": "a-coruna",
    "qid": "Q85618092"
   }
  },
  {
   "type": "Feature",
   "geometry": {
    "type": "Point",
    "coordinates": [
     -3.694,
     40.40857
    ]
   },
   "properties": {
    "painter": "Salvador Dalí",
    "title": "Gran arlequín y pequeña botella de ron",
    "year": "1925",
    "city": "Madrid",
    "country": "Spain",
    "location": "Museo Nacional Centro de Arte Reina Sofía",
    "kind": "museum",
    "attribution": "generally accepted",
    "status": "present",
    "wikipedia_es": "https://es.wikipedia.org/wiki/Gran_arlequ%C3%ADn_y_peque%C3%B1a_botella_de_ron",
    "wikidata": "https://www.wikidata.org/wiki/Q8964918",
    "_source": {
     "source": "Wikidata",
     "url": "https://www.wikidata.org/wiki/Q8964918",
     "retrieved_at": "2026-08-23"
    },
    "_overrides": {
     "creation": {
      "at": "2026-08-23",
      "source": "derived from start date + Caravaggio's documented itinerary (approximate)"
     }
    },
    "museum_id": "museo-nacional-centro-de-arte-reina-sofia",
    "qid": "Q8964918"
   }
  },
  {
   "type": "Feature",
   "geometry": {
    "type": "Point",
    "coordinates": [
     -3.5,
     40.2
    ]
   },
   "properties": {
    "painter": "Salvador Dalí",
    "title": "The Temptation of St. Anthony",
    "year": "1946",
    "country": "Spain",
    "location": "Spain",
    "kind": "museum",
    "attribution": "generally accepted",
    "status": "present",
    "medium": "Oil on canvas",
    "dimensions": "90 × 120 cm",
    "genre": "religious art",
    "wikipedia_es": "https://es.wikipedia.org/wiki/La_tentaci%C3%B3n_de_San_Antonio_(Dal%C3%AD)",
    "wikipedia_en": "https://en.wikipedia.org/wiki/The_Temptation_of_St._Anthony_(Dal%C3%AD)",
    "wikipedia_it": "https://it.wikipedia.org/wiki/La_tentazione_di_Sant%27Antonio_(Dal%C3%AD)",
    "wikidata": "https://www.wikidata.org/wiki/Q94845",
    "_source": {
     "source": "Wikidata",
     "url": "https://www.wikidata.org/wiki/Q94845",
     "retrieved_at": "2026-08-23"
    },
    "_overrides": {
     "creation": {
      "at": "2026-08-23",
      "source": "derived from start date + Caravaggio's documented itinerary (approximate)"
     }
    },
    "museum_id": "spain",
    "qid": "Q94845"
   }
  },
  {
   "type": "Feature",
   "geometry": {
    "type": "Point",
    "coordinates": [
     2.95,
     42.26667
    ]
   },
   "properties": {
    "painter": "Salvador Dalí",
    "title": "Fiesta at the Hermitage",
    "year": "1921",
    "city": "Alt Empordà",
    "country": "Spain",
    "location": "Figueres",
    "kind": "museum",
    "attribution": "attributed",
    "status": "present",
    "medium": "Cardboard, tempera",
    "dimensions": "52 × 75 cm",
    "wikidata": "https://www.wikidata.org/wiki/Q95183414",
    "_source": {
     "source": "Wikidata",
     "url": "https://www.wikidata.org/wiki/Q95183414",
     "retrieved_at": "2026-08-23"
    },
    "_overrides": {
     "creation": {
      "at": "2026-08-23",
      "source": "derived from start date + Caravaggio's documented itinerary (approximate)"
     }
    },
    "museum_id": "figueres",
    "qid": "Q95183414"
   }
  },
  {
   "type": "Feature",
   "geometry": {
    "type": "Point",
    "coordinates": [
     7.00417,
     51.44167
    ]
   },
   "properties": {
    "painter": "Salvador Dalí",
    "title": "Q97163910",
    "year": "1936",
    "city": "Essen",
    "country": "Germany",
    "location": "Museum Folkwang",
    "kind": "museum",
    "attribution": "attributed",
    "status": "present",
    "medium": "Oil paint",
    "dimensions": "30 × 52 cm",
    "wikidata": "https://www.wikidata.org/wiki/Q97163910",
    "_source": {
     "source": "Wikidata",
     "url": "https://www.wikidata.org/wiki/Q97163910",
     "retrieved_at": "2026-08-23"
    },
    "_overrides": {
     "creation": {
      "at": "2026-08-23",
      "source": "derived from start date + Caravaggio's documented itinerary (approximate)"
     }
    },
    "museum_id": "museum-folkwang",
    "qid": "Q97163910"
   }
  }
 ]
}