{
 "type": "FeatureCollection",
 "_note": "Generated by scripts/build.py from Wikidata. Do not edit by hand — put manual fixes in the painter's overlay (data/overlay/*.json). Each feature carries _source (scraped base or manual addition) and, when edited, _overrides.",
 "features": [
  {
   "type": "Feature",
   "geometry": {
    "type": "Point",
    "coordinates": [
     -0.153,
     51.5175
    ]
   },
   "properties": {
    "painter": "Andrea del Sarto",
    "title": "The Virgin and Child with the Infant Baptist",
    "year": "1518",
    "city": "London",
    "country": "United Kingdom",
    "location": "Wallace Collection",
    "kind": "museum",
    "attribution": "attributed",
    "status": "present",
    "medium": "Oil on panel",
    "dimensions": "106.5 × 82.3 cm",
    "genre": "religious art",
    "image": "https://commons.wikimedia.org/wiki/Special:FilePath/Andrea%20del%20Sarto%20%281486-1530%29%20-%20The%20Virgin%20and%20Child%20with%20the%20Infant%20Baptist%20-%20P9%20-%20The%20Wallace%20Collection.jpg?width=420",
    "wikidata": "https://www.wikidata.org/wiki/Q106496947",
    "creation_place": "Florence",
    "creation_lat": 43.7696,
    "creation_lon": 11.2558,
    "_source": {
     "source": "Wikidata",
     "url": "https://www.wikidata.org/wiki/Q106496947",
     "retrieved_at": "2026-08-23"
    },
    "_overrides": {
     "creation": {
      "at": "2026-08-23",
      "source": "derived from start date + Caravaggio's documented itinerary (approximate)"
     }
    },
    "museum_id": "wallace-collection",
    "qid": "Q106496947"
   }
  },
  {
   "type": "Feature",
   "geometry": {
    "type": "Point",
    "coordinates": [
     12.49214,
     41.91421
    ]
   },
   "properties": {
    "painter": "Andrea del Sarto",
    "title": "Madonna and Child with The Infant Saint John the Baptist",
    "year": "1513",
    "city": "Rome",
    "country": "Italy",
    "location": "Galleria Borghese",
    "kind": "museum",
    "attribution": "generally accepted",
    "status": "present",
    "medium": "Oil on panel",
    "dimensions": "80 × 60 cm",
    "genre": "religious art",
    "image": "https://commons.wikimedia.org/wiki/Special:FilePath/Andrea%20del%20Sarto%20-%20Madonna%20col%20Bambino%20e%20san%20Giovannino%20%28cropped%29.jpg?width=420",
    "wikipedia_it": "https://it.wikipedia.org/wiki/Madonna_col_Bambino_e_san_Giovannino_(Andrea_del_Sarto_e_bottega)",
    "wikidata": "https://www.wikidata.org/wiki/Q106522105",
    "creation_place": "Florence",
    "creation_lat": 43.7696,
    "creation_lon": 11.2558,
    "_source": {
     "source": "Wikidata",
     "url": "https://www.wikidata.org/wiki/Q106522105",
     "retrieved_at": "2026-08-23"
    },
    "_overrides": {
     "creation": {
      "at": "2026-08-23",
      "source": "derived from start date + Caravaggio's documented itinerary (approximate)"
     }
    },
    "museum_id": "galleria-borghese",
    "qid": "Q106522105"
   }
  },
  {
   "type": "Feature",
   "geometry": {
    "type": "Point",
    "coordinates": [
     10.395502,
     43.723293
    ]
   },
   "properties": {
    "painter": "Andrea del Sarto",
    "title": "Polyptich of Saint Agnes",
    "city": "Pisa",
    "country": "Italy",
    "location": "Pisa Cathedral",
    "kind": "church",
    "attribution": "generally accepted",
    "status": "present",
    "image": "https://commons.wikimedia.org/wiki/Special:FilePath/Andreadelsarto%20retablesteagnes-pise.jpg?width=420",
    "wikipedia_it": "https://it.wikipedia.org/wiki/Polittico_di_Sant%27Agnese",
    "wikidata": "https://www.wikidata.org/wiki/Q106575251",
    "_source": {
     "source": "Wikidata",
     "url": "https://www.wikidata.org/wiki/Q106575251",
     "retrieved_at": "2026-08-23"
    },
    "museum_id": "pisa-cathedral",
    "qid": "Q106575251"
   }
  },
  {
   "type": "Feature",
   "geometry": {
    "type": "Point",
    "coordinates": [
     13.36472,
     52.50861
    ]
   },
   "properties": {
    "painter": "Andrea del Sarto",
    "title": "Mary enthroned with the child and eight saints",
    "year": "1528",
    "city": "Bezirk Mitte",
    "country": "Germany",
    "location": "Gemäldegalerie Berlin",
    "kind": "museum",
    "attribution": "generally accepted",
    "status": "present",
    "medium": "Paint, poplar panel",
    "genre": "religious art",
    "image": "https://commons.wikimedia.org/wiki/Special:FilePath/Andrea%20del%20Sarto%20%281486%20-%201530%29%20-%20Mary%20enthroned%20with%20the%20child%20and%20eight%20saints%20-%20246%20-%20Gem%C3%A4ldegalerie.jpg?width=420",
    "wikipedia_es": "https://es.wikipedia.org/wiki/Pala_de_Sarzana",
    "wikipedia_it": "https://it.wikipedia.org/wiki/Pala_di_Sarzana",
    "wikidata": "https://www.wikidata.org/wiki/Q106575253",
    "creation_place": "Florence",
    "creation_lat": 43.7696,
    "creation_lon": 11.2558,
    "_source": {
     "source": "Wikidata",
     "url": "https://www.wikidata.org/wiki/Q106575253",
     "retrieved_at": "2026-08-23"
    },
    "_overrides": {
     "creation": {
      "at": "2026-08-23",
      "source": "derived from start date + Caravaggio's documented itinerary (approximate)"
     }
    },
    "museum_id": "gemaldegalerie-berlin",
    "qid": "Q106575253"
   }
  },
  {
   "type": "Feature",
   "geometry": {
    "type": "Point",
    "coordinates": [
     12.49214,
     41.91421
    ]
   },
   "properties": {
    "painter": "Andrea del Sarto",
    "title": "Predella of Lamentation with Four Saints",
    "year": "1550",
    "city": "Rome",
    "country": "Italy",
    "location": "Galleria Borghese",
    "kind": "museum",
    "attribution": "copy or later version",
    "status": "present",
    "genre": "religious art",
    "image": "https://commons.wikimedia.org/wiki/Special:FilePath/Andrea%20del%20sarto%2C%20predella%20con%20la%20piet%C3%A0%20e%20santi%2C%201507-09%20ca.%2001.jpg?width=420",
    "wikipedia_it": "https://it.wikipedia.org/wiki/Piet%C3%A0_e_quattro_santi",
    "wikidata": "https://www.wikidata.org/wiki/Q106575258",
    "_source": {
     "source": "Wikidata",
     "url": "https://www.wikidata.org/wiki/Q106575258",
     "retrieved_at": "2026-08-23"
    },
    "museum_id": "galleria-borghese",
    "qid": "Q106575258",
    "_overrides": {
     "attribution": {
      "at": "2026-08-24",
      "source": "tier-2 cleaning",
      "was": "generally accepted",
      "note": "dated 1550, after death (1486–1530) → later copy / not autograph at this date (Timeline anomaly)"
     }
    }
   }
  },
  {
   "type": "Feature",
   "geometry": {
    "type": "Point",
    "coordinates": [
     11.25286,
     43.7702
    ]
   },
   "properties": {
    "painter": "Andrea del Sarto",
    "title": "Icaro",
    "city": "Florence",
    "country": "Italy",
    "location": "Palazzo Davanzati",
    "kind": "museum",
    "attribution": "generally accepted",
    "status": "present",
    "image": "https://commons.wikimedia.org/wiki/Special:FilePath/Andrea%20del%20sarto%20%28attr.%29%2C%20praparazione%20di%20icaro%2C%201506-1508%20ca.%2C%2001.JPG?width=420",
    "wikipedia_it": "https://it.wikipedia.org/wiki/Icaro_(Palazzo_Davanzati)",
    "wikidata": "https://www.wikidata.org/wiki/Q106611055",
    "_source": {
     "source": "Wikidata",
     "url": "https://www.wikidata.org/wiki/Q106611055",
     "retrieved_at": "2026-08-23"
    },
    "museum_id": "palazzo-davanzati",
    "qid": "Q106611055"
   }
  },
  {
   "type": "Feature",
   "geometry": {
    "type": "Point",
    "coordinates": [
     13.36472,
     52.50861
    ]
   },
   "properties": {
    "painter": "Andrea del Sarto",
    "title": "Portrait of a young woman",
    "city": "Bezirk Mitte",
    "country": "Germany",
    "location": "Gemäldegalerie Berlin",
    "kind": "museum",
    "attribution": "attributed",
    "status": "present",
    "medium": "Paint, poplar panel",
    "genre": "portrait",
    "image": "https://commons.wikimedia.org/wiki/Special:FilePath/Andrea%20del%20Sarto%20-%20Portrait%20d%27une%20jeune%20femme%2C%2004-508107.jpg?width=420",
    "wikidata": "https://www.wikidata.org/wiki/Q107436437",
    "_source": {
     "source": "Wikidata",
     "url": "https://www.wikidata.org/wiki/Q107436437",
     "retrieved_at": "2026-08-23"
    },
    "museum_id": "gemaldegalerie-berlin",
    "qid": "Q107436437"
   }
  },
  {
   "type": "Feature",
   "geometry": {
    "type": "Point",
    "coordinates": [
     13.36472,
     52.50861
    ]
   },
   "properties": {
    "painter": "Andrea del Sarto",
    "title": "Q107441880",
    "city": "Bezirk Mitte",
    "country": "Germany",
    "location": "Gemäldegalerie Berlin",
    "kind": "museum",
    "attribution": "attributed",
    "status": "present",
    "medium": "Paint, poplar panel",
    "genre": "religious art",
    "wikidata": "https://www.wikidata.org/wiki/Q107441880",
    "_source": {
     "source": "Wikidata",
     "url": "https://www.wikidata.org/wiki/Q107441880",
     "retrieved_at": "2026-08-23"
    },
    "museum_id": "gemaldegalerie-berlin",
    "qid": "Q107441880"
   }
  },
  {
   "type": "Feature",
   "geometry": {
    "type": "Point",
    "coordinates": [
     -74.00611,
     40.71278
    ]
   },
   "properties": {
    "painter": "Andrea del Sarto",
    "title": "Portrait of a man, possibly Ottaviano de Medici",
    "year": "1525",
    "city": "New York",
    "country": "United States",
    "location": "New York City",
    "kind": "museum",
    "attribution": "attributed",
    "status": "present",
    "medium": "Oil on canvas",
    "genre": "portrait",
    "image": "https://commons.wikimedia.org/wiki/Special:FilePath/Andrea%20del%20Sarto%20-%20Portrait%20of%20a%20man%2C%20possibly%20Ottaviano%20de%20Medici.jpg?width=420",
    "wikidata": "https://www.wikidata.org/wiki/Q110713257",
    "creation_place": "Florence",
    "creation_lat": 43.7696,
    "creation_lon": 11.2558,
    "_source": {
     "source": "Wikidata",
     "url": "https://www.wikidata.org/wiki/Q110713257",
     "retrieved_at": "2026-08-23"
    },
    "_overrides": {
     "creation": {
      "at": "2026-08-23",
      "source": "derived from start date + Caravaggio's documented itinerary (approximate)"
     }
    },
    "museum_id": "new-york-city",
    "qid": "Q110713257"
   }
  },
  {
   "type": "Feature",
   "geometry": {
    "type": "Point",
    "coordinates": [
     14.292,
     48.2901
    ]
   },
   "properties": {
    "painter": "Andrea del Sarto",
    "title": "The Virgin With child and Infant St. John",
    "year": "1511",
    "city": "Linz",
    "country": "German Reich",
    "location": "Führermuseum",
    "kind": "museum",
    "attribution": "attributed",
    "status": "present",
    "medium": "Oil on panel",
    "dimensions": "76 × 61 cm",
    "genre": "religious art",
    "image": "https://commons.wikimedia.org/wiki/Special:FilePath/Andrea%20del%20Sarto%20%281486-1530%29%20-%20Maria%2C%20Jesus%20und%20Johannes%20-%202643%20-%20F%C3%BChrermuseum.jpg?width=420",
    "wikidata": "https://www.wikidata.org/wiki/Q111646370",
    "creation_place": "Florence",
    "creation_lat": 43.7696,
    "creation_lon": 11.2558,
    "_source": {
     "source": "Wikidata",
     "url": "https://www.wikidata.org/wiki/Q111646370",
     "retrieved_at": "2026-08-23"
    },
    "_overrides": {
     "creation": {
      "at": "2026-08-23",
      "source": "derived from start date + Caravaggio's documented itinerary (approximate)"
     }
    },
    "museum_id": "fuhrermuseum",
    "qid": "Q111646370"
   }
  },
  {
   "type": "Feature",
   "geometry": {
    "type": "Point",
    "coordinates": [
     4.83361,
     45.76694
    ]
   },
   "properties": {
    "painter": "Andrea del Sarto",
    "title": "Q115675568",
    "year": "1550",
    "city": "Lyon",
    "country": "France",
    "location": "Museum of Fine Arts of Lyon",
    "kind": "museum",
    "attribution": "attributed",
    "status": "present",
    "medium": "Wood",
    "dimensions": "214 × 166 cm",
    "genre": "religious art",
    "wikidata": "https://www.wikidata.org/wiki/Q115675568",
    "_source": {
     "source": "Wikidata",
     "url": "https://www.wikidata.org/wiki/Q115675568",
     "retrieved_at": "2026-08-23"
    },
    "museum_id": "museum-of-fine-arts-of-lyon",
    "qid": "Q115675568"
   }
  },
  {
   "type": "Feature",
   "geometry": {
    "type": "Point",
    "coordinates": [
     -1.92773,
     52.45042
    ]
   },
   "properties": {
    "painter": "Andrea del Sarto",
    "title": "The Madonna and Child with the Infant Saint John",
    "city": "Birmingham",
    "country": "United Kingdom",
    "location": "Barber Institute of Fine Arts",
    "kind": "museum",
    "attribution": "attributed",
    "status": "present",
    "dimensions": "55.3 × 39 cm",
    "genre": "religious art",
    "image": "https://commons.wikimedia.org/wiki/Special:FilePath/Andrea%20del%20Sarto%20%281486-1530%29%20%28after%29%20-%20The%20Madonna%20and%20Child%20with%20the%20Infant%20Saint%20John%20-%2046.1%20-%20Barber%20Institute%20of%20Fine%20Arts.jpg?width=420",
    "wikidata": "https://www.wikidata.org/wiki/Q118679635",
    "_source": {
     "source": "Wikidata",
     "url": "https://www.wikidata.org/wiki/Q118679635",
     "retrieved_at": "2026-08-23"
    },
    "museum_id": "barber-institute-of-fine-arts",
    "qid": "Q118679635"
   }
  },
  {
   "type": "Feature",
   "geometry": {
    "type": "Point",
    "coordinates": [
     -1.615,
     54.9796
    ]
   },
   "properties": {
    "painter": "Andrea del Sarto",
    "title": "The Holy Family",
    "year": "1525",
    "city": "Newcastle upon Tyne",
    "country": "United Kingdom",
    "location": "Hatton Gallery",
    "kind": "museum",
    "attribution": "attributed",
    "status": "present",
    "medium": "Oil on panel",
    "dimensions": "135 × 100 cm",
    "genre": "religious art",
    "image": "https://commons.wikimedia.org/wiki/Special:FilePath/Andrea%20del%20Sarto%20%281486-1530%29%20%28after%29%20-%20The%20Holy%20Family%20-%20NEWHG-OP.0103%20-%20Hatton%20Gallery.jpg?width=420",
    "wikidata": "https://www.wikidata.org/wiki/Q118680778",
    "creation_place": "Florence",
    "creation_lat": 43.7696,
    "creation_lon": 11.2558,
    "_source": {
     "source": "Wikidata",
     "url": "https://www.wikidata.org/wiki/Q118680778",
     "retrieved_at": "2026-08-23"
    },
    "_overrides": {
     "creation": {
      "at": "2026-08-23",
      "source": "derived from start date + Caravaggio's documented itinerary (approximate)"
     }
    },
    "museum_id": "hatton-gallery",
    "qid": "Q118680778"
   }
  },
  {
   "type": "Feature",
   "geometry": {
    "type": "Point",
    "coordinates": [
     -2.35092,
     51.3858
    ]
   },
   "properties": {
    "painter": "Andrea del Sarto",
    "title": "The Holy Family",
    "city": "Bath",
    "country": "United Kingdom",
    "location": "Holburne Museum",
    "kind": "museum",
    "attribution": "attributed",
    "status": "present",
    "medium": "Oil on panel",
    "dimensions": "65 × 49.8 cm",
    "genre": "religious art",
    "image": "https://commons.wikimedia.org/wiki/Special:FilePath/Andrea%20del%20Sarto%20%281486-1530%29%20%28style%20of%29%20-%20The%20Holy%20Family%20-%20A288%20-%20Holburne%20Museum.jpg?width=420",
    "wikidata": "https://www.wikidata.org/wiki/Q118874151",
    "_source": {
     "source": "Wikidata",
     "url": "https://www.wikidata.org/wiki/Q118874151",
     "retrieved_at": "2026-08-23"
    },
    "museum_id": "holburne-museum",
    "qid": "Q118874151"
   }
  },
  {
   "type": "Feature",
   "geometry": {
    "type": "Point",
    "coordinates": [
     -1.26056,
     51.75556
    ]
   },
   "properties": {
    "painter": "Andrea del Sarto",
    "title": "The Last Supper",
    "year": "1526",
    "city": "Oxford",
    "country": "United Kingdom",
    "location": "Ashmolean Museum",
    "kind": "museum",
    "attribution": "attributed",
    "status": "present",
    "medium": "Oil on panel",
    "dimensions": "74 × 179 cm",
    "genre": "religious art",
    "image": "https://commons.wikimedia.org/wiki/Special:FilePath/Andrea%20del%20Sarto%20%281486-1530%29%20%28after%29%20-%20The%20Last%20Supper%20-%20WA1850.33%20-%20Ashmolean%20Museum.jpg?width=420",
    "wikidata": "https://www.wikidata.org/wiki/Q118874187",
    "creation_place": "Florence",
    "creation_lat": 43.7696,
    "creation_lon": 11.2558,
    "_source": {
     "source": "Wikidata",
     "url": "https://www.wikidata.org/wiki/Q118874187",
     "retrieved_at": "2026-08-23"
    },
    "_overrides": {
     "creation": {
      "at": "2026-08-23",
      "source": "derived from start date + Caravaggio's documented itinerary (approximate)"
     }
    },
    "museum_id": "ashmolean-museum",
    "qid": "Q118874187"
   }
  },
  {
   "type": "Feature",
   "geometry": {
    "type": "Point",
    "coordinates": [
     -1.25591,
     51.75326
    ]
   },
   "properties": {
    "painter": "Andrea del Sarto",
    "title": "Charity",
    "city": "Oxford",
    "country": "United Kingdom",
    "location": "Lincoln College",
    "kind": "museum",
    "attribution": "attributed",
    "status": "present",
    "medium": "Oil on canvas",
    "dimensions": "188 × 137.2 cm",
    "image": "https://commons.wikimedia.org/wiki/Special:FilePath/Andrea%20del%20Sarto%20%281486-1530%29%20%28copy%20after%29%20-%20Charity%20-%20PCF21%20-%20Lincoln%20College.jpg?width=420",
    "wikidata": "https://www.wikidata.org/wiki/Q118877005",
    "_source": {
     "source": "Wikidata",
     "url": "https://www.wikidata.org/wiki/Q118877005",
     "retrieved_at": "2026-08-23"
    },
    "museum_id": "lincoln-college",
    "qid": "Q118877005"
   }
  },
  {
   "type": "Feature",
   "geometry": {
    "type": "Point",
    "coordinates": [
     -2.3586,
     51.3826
    ]
   },
   "properties": {
    "painter": "Andrea del Sarto",
    "title": "The Holy Family",
    "city": "Bath",
    "country": "United Kingdom",
    "location": "Victoria Art Gallery",
    "kind": "museum",
    "attribution": "attributed",
    "status": "present",
    "medium": "Oil on canvas",
    "dimensions": "132 × 102 cm",
    "genre": "religious art",
    "image": "https://commons.wikimedia.org/wiki/Special:FilePath/Andrea%20del%20Sarto%20%281486-1530%29%20%28after%29%20-%20The%20Holy%20Family%20-%20BATVG%20%2C%20P%20%2C%201900.50%20-%20Victoria%20Art%20Gallery.jpg?width=420",
    "wikidata": "https://www.wikidata.org/wiki/Q119454759",
    "_source": {
     "source": "Wikidata",
     "url": "https://www.wikidata.org/wiki/Q119454759",
     "retrieved_at": "2026-08-23"
    },
    "museum_id": "victoria-art-gallery",
    "qid": "Q119454759"
   }
  },
  {
   "type": "Feature",
   "geometry": {
    "type": "Point",
    "coordinates": [
     -1.46679,
     53.37971
    ]
   },
   "properties": {
    "painter": "Andrea del Sarto",
    "title": "Figure of Charity",
    "city": "Sheffield",
    "country": "United Kingdom",
    "location": "Sheffield Galleries and Museums Trust",
    "kind": "museum",
    "attribution": "attributed",
    "status": "present",
    "medium": "Oil on canvas",
    "dimensions": "107 × 82 cm",
    "image": "https://commons.wikimedia.org/wiki/Special:FilePath/Andrea%20del%20Sarto%20%281486-1530%29%20%28after%29%20-%20Figure%20of%20Charity%20-%20VIS.1845%20-%20Sheffield%20Galleries%20and%20Museums%20Trust.jpg?width=420",
    "wikidata": "https://www.wikidata.org/wiki/Q119454769",
    "_source": {
     "source": "Wikidata",
     "url": "https://www.wikidata.org/wiki/Q119454769",
     "retrieved_at": "2026-08-23"
    },
    "museum_id": "sheffield-galleries-and-museums-trust",
    "qid": "Q119454769"
   }
  },
  {
   "type": "Feature",
   "geometry": {
    "type": "Point",
    "coordinates": [
     -0.11972,
     51.49556
    ]
   },
   "properties": {
    "painter": "Andrea del Sarto",
    "title": "The Blessed Virgin with the Christ Child and Saint John the Baptist",
    "city": "Lambeth",
    "country": "United Kingdom",
    "location": "Lambeth Palace",
    "kind": "museum",
    "attribution": "attributed",
    "status": "present",
    "medium": "Oil on panel",
    "dimensions": "76 × 60 cm",
    "image": "https://commons.wikimedia.org/wiki/Special:FilePath/Andrea%20del%20Sarto%20%281486-1530%29%20%28after%29%20-%20The%20Blessed%20Virgin%20with%20the%20Christ%20Child%20and%20Saint%20John%20the%20Baptist%20-%200129%20-%20Lambeth%20Palace.jpg?width=420",
    "wikidata": "https://www.wikidata.org/wiki/Q119454778",
    "_source": {
     "source": "Wikidata",
     "url": "https://www.wikidata.org/wiki/Q119454778",
     "retrieved_at": "2026-08-23"
    },
    "museum_id": "lambeth-palace",
    "qid": "Q119454778"
   }
  },
  {
   "type": "Feature",
   "geometry": {
    "type": "Point",
    "coordinates": [
     -1.08639,
     53.96306
    ]
   },
   "properties": {
    "painter": "Andrea del Sarto",
    "title": "Portrait of a Youth",
    "year": "1600",
    "city": "York",
    "country": "United Kingdom",
    "location": "York Art Gallery",
    "kind": "museum",
    "attribution": "attributed",
    "status": "present",
    "medium": "Oil on panel",
    "dimensions": "49.7 × 38.1 cm",
    "genre": "portrait",
    "image": "https://commons.wikimedia.org/wiki/Special:FilePath/Andrea%20del%20Sarto%20%281486-1530%29%20%28attributed%20to%29%20-%20Portrait%20of%20a%20Youth%20-%20YORAG%20%2C%20794%20-%20York%20Art%20Gallery.jpg?width=420",
    "wikidata": "https://www.wikidata.org/wiki/Q119454786",
    "_source": {
     "source": "Wikidata",
     "url": "https://www.wikidata.org/wiki/Q119454786",
     "retrieved_at": "2026-08-23"
    },
    "museum_id": "york-art-gallery",
    "qid": "Q119454786"
   }
  },
  {
   "type": "Feature",
   "geometry": {
    "type": "Point",
    "coordinates": [
     -0.60717,
     51.4823
    ]
   },
   "properties": {
    "painter": "Andrea del Sarto",
    "title": "La Madonna delle Arpie",
    "city": "Windsor",
    "country": "United Kingdom",
    "location": "Windsor and Royal Borough Museum",
    "kind": "museum",
    "attribution": "attributed",
    "status": "present",
    "medium": "Oil on canvas",
    "dimensions": "141 × 114 cm",
    "image": "https://commons.wikimedia.org/wiki/Special:FilePath/Andrea%20del%20Sarto%20%281486-1530%29%20%28after%29%20-%20La%20Madonna%20delle%20Arpie%20-%20WNDRB%2C%201084.91.21%20-%20Windsor%20and%20Royal%20Borough%20Museum.jpg?width=420",
    "wikidata": "https://www.wikidata.org/wiki/Q119454808",
    "_source": {
     "source": "Wikidata",
     "url": "https://www.wikidata.org/wiki/Q119454808",
     "retrieved_at": "2026-08-23"
    },
    "museum_id": "windsor-and-royal-borough-museum",
    "qid": "Q119454808"
   }
  },
  {
   "type": "Feature",
   "geometry": {
    "type": "Point",
    "coordinates": [
     16.11558,
     50.26486
    ]
   },
   "properties": {
    "painter": "Andrea del Sarto",
    "title": "The Madonna and Child with the Infant Saint John the Baptist",
    "year": "1520",
    "city": "Q56414330",
    "country": "Czech Republic",
    "location": "Opočno Castle",
    "kind": "museum",
    "attribution": "attributed",
    "status": "present",
    "medium": "Oil on panel",
    "dimensions": "121 × 93 cm",
    "genre": "religious art",
    "wikidata": "https://www.wikidata.org/wiki/Q123223980",
    "creation_place": "Florence",
    "creation_lat": 43.7696,
    "creation_lon": 11.2558,
    "_source": {
     "source": "Wikidata",
     "url": "https://www.wikidata.org/wiki/Q123223980",
     "retrieved_at": "2026-08-23"
    },
    "_overrides": {
     "creation": {
      "at": "2026-08-23",
      "source": "derived from start date + Caravaggio's documented itinerary (approximate)"
     }
    },
    "museum_id": "opocno-castle",
    "qid": "Q123223980"
   }
  },
  {
   "type": "Feature",
   "geometry": {
    "type": "Point",
    "coordinates": [
     11.25528,
     43.76833
    ]
   },
   "properties": {
    "painter": "Andrea del Sarto",
    "title": "Madonna of the Harpies",
    "year": "1517",
    "city": "Florence",
    "country": "Italy",
    "location": "Uffizi Gallery",
    "kind": "museum",
    "attribution": "generally accepted",
    "status": "present",
    "medium": "Oil on panel",
    "dimensions": "207 × 178 cm",
    "genre": "religious art",
    "image": "https://commons.wikimedia.org/wiki/Special:FilePath/Andrea%20del%20Sarto%20-%20Virgin%20and%20Child%20between%20St%20Francis%20of%20Assisi%20and%20St%20John%20the%20Evangelist%20%28%27Madonna%20of%20the%20Harpies%27%29%2C%201517%2C%201890%20no.1577.jpg?width=420",
    "wikipedia_es": "https://es.wikipedia.org/wiki/Virgen_de_las_arp%C3%ADas",
    "wikipedia_en": "https://en.wikipedia.org/wiki/Madonna_of_the_Harpies",
    "wikipedia_it": "https://it.wikipedia.org/wiki/Madonna_delle_Arpie",
    "wikidata": "https://www.wikidata.org/wiki/Q1235695",
    "creation_place": "Florence",
    "creation_lat": 43.7696,
    "creation_lon": 11.2558,
    "_source": {
     "source": "Wikidata",
     "url": "https://www.wikidata.org/wiki/Q1235695",
     "retrieved_at": "2026-08-23"
    },
    "_overrides": {
     "creation": {
      "at": "2026-08-23",
      "source": "derived from start date + Caravaggio's documented itinerary (approximate)"
     }
    },
    "museum_id": "uffizi-gallery",
    "qid": "Q1235695",
    "wga_url": "https://www.wga.hu/html/a/andrea/sarto/1/harpies1.html"
   }
  },
  {
   "type": "Feature",
   "geometry": {
    "type": "Point",
    "coordinates": [
     4.35824,
     50.84168
    ]
   },
   "properties": {
    "painter": "Andrea del Sarto",
    "title": "Leda and the swan",
    "year": "1490",
    "city": "Brussels",
    "country": "Belgium",
    "location": "Oldmasters Museum",
    "kind": "museum",
    "attribution": "attributed",
    "status": "present",
    "medium": "Oil on panel",
    "dimensions": "102 × 76 cm",
    "image": "https://commons.wikimedia.org/wiki/Special:FilePath/Leda%20col%20cigno.jpg?width=420",
    "wikidata": "https://www.wikidata.org/wiki/Q123641189",
    "_source": {
     "source": "Wikidata",
     "url": "https://www.wikidata.org/wiki/Q123641189",
     "retrieved_at": "2026-08-23"
    },
    "museum_id": "oldmasters-museum",
    "qid": "Q123641189"
   }
  },
  {
   "type": "Feature",
   "geometry": {
    "type": "Point",
    "coordinates": [
     11.25,
     43.7652
    ]
   },
   "properties": {
    "painter": "Andrea del Sarto",
    "title": "San Gallo Annunciation",
    "year": "1510",
    "city": "Florence",
    "country": "Italy",
    "location": "Galleria Palatina",
    "kind": "museum",
    "attribution": "generally accepted",
    "status": "present",
    "medium": "Oil on panel",
    "dimensions": "183 × 184 cm",
    "genre": "religious art",
    "image": "https://commons.wikimedia.org/wiki/Special:FilePath/Andrea%20del%20Sarto%20-%20The%20Annunciation%20-%20WGA00359.jpg?width=420",
    "wikipedia_en": "https://en.wikipedia.org/wiki/San_Gallo_Annunciation",
    "wikipedia_it": "https://it.wikipedia.org/wiki/Annunciazione_di_San_Gallo",
    "wikidata": "https://www.wikidata.org/wiki/Q1241129",
    "creation_place": "Florence",
    "creation_lat": 43.7696,
    "creation_lon": 11.2558,
    "_source": {
     "source": "Wikidata",
     "url": "https://www.wikidata.org/wiki/Q1241129",
     "retrieved_at": "2026-08-23"
    },
    "_overrides": {
     "creation": {
      "at": "2026-08-23",
      "source": "derived from start date + Caravaggio's documented itinerary (approximate)"
     }
    },
    "museum_id": "galleria-palatina",
    "qid": "Q1241129",
    "wga_url": "https://www.wga.hu/html/a/andrea/sarto/1/annuncia.html"
   }
  },
  {
   "type": "Feature",
   "geometry": {
    "type": "Point",
    "coordinates": [
     11.25286,
     43.7702
    ]
   },
   "properties": {
    "painter": "Andrea del Sarto",
    "title": "praparazione di Icaro",
    "city": "Florence",
    "country": "Italy",
    "location": "Palazzo Davanzati",
    "kind": "museum",
    "attribution": "attributed",
    "status": "present",
    "genre": "mythological painting",
    "image": "https://commons.wikimedia.org/wiki/Special:FilePath/Andrea%20del%20sarto%20%28attr.%29%2C%20praparazione%20di%20icaro%2C%201506-1508%20ca.%2C%2002.JPG?width=420",
    "wikidata": "https://www.wikidata.org/wiki/Q125689917",
    "_source": {
     "source": "Wikidata",
     "url": "https://www.wikidata.org/wiki/Q125689917",
     "retrieved_at": "2026-08-23"
    },
    "museum_id": "palazzo-davanzati",
    "qid": "Q125689917"
   }
  },
  {
   "type": "Feature",
   "geometry": {
    "type": "Point",
    "coordinates": [
     -43.19835,
     -22.97551
    ]
   },
   "properties": {
    "painter": "Andrea del Sarto",
    "title": "Madonna and Child with St. John the Baptist",
    "city": "Rio de Janeiro",
    "country": "Brazil",
    "location": "Eva Klabin House Museum",
    "kind": "museum",
    "attribution": "attributed",
    "status": "present",
    "medium": "Oil on panel",
    "dimensions": "50.5 × 41.5 cm",
    "genre": "religious art",
    "image": "https://commons.wikimedia.org/wiki/Special:FilePath/Andrea%20del%20Sarto%20%28atribui%C3%A7%C3%A3o%29%20-%20Madona%20com%20Menino%20e%20S%C3%A3o%20Jo%C3%A3o%20Batista.jpg?width=420",
    "wikidata": "https://www.wikidata.org/wiki/Q125691621",
    "_source": {
     "source": "Wikidata",
     "url": "https://www.wikidata.org/wiki/Q125691621",
     "retrieved_at": "2026-08-23"
    },
    "museum_id": "eva-klabin-house-museum",
    "qid": "Q125691621"
   }
  },
  {
   "type": "Feature",
   "geometry": {
    "type": "Point",
    "coordinates": [
     -99.20462,
     19.44066
    ]
   },
   "properties": {
    "painter": "Andrea del Sarto",
    "title": "Madonna and Child with the infant St. John the Baptist",
    "year": "1526",
    "city": "Mexico City",
    "country": "Mexico",
    "location": "Museo Soumaya",
    "kind": "museum",
    "attribution": "attributed",
    "status": "present",
    "medium": "Oil on panel",
    "dimensions": "98.5 × 77.7 cm",
    "image": "https://commons.wikimedia.org/wiki/Special:FilePath/Andrea%20del%20Sarto%20-%20La%20Virgen%20y%20el%20Ni%C3%B1o%20con%20San%20Juan%20Bautista%2C%20c.%201526-28.jpg?width=420",
    "wikidata": "https://www.wikidata.org/wiki/Q125691658",
    "creation_place": "Florence",
    "creation_lat": 43.7696,
    "creation_lon": 11.2558,
    "_source": {
     "source": "Wikidata",
     "url": "https://www.wikidata.org/wiki/Q125691658",
     "retrieved_at": "2026-08-23"
    },
    "_overrides": {
     "creation": {
      "at": "2026-08-23",
      "source": "derived from start date + Caravaggio's documented itinerary (approximate)"
     }
    },
    "museum_id": "museo-soumaya",
    "qid": "Q125691658"
   }
  },
  {
   "type": "Feature",
   "geometry": {
    "type": "Point",
    "coordinates": [
     10.395502,
     43.723293
    ]
   },
   "properties": {
    "painter": "Andrea del Sarto",
    "title": "Santa Margherita di Antiochia",
    "year": "1550",
    "city": "Pisa",
    "country": "Italy",
    "location": "Pisa Cathedral",
    "kind": "church",
    "attribution": "attributed",
    "status": "present",
    "genre": "religious art",
    "image": "https://commons.wikimedia.org/wiki/Special:FilePath/Andrea%20del%20Sarto%20-%20Santa%20Margherita%20di%20Antiochia.JPG?width=420",
    "wikidata": "https://www.wikidata.org/wiki/Q125691772",
    "_source": {
     "source": "Wikidata",
     "url": "https://www.wikidata.org/wiki/Q125691772",
     "retrieved_at": "2026-08-23"
    },
    "museum_id": "pisa-cathedral",
    "qid": "Q125691772"
   }
  },
  {
   "type": "Feature",
   "geometry": {
    "type": "Point",
    "coordinates": [
     49.83167,
     40.36306
    ]
   },
   "properties": {
    "painter": "Andrea del Sarto",
    "title": "Madonna mit Kind.",
    "year": "1550",
    "city": "Baku",
    "country": "Azerbaijan",
    "location": "National Art Museum of Azerbaijan",
    "kind": "museum",
    "attribution": "attributed",
    "status": "present",
    "image": "https://commons.wikimedia.org/wiki/Special:FilePath/Andrea%20del%20Sarto%20-%20Madonna%20with%20a%20child.jpg?width=420",
    "wikidata": "https://www.wikidata.org/wiki/Q125704227",
    "_source": {
     "source": "Wikidata",
     "url": "https://www.wikidata.org/wiki/Q125704227",
     "retrieved_at": "2026-08-23"
    },
    "museum_id": "national-art-museum-of-azerbaijan",
    "qid": "Q125704227"
   }
  },
  {
   "type": "Feature",
   "geometry": {
    "type": "Point",
    "coordinates": [
     11.28602,
     43.77163
    ]
   },
   "properties": {
    "painter": "Andrea del Sarto",
    "title": "Annunciation from an aedicula in Florence",
    "city": "Florence",
    "country": "Italy",
    "location": "Museum of the Last Supper of Andrea del Sarto",
    "kind": "museum",
    "attribution": "attributed",
    "status": "present",
    "medium": "Fresco painting",
    "wikidata": "https://www.wikidata.org/wiki/Q131450116",
    "_source": {
     "source": "Wikidata",
     "url": "https://www.wikidata.org/wiki/Q131450116",
     "retrieved_at": "2026-08-23"
    },
    "museum_id": "museum-of-the-last-supper-of-andrea-del-sarto",
    "qid": "Q131450116"
   }
  },
  {
   "type": "Feature",
   "geometry": {
    "type": "Point",
    "coordinates": [
     10.92094,
     44.64822
    ]
   },
   "properties": {
    "painter": "Andrea del Sarto",
    "title": "Madonna col bambino, sant'elisabetta  e due angeli",
    "city": "Modena",
    "country": "Italy",
    "location": "Palazzo dei Musei",
    "kind": "museum",
    "attribution": "attributed",
    "status": "present",
    "image": "https://commons.wikimedia.org/wiki/Special:FilePath/Da%20andrea%20del%20sarto%2C%20madonna%20col%20bambino%2C%20sant%27elisabetta%2C%20sa%20giovannino%20e%20due%20angeli.jpg?width=420",
    "wikidata": "https://www.wikidata.org/wiki/Q135260990",
    "_source": {
     "source": "Wikidata",
     "url": "https://www.wikidata.org/wiki/Q135260990",
     "retrieved_at": "2026-08-23"
    },
    "museum_id": "palazzo-dei-musei",
    "qid": "Q135260990"
   }
  },
  {
   "type": "Feature",
   "geometry": {
    "type": "Point",
    "coordinates": [
     11.28602,
     43.77163
    ]
   },
   "properties": {
    "painter": "Andrea del Sarto",
    "title": "Crucifixion with Sts. Francis, Tobias and Raphael",
    "year": "1511",
    "city": "Florence",
    "country": "Italy",
    "location": "Museum of the Last Supper of Andrea del Sarto",
    "kind": "museum",
    "attribution": "attributed",
    "status": "present",
    "medium": "Oil on panel",
    "image": "https://commons.wikimedia.org/wiki/Special:FilePath/Cenacolo%20di%20san%20salvi%2C%20andrea%20del%20sarto%20dipinto%207.JPG?width=420",
    "wikidata": "https://www.wikidata.org/wiki/Q139074746",
    "creation_place": "Florence",
    "creation_lat": 43.7696,
    "creation_lon": 11.2558,
    "_source": {
     "source": "Wikidata",
     "url": "https://www.wikidata.org/wiki/Q139074746",
     "retrieved_at": "2026-08-23"
    },
    "_overrides": {
     "creation": {
      "at": "2026-08-23",
      "source": "derived from start date + Caravaggio's documented itinerary (approximate)"
     }
    },
    "museum_id": "museum-of-the-last-supper-of-andrea-del-sarto",
    "qid": "Q139074746"
   }
  },
  {
   "type": "Feature",
   "geometry": {
    "type": "Point",
    "coordinates": [
     2.3358,
     48.8611
    ]
   },
   "properties": {
    "painter": "Andrea del Sarto",
    "title": "Madonna and Child with St. Elisabeth and the Infant St. John",
    "year": "1512",
    "country": "France",
    "location": "Louvre",
    "kind": "museum",
    "attribution": "attributed",
    "status": "present",
    "medium": "Oil on canvas",
    "dimensions": "106 × 87 cm",
    "genre": "religious art",
    "image": "https://commons.wikimedia.org/wiki/Special:FilePath/Del%20Sarto%20-%20Vierge%20%C3%A0%20l%27enfant%2C%20INV%20714.png?width=420",
    "wikidata": "https://www.wikidata.org/wiki/Q18565899",
    "creation_place": "Florence",
    "creation_lat": 43.7696,
    "creation_lon": 11.2558,
    "_source": {
     "source": "Wikidata",
     "url": "https://www.wikidata.org/wiki/Q18565899",
     "retrieved_at": "2026-08-23"
    },
    "_overrides": {
     "creation": {
      "at": "2026-08-23",
      "source": "derived from start date + Caravaggio's documented itinerary (approximate)"
     }
    },
    "museum_id": "louvre",
    "city": "Paris",
    "qid": "Q18565899"
   }
  },
  {
   "type": "Feature",
   "geometry": {
    "type": "Point",
    "coordinates": [
     11.25,
     43.7652
    ]
   },
   "properties": {
    "painter": "Andrea del Sarto",
    "title": "Annunciation with the saints Michael the Archangel and Godenzo",
    "year": "1515",
    "city": "Florence",
    "country": "Italy",
    "location": "Galleria Palatina",
    "kind": "museum",
    "attribution": "generally accepted",
    "status": "present",
    "medium": "Oil on panel",
    "dimensions": "184 × 175 cm",
    "genre": "religious art",
    "image": "https://commons.wikimedia.org/wiki/Special:FilePath/Andrea%20del%20Sarto%20-%20Annunciazione%20con%20San%20Michele%20Arcangelo%20e%20San%20Godenzo%2C%2000228537.jpg?width=420",
    "wikipedia_it": "https://it.wikipedia.org/wiki/Annunciazione_coi_santi_Michele_Arcangelo_e_Godenzo",
    "wikidata": "https://www.wikidata.org/wiki/Q18613323",
    "creation_place": "Florence",
    "creation_lat": 43.7696,
    "creation_lon": 11.2558,
    "_source": {
     "source": "Wikidata",
     "url": "https://www.wikidata.org/wiki/Q18613323",
     "retrieved_at": "2026-08-23"
    },
    "_overrides": {
     "creation": {
      "at": "2026-08-23",
      "source": "derived from start date + Caravaggio's documented itinerary (approximate)"
     }
    },
    "museum_id": "galleria-palatina",
    "qid": "Q18613323"
   }
  },
  {
   "type": "Feature",
   "geometry": {
    "type": "Point",
    "coordinates": [
     -73.9631,
     40.7794
    ]
   },
   "properties": {
    "painter": "Andrea del Sarto",
    "title": "Portrait of a Man",
    "year": "1550",
    "city": "New York",
    "country": "United States",
    "location": "Metropolitan Museum of Art",
    "kind": "museum",
    "attribution": "copy or later version",
    "status": "present",
    "medium": "Oil on canvas",
    "dimensions": "66.7 × 50.5 cm",
    "genre": "portrait",
    "image": "https://commons.wikimedia.org/wiki/Special:FilePath/Andrea%20del%20Sarto%20-%20Ritratto%20di%20un%20uomo%20%28MET%20Museum%20of%20Art%2C%20NYC%29.jpg?width=420",
    "wikipedia_it": "https://it.wikipedia.org/wiki/Ritratto_d%27uomo_(Andrea_del_Sarto)",
    "wikidata": "https://www.wikidata.org/wiki/Q19912405",
    "_source": {
     "source": "Wikidata",
     "url": "https://www.wikidata.org/wiki/Q19912405",
     "retrieved_at": "2026-08-23"
    },
    "museum_id": "metropolitan-museum-of-art",
    "qid": "Q19912405",
    "_overrides": {
     "attribution": {
      "at": "2026-08-24",
      "source": "tier-2 cleaning",
      "was": "generally accepted",
      "note": "dated 1550, after death (1486–1530) → later copy / not autograph at this date (Timeline anomaly)"
     }
    }
   }
  },
  {
   "type": "Feature",
   "geometry": {
    "type": "Point",
    "coordinates": [
     -77.02,
     38.8914
    ]
   },
   "properties": {
    "painter": "Andrea del Sarto",
    "title": "Charity",
    "year": "1515",
    "city": "Washington",
    "country": "United States",
    "location": "National Gallery of Art",
    "kind": "museum",
    "attribution": "attributed",
    "status": "present",
    "medium": "Oil on panel",
    "dimensions": "119.5 × 92.5 cm",
    "image": "https://commons.wikimedia.org/wiki/Special:FilePath/Andrea%20del%20Sarto%20-%20Carit%C3%A0%20%28NGA%29.jpg?width=420",
    "wikidata": "https://www.wikidata.org/wiki/Q20175980",
    "creation_place": "Florence",
    "creation_lat": 43.7696,
    "creation_lon": 11.2558,
    "_source": {
     "source": "Wikidata",
     "url": "https://www.wikidata.org/wiki/Q20175980",
     "retrieved_at": "2026-08-23"
    },
    "_overrides": {
     "creation": {
      "at": "2026-08-23",
      "source": "derived from start date + Caravaggio's documented itinerary (approximate)"
     }
    },
    "museum_id": "national-gallery-of-art",
    "qid": "Q20175980"
   }
  },
  {
   "type": "Feature",
   "geometry": {
    "type": "Point",
    "coordinates": [
     12.57861,
     55.68889
    ]
   },
   "properties": {
    "painter": "Andrea del Sarto",
    "title": "Portrait of a Man",
    "year": "1515",
    "city": "Copenhagen Municipality",
    "country": "Denmark",
    "location": "Statens Museum for Kunst",
    "kind": "museum",
    "attribution": "attributed",
    "status": "present",
    "dimensions": "575 × 431 cm",
    "genre": "portrait",
    "image": "https://commons.wikimedia.org/wiki/Special:FilePath/Andrea%20del%20Sarto%20-%20Portrait%20of%20a%20Man%20-%20KMSsp42%20-%20Statens%20Museum%20for%20Kunst.jpg?width=420",
    "wikidata": "https://www.wikidata.org/wiki/Q20472815",
    "creation_place": "Florence",
    "creation_lat": 43.7696,
    "creation_lon": 11.2558,
    "_source": {
     "source": "Wikidata",
     "url": "https://www.wikidata.org/wiki/Q20472815",
     "retrieved_at": "2026-08-23"
    },
    "_overrides": {
     "creation": {
      "at": "2026-08-23",
      "source": "derived from start date + Caravaggio's documented itinerary (approximate)"
     }
    },
    "museum_id": "statens-museum-for-kunst",
    "qid": "Q20472815"
   }
  },
  {
   "type": "Feature",
   "geometry": {
    "type": "Point",
    "coordinates": [
     -71.09417,
     42.33944
    ]
   },
   "properties": {
    "painter": "Andrea del Sarto",
    "title": "Virgin and Child",
    "year": "1509",
    "city": "Boston",
    "country": "United States",
    "location": "Museum of Fine Arts Boston",
    "kind": "museum",
    "attribution": "attributed",
    "status": "present",
    "dimensions": "82.5 × 65.4 cm",
    "genre": "religious art",
    "image": "https://commons.wikimedia.org/wiki/Special:FilePath/Andrea%20del%20Sarto%20-%20Virgin%20and%20Child%20-%201993.43%20-%20Museum%20of%20Fine%20Arts.jpg?width=420",
    "wikidata": "https://www.wikidata.org/wiki/Q20537336",
    "creation_place": "Florence",
    "creation_lat": 43.7696,
    "creation_lon": 11.2558,
    "_source": {
     "source": "Wikidata",
     "url": "https://www.wikidata.org/wiki/Q20537336",
     "retrieved_at": "2026-08-23"
    },
    "_overrides": {
     "creation": {
      "at": "2026-08-23",
      "source": "derived from start date + Caravaggio's documented itinerary (approximate)"
     }
    },
    "museum_id": "museum-of-fine-arts-boston",
    "qid": "Q20537336"
   }
  },
  {
   "type": "Feature",
   "geometry": {
    "type": "Point",
    "coordinates": [
     -0.1283,
     51.5089
    ]
   },
   "properties": {
    "painter": "Andrea del Sarto",
    "title": "The Madonna and Child, Saint Elizabeth and the Baptist",
    "year": "1513",
    "city": "London",
    "country": "United Kingdom",
    "location": "National Gallery",
    "kind": "museum",
    "attribution": "generally accepted",
    "status": "present",
    "medium": "Oil on panel",
    "dimensions": "106 × 81.3 cm",
    "genre": "religious art",
    "image": "https://commons.wikimedia.org/wiki/Special:FilePath/Andrea%20del%20Sarto%2C%20The%20Madonna%20and%20Child%2C%20Saint%20Elizabeth%20and%20the%20Baptist.jpg?width=420",
    "wikipedia_it": "https://it.wikipedia.org/wiki/Madonna_col_Bambino,_sant%27Elisabetta_e_il_Battista",
    "wikidata": "https://www.wikidata.org/wiki/Q21121918",
    "creation_place": "Florence",
    "creation_lat": 43.7696,
    "creation_lon": 11.2558,
    "_source": {
     "source": "Wikidata",
     "url": "https://www.wikidata.org/wiki/Q21121918",
     "retrieved_at": "2026-08-23"
    },
    "_overrides": {
     "creation": {
      "at": "2026-08-23",
      "source": "derived from start date + Caravaggio's documented itinerary (approximate)"
     }
    },
    "museum_id": "national-gallery",
    "qid": "Q21121918"
   }
  },
  {
   "type": "Feature",
   "geometry": {
    "type": "Point",
    "coordinates": [
     -0.1283,
     51.5089
    ]
   },
   "properties": {
    "painter": "Andrea del Sarto",
    "title": "Portrait of a Young Man",
    "year": "1517",
    "city": "London",
    "country": "United Kingdom",
    "location": "National Gallery",
    "kind": "museum",
    "attribution": "generally accepted",
    "status": "present",
    "medium": "Oil on canvas",
    "dimensions": "72 × 57 cm",
    "genre": "portrait",
    "image": "https://commons.wikimedia.org/wiki/Special:FilePath/Portrait%20of%20a%20Young%20Man%2C%20Andrea%20del%20Sarto.jpg?width=420",
    "wikipedia_es": "https://es.wikipedia.org/wiki/Retrato_de_hombre_joven_(Andrea_del_Sarto)",
    "wikipedia_it": "https://it.wikipedia.org/wiki/Ritratto_di_giovane_(del_Sarto)",
    "wikidata": "https://www.wikidata.org/wiki/Q21121948",
    "creation_place": "Florence",
    "creation_lat": 43.7696,
    "creation_lon": 11.2558,
    "_source": {
     "source": "Wikidata",
     "url": "https://www.wikidata.org/wiki/Q21121948",
     "retrieved_at": "2026-08-23"
    },
    "_overrides": {
     "creation": {
      "at": "2026-08-23",
      "source": "derived from start date + Caravaggio's documented itinerary (approximate)"
     }
    },
    "museum_id": "national-gallery",
    "qid": "Q21121948",
    "wga_url": "https://www.wga.hu/html/a/andrea/sarto/1/youngman.html"
   }
  },
  {
   "type": "Feature",
   "geometry": {
    "type": "Point",
    "coordinates": [
     30.3136,
     59.9406
    ]
   },
   "properties": {
    "painter": "Andrea del Sarto",
    "title": "The Virgin and Child with St Catherine, St Elizabeth and St John the Baptist",
    "year": "1513",
    "city": "Saint Petersburg",
    "country": "Russia",
    "location": "Hermitage Museum",
    "kind": "museum",
    "attribution": "attributed",
    "status": "present",
    "medium": "Oil on canvas",
    "dimensions": "102 × 80 cm",
    "genre": "religious art",
    "image": "https://commons.wikimedia.org/wiki/Special:FilePath/Andrea%20del%20Sarto%20-%20Madonna%20and%20Child%20with%20Sts%20Catherine%2C%20Elisabeth%20and%20John%20the%20Baptist%20-%20WGA00375.jpg?width=420",
    "wikidata": "https://www.wikidata.org/wiki/Q21725466",
    "creation_place": "Florence",
    "creation_lat": 43.7696,
    "creation_lon": 11.2558,
    "_source": {
     "source": "Wikidata",
     "url": "https://www.wikidata.org/wiki/Q21725466",
     "retrieved_at": "2026-08-23"
    },
    "_overrides": {
     "creation": {
      "at": "2026-08-23",
      "source": "derived from start date + Caravaggio's documented itinerary (approximate)"
     }
    },
    "museum_id": "hermitage-museum",
    "qid": "Q21725466",
    "wga_url": "https://www.wga.hu/html/a/andrea/sarto/1/madonna.html"
   }
  },
  {
   "type": "Feature",
   "geometry": {
    "type": "Point",
    "coordinates": [
     30.3136,
     59.9406
    ]
   },
   "properties": {
    "painter": "Andrea del Sarto",
    "title": "Holy Family with St John the Baptist",
    "year": "1529",
    "city": "Saint Petersburg",
    "country": "Russia",
    "location": "Hermitage Museum",
    "kind": "museum",
    "attribution": "attributed",
    "status": "present",
    "medium": "Oil on panel",
    "dimensions": "129 × 100 cm",
    "genre": "religious art",
    "image": "https://commons.wikimedia.org/wiki/Special:FilePath/Andrea%20del%20sarto%2C%20sacra%20famiglia%20con%20san%20giovannino%2001.JPG?width=420",
    "wikidata": "https://www.wikidata.org/wiki/Q21727761",
    "creation_place": "Florence",
    "creation_lat": 43.7696,
    "creation_lon": 11.2558,
    "_source": {
     "source": "Wikidata",
     "url": "https://www.wikidata.org/wiki/Q21727761",
     "retrieved_at": "2026-08-23"
    },
    "_overrides": {
     "creation": {
      "at": "2026-08-23",
      "source": "derived from start date + Caravaggio's documented itinerary (approximate)"
     }
    },
    "museum_id": "hermitage-museum",
    "qid": "Q21727761"
   }
  },
  {
   "type": "Feature",
   "geometry": {
    "type": "Point",
    "coordinates": [
     -3.6922,
     40.4139
    ]
   },
   "properties": {
    "painter": "Andrea del Sarto",
    "title": "Portrait of a Woman",
    "year": "1514",
    "city": "Madrid",
    "country": "Spain",
    "location": "Museo del Prado",
    "kind": "museum",
    "attribution": "attributed",
    "status": "present",
    "medium": "Oil on panel",
    "dimensions": "73 × 56 cm",
    "genre": "portrait",
    "image": "https://commons.wikimedia.org/wiki/Special:FilePath/Andrea%20del%20Sarto%20-%20Portrait%20of%20the%20Artist%27s%20Wife%20-%20WGA00372.jpg?width=420",
    "wikidata": "https://www.wikidata.org/wiki/Q27697313",
    "creation_place": "Florence",
    "creation_lat": 43.7696,
    "creation_lon": 11.2558,
    "_source": {
     "source": "Wikidata",
     "url": "https://www.wikidata.org/wiki/Q27697313",
     "retrieved_at": "2026-08-23"
    },
    "_overrides": {
     "creation": {
      "at": "2026-08-23",
      "source": "derived from start date + Caravaggio's documented itinerary (approximate)"
     }
    },
    "museum_id": "museo-del-prado",
    "qid": "Q27697313",
    "wga_url": "https://www.wga.hu/html/a/andrea/sarto/1/lucrezia.html"
   }
  },
  {
   "type": "Feature",
   "geometry": {
    "type": "Point",
    "coordinates": [
     -3.6922,
     40.4139
    ]
   },
   "properties": {
    "painter": "Andrea del Sarto",
    "title": "Saint John the Baptist with the Lamb",
    "year": "1510",
    "city": "Madrid",
    "country": "Spain",
    "location": "Museo del Prado",
    "kind": "museum",
    "attribution": "attributed",
    "status": "present",
    "dimensions": "23 × 16 cm",
    "genre": "religious art",
    "image": "https://commons.wikimedia.org/wiki/Special:FilePath/Andrea%20del%20Sarto%20-%20San%20Juan%20Bautista%20con%20el%20Cordero%2C%201510%2C%20P000579.jpg?width=420",
    "wikidata": "https://www.wikidata.org/wiki/Q27697321",
    "creation_place": "Florence",
    "creation_lat": 43.7696,
    "creation_lon": 11.2558,
    "_source": {
     "source": "Wikidata",
     "url": "https://www.wikidata.org/wiki/Q27697321",
     "retrieved_at": "2026-08-23"
    },
    "_overrides": {
     "creation": {
      "at": "2026-08-23",
      "source": "derived from start date + Caravaggio's documented itinerary (approximate)"
     }
    },
    "museum_id": "museo-del-prado",
    "qid": "Q27697321"
   }
  },
  {
   "type": "Feature",
   "geometry": {
    "type": "Point",
    "coordinates": [
     -3.6922,
     40.4139
    ]
   },
   "properties": {
    "painter": "Andrea del Sarto",
    "title": "The Sacrifice of Isaac",
    "year": "1528",
    "city": "Madrid",
    "country": "Spain",
    "location": "Museo del Prado",
    "kind": "museum",
    "attribution": "attributed",
    "status": "present",
    "medium": "Oil on panel",
    "dimensions": "98 × 69 cm",
    "genre": "religious art",
    "image": "https://commons.wikimedia.org/wiki/Special:FilePath/Andrea%20del%20Sarto%20-%20Il%20sacrificio%20di%20Isacco%20%28Prado%29.jpg?width=420",
    "wikidata": "https://www.wikidata.org/wiki/Q27697635",
    "creation_place": "Florence",
    "creation_lat": 43.7696,
    "creation_lon": 11.2558,
    "_source": {
     "source": "Wikidata",
     "url": "https://www.wikidata.org/wiki/Q27697635",
     "retrieved_at": "2026-08-23"
    },
    "_overrides": {
     "creation": {
      "at": "2026-08-23",
      "source": "derived from start date + Caravaggio's documented itinerary (approximate)"
     }
    },
    "museum_id": "museo-del-prado",
    "qid": "Q27697635"
   }
  },
  {
   "type": "Feature",
   "geometry": {
    "type": "Point",
    "coordinates": [
     -3.19556,
     55.95083
    ]
   },
   "properties": {
    "painter": "Andrea del Sarto",
    "title": "Madonna and Child with St John",
    "year": "1530",
    "city": "Edinburgh",
    "country": "United Kingdom",
    "location": "Scottish National Gallery",
    "kind": "museum",
    "attribution": "attributed",
    "status": "present",
    "genre": "religious art",
    "wikidata": "https://www.wikidata.org/wiki/Q27970348",
    "creation_place": "Florence",
    "creation_lat": 43.7696,
    "creation_lon": 11.2558,
    "_source": {
     "source": "Wikidata",
     "url": "https://www.wikidata.org/wiki/Q27970348",
     "retrieved_at": "2026-08-23"
    },
    "_overrides": {
     "creation": {
      "at": "2026-08-23",
      "source": "derived from start date + Caravaggio's documented itinerary (approximate)"
     }
    },
    "museum_id": "scottish-national-gallery",
    "qid": "Q27970348"
   }
  },
  {
   "type": "Feature",
   "geometry": {
    "type": "Point",
    "coordinates": [
     -3.19556,
     55.95083
    ]
   },
   "properties": {
    "painter": "Andrea del Sarto",
    "title": "Domenico di Jacopo di Matteo, called 'Becuccio Bicchieraio'",
    "year": "1529",
    "city": "Edinburgh",
    "country": "United Kingdom",
    "location": "Scottish National Gallery",
    "kind": "museum",
    "attribution": "generally accepted",
    "status": "present",
    "medium": "Oil on panel",
    "genre": "portrait",
    "image": "https://commons.wikimedia.org/wiki/Special:FilePath/Andrea%20del%20Sarto%20-%20Domenico%20di%20Jacopo%20di%20Matteo%2C%20called%20%27Becuccio%20Bicchieraio%27%20-%20NG%202297%20-%20National%20Galleries%20of%20Scotland.jpg?width=420",
    "wikipedia_es": "https://es.wikipedia.org/wiki/Retrato_de_Becuccio_Bicchieraio_(Andrea_del_Sarto,_Edimburgo)",
    "wikipedia_it": "https://it.wikipedia.org/wiki/Ritratto_di_Becuccio_Bicchieraio_(Andrea_del_Sarto_Edimburgo)",
    "wikidata": "https://www.wikidata.org/wiki/Q27974811",
    "creation_place": "Florence",
    "creation_lat": 43.7696,
    "creation_lon": 11.2558,
    "_source": {
     "source": "Wikidata",
     "url": "https://www.wikidata.org/wiki/Q27974811",
     "retrieved_at": "2026-08-23"
    },
    "_overrides": {
     "creation": {
      "at": "2026-08-23",
      "source": "derived from start date + Caravaggio's documented itinerary (approximate)"
     }
    },
    "museum_id": "scottish-national-gallery",
    "qid": "Q27974811"
   }
  },
  {
   "type": "Feature",
   "geometry": {
    "type": "Point",
    "coordinates": [
     11.25528,
     43.76833
    ]
   },
   "properties": {
    "painter": "Andrea del Sarto",
    "title": "Archangel Raphael with Tobias, St. Laurentius and the donor Leonardo di Lorenzo Morelli",
    "year": "1512",
    "city": "Florence",
    "country": "Italy",
    "location": "Uffizi Gallery",
    "kind": "museum",
    "attribution": "generally accepted",
    "status": "present",
    "medium": "Oil on panel",
    "dimensions": "1780 × 1530 cm",
    "genre": "religious art",
    "image": "https://commons.wikimedia.org/wiki/Special:FilePath/Andrea%20del%20Sarto%20-%20The%20Archangel%20Raphael%20with%20Tobias%2C%20St.%20Leonard%20and%20the%20Donor%2C%20Leonardo%20di%20Lorenzo%20Morelli%20-%20Google%20Art%20Project.jpg?width=420",
    "wikipedia_it": "https://it.wikipedia.org/wiki/Arcangelo_Raffaele_con_Tobia,_san_Leonardo_e_il_donatore_Leonardo_di_Lorenzo_Morelli",
    "wikidata": "https://www.wikidata.org/wiki/Q27978347",
    "creation_place": "Florence",
    "creation_lat": 43.7696,
    "creation_lon": 11.2558,
    "_source": {
     "source": "Wikidata",
     "url": "https://www.wikidata.org/wiki/Q27978347",
     "retrieved_at": "2026-08-23"
    },
    "_overrides": {
     "creation": {
      "at": "2026-08-23",
      "source": "derived from start date + Caravaggio's documented itinerary (approximate)"
     }
    },
    "museum_id": "uffizi-gallery",
    "qid": "Q27978347",
    "wga_url": "https://www.wga.hu/html/a/andrea/sarto/1/tobias.html"
   }
  },
  {
   "type": "Feature",
   "geometry": {
    "type": "Point",
    "coordinates": [
     16.3616,
     48.20388
    ]
   },
   "properties": {
    "painter": "Andrea del Sarto",
    "title": "Lamentation of Christ",
    "year": "1519",
    "city": "Vienna",
    "country": "Austria",
    "location": "Kunsthistorisches Museum",
    "kind": "museum",
    "attribution": "generally accepted",
    "status": "present",
    "dimensions": "99 × 120 cm",
    "genre": "religious art",
    "image": "https://commons.wikimedia.org/wiki/Special:FilePath/Andrea%20del%20Sarto%20-%20Beweinung%20Christi%2C%20um%201519-1520.jpg?width=420",
    "wikipedia_it": "https://it.wikipedia.org/wiki/Compianto_sul_Cristo_morto_(Andrea_del_Sarto)",
    "wikidata": "https://www.wikidata.org/wiki/Q27978350",
    "creation_place": "Florence",
    "creation_lat": 43.7696,
    "creation_lon": 11.2558,
    "_source": {
     "source": "Wikidata",
     "url": "https://www.wikidata.org/wiki/Q27978350",
     "retrieved_at": "2026-08-23"
    },
    "_overrides": {
     "creation": {
      "at": "2026-08-23",
      "source": "derived from start date + Caravaggio's documented itinerary (approximate)"
     }
    },
    "museum_id": "kunsthistorisches-museum",
    "qid": "Q27978350",
    "wga_url": "https://www.wga.hu/html/a/andrea/sarto/2/lamentat.html"
   }
  },
  {
   "type": "Feature",
   "geometry": {
    "type": "Point",
    "coordinates": [
     -0.60444,
     51.48389
    ]
   },
   "properties": {
    "painter": "Andrea del Sarto",
    "title": "The Virgin and Child",
    "year": "1529",
    "city": "Windsor and Maidenhead",
    "country": "United Kingdom",
    "location": "Windsor Castle",
    "kind": "museum",
    "attribution": "generally accepted",
    "status": "present",
    "dimensions": "56.4 × 42.7 cm",
    "genre": "religious art",
    "image": "https://commons.wikimedia.org/wiki/Special:FilePath/Andrea%20del%20Sarto%20%28Florence%201486-Florence%201530%29%20-%20The%20Virgin%20and%20Child%20-%20RCIN%20405769%20-%20Royal%20Collection.jpg?width=420",
    "wikipedia_it": "https://it.wikipedia.org/wiki/Madonna_col_Bambino_(Andrea_del_Sarto)",
    "wikidata": "https://www.wikidata.org/wiki/Q28028756",
    "creation_place": "Florence",
    "creation_lat": 43.7696,
    "creation_lon": 11.2558,
    "_source": {
     "source": "Wikidata",
     "url": "https://www.wikidata.org/wiki/Q28028756",
     "retrieved_at": "2026-08-23"
    },
    "_overrides": {
     "creation": {
      "at": "2026-08-23",
      "source": "derived from start date + Caravaggio's documented itinerary (approximate)"
     }
    },
    "museum_id": "windsor-castle",
    "qid": "Q28028756"
   }
  },
  {
   "type": "Feature",
   "geometry": {
    "type": "Point",
    "coordinates": [
     -0.142,
     51.501
    ]
   },
   "properties": {
    "painter": "Andrea del Sarto",
    "title": "Portrait of a woman in yellow",
    "year": "1529",
    "city": "London",
    "country": "United Kingdom",
    "location": "Buckingham Palace",
    "kind": "museum",
    "attribution": "generally accepted",
    "status": "present",
    "medium": "Oil on canvas",
    "dimensions": "64.3 × 50.1 cm",
    "genre": "portrait",
    "image": "https://commons.wikimedia.org/wiki/Special:FilePath/Andrea%20del%20Sarto%20%28Florence%201486-Florence%201530%29%20-%20Portrait%20of%20a%20Woman%20in%20Yellow%20-%20RCIN%20404427%20-%20Royal%20Collection.jpg?width=420",
    "wikipedia_es": "https://es.wikipedia.org/wiki/Retrato_de_mujer_de_amarillo",
    "wikipedia_it": "https://it.wikipedia.org/wiki/Ritratto_di_donna_in_giallo",
    "wikidata": "https://www.wikidata.org/wiki/Q28035523",
    "creation_place": "Florence",
    "creation_lat": 43.7696,
    "creation_lon": 11.2558,
    "_source": {
     "source": "Wikidata",
     "url": "https://www.wikidata.org/wiki/Q28035523",
     "retrieved_at": "2026-08-23"
    },
    "_overrides": {
     "creation": {
      "at": "2026-08-23",
      "source": "derived from start date + Caravaggio's documented itinerary (approximate)"
     }
    },
    "museum_id": "buckingham-palace",
    "qid": "Q28035523"
   }
  },
  {
   "type": "Feature",
   "geometry": {
    "type": "Point",
    "coordinates": [
     -0.08639,
     51.44611
    ]
   },
   "properties": {
    "painter": "Andrea del Sarto",
    "title": "Madonna and Child with St John",
    "year": "1550",
    "city": "London",
    "country": "United Kingdom",
    "location": "Dulwich Picture Gallery",
    "kind": "museum",
    "attribution": "attributed",
    "status": "present",
    "medium": "Oil on panel",
    "dimensions": "854 × 638 cm",
    "genre": "religious art",
    "image": "https://commons.wikimedia.org/wiki/Special:FilePath/Del%20Sarto%2C%20Andrea%20-%20Madonna%20and%20Child%20with%20St%20John%20-%20Google%20Art%20Project.jpg?width=420",
    "wikidata": "https://www.wikidata.org/wiki/Q28801667",
    "_source": {
     "source": "Wikidata",
     "url": "https://www.wikidata.org/wiki/Q28801667",
     "retrieved_at": "2026-08-23"
    },
    "museum_id": "dulwich-picture-gallery",
    "qid": "Q28801667"
   }
  },
  {
   "type": "Feature",
   "geometry": {
    "type": "Point",
    "coordinates": [
     11.57,
     48.14833
    ]
   },
   "properties": {
    "painter": "Andrea del Sarto",
    "title": "Holy family",
    "year": "1607",
    "city": "Munich",
    "country": "Germany",
    "location": "Alte Pinakothek",
    "kind": "museum",
    "attribution": "attributed",
    "status": "present",
    "dimensions": "184.9 × 133 cm",
    "genre": "religious art",
    "image": "https://commons.wikimedia.org/wiki/Special:FilePath/Andrea%20del%20Sarto%20%28Kopie%20nach%29%20-%20Madonna%20della%20Scala%20-%201328%20-%20Bavarian%20State%20Painting%20Collections.jpg?width=420",
    "wikidata": "https://www.wikidata.org/wiki/Q29917998",
    "_source": {
     "source": "Wikidata",
     "url": "https://www.wikidata.org/wiki/Q29917998",
     "retrieved_at": "2026-08-23"
    },
    "museum_id": "alte-pinakothek",
    "qid": "Q29917998"
   }
  },
  {
   "type": "Feature",
   "geometry": {
    "type": "Point",
    "coordinates": [
     11.57,
     48.14833
    ]
   },
   "properties": {
    "painter": "Andrea del Sarto",
    "title": "The visitation",
    "year": "1593",
    "city": "Munich",
    "country": "Germany",
    "location": "Alte Pinakothek",
    "kind": "museum",
    "attribution": "attributed",
    "status": "present",
    "dimensions": "30.5 × 35.5 cm",
    "genre": "religious art",
    "image": "https://commons.wikimedia.org/wiki/Special:FilePath/Andrea%20del%20Sarto%20%28Kopie%20nach%29%20-%20Heimsuchung%20der%20Maria%20-%2068%20-%20Bavarian%20State%20Painting%20Collections.jpg?width=420",
    "wikidata": "https://www.wikidata.org/wiki/Q29918049",
    "_source": {
     "source": "Wikidata",
     "url": "https://www.wikidata.org/wiki/Q29918049",
     "retrieved_at": "2026-08-23"
    },
    "museum_id": "alte-pinakothek",
    "qid": "Q29918049"
   }
  },
  {
   "type": "Feature",
   "geometry": {
    "type": "Point",
    "coordinates": [
     11.57,
     48.14833
    ]
   },
   "properties": {
    "painter": "Andrea del Sarto",
    "title": "The preaching of John the Baptist",
    "year": "1593",
    "city": "Munich",
    "country": "Germany",
    "location": "Alte Pinakothek",
    "kind": "museum",
    "attribution": "attributed",
    "status": "present",
    "dimensions": "30 × 35 cm",
    "genre": "religious art",
    "image": "https://commons.wikimedia.org/wiki/Special:FilePath/Andrea%20del%20Sarto%20%28Kopie%20nach%29%20-%20Predigt%20Johannes%27%20des%20T%C3%A4ufers%20-%2071%20-%20Bavarian%20State%20Painting%20Collections.jpg?width=420",
    "wikidata": "https://www.wikidata.org/wiki/Q29920902",
    "_source": {
     "source": "Wikidata",
     "url": "https://www.wikidata.org/wiki/Q29920902",
     "retrieved_at": "2026-08-23"
    },
    "museum_id": "alte-pinakothek",
    "qid": "Q29920902"
   }
  },
  {
   "type": "Feature",
   "geometry": {
    "type": "Point",
    "coordinates": [
     11.57,
     48.14833
    ]
   },
   "properties": {
    "painter": "Andrea del Sarto",
    "title": "The Holy Family",
    "year": "1514",
    "city": "Munich",
    "country": "Germany",
    "location": "Alte Pinakothek",
    "kind": "museum",
    "attribution": "attributed",
    "status": "present",
    "medium": "Oil on panel",
    "dimensions": "137.2 × 104.3 cm",
    "genre": "religious art",
    "image": "https://commons.wikimedia.org/wiki/Special:FilePath/Andrea%20del%20Sarto%20-%20Heilige%20Familie%20%28Maria%20mit%20Kind%2C%20dem%20Johannesknaben%2C%20der%20hl.%20Elisabeth%20und%20zwei%20Engeln%29%20-%20501%20-%20Bavarian%20State%20Painting%20Collections.jpg?width=420",
    "wikidata": "https://www.wikidata.org/wiki/Q29953615",
    "creation_place": "Florence",
    "creation_lat": 43.7696,
    "creation_lon": 11.2558,
    "_source": {
     "source": "Wikidata",
     "url": "https://www.wikidata.org/wiki/Q29953615",
     "retrieved_at": "2026-08-23"
    },
    "_overrides": {
     "creation": {
      "at": "2026-08-23",
      "source": "derived from start date + Caravaggio's documented itinerary (approximate)"
     }
    },
    "museum_id": "alte-pinakothek",
    "qid": "Q29953615"
   }
  },
  {
   "type": "Feature",
   "geometry": {
    "type": "Point",
    "coordinates": [
     11.57,
     48.14833
    ]
   },
   "properties": {
    "painter": "Andrea del Sarto",
    "title": "Annunciation of the birth of John the Baptist",
    "year": "1593",
    "city": "Munich",
    "country": "Germany",
    "location": "Alte Pinakothek",
    "kind": "museum",
    "attribution": "attributed",
    "status": "present",
    "dimensions": "30 × 35 cm",
    "genre": "religious art",
    "image": "https://commons.wikimedia.org/wiki/Special:FilePath/Andrea%20del%20Sarto%20%28Kopie%20nach%29%20-%20Verk%C3%BCndigung%20der%20Geburt%20des%20Johannes%20-%2069%20-%20Bavarian%20State%20Painting%20Collections.jpg?width=420",
    "wikidata": "https://www.wikidata.org/wiki/Q30093516",
    "_source": {
     "source": "Wikidata",
     "url": "https://www.wikidata.org/wiki/Q30093516",
     "retrieved_at": "2026-08-23"
    },
    "museum_id": "alte-pinakothek",
    "qid": "Q30093516"
   }
  },
  {
   "type": "Feature",
   "geometry": {
    "type": "Point",
    "coordinates": [
     11.57,
     48.14833
    ]
   },
   "properties": {
    "painter": "Andrea del Sarto",
    "title": "Salome brings the head of John the Baptist",
    "year": "1593",
    "city": "Munich",
    "country": "Germany",
    "location": "Alte Pinakothek",
    "kind": "museum",
    "attribution": "attributed",
    "status": "present",
    "dimensions": "30 × 35 cm",
    "genre": "religious art",
    "image": "https://commons.wikimedia.org/wiki/Special:FilePath/Andrea%20del%20Sarto%20%28Kopie%20nach%29%20-%20Salome%20mit%20dem%20Haupt%20Johannes%27%20des%20T%C3%A4ufers%20-%2070%20-%20Bavarian%20State%20Painting%20Collections.jpg?width=420",
    "wikidata": "https://www.wikidata.org/wiki/Q30094324",
    "_source": {
     "source": "Wikidata",
     "url": "https://www.wikidata.org/wiki/Q30094324",
     "retrieved_at": "2026-08-23"
    },
    "museum_id": "alte-pinakothek",
    "qid": "Q30094324"
   }
  },
  {
   "type": "Feature",
   "geometry": {
    "type": "Point",
    "coordinates": [
     11.57,
     48.14833
    ]
   },
   "properties": {
    "painter": "Andrea del Sarto",
    "title": "Saint Joseph",
    "year": "1515",
    "city": "Munich",
    "country": "Germany",
    "location": "Alte Pinakothek",
    "kind": "museum",
    "attribution": "attributed",
    "status": "present",
    "dimensions": "55 × 44 cm",
    "genre": "religious art",
    "image": "https://commons.wikimedia.org/wiki/Special:FilePath/Andrea%20del%20Sarto%20%28Kopie%20nach%29%20-%20Hl.%20Joseph%20-%20933%20-%20Bavarian%20State%20Painting%20Collections.jpg?width=420",
    "wikidata": "https://www.wikidata.org/wiki/Q30099017",
    "creation_place": "Florence",
    "creation_lat": 43.7696,
    "creation_lon": 11.2558,
    "_source": {
     "source": "Wikidata",
     "url": "https://www.wikidata.org/wiki/Q30099017",
     "retrieved_at": "2026-08-23"
    },
    "_overrides": {
     "creation": {
      "at": "2026-08-23",
      "source": "derived from start date + Caravaggio's documented itinerary (approximate)"
     }
    },
    "museum_id": "alte-pinakothek",
    "qid": "Q30099017"
   }
  },
  {
   "type": "Feature",
   "geometry": {
    "type": "Point",
    "coordinates": [
     -71.80222,
     42.27306
    ]
   },
   "properties": {
    "painter": "Andrea del Sarto",
    "title": "Saint John the Baptist",
    "year": "1517",
    "city": "Worcester",
    "country": "United States",
    "location": "Museo de Arte de Worcester",
    "kind": "museum",
    "attribution": "attributed",
    "status": "present",
    "medium": "Oil on canvas",
    "dimensions": "71 × 50 cm",
    "genre": "religious art",
    "image": "https://commons.wikimedia.org/wiki/Special:FilePath/Saint%20John%20the%20Baptist%2C%20circa%201517%2C%20by%20Andrea%20del%20Sarto%20%281486-1530%29%20-%20IMG%207434.JPG?width=420",
    "wikidata": "https://www.wikidata.org/wiki/Q31578984",
    "creation_place": "Florence",
    "creation_lat": 43.7696,
    "creation_lon": 11.2558,
    "_source": {
     "source": "Wikidata",
     "url": "https://www.wikidata.org/wiki/Q31578984",
     "retrieved_at": "2026-08-23"
    },
    "_overrides": {
     "creation": {
      "at": "2026-08-23",
      "source": "derived from start date + Caravaggio's documented itinerary (approximate)"
     }
    },
    "museum_id": "museo-de-arte-de-worcester",
    "qid": "Q31578984"
   }
  },
  {
   "type": "Feature",
   "geometry": {
    "type": "Point",
    "coordinates": [
     11.25,
     43.7652
    ]
   },
   "properties": {
    "painter": "Andrea del Sarto",
    "title": "Della Scala Annunciation",
    "year": "1528",
    "city": "Florence",
    "country": "Italy",
    "location": "Galleria Palatina",
    "kind": "museum",
    "attribution": "generally accepted",
    "status": "present",
    "medium": "Oil on panel",
    "dimensions": "96 × 189 cm",
    "genre": "religious art",
    "image": "https://commons.wikimedia.org/wiki/Special:FilePath/Annunciation%20-%20Sarto.jpg?width=420",
    "wikipedia_es": "https://es.wikipedia.org/wiki/Anunciaci%C3%B3n_Della_Scala",
    "wikipedia_it": "https://it.wikipedia.org/wiki/Annunciazione_Della_Scala",
    "wikidata": "https://www.wikidata.org/wiki/Q3618188",
    "creation_place": "Florence",
    "creation_lat": 43.7696,
    "creation_lon": 11.2558,
    "_source": {
     "source": "Wikidata",
     "url": "https://www.wikidata.org/wiki/Q3618188",
     "retrieved_at": "2026-08-23"
    },
    "_overrides": {
     "creation": {
      "at": "2026-08-23",
      "source": "derived from start date + Caravaggio's documented itinerary (approximate)"
     }
    },
    "museum_id": "galleria-palatina",
    "qid": "Q3618188",
    "wga_url": "https://www.wga.hu/html/a/andrea/sarto/3/the_annx.html"
   }
  },
  {
   "type": "Feature",
   "geometry": {
    "type": "Point",
    "coordinates": [
     11.25,
     43.7652
    ]
   },
   "properties": {
    "painter": "Andrea del Sarto",
    "title": "Panciatichi Assumption",
    "year": "1523",
    "city": "Florence",
    "country": "Italy",
    "location": "Galleria Palatina",
    "kind": "museum",
    "attribution": "generally accepted",
    "status": "present",
    "medium": "Fiberboard, oil paint",
    "dimensions": "362 × 209 cm",
    "genre": "religious art",
    "image": "https://commons.wikimedia.org/wiki/Special:FilePath/Andrea%20del%20Sarto%20-%20Assumption%20of%20the%20Virgin%20-%20WGA0402.jpg?width=420",
    "wikipedia_es": "https://es.wikipedia.org/wiki/La_asunci%C3%B3n_de_la_Virgen_(Panciatichi,_Andrea_del_Sarto)",
    "wikipedia_en": "https://en.wikipedia.org/wiki/Panciatichi_Assumption",
    "wikipedia_it": "https://it.wikipedia.org/wiki/Assunta_Panciatichi",
    "wikidata": "https://www.wikidata.org/wiki/Q3627381",
    "creation_place": "Florence",
    "creation_lat": 43.7696,
    "creation_lon": 11.2558,
    "_source": {
     "source": "Wikidata",
     "url": "https://www.wikidata.org/wiki/Q3627381",
     "retrieved_at": "2026-08-23"
    },
    "_overrides": {
     "creation": {
      "at": "2026-08-23",
      "source": "derived from start date + Caravaggio's documented itinerary (approximate)"
     }
    },
    "museum_id": "galleria-palatina",
    "qid": "Q3627381",
    "wga_url": "https://www.wga.hu/html/a/andrea/sarto/3/assumpti.html"
   }
  },
  {
   "type": "Feature",
   "geometry": {
    "type": "Point",
    "coordinates": [
     11.25528,
     43.76833
    ]
   },
   "properties": {
    "painter": "Andrea del Sarto",
    "title": "Self-portrait",
    "year": "1528",
    "city": "Florence",
    "country": "Italy",
    "location": "Uffizi Gallery",
    "kind": "museum",
    "attribution": "generally accepted",
    "status": "present",
    "medium": "Fresco, terracotta",
    "dimensions": "51.5 × 37.5 cm",
    "genre": "self-portrait",
    "image": "https://commons.wikimedia.org/wiki/Special:FilePath/Sarto%2C%20Andrea%20del%20-%20Self-portrait%20-%20Uffizi.jpg?width=420",
    "wikipedia_es": "https://es.wikipedia.org/wiki/Autorretrato_(Andrea_del_Sarto)",
    "wikipedia_it": "https://it.wikipedia.org/wiki/Autoritratto_(Andrea_del_Sarto)",
    "wikidata": "https://www.wikidata.org/wiki/Q3630715",
    "creation_place": "Florence",
    "creation_lat": 43.7696,
    "creation_lon": 11.2558,
    "_source": {
     "source": "Wikidata",
     "url": "https://www.wikidata.org/wiki/Q3630715",
     "retrieved_at": "2026-08-23"
    },
    "_overrides": {
     "creation": {
      "at": "2026-08-23",
      "source": "derived from start date + Caravaggio's documented itinerary (approximate)"
     }
    },
    "museum_id": "uffizi-gallery",
    "qid": "Q3630715",
    "wga_url": "https://www.wga.hu/html/a/andrea/sarto/3/selfport.html"
   }
  },
  {
   "type": "Feature",
   "geometry": {
    "type": "Point",
    "coordinates": [
     2.3358,
     48.8611
    ]
   },
   "properties": {
    "painter": "Andrea del Sarto",
    "title": "Charity",
    "year": "1518",
    "country": "France",
    "location": "Louvre",
    "kind": "museum",
    "attribution": "generally accepted",
    "status": "present",
    "medium": "Oil on panel",
    "dimensions": "185 × 137 cm",
    "genre": "allegory",
    "image": "https://commons.wikimedia.org/wiki/Special:FilePath/La%20Charit%C3%A9%20-%20Andrea%20del%20Sarto%20-%20Mus%C3%A9e%20du%20Louvre%20Peintures%20INV%20712.jpg?width=420",
    "wikipedia_it": "https://it.wikipedia.org/wiki/Carit%C3%A0_(Andrea_del_Sarto)",
    "wikidata": "https://www.wikidata.org/wiki/Q3658719",
    "creation_place": "Florence",
    "creation_lat": 43.7696,
    "creation_lon": 11.2558,
    "_source": {
     "source": "Wikidata",
     "url": "https://www.wikidata.org/wiki/Q3658719",
     "retrieved_at": "2026-08-23"
    },
    "_overrides": {
     "creation": {
      "at": "2026-08-23",
      "source": "derived from start date + Caravaggio's documented itinerary (approximate)"
     }
    },
    "museum_id": "louvre",
    "city": "Paris",
    "qid": "Q3658719",
    "wga_url": "https://www.wga.hu/html/a/andrea/sarto/1/charity.html"
   }
  },
  {
   "type": "Feature",
   "geometry": {
    "type": "Point",
    "coordinates": [
     11.25528,
     43.76833
    ]
   },
   "properties": {
    "painter": "Andrea del Sarto",
    "title": "Lady with a book of Petrarch's rhyme",
    "year": "1528",
    "city": "Florence",
    "country": "Italy",
    "location": "Uffizi Gallery",
    "kind": "museum",
    "attribution": "generally accepted",
    "status": "present",
    "medium": "Oil on panel",
    "dimensions": "87 × 69 cm",
    "genre": "portrait",
    "image": "https://commons.wikimedia.org/wiki/Special:FilePath/Andrea%20del%20Sarto%20-%20Dama%20col%20-%20Google%20Art%20Project.jpg?width=420",
    "wikipedia_es": "https://es.wikipedia.org/wiki/Dama_con_petrarquino",
    "wikipedia_it": "https://it.wikipedia.org/wiki/Dama_col_Petrarchino",
    "wikidata": "https://www.wikidata.org/wiki/Q3701197",
    "creation_place": "Florence",
    "creation_lat": 43.7696,
    "creation_lon": 11.2558,
    "_source": {
     "source": "Wikidata",
     "url": "https://www.wikidata.org/wiki/Q3701197",
     "retrieved_at": "2026-08-23"
    },
    "_overrides": {
     "creation": {
      "at": "2026-08-23",
      "source": "derived from start date + Caravaggio's documented itinerary (approximate)"
     }
    },
    "museum_id": "uffizi-gallery",
    "qid": "Q3701197",
    "wga_url": "https://www.wga.hu/html/a/andrea/sarto/1/port_lad.html"
   }
  },
  {
   "type": "Feature",
   "geometry": {
    "type": "Point",
    "coordinates": [
     11.25528,
     43.76833
    ]
   },
   "properties": {
    "painter": "Andrea del Sarto",
    "title": "Portrait of a Woman with a Basket of Spindles",
    "year": "1514",
    "city": "Florence",
    "country": "Italy",
    "location": "Uffizi Gallery",
    "kind": "museum",
    "attribution": "generally accepted",
    "status": "present",
    "medium": "Oil on panel",
    "dimensions": "76 × 54 cm",
    "genre": "portrait",
    "image": "https://commons.wikimedia.org/wiki/Special:FilePath/Andrea%20del%20Sarto%20-%20Portrait%20of%20a%20Woman%20with%20a%20Basket%20of%20Spindles%20-%20WGA0377.jpg?width=420",
    "wikipedia_en": "https://en.wikipedia.org/wiki/Woman_with_a_Basket_of_Spindles",
    "wikipedia_it": "https://it.wikipedia.org/wiki/Dama_col_cestello_di_fusi",
    "wikidata": "https://www.wikidata.org/wiki/Q3701199",
    "creation_place": "Florence",
    "creation_lat": 43.7696,
    "creation_lon": 11.2558,
    "_source": {
     "source": "Wikidata",
     "url": "https://www.wikidata.org/wiki/Q3701199",
     "retrieved_at": "2026-08-23"
    },
    "_overrides": {
     "creation": {
      "at": "2026-08-23",
      "source": "derived from start date + Caravaggio's documented itinerary (approximate)"
     }
    },
    "museum_id": "uffizi-gallery",
    "qid": "Q3701199",
    "wga_url": "https://www.wga.hu/html/a/andrea/sarto/1/port_wom.html"
   }
  },
  {
   "type": "Feature",
   "geometry": {
    "type": "Point",
    "coordinates": [
     11.2611,
     43.7768
    ]
   },
   "properties": {
    "painter": "Andrea del Sarto",
    "title": "Miraculous Cure by Relics of Filippo Benizzi",
    "year": "1510",
    "country": "Italy",
    "location": "chiostrino dei Voti",
    "kind": "museum",
    "attribution": "generally accepted",
    "status": "present",
    "medium": "Fresco",
    "dimensions": "386 × 380 cm",
    "genre": "religious art",
    "image": "https://commons.wikimedia.org/wiki/Special:FilePath/Andrea%20del%20Sarto%20-%20Miraculous%20Cure%20by%20Relics%20of%20Filippo%20Benizzi2%20-%20WGA00362.jpg?width=420",
    "wikipedia_it": "https://it.wikipedia.org/wiki/Devozione_dei_fiorentini_alle_reliquie_di_san_Filippo",
    "wikidata": "https://www.wikidata.org/wiki/Q3706331",
    "creation_place": "Florence",
    "creation_lat": 43.7696,
    "creation_lon": 11.2558,
    "_source": {
     "source": "Wikidata",
     "url": "https://www.wikidata.org/wiki/Q3706331",
     "retrieved_at": "2026-08-23"
    },
    "_overrides": {
     "creation": {
      "at": "2026-08-23",
      "source": "derived from start date + Caravaggio's documented itinerary (approximate)"
     }
    },
    "museum_id": "chiostrino-dei-voti",
    "qid": "Q3706331",
    "wga_url": "https://www.wga.hu/html/a/andrea/sarto/1/b_miracu.html"
   }
  },
  {
   "type": "Feature",
   "geometry": {
    "type": "Point",
    "coordinates": [
     11.25,
     43.7652
    ]
   },
   "properties": {
    "painter": "Andrea del Sarto",
    "title": "The Disputation on the Trinity",
    "year": "1517",
    "city": "Florence",
    "country": "Italy",
    "location": "Galleria Palatina",
    "kind": "museum",
    "attribution": "generally accepted",
    "status": "present",
    "medium": "Oil on panel",
    "dimensions": "232 × 193 cm",
    "genre": "religious art",
    "image": "https://commons.wikimedia.org/wiki/Special:FilePath/Andrea%20del%20Sarto%20002.jpg?width=420",
    "wikipedia_es": "https://es.wikipedia.org/wiki/Disputa_sobre_la_Trinidad",
    "wikipedia_en": "https://en.wikipedia.org/wiki/The_Disputation_on_the_Trinity",
    "wikipedia_it": "https://it.wikipedia.org/wiki/Disputa_sulla_Trinit%C3%A0",
    "wikidata": "https://www.wikidata.org/wiki/Q3710280",
    "creation_place": "Florence",
    "creation_lat": 43.7696,
    "creation_lon": 11.2558,
    "_source": {
     "source": "Wikidata",
     "url": "https://www.wikidata.org/wiki/Q3710280",
     "retrieved_at": "2026-08-23"
    },
    "_overrides": {
     "creation": {
      "at": "2026-08-23",
      "source": "derived from start date + Caravaggio's documented itinerary (approximate)"
     }
    },
    "museum_id": "galleria-palatina",
    "qid": "Q3710280",
    "wga_url": "https://www.wga.hu/html/a/andrea/sarto/2/trinity.html"
   }
  },
  {
   "type": "Feature",
   "geometry": {
    "type": "Point",
    "coordinates": [
     11.25528,
     43.76833
    ]
   },
   "properties": {
    "painter": "Andrea del Sarto",
    "title": "Vallombrosa Altarpiece",
    "year": "1528",
    "city": "Florence",
    "country": "Italy",
    "location": "Uffizi Gallery",
    "kind": "museum",
    "attribution": "generally accepted",
    "status": "present",
    "medium": "Fresco painting",
    "genre": "religious art",
    "image": "https://commons.wikimedia.org/wiki/Special:FilePath/Andrea%20del%20sarto%2C%20dossale%20dei%20quattro%20santi%20o%20pala%20di%20vallombrosa.jpg?width=420",
    "wikipedia_it": "https://it.wikipedia.org/wiki/Dossale_dei_quattro_santi",
    "wikidata": "https://www.wikidata.org/wiki/Q3714445",
    "creation_place": "Florence",
    "creation_lat": 43.7696,
    "creation_lon": 11.2558,
    "_source": {
     "source": "Wikidata",
     "url": "https://www.wikidata.org/wiki/Q3714445",
     "retrieved_at": "2026-08-23"
    },
    "_overrides": {
     "creation": {
      "at": "2026-08-23",
      "source": "derived from start date + Caravaggio's documented itinerary (approximate)"
     }
    },
    "museum_id": "uffizi-gallery",
    "qid": "Q3714445",
    "wga_url": "https://www.wga.hu/html/a/andrea/sarto/3/vallomb2.html"
   }
  },
  {
   "type": "Feature",
   "geometry": {
    "type": "Point",
    "coordinates": [
     11.25528,
     43.76833
    ]
   },
   "properties": {
    "painter": "Andrea del Sarto",
    "title": "Joseph interpreting Pharaoh's dresm",
    "year": "1515",
    "city": "Florence",
    "country": "Italy",
    "location": "Uffizi Gallery",
    "kind": "museum",
    "attribution": "generally accepted",
    "status": "present",
    "medium": "Oil on panel",
    "dimensions": "98 × 135 cm",
    "genre": "religious art",
    "image": "https://commons.wikimedia.org/wiki/Special:FilePath/Andrea%20del%20Sarto%20-%20Stories%20of%20Joseph%20-%20WGA00387.jpg?width=420",
    "wikipedia_it": "https://it.wikipedia.org/wiki/Giuseppe_interpreta_i_sogni_del_faraone",
    "wikidata": "https://www.wikidata.org/wiki/Q3771677",
    "creation_place": "Florence",
    "creation_lat": 43.7696,
    "creation_lon": 11.2558,
    "_source": {
     "source": "Wikidata",
     "url": "https://www.wikidata.org/wiki/Q3771677",
     "retrieved_at": "2026-08-23"
    },
    "_overrides": {
     "creation": {
      "at": "2026-08-23",
      "source": "derived from start date + Caravaggio's documented itinerary (approximate)"
     }
    },
    "museum_id": "uffizi-gallery",
    "qid": "Q3771677",
    "wga_url": "https://www.wga.hu/html/a/andrea/sarto/2/joseph_2.html"
   }
  },
  {
   "type": "Feature",
   "geometry": {
    "type": "Point",
    "coordinates": [
     11.2611,
     43.7768
    ]
   },
   "properties": {
    "painter": "Andrea del Sarto",
    "title": "Liberation of the Woman possessed by the Devil",
    "year": "1509",
    "country": "Italy",
    "location": "chiostrino dei Voti",
    "kind": "museum",
    "attribution": "generally accepted",
    "status": "present",
    "medium": "Fresco",
    "dimensions": "364 × 300 cm",
    "genre": "religious art",
    "image": "https://commons.wikimedia.org/wiki/Special:FilePath/Andrea%20del%20Sarto%2C%20liberazione%20di%20un%27indemoniata%2C%201509-1510%2C%2001.jpg?width=420",
    "wikipedia_it": "https://it.wikipedia.org/wiki/Liberazione_di_un%27indemoniata",
    "wikidata": "https://www.wikidata.org/wiki/Q3831651",
    "creation_place": "Florence",
    "creation_lat": 43.7696,
    "creation_lon": 11.2558,
    "_source": {
     "source": "Wikidata",
     "url": "https://www.wikidata.org/wiki/Q3831651",
     "retrieved_at": "2026-08-23"
    },
    "_overrides": {
     "creation": {
      "at": "2026-08-23",
      "source": "derived from start date + Caravaggio's documented itinerary (approximate)"
     }
    },
    "museum_id": "chiostrino-dei-voti",
    "qid": "Q3831651"
   }
  },
  {
   "type": "Feature",
   "geometry": {
    "type": "Point",
    "coordinates": [
     2.3358,
     48.8611
    ]
   },
   "properties": {
    "painter": "Andrea del Sarto",
    "title": "Madonna and Child with St Elisabeth, the Infant St John, and Two Angels",
    "year": "1515",
    "country": "France",
    "location": "Louvre",
    "kind": "museum",
    "attribution": "generally accepted",
    "status": "present",
    "medium": "Oil on panel",
    "dimensions": "141.2 × 108 cm",
    "genre": "religious art",
    "image": "https://commons.wikimedia.org/wiki/Special:FilePath/La%20Sainte%20Famille%20aux%20Anges%20-%20Andrea%20del%20Sarto%20-%20Mus%C3%A9e%20du%20Louvre%20Peintures%20INV%20713.jpg?width=420",
    "wikipedia_it": "https://it.wikipedia.org/wiki/Madonna_degli_Angeli",
    "wikidata": "https://www.wikidata.org/wiki/Q3842600",
    "creation_place": "Florence",
    "creation_lat": 43.7696,
    "creation_lon": 11.2558,
    "_source": {
     "source": "Wikidata",
     "url": "https://www.wikidata.org/wiki/Q3842600",
     "retrieved_at": "2026-08-23"
    },
    "_overrides": {
     "creation": {
      "at": "2026-08-23",
      "source": "derived from start date + Caravaggio's documented itinerary (approximate)"
     }
    },
    "museum_id": "louvre",
    "city": "Paris",
    "qid": "Q3842600",
    "wga_url": "https://www.wga.hu/html/a/andrea/sarto/1/mad_chil.html"
   }
  },
  {
   "type": "Feature",
   "geometry": {
    "type": "Point",
    "coordinates": [
     -3.6922,
     40.4139
    ]
   },
   "properties": {
    "painter": "Andrea del Sarto",
    "title": "Virgin of the Stairs",
    "year": "1522",
    "city": "Madrid",
    "country": "Spain",
    "location": "Museo del Prado",
    "kind": "museum",
    "attribution": "generally accepted",
    "status": "present",
    "medium": "Oil on panel",
    "dimensions": "177 × 135 cm",
    "genre": "religious art",
    "image": "https://commons.wikimedia.org/wiki/Special:FilePath/Madonna%20della%20Scala%20%28Andrea%20del%20Sarto%29.jpg?width=420",
    "wikipedia_es": "https://es.wikipedia.org/wiki/Virgen_de_la_escalera_(Andrea_del_Sarto)",
    "wikipedia_it": "https://it.wikipedia.org/wiki/Madonna_della_Scala_(Andrea_del_Sarto)",
    "wikidata": "https://www.wikidata.org/wiki/Q3842686",
    "creation_place": "Florence",
    "creation_lat": 43.7696,
    "creation_lon": 11.2558,
    "_source": {
     "source": "Wikidata",
     "url": "https://www.wikidata.org/wiki/Q3842686",
     "retrieved_at": "2026-08-23"
    },
    "_overrides": {
     "creation": {
      "at": "2026-08-23",
      "source": "derived from start date + Caravaggio's documented itinerary (approximate)"
     }
    },
    "museum_id": "museo-del-prado",
    "qid": "Q3842686",
    "wga_url": "https://www.wga.hu/html/a/andrea/sarto/2/virgin_s.html"
   }
  },
  {
   "type": "Feature",
   "geometry": {
    "type": "Point",
    "coordinates": [
     11.25,
     43.7652
    ]
   },
   "properties": {
    "painter": "Andrea del Sarto",
    "title": "Assumption of the Virgin",
    "year": "1530",
    "city": "Florence",
    "country": "Italy",
    "location": "Galleria Palatina",
    "kind": "museum",
    "attribution": "generally accepted",
    "status": "present",
    "medium": "Oil on panel",
    "dimensions": "309 × 205 cm",
    "genre": "religious art",
    "image": "https://commons.wikimedia.org/wiki/Special:FilePath/Andrea%20del%20Sarto%20-%20Assumption%20of%20the%20Virgin%20%28Poppi%20Altarpiece%29%20-%20WGA0416.jpg?width=420",
    "wikipedia_es": "https://es.wikipedia.org/wiki/Madonna_en_la_Gloria_con_cuatro_santos",
    "wikipedia_it": "https://it.wikipedia.org/wiki/Madonna_in_gloria_con_quattro_santi",
    "wikidata": "https://www.wikidata.org/wiki/Q3842749",
    "creation_place": "Florence",
    "creation_lat": 43.7696,
    "creation_lon": 11.2558,
    "_source": {
     "source": "Wikidata",
     "url": "https://www.wikidata.org/wiki/Q3842749",
     "retrieved_at": "2026-08-23"
    },
    "_overrides": {
     "creation": {
      "at": "2026-08-23",
      "source": "derived from start date + Caravaggio's documented itinerary (approximate)"
     }
    },
    "museum_id": "galleria-palatina",
    "qid": "Q3842749",
    "wga_url": "https://www.wga.hu/html/a/andrea/sarto/3/virgin.html"
   }
  },
  {
   "type": "Feature",
   "geometry": {
    "type": "Point",
    "coordinates": [
     9.41611,
     51.315
    ]
   },
   "properties": {
    "painter": "Andrea del Sarto",
    "title": "The Mystical Marriage of Saint Catherine",
    "year": "1512",
    "city": "Kassel",
    "country": "Germany",
    "location": "Gemäldegalerie Alte Meister",
    "kind": "museum",
    "attribution": "generally accepted",
    "status": "present",
    "medium": "Oil on panel",
    "dimensions": "167 × 122 cm",
    "genre": "religious art",
    "image": "https://commons.wikimedia.org/wiki/Special:FilePath/Andrea%20del%20sarto%2C%20matrimonio%20mistico%20di%20s.%20caterina%2C%20dresda.jpg?width=420",
    "wikipedia_en": "https://en.wikipedia.org/wiki/Mystic_Marriage_of_Saint_Catherine_(Andrea_del_Sarto)",
    "wikipedia_it": "https://it.wikipedia.org/wiki/Matrimonio_mistico_di_santa_Caterina_d%27Alessandria_(Andrea_del_Sarto)",
    "wikidata": "https://www.wikidata.org/wiki/Q3851957",
    "creation_place": "Florence",
    "creation_lat": 43.7696,
    "creation_lon": 11.2558,
    "_source": {
     "source": "Wikidata",
     "url": "https://www.wikidata.org/wiki/Q3851957",
     "retrieved_at": "2026-08-23"
    },
    "_overrides": {
     "creation": {
      "at": "2026-08-23",
      "source": "derived from start date + Caravaggio's documented itinerary (approximate)"
     }
    },
    "museum_id": "gemaldegalerie-alte-meister",
    "qid": "Q3851957"
   }
  },
  {
   "type": "Feature",
   "geometry": {
    "type": "Point",
    "coordinates": [
     11.2611,
     43.7768
    ]
   },
   "properties": {
    "painter": "Andrea del Sarto",
    "title": "Death of Saint Philip Benizi and Resurrection of a Child",
    "year": "1510",
    "country": "Italy",
    "location": "chiostrino dei Voti",
    "kind": "museum",
    "attribution": "generally accepted",
    "status": "present",
    "medium": "Fresco",
    "dimensions": "362 × 306 cm",
    "genre": "religious art",
    "image": "https://commons.wikimedia.org/wiki/Special:FilePath/Andrea%20del%20sarto%2C%20Morte%20di%20san%20Filippo%20Benizi%20e%20resurrezione%20di%20un%20fanciullo%2C%201510%2C%2001.jpg?width=420",
    "wikipedia_it": "https://it.wikipedia.org/wiki/Morte_di_san_Filippo_Benizi_e_resurrezione_di_un_fanciullo",
    "wikidata": "https://www.wikidata.org/wiki/Q3863247",
    "creation_place": "Florence",
    "creation_lat": 43.7696,
    "creation_lon": 11.2558,
    "_source": {
     "source": "Wikidata",
     "url": "https://www.wikidata.org/wiki/Q3863247",
     "retrieved_at": "2026-08-23"
    },
    "_overrides": {
     "creation": {
      "at": "2026-08-23",
      "source": "derived from start date + Caravaggio's documented itinerary (approximate)"
     }
    },
    "museum_id": "chiostrino-dei-voti",
    "qid": "Q3863247"
   }
  },
  {
   "type": "Feature",
   "geometry": {
    "type": "Point",
    "coordinates": [
     11.2611,
     43.7768
    ]
   },
   "properties": {
    "painter": "Andrea del Sarto",
    "title": "Birth of the Virgin",
    "year": "1513-1514",
    "country": "Italy",
    "location": "chiostrino dei Voti",
    "kind": "museum",
    "attribution": "generally accepted",
    "status": "present",
    "medium": "Fresco",
    "dimensions": "410 × 340 cm",
    "genre": "religious art",
    "image": "https://commons.wikimedia.org/wiki/Special:FilePath/Chiostro%20dei%20voti%2C%20andrea%20del%20sarto%2C%20nascita%20della%20vergine.jpg?width=420",
    "wikipedia_en": "https://en.wikipedia.org/wiki/Nativity_of_the_Virgin_(del_Sarto)",
    "wikipedia_it": "https://it.wikipedia.org/wiki/Nativit%C3%A0_della_Vergine_(Andrea_del_Sarto)",
    "wikidata": "https://www.wikidata.org/wiki/Q3873243",
    "creation_place": "Florence",
    "creation_lat": 43.7696,
    "creation_lon": 11.2558,
    "_source": {
     "source": "Wikidata",
     "url": "https://www.wikidata.org/wiki/Q3873243",
     "retrieved_at": "2026-08-23"
    },
    "_overrides": {
     "creation": {
      "at": "2026-08-23",
      "source": "derived from start date + Caravaggio's documented itinerary (approximate)"
     }
    },
    "museum_id": "chiostrino-dei-voti",
    "qid": "Q3873243",
    "wga_url": "https://www.wga.hu/html/a/andrea/sarto/1/b_virgin.html"
   }
  },
  {
   "type": "Feature",
   "geometry": {
    "type": "Point",
    "coordinates": [
     11.28602,
     43.77163
    ]
   },
   "properties": {
    "painter": "Andrea del Sarto",
    "title": "Noli me tangere",
    "year": "1510",
    "city": "Florence",
    "country": "Italy",
    "location": "Museum of the Last Supper of Andrea del Sarto",
    "kind": "museum",
    "attribution": "generally accepted",
    "status": "present",
    "medium": "Oil on panel",
    "dimensions": "176 × 155 cm",
    "genre": "religious art",
    "image": "https://commons.wikimedia.org/wiki/Special:FilePath/Sarto%2C%20Andrea%20del%20-%20Noli%20me%20tangere%20-%20c.%201510.jpg?width=420",
    "wikipedia_en": "https://en.wikipedia.org/wiki/Noli_me_tangere_(Andrea_del_Sarto)",
    "wikipedia_it": "https://it.wikipedia.org/wiki/Noli_me_tangere_(Andrea_del_Sarto)",
    "wikidata": "https://www.wikidata.org/wiki/Q3877890",
    "creation_place": "Florence",
    "creation_lat": 43.7696,
    "creation_lon": 11.2558,
    "_source": {
     "source": "Wikidata",
     "url": "https://www.wikidata.org/wiki/Q3877890",
     "retrieved_at": "2026-08-23"
    },
    "_overrides": {
     "creation": {
      "at": "2026-08-23",
      "source": "derived from start date + Caravaggio's documented itinerary (approximate)"
     }
    },
    "museum_id": "museum-of-the-last-supper-of-andrea-del-sarto",
    "qid": "Q3877890"
   }
  },
  {
   "type": "Feature",
   "geometry": {
    "type": "Point",
    "coordinates": [
     11.25,
     43.7652
    ]
   },
   "properties": {
    "painter": "Andrea del Sarto",
    "title": "Gambassi Altarpiece",
    "year": "1528",
    "city": "Florence",
    "country": "Italy",
    "location": "Galleria Palatina",
    "kind": "museum",
    "attribution": "generally accepted",
    "status": "present",
    "medium": "Oil on panel",
    "dimensions": "209 × 176 cm",
    "genre": "religious art",
    "image": "https://commons.wikimedia.org/wiki/Special:FilePath/Andrea%20del%20Sarto%20-%20Virgin%20and%20Child%20in%20Glory%20with%20Six%20Saints%20-%20WGA0406.jpg?width=420",
    "wikipedia_es": "https://es.wikipedia.org/wiki/Retablo_de_Gambassi",
    "wikipedia_it": "https://it.wikipedia.org/wiki/Pala_di_Gambassi",
    "wikidata": "https://www.wikidata.org/wiki/Q3889243",
    "creation_place": "Florence",
    "creation_lat": 43.7696,
    "creation_lon": 11.2558,
    "_source": {
     "source": "Wikidata",
     "url": "https://www.wikidata.org/wiki/Q3889243",
     "retrieved_at": "2026-08-23"
    },
    "_overrides": {
     "creation": {
      "at": "2026-08-23",
      "source": "derived from start date + Caravaggio's documented itinerary (approximate)"
     }
    },
    "museum_id": "galleria-palatina",
    "qid": "Q3889243",
    "wga_url": "https://www.wga.hu/html/a/andrea/sarto/3/madglory.html"
   }
  },
  {
   "type": "Feature",
   "geometry": {
    "type": "Point",
    "coordinates": [
     11.25,
     43.7652
    ]
   },
   "properties": {
    "painter": "Andrea del Sarto",
    "title": "Pietà with Saints",
    "year": "1523",
    "city": "Florence",
    "country": "Italy",
    "location": "Galleria Palatina",
    "kind": "museum",
    "attribution": "generally accepted",
    "status": "present",
    "medium": "Oil on panel",
    "dimensions": "239 × 199 cm",
    "genre": "religious art",
    "image": "https://commons.wikimedia.org/wiki/Special:FilePath/Andrea%20del%20Sarto%20-%20Piet%C3%A0%20with%20Saints%20-%20WGA0395.jpg?width=420",
    "wikipedia_it": "https://it.wikipedia.org/wiki/Piet%C3%A0_di_Luco",
    "wikidata": "https://www.wikidata.org/wiki/Q3904409",
    "creation_place": "Florence",
    "creation_lat": 43.7696,
    "creation_lon": 11.2558,
    "_source": {
     "source": "Wikidata",
     "url": "https://www.wikidata.org/wiki/Q3904409",
     "retrieved_at": "2026-08-23"
    },
    "_overrides": {
     "creation": {
      "at": "2026-08-23",
      "source": "derived from start date + Caravaggio's documented itinerary (approximate)"
     }
    },
    "museum_id": "galleria-palatina",
    "qid": "Q3904409",
    "wga_url": "https://www.wga.hu/html/a/andrea/sarto/2/pieta.html"
   }
  },
  {
   "type": "Feature",
   "geometry": {
    "type": "Point",
    "coordinates": [
     11.2611,
     43.7768
    ]
   },
   "properties": {
    "painter": "Andrea del Sarto",
    "title": "Punishment of the Gamblers",
    "year": "1510",
    "country": "Italy",
    "location": "chiostrino dei Voti",
    "kind": "museum",
    "attribution": "generally accepted",
    "status": "present",
    "medium": "Fresco",
    "dimensions": "360 × 300 cm",
    "image": "https://commons.wikimedia.org/wiki/Special:FilePath/Andrea%20del%20Sarto%20-%20Punishment%20of%20the%20Gamblers%20-%20WGA00360.jpg?width=420",
    "wikipedia_it": "https://it.wikipedia.org/wiki/Punizione_dei_bestemmiatori",
    "wikidata": "https://www.wikidata.org/wiki/Q3925592",
    "creation_place": "Florence",
    "creation_lat": 43.7696,
    "creation_lon": 11.2558,
    "_source": {
     "source": "Wikidata",
     "url": "https://www.wikidata.org/wiki/Q3925592",
     "retrieved_at": "2026-08-23"
    },
    "_overrides": {
     "creation": {
      "at": "2026-08-23",
      "source": "derived from start date + Caravaggio's documented itinerary (approximate)"
     }
    },
    "museum_id": "chiostrino-dei-voti",
    "qid": "Q3925592",
    "wga_url": "https://www.wga.hu/html/a/andrea/sarto/1/b_gamble.html"
   }
  },
  {
   "type": "Feature",
   "geometry": {
    "type": "Point",
    "coordinates": [
     12.48953,
     41.90278
    ]
   },
   "properties": {
    "painter": "Andrea del Sarto",
    "title": "The Holy Family",
    "year": "1528",
    "city": "Rome",
    "country": "Italy",
    "location": "Galleria Nazionale d'Arte Antica",
    "kind": "museum",
    "attribution": "generally accepted",
    "status": "present",
    "medium": "Oil on panel",
    "dimensions": "140 × 104 cm",
    "genre": "religious art",
    "image": "https://commons.wikimedia.org/wiki/Special:FilePath/Andrea%20del%20Sarto%20-%20Holy%20Family%20%28Barberini%29%20-%20WGA00405.jpg?width=420",
    "wikipedia_en": "https://en.wikipedia.org/wiki/Holy_Family_(Andrea_del_Sarto)",
    "wikipedia_it": "https://it.wikipedia.org/wiki/Sacra_Famiglia_Barberini",
    "wikidata": "https://www.wikidata.org/wiki/Q3944457",
    "creation_place": "Florence",
    "creation_lat": 43.7696,
    "creation_lon": 11.2558,
    "_source": {
     "source": "Wikidata",
     "url": "https://www.wikidata.org/wiki/Q3944457",
     "retrieved_at": "2026-08-23"
    },
    "_overrides": {
     "creation": {
      "at": "2026-08-23",
      "source": "derived from start date + Caravaggio's documented itinerary (approximate)"
     }
    },
    "museum_id": "galleria-nazionale-d-arte-antica",
    "qid": "Q3944457",
    "wga_url": "https://www.wga.hu/html/a/andrea/sarto/3/holyfamy.html"
   }
  },
  {
   "type": "Feature",
   "geometry": {
    "type": "Point",
    "coordinates": [
     -73.9631,
     40.7794
    ]
   },
   "properties": {
    "painter": "Andrea del Sarto",
    "title": "The Holy Family with the Young Saint John the Baptist",
    "year": "1529",
    "city": "New York",
    "country": "United States",
    "location": "Metropolitan Museum of Art",
    "kind": "museum",
    "attribution": "generally accepted",
    "status": "present",
    "medium": "Oil on panel",
    "dimensions": "135.9 × 100.6 cm",
    "genre": "religious art",
    "image": "https://commons.wikimedia.org/wiki/Special:FilePath/The%20Holy%20Family%20with%20the%20Young%20Saint%20John%20the%20Baptist%2C%20by%20Andrea%20del%20Sarto%2C%20MET%20DP295025%2C%20edited.jpg?width=420",
    "wikipedia_it": "https://it.wikipedia.org/wiki/Sacra_Famiglia_Borgherini",
    "wikidata": "https://www.wikidata.org/wiki/Q3944459",
    "creation_place": "Florence",
    "creation_lat": 43.7696,
    "creation_lon": 11.2558,
    "_source": {
     "source": "Wikidata",
     "url": "https://www.wikidata.org/wiki/Q3944459",
     "retrieved_at": "2026-08-23"
    },
    "_overrides": {
     "creation": {
      "at": "2026-08-23",
      "source": "derived from start date + Caravaggio's documented itinerary (approximate)"
     }
    },
    "museum_id": "metropolitan-museum-of-art",
    "qid": "Q3944459",
    "wga_url": "https://www.wga.hu/html/a/andrea/sarto/3/holyfami.html"
   }
  },
  {
   "type": "Feature",
   "geometry": {
    "type": "Point",
    "coordinates": [
     11.25,
     43.7652
    ]
   },
   "properties": {
    "painter": "Andrea del Sarto",
    "title": "Bracci Holy Family",
    "year": "1523",
    "city": "Florence",
    "country": "Italy",
    "location": "Galleria Palatina",
    "kind": "museum",
    "attribution": "generally accepted",
    "status": "present",
    "medium": "Oil on panel",
    "dimensions": "129 × 105 cm",
    "genre": "religious art",
    "image": "https://commons.wikimedia.org/wiki/Special:FilePath/Andrea%20del%20Sarto%20-%20Holy%20Family%20-%20WGA0385.jpg?width=420",
    "wikipedia_it": "https://it.wikipedia.org/wiki/Sacra_Famiglia_Bracci",
    "wikidata": "https://www.wikidata.org/wiki/Q3944461",
    "creation_place": "Florence",
    "creation_lat": 43.7696,
    "creation_lon": 11.2558,
    "_source": {
     "source": "Wikidata",
     "url": "https://www.wikidata.org/wiki/Q3944461",
     "retrieved_at": "2026-08-23"
    },
    "_overrides": {
     "creation": {
      "at": "2026-08-23",
      "source": "derived from start date + Caravaggio's documented itinerary (approximate)"
     }
    },
    "museum_id": "galleria-palatina",
    "qid": "Q3944461",
    "wga_url": "https://www.wga.hu/html/a/andrea/sarto/2/holy_fam.html"
   }
  },
  {
   "type": "Feature",
   "geometry": {
    "type": "Point",
    "coordinates": [
     11.25,
     43.7652
    ]
   },
   "properties": {
    "painter": "Andrea del Sarto",
    "title": "Madonna with child, Saint Elizabeth, and Saint John",
    "year": "1529",
    "city": "Florence",
    "country": "Italy",
    "location": "Galleria Palatina",
    "kind": "museum",
    "attribution": "generally accepted",
    "status": "present",
    "medium": "Oil on panel",
    "dimensions": "140 × 104 cm",
    "genre": "religious art",
    "image": "https://commons.wikimedia.org/wiki/Special:FilePath/Sarto%2C%20Andrea%20del%20-%20Madonna%20col%20Bambino%2C%20Santa%20Elisabetta%20e%20San%20Giovannino%20-%201529.jpg?width=420",
    "wikipedia_it": "https://it.wikipedia.org/wiki/Sacra_Famiglia_Medici",
    "wikidata": "https://www.wikidata.org/wiki/Q3944463",
    "creation_place": "Florence",
    "creation_lat": 43.7696,
    "creation_lon": 11.2558,
    "_source": {
     "source": "Wikidata",
     "url": "https://www.wikidata.org/wiki/Q3944463",
     "retrieved_at": "2026-08-23"
    },
    "_overrides": {
     "creation": {
      "at": "2026-08-23",
      "source": "derived from start date + Caravaggio's documented itinerary (approximate)"
     }
    },
    "museum_id": "galleria-palatina",
    "qid": "Q3944463"
   }
  },
  {
   "type": "Feature",
   "geometry": {
    "type": "Point",
    "coordinates": [
     9.41611,
     51.315
    ]
   },
   "properties": {
    "painter": "Andrea del Sarto",
    "title": "The Sacrifice of Isaac",
    "year": "1527",
    "city": "Kassel",
    "country": "Germany",
    "location": "Gemäldegalerie Alte Meister",
    "kind": "museum",
    "attribution": "generally accepted",
    "status": "present",
    "medium": "Oil on panel",
    "dimensions": "213 × 159 cm",
    "genre": "religious art",
    "image": "https://commons.wikimedia.org/wiki/Special:FilePath/Andrea%20del%20Sarto%20-%20Il%20sacrificio%20di%20Isacco%20%28Dresden%29%20-%20WGA00396.jpg?width=420",
    "wikipedia_es": "https://es.wikipedia.org/wiki/El_sacrificio_de_Isaac_(Andrea_del_Sarto)",
    "wikipedia_en": "https://en.wikipedia.org/wiki/Sacrifice_of_Isaac_(Andrea_del_Sarto)",
    "wikipedia_it": "https://it.wikipedia.org/wiki/Sacrificio_di_Isacco_(Andrea_del_Sarto)",
    "wikidata": "https://www.wikidata.org/wiki/Q3944647",
    "creation_place": "Florence",
    "creation_lat": 43.7696,
    "creation_lon": 11.2558,
    "_source": {
     "source": "Wikidata",
     "url": "https://www.wikidata.org/wiki/Q3944647",
     "retrieved_at": "2026-08-23"
    },
    "_overrides": {
     "creation": {
      "at": "2026-08-23",
      "source": "derived from start date + Caravaggio's documented itinerary (approximate)"
     }
    },
    "museum_id": "gemaldegalerie-alte-meister",
    "qid": "Q3944647",
    "wga_url": "https://www.wga.hu/html/a/andrea/sarto/2/sacrific.html"
   }
  },
  {
   "type": "Feature",
   "geometry": {
    "type": "Point",
    "coordinates": [
     11.26128,
     43.7769
    ]
   },
   "properties": {
    "painter": "Andrea del Sarto",
    "title": "Christ the Redeemer",
    "year": "1525",
    "city": "Florence",
    "country": "Italy",
    "location": "Santissima Annunziata",
    "kind": "church",
    "attribution": "generally accepted",
    "status": "present",
    "medium": "Wood",
    "dimensions": "47 × 27 cm",
    "genre": "religious art",
    "image": "https://commons.wikimedia.org/wiki/Special:FilePath/Andrea%20del%20Sarto%20-%20Christ%20the%20Redeemer%20-%20WGA00379.jpg?width=420",
    "wikipedia_it": "https://it.wikipedia.org/wiki/Salvatore_(Andrea_del_Sarto)",
    "wikidata": "https://www.wikidata.org/wiki/Q3945930",
    "creation_place": "Florence",
    "creation_lat": 43.7696,
    "creation_lon": 11.2558,
    "_source": {
     "source": "Wikidata",
     "url": "https://www.wikidata.org/wiki/Q3945930",
     "retrieved_at": "2026-08-23"
    },
    "_overrides": {
     "creation": {
      "at": "2026-08-23",
      "source": "derived from start date + Caravaggio's documented itinerary (approximate)"
     }
    },
    "museum_id": "santissima-annunziata",
    "qid": "Q3945930",
    "wga_url": "https://www.wga.hu/html/a/andrea/sarto/1/redeemer.html"
   }
  },
  {
   "type": "Feature",
   "geometry": {
    "type": "Point",
    "coordinates": [
     11.2611,
     43.7768
    ]
   },
   "properties": {
    "painter": "Andrea del Sarto",
    "title": "Saint Philip heals a leper",
    "year": "1509",
    "country": "Italy",
    "location": "chiostrino dei Voti",
    "kind": "museum",
    "attribution": "generally accepted",
    "status": "present",
    "dimensions": "380 × 321 cm",
    "genre": "religious art",
    "image": "https://commons.wikimedia.org/wiki/Special:FilePath/Andrea%20del%20Sarto%2C%20San%20Filippo%20risana%20un%20lebbroso%2C%201509-10%2C%2001.jpg?width=420",
    "wikipedia_it": "https://it.wikipedia.org/wiki/San_Filippo_risana_un_lebbroso",
    "wikidata": "https://www.wikidata.org/wiki/Q3947064",
    "creation_place": "Florence",
    "creation_lat": 43.7696,
    "creation_lon": 11.2558,
    "_source": {
     "source": "Wikidata",
     "url": "https://www.wikidata.org/wiki/Q3947064",
     "retrieved_at": "2026-08-23"
    },
    "_overrides": {
     "creation": {
      "at": "2026-08-23",
      "source": "derived from start date + Caravaggio's documented itinerary (approximate)"
     }
    },
    "museum_id": "chiostrino-dei-voti",
    "qid": "Q3947064"
   }
  },
  {
   "type": "Feature",
   "geometry": {
    "type": "Point",
    "coordinates": [
     11.25,
     43.7652
    ]
   },
   "properties": {
    "painter": "Andrea del Sarto",
    "title": "Saint John the Baptist as a Boy",
    "year": "1523",
    "city": "Florence",
    "country": "Italy",
    "location": "Galleria Palatina",
    "kind": "museum",
    "attribution": "generally accepted",
    "status": "present",
    "medium": "Oil on canvas",
    "dimensions": "94 × 68 cm",
    "genre": "religious art",
    "image": "https://commons.wikimedia.org/wiki/Special:FilePath/Andrea%20del%20Sarto%20-%20St.%20John%20the%20Baptist%2C%20c.%201523%2C%20Palatina%2C%20n%C2%B0%20272.jpg?width=420",
    "wikipedia_es": "https://es.wikipedia.org/wiki/San_Juan_Bautista_(Andrea_del_Sarto)",
    "wikipedia_en": "https://en.wikipedia.org/wiki/Saint_John_the_Baptist_as_a_Boy_(Andrea_del_Sarto)",
    "wikipedia_it": "https://it.wikipedia.org/wiki/San_Giovannino_(Andrea_del_Sarto)",
    "wikidata": "https://www.wikidata.org/wiki/Q3947281",
    "creation_place": "Florence",
    "creation_lat": 43.7696,
    "creation_lon": 11.2558,
    "_source": {
     "source": "Wikidata",
     "url": "https://www.wikidata.org/wiki/Q3947281",
     "retrieved_at": "2026-08-23"
    },
    "_overrides": {
     "creation": {
      "at": "2026-08-23",
      "source": "derived from start date + Caravaggio's documented itinerary (approximate)"
     }
    },
    "museum_id": "galleria-palatina",
    "qid": "Q3947281",
    "wga_url": "https://www.wga.hu/html/a/andrea/sarto/3/baptist.html"
   }
  },
  {
   "type": "Feature",
   "geometry": {
    "type": "Point",
    "coordinates": [
     11.25528,
     43.76833
    ]
   },
   "properties": {
    "painter": "Andrea del Sarto",
    "title": "Saint James",
    "year": "1528",
    "city": "Florence",
    "country": "Italy",
    "location": "Uffizi Gallery",
    "kind": "museum",
    "attribution": "generally accepted",
    "status": "present",
    "medium": "Oil on canvas",
    "dimensions": "159 × 86 cm",
    "genre": "religious art",
    "image": "https://commons.wikimedia.org/wiki/Special:FilePath/Andrea%20del%20Sarto%2C%20Standard%20for%20the%20San%20Jacopo%20del%20Nicchio%20Fraternity%2C%201528%2C%20Uffizi.jpg?width=420",
    "wikipedia_it": "https://it.wikipedia.org/wiki/San_Jacopo_con_due_fanciulli",
    "wikidata": "https://www.wikidata.org/wiki/Q3947375",
    "creation_place": "Florence",
    "creation_lat": 43.7696,
    "creation_lon": 11.2558,
    "_source": {
     "source": "Wikidata",
     "url": "https://www.wikidata.org/wiki/Q3947375",
     "retrieved_at": "2026-08-23"
    },
    "_overrides": {
     "creation": {
      "at": "2026-08-23",
      "source": "derived from start date + Caravaggio's documented itinerary (approximate)"
     }
    },
    "museum_id": "uffizi-gallery",
    "qid": "Q3947375",
    "wga_url": "https://www.wga.hu/html/a/andrea/sarto/3/s_james.html"
   }
  },
  {
   "type": "Feature",
   "geometry": {
    "type": "Point",
    "coordinates": [
     11.25528,
     43.76833
    ]
   },
   "properties": {
    "painter": "Andrea del Sarto",
    "title": "Stories of Joseph",
    "year": "1515",
    "city": "Florence",
    "country": "Italy",
    "location": "Uffizi Gallery",
    "kind": "museum",
    "attribution": "generally accepted",
    "status": "present",
    "medium": "Oil on panel",
    "dimensions": "98 × 135 cm",
    "genre": "religious art",
    "image": "https://commons.wikimedia.org/wiki/Special:FilePath/Andrea%20del%20Sarto%20-%20Stories%20of%20Joseph%20-%20WGA00386.jpg?width=420",
    "wikipedia_it": "https://it.wikipedia.org/wiki/Storie_dell%27infanzia_di_Giuseppe",
    "wikidata": "https://www.wikidata.org/wiki/Q3974456",
    "creation_place": "Florence",
    "creation_lat": 43.7696,
    "creation_lon": 11.2558,
    "_source": {
     "source": "Wikidata",
     "url": "https://www.wikidata.org/wiki/Q3974456",
     "retrieved_at": "2026-08-23"
    },
    "_overrides": {
     "creation": {
      "at": "2026-08-23",
      "source": "derived from start date + Caravaggio's documented itinerary (approximate)"
     }
    },
    "museum_id": "uffizi-gallery",
    "qid": "Q3974456",
    "wga_url": "https://www.wga.hu/html/a/andrea/sarto/2/joseph_1.html"
   }
  },
  {
   "type": "Feature",
   "geometry": {
    "type": "Point",
    "coordinates": [
     11.2611,
     43.7768
    ]
   },
   "properties": {
    "painter": "Andrea del Sarto",
    "title": "Journey of the Magi",
    "year": "1511",
    "country": "Italy",
    "location": "chiostrino dei Voti",
    "kind": "museum",
    "attribution": "generally accepted",
    "status": "present",
    "medium": "Fresco",
    "dimensions": "407 × 321 cm",
    "genre": "religious art",
    "image": "https://commons.wikimedia.org/wiki/Special:FilePath/Andrea%20del%20sarto%2C%20viaggio%20dei%20magi%2C%201511%2C%2001.jpg?width=420",
    "wikipedia_it": "https://it.wikipedia.org/wiki/Viaggio_dei_Magi",
    "wikidata": "https://www.wikidata.org/wiki/Q4010941",
    "creation_place": "Florence",
    "creation_lat": 43.7696,
    "creation_lon": 11.2558,
    "_source": {
     "source": "Wikidata",
     "url": "https://www.wikidata.org/wiki/Q4010941",
     "retrieved_at": "2026-08-23"
    },
    "_overrides": {
     "creation": {
      "at": "2026-08-23",
      "source": "derived from start date + Caravaggio's documented itinerary (approximate)"
     }
    },
    "museum_id": "chiostrino-dei-voti",
    "qid": "Q4010941",
    "wga_url": "https://www.wga.hu/html/a/andrea/sarto/1/b_journe.html"
   }
  },
  {
   "type": "Feature",
   "geometry": {
    "type": "Point",
    "coordinates": [
     -72.93099,
     41.30846
    ]
   },
   "properties": {
    "painter": "Andrea del Sarto",
    "title": "Dead Christ with Joseph of Arimathea",
    "year": "1530",
    "city": "New Haven",
    "country": "United States",
    "location": "Yale University Art Gallery",
    "kind": "museum",
    "attribution": "attributed",
    "status": "present",
    "medium": "Oil on canvas",
    "genre": "religious art",
    "wikidata": "https://www.wikidata.org/wiki/Q49390705",
    "creation_place": "Florence",
    "creation_lat": 43.7696,
    "creation_lon": 11.2558,
    "_source": {
     "source": "Wikidata",
     "url": "https://www.wikidata.org/wiki/Q49390705",
     "retrieved_at": "2026-08-23"
    },
    "_overrides": {
     "creation": {
      "at": "2026-08-23",
      "source": "derived from start date + Caravaggio's documented itinerary (approximate)"
     }
    },
    "museum_id": "yale-university-art-gallery",
    "qid": "Q49390705"
   }
  },
  {
   "type": "Feature",
   "geometry": {
    "type": "Point",
    "coordinates": [
     19.07678,
     47.51587
    ]
   },
   "properties": {
    "painter": "Andrea del Sarto",
    "title": "Madonna and Child with the Infant Saint John",
    "city": "Budapest district XIV",
    "country": "Hungary",
    "location": "Museum of Fine Arts, Budapest",
    "kind": "museum",
    "attribution": "attributed",
    "status": "present",
    "medium": "Oil on canvas",
    "dimensions": "85.5 × 67.5 cm",
    "genre": "religious art",
    "wikidata": "https://www.wikidata.org/wiki/Q50886403",
    "_source": {
     "source": "Wikidata",
     "url": "https://www.wikidata.org/wiki/Q50886403",
     "retrieved_at": "2026-08-23"
    },
    "museum_id": "museum-of-fine-arts-budapest",
    "qid": "Q50886403"
   }
  },
  {
   "type": "Feature",
   "geometry": {
    "type": "Point",
    "coordinates": [
     -87.62389,
     41.87944
    ]
   },
   "properties": {
    "painter": "Andrea del Sarto",
    "title": "Lucrezia di Lippo di Iacopo Guidi, wife of Becuccio Bicchieraio",
    "year": "1527",
    "city": "Chicago",
    "country": "United States",
    "location": "Art Institute of Chicago",
    "kind": "museum",
    "attribution": "generally accepted",
    "status": "present",
    "genre": "portrait",
    "image": "https://commons.wikimedia.org/wiki/Special:FilePath/Sarto%2C%20Andrea%20del%20-%20The%20Wife%20of%20Domenico%20da%20Gambassi.jpg?width=420",
    "wikipedia_es": "https://es.wikipedia.org/wiki/Retrato_de_la_esposa_de_Becuccio_Bicchieraio",
    "wikipedia_it": "https://it.wikipedia.org/wiki/Ritratto_della_moglie_di_Becuccio_Bicchieraio",
    "wikidata": "https://www.wikidata.org/wiki/Q58023083",
    "creation_place": "Florence",
    "creation_lat": 43.7696,
    "creation_lon": 11.2558,
    "_source": {
     "source": "Wikidata",
     "url": "https://www.wikidata.org/wiki/Q58023083",
     "retrieved_at": "2026-08-23"
    },
    "_overrides": {
     "creation": {
      "at": "2026-08-23",
      "source": "derived from start date + Caravaggio's documented itinerary (approximate)"
     }
    },
    "museum_id": "art-institute-of-chicago",
    "qid": "Q58023083"
   }
  },
  {
   "type": "Feature",
   "geometry": {
    "type": "Point",
    "coordinates": [
     -87.62389,
     41.87944
    ]
   },
   "properties": {
    "painter": "Andrea del Sarto",
    "title": "Domenico da Gambassi",
    "year": "1527",
    "city": "Chicago",
    "country": "United States",
    "location": "Art Institute of Chicago",
    "kind": "museum",
    "attribution": "generally accepted",
    "status": "present",
    "medium": "Oil on canvas",
    "genre": "portrait",
    "image": "https://commons.wikimedia.org/wiki/Special:FilePath/Andrea%20del%20Sarto%20-%20Domenico%20da%20Gambassi%20-%201964.1097a%20-%20Art%20Institute%20of%20Chicago.jpg?width=420",
    "wikipedia_es": "https://es.wikipedia.org/wiki/Retrato_de_Becuccio_Bicchieraio_(Andrea_del_Sarto,_Chicago)",
    "wikipedia_it": "https://it.wikipedia.org/wiki/Ritratto_di_Becuccio_Bicchieraio_(Andrea_del_Sarto_Chicago)",
    "wikidata": "https://www.wikidata.org/wiki/Q58023326",
    "creation_place": "Florence",
    "creation_lat": 43.7696,
    "creation_lon": 11.2558,
    "_source": {
     "source": "Wikidata",
     "url": "https://www.wikidata.org/wiki/Q58023326",
     "retrieved_at": "2026-08-23"
    },
    "_overrides": {
     "creation": {
      "at": "2026-08-23",
      "source": "derived from start date + Caravaggio's documented itinerary (approximate)"
     }
    },
    "museum_id": "art-institute-of-chicago",
    "qid": "Q58023326"
   }
  },
  {
   "type": "Feature",
   "geometry": {
    "type": "Point",
    "coordinates": [
     -81.61167,
     41.50889
    ]
   },
   "properties": {
    "painter": "Andrea del Sarto",
    "title": "The Sacrifice of Isaac",
    "year": "1527",
    "city": "Cleveland",
    "country": "United States",
    "location": "Cleveland Museum of Art",
    "kind": "museum",
    "attribution": "attributed",
    "status": "present",
    "medium": "Oil on panel",
    "dimensions": "178 × 138 cm",
    "genre": "religious art",
    "image": "https://commons.wikimedia.org/wiki/Special:FilePath/Andrea%20del%20Sarto%20-%20Il%20sacrificio%20di%20Isacco%20%28Cleveland%29.jpg?width=420",
    "wikidata": "https://www.wikidata.org/wiki/Q59115342",
    "creation_place": "Florence",
    "creation_lat": 43.7696,
    "creation_lon": 11.2558,
    "_source": {
     "source": "Wikidata",
     "url": "https://www.wikidata.org/wiki/Q59115342",
     "retrieved_at": "2026-08-23"
    },
    "_overrides": {
     "creation": {
      "at": "2026-08-23",
      "source": "derived from start date + Caravaggio's documented itinerary (approximate)"
     }
    },
    "museum_id": "cleveland-museum-of-art",
    "qid": "Q59115342"
   }
  },
  {
   "type": "Feature",
   "geometry": {
    "type": "Point",
    "coordinates": [
     -75.69891,
     45.42954
    ]
   },
   "properties": {
    "painter": "Andrea del Sarto",
    "title": "The Virgin and Child",
    "year": "1516",
    "city": "Ottawa",
    "country": "Canada",
    "location": "National Gallery of Canada",
    "kind": "museum",
    "attribution": "attributed",
    "status": "present",
    "dimensions": "85.6 × 62.5 cm",
    "genre": "religious art",
    "image": "https://commons.wikimedia.org/wiki/Special:FilePath/Andrea%20del%20Sarto%20-%20Vergine%20e%20il%20Bambino.jpg?width=420",
    "wikidata": "https://www.wikidata.org/wiki/Q59514334",
    "creation_place": "Florence",
    "creation_lat": 43.7696,
    "creation_lon": 11.2558,
    "_source": {
     "source": "Wikidata",
     "url": "https://www.wikidata.org/wiki/Q59514334",
     "retrieved_at": "2026-08-23"
    },
    "_overrides": {
     "creation": {
      "at": "2026-08-23",
      "source": "derived from start date + Caravaggio's documented itinerary (approximate)"
     }
    },
    "museum_id": "national-gallery-of-canada",
    "qid": "Q59514334"
   }
  },
  {
   "type": "Feature",
   "geometry": {
    "type": "Point",
    "coordinates": [
     -81.61167,
     41.50889
    ]
   },
   "properties": {
    "painter": "Andrea del Sarto",
    "title": "Portrait of a Woman",
    "year": "1518",
    "city": "Cleveland",
    "country": "United States",
    "location": "Cleveland Museum of Art",
    "kind": "museum",
    "attribution": "attributed",
    "status": "present",
    "medium": "Oil on panel",
    "dimensions": "82.5 × 62.2 cm",
    "genre": "portrait",
    "image": "https://commons.wikimedia.org/wiki/Special:FilePath/Clevelandart%201944.92.jpg?width=420",
    "wikidata": "https://www.wikidata.org/wiki/Q60515057",
    "creation_place": "Florence",
    "creation_lat": 43.7696,
    "creation_lon": 11.2558,
    "_source": {
     "source": "Wikidata",
     "url": "https://www.wikidata.org/wiki/Q60515057",
     "retrieved_at": "2026-08-23"
    },
    "_overrides": {
     "creation": {
      "at": "2026-08-23",
      "source": "derived from start date + Caravaggio's documented itinerary (approximate)"
     }
    },
    "museum_id": "cleveland-museum-of-art",
    "qid": "Q60515057"
   }
  },
  {
   "type": "Feature",
   "geometry": {
    "type": "Point",
    "coordinates": [
     -79.94898,
     40.44369
    ]
   },
   "properties": {
    "painter": "Andrea del Sarto",
    "title": "Head of a Young Man",
    "year": "1500",
    "city": "Pittsburgh",
    "country": "United States",
    "location": "Carnegie Museum of Art",
    "kind": "museum",
    "attribution": "attributed",
    "status": "present",
    "medium": "Oil on panel",
    "dimensions": "43.2 × 28.6 cm",
    "genre": "religious art",
    "image": "https://commons.wikimedia.org/wiki/Special:FilePath/Andrea%20Sarto%20-%20Portrait%20of%20a%20Man.jpg?width=420",
    "wikidata": "https://www.wikidata.org/wiki/Q62034599",
    "_source": {
     "source": "Wikidata",
     "url": "https://www.wikidata.org/wiki/Q62034599",
     "retrieved_at": "2026-08-23"
    },
    "museum_id": "carnegie-museum-of-art",
    "qid": "Q62034599"
   }
  },
  {
   "type": "Feature",
   "geometry": {
    "type": "Point",
    "coordinates": [
     8.67388,
     50.10322
    ]
   },
   "properties": {
    "painter": "Andrea del Sarto",
    "title": "Saint John the Baptist",
    "city": "Frankfurt",
    "country": "Germany",
    "location": "Städel Museum",
    "kind": "museum",
    "attribution": "attributed",
    "status": "present",
    "dimensions": "52.7 × 37.1 cm",
    "genre": "religious art",
    "image": "https://commons.wikimedia.org/wiki/Special:FilePath/Saint%20John%20the%20Baptist%20%28SM%201848%29.png?width=420",
    "wikidata": "https://www.wikidata.org/wiki/Q64788633",
    "_source": {
     "source": "Wikidata",
     "url": "https://www.wikidata.org/wiki/Q64788633",
     "retrieved_at": "2026-08-23"
    },
    "museum_id": "stadel-museum",
    "qid": "Q64788633"
   }
  },
  {
   "type": "Feature",
   "geometry": {
    "type": "Point",
    "coordinates": [
     -0.36166,
     49.18607
    ]
   },
   "properties": {
    "painter": "Andrea del Sarto",
    "title": "St. Sebastian Holding Two Arrows and the Martyr's Palm",
    "year": "1525",
    "city": "Caen",
    "country": "France",
    "location": "Musée des Beaux-Arts de Caen",
    "kind": "museum",
    "attribution": "attributed",
    "status": "present",
    "medium": "Oil paint",
    "dimensions": "84 × 68 cm",
    "genre": "religious art",
    "image": "https://commons.wikimedia.org/wiki/Special:FilePath/Andrea%20del%20Sarto%20%28da%29%20-%20San%20Sebastiano%20che%20tiene%20due%20frecce%20e%20la%20palma%20del%20martirio.jpg?width=420",
    "wikidata": "https://www.wikidata.org/wiki/Q74038506",
    "creation_place": "Florence",
    "creation_lat": 43.7696,
    "creation_lon": 11.2558,
    "_source": {
     "source": "Wikidata",
     "url": "https://www.wikidata.org/wiki/Q74038506",
     "retrieved_at": "2026-08-23"
    },
    "_overrides": {
     "creation": {
      "at": "2026-08-23",
      "source": "derived from start date + Caravaggio's documented itinerary (approximate)"
     }
    },
    "museum_id": "musee-des-beaux-arts-de-caen",
    "qid": "Q74038506"
   }
  },
  {
   "type": "Feature",
   "geometry": {
    "type": "Point",
    "coordinates": [
     12.49214,
     41.91421
    ]
   },
   "properties": {
    "painter": "Andrea del Sarto",
    "title": "Madonna and Child with Young St John",
    "year": "1517",
    "city": "Rome",
    "country": "Italy",
    "location": "Galleria Borghese",
    "kind": "museum",
    "attribution": "attributed",
    "status": "present",
    "medium": "Oil on panel",
    "dimensions": "154 × 101 cm",
    "genre": "religious art",
    "image": "https://commons.wikimedia.org/wiki/Special:FilePath/Virgin%20and%20Child%20and%20Young%20Saint%20John%2C%20by%20Andrea%20del%20Sarto.jpg?width=420",
    "wikidata": "https://www.wikidata.org/wiki/Q77310161",
    "creation_place": "Florence",
    "creation_lat": 43.7696,
    "creation_lon": 11.2558,
    "_source": {
     "source": "Wikidata",
     "url": "https://www.wikidata.org/wiki/Q77310161",
     "retrieved_at": "2026-08-23"
    },
    "_overrides": {
     "creation": {
      "at": "2026-08-23",
      "source": "derived from start date + Caravaggio's documented itinerary (approximate)"
     }
    },
    "museum_id": "galleria-borghese",
    "qid": "Q77310161",
    "wga_url": "https://www.wga.hu/html/a/andrea/sarto/1/madchild.html"
   }
  }
 ]
}