{
 "type": "FeatureCollection",
 "_note": "Generated by scripts/build.py from Wikidata. Do not edit by hand — put manual fixes in the painter's overlay (data/overlay/*.json). Each feature carries _source (scraped base or manual addition) and, when edited, _overrides.",
 "features": [
  {
   "type": "Feature",
   "geometry": {
    "type": "Point",
    "coordinates": [
     12.454433,
     41.902956
    ]
   },
   "properties": {
    "painter": "Michelangelo",
    "title": "Drunkenness of Noah",
    "year": "1509",
    "city": "Vatican City",
    "country": "Vatican City",
    "location": "Sistine Chapel",
    "kind": "church",
    "attribution": "attributed",
    "status": "present",
    "medium": "Fresco",
    "dimensions": "170 × 260 cm",
    "image": "https://commons.wikimedia.org/wiki/Special:FilePath/Michelangelo%20drunken%20Noah.jpg?width=420",
    "wikidata": "https://www.wikidata.org/wiki/Q116621556",
    "creation_place": "Rome",
    "creation_lat": 41.9028,
    "creation_lon": 12.4964,
    "_source": {
     "source": "Wikidata",
     "url": "https://www.wikidata.org/wiki/Q116621556",
     "retrieved_at": "2026-08-23"
    },
    "_overrides": {
     "creation": {
      "at": "2026-08-23",
      "source": "derived from start date + Caravaggio's documented itinerary (approximate)"
     }
    },
    "museum_id": "sistine-chapel",
    "qid": "Q116621556",
    "wga_url": "https://www.wga.hu/html/m/michelan/3sistina/1genesis/1drunken/01_3ce1.html",
    "location_src": "Sistine Chapel",
    "form": "painting"
   }
  },
  {
   "type": "Feature",
   "geometry": {
    "type": "Point",
    "coordinates": [
     -0.1283,
     51.5089
    ]
   },
   "properties": {
    "painter": "Michelangelo",
    "title": "The Entombment",
    "year": "1500-1510",
    "city": "London",
    "country": "United Kingdom",
    "location": "National Gallery",
    "kind": "museum",
    "attribution": "generally accepted",
    "status": "present",
    "medium": "Oil on panel",
    "dimensions": "161.7 × 149.9 cm",
    "genre": "religious art",
    "image": "https://commons.wikimedia.org/wiki/Special:FilePath/Entombment%20Michelangelo.jpg?width=420",
    "wikipedia_es": "https://es.wikipedia.org/wiki/Santo_Entierro_(Miguel_%C3%81ngel)",
    "wikipedia_en": "https://en.wikipedia.org/wiki/The_Entombment_(Michelangelo)",
    "wikipedia_it": "https://it.wikipedia.org/wiki/Deposizione_di_Cristo_nel_sepolcro",
    "wikidata": "https://www.wikidata.org/wiki/Q1213160",
    "creation_place": "Florence",
    "creation_lat": 43.7696,
    "creation_lon": 11.2558,
    "_source": {
     "source": "Wikidata",
     "url": "https://www.wikidata.org/wiki/Q1213160",
     "retrieved_at": "2026-08-23"
    },
    "_overrides": {
     "creation": {
      "at": "2026-08-23",
      "source": "derived from start date + Caravaggio's documented itinerary (approximate)"
     }
    },
    "museum_id": "national-gallery",
    "qid": "Q1213160",
    "wga_url": "https://www.wga.hu/html/m/michelan/2paintin/2entombm.html",
    "location_src": "National Gallery",
    "form": "painting"
   }
  },
  {
   "type": "Feature",
   "geometry": {
    "type": "Point",
    "coordinates": [
     -1.26056,
     51.75556
    ]
   },
   "properties": {
    "painter": "Michelangelo",
    "title": "The Holy Family with Saint John the Baptist",
    "year": "1540",
    "city": "Oxford",
    "country": "United Kingdom",
    "location": "Ashmolean Museum",
    "kind": "museum",
    "attribution": "attributed",
    "status": "present",
    "genre": "religious art",
    "image": "https://commons.wikimedia.org/wiki/Special:FilePath/Heilige%20Familie%20mit%20dem%20Johannesknaben%20%28Ashmolean%20Museum%29.jpg?width=420",
    "wikidata": "https://www.wikidata.org/wiki/Q1213320",
    "creation_place": "Rome",
    "creation_lat": 41.9028,
    "creation_lon": 12.4964,
    "_source": {
     "source": "Wikidata",
     "url": "https://www.wikidata.org/wiki/Q1213320",
     "retrieved_at": "2026-08-23"
    },
    "_overrides": {
     "creation": {
      "at": "2026-08-23",
      "source": "derived from start date + Caravaggio's documented itinerary (approximate)"
     }
    },
    "museum_id": "ashmolean-museum",
    "qid": "Q1213320",
    "location_src": "Ashmolean Museum",
    "form": "painting"
   }
  },
  {
   "type": "Feature",
   "geometry": {
    "type": "Point",
    "coordinates": [
     11.25528,
     43.76833
    ]
   },
   "properties": {
    "painter": "Michelangelo",
    "title": "Doni Tondo",
    "year": "1500",
    "city": "Florence",
    "country": "Italy",
    "location": "Uffizi Gallery",
    "kind": "museum",
    "attribution": "generally accepted",
    "status": "present",
    "medium": "Oil on panel",
    "genre": "religious art",
    "image": "https://commons.wikimedia.org/wiki/Special:FilePath/Tondo%20Doni%202015.png?width=420",
    "wikipedia_es": "https://es.wikipedia.org/wiki/Tondo_Doni",
    "wikipedia_en": "https://en.wikipedia.org/wiki/Doni_Tondo",
    "wikipedia_it": "https://it.wikipedia.org/wiki/Tondo_Doni",
    "wikidata": "https://www.wikidata.org/wiki/Q1473546",
    "creation_place": "Florence",
    "creation_lat": 43.7696,
    "creation_lon": 11.2558,
    "_source": {
     "source": "Wikidata",
     "url": "https://www.wikidata.org/wiki/Q1473546",
     "retrieved_at": "2026-08-23"
    },
    "_overrides": {
     "creation": {
      "at": "2026-08-23",
      "source": "derived from start date + Caravaggio's documented itinerary (approximate)"
     }
    },
    "museum_id": "uffizi-gallery",
    "qid": "Q1473546",
    "wga_url": "https://www.wga.hu/html/m/michelan/2paintin/1donitox.html",
    "location_src": "Uffizi Gallery",
    "form": "painting"
   }
  },
  {
   "type": "Feature",
   "geometry": {
    "type": "Point",
    "coordinates": [
     -0.1283,
     51.5089
    ]
   },
   "properties": {
    "painter": "Michelangelo",
    "title": "Manchester Madonna",
    "year": "1494",
    "city": "London",
    "country": "United Kingdom",
    "location": "National Gallery",
    "kind": "museum",
    "attribution": "generally accepted",
    "status": "present",
    "medium": "Panel",
    "dimensions": "105 × 77 cm",
    "genre": "religious art",
    "image": "https://commons.wikimedia.org/wiki/Special:FilePath/MICHELANGELO%20-%20Manchester%20Madonna%20adjusted.JPG?width=420",
    "wikipedia_es": "https://es.wikipedia.org/wiki/Madonna_de_Manchester",
    "wikipedia_en": "https://en.wikipedia.org/wiki/Manchester_Madonna",
    "wikipedia_it": "https://it.wikipedia.org/wiki/Madonna_di_Manchester",
    "wikidata": "https://www.wikidata.org/wiki/Q1684762",
    "creation_place": "Florence",
    "creation_lat": 43.7696,
    "creation_lon": 11.2558,
    "_source": {
     "source": "Wikidata",
     "url": "https://www.wikidata.org/wiki/Q1684762",
     "retrieved_at": "2026-08-23"
    },
    "_overrides": {
     "creation": {
      "at": "2026-08-23",
      "source": "derived from start date + Caravaggio's documented itinerary (approximate)"
     }
    },
    "museum_id": "national-gallery",
    "qid": "Q1684762",
    "wga_url": "https://www.wga.hu/html/m/michelan/2paintin/1virgin.html",
    "location_src": "National Gallery",
    "form": "painting"
   }
  },
  {
   "type": "Feature",
   "geometry": {
    "type": "Point",
    "coordinates": [
     -97.365,
     32.74861
    ]
   },
   "properties": {
    "painter": "Michelangelo",
    "title": "The Torment of Saint Anthony",
    "year": "1487",
    "city": "Fort Worth",
    "country": "United States",
    "location": "Kimbell Art Museum",
    "kind": "museum",
    "attribution": "generally accepted",
    "status": "present",
    "medium": "Oil paint",
    "dimensions": "470 × 337 cm",
    "genre": "religious art",
    "image": "https://commons.wikimedia.org/wiki/Special:FilePath/Michelangelo%20Buonarroti%20-%20The%20Torment%20of%20Saint%20Anthony%20-%20Google%20Art%20Project.jpg?width=420",
    "wikipedia_es": "https://es.wikipedia.org/wiki/Tentaci%C3%B3n_de_san_Antonio_(Miguel_%C3%81ngel)",
    "wikipedia_en": "https://en.wikipedia.org/wiki/The_Torment_of_Saint_Anthony",
    "wikipedia_it": "https://it.wikipedia.org/wiki/Tormento_di_sant%27Antonio",
    "wikidata": "https://www.wikidata.org/wiki/Q2327759",
    "_source": {
     "source": "Wikidata",
     "url": "https://www.wikidata.org/wiki/Q2327759",
     "retrieved_at": "2026-08-23"
    },
    "museum_id": "kimbell-art-museum",
    "qid": "Q2327759",
    "location_src": "Kimbell Art Museum",
    "form": "painting"
   }
  },
  {
   "type": "Feature",
   "geometry": {
    "type": "Point",
    "coordinates": [
     12.4544,
     41.9064
    ]
   },
   "properties": {
    "painter": "Michelangelo",
    "title": "Aminadab",
    "year": "1511",
    "city": "Vatican City",
    "country": "Vatican City",
    "location": "Vatican Museums",
    "kind": "museum",
    "attribution": "generally accepted",
    "status": "present",
    "medium": "Fresco",
    "dimensions": "215 × 430 cm",
    "genre": "religious art",
    "image": "https://commons.wikimedia.org/wiki/Special:FilePath/Michelangelo%2C%20lunetta%2C%20Amminadab%2001.jpg?width=420",
    "wikipedia_it": "https://it.wikipedia.org/wiki/Aminadab",
    "wikidata": "https://www.wikidata.org/wiki/Q3614330",
    "creation_place": "Rome",
    "creation_lat": 41.9028,
    "creation_lon": 12.4964,
    "_source": {
     "source": "Wikidata",
     "url": "https://www.wikidata.org/wiki/Q3614330",
     "retrieved_at": "2026-08-23"
    },
    "_overrides": {
     "creation": {
      "at": "2026-08-23",
      "source": "derived from start date + Caravaggio's documented itinerary (approximate)"
     }
    },
    "museum_id": "vatican-museums",
    "qid": "Q3614330",
    "wga_url": "https://www.wga.hu/html/m/michelan/3sistina/6lunette/14/lu14ami.html",
    "location_src": "Vatican Museums",
    "form": "painting"
   }
  },
  {
   "type": "Feature",
   "geometry": {
    "type": "Point",
    "coordinates": [
     12.454433,
     41.902956
    ]
   },
   "properties": {
    "painter": "Michelangelo",
    "title": "The Creation of the Sun, Moon and Planets",
    "year": "1511",
    "city": "Vatican City",
    "country": "Vatican City",
    "location": "Sistine Chapel",
    "kind": "church",
    "attribution": "generally accepted",
    "status": "present",
    "medium": "Fresco",
    "dimensions": "280 × 570 cm",
    "genre": "religious art",
    "image": "https://commons.wikimedia.org/wiki/Special:FilePath/Michelangelo%2C%20Creation%20of%20the%20Sun%2C%20Moon%2C%20and%20Plants%2001.jpg?width=420",
    "wikipedia_es": "https://es.wikipedia.org/wiki/Creaci%C3%B3n_de_los_astros_y_las_plantas",
    "wikipedia_en": "https://en.wikipedia.org/wiki/The_Creation_of_the_Sun,_Moon,_and_Plants",
    "wikipedia_it": "https://it.wikipedia.org/wiki/Creazione_degli_astri_e_delle_piante",
    "wikidata": "https://www.wikidata.org/wiki/Q3696827",
    "creation_place": "Rome",
    "creation_lat": 41.9028,
    "creation_lon": 12.4964,
    "_source": {
     "source": "Wikidata",
     "url": "https://www.wikidata.org/wiki/Q3696827",
     "retrieved_at": "2026-08-23"
    },
    "_overrides": {
     "creation": {
      "at": "2026-08-23",
      "source": "derived from start date + Caravaggio's documented itinerary (approximate)"
     }
    },
    "museum_id": "sistine-chapel",
    "qid": "Q3696827",
    "wga_url": "https://www.wga.hu/html/m/michelan/3sistina/1genesis/8plants/08_3ce8.html",
    "location_src": "Sistine Chapel",
    "form": "painting"
   }
  },
  {
   "type": "Feature",
   "geometry": {
    "type": "Point",
    "coordinates": [
     12.454433,
     41.902956
    ]
   },
   "properties": {
    "painter": "Michelangelo",
    "title": "The Creation of Eve",
    "year": "1511",
    "city": "Vatican City",
    "country": "Vatican City",
    "location": "Sistine Chapel",
    "kind": "church",
    "attribution": "generally accepted",
    "status": "present",
    "medium": "Fresco",
    "dimensions": "170 × 260 cm",
    "genre": "nude, religious art",
    "image": "https://commons.wikimedia.org/wiki/Special:FilePath/Michelangelo%2C%20Creation%20of%20Eve%2001.jpg?width=420",
    "wikipedia_es": "https://es.wikipedia.org/wiki/La_creaci%C3%B3n_de_Eva_(Miguel_%C3%81ngel)",
    "wikipedia_it": "https://it.wikipedia.org/wiki/Creazione_di_Eva_(Michelangelo)",
    "wikidata": "https://www.wikidata.org/wiki/Q3696835",
    "creation_place": "Rome",
    "creation_lat": 41.9028,
    "creation_lon": 12.4964,
    "_source": {
     "source": "Wikidata",
     "url": "https://www.wikidata.org/wiki/Q3696835",
     "retrieved_at": "2026-08-23"
    },
    "_overrides": {
     "creation": {
      "at": "2026-08-23",
      "source": "derived from start date + Caravaggio's documented itinerary (approximate)"
     }
    },
    "museum_id": "sistine-chapel",
    "qid": "Q3696835",
    "wga_url": "https://www.wga.hu/html/m/michelan/3sistina/1genesis/5eve/05_3ce5.html",
    "location_src": "Sistine Chapel",
    "form": "painting"
   }
  },
  {
   "type": "Feature",
   "geometry": {
    "type": "Point",
    "coordinates": [
     12.454433,
     41.902956
    ]
   },
   "properties": {
    "painter": "Michelangelo",
    "title": "The Deluge",
    "year": "1508-1509",
    "city": "Vatican City",
    "country": "Vatican City",
    "location": "Sistine Chapel",
    "kind": "church",
    "attribution": "generally accepted",
    "status": "present",
    "medium": "Fresco, oil paint",
    "genre": "religious art",
    "image": "https://commons.wikimedia.org/wiki/Special:FilePath/El%20Diluvio.jpg?width=420",
    "wikipedia_es": "https://es.wikipedia.org/wiki/El_diluvio_universal_(Miguel_%C3%81ngel)",
    "wikipedia_it": "https://it.wikipedia.org/wiki/Diluvio_universale_(Michelangelo)",
    "wikidata": "https://www.wikidata.org/wiki/Q3707697",
    "creation_place": "Rome",
    "creation_lat": 41.9028,
    "creation_lon": 12.4964,
    "_source": {
     "source": "Wikidata",
     "url": "https://www.wikidata.org/wiki/Q3707697",
     "retrieved_at": "2026-08-23"
    },
    "_overrides": {
     "creation": {
      "at": "2026-08-23",
      "source": "derived from start date + Caravaggio's documented itinerary (approximate)"
     }
    },
    "museum_id": "sistine-chapel",
    "qid": "Q3707697",
    "wga_url": "https://www.wga.hu/html/m/michelan/3sistina/1genesis/2flood/02_3ce2.html",
    "location_src": "Sistine Chapel",
    "form": "painting"
   }
  },
  {
   "type": "Feature",
   "geometry": {
    "type": "Point",
    "coordinates": [
     12.454433,
     41.902956
    ]
   },
   "properties": {
    "painter": "Michelangelo",
    "title": "Prophet Ezekiel",
    "year": "1511",
    "city": "Vatican City",
    "country": "Vatican City",
    "location": "Sistine Chapel",
    "kind": "church",
    "attribution": "generally accepted",
    "status": "present",
    "medium": "Fresco",
    "dimensions": "355 × 380 cm",
    "genre": "religious art",
    "image": "https://commons.wikimedia.org/wiki/Special:FilePath/Michelangelo%2C%20profeti%2C%20Ezekiel%2001.jpg?width=420",
    "wikipedia_es": "https://es.wikipedia.org/wiki/Ezequiel_(Miguel_%C3%81ngel)",
    "wikipedia_it": "https://it.wikipedia.org/wiki/Ezechiele_(Michelangelo)",
    "wikidata": "https://www.wikidata.org/wiki/Q3736323",
    "creation_place": "Rome",
    "creation_lat": 41.9028,
    "creation_lon": 12.4964,
    "_source": {
     "source": "Wikidata",
     "url": "https://www.wikidata.org/wiki/Q3736323",
     "retrieved_at": "2026-08-23"
    },
    "_overrides": {
     "creation": {
      "at": "2026-08-23",
      "source": "derived from start date + Caravaggio's documented itinerary (approximate)"
     }
    },
    "museum_id": "sistine-chapel",
    "qid": "Q3736323",
    "wga_url": "https://www.wga.hu/html/m/michelan/3sistina/3prophet/05_1pr4a.html",
    "location_src": "Sistine Chapel",
    "form": "painting"
   }
  },
  {
   "type": "Feature",
   "geometry": {
    "type": "Point",
    "coordinates": [
     12.454433,
     41.902956
    ]
   },
   "properties": {
    "painter": "Michelangelo",
    "title": "Judith and Holofernes",
    "year": "1508",
    "city": "Vatican City",
    "country": "Vatican City",
    "location": "Sistine Chapel",
    "kind": "church",
    "attribution": "generally accepted",
    "status": "present",
    "medium": "Fresco",
    "dimensions": "570 × 970 cm",
    "genre": "religious art",
    "image": "https://commons.wikimedia.org/wiki/Special:FilePath/Judith%20and%20Holofernes%20%28Michelangelo%29.jpg?width=420",
    "wikipedia_it": "https://it.wikipedia.org/wiki/Giuditta_e_Oloferne_(Michelangelo)",
    "wikidata": "https://www.wikidata.org/wiki/Q3769181",
    "creation_place": "Rome",
    "creation_lat": 41.9028,
    "creation_lon": 12.4964,
    "_source": {
     "source": "Wikidata",
     "url": "https://www.wikidata.org/wiki/Q3769181",
     "retrieved_at": "2026-08-23"
    },
    "_overrides": {
     "creation": {
      "at": "2026-08-23",
      "source": "derived from start date + Caravaggio's documented itinerary (approximate)"
     }
    },
    "museum_id": "sistine-chapel",
    "qid": "Q3769181",
    "location_src": "Sistine Chapel",
    "form": "painting"
   }
  },
  {
   "type": "Feature",
   "geometry": {
    "type": "Point",
    "coordinates": [
     12.4544,
     41.9064
    ]
   },
   "properties": {
    "painter": "Michelangelo",
    "title": "Jesse, David and Solomon",
    "year": "1511",
    "city": "Vatican City",
    "country": "Vatican City",
    "location": "Vatican Museums",
    "kind": "museum",
    "attribution": "generally accepted",
    "status": "present",
    "medium": "Fresco",
    "dimensions": "215 × 430 cm",
    "genre": "religious art",
    "image": "https://commons.wikimedia.org/wiki/Special:FilePath/Michelangelo%2C%20lunetta%2C%20Jesse%20-%20David%20-%20Solomon%2001.jpg?width=420",
    "wikipedia_it": "https://it.wikipedia.org/wiki/Iesse,_Davide_e_Salomone",
    "wikidata": "https://www.wikidata.org/wiki/Q3792087",
    "creation_place": "Rome",
    "creation_lat": 41.9028,
    "creation_lon": 12.4964,
    "_source": {
     "source": "Wikidata",
     "url": "https://www.wikidata.org/wiki/Q3792087",
     "retrieved_at": "2026-08-23"
    },
    "_overrides": {
     "creation": {
      "at": "2026-08-23",
      "source": "derived from start date + Caravaggio's documented itinerary (approximate)"
     }
    },
    "museum_id": "vatican-museums",
    "qid": "Q3792087",
    "wga_url": "https://www.wga.hu/html/m/michelan/3sistina/6lunette/11/lu11ies.html",
    "location_src": "Vatican Museums",
    "form": "painting"
   }
  },
  {
   "type": "Feature",
   "geometry": {
    "type": "Point",
    "coordinates": [
     12.4544,
     41.9064
    ]
   },
   "properties": {
    "painter": "Michelangelo",
    "title": "Nahshon",
    "year": "1511",
    "city": "Vatican City",
    "country": "Vatican City",
    "location": "Vatican Museums",
    "kind": "museum",
    "attribution": "generally accepted",
    "status": "present",
    "medium": "Fresco",
    "genre": "religious art",
    "image": "https://commons.wikimedia.org/wiki/Special:FilePath/Michelangelo%20Sistine%20Chapel%20ceiling%20-%20Naason%20restored.jpg?width=420",
    "wikipedia_it": "https://it.wikipedia.org/wiki/Naasson",
    "wikidata": "https://www.wikidata.org/wiki/Q3869770",
    "creation_place": "Rome",
    "creation_lat": 41.9028,
    "creation_lon": 12.4964,
    "_source": {
     "source": "Wikidata",
     "url": "https://www.wikidata.org/wiki/Q3869770",
     "retrieved_at": "2026-08-23"
    },
    "_overrides": {
     "creation": {
      "at": "2026-08-23",
      "source": "derived from start date + Caravaggio's documented itinerary (approximate)"
     }
    },
    "museum_id": "vatican-museums",
    "qid": "Q3869770",
    "wga_url": "https://www.wga.hu/html/m/michelan/3sistina/6lunette/13/lu13naa.html",
    "location_src": "Vatican Museums",
    "form": "painting"
   }
  },
  {
   "type": "Feature",
   "geometry": {
    "type": "Point",
    "coordinates": [
     12.4544,
     41.9064
    ]
   },
   "properties": {
    "painter": "Michelangelo",
    "title": "Uzziah, Jotham and Ahaz",
    "year": "1508",
    "city": "Vatican City",
    "country": "Vatican City",
    "location": "Vatican Museums",
    "kind": "museum",
    "attribution": "generally accepted",
    "status": "present",
    "medium": "Fresco",
    "dimensions": "215 × 430 cm",
    "genre": "religious art",
    "image": "https://commons.wikimedia.org/wiki/Special:FilePath/Michelangelo%2C%20lunetta%2C%20Uzziah%20-%20Jotham%20-%20Ahaz%2001.jpg?width=420",
    "wikipedia_it": "https://it.wikipedia.org/wiki/Ozia,_Ioatam_e_Acaz",
    "wikidata": "https://www.wikidata.org/wiki/Q3887821",
    "creation_place": "Rome",
    "creation_lat": 41.9028,
    "creation_lon": 12.4964,
    "_source": {
     "source": "Wikidata",
     "url": "https://www.wikidata.org/wiki/Q3887821",
     "retrieved_at": "2026-08-23"
    },
    "_overrides": {
     "creation": {
      "at": "2026-08-23",
      "source": "derived from start date + Caravaggio's documented itinerary (approximate)"
     }
    },
    "museum_id": "vatican-museums",
    "qid": "Q3887821",
    "wga_url": "https://www.wga.hu/html/m/michelan/3sistina/6lunette/08/lu08ozi.html",
    "location_src": "Vatican Museums",
    "form": "painting"
   }
  },
  {
   "type": "Feature",
   "geometry": {
    "type": "Point",
    "coordinates": [
     12.454433,
     41.902956
    ]
   },
   "properties": {
    "painter": "Michelangelo",
    "title": "The Punishment of Haman",
    "year": "1511",
    "city": "Vatican City",
    "country": "Vatican City",
    "location": "Sistine Chapel",
    "kind": "church",
    "attribution": "generally accepted",
    "status": "present",
    "medium": "Fresco",
    "dimensions": "585 × 985 cm",
    "genre": "religious art",
    "image": "https://commons.wikimedia.org/wiki/Special:FilePath/Michelangelo%2C%20Punishment%20of%20Haman%2001.jpg?width=420",
    "wikipedia_it": "https://it.wikipedia.org/wiki/Punizione_di_Aman",
    "wikidata": "https://www.wikidata.org/wiki/Q3925593",
    "creation_place": "Rome",
    "creation_lat": 41.9028,
    "creation_lon": 12.4964,
    "_source": {
     "source": "Wikidata",
     "url": "https://www.wikidata.org/wiki/Q3925593",
     "retrieved_at": "2026-08-23"
    },
    "_overrides": {
     "creation": {
      "at": "2026-08-23",
      "source": "derived from start date + Caravaggio's documented itinerary (approximate)"
     }
    },
    "museum_id": "sistine-chapel",
    "qid": "Q3925593",
    "wga_url": "https://www.wga.hu/html/m/michelan/3sistina/5spandre/10_1pe3.html",
    "location_src": "Sistine Chapel",
    "form": "painting"
   }
  },
  {
   "type": "Feature",
   "geometry": {
    "type": "Point",
    "coordinates": [
     12.4544,
     41.9064
    ]
   },
   "properties": {
    "painter": "Michelangelo",
    "title": "Sistine Chapel lunettes - Rehoboam, Abijah",
    "year": "1511",
    "city": "Vatican City",
    "country": "Vatican City",
    "location": "Vatican Museums",
    "kind": "museum",
    "attribution": "generally accepted",
    "status": "present",
    "medium": "Fresco",
    "dimensions": "215 × 430 cm",
    "genre": "religious art",
    "image": "https://commons.wikimedia.org/wiki/Special:FilePath/Michelangelo%2C%20lunetta%2C%20Rehoboam%20-%20Abijah%2001.jpg?width=420",
    "wikipedia_it": "https://it.wikipedia.org/wiki/Roboamo_e_Abia",
    "wikidata": "https://www.wikidata.org/wiki/Q3939302",
    "creation_place": "Rome",
    "creation_lat": 41.9028,
    "creation_lon": 12.4964,
    "_source": {
     "source": "Wikidata",
     "url": "https://www.wikidata.org/wiki/Q3939302",
     "retrieved_at": "2026-08-23"
    },
    "_overrides": {
     "creation": {
      "at": "2026-08-23",
      "source": "derived from start date + Caravaggio's documented itinerary (approximate)"
     }
    },
    "museum_id": "vatican-museums",
    "qid": "Q3939302",
    "wga_url": "https://www.wga.hu/html/m/michelan/3sistina/6lunette/10/lu10rob.html",
    "location_src": "Vatican Museums",
    "form": "painting"
   }
  },
  {
   "type": "Feature",
   "geometry": {
    "type": "Point",
    "coordinates": [
     12.454433,
     41.902956
    ]
   },
   "properties": {
    "painter": "Michelangelo",
    "title": "The Sacrifice of Noah",
    "year": "1508",
    "city": "Vatican City",
    "country": "Vatican City",
    "location": "Sistine Chapel",
    "kind": "church",
    "attribution": "generally accepted",
    "status": "present",
    "medium": "Fresco",
    "dimensions": "170 × 260 cm",
    "genre": "religious art",
    "image": "https://commons.wikimedia.org/wiki/Special:FilePath/Michelangelo%2C%20Sacrifice%20of%20Noah%2001.jpg?width=420",
    "wikipedia_es": "https://es.wikipedia.org/wiki/El_sacrificio_de_No%C3%A9",
    "wikipedia_it": "https://it.wikipedia.org/wiki/Sacrificio_di_No%C3%A8",
    "wikidata": "https://www.wikidata.org/wiki/Q3944655",
    "creation_place": "Rome",
    "creation_lat": 41.9028,
    "creation_lon": 12.4964,
    "_source": {
     "source": "Wikidata",
     "url": "https://www.wikidata.org/wiki/Q3944655",
     "retrieved_at": "2026-08-23"
    },
    "_overrides": {
     "creation": {
      "at": "2026-08-23",
      "source": "derived from start date + Caravaggio's documented itinerary (approximate)"
     }
    },
    "museum_id": "sistine-chapel",
    "qid": "Q3944655",
    "wga_url": "https://www.wga.hu/html/m/michelan/3sistina/1genesis/3sacrifi/03_3ce3.html",
    "location_src": "Sistine Chapel",
    "form": "painting"
   }
  },
  {
   "type": "Feature",
   "geometry": {
    "type": "Point",
    "coordinates": [
     12.4544,
     41.9064
    ]
   },
   "properties": {
    "painter": "Michelangelo",
    "title": "Salmon, Boaz, Obed",
    "year": "1511",
    "city": "Vatican City",
    "country": "Vatican City",
    "location": "Vatican Museums",
    "kind": "museum",
    "attribution": "generally accepted",
    "status": "present",
    "medium": "Fresco",
    "dimensions": "215 × 430 cm",
    "genre": "religious art",
    "image": "https://commons.wikimedia.org/wiki/Special:FilePath/Michelangelo%2C%20lunetta%2C%20Salmon%20-%20Boaz%20-%20Obed%2001.jpg?width=420",
    "wikipedia_it": "https://it.wikipedia.org/wiki/Salm%C3%B2n,_Booz_e_Obed",
    "wikidata": "https://www.wikidata.org/wiki/Q3945680",
    "creation_place": "Rome",
    "creation_lat": 41.9028,
    "creation_lon": 12.4964,
    "_source": {
     "source": "Wikidata",
     "url": "https://www.wikidata.org/wiki/Q3945680",
     "retrieved_at": "2026-08-23"
    },
    "_overrides": {
     "creation": {
      "at": "2026-08-23",
      "source": "derived from start date + Caravaggio's documented itinerary (approximate)"
     }
    },
    "museum_id": "vatican-museums",
    "qid": "Q3945680",
    "wga_url": "https://www.wga.hu/html/m/michelan/3sistina/6lunette/12/lu12sal.html",
    "location_src": "Vatican Museums",
    "form": "painting"
   }
  },
  {
   "type": "Feature",
   "geometry": {
    "type": "Point",
    "coordinates": [
     12.454433,
     41.902956
    ]
   },
   "properties": {
    "painter": "Michelangelo",
    "title": "The Separation of the Earth and Waters",
    "year": "1511",
    "city": "Vatican City",
    "country": "Vatican City",
    "location": "Sistine Chapel",
    "kind": "church",
    "attribution": "generally accepted",
    "status": "present",
    "medium": "Fresco",
    "dimensions": "155 × 270 cm",
    "genre": "religious art",
    "image": "https://commons.wikimedia.org/wiki/Special:FilePath/Sistine%20Chapel%20ceiling%2C%20Creation%20of%20Adam.jpg?width=420",
    "wikipedia_es": "https://es.wikipedia.org/wiki/Separaci%C3%B3n_de_las_aguas_y_la_tierra",
    "wikipedia_it": "https://it.wikipedia.org/wiki/Separazione_della_terra_dalle_acque",
    "wikidata": "https://www.wikidata.org/wiki/Q3955632",
    "creation_place": "Rome",
    "creation_lat": 41.9028,
    "creation_lon": 12.4964,
    "_source": {
     "source": "Wikidata",
     "url": "https://www.wikidata.org/wiki/Q3955632",
     "retrieved_at": "2026-08-23"
    },
    "_overrides": {
     "creation": {
      "at": "2026-08-23",
      "source": "derived from start date + Caravaggio's documented itinerary (approximate)"
     }
    },
    "museum_id": "sistine-chapel",
    "qid": "Q3955632",
    "wga_url": "https://www.wga.hu/html/m/michelan/3sistina/1genesis/7earth/07_3ce7.html",
    "location_src": "Sistine Chapel",
    "form": "painting"
   }
  },
  {
   "type": "Feature",
   "geometry": {
    "type": "Point",
    "coordinates": [
     12.454433,
     41.902956
    ]
   },
   "properties": {
    "painter": "Michelangelo",
    "title": "Separation of Light from Darkness",
    "year": "1512",
    "city": "Vatican City",
    "country": "Vatican City",
    "location": "Sistine Chapel",
    "kind": "church",
    "attribution": "generally accepted",
    "status": "present",
    "medium": "Fresco",
    "dimensions": "180 × 260 cm",
    "genre": "religious art",
    "image": "https://commons.wikimedia.org/wiki/Special:FilePath/Dividing%20Light%20from%20Darkness.jpg?width=420",
    "wikipedia_es": "https://es.wikipedia.org/wiki/Separaci%C3%B3n_de_la_luz_de_la_oscuridad",
    "wikipedia_en": "https://en.wikipedia.org/wiki/Separation_of_Light_from_Darkness",
    "wikipedia_it": "https://it.wikipedia.org/wiki/Separazione_della_luce_dalle_tenebre",
    "wikidata": "https://www.wikidata.org/wiki/Q3955636",
    "creation_place": "Rome",
    "creation_lat": 41.9028,
    "creation_lon": 12.4964,
    "_source": {
     "source": "Wikidata",
     "url": "https://www.wikidata.org/wiki/Q3955636",
     "retrieved_at": "2026-08-23"
    },
    "_overrides": {
     "creation": {
      "at": "2026-08-23",
      "source": "derived from start date + Caravaggio's documented itinerary (approximate)"
     }
    },
    "museum_id": "sistine-chapel",
    "qid": "Q3955636",
    "location_src": "Sistine Chapel",
    "form": "painting"
   }
  },
  {
   "type": "Feature",
   "geometry": {
    "type": "Point",
    "coordinates": [
     12.454433,
     41.902956
    ]
   },
   "properties": {
    "painter": "Michelangelo",
    "title": "The Brazen Serpent",
    "year": "1511",
    "city": "Vatican City",
    "country": "Vatican City",
    "location": "Sistine Chapel",
    "kind": "church",
    "attribution": "generally accepted",
    "status": "present",
    "medium": "Fresco",
    "dimensions": "585 × 985 cm",
    "genre": "religious art",
    "image": "https://commons.wikimedia.org/wiki/Special:FilePath/Michelangelo%2C%20Brazen%20Serpent%2002.jpg?width=420",
    "wikipedia_it": "https://it.wikipedia.org/wiki/Serpente_di_bronzo_(Michelangelo)",
    "wikidata": "https://www.wikidata.org/wiki/Q3957934",
    "creation_place": "Rome",
    "creation_lat": 41.9028,
    "creation_lon": 12.4964,
    "_source": {
     "source": "Wikidata",
     "url": "https://www.wikidata.org/wiki/Q3957934",
     "retrieved_at": "2026-08-23"
    },
    "_overrides": {
     "creation": {
      "at": "2026-08-23",
      "source": "derived from start date + Caravaggio's documented itinerary (approximate)"
     }
    },
    "museum_id": "sistine-chapel",
    "qid": "Q3957934",
    "wga_url": "https://www.wga.hu/html/m/michelan/3sistina/5spandre/10_4pe4b.html",
    "location_src": "Sistine Chapel",
    "form": "painting"
   }
  },
  {
   "type": "Feature",
   "geometry": {
    "type": "Point",
    "coordinates": [
     12.454433,
     41.902956
    ]
   },
   "properties": {
    "painter": "Michelangelo",
    "title": "Cumaean Sibyl",
    "year": "1511",
    "city": "Vatican City",
    "country": "Vatican City",
    "location": "Sistine Chapel",
    "kind": "church",
    "attribution": "generally accepted",
    "status": "present",
    "medium": "Fresco",
    "dimensions": "375 × 380 cm",
    "genre": "mythological painting",
    "image": "https://commons.wikimedia.org/wiki/Special:FilePath/CumaeanSibylByMichelangelo.jpg?width=420",
    "wikipedia_es": "https://es.wikipedia.org/wiki/Sibila_Cumana_(Miguel_%C3%81ngel)",
    "wikipedia_it": "https://it.wikipedia.org/wiki/Sibilla_Cumana_(Michelangelo)",
    "wikidata": "https://www.wikidata.org/wiki/Q3960003",
    "creation_place": "Rome",
    "creation_lat": 41.9028,
    "creation_lon": 12.4964,
    "_source": {
     "source": "Wikidata",
     "url": "https://www.wikidata.org/wiki/Q3960003",
     "retrieved_at": "2026-08-23"
    },
    "_overrides": {
     "creation": {
      "at": "2026-08-23",
      "source": "derived from start date + Caravaggio's documented itinerary (approximate)"
     }
    },
    "museum_id": "sistine-chapel",
    "qid": "Q3960003",
    "wga_url": "https://www.wga.hu/html/m/michelan/3sistina/4sibyls/05_6si3.html",
    "location_src": "Sistine Chapel",
    "form": "painting"
   }
  },
  {
   "type": "Feature",
   "geometry": {
    "type": "Point",
    "coordinates": [
     12.454433,
     41.902956
    ]
   },
   "properties": {
    "painter": "Michelangelo",
    "title": "Erythraean Sibyl",
    "year": "1508",
    "city": "Vatican City",
    "country": "Vatican City",
    "location": "Sistine Chapel",
    "kind": "church",
    "attribution": "generally accepted",
    "status": "present",
    "dimensions": "360 × 380 cm",
    "genre": "mythological painting",
    "image": "https://commons.wikimedia.org/wiki/Special:FilePath/Erythraean.jpg?width=420",
    "wikipedia_es": "https://es.wikipedia.org/wiki/Sibila_Eritrea_(Miguel_%C3%81ngel)",
    "wikipedia_it": "https://it.wikipedia.org/wiki/Sibilla_Eritrea_(Michelangelo)",
    "wikidata": "https://www.wikidata.org/wiki/Q3960006",
    "creation_place": "Rome",
    "creation_lat": 41.9028,
    "creation_lon": 12.4964,
    "_source": {
     "source": "Wikidata",
     "url": "https://www.wikidata.org/wiki/Q3960006",
     "retrieved_at": "2026-08-23"
    },
    "_overrides": {
     "creation": {
      "at": "2026-08-23",
      "source": "derived from start date + Caravaggio's documented itinerary (approximate)"
     }
    },
    "museum_id": "sistine-chapel",
    "qid": "Q3960006",
    "location_src": "Sistine Chapel",
    "form": "painting"
   }
  },
  {
   "type": "Feature",
   "geometry": {
    "type": "Point",
    "coordinates": [
     12.454433,
     41.902956
    ]
   },
   "properties": {
    "painter": "Michelangelo",
    "title": "Libyan Sibyl",
    "year": "1512",
    "city": "Vatican City",
    "country": "Vatican City",
    "location": "Sistine Chapel",
    "kind": "church",
    "attribution": "generally accepted",
    "status": "present",
    "medium": "Fresco",
    "dimensions": "395 × 380 cm",
    "genre": "mythological painting",
    "image": "https://commons.wikimedia.org/wiki/Special:FilePath/Sibila%20L%C3%ADbica.jpg?width=420",
    "wikipedia_es": "https://es.wikipedia.org/wiki/Sibila_L%C3%ADbica_(Miguel_%C3%81ngel)",
    "wikipedia_it": "https://it.wikipedia.org/wiki/Sibilla_Libica_(Michelangelo)",
    "wikidata": "https://www.wikidata.org/wiki/Q3960008",
    "creation_place": "Rome",
    "creation_lat": 41.9028,
    "creation_lon": 12.4964,
    "_source": {
     "source": "Wikidata",
     "url": "https://www.wikidata.org/wiki/Q3960008",
     "retrieved_at": "2026-08-23"
    },
    "_overrides": {
     "creation": {
      "at": "2026-08-23",
      "source": "derived from start date + Caravaggio's documented itinerary (approximate)"
     }
    },
    "museum_id": "sistine-chapel",
    "qid": "Q3960008",
    "wga_url": "https://www.wga.hu/html/m/michelan/3sistina/4sibyls/09_7si5.html",
    "location_src": "Sistine Chapel",
    "form": "painting"
   }
  },
  {
   "type": "Feature",
   "geometry": {
    "type": "Point",
    "coordinates": [
     12.454433,
     41.902956
    ]
   },
   "properties": {
    "painter": "Michelangelo",
    "title": "Sistine Chapel ceiling - Persian Sibyl",
    "year": "1511",
    "city": "Vatican City",
    "country": "Vatican City",
    "location": "Sistine Chapel",
    "kind": "church",
    "attribution": "generally accepted",
    "status": "present",
    "medium": "Fresco",
    "dimensions": "400 × 380 cm",
    "genre": "mythological painting",
    "image": "https://commons.wikimedia.org/wiki/Special:FilePath/Perzsa.jpg?width=420",
    "wikipedia_es": "https://es.wikipedia.org/wiki/Sibila_P%C3%A9rsica_(Miguel_%C3%81ngel)",
    "wikipedia_it": "https://it.wikipedia.org/wiki/Sibilla_Persica_(Michelangelo)",
    "wikidata": "https://www.wikidata.org/wiki/Q3960012",
    "creation_place": "Rome",
    "creation_lat": 41.9028,
    "creation_lon": 12.4964,
    "_source": {
     "source": "Wikidata",
     "url": "https://www.wikidata.org/wiki/Q3960012",
     "retrieved_at": "2026-08-23"
    },
    "_overrides": {
     "creation": {
      "at": "2026-08-23",
      "source": "derived from start date + Caravaggio's documented itinerary (approximate)"
     }
    },
    "museum_id": "sistine-chapel",
    "qid": "Q3960012",
    "wga_url": "https://www.wga.hu/html/m/michelan/3sistina/4sibyls/07_1si4.html",
    "location_src": "Sistine Chapel",
    "form": "painting"
   }
  },
  {
   "type": "Feature",
   "geometry": {
    "type": "Point",
    "coordinates": [
     12.454433,
     41.902956
    ]
   },
   "properties": {
    "painter": "Michelangelo",
    "title": "The Ancestors of Christ: Josias, Jeconiah and Shealtiel",
    "year": "1508",
    "city": "Vatican City",
    "country": "Vatican City",
    "location": "Sistine Chapel",
    "kind": "church",
    "attribution": "generally accepted",
    "status": "present",
    "medium": "Fresco",
    "dimensions": "245 × 340 cm",
    "genre": "religious art",
    "image": "https://commons.wikimedia.org/wiki/Special:FilePath/Michelangelo%2C%20antenati%20di%20cristo%2C%2002.jpg?width=420",
    "wikipedia_it": "https://it.wikipedia.org/wiki/Vela_sopra_Giosia,_Ieconia_e_Salatiel",
    "wikidata": "https://www.wikidata.org/wiki/Q4009315",
    "creation_place": "Rome",
    "creation_lat": 41.9028,
    "creation_lon": 12.4964,
    "_source": {
     "source": "Wikidata",
     "url": "https://www.wikidata.org/wiki/Q4009315",
     "retrieved_at": "2026-08-23"
    },
    "_overrides": {
     "creation": {
      "at": "2026-08-23",
      "source": "derived from start date + Caravaggio's documented itinerary (approximate)"
     }
    },
    "museum_id": "sistine-chapel",
    "qid": "Q4009315",
    "wga_url": "https://www.wga.hu/html/m/michelan/3sistina/7triangl/02_4sp2f.html",
    "location_src": "Sistine Chapel",
    "form": "painting"
   }
  },
  {
   "type": "Feature",
   "geometry": {
    "type": "Point",
    "coordinates": [
     12.454433,
     41.902956
    ]
   },
   "properties": {
    "painter": "Michelangelo",
    "title": "The Ancestors of Christ: Hezekiah, Manasseh and Ahaz",
    "year": "1510",
    "city": "Vatican City",
    "country": "Vatican City",
    "location": "Sistine Chapel",
    "kind": "church",
    "attribution": "generally accepted",
    "status": "present",
    "medium": "Fresco",
    "dimensions": "245 × 340 cm",
    "genre": "religious art",
    "image": "https://commons.wikimedia.org/wiki/Special:FilePath/Michelangelo%2C%20antenati%20di%20cristo%2C%2004.jpg?width=420",
    "wikipedia_it": "https://it.wikipedia.org/wiki/Vela_sopra_Ezechia,_Manasse_e_Amon",
    "wikidata": "https://www.wikidata.org/wiki/Q4009316",
    "creation_place": "Rome",
    "creation_lat": 41.9028,
    "creation_lon": 12.4964,
    "_source": {
     "source": "Wikidata",
     "url": "https://www.wikidata.org/wiki/Q4009316",
     "retrieved_at": "2026-08-23"
    },
    "_overrides": {
     "creation": {
      "at": "2026-08-23",
      "source": "derived from start date + Caravaggio's documented itinerary (approximate)"
     }
    },
    "museum_id": "sistine-chapel",
    "qid": "Q4009316",
    "wga_url": "https://www.wga.hu/html/m/michelan/3sistina/7triangl/04_4sp4f.html",
    "location_src": "Sistine Chapel",
    "form": "painting"
   }
  },
  {
   "type": "Feature",
   "geometry": {
    "type": "Point",
    "coordinates": [
     12.454433,
     41.902956
    ]
   },
   "properties": {
    "painter": "Michelangelo",
    "title": "Ancestors of Christ: David and Solomon",
    "year": "1511",
    "city": "Vatican City",
    "country": "Vatican City",
    "location": "Sistine Chapel",
    "kind": "church",
    "attribution": "generally accepted",
    "status": "present",
    "medium": "Fresco",
    "dimensions": "240 × 340 cm",
    "genre": "religious art",
    "image": "https://commons.wikimedia.org/wiki/Special:FilePath/Jesse%20Spandrel.jpg?width=420",
    "wikipedia_it": "https://it.wikipedia.org/wiki/Vela_sopra_Iesse,_Davide_e_Salomone",
    "wikidata": "https://www.wikidata.org/wiki/Q4009319",
    "creation_place": "Rome",
    "creation_lat": 41.9028,
    "creation_lon": 12.4964,
    "_source": {
     "source": "Wikidata",
     "url": "https://www.wikidata.org/wiki/Q4009319",
     "retrieved_at": "2026-08-23"
    },
    "_overrides": {
     "creation": {
      "at": "2026-08-23",
      "source": "derived from start date + Caravaggio's documented itinerary (approximate)"
     }
    },
    "museum_id": "sistine-chapel",
    "qid": "Q4009319",
    "wga_url": "https://www.wga.hu/html/m/michelan/3sistina/7triangl/08_4sp8f.html",
    "location_src": "Sistine Chapel",
    "form": "painting"
   }
  },
  {
   "type": "Feature",
   "geometry": {
    "type": "Point",
    "coordinates": [
     12.454433,
     41.902956
    ]
   },
   "properties": {
    "painter": "Michelangelo",
    "title": "The Ancestors of Christ: Uzziah,  Jotham and Ahaz",
    "year": "1510",
    "city": "Vatican City",
    "country": "Vatican City",
    "location": "Sistine Chapel",
    "kind": "church",
    "attribution": "generally accepted",
    "status": "present",
    "medium": "Fresco",
    "dimensions": "245 × 340 cm",
    "genre": "religious art",
    "image": "https://commons.wikimedia.org/wiki/Special:FilePath/Michelangelo%2C%20antenati%20di%20cristo%2C%2003.jpg?width=420",
    "wikipedia_it": "https://it.wikipedia.org/wiki/Vela_sopra_Ozia,_Ioatam_e_Acaz",
    "wikidata": "https://www.wikidata.org/wiki/Q4009320",
    "creation_place": "Rome",
    "creation_lat": 41.9028,
    "creation_lon": 12.4964,
    "_source": {
     "source": "Wikidata",
     "url": "https://www.wikidata.org/wiki/Q4009320",
     "retrieved_at": "2026-08-23"
    },
    "_overrides": {
     "creation": {
      "at": "2026-08-23",
      "source": "derived from start date + Caravaggio's documented itinerary (approximate)"
     }
    },
    "museum_id": "sistine-chapel",
    "qid": "Q4009320",
    "wga_url": "https://www.wga.hu/html/m/michelan/3sistina/7triangl/04_1sp3f.html",
    "location_src": "Sistine Chapel",
    "form": "painting"
   }
  },
  {
   "type": "Feature",
   "geometry": {
    "type": "Point",
    "coordinates": [
     12.454433,
     41.902956
    ]
   },
   "properties": {
    "painter": "Michelangelo",
    "title": "The Ancestors of Christ: Rehoboam and Abijah",
    "year": "1511",
    "city": "Vatican City",
    "country": "Vatican City",
    "location": "Sistine Chapel",
    "kind": "church",
    "attribution": "generally accepted",
    "status": "present",
    "medium": "Fresco",
    "dimensions": "245 × 340 cm",
    "image": "https://commons.wikimedia.org/wiki/Special:FilePath/Michelangelo%2C%20antenati%20di%20cristo%2C%2005.jpg?width=420",
    "wikipedia_it": "https://it.wikipedia.org/wiki/Vela_sopra_Roboamo_e_Abia",
    "wikidata": "https://www.wikidata.org/wiki/Q4009321",
    "creation_place": "Rome",
    "creation_lat": 41.9028,
    "creation_lon": 12.4964,
    "_source": {
     "source": "Wikidata",
     "url": "https://www.wikidata.org/wiki/Q4009321",
     "retrieved_at": "2026-08-23"
    },
    "_overrides": {
     "creation": {
      "at": "2026-08-23",
      "source": "derived from start date + Caravaggio's documented itinerary (approximate)"
     }
    },
    "museum_id": "sistine-chapel",
    "qid": "Q4009321",
    "wga_url": "https://www.wga.hu/html/m/michelan/3sistina/7triangl/06_1sp5f.html",
    "location_src": "Sistine Chapel",
    "form": "painting"
   }
  },
  {
   "type": "Feature",
   "geometry": {
    "type": "Point",
    "coordinates": [
     12.454433,
     41.902956
    ]
   },
   "properties": {
    "painter": "Michelangelo",
    "title": "The Ancestors of Christ: Salmon, Boaz and Obed",
    "year": "1511",
    "city": "Vatican City",
    "country": "Vatican City",
    "location": "Sistine Chapel",
    "kind": "church",
    "attribution": "generally accepted",
    "status": "present",
    "medium": "Fresco",
    "dimensions": "245 × 340 cm",
    "image": "https://commons.wikimedia.org/wiki/Special:FilePath/Michelangelo%2C%20antenati%20di%20cristo%2C%2007.jpg?width=420",
    "wikipedia_it": "https://it.wikipedia.org/wiki/Vela_sopra_Salm%C3%B2n,_Booz_e_Obed",
    "wikidata": "https://www.wikidata.org/wiki/Q4009322",
    "creation_place": "Rome",
    "creation_lat": 41.9028,
    "creation_lon": 12.4964,
    "_source": {
     "source": "Wikidata",
     "url": "https://www.wikidata.org/wiki/Q4009322",
     "retrieved_at": "2026-08-23"
    },
    "_overrides": {
     "creation": {
      "at": "2026-08-23",
      "source": "derived from start date + Caravaggio's documented itinerary (approximate)"
     }
    },
    "museum_id": "sistine-chapel",
    "qid": "Q4009322",
    "wga_url": "https://www.wga.hu/html/m/michelan/3sistina/7triangl/08_1sp7f.html",
    "location_src": "Sistine Chapel",
    "form": "painting"
   }
  },
  {
   "type": "Feature",
   "geometry": {
    "type": "Point",
    "coordinates": [
     12.45443,
     41.90296
    ]
   },
   "properties": {
    "painter": "Michelangelo",
    "title": "The Ancestors of Christ: Zerubbabel, Abiud and Eliakim",
    "year": "1508",
    "city": "Vatican City",
    "country": "Vatican City",
    "location": "Sistine Chapel",
    "kind": "museum",
    "attribution": "generally accepted",
    "status": "present",
    "medium": "Fresco",
    "dimensions": "245 × 340 cm",
    "genre": "religious art",
    "image": "https://commons.wikimedia.org/wiki/Special:FilePath/Michelangelo%2C%20antenati%20di%20cristo%2C%2001.jpg?width=420",
    "wikipedia_it": "https://it.wikipedia.org/wiki/Vela_sopra_Zorobabele,_Abiud_ed_Eliachim",
    "wikidata": "https://www.wikidata.org/wiki/Q4009323",
    "creation_place": "Rome",
    "creation_lat": 41.9028,
    "creation_lon": 12.4964,
    "_source": {
     "source": "Wikidata",
     "url": "https://www.wikidata.org/wiki/Q4009323",
     "retrieved_at": "2026-08-23"
    },
    "_overrides": {
     "creation": {
      "at": "2026-08-23",
      "source": "derived from start date + Caravaggio's documented itinerary (approximate)"
     }
    },
    "museum_id": "sistine-chapel",
    "qid": "Q4009323",
    "wga_url": "https://www.wga.hu/html/m/michelan/3sistina/7triangl/02_1sp1f.html",
    "location_src": "Sistine Chapel",
    "form": "painting"
   }
  },
  {
   "type": "Feature",
   "geometry": {
    "type": "Point",
    "coordinates": [
     12.454433,
     41.902956
    ]
   },
   "properties": {
    "painter": "Michelangelo",
    "title": "Prophet Zechariah",
    "year": "1508",
    "city": "Vatican City",
    "country": "Vatican City",
    "location": "Sistine Chapel",
    "kind": "church",
    "attribution": "generally accepted",
    "status": "present",
    "medium": "Fresco",
    "dimensions": "360 × 390 cm",
    "genre": "religious art",
    "image": "https://commons.wikimedia.org/wiki/Special:FilePath/Michelangelo%2C%20profeti%2C%20Zechariah%2001.jpg?width=420",
    "wikipedia_es": "https://es.wikipedia.org/wiki/Zacar%C3%ADas_(Miguel_%C3%81ngel)",
    "wikipedia_it": "https://it.wikipedia.org/wiki/Zaccaria_(Michelangelo)",
    "wikidata": "https://www.wikidata.org/wiki/Q4023582",
    "creation_place": "Rome",
    "creation_lat": 41.9028,
    "creation_lon": 12.4964,
    "_source": {
     "source": "Wikidata",
     "url": "https://www.wikidata.org/wiki/Q4023582",
     "retrieved_at": "2026-08-23"
    },
    "_overrides": {
     "creation": {
      "at": "2026-08-23",
      "source": "derived from start date + Caravaggio's documented itinerary (approximate)"
     }
    },
    "museum_id": "sistine-chapel",
    "qid": "Q4023582",
    "wga_url": "https://www.wga.hu/html/m/michelan/3sistina/3prophet/00_3pr1.html",
    "location_src": "Sistine Chapel",
    "form": "painting"
   }
  },
  {
   "type": "Feature",
   "geometry": {
    "type": "Point",
    "coordinates": [
     12.4544,
     41.9064
    ]
   },
   "properties": {
    "painter": "Michelangelo",
    "title": "Zerubbabel, Abiud and Eliakim",
    "year": "1508",
    "city": "Vatican City",
    "country": "Vatican City",
    "location": "Vatican Museums",
    "kind": "museum",
    "attribution": "generally accepted",
    "status": "present",
    "medium": "Fresco",
    "dimensions": "215 × 430 cm",
    "genre": "religious art",
    "image": "https://commons.wikimedia.org/wiki/Special:FilePath/Michelangelo%2C%20lunetta%2C%20Zerubbabel%20-%20Abiud%20-%20Eliakim%2001.jpg?width=420",
    "wikipedia_it": "https://it.wikipedia.org/wiki/Zorobabele,_Abiud_ed_Eliachim",
    "wikidata": "https://www.wikidata.org/wiki/Q4024821",
    "creation_place": "Rome",
    "creation_lat": 41.9028,
    "creation_lon": 12.4964,
    "_source": {
     "source": "Wikidata",
     "url": "https://www.wikidata.org/wiki/Q4024821",
     "retrieved_at": "2026-08-23"
    },
    "_overrides": {
     "creation": {
      "at": "2026-08-23",
      "source": "derived from start date + Caravaggio's documented itinerary (approximate)"
     }
    },
    "museum_id": "vatican-museums",
    "qid": "Q4024821",
    "wga_url": "https://www.wga.hu/html/m/michelan/3sistina/6lunette/05/lu05zer.html",
    "location_src": "Vatican Museums",
    "form": "painting"
   }
  },
  {
   "type": "Feature",
   "properties": {
    "painter": "Michelangelo",
    "title": "Dawn",
    "qid": "Q596683",
    "form": "sculpture",
    "kind": "church",
    "year": "1524",
    "location": "New Sacristy",
    "city": "Florence",
    "country": "Italy",
    "material": "marble",
    "medium": "marble",
    "image": "https://commons.wikimedia.org/wiki/Special:FilePath/Tomba%20di%20lorenzo%20de%27%20medici%2C%201531%2C%20aurora%2002.jpg",
    "wikipedia_en": "https://en.wikipedia.org/wiki/Dawn_(Michelangelo)",
    "attribution": "generally accepted",
    "_source": {
     "source": "Wikidata: sculptures by Michelangelo (Q5592)"
    },
    "museum_id": "new-sacristy",
    "location_src": "New Sacristy"
   },
   "geometry": {
    "type": "Point",
    "coordinates": [
     11.253808333,
     43.775163888
    ]
   }
  },
  {
   "type": "Feature",
   "properties": {
    "painter": "Michelangelo",
    "title": "Bearded Slave",
    "qid": "Q768337",
    "form": "sculpture",
    "kind": "museum",
    "year": "1519",
    "location": "Galleria dell'Accademia",
    "city": "Florence",
    "country": "Italy",
    "material": "marble",
    "medium": "marble",
    "image": "https://commons.wikimedia.org/wiki/Special:FilePath/Michelangelo%20-%20Bearded%20slave.jpg",
    "wikipedia_en": "https://en.wikipedia.org/wiki/Bearded_Slave",
    "attribution": "generally accepted",
    "_source": {
     "source": "Wikidata: sculptures by Michelangelo (Q5592)"
    },
    "museum_id": "galleria-dell-accademia",
    "location_src": "Galleria dell'Accademia"
   },
   "geometry": {
    "type": "Point",
    "coordinates": [
     11.2589,
     43.7769
    ]
   }
  },
  {
   "type": "Feature",
   "properties": {
    "painter": "Michelangelo",
    "title": "Pitti Tondo",
    "qid": "Q785767",
    "form": "sculpture",
    "kind": "museum",
    "year": "1504",
    "location": "Bargello National Museum",
    "city": "Florence",
    "country": "Italy",
    "material": "marble",
    "medium": "marble",
    "image": "https://commons.wikimedia.org/wiki/Special:FilePath/Michelangelo%2C%20Madonna%20and%20Child%20with%20the%20Young%20St.%20John%20%28Pitti%20Tondo%29%2C%20ca%201505%3B%20Bargello%2C%20Florence%20%281%29.jpg",
    "wikipedia_en": "https://en.wikipedia.org/wiki/Pitti_Tondo",
    "attribution": "generally accepted",
    "_source": {
     "source": "Wikidata: sculptures by Michelangelo (Q5592)"
    },
    "museum_id": "bargello-national-museum",
    "location_src": "Bargello National Museum"
   },
   "geometry": {
    "type": "Point",
    "coordinates": [
     11.25801,
     43.7704
    ]
   }
  },
  {
   "type": "Feature",
   "properties": {
    "painter": "Michelangelo",
    "title": "Bacchus",
    "qid": "Q1144620",
    "form": "sculpture",
    "kind": "museum",
    "year": "1497",
    "location": "Bargello National Museum",
    "city": "Florence",
    "country": "Italy",
    "material": "marble",
    "medium": "marble",
    "image": "https://commons.wikimedia.org/wiki/Special:FilePath/Michelangelo%20Bacchus.jpg",
    "wikipedia_en": "https://en.wikipedia.org/wiki/Bacchus_(Michelangelo)",
    "attribution": "generally accepted",
    "_source": {
     "source": "Wikidata: sculptures by Michelangelo (Q5592)"
    },
    "museum_id": "bargello-national-museum",
    "location_src": "Bargello National Museum"
   },
   "geometry": {
    "type": "Point",
    "coordinates": [
     11.25801,
     43.7704
    ]
   }
  },
  {
   "type": "Feature",
   "properties": {
    "painter": "Michelangelo",
    "title": "Rondanini Pietà",
    "qid": "Q1878666",
    "form": "sculpture",
    "kind": "museum",
    "year": "1564",
    "location": "Sforza Castle",
    "city": "Milan",
    "country": "Italy",
    "material": "marble",
    "medium": "marble",
    "image": "https://commons.wikimedia.org/wiki/Special:FilePath/Michelangelo%20piet%C3%A0%20rondanini.jpg",
    "wikipedia_en": "https://en.wikipedia.org/wiki/Rondanini_Piet%C3%A0",
    "attribution": "generally accepted",
    "_source": {
     "source": "Wikidata: sculptures by Michelangelo (Q5592)"
    },
    "museum_id": "sforza-castle",
    "location_src": "Sforza Castle"
   },
   "geometry": {
    "type": "Point",
    "coordinates": [
     9.17969,
     45.471
    ]
   }
  },
  {
   "type": "Feature",
   "properties": {
    "painter": "Michelangelo",
    "title": "Dusk",
    "qid": "Q1984954",
    "form": "sculpture",
    "kind": "church",
    "year": "1524",
    "location": "New Sacristy",
    "city": "Florence",
    "country": "Italy",
    "material": "marble",
    "medium": "marble",
    "image": "https://commons.wikimedia.org/wiki/Special:FilePath/Tomba%20di%20lorenzo%20de%27%20medici%2C%201531-32%2C%20crepuscolo%2002.jpg",
    "wikipedia_en": "https://en.wikipedia.org/wiki/Dusk_(Michelangelo)",
    "attribution": "generally accepted",
    "_source": {
     "source": "Wikidata: sculptures by Michelangelo (Q5592)"
    },
    "museum_id": "new-sacristy",
    "location_src": "New Sacristy"
   },
   "geometry": {
    "type": "Point",
    "coordinates": [
     11.253808333,
     43.775163888
    ]
   }
  },
  {
   "type": "Feature",
   "properties": {
    "painter": "Michelangelo",
    "title": "Medici Madonna",
    "qid": "Q1985071",
    "form": "sculpture",
    "kind": "church",
    "year": "1521",
    "location": "New Sacristy",
    "city": "Florence",
    "country": "Italy",
    "material": "marble",
    "medium": "marble",
    "image": "https://commons.wikimedia.org/wiki/Special:FilePath/Michelangelo%2C%20Madonna%20and%20Child%2C%201521%3B%20New%20Sacristy%20%28Medici%20Chapel%29%2C%20San%20Lorenzo%2C%20Florence%20%282%29%20%28cropped%29.jpg",
    "wikipedia_en": "https://en.wikipedia.org/wiki/Medici_Madonna",
    "attribution": "generally accepted",
    "_source": {
     "source": "Wikidata: sculptures by Michelangelo (Q5592)"
    },
    "museum_id": "new-sacristy",
    "location_src": "New Sacristy"
   },
   "geometry": {
    "type": "Point",
    "coordinates": [
     11.253808333,
     43.775163888
    ]
   }
  },
  {
   "type": "Feature",
   "properties": {
    "painter": "Michelangelo",
    "title": "Day",
    "qid": "Q1985154",
    "form": "sculpture",
    "kind": "church",
    "year": "1526",
    "location": "New Sacristy",
    "city": "Florence",
    "country": "Italy",
    "material": "marble",
    "medium": "marble",
    "image": "https://commons.wikimedia.org/wiki/Special:FilePath/Tomba%20di%20giuliano%20de%27%20medici%2C%201524-34%2C%20il%20giorno%2006%2C1.jpg",
    "wikipedia_en": "https://en.wikipedia.org/wiki/Day_(Michelangelo)",
    "attribution": "generally accepted",
    "_source": {
     "source": "Wikidata: sculptures by Michelangelo (Q5592)"
    },
    "museum_id": "new-sacristy",
    "location_src": "New Sacristy"
   },
   "geometry": {
    "type": "Point",
    "coordinates": [
     11.253808333,
     43.775163888
    ]
   }
  },
  {
   "type": "Feature",
   "properties": {
    "painter": "Michelangelo",
    "title": "Moses",
    "qid": "Q1989744",
    "form": "sculpture",
    "kind": "church",
    "year": "1510",
    "location": "San Pietro in Vincoli",
    "city": "Rome",
    "country": "Italy",
    "material": "marble",
    "medium": "marble",
    "image": "https://commons.wikimedia.org/wiki/Special:FilePath/Michelangelo%27s%20Moses%20%28Rome%29.jpg",
    "wikipedia_en": "https://en.wikipedia.org/wiki/Moses_(Michelangelo)",
    "attribution": "generally accepted",
    "_source": {
     "source": "Wikidata: sculptures by Michelangelo (Q5592)"
    },
    "museum_id": "san-pietro-in-vincoli",
    "location_src": "San Pietro in Vincoli"
   },
   "geometry": {
    "type": "Point",
    "coordinates": [
     12.493305555,
     41.893772222
    ]
   }
  },
  {
   "type": "Feature",
   "properties": {
    "painter": "Michelangelo",
    "title": "Madonna of the Stair",
    "qid": "Q2078173",
    "form": "sculpture",
    "kind": "museum",
    "year": "1491",
    "location": "Casa Buonarroti",
    "city": "Florence",
    "country": "Italy",
    "material": "marble",
    "medium": "marble",
    "image": "https://commons.wikimedia.org/wiki/Special:FilePath/Michelangelo%2C%20madonna%20della%20scala%2C%201491%20ca%2C%2001.JPG",
    "wikipedia_en": "https://en.wikipedia.org/wiki/Madonna_of_the_Stairs",
    "attribution": "generally accepted",
    "_source": {
     "source": "Wikidata: sculptures by Michelangelo (Q5592)"
    },
    "museum_id": "casa-buonarroti",
    "location_src": "Casa Buonarroti"
   },
   "geometry": {
    "type": "Point",
    "coordinates": [
     11.26359,
     43.76981
    ]
   }
  },
  {
   "type": "Feature",
   "properties": {
    "painter": "Michelangelo",
    "title": "Angel",
    "qid": "Q2354236",
    "form": "sculpture",
    "kind": "church",
    "year": "1494",
    "location": "Basilica of San Domenico",
    "city": "Bologna",
    "country": "Italy",
    "material": "marble",
    "medium": "marble",
    "image": "https://commons.wikimedia.org/wiki/Special:FilePath/Autori%20vari%2C%20arca%20di%20san%20domenico%2C%20angelo%20reggicandelabro%20di%20michelangelo%2C%201494%2C%2001.jpg",
    "wikipedia_en": "https://en.wikipedia.org/wiki/Angel_(Michelangelo)",
    "attribution": "generally accepted",
    "_source": {
     "source": "Wikidata: sculptures by Michelangelo (Q5592)"
    },
    "museum_id": "basilica-of-san-domenico",
    "location_src": "Basilica of San Domenico"
   },
   "geometry": {
    "type": "Point",
    "coordinates": [
     11.3445,
     44.4895
    ]
   }
  },
  {
   "type": "Feature",
   "properties": {
    "painter": "Michelangelo",
    "title": "Arca di San Domenico",
    "qid": "Q2417706",
    "form": "sculpture",
    "kind": "church",
    "location": "Basilica of San Domenico",
    "city": "Bologna",
    "country": "Italy",
    "material": "marble",
    "medium": "marble",
    "image": "https://commons.wikimedia.org/wiki/Special:FilePath/Basilique%20San%20Domenico%20de%20Bologne%20-%20S%C3%A9pulcre%20de%20Saint%20Dominique.jpg",
    "wikipedia_en": "https://en.wikipedia.org/wiki/Arca_di_San_Domenico",
    "attribution": "generally accepted",
    "_source": {
     "source": "Wikidata: sculptures by Michelangelo (Q5592)"
    },
    "museum_id": "basilica-of-san-domenico",
    "location_src": "Basilica of San Domenico"
   },
   "geometry": {
    "type": "Point",
    "coordinates": [
     11.3445,
     44.4895
    ]
   }
  },
  {
   "type": "Feature",
   "properties": {
    "painter": "Michelangelo",
    "title": "Saint Proculus",
    "qid": "Q2418609",
    "form": "sculpture",
    "kind": "church",
    "year": "1494",
    "location": "Basilica of San Domenico",
    "city": "Bologna",
    "country": "Italy",
    "material": "marble",
    "medium": "marble",
    "image": "https://commons.wikimedia.org/wiki/Special:FilePath/Autori%20vari%2C%20arca%20di%20san%20domenico%2C%20protettori%20di%20bologna%2C%2002%20procolo%20di%20michelangelo%2C%201494.jpg",
    "wikipedia_en": "https://en.wikipedia.org/wiki/Saint_Proculus_(Michelangelo)",
    "attribution": "generally accepted",
    "_source": {
     "source": "Wikidata: sculptures by Michelangelo (Q5592)"
    },
    "museum_id": "basilica-of-san-domenico",
    "location_src": "Basilica of San Domenico"
   },
   "geometry": {
    "type": "Point",
    "coordinates": [
     11.3445,
     44.4895
    ]
   }
  },
  {
   "type": "Feature",
   "properties": {
    "painter": "Michelangelo",
    "title": "Saint Petronius",
    "qid": "Q2429976",
    "form": "sculpture",
    "kind": "church",
    "year": "1494",
    "location": "Basilica of San Domenico",
    "city": "Bologna",
    "country": "Italy",
    "material": "marble",
    "medium": "marble",
    "image": "https://commons.wikimedia.org/wiki/Special:FilePath/Autori%20vari%2C%20arca%20di%20san%20domenico%2C%20protettori%20di%20bologna%2C%2002%20petronio%20di%20michelangelo%2C%201494%2C%202.jpg",
    "wikipedia_en": "https://en.wikipedia.org/wiki/Saint_Petronius_(Michelangelo)",
    "attribution": "generally accepted",
    "_source": {
     "source": "Wikidata: sculptures by Michelangelo (Q5592)"
    },
    "museum_id": "basilica-of-san-domenico",
    "location_src": "Basilica of San Domenico"
   },
   "geometry": {
    "type": "Point",
    "coordinates": [
     11.3445,
     44.4895
    ]
   }
  },
  {
   "type": "Feature",
   "properties": {
    "painter": "Michelangelo",
    "title": "Rachel",
    "qid": "Q2437149",
    "form": "sculpture",
    "kind": "church",
    "year": "1545",
    "location": "San Pietro in Vincoli",
    "city": "Rome",
    "country": "Italy",
    "material": "marble",
    "medium": "marble",
    "image": "https://commons.wikimedia.org/wiki/Special:FilePath/San%20Pietro%20in%20Vincoli%20-%20Roma%2C%20Rachele.jpg",
    "wikipedia_en": "https://en.wikipedia.org/wiki/Rachel_(sculpture)",
    "attribution": "generally accepted",
    "_source": {
     "source": "Wikidata: sculptures by Michelangelo (Q5592)"
    },
    "museum_id": "san-pietro-in-vincoli",
    "location_src": "San Pietro in Vincoli"
   },
   "geometry": {
    "type": "Point",
    "coordinates": [
     12.493069444,
     41.893872222
    ]
   }
  },
  {
   "type": "Feature",
   "properties": {
    "painter": "Michelangelo",
    "title": "Leah",
    "qid": "Q2437692",
    "form": "sculpture",
    "kind": "church",
    "year": "1545",
    "location": "San Pietro in Vincoli",
    "city": "Rome",
    "country": "Italy",
    "material": "marble",
    "medium": "marble",
    "image": "https://commons.wikimedia.org/wiki/Special:FilePath/Michelangelo-Leah.jpg",
    "wikipedia_en": "https://en.wikipedia.org/wiki/Leah_(sculpture)",
    "attribution": "generally accepted",
    "_source": {
     "source": "Wikidata: sculptures by Michelangelo (Q5592)"
    },
    "museum_id": "san-pietro-in-vincoli",
    "location_src": "San Pietro in Vincoli"
   },
   "geometry": {
    "type": "Point",
    "coordinates": [
     12.493069444,
     41.893872222
    ]
   }
  },
  {
   "type": "Feature",
   "properties": {
    "painter": "Michelangelo",
    "title": "The Genius of Victory",
    "qid": "Q2438217",
    "form": "sculpture",
    "kind": "museum",
    "year": "1532",
    "location": "Palazzo Vecchio",
    "city": "Florence",
    "country": "Italy",
    "material": "piedra",
    "medium": "piedra",
    "image": "https://commons.wikimedia.org/wiki/Special:FilePath/Michelangelo-Genius%20of%20Victory-Palazzo%20vecchio.jpg",
    "wikipedia_en": "https://en.wikipedia.org/wiki/The_Genius_of_Victory",
    "attribution": "generally accepted",
    "_source": {
     "source": "Wikidata: sculptures by Michelangelo (Q5592)"
    },
    "museum_id": "palazzo-vecchio",
    "location_src": "Palazzo Vecchio"
   },
   "geometry": {
    "type": "Point",
    "coordinates": [
     11.2561,
     43.7694
    ]
   }
  },
  {
   "type": "Feature",
   "properties": {
    "painter": "Michelangelo",
    "title": "Apollo",
    "qid": "Q2154351",
    "form": "sculpture",
    "kind": "museum",
    "year": "1530",
    "location": "Bargello National Museum",
    "city": "Florence",
    "country": "Italy",
    "material": "marble",
    "medium": "marble",
    "image": "https://commons.wikimedia.org/wiki/Special:FilePath/Michelangelo%2C%20apollino%2001.jpg",
    "wikipedia_en": "https://en.wikipedia.org/wiki/Apollo_(Michelangelo)",
    "attribution": "generally accepted",
    "_source": {
     "source": "Wikidata: sculptures by Michelangelo (Q5592)"
    },
    "museum_id": "bargello-national-museum",
    "location_src": "Bargello National Museum"
   },
   "geometry": {
    "type": "Point",
    "coordinates": [
     11.25801,
     43.7704
    ]
   }
  },
  {
   "type": "Feature",
   "properties": {
    "painter": "Michelangelo",
    "title": "Cristo della Minerva",
    "qid": "Q2182509",
    "form": "sculpture",
    "kind": "church",
    "location": "Santa Maria sopra Minerva",
    "city": "Rome",
    "country": "Italy",
    "material": "marble",
    "medium": "marble",
    "image": "https://commons.wikimedia.org/wiki/Special:FilePath/Michelangelo-Christ.jpg",
    "wikipedia_en": "https://en.wikipedia.org/wiki/Risen_Christ_(Michelangelo,_Santa_Maria_sopra_Minerva)",
    "attribution": "generally accepted",
    "_source": {
     "source": "Wikidata: sculptures by Michelangelo (Q5592)"
    },
    "museum_id": "santa-maria-sopra-minerva",
    "location_src": "Santa Maria sopra Minerva"
   },
   "geometry": {
    "type": "Point",
    "coordinates": [
     12.47839611,
     41.89810806
    ]
   }
  },
  {
   "type": "Feature",
   "properties": {
    "painter": "Michelangelo",
    "title": "Palestrina Pietà",
    "qid": "Q2255664",
    "form": "sculpture",
    "kind": "museum",
    "year": "1550",
    "location": "Galleria dell'Accademia",
    "city": "Florence",
    "country": "Italy",
    "material": "marble",
    "medium": "marble",
    "image": "https://commons.wikimedia.org/wiki/Special:FilePath/Michelangelo%20buonarroti%20%28attr.%20o%20seguace%29%2C%20piet%C3%A0%20di%20palestrina%2C%20forse%201555%20ca.%2C%20da%20S.%20Rosalia%20a%20palestrina%2003.JPG",
    "wikipedia_en": "https://en.wikipedia.org/wiki/Palestrina_Piet%C3%A0",
    "attribution": "generally accepted",
    "_source": {
     "source": "Wikidata: sculptures by Michelangelo (Q5592)"
    },
    "museum_id": "galleria-dell-accademia",
    "location_src": "Galleria dell'Accademia"
   },
   "geometry": {
    "type": "Point",
    "coordinates": [
     11.2589,
     43.7769
    ]
   }
  },
  {
   "type": "Feature",
   "properties": {
    "painter": "Michelangelo",
    "title": "Battle of the Centaurs",
    "qid": "Q2313006",
    "form": "sculpture",
    "kind": "museum",
    "year": "1492",
    "location": "Casa Buonarroti",
    "city": "Florence",
    "country": "Italy",
    "material": "marble",
    "medium": "marble",
    "image": "https://commons.wikimedia.org/wiki/Special:FilePath/Michelangelo%2C%20centauromachia%2C%201492%20ca.%2C%2001.JPG",
    "wikipedia_en": "https://en.wikipedia.org/wiki/Battle_of_the_Centaurs_(Michelangelo)",
    "attribution": "generally accepted",
    "_source": {
     "source": "Wikidata: sculptures by Michelangelo (Q5592)"
    },
    "museum_id": "casa-buonarroti",
    "location_src": "Casa Buonarroti"
   },
   "geometry": {
    "type": "Point",
    "coordinates": [
     11.26359,
     43.76981
    ]
   }
  },
  {
   "type": "Feature",
   "properties": {
    "painter": "Michelangelo",
    "title": "The Deposition",
    "qid": "Q2342843",
    "form": "sculpture",
    "kind": "museum",
    "year": "1600",
    "location": "Museo dell'Opera del Duomo",
    "city": "Florence",
    "country": "Italy",
    "material": "marble",
    "medium": "marble",
    "image": "https://commons.wikimedia.org/wiki/Special:FilePath/The%20Florentine%20Piet%C3%A0%2C%20Museo%20dell%27Opera%20del%20Duomo%20-%2048199237196.jpg",
    "wikipedia_en": "https://en.wikipedia.org/wiki/The_Deposition_(Michelangelo)",
    "attribution": "generally accepted",
    "_source": {
     "source": "Wikidata: sculptures by Michelangelo (Q5592)"
    },
    "museum_id": "museo-dell-opera-del-duomo",
    "location_src": "Museo dell'Opera del Duomo"
   },
   "geometry": {
    "type": "Point",
    "coordinates": [
     11.25582,
     43.7727
    ]
   }
  },
  {
   "type": "Feature",
   "properties": {
    "painter": "Michelangelo",
    "title": "Pietà (Michelangelo)",
    "qid": "Q235242",
    "form": "sculpture",
    "kind": "museum",
    "year": "1499",
    "location": "St. Peter's Basilica",
    "city": "Vatican City",
    "country": "Vatican City",
    "material": "marble",
    "medium": "marble",
    "image": "https://commons.wikimedia.org/wiki/Special:FilePath/Michelangelo%27s%20Pieta%205450%20cropncleaned%20edit.jpg",
    "wikipedia_en": "https://en.wikipedia.org/wiki/Piet%C3%A0_(Michelangelo)",
    "attribution": "generally accepted",
    "_source": {
     "source": "Wikidata: sculptures by Michelangelo (Q5592)"
    },
    "museum_id": "st-peter-s-basilica",
    "location_src": "St. Peter's Basilica"
   },
   "geometry": {
    "type": "Point",
    "coordinates": [
     12.4533,
     41.9022
    ]
   }
  },
  {
   "type": "Feature",
   "properties": {
    "painter": "Michelangelo",
    "title": "Madonna of Bruges",
    "qid": "Q567833",
    "form": "sculpture",
    "kind": "church",
    "year": "1503",
    "location": "Church of Our Lady",
    "city": "Bruges",
    "country": "Belgium",
    "material": "marble",
    "medium": "marble",
    "image": "https://commons.wikimedia.org/wiki/Special:FilePath/Madonna%20Michelangelo%20Bruges%20-%20JPG2%20%28cropped%29.jpg",
    "wikipedia_en": "https://en.wikipedia.org/wiki/Madonna_of_Bruges",
    "attribution": "generally accepted",
    "_source": {
     "source": "Wikidata: sculptures by Michelangelo (Q5592)"
    },
    "museum_id": "church-of-our-lady",
    "location_src": "Church of Our Lady"
   },
   "geometry": {
    "type": "Point",
    "coordinates": [
     3.22444444,
     51.20472222
    ]
   }
  },
  {
   "type": "Feature",
   "properties": {
    "painter": "Michelangelo",
    "title": "Atlas Slave",
    "qid": "Q3057930",
    "form": "sculpture",
    "kind": "museum",
    "year": "1530",
    "location": "Galleria dell'Accademia",
    "city": "Florence",
    "country": "Italy",
    "material": "marble",
    "medium": "marble",
    "image": "https://commons.wikimedia.org/wiki/Special:FilePath/Michelangelo%20-%20Atlas.jpg",
    "wikipedia_en": "https://en.wikipedia.org/wiki/Atlas_Slave",
    "attribution": "generally accepted",
    "_source": {
     "source": "Wikidata: sculptures by Michelangelo (Q5592)"
    },
    "museum_id": "galleria-dell-accademia",
    "location_src": "Galleria dell'Accademia"
   },
   "geometry": {
    "type": "Point",
    "coordinates": [
     11.2589,
     43.7769
    ]
   }
  },
  {
   "type": "Feature",
   "properties": {
    "painter": "Michelangelo",
    "title": "Awakening Slave",
    "qid": "Q3057936",
    "form": "sculpture",
    "kind": "museum",
    "year": "1519",
    "location": "Galleria dell'Accademia",
    "city": "Florence",
    "country": "Italy",
    "material": "marble",
    "medium": "marble",
    "image": "https://commons.wikimedia.org/wiki/Special:FilePath/Michelangelo%20-%20Awakening%20slave.jpg",
    "wikipedia_en": "https://en.wikipedia.org/wiki/Awakening_Slave",
    "attribution": "generally accepted",
    "_source": {
     "source": "Wikidata: sculptures by Michelangelo (Q5592)"
    },
    "museum_id": "galleria-dell-accademia",
    "location_src": "Galleria dell'Accademia"
   },
   "geometry": {
    "type": "Point",
    "coordinates": [
     11.2589,
     43.7769
    ]
   }
  },
  {
   "type": "Feature",
   "properties": {
    "painter": "Michelangelo",
    "title": "Young Slave",
    "qid": "Q3177994",
    "form": "sculpture",
    "kind": "museum",
    "year": "1519",
    "location": "Galleria dell'Accademia",
    "city": "Florence",
    "country": "Italy",
    "material": "marble",
    "medium": "marble",
    "image": "https://commons.wikimedia.org/wiki/Special:FilePath/Michelangelo%20-%20Young%20slave.jpg",
    "wikipedia_en": "https://en.wikipedia.org/wiki/Young_Slave",
    "attribution": "generally accepted",
    "_source": {
     "source": "Wikidata: sculptures by Michelangelo (Q5592)"
    },
    "museum_id": "galleria-dell-accademia",
    "location_src": "Galleria dell'Accademia"
   },
   "geometry": {
    "type": "Point",
    "coordinates": [
     11.2589,
     43.7769
    ]
   }
  },
  {
   "type": "Feature",
   "properties": {
    "painter": "Michelangelo",
    "title": "Rebellious Slave",
    "qid": "Q3203231",
    "form": "sculpture",
    "kind": "museum",
    "year": "1514",
    "location": "Department of Sculptures of the Louvre",
    "country": "France",
    "material": "marble",
    "medium": "marble",
    "image": "https://commons.wikimedia.org/wiki/Special:FilePath/%27Rebellious%20Slave%27%20Michelangelo%20JBU81.jpg",
    "wikipedia_en": "https://en.wikipedia.org/wiki/Rebellious_Slave",
    "attribution": "generally accepted",
    "_source": {
     "source": "Wikidata: sculptures by Michelangelo (Q5592)"
    },
    "museum_id": "department-of-sculptures-of-the-louvre",
    "location_src": "Department of Sculptures of the Louvre"
   },
   "geometry": {
    "type": "Point",
    "coordinates": [
     2.33583,
     48.86111
    ]
   }
  },
  {
   "type": "Feature",
   "properties": {
    "painter": "Michelangelo",
    "title": "Night",
    "qid": "Q3878834",
    "form": "sculpture",
    "kind": "church",
    "year": "1526",
    "location": "Basilica of San Lorenzo",
    "city": "Florence",
    "country": "Italy",
    "material": "marble",
    "medium": "marble",
    "image": "https://commons.wikimedia.org/wiki/Special:FilePath/Tomba%20di%20giuliano%20de%27%20medici%2C%201524-34%2C%20la%20notte%2001.jpg",
    "wikipedia_en": "https://en.wikipedia.org/wiki/Night_(Michelangelo)",
    "attribution": "generally accepted",
    "_source": {
     "source": "Wikidata: sculptures by Michelangelo (Q5592)"
    },
    "museum_id": "basilica-of-san-lorenzo",
    "location_src": "Basilica of San Lorenzo"
   },
   "geometry": {
    "type": "Point",
    "coordinates": [
     11.253888888,
     43.775
    ]
   }
  },
  {
   "type": "Feature",
   "properties": {
    "painter": "Michelangelo",
    "title": "Portrait of Giuliano de' Medici, Duke of Nemours",
    "qid": "Q3937559",
    "form": "sculpture",
    "kind": "church",
    "year": "1526",
    "location": "Basilica of San Lorenzo",
    "city": "Florence",
    "country": "Italy",
    "material": "marble",
    "medium": "marble",
    "image": "https://commons.wikimedia.org/wiki/Special:FilePath/Grabmal%20von%20Giuliano%20II.%20de%20Medici%20%28Michelangelo%29%20Cappelle%20Medicee%20Florenz-4.jpg",
    "wikipedia_en": "https://en.wikipedia.org/wiki/Portrait_of_Giuliano_de%27_Medici,_Duke_of_Nemours",
    "attribution": "generally accepted",
    "_source": {
     "source": "Wikidata: sculptures by Michelangelo (Q5592)"
    },
    "museum_id": "basilica-of-san-lorenzo",
    "location_src": "Basilica of San Lorenzo"
   },
   "geometry": {
    "type": "Point",
    "coordinates": [
     11.253888888,
     43.775
    ]
   }
  },
  {
   "type": "Feature",
   "properties": {
    "painter": "Michelangelo",
    "title": "Crouching Boy",
    "qid": "Q2440879",
    "form": "sculpture",
    "kind": "museum",
    "year": "1530",
    "location": "Hermitage Museum",
    "city": "Saint Petersburg",
    "country": "Russia",
    "material": "marble",
    "medium": "marble",
    "image": "https://commons.wikimedia.org/wiki/Special:FilePath/Michelangelo-Buonarroti-Crouching%20Boy-3-Hermitage.jpg",
    "wikipedia_en": "https://en.wikipedia.org/wiki/Crouching_Boy",
    "attribution": "generally accepted",
    "_source": {
     "source": "Wikidata: sculptures by Michelangelo (Q5592)"
    },
    "museum_id": "hermitage-museum",
    "location_src": "Hermitage Museum"
   },
   "geometry": {
    "type": "Point",
    "coordinates": [
     30.31361,
     59.94056
    ]
   }
  },
  {
   "type": "Feature",
   "properties": {
    "painter": "Michelangelo",
    "title": "Saint Matthew",
    "qid": "Q2500541",
    "form": "sculpture",
    "kind": "museum",
    "year": "1505",
    "location": "Galleria dell'Accademia",
    "city": "Florence",
    "country": "Italy",
    "material": "marble",
    "medium": "marble",
    "image": "https://commons.wikimedia.org/wiki/Special:FilePath/%27St%20Matthew%27%20by%20Michelangelo%20-%20JBU%2002.jpg",
    "wikipedia_en": "https://en.wikipedia.org/wiki/Saint_Matthew_(Michelangelo)",
    "attribution": "generally accepted",
    "_source": {
     "source": "Wikidata: sculptures by Michelangelo (Q5592)"
    },
    "museum_id": "galleria-dell-accademia",
    "location_src": "Galleria dell'Accademia"
   },
   "geometry": {
    "type": "Point",
    "coordinates": [
     11.2589,
     43.7769
    ]
   }
  },
  {
   "type": "Feature",
   "properties": {
    "painter": "Michelangelo",
    "title": "Taddei Tondo",
    "qid": "Q2500548",
    "form": "sculpture",
    "kind": "museum",
    "year": "1504",
    "location": "Royal Academy of Arts",
    "city": "City of Westminster",
    "country": "United Kingdom",
    "material": "marble",
    "medium": "marble",
    "image": "https://commons.wikimedia.org/wiki/Special:FilePath/Taddei%20Tondo.JPG",
    "wikipedia_en": "https://en.wikipedia.org/wiki/Taddei_Tondo",
    "attribution": "generally accepted",
    "_source": {
     "source": "Wikidata: sculptures by Michelangelo (Q5592)"
    },
    "museum_id": "royal-academy-of-arts",
    "location_src": "Royal Academy of Arts"
   },
   "geometry": {
    "type": "Point",
    "coordinates": [
     -0.13944,
     51.50917
    ]
   }
  },
  {
   "type": "Feature",
   "properties": {
    "painter": "Michelangelo",
    "title": "Brutus",
    "qid": "Q2627551",
    "form": "sculpture",
    "kind": "museum",
    "year": "1538",
    "location": "Bargello National Museum",
    "city": "Florence",
    "country": "Italy",
    "material": "marble",
    "medium": "marble",
    "image": "https://commons.wikimedia.org/wiki/Special:FilePath/Bruto%20Miguel%20%C3%81ngel%2002%20%28cropped%29.JPG",
    "wikipedia_en": "https://en.wikipedia.org/wiki/Brutus_(Michelangelo)",
    "attribution": "generally accepted",
    "_source": {
     "source": "Wikidata: sculptures by Michelangelo (Q5592)"
    },
    "museum_id": "bargello-national-museum",
    "location_src": "Bargello National Museum"
   },
   "geometry": {
    "type": "Point",
    "coordinates": [
     11.25801,
     43.7704
    ]
   }
  },
  {
   "type": "Feature",
   "properties": {
    "painter": "Michelangelo",
    "title": "River God",
    "qid": "Q3643326",
    "form": "sculpture",
    "kind": "museum",
    "year": "1524",
    "location": "Casa Buonarroti",
    "city": "Florence",
    "country": "Italy",
    "material": "bronze",
    "medium": "bronze",
    "attribution": "generally accepted",
    "_source": {
     "source": "Wikidata: sculptures by Michelangelo (Q5592)"
    },
    "museum_id": "casa-buonarroti",
    "location_src": "Casa Buonarroti"
   },
   "geometry": {
    "type": "Point",
    "coordinates": [
     11.26359,
     43.76981
    ]
   }
  },
  {
   "type": "Feature",
   "properties": {
    "painter": "Michelangelo",
    "title": "Bozzetto per un crocifisso",
    "qid": "Q3643325",
    "form": "sculpture",
    "kind": "museum",
    "year": "1562",
    "location": "Casa Buonarroti",
    "city": "Florence",
    "country": "Italy",
    "material": "wood",
    "medium": "wood",
    "image": "https://commons.wikimedia.org/wiki/Special:FilePath/Paris%201er%20-%20Mus%C3%A9e%20du%20Louvre%20-%20Exposition%20Michel-Ange%20Rodin%20-%20Corps%20vivants%20-%20Le%20Christ%20en%20croix%20%28Michelangelo%20Buonarroti%29%20%28cropped%29.jpg",
    "attribution": "generally accepted",
    "_source": {
     "source": "Wikidata: sculptures by Michelangelo (Q5592)"
    },
    "museum_id": "casa-buonarroti",
    "location_src": "Casa Buonarroti"
   },
   "geometry": {
    "type": "Point",
    "coordinates": [
     11.26359,
     43.76981
    ]
   }
  },
  {
   "type": "Feature",
   "properties": {
    "painter": "Michelangelo",
    "title": "Saint Paul",
    "qid": "Q1774735",
    "form": "sculpture",
    "kind": "museum",
    "year": "1503",
    "location": "Siena Cathedral",
    "city": "Siena",
    "country": "Italy",
    "material": "marble",
    "medium": "marble",
    "image": "https://commons.wikimedia.org/wiki/Special:FilePath/Michelangelo.St%20Peter.Duomo%20di%20Siena.jpg",
    "attribution": "generally accepted",
    "_source": {
     "source": "Wikidata: sculptures by Michelangelo (Q5592)"
    },
    "museum_id": "siena-cathedral",
    "location_src": "Siena Cathedral"
   },
   "geometry": {
    "type": "Point",
    "coordinates": [
     11.32869,
     43.31758
    ]
   }
  },
  {
   "type": "Feature",
   "properties": {
    "painter": "Michelangelo",
    "title": "Saint Peter",
    "qid": "Q1774747",
    "form": "sculpture",
    "kind": "museum",
    "year": "1501",
    "location": "Siena Cathedral",
    "city": "Siena",
    "country": "Italy",
    "material": "marble",
    "medium": "marble",
    "image": "https://commons.wikimedia.org/wiki/Special:FilePath/Michelangelo%2C%20san%20pietro%2001.JPG",
    "attribution": "generally accepted",
    "_source": {
     "source": "Wikidata: sculptures by Michelangelo (Q5592)"
    },
    "museum_id": "siena-cathedral",
    "location_src": "Siena Cathedral"
   },
   "geometry": {
    "type": "Point",
    "coordinates": [
     11.32869,
     43.31758
    ]
   }
  },
  {
   "type": "Feature",
   "properties": {
    "painter": "Michelangelo",
    "title": "Saint Pius",
    "qid": "Q1981945",
    "form": "sculpture",
    "kind": "museum",
    "year": "1501",
    "location": "Siena Cathedral",
    "city": "Siena",
    "country": "Italy",
    "material": "marble",
    "medium": "marble",
    "image": "https://commons.wikimedia.org/wiki/Special:FilePath/Michelangelo%2C%20san%20pio%2002.jpg",
    "attribution": "generally accepted",
    "_source": {
     "source": "Wikidata: sculptures by Michelangelo (Q5592)"
    },
    "museum_id": "siena-cathedral",
    "location_src": "Siena Cathedral"
   },
   "geometry": {
    "type": "Point",
    "coordinates": [
     11.32869,
     43.31758
    ]
   }
  },
  {
   "type": "Feature",
   "properties": {
    "painter": "Michelangelo",
    "title": "Young Archer",
    "qid": "Q2454248",
    "form": "sculpture",
    "kind": "museum",
    "year": "1491",
    "location": "Metropolitan Museum of Art",
    "city": "New York",
    "country": "United States",
    "material": "marble",
    "medium": "marble",
    "image": "https://commons.wikimedia.org/wiki/Special:FilePath/Michelangelo%20%28attr.%29%2C%20giovane%20arciere%2C%201491-92%20ca.%2001.JPG",
    "attribution": "generally accepted",
    "_source": {
     "source": "Wikidata: sculptures by Michelangelo (Q5592)"
    },
    "museum_id": "metropolitan-museum-of-art",
    "location_src": "Metropolitan Museum of Art"
   },
   "geometry": {
    "type": "Point",
    "coordinates": [
     -73.9631,
     40.7794
    ]
   }
  },
  {
   "type": "Feature",
   "properties": {
    "painter": "Michelangelo",
    "title": "Gallino Crucifix",
    "qid": "Q2626427",
    "form": "sculpture",
    "kind": "museum",
    "year": "1495",
    "location": "Bargello National Museum",
    "city": "Florence",
    "country": "Italy",
    "material": "wood",
    "medium": "wood",
    "image": "https://commons.wikimedia.org/wiki/Special:FilePath/Crocifisso%20attribuito%20a%20Michelangelo2.jpg",
    "attribution": "generally accepted",
    "_source": {
     "source": "Wikidata: sculptures by Michelangelo (Q5592)"
    },
    "museum_id": "bargello-national-museum",
    "location_src": "Bargello National Museum"
   },
   "geometry": {
    "type": "Point",
    "coordinates": [
     11.25801,
     43.7704
    ]
   }
  },
  {
   "type": "Feature",
   "properties": {
    "painter": "Michelangelo",
    "title": "Crucifix of Montserrat",
    "qid": "Q3005512",
    "form": "sculpture",
    "kind": "museum",
    "year": "1492",
    "location": "Santa Maria de Montserrat",
    "city": "Monistrol de Montserrat",
    "country": "Spain",
    "material": "ivory",
    "medium": "ivory",
    "image": "https://commons.wikimedia.org/wiki/Special:FilePath/Crucifix%20-%20Bas%C3%ADlica%20de%20Montserrat%20-%20Montserrat%202014.JPG",
    "attribution": "generally accepted",
    "_source": {
     "source": "Wikidata: sculptures by Michelangelo (Q5592)"
    },
    "museum_id": "santa-maria-de-montserrat",
    "location_src": "Santa Maria de Montserrat"
   },
   "geometry": {
    "type": "Point",
    "coordinates": [
     1.83714,
     41.59319
    ]
   }
  },
  {
   "type": "Feature",
   "properties": {
    "painter": "Michelangelo",
    "title": "Bozzetto for the Young Slave",
    "qid": "Q3643323",
    "form": "sculpture",
    "kind": "museum",
    "year": "1519",
    "location": "Victoria and Albert Museum",
    "city": "Royal Borough of Kensington and Chelsea",
    "country": "United Kingdom",
    "material": "wax",
    "medium": "wax",
    "image": "https://commons.wikimedia.org/wiki/Special:FilePath/BLW%20Model%20of%20a%20slave2.jpg",
    "attribution": "generally accepted",
    "_source": {
     "source": "Wikidata: sculptures by Michelangelo (Q5592)"
    },
    "museum_id": "victoria-and-albert-museum",
    "location_src": "Victoria and Albert Museum"
   },
   "geometry": {
    "type": "Point",
    "coordinates": [
     -0.17162,
     51.49685
    ]
   }
  },
  {
   "type": "Feature",
   "properties": {
    "painter": "Michelangelo",
    "title": "River God torso",
    "qid": "Q3708034",
    "form": "sculpture",
    "kind": "museum",
    "year": "1524",
    "location": "Accademia delle Arti del Disegno",
    "city": "Florence",
    "country": "Italy",
    "medium": "Sculpture",
    "image": "https://commons.wikimedia.org/wiki/Special:FilePath/Michelangelo%2C%20modello%20per%20una%20divinit%C3%A0%20fluviale%2002.JPG",
    "attribution": "generally accepted",
    "_source": {
     "source": "Wikidata: sculptures by Michelangelo (Q5592)"
    },
    "museum_id": "accademia-delle-arti-del-disegno",
    "location_src": "Accademia delle Arti del Disegno"
   },
   "geometry": {
    "type": "Point",
    "coordinates": [
     11.25848,
     43.77691
    ]
   }
  },
  {
   "type": "Feature",
   "properties": {
    "painter": "Michelangelo",
    "title": "Two Wrestlers",
    "qid": "Q3715995",
    "form": "sculpture",
    "kind": "museum",
    "year": "1525",
    "location": "Casa Buonarroti",
    "city": "Florence",
    "country": "Italy",
    "material": "terracotta",
    "medium": "terracotta",
    "image": "https://commons.wikimedia.org/wiki/Special:FilePath/Michelangelo%2C%20due%20lottatori%20in%20terracotta%20chiara%2C%201530%20ca.%2003.JPG",
    "attribution": "generally accepted",
    "_source": {
     "source": "Wikidata: sculptures by Michelangelo (Q5592)"
    },
    "museum_id": "casa-buonarroti",
    "location_src": "Casa Buonarroti"
   },
   "geometry": {
    "type": "Point",
    "coordinates": [
     11.26359,
     43.76981
    ]
   }
  },
  {
   "type": "Feature",
   "properties": {
    "painter": "Michelangelo",
    "title": "Nude woman",
    "qid": "Q3879269",
    "form": "sculpture",
    "kind": "museum",
    "year": "1532",
    "location": "Casa Buonarroti",
    "city": "Florence",
    "country": "Italy",
    "material": "terracotta",
    "medium": "terracotta",
    "image": "https://commons.wikimedia.org/wiki/Special:FilePath/Michelangelo%2C%20nudo%20femminile%2C%20terracotta%2C%201533%20circa%2005.JPG",
    "attribution": "generally accepted",
    "_source": {
     "source": "Wikidata: sculptures by Michelangelo (Q5592)"
    },
    "museum_id": "casa-buonarroti",
    "location_src": "Casa Buonarroti"
   },
   "geometry": {
    "type": "Point",
    "coordinates": [
     11.26359,
     43.76981
    ]
   }
  },
  {
   "type": "Feature",
   "properties": {
    "painter": "Michelangelo",
    "title": "Nudo virile I",
    "qid": "Q3879284",
    "form": "sculpture",
    "kind": "museum",
    "year": "1501",
    "location": "Casa Buonarroti",
    "city": "Florence",
    "country": "Italy",
    "material": "bronze, terracotta",
    "medium": "bronze, terracotta",
    "image": "https://commons.wikimedia.org/wiki/Special:FilePath/After%20michelangelo%2C%20nudo%20virile%20%28from%20original%20work%20of%201501-1503%29%202.JPG",
    "attribution": "generally accepted",
    "_source": {
     "source": "Wikidata: sculptures by Michelangelo (Q5592)"
    },
    "museum_id": "casa-buonarroti",
    "location_src": "Casa Buonarroti"
   },
   "geometry": {
    "type": "Point",
    "coordinates": [
     11.26359,
     43.76981
    ]
   }
  },
  {
   "type": "Feature",
   "properties": {
    "painter": "Michelangelo",
    "title": "Primo Cristo della Minerva",
    "qid": "Q3921825",
    "form": "sculpture",
    "kind": "church",
    "year": "1514",
    "location": "San Vincenzo (Bassano Romano)",
    "city": "Bassano Romano",
    "country": "Italy",
    "material": "marble",
    "medium": "marble",
    "image": "https://commons.wikimedia.org/wiki/Special:FilePath/Cristo%20portacroce%20michelangelo.jpg",
    "attribution": "generally accepted",
    "_source": {
     "source": "Wikidata: sculptures by Michelangelo (Q5592)"
    },
    "museum_id": "san-vincenzo-bassano-romano",
    "location_src": "San Vincenzo (Bassano Romano)"
   },
   "geometry": {
    "type": "Point",
    "coordinates": [
     12.178692,
     42.224702
    ]
   }
  },
  {
   "type": "Feature",
   "properties": {
    "painter": "Michelangelo",
    "title": "Statue of Lorenzo de' Medici, Duke of Urbino",
    "qid": "Q3937601",
    "form": "sculpture",
    "kind": "church",
    "year": "1531",
    "location": "New Sacristy",
    "city": "Florence",
    "country": "Italy",
    "material": "marble",
    "medium": "marble",
    "image": "https://commons.wikimedia.org/wiki/Special:FilePath/The%20Sagrestia%20Nuova%20at%20the%20Medici%20Chapel%20-%2048170010147.jpg",
    "attribution": "generally accepted",
    "_source": {
     "source": "Wikidata: sculptures by Michelangelo (Q5592)"
    },
    "museum_id": "new-sacristy",
    "location_src": "New Sacristy"
   },
   "geometry": {
    "type": "Point",
    "coordinates": [
     11.253808333,
     43.775163888
    ]
   }
  },
  {
   "type": "Feature",
   "properties": {
    "painter": "Michelangelo",
    "title": "Tomb of Giuliano de' Medici, Duke of Nemours",
    "qid": "Q3992615",
    "form": "sculpture",
    "kind": "church",
    "year": "1524",
    "location": "New Sacristy",
    "city": "Florence",
    "country": "Italy",
    "material": "marble",
    "medium": "marble",
    "image": "https://commons.wikimedia.org/wiki/Special:FilePath/Monument%20voor%20Giuliano%20de%27%20Medici%20in%20de%20sacristie%20van%20de%20Sint-Laurensbasiliek%20in%20Florence%20FIRENZE%20%28Sagrestia%20nuova%20di%20S.%20Lorenzo%29%20Monumento%20a%20Giuliano%20de%27%20Medici%20duca%20di%20Nemours%20Michelangiolo.%20%28titel%20op%20object%29%2C%20RP-F-F01093-BU%20%28cropped%29.jpg",
    "attribution": "generally accepted",
    "_source": {
     "source": "Wikidata: sculptures by Michelangelo (Q5592)"
    },
    "museum_id": "new-sacristy",
    "location_src": "New Sacristy"
   },
   "geometry": {
    "type": "Point",
    "coordinates": [
     11.253808333,
     43.775163888
    ]
   }
  },
  {
   "type": "Feature",
   "properties": {
    "painter": "Michelangelo",
    "title": "Torso virile I",
    "qid": "Q3995790",
    "form": "sculpture",
    "kind": "museum",
    "year": "1513",
    "location": "Casa Buonarroti",
    "city": "Florence",
    "country": "Italy",
    "material": "terracotta",
    "medium": "terracotta",
    "image": "https://commons.wikimedia.org/wiki/Special:FilePath/Michelangelo%2C%20torso%20virile%2C%201513%20circa.JPG",
    "attribution": "generally accepted",
    "_source": {
     "source": "Wikidata: sculptures by Michelangelo (Q5592)"
    },
    "museum_id": "casa-buonarroti",
    "location_src": "Casa Buonarroti"
   },
   "geometry": {
    "type": "Point",
    "coordinates": [
     11.26359,
     43.76981
    ]
   }
  },
  {
   "type": "Feature",
   "properties": {
    "painter": "Michelangelo",
    "title": "Torso virile II",
    "qid": "Q3995791",
    "form": "sculpture",
    "kind": "museum",
    "year": "1513",
    "location": "Casa Buonarroti",
    "city": "Florence",
    "country": "Italy",
    "material": "terracotta",
    "medium": "terracotta",
    "image": "https://commons.wikimedia.org/wiki/Special:FilePath/Michelangelo%2C%20torso%20virile%2C%201513%20circa%2C%201.JPG",
    "attribution": "generally accepted",
    "_source": {
     "source": "Wikidata: sculptures by Michelangelo (Q5592)"
    },
    "museum_id": "casa-buonarroti",
    "location_src": "Casa Buonarroti"
   },
   "geometry": {
    "type": "Point",
    "coordinates": [
     11.26359,
     43.76981
    ]
   }
  },
  {
   "type": "Feature",
   "properties": {
    "painter": "Michelangelo",
    "title": "Venus and Cupid",
    "qid": "Q14959545",
    "form": "sculpture",
    "kind": "museum",
    "year": "1491",
    "location": "Palazzo Medici Riccardi",
    "city": "Florence",
    "country": "Italy",
    "material": "marble",
    "medium": "marble",
    "image": "https://commons.wikimedia.org/wiki/Special:FilePath/Palazzo%20medici%20riccardi%2C%20cortile%20di%20michelozzo%2C%20lato%20sud%2C%20panoplia%2008%2C%2009%20venere%20e%20cupido%20attr.%20al%20giovane%20michelangelo%20buonarroti%2C%201490-92%20ca.jpg",
    "attribution": "generally accepted",
    "_source": {
     "source": "Wikidata: sculptures by Michelangelo (Q5592)"
    },
    "museum_id": "palazzo-medici-riccardi",
    "location_src": "Palazzo Medici Riccardi"
   },
   "geometry": {
    "type": "Point",
    "coordinates": [
     11.25599,
     43.77529
    ]
   }
  },
  {
   "type": "Feature",
   "properties": {
    "painter": "Michelangelo",
    "title": "Rebellious Slave",
    "qid": "Q22254271",
    "form": "sculpture",
    "kind": "museum",
    "location": "M Leuven",
    "city": "Leuven",
    "country": "Belgium",
    "medium": "Sculpture",
    "attribution": "generally accepted",
    "_source": {
     "source": "Wikidata: sculptures by Michelangelo (Q5592)"
    },
    "museum_id": "m-leuven",
    "location_src": "M Leuven"
   },
   "geometry": {
    "type": "Point",
    "coordinates": [
     4.70444,
     50.87889
    ]
   }
  },
  {
   "type": "Feature",
   "properties": {
    "painter": "Michelangelo",
    "title": "Mascaron",
    "qid": "Q29524825",
    "form": "sculpture",
    "kind": "museum",
    "year": "1534",
    "location": "National Museum in Warsaw",
    "city": "Śródmieście",
    "country": "Poland",
    "material": "sandstone",
    "medium": "sandstone",
    "image": "https://commons.wikimedia.org/wiki/Special:FilePath/Buonarroti%20Gargoyle.jpg",
    "attribution": "generally accepted",
    "_source": {
     "source": "Wikidata: sculptures by Michelangelo (Q5592)"
    },
    "museum_id": "national-museum-in-warsaw",
    "location_src": "National Museum in Warsaw"
   },
   "geometry": {
    "type": "Point",
    "coordinates": [
     21.02472,
     52.23167
    ]
   }
  },
  {
   "type": "Feature",
   "properties": {
    "painter": "Michelangelo",
    "title": "Michelangelo's Moses",
    "qid": "Q106949796",
    "form": "sculpture",
    "kind": "museum",
    "location": "neighborhood Antigone",
    "city": "Montpellier",
    "country": "France",
    "medium": "Sculpture",
    "image": "https://commons.wikimedia.org/wiki/Special:FilePath/Montpellier%20-%20M%C3%A9diath%C3%A8que%20%C3%89mile%20Zola%20%2829248662714%29.jpg",
    "attribution": "generally accepted",
    "_source": {
     "source": "Wikidata: sculptures by Michelangelo (Q5592)"
    },
    "museum_id": "neighborhood-antigone",
    "location_src": "neighborhood Antigone"
   },
   "geometry": {
    "type": "Point",
    "coordinates": [
     3.89332,
     43.6086
    ]
   }
  },
  {
   "type": "Feature",
   "properties": {
    "painter": "Michelangelo",
    "title": "Tomb of Lorenzo the Magnificent and Giuliano de' Medici",
    "qid": "Q124348413",
    "form": "sculpture",
    "kind": "church",
    "year": "1526",
    "location": "New Sacristy",
    "city": "Florence",
    "country": "Italy",
    "material": "marble",
    "medium": "marble",
    "image": "https://commons.wikimedia.org/wiki/Special:FilePath/Tomb%20of%20Lorenzo%20the%20Magnificent%20and%20Giuliano%20de%27%20Medici%2C%20Sagrestia%20Nuova%2C%20Medici%20Chapels%2C%20San%20Lorenzo%2C%20Florence.jpg",
    "attribution": "generally accepted",
    "_source": {
     "source": "Wikidata: sculptures by Michelangelo (Q5592)"
    },
    "museum_id": "new-sacristy",
    "location_src": "New Sacristy"
   },
   "geometry": {
    "type": "Point",
    "coordinates": [
     11.253808333,
     43.775163888
    ]
   }
  },
  {
   "type": "Feature",
   "properties": {
    "painter": "Michelangelo",
    "title": "Christ Redeemer",
    "qid": "Q126182494",
    "form": "sculpture",
    "kind": "church",
    "location": "San Vincenzo (Bassano Romano)",
    "city": "Bassano Romano",
    "country": "Italy",
    "medium": "Sculpture",
    "image": "https://commons.wikimedia.org/wiki/Special:FilePath/Cristo%20portacroce%20michelangelo2.jpg",
    "attribution": "generally accepted",
    "_source": {
     "source": "Wikidata: sculptures by Michelangelo (Q5592)"
    },
    "museum_id": "san-vincenzo-bassano-romano",
    "location_src": "San Vincenzo (Bassano Romano)"
   },
   "geometry": {
    "type": "Point",
    "coordinates": [
     12.178692,
     42.224702
    ]
   }
  },
  {
   "type": "Feature",
   "properties": {
    "painter": "Michelangelo",
    "title": "Model of a slave",
    "qid": "Q132148069",
    "form": "sculpture",
    "kind": "museum",
    "location": "Victoria and Albert Museum",
    "city": "Royal Borough of Kensington and Chelsea",
    "country": "United Kingdom",
    "medium": "Sculpture",
    "attribution": "generally accepted",
    "_source": {
     "source": "Wikidata: sculptures by Michelangelo (Q5592)"
    },
    "museum_id": "victoria-and-albert-museum",
    "location_src": "Victoria and Albert Museum"
   },
   "geometry": {
    "type": "Point",
    "coordinates": [
     -0.17162,
     51.49685
    ]
   }
  },
  {
   "type": "Feature",
   "properties": {
    "painter": "Michelangelo",
    "title": "Samson and the Philistines",
    "qid": "Q133281036",
    "form": "sculpture",
    "kind": "museum",
    "location": "Metropolitan Museum of Art",
    "city": "New York",
    "country": "United States",
    "medium": "Sculpture",
    "attribution": "generally accepted",
    "_source": {
     "source": "Wikidata: sculptures by Michelangelo (Q5592)"
    },
    "museum_id": "metropolitan-museum-of-art",
    "location_src": "Metropolitan Museum of Art"
   },
   "geometry": {
    "type": "Point",
    "coordinates": [
     -73.9631,
     40.7794
    ]
   }
  },
  {
   "type": "Feature",
   "properties": {
    "painter": "Michelangelo",
    "title": "Crucifix",
    "qid": "Q1572984",
    "form": "sculpture",
    "kind": "church",
    "year": "1493",
    "location": "Santo Spirito",
    "city": "Florence",
    "country": "Italy",
    "material": "paint, tow, wood",
    "medium": "paint, tow, wood",
    "image": "https://commons.wikimedia.org/wiki/Special:FilePath/Installazione%20florens%202012%20crocifisso%20michelangelo%2002.JPG",
    "wikipedia_en": "https://en.wikipedia.org/wiki/Crucifix_(Michelangelo)",
    "attribution": "generally accepted",
    "_source": {
     "source": "Wikidata: sculptures by Michelangelo (Q5592)"
    },
    "museum_id": "santo-spirito",
    "location_src": "Santo Spirito"
   },
   "geometry": {
    "type": "Point",
    "coordinates": [
     11.24777778,
     43.76722222
    ]
   }
  },
  {
   "type": "Feature",
   "properties": {
    "painter": "Michelangelo",
    "title": "Dying Slave",
    "qid": "Q83862",
    "form": "sculpture",
    "kind": "museum",
    "year": "1514",
    "location": "Château de Richelieu",
    "city": "Richelieu",
    "country": "France",
    "material": "marble",
    "medium": "marble",
    "image": "https://commons.wikimedia.org/wiki/Special:FilePath/Dying%20slave%20Louvre%20MR%201590%2C%20Louvre.jpg",
    "wikipedia_en": "https://en.wikipedia.org/wiki/Dying_Slave",
    "attribution": "generally accepted",
    "_source": {
     "source": "Wikidata: sculptures by Michelangelo (Q5592)"
    },
    "museum_id": "chateau-de-richelieu",
    "location_src": "Château de Richelieu"
   },
   "geometry": {
    "type": "Point",
    "coordinates": [
     0.32606,
     47.0075
    ]
   }
  },
  {
   "type": "Feature",
   "properties": {
    "painter": "Michelangelo",
    "title": "David",
    "qid": "Q179900",
    "form": "sculpture",
    "kind": "public",
    "year": "1500",
    "location": "piazza della Signoria",
    "city": "Florence",
    "country": "Italy",
    "material": "Carrara marble",
    "medium": "Carrara marble",
    "image": "https://commons.wikimedia.org/wiki/Special:FilePath/Michelangelo%27s%20David%20-%20right%20view%202.jpg",
    "wikipedia_en": "https://en.wikipedia.org/wiki/David_(Michelangelo)",
    "attribution": "generally accepted",
    "in_situ": true,
    "_source": {
     "source": "Wikidata: sculptures by Michelangelo (Q5592)"
    },
    "museum_id": "piazza-della-signoria",
    "location_src": "piazza della Signoria"
   },
   "geometry": {
    "type": "Point",
    "coordinates": [
     11.25945,
     43.776702777
    ]
   }
  }
 ]
}