{
 "type": "FeatureCollection",
 "_note": "Generated by scripts/build.py from Wikidata. Do not edit by hand — put manual fixes in the painter's overlay (data/overlay/*.json). Each feature carries _source (scraped base or manual addition) and, when edited, _overrides.",
 "features": [
  {
   "type": "Feature",
   "geometry": {
    "type": "Point",
    "coordinates": [
     12.38845,
     43.11156
    ]
   },
   "properties": {
    "painter": "Pietro Perugino",
    "title": "Saint Bernardino Restores the Sight of a Blind Man",
    "year": "1473",
    "city": "Perugia",
    "country": "Italy",
    "location": "National Gallery of Umbria",
    "kind": "museum",
    "attribution": "attributed",
    "status": "present",
    "medium": "Panel",
    "dimensions": "77 × 56 cm",
    "genre": "religious art",
    "image": "https://commons.wikimedia.org/wiki/Special:FilePath/Pietro%20Perugino%20-%20The%20Miracles%20of%20San%20Bernardino%20-%20The%20Healing%20of%20a%20Mute%20-%20WGA17304.jpg?width=420",
    "wikidata": "https://www.wikidata.org/wiki/Q105825760",
    "creation_place": "Florence",
    "creation_lat": 43.7696,
    "creation_lon": 11.2558,
    "_source": {
     "source": "Wikidata",
     "url": "https://www.wikidata.org/wiki/Q105825760",
     "retrieved_at": "2026-08-23"
    },
    "_overrides": {
     "creation": {
      "at": "2026-08-23",
      "source": "derived from start date + Caravaggio's documented itinerary (approximate)"
     }
    },
    "museum_id": "national-gallery-of-umbria",
    "qid": "Q105825760",
    "wga_url": "https://www.wga.hu/html/p/perugino/saints/bernard2.html",
    "location_src": "National Gallery of Umbria"
   }
  },
  {
   "type": "Feature",
   "geometry": {
    "type": "Point",
    "coordinates": [
     12.38845,
     43.11156
    ]
   },
   "properties": {
    "painter": "Pietro Perugino",
    "title": "Adoration of the Shepherds",
    "year": "1518",
    "city": "Perugia",
    "country": "Italy",
    "location": "National Gallery of Umbria",
    "kind": "museum",
    "attribution": "attributed",
    "status": "present",
    "genre": "religious art",
    "image": "https://commons.wikimedia.org/wiki/Special:FilePath/Pietro%20Perugino%20cat87h.jpg?width=420",
    "wikidata": "https://www.wikidata.org/wiki/Q108532906",
    "_source": {
     "source": "Wikidata",
     "url": "https://www.wikidata.org/wiki/Q108532906",
     "retrieved_at": "2026-08-23"
    },
    "_overrides": {
     "creation": {
      "at": "2026-08-23",
      "source": "derived from start date + Caravaggio's documented itinerary (approximate)"
     }
    },
    "museum_id": "national-gallery-of-umbria",
    "qid": "Q108532906",
    "location_src": "National Gallery of Umbria"
   }
  },
  {
   "type": "Feature",
   "geometry": {
    "type": "Point",
    "coordinates": [
     11.57178,
     48.14958
    ]
   },
   "properties": {
    "painter": "Pietro Perugino",
    "title": "The Vision of Saint Bernard",
    "year": "1490",
    "city": "Munich",
    "country": "Germany",
    "location": "Bavarian State Painting Collections",
    "kind": "museum",
    "attribution": "generally accepted",
    "status": "present",
    "medium": "Oil paint, poplar panel",
    "dimensions": "173 × 170.7 cm",
    "genre": "religious art",
    "image": "https://commons.wikimedia.org/wiki/Special:FilePath/PIETRO-PERUGINO-1445%20VISION-DES-HL-BERNHARD-WAF-764%20714142%20BSTGS.jpg?width=420",
    "wikipedia_es": "https://es.wikipedia.org/wiki/La_visi%C3%B3n_de_San_Bernardo_(Perugino)",
    "wikipedia_en": "https://en.wikipedia.org/wiki/The_Vision_of_Saint_Bernard_(Perugino)",
    "wikipedia_it": "https://it.wikipedia.org/wiki/Apparizione_della_Vergine_a_san_Bernardo_(Perugino)",
    "wikidata": "https://www.wikidata.org/wiki/Q11129389",
    "creation_place": "Florence",
    "creation_lat": 43.7696,
    "creation_lon": 11.2558,
    "_source": {
     "source": "Wikidata",
     "url": "https://www.wikidata.org/wiki/Q11129389",
     "retrieved_at": "2026-08-23"
    },
    "_overrides": {
     "creation": {
      "at": "2026-08-23",
      "source": "derived from start date + Caravaggio's documented itinerary (approximate)"
     }
    },
    "museum_id": "bavarian-state-painting-collections",
    "qid": "Q11129389",
    "wga_url": "https://www.wga.hu/html/p/perugino/saints/vision2.html",
    "location_src": "Bavarian State Painting Collections"
   }
  },
  {
   "type": "Feature",
   "geometry": {
    "type": "Point",
    "coordinates": [
     2.31051,
     48.87543
    ]
   },
   "properties": {
    "painter": "Pietro Perugino",
    "title": "Virgin and Child",
    "year": "1470",
    "city": "Paris",
    "country": "France",
    "location": "Musée Jacquemart André",
    "kind": "museum",
    "attribution": "attributed",
    "status": "present",
    "medium": "Oil on panel",
    "dimensions": "61 × 41 cm",
    "genre": "religious art",
    "image": "https://commons.wikimedia.org/wiki/Special:FilePath/Vierge%20%C3%A0%20l%27Enfant%20du%20P%C3%A9rugin%20au%20mus%C3%A9e%20Jacquemart-Andr%C3%A9.jpg?width=420",
    "wikidata": "https://www.wikidata.org/wiki/Q117197151",
    "_source": {
     "source": "Wikidata",
     "url": "https://www.wikidata.org/wiki/Q117197151",
     "retrieved_at": "2026-08-23"
    },
    "_overrides": {
     "creation": {
      "at": "2026-08-23",
      "source": "derived from start date + Caravaggio's documented itinerary (approximate)"
     }
    },
    "museum_id": "musee-jacquemart-andre",
    "qid": "Q117197151",
    "location_src": "Musée Jacquemart André"
   }
  },
  {
   "type": "Feature",
   "geometry": {
    "type": "Point",
    "coordinates": [
     -0.36166,
     49.18607
    ]
   },
   "properties": {
    "painter": "Pietro Perugino",
    "title": "Q120097155",
    "year": "1500",
    "city": "Caen",
    "country": "France",
    "location": "Musée des Beaux-Arts de Caen",
    "kind": "museum",
    "attribution": "attributed",
    "status": "present",
    "medium": "Oil on panel",
    "dimensions": "89.3 × 72.5 cm",
    "genre": "religious art",
    "image": "https://commons.wikimedia.org/wiki/Special:FilePath/Le%20P%C3%A9rugin%20Saint%20J%C3%A9r%C3%B4me%20dans%20le%20d%C3%A9sert%20DSCF2635.jpg?width=420",
    "wikidata": "https://www.wikidata.org/wiki/Q120097155",
    "creation_place": "Florence",
    "creation_lat": 43.7696,
    "creation_lon": 11.2558,
    "_source": {
     "source": "Wikidata",
     "url": "https://www.wikidata.org/wiki/Q120097155",
     "retrieved_at": "2026-08-23"
    },
    "_overrides": {
     "creation": {
      "at": "2026-08-23",
      "source": "derived from start date + Caravaggio's documented itinerary (approximate)"
     }
    },
    "museum_id": "musee-des-beaux-arts-de-caen",
    "qid": "Q120097155",
    "_merged": [
     {
      "source": "Wikidata",
      "title": "Saint Jérôme dans le désert",
      "qid": "Q120097155",
      "url": "https://www.wikidata.org/wiki/Q120097155"
     }
    ],
    "location_src": "Musée des Beaux-Arts de Caen"
   }
  },
  {
   "type": "Feature",
   "geometry": {
    "type": "Point",
    "coordinates": [
     -1.54722,
     47.21944
    ]
   },
   "properties": {
    "painter": "Pietro Perugino",
    "title": "Sant’Antonio da Padova e San Sebastiano",
    "year": "1475",
    "city": "Nantes",
    "country": "France",
    "location": "Nantes Museum of Arts",
    "kind": "museum",
    "attribution": "attributed",
    "status": "present",
    "medium": "Oil on panel",
    "dimensions": "74 × 50 cm",
    "genre": "religious art",
    "image": "https://commons.wikimedia.org/wiki/Special:FilePath/Pietro%20Perugino%20cat11.jpg?width=420",
    "wikidata": "https://www.wikidata.org/wiki/Q121364540",
    "creation_place": "Florence",
    "creation_lat": 43.7696,
    "creation_lon": 11.2558,
    "_source": {
     "source": "Wikidata",
     "url": "https://www.wikidata.org/wiki/Q121364540",
     "retrieved_at": "2026-08-23"
    },
    "_overrides": {
     "creation": {
      "at": "2026-08-23",
      "source": "derived from start date + Caravaggio's documented itinerary (approximate)"
     }
    },
    "museum_id": "nantes-museum-of-arts",
    "qid": "Q121364540",
    "location_src": "Nantes Museum of Arts"
   }
  },
  {
   "type": "Feature",
   "geometry": {
    "type": "Point",
    "coordinates": [
     -0.581,
     44.8374
    ]
   },
   "properties": {
    "painter": "Pietro Perugino",
    "title": "Q124791349",
    "year": "1500-1600",
    "city": "Bordeaux",
    "country": "France",
    "location": "Musée des Beaux-Arts de Bordeaux",
    "kind": "museum",
    "attribution": "attributed",
    "status": "present",
    "medium": "Oil on panel",
    "dimensions": "217 × 185 cm",
    "genre": "religious art",
    "image": "https://commons.wikimedia.org/wiki/Special:FilePath/Perugino%20-%20Vierge%20%C3%A0%20l%27Enfant%20sur%20le%20tr%C3%B4ne%20entre%20saint%20J%C3%A9r%C3%B4me%2C%20saint%20Augustin%2C%20quatre%20anges%20et%20deux%20ch%C3%A9rubins%2C%20Bx%20E%2022.jpg?width=420",
    "wikidata": "https://www.wikidata.org/wiki/Q124791349",
    "creation_place": "Florence",
    "creation_lat": 43.7696,
    "creation_lon": 11.2558,
    "_source": {
     "source": "Wikidata",
     "url": "https://www.wikidata.org/wiki/Q124791349",
     "retrieved_at": "2026-08-23"
    },
    "_overrides": {
     "creation": {
      "at": "2026-08-23",
      "source": "derived from start date + Caravaggio's documented itinerary (approximate)"
     }
    },
    "museum_id": "musee-des-beaux-arts-de-bordeaux",
    "qid": "Q124791349",
    "_merged": [
     {
      "source": "Wikidata",
      "title": "Vierge à l'Enfant sur le trône entre saint Jérôme, saint Augustin, quatre anges et deux chérubins",
      "qid": "Q124791349",
      "url": "https://www.wikidata.org/wiki/Q124791349"
     }
    ],
    "location_src": "Musée des Beaux-Arts de Bordeaux"
   }
  },
  {
   "type": "Feature",
   "geometry": {
    "type": "Point",
    "coordinates": [
     12.38855,
     43.11192
    ]
   },
   "properties": {
    "painter": "Pietro Perugino",
    "title": "Cristo coronato di spine",
    "year": "1498",
    "city": "province of Perugia",
    "country": "Italy",
    "location": "Perugia",
    "kind": "museum",
    "attribution": "generally accepted",
    "status": "present",
    "dimensions": "33.5 × 27.5 cm",
    "genre": "religious art",
    "wikipedia_it": "https://it.wikipedia.org/wiki/Cristo_coronato_di_spine_(Perugino)",
    "wikidata": "https://www.wikidata.org/wiki/Q130721745",
    "creation_place": "Florence",
    "creation_lat": 43.7696,
    "creation_lon": 11.2558,
    "_source": {
     "source": "Wikidata",
     "url": "https://www.wikidata.org/wiki/Q130721745",
     "retrieved_at": "2026-08-23"
    },
    "_overrides": {
     "creation": {
      "at": "2026-08-23",
      "source": "derived from start date + Caravaggio's documented itinerary (approximate)"
     }
    },
    "museum_id": "perugia",
    "qid": "Q130721745",
    "location_src": "Perugia"
   }
  },
  {
   "type": "Feature",
   "geometry": {
    "type": "Point",
    "coordinates": [
     13.1861,
     43.7053
    ]
   },
   "properties": {
    "painter": "Pietro Perugino",
    "title": "Pala di Senigallia",
    "year": "1497",
    "city": "Senigallia",
    "country": "Italy",
    "location": "Santa Maria delle Grazie",
    "kind": "church",
    "attribution": "attributed",
    "status": "present",
    "medium": "Panel",
    "dimensions": "279 × 226 cm",
    "genre": "religious art",
    "image": "https://commons.wikimedia.org/wiki/Special:FilePath/Santa%20Maria%20delle%20Grazie%2041.jpg?width=420",
    "wikidata": "https://www.wikidata.org/wiki/Q131367847",
    "creation_place": "Florence",
    "creation_lat": 43.7696,
    "creation_lon": 11.2558,
    "_source": {
     "source": "Wikidata",
     "url": "https://www.wikidata.org/wiki/Q131367847",
     "retrieved_at": "2026-08-23"
    },
    "_overrides": {
     "creation": {
      "at": "2026-08-23",
      "source": "derived from start date + Caravaggio's documented itinerary (approximate)"
     }
    },
    "museum_id": "santa-maria-delle-grazie-2",
    "qid": "Q131367847",
    "location_src": "Santa Maria delle Grazie"
   }
  },
  {
   "type": "Feature",
   "geometry": {
    "type": "Point",
    "coordinates": [
     11.25129,
     43.77731
    ]
   },
   "properties": {
    "painter": "Pietro Perugino",
    "title": "San Girolamo delle Poverine Crucifixion",
    "city": "Florence",
    "country": "Italy",
    "location": "Cenacolo di Fuligno",
    "kind": "museum",
    "attribution": "attributed",
    "status": "present",
    "genre": "religious art",
    "image": "https://commons.wikimedia.org/wiki/Special:FilePath/Perugino%2C%20crocifissione%20con%20maria%20dolente%20e%20san%20girolamo%2C%201496-1503%20%28fi%2C%20cenacolo%20di%20fuligno%29%2001.jpg?width=420",
    "wikidata": "https://www.wikidata.org/wiki/Q131542614",
    "_source": {
     "source": "Wikidata",
     "url": "https://www.wikidata.org/wiki/Q131542614",
     "retrieved_at": "2026-08-23"
    },
    "museum_id": "cenacolo-di-fuligno",
    "qid": "Q131542614",
    "location_src": "Cenacolo di Fuligno"
   }
  },
  {
   "type": "Feature",
   "geometry": {
    "type": "Point",
    "coordinates": [
     11.35354,
     44.49771
    ]
   },
   "properties": {
    "painter": "Pietro Perugino",
    "title": "Madonna and Child in glory with Saints (Scarani Altarpiece)",
    "city": "Bologna",
    "country": "Italy",
    "location": "Pinacoteca Nazionale di Bologna",
    "kind": "museum",
    "attribution": "attributed",
    "status": "present",
    "wikidata": "https://www.wikidata.org/wiki/Q131613734",
    "_source": {
     "source": "Wikidata",
     "url": "https://www.wikidata.org/wiki/Q131613734",
     "retrieved_at": "2026-08-23"
    },
    "museum_id": "pinacoteca-nazionale-di-bologna",
    "qid": "Q131613734",
    "location_src": "Pinacoteca Nazionale di Bologna"
   }
  },
  {
   "type": "Feature",
   "geometry": {
    "type": "Point",
    "coordinates": [
     12.38833,
     43.11111
    ]
   },
   "properties": {
    "painter": "Pietro Perugino",
    "title": "Transfiguration of Christ",
    "city": "Perugia",
    "country": "Italy",
    "location": "Collegio del Cambio",
    "kind": "museum",
    "attribution": "attributed",
    "status": "present",
    "medium": "Fresco painting",
    "genre": "religious art",
    "wikidata": "https://www.wikidata.org/wiki/Q131628802",
    "_source": {
     "source": "Wikidata",
     "url": "https://www.wikidata.org/wiki/Q131628802",
     "retrieved_at": "2026-08-23"
    },
    "museum_id": "collegio-del-cambio",
    "qid": "Q131628802",
    "location_src": "Collegio del Cambio"
   }
  },
  {
   "type": "Feature",
   "geometry": {
    "type": "Point",
    "coordinates": [
     12.49214,
     41.91421
    ]
   },
   "properties": {
    "painter": "Pietro Perugino",
    "title": "Madonna and Child",
    "year": "1515",
    "city": "Rome",
    "country": "Italy",
    "location": "Galleria Borghese",
    "kind": "museum",
    "attribution": "attributed",
    "status": "present",
    "medium": "Oil on panel",
    "dimensions": "44 × 34 cm",
    "genre": "religious art",
    "image": "https://commons.wikimedia.org/wiki/Special:FilePath/Madonna%20and%20Child%20by%20Perugino%2C%20c.%201498%2C%20oil%20on%20panel%20-%20Galleria%20Borghese%20-%20Rome%2C%20Italy%20-%20DSC04630.jpg?width=420",
    "wikidata": "https://www.wikidata.org/wiki/Q133853068",
    "_source": {
     "source": "Wikidata",
     "url": "https://www.wikidata.org/wiki/Q133853068",
     "retrieved_at": "2026-08-23"
    },
    "_overrides": {
     "creation": {
      "at": "2026-08-23",
      "source": "derived from start date + Caravaggio's documented itinerary (approximate)"
     }
    },
    "museum_id": "galleria-borghese",
    "qid": "Q133853068",
    "wga_url": "https://www.wga.hu/html/p/perugino/madonna/madchild.html",
    "location_src": "Galleria Borghese"
   }
  },
  {
   "type": "Feature",
   "geometry": {
    "type": "Point",
    "coordinates": [
     5.39387,
     43.30441
    ]
   },
   "properties": {
    "painter": "Pietro Perugino",
    "title": "Q134641027",
    "year": "1500",
    "city": "Marseille",
    "country": "France",
    "location": "Musée des beaux-arts de Marseille",
    "kind": "museum",
    "attribution": "attributed",
    "status": "present",
    "medium": "Panel",
    "dimensions": "203 × 178 cm",
    "genre": "Christian painting",
    "image": "https://commons.wikimedia.org/wiki/Special:FilePath/Perugin-Famille-de-la-Vierge-Marseille.jpg?width=420",
    "wikidata": "https://www.wikidata.org/wiki/Q134641027",
    "creation_place": "Florence",
    "creation_lat": 43.7696,
    "creation_lon": 11.2558,
    "_source": {
     "source": "Wikidata",
     "url": "https://www.wikidata.org/wiki/Q134641027",
     "retrieved_at": "2026-08-23"
    },
    "_overrides": {
     "creation": {
      "at": "2026-08-23",
      "source": "derived from start date + Caravaggio's documented itinerary (approximate)"
     }
    },
    "museum_id": "musee-des-beaux-arts-de-marseille",
    "qid": "Q134641027",
    "_merged": [
     {
      "source": "Wikidata",
      "title": "La Famille de la Vierge",
      "qid": "Q134641027",
      "url": "https://www.wikidata.org/wiki/Q134641027"
     }
    ],
    "location_src": "Musée des beaux-arts de Marseille"
   }
  },
  {
   "type": "Feature",
   "geometry": {
    "type": "Point",
    "coordinates": [
     1.09472,
     49.44472
    ]
   },
   "properties": {
    "painter": "Pietro Perugino",
    "title": "Q134688763",
    "year": "1497",
    "city": "Rouen",
    "country": "France",
    "location": "Musée des Beaux-Arts de Rouen",
    "kind": "museum",
    "attribution": "attributed",
    "status": "present",
    "medium": "Oil on panel",
    "dimensions": "32.5 × 59 cm",
    "genre": "Christian painting",
    "image": "https://commons.wikimedia.org/wiki/Special:FilePath/Pietro%20Perugino%20cat48e.jpg?width=420",
    "wikidata": "https://www.wikidata.org/wiki/Q134688763",
    "creation_place": "Florence",
    "creation_lat": 43.7696,
    "creation_lon": 11.2558,
    "_source": {
     "source": "Wikidata",
     "url": "https://www.wikidata.org/wiki/Q134688763",
     "retrieved_at": "2026-08-23"
    },
    "_overrides": {
     "creation": {
      "at": "2026-08-23",
      "source": "derived from start date + Caravaggio's documented itinerary (approximate)"
     }
    },
    "museum_id": "musee-des-beaux-arts-de-rouen",
    "qid": "Q134688763",
    "_merged": [
     {
      "source": "Wikidata",
      "title": "L'Adoration des mages",
      "qid": "Q134688763",
      "url": "https://www.wikidata.org/wiki/Q134688763"
     }
    ],
    "location_src": "Musée des Beaux-Arts de Rouen"
   }
  },
  {
   "type": "Feature",
   "geometry": {
    "type": "Point",
    "coordinates": [
     1.09472,
     49.44472
    ]
   },
   "properties": {
    "painter": "Pietro Perugino",
    "title": "Battesimo di Cristo",
    "year": "1497",
    "city": "Rouen",
    "country": "France",
    "location": "Musée des Beaux-Arts de Rouen",
    "kind": "museum",
    "attribution": "attributed",
    "status": "present",
    "medium": "Oil on panel",
    "dimensions": "32.5 × 59 cm",
    "genre": "Christian painting",
    "image": "https://commons.wikimedia.org/wiki/Special:FilePath/Pietro%20Perugino%20cat48f.jpg?width=420",
    "wikidata": "https://www.wikidata.org/wiki/Q134776214",
    "creation_place": "Florence",
    "creation_lat": 43.7696,
    "creation_lon": 11.2558,
    "_source": {
     "source": "Wikidata",
     "url": "https://www.wikidata.org/wiki/Q134776214",
     "retrieved_at": "2026-08-23"
    },
    "_overrides": {
     "creation": {
      "at": "2026-08-23",
      "source": "derived from start date + Caravaggio's documented itinerary (approximate)"
     }
    },
    "museum_id": "musee-des-beaux-arts-de-rouen",
    "qid": "Q134776214",
    "location_src": "Musée des Beaux-Arts de Rouen"
   }
  },
  {
   "type": "Feature",
   "geometry": {
    "type": "Point",
    "coordinates": [
     1.09472,
     49.44472
    ]
   },
   "properties": {
    "painter": "Pietro Perugino",
    "title": "Q134875674",
    "year": "1497",
    "city": "Rouen",
    "country": "France",
    "location": "Musée des Beaux-Arts de Rouen",
    "kind": "museum",
    "attribution": "attributed",
    "status": "present",
    "medium": "Oil on panel",
    "dimensions": "32.5 × 59 cm",
    "genre": "Christian painting",
    "image": "https://commons.wikimedia.org/wiki/Special:FilePath/Pietro%20Perugino%20cat48g.jpg?width=420",
    "wikidata": "https://www.wikidata.org/wiki/Q134875674",
    "creation_place": "Florence",
    "creation_lat": 43.7696,
    "creation_lon": 11.2558,
    "_source": {
     "source": "Wikidata",
     "url": "https://www.wikidata.org/wiki/Q134875674",
     "retrieved_at": "2026-08-23"
    },
    "_overrides": {
     "creation": {
      "at": "2026-08-23",
      "source": "derived from start date + Caravaggio's documented itinerary (approximate)"
     }
    },
    "museum_id": "musee-des-beaux-arts-de-rouen",
    "qid": "Q134875674",
    "_merged": [
     {
      "source": "Wikidata",
      "title": "La Résurrection du Christ",
      "qid": "Q134875674",
      "url": "https://www.wikidata.org/wiki/Q134875674"
     }
    ],
    "location_src": "Musée des Beaux-Arts de Rouen"
   }
  },
  {
   "type": "Feature",
   "geometry": {
    "type": "Point",
    "coordinates": [
     -73.2136,
     42.7078
    ]
   },
   "properties": {
    "painter": "Pietro Perugino",
    "title": "Pieta with Nicodemus and Joseph of Arimathea",
    "year": "1495",
    "city": "Massachusetts",
    "country": "United States",
    "location": "Clark Art Institute",
    "kind": "museum",
    "attribution": "attributed",
    "status": "present",
    "dimensions": "92.6 × 71.8 cm",
    "image": "https://commons.wikimedia.org/wiki/Special:FilePath/Pietro%20Perugino%20cat39.jpg?width=420",
    "wikidata": "https://www.wikidata.org/wiki/Q138461320",
    "creation_place": "Florence",
    "creation_lat": 43.7696,
    "creation_lon": 11.2558,
    "_source": {
     "source": "Wikidata",
     "url": "https://www.wikidata.org/wiki/Q138461320",
     "retrieved_at": "2026-08-23"
    },
    "_overrides": {
     "creation": {
      "at": "2026-08-23",
      "source": "derived from start date + Caravaggio's documented itinerary (approximate)"
     }
    },
    "museum_id": "clark-art-institute",
    "qid": "Q138461320",
    "location_src": "Clark Art Institute"
   }
  },
  {
   "type": "Feature",
   "geometry": {
    "type": "Point",
    "coordinates": [
     12.49214,
     41.91421
    ]
   },
   "properties": {
    "painter": "Pietro Perugino",
    "title": "Saint Sebastian",
    "year": "1495",
    "city": "Rome",
    "country": "Italy",
    "location": "Galleria Borghese",
    "kind": "museum",
    "attribution": "attributed",
    "status": "present",
    "medium": "Oil on panel",
    "dimensions": "110 × 62 cm",
    "image": "https://commons.wikimedia.org/wiki/Special:FilePath/Pietro%20perugino%2C%20san%20sebastiano%2C%20post%201490.jpg?width=420",
    "wikidata": "https://www.wikidata.org/wiki/Q139381066",
    "creation_place": "Florence",
    "creation_lat": 43.7696,
    "creation_lon": 11.2558,
    "_source": {
     "source": "Wikidata",
     "url": "https://www.wikidata.org/wiki/Q139381066",
     "retrieved_at": "2026-08-23"
    },
    "_overrides": {
     "creation": {
      "at": "2026-08-23",
      "source": "derived from start date + Caravaggio's documented itinerary (approximate)"
     }
    },
    "museum_id": "galleria-borghese",
    "qid": "Q139381066",
    "location_src": "Galleria Borghese"
   }
  },
  {
   "type": "Feature",
   "geometry": {
    "type": "Point",
    "coordinates": [
     12.38845,
     43.11156
    ]
   },
   "properties": {
    "painter": "Pietro Perugino",
    "title": "Beato Giacomo della Marca",
    "city": "Perugia",
    "country": "Italy",
    "location": "National Gallery of Umbria",
    "kind": "museum",
    "attribution": "attributed",
    "status": "present",
    "dimensions": "152 × 82 cm",
    "image": "https://commons.wikimedia.org/wiki/Special:FilePath/Pietro%20Perugino%20cat90.jpg?width=420",
    "wikidata": "https://www.wikidata.org/wiki/Q139601991",
    "_source": {
     "source": "Wikidata",
     "url": "https://www.wikidata.org/wiki/Q139601991",
     "retrieved_at": "2026-08-23"
    },
    "museum_id": "national-gallery-of-umbria",
    "qid": "Q139601991",
    "location_src": "National Gallery of Umbria"
   }
  },
  {
   "type": "Feature",
   "geometry": {
    "type": "Point",
    "coordinates": [
     2.3358,
     48.8611
    ]
   },
   "properties": {
    "painter": "Pietro Perugino",
    "title": "Christ in the Tomb",
    "year": "1473",
    "country": "France",
    "location": "Louvre",
    "kind": "museum",
    "attribution": "attributed",
    "status": "present",
    "medium": "Oil paint, poplar panel, tempera",
    "dimensions": "30.2 × 28.2 cm",
    "genre": "religious art",
    "image": "https://commons.wikimedia.org/wiki/Special:FilePath/Perugino%2C%20predella%20con%20storie%20di%20san%20girolamo%2C%201472%20ca.%2003.JPG?width=420",
    "wikidata": "https://www.wikidata.org/wiki/Q18573083",
    "creation_place": "Florence",
    "creation_lat": 43.7696,
    "creation_lon": 11.2558,
    "_source": {
     "source": "Wikidata",
     "url": "https://www.wikidata.org/wiki/Q18573083",
     "retrieved_at": "2026-08-23"
    },
    "_overrides": {
     "creation": {
      "at": "2026-08-23",
      "source": "derived from start date + Caravaggio's documented itinerary (approximate)"
     }
    },
    "museum_id": "louvre",
    "city": "Paris",
    "qid": "Q18573083",
    "location_src": "Louvre"
   }
  },
  {
   "type": "Feature",
   "geometry": {
    "type": "Point",
    "coordinates": [
     2.3358,
     48.8611
    ]
   },
   "properties": {
    "painter": "Pietro Perugino",
    "title": "St. Jerome Reviving the Cardinal Andrea",
    "year": "1473",
    "country": "France",
    "location": "Louvre",
    "kind": "museum",
    "attribution": "attributed",
    "status": "present",
    "medium": "Oil paint, poplar panel",
    "dimensions": "30.9 × 29.8 cm",
    "genre": "religious art",
    "image": "https://commons.wikimedia.org/wiki/Special:FilePath/Perugino%2C%20predella%20con%20storie%20di%20san%20girolamo%2C%201472%20ca.%2004.JPG?width=420",
    "wikidata": "https://www.wikidata.org/wiki/Q18573084",
    "creation_place": "Florence",
    "creation_lat": 43.7696,
    "creation_lon": 11.2558,
    "_source": {
     "source": "Wikidata",
     "url": "https://www.wikidata.org/wiki/Q18573084",
     "retrieved_at": "2026-08-23"
    },
    "_overrides": {
     "creation": {
      "at": "2026-08-23",
      "source": "derived from start date + Caravaggio's documented itinerary (approximate)"
     }
    },
    "museum_id": "louvre",
    "city": "Paris",
    "qid": "Q18573084",
    "location_src": "Louvre"
   }
  },
  {
   "type": "Feature",
   "geometry": {
    "type": "Point",
    "coordinates": [
     2.3358,
     48.8611
    ]
   },
   "properties": {
    "painter": "Pietro Perugino",
    "title": "St. Jerome Supporting Two Hanged Young People",
    "year": "1473",
    "country": "France",
    "location": "Louvre",
    "kind": "museum",
    "attribution": "attributed",
    "status": "present",
    "medium": "Oil paint, poplar panel",
    "dimensions": "30.6 × 30.2 cm",
    "genre": "religious art",
    "image": "https://commons.wikimedia.org/wiki/Special:FilePath/Perugino%2C%20predella%20con%20storie%20di%20san%20girolamo%2C%201472%20ca.%2002.JPG?width=420",
    "wikidata": "https://www.wikidata.org/wiki/Q18573085",
    "creation_place": "Florence",
    "creation_lat": 43.7696,
    "creation_lon": 11.2558,
    "_source": {
     "source": "Wikidata",
     "url": "https://www.wikidata.org/wiki/Q18573085",
     "retrieved_at": "2026-08-23"
    },
    "_overrides": {
     "creation": {
      "at": "2026-08-23",
      "source": "derived from start date + Caravaggio's documented itinerary (approximate)"
     }
    },
    "museum_id": "louvre",
    "city": "Paris",
    "qid": "Q18573085",
    "location_src": "Louvre"
   }
  },
  {
   "type": "Feature",
   "geometry": {
    "type": "Point",
    "coordinates": [
     -73.9631,
     40.7794
    ]
   },
   "properties": {
    "painter": "Pietro Perugino",
    "title": "The Resurrection",
    "year": "1502",
    "city": "New York",
    "country": "United States",
    "location": "Metropolitan Museum of Art",
    "kind": "museum",
    "attribution": "attributed",
    "status": "present",
    "medium": "Panel",
    "dimensions": "27 × 45.7 cm",
    "genre": "religious art",
    "image": "https://commons.wikimedia.org/wiki/Special:FilePath/The%20Resurrection%20MET%2075K%2030R4.jpg?width=420",
    "wikidata": "https://www.wikidata.org/wiki/Q19905215",
    "_source": {
     "source": "Wikidata",
     "url": "https://www.wikidata.org/wiki/Q19905215",
     "retrieved_at": "2026-08-23"
    },
    "_overrides": {
     "creation": {
      "at": "2026-08-23",
      "source": "derived from start date + Caravaggio's documented itinerary (approximate)"
     }
    },
    "museum_id": "metropolitan-museum-of-art",
    "qid": "Q19905215",
    "location_src": "Metropolitan Museum of Art"
   }
  },
  {
   "type": "Feature",
   "geometry": {
    "type": "Point",
    "coordinates": [
     -73.9631,
     40.7794
    ]
   },
   "properties": {
    "painter": "Pietro Perugino",
    "title": "Saint John the Baptist; Saint Lucy",
    "year": "1496",
    "city": "New York",
    "country": "United States",
    "location": "Metropolitan Museum of Art",
    "kind": "museum",
    "attribution": "attributed",
    "status": "present",
    "dimensions": "160 × 67 cm",
    "genre": "religious art",
    "image": "https://commons.wikimedia.org/wiki/Special:FilePath/Saint%20John%20the%20Baptist%3B%20Saint%20Lucy%20MET%20DT8686.jpg?width=420",
    "wikidata": "https://www.wikidata.org/wiki/Q19911537",
    "creation_place": "Florence",
    "creation_lat": 43.7696,
    "creation_lon": 11.2558,
    "_source": {
     "source": "Wikidata",
     "url": "https://www.wikidata.org/wiki/Q19911537",
     "retrieved_at": "2026-08-23"
    },
    "_overrides": {
     "creation": {
      "at": "2026-08-23",
      "source": "derived from start date + Caravaggio's documented itinerary (approximate)"
     }
    },
    "museum_id": "metropolitan-museum-of-art",
    "qid": "Q19911537",
    "location_src": "Metropolitan Museum of Art"
   }
  },
  {
   "type": "Feature",
   "geometry": {
    "type": "Point",
    "coordinates": [
     16.3616,
     48.20388
    ]
   },
   "properties": {
    "painter": "Pietro Perugino",
    "title": "The Baptism of Christ",
    "year": "1499",
    "city": "Vienna",
    "country": "Austria",
    "location": "Kunsthistorisches Museum",
    "kind": "museum",
    "attribution": "attributed",
    "status": "present",
    "dimensions": "30 × 23 cm",
    "genre": "religious art",
    "image": "https://commons.wikimedia.org/wiki/Special:FilePath/Pietro%20Perugino%20077.jpg?width=420",
    "wikidata": "https://www.wikidata.org/wiki/Q20070583",
    "creation_place": "Florence",
    "creation_lat": 43.7696,
    "creation_lon": 11.2558,
    "_source": {
     "source": "Wikidata",
     "url": "https://www.wikidata.org/wiki/Q20070583",
     "retrieved_at": "2026-08-23"
    },
    "_overrides": {
     "creation": {
      "at": "2026-08-23",
      "source": "derived from start date + Caravaggio's documented itinerary (approximate)"
     }
    },
    "museum_id": "kunsthistorisches-museum",
    "qid": "Q20070583",
    "location_src": "Kunsthistorisches Museum"
   }
  },
  {
   "type": "Feature",
   "geometry": {
    "type": "Point",
    "coordinates": [
     -0.1283,
     51.5089
    ]
   },
   "properties": {
    "painter": "Pietro Perugino",
    "title": "The Virgin and Child with Saint John",
    "year": "1500",
    "city": "London",
    "country": "United Kingdom",
    "location": "National Gallery",
    "kind": "museum",
    "attribution": "attributed",
    "status": "present",
    "medium": "Oil on panel",
    "dimensions": "67 × 44 cm",
    "genre": "religious art",
    "image": "https://commons.wikimedia.org/wiki/Special:FilePath/Pietro%20Perugino%20055.jpg?width=420",
    "wikidata": "https://www.wikidata.org/wiki/Q26707917",
    "creation_place": "Florence",
    "creation_lat": 43.7696,
    "creation_lon": 11.2558,
    "_source": {
     "source": "Wikidata",
     "url": "https://www.wikidata.org/wiki/Q26707917",
     "retrieved_at": "2026-08-23"
    },
    "_overrides": {
     "creation": {
      "at": "2026-08-23",
      "source": "derived from start date + Caravaggio's documented itinerary (approximate)"
     }
    },
    "museum_id": "national-gallery",
    "qid": "Q26707917",
    "location_src": "National Gallery"
   }
  },
  {
   "type": "Feature",
   "geometry": {
    "type": "Point",
    "coordinates": [
     16.3616,
     48.20388
    ]
   },
   "properties": {
    "painter": "Pietro Perugino",
    "title": "Mary with Child and Four Saints",
    "year": "1493",
    "city": "Vienna",
    "country": "Austria",
    "location": "Kunsthistorisches Museum",
    "kind": "museum",
    "attribution": "attributed",
    "status": "present",
    "dimensions": "186 × 172 cm",
    "genre": "religious art",
    "image": "https://commons.wikimedia.org/wiki/Special:FilePath/Pietro%20Vannucci%2C%20gen.%20Perugino%2C%20Kunsthistorisches%20Museum%20Wien%2C%20Gem%C3%A4ldegalerie%20-%20Maria%20mit%20Kind%20und%20den%20Hll.%20Petrus%2C%20Johannes%20Evangelist%2C%20Johannes%20d.%20T%C3%A4ufer%20und%20Paulus%20-%20GG%20151%20-%20Kunsthistorisches%20Museum.jpg?width=420",
    "wikidata": "https://www.wikidata.org/wiki/Q28020442",
    "creation_place": "Florence",
    "creation_lat": 43.7696,
    "creation_lon": 11.2558,
    "_source": {
     "source": "Wikidata",
     "url": "https://www.wikidata.org/wiki/Q28020442",
     "retrieved_at": "2026-08-23"
    },
    "_overrides": {
     "creation": {
      "at": "2026-08-23",
      "source": "derived from start date + Caravaggio's documented itinerary (approximate)"
     }
    },
    "museum_id": "kunsthistorisches-museum",
    "qid": "Q28020442",
    "location_src": "Kunsthistorisches Museum"
   }
  },
  {
   "type": "Feature",
   "geometry": {
    "type": "Point",
    "coordinates": [
     12.38845,
     43.11156
    ]
   },
   "properties": {
    "painter": "Pietro Perugino",
    "title": "Archangel Gabriel",
    "year": "1502",
    "city": "Perugia",
    "country": "Italy",
    "location": "National Gallery of Umbria",
    "kind": "museum",
    "attribution": "attributed",
    "status": "present",
    "genre": "religious art",
    "image": "https://commons.wikimedia.org/wiki/Special:FilePath/Pietro%20Perugino%20cat87a.jpg?width=420",
    "wikidata": "https://www.wikidata.org/wiki/Q2860005",
    "_source": {
     "source": "Wikidata",
     "url": "https://www.wikidata.org/wiki/Q2860005",
     "retrieved_at": "2026-08-23"
    },
    "_overrides": {
     "creation": {
      "at": "2026-08-23",
      "source": "derived from start date + Caravaggio's documented itinerary (approximate)"
     }
    },
    "museum_id": "national-gallery-of-umbria",
    "qid": "Q2860005",
    "location_src": "National Gallery of Umbria"
   }
  },
  {
   "type": "Feature",
   "geometry": {
    "type": "Point",
    "coordinates": [
     11.57178,
     48.14958
    ]
   },
   "properties": {
    "painter": "Pietro Perugino",
    "title": "adorazione del bambino",
    "year": "1500",
    "city": "Munich",
    "country": "Germany",
    "location": "Bavarian State Painting Collections",
    "kind": "museum",
    "attribution": "attributed",
    "status": "present",
    "medium": "Poplar wood",
    "dimensions": "203 × 157.5 cm",
    "genre": "religious art",
    "image": "https://commons.wikimedia.org/wiki/Special:FilePath/Perugino%2C.%20adorazione%20del%20bambino%2001.JPG?width=420",
    "wikidata": "https://www.wikidata.org/wiki/Q29839545",
    "creation_place": "Florence",
    "creation_lat": 43.7696,
    "creation_lon": 11.2558,
    "_source": {
     "source": "Wikidata",
     "url": "https://www.wikidata.org/wiki/Q29839545",
     "retrieved_at": "2026-08-23"
    },
    "_overrides": {
     "creation": {
      "at": "2026-08-23",
      "source": "derived from start date + Caravaggio's documented itinerary (approximate)"
     }
    },
    "museum_id": "bavarian-state-painting-collections",
    "qid": "Q29839545",
    "location_src": "Bavarian State Painting Collections"
   }
  },
  {
   "type": "Feature",
   "geometry": {
    "type": "Point",
    "coordinates": [
     4.83361,
     45.76694
    ]
   },
   "properties": {
    "painter": "Pietro Perugino",
    "title": "Eternal Father with cherubim and angels",
    "year": "1496",
    "city": "Lyon",
    "country": "France",
    "location": "Museum of Fine Arts of Lyon",
    "kind": "museum",
    "attribution": "generally accepted",
    "status": "present",
    "dimensions": "114 × 230 cm",
    "genre": "religious art",
    "image": "https://commons.wikimedia.org/wiki/Special:FilePath/Pietro%20Perugino%20cat48d.jpg?width=420",
    "wikipedia_en": "https://en.wikipedia.org/wiki/God_the_Father_Blessing_Among_Angels",
    "wikipedia_it": "https://it.wikipedia.org/wiki/Eterno_benedicente_con_cherubini_e_angeli",
    "wikidata": "https://www.wikidata.org/wiki/Q3027583",
    "creation_place": "Florence",
    "creation_lat": 43.7696,
    "creation_lon": 11.2558,
    "_source": {
     "source": "Wikidata",
     "url": "https://www.wikidata.org/wiki/Q3027583",
     "retrieved_at": "2026-08-23"
    },
    "_overrides": {
     "creation": {
      "at": "2026-08-23",
      "source": "derived from start date + Caravaggio's documented itinerary (approximate)"
     }
    },
    "museum_id": "museum-of-fine-arts-of-lyon",
    "qid": "Q3027583",
    "location_src": "Museum of Fine Arts of Lyon"
   }
  },
  {
   "type": "Feature",
   "geometry": {
    "type": "Point",
    "coordinates": [
     11.25528,
     43.76833
    ]
   },
   "properties": {
    "painter": "Pietro Perugino",
    "title": "Mater Dolorosa",
    "year": "1480",
    "city": "Florence",
    "country": "Italy",
    "location": "Uffizi Gallery",
    "kind": "museum",
    "attribution": "attributed",
    "status": "present",
    "medium": "Oil on panel",
    "dimensions": "55 × 33 cm",
    "genre": "religious art",
    "image": "https://commons.wikimedia.org/wiki/Special:FilePath/Hans%20Memling%20-%20Mater%20Dolorosa%20-%20WGA14917.jpg?width=420",
    "wikidata": "https://www.wikidata.org/wiki/Q30938939",
    "creation_place": "Florence",
    "creation_lat": 43.7696,
    "creation_lon": 11.2558,
    "_source": {
     "source": "Wikidata",
     "url": "https://www.wikidata.org/wiki/Q30938939",
     "retrieved_at": "2026-08-23"
    },
    "_overrides": {
     "creation": {
      "at": "2026-08-23",
      "source": "derived from start date + Caravaggio's documented itinerary (approximate)"
     }
    },
    "museum_id": "uffizi-gallery",
    "qid": "Q30938939",
    "wga_url": "https://www.wga.hu/html/m/memling/3mature2/23nomate.html",
    "location_src": "Uffizi Gallery"
   }
  },
  {
   "type": "Feature",
   "geometry": {
    "type": "Point",
    "coordinates": [
     12.38845,
     43.11156
    ]
   },
   "properties": {
    "painter": "Pietro Perugino",
    "title": "Gonfalon with the Pietà",
    "year": "1472",
    "city": "Perugia",
    "country": "Italy",
    "location": "National Gallery of Umbria",
    "kind": "museum",
    "attribution": "generally accepted",
    "status": "present",
    "medium": "Oil on canvas",
    "dimensions": "128 × 165 cm",
    "genre": "religious art",
    "image": "https://commons.wikimedia.org/wiki/Special:FilePath/Pietro%20Perugino%20cat07.jpg?width=420",
    "wikipedia_en": "https://en.wikipedia.org/wiki/Piet%C3%A0_Gonfalon",
    "wikipedia_it": "https://it.wikipedia.org/wiki/Gonfalone_con_la_Piet%C3%A0",
    "wikidata": "https://www.wikidata.org/wiki/Q3110475",
    "creation_place": "Florence",
    "creation_lat": 43.7696,
    "creation_lon": 11.2558,
    "_source": {
     "source": "Wikidata",
     "url": "https://www.wikidata.org/wiki/Q3110475",
     "retrieved_at": "2026-08-23"
    },
    "_overrides": {
     "creation": {
      "at": "2026-08-23",
      "source": "derived from start date + Caravaggio's documented itinerary (approximate)"
     }
    },
    "museum_id": "national-gallery-of-umbria",
    "qid": "Q3110475",
    "location_src": "National Gallery of Umbria"
   }
  },
  {
   "type": "Feature",
   "geometry": {
    "type": "Point",
    "coordinates": [
     2.3358,
     48.8611
    ]
   },
   "properties": {
    "painter": "Pietro Perugino",
    "title": "Young Saint with a Sword",
    "year": "1513",
    "country": "France",
    "location": "Louvre",
    "kind": "museum",
    "attribution": "attributed",
    "status": "present",
    "medium": "Oil on panel",
    "dimensions": "1.4 × 1.4 cm",
    "genre": "religious art",
    "image": "https://commons.wikimedia.org/wiki/Special:FilePath/Perugino%2C%20pala%20di%20sant%27agostino%2C%20santo%20giovane%20con%20spada.jpg?width=420",
    "wikidata": "https://www.wikidata.org/wiki/Q3178035",
    "_source": {
     "source": "Wikidata",
     "url": "https://www.wikidata.org/wiki/Q3178035",
     "retrieved_at": "2026-08-23"
    },
    "_overrides": {
     "creation": {
      "at": "2026-08-23",
      "source": "derived from start date + Caravaggio's documented itinerary (approximate)"
     }
    },
    "museum_id": "louvre",
    "city": "Paris",
    "qid": "Q3178035",
    "location_src": "Louvre"
   }
  },
  {
   "type": "Feature",
   "geometry": {
    "type": "Point",
    "coordinates": [
     12.38845,
     43.11156
    ]
   },
   "properties": {
    "painter": "Pietro Perugino",
    "title": "Adoration of the Magi",
    "year": "1470",
    "city": "Perugia",
    "country": "Italy",
    "location": "National Gallery of Umbria",
    "kind": "museum",
    "attribution": "generally accepted",
    "status": "present",
    "medium": "Panel",
    "dimensions": "241 × 180 cm",
    "genre": "religious art",
    "image": "https://commons.wikimedia.org/wiki/Special:FilePath/Pietro%20Perugino%20cat06.jpg?width=420",
    "wikipedia_en": "https://en.wikipedia.org/wiki/Adoration_of_the_Magi_(Perugino,_Perugia)",
    "wikipedia_it": "https://it.wikipedia.org/wiki/Adorazione_dei_Magi_(Perugino_Perugia)",
    "wikidata": "https://www.wikidata.org/wiki/Q3201480",
    "_source": {
     "source": "Wikidata",
     "url": "https://www.wikidata.org/wiki/Q3201480",
     "retrieved_at": "2026-08-23"
    },
    "_overrides": {
     "creation": {
      "at": "2026-08-23",
      "source": "derived from start date + Caravaggio's documented itinerary (approximate)"
     }
    },
    "museum_id": "national-gallery-of-umbria",
    "qid": "Q3201480",
    "wga_url": "https://www.wga.hu/html/p/perugino/christ/epiphanx.html",
    "location_src": "National Gallery of Umbria"
   }
  },
  {
   "type": "Feature",
   "geometry": {
    "type": "Point",
    "coordinates": [
     11.25528,
     43.76833
    ]
   },
   "properties": {
    "painter": "Pietro Perugino",
    "title": "Agony in the Garden",
    "year": "1483",
    "city": "Florence",
    "country": "Italy",
    "location": "Uffizi Gallery",
    "kind": "museum",
    "attribution": "generally accepted",
    "status": "present",
    "medium": "Oil on panel",
    "dimensions": "166 × 171 cm",
    "genre": "religious art",
    "image": "https://commons.wikimedia.org/wiki/Special:FilePath/Pietro%20Perugino%20cat20.jpg?width=420",
    "wikipedia_en": "https://en.wikipedia.org/wiki/Agony_in_the_Garden_(Perugino)",
    "wikipedia_it": "https://it.wikipedia.org/wiki/Orazione_nell%27orto_(Perugino)",
    "wikidata": "https://www.wikidata.org/wiki/Q3201606",
    "creation_place": "Florence",
    "creation_lat": 43.7696,
    "creation_lon": 11.2558,
    "_source": {
     "source": "Wikidata",
     "url": "https://www.wikidata.org/wiki/Q3201606",
     "retrieved_at": "2026-08-23"
    },
    "_overrides": {
     "creation": {
      "at": "2026-08-23",
      "source": "derived from start date + Caravaggio's documented itinerary (approximate)"
     }
    },
    "museum_id": "uffizi-gallery",
    "qid": "Q3201606",
    "wga_url": "https://www.wga.hu/html/p/perugino/christ/garden.html",
    "location_src": "Uffizi Gallery"
   }
  },
  {
   "type": "Feature",
   "geometry": {
    "type": "Point",
    "coordinates": [
     13.016991,
     43.842276
    ]
   },
   "properties": {
    "painter": "Pietro Perugino",
    "title": "Annunciation of Fano",
    "year": "1488",
    "city": "Fano",
    "country": "Italy",
    "location": "Santa Maria Nuova church",
    "kind": "church",
    "attribution": "generally accepted",
    "status": "present",
    "dimensions": "212 × 172 cm",
    "genre": "religious art",
    "image": "https://commons.wikimedia.org/wiki/Special:FilePath/Pietro%20Perugino%20cat23.jpg?width=420",
    "wikipedia_en": "https://en.wikipedia.org/wiki/Annunciation_of_Fano",
    "wikipedia_it": "https://it.wikipedia.org/wiki/Annunciazione_di_Fano",
    "wikidata": "https://www.wikidata.org/wiki/Q3202077",
    "creation_place": "Florence",
    "creation_lat": 43.7696,
    "creation_lon": 11.2558,
    "_source": {
     "source": "Wikidata",
     "url": "https://www.wikidata.org/wiki/Q3202077",
     "retrieved_at": "2026-08-23"
    },
    "_overrides": {
     "creation": {
      "at": "2026-08-23",
      "source": "derived from start date + Caravaggio's documented itinerary (approximate)"
     }
    },
    "museum_id": "santa-maria-nuova-church",
    "qid": "Q3202077",
    "location_src": "Santa Maria Nuova church"
   }
  },
  {
   "type": "Feature",
   "geometry": {
    "type": "Point",
    "coordinates": [
     -0.1283,
     51.5089
    ]
   },
   "properties": {
    "painter": "Pietro Perugino",
    "title": "The Archangel Michael",
    "year": "1496",
    "city": "London",
    "country": "United Kingdom",
    "location": "National Gallery",
    "kind": "museum",
    "attribution": "attributed",
    "status": "present",
    "medium": "Oil on panel",
    "dimensions": "126 × 58 cm",
    "genre": "religious art",
    "image": "https://commons.wikimedia.org/wiki/Special:FilePath/Pietro%20Perugino%20-%20Archangel%20Michael%20-%20WGA17307.jpg?width=420",
    "wikidata": "https://www.wikidata.org/wiki/Q3202254",
    "creation_place": "Florence",
    "creation_lat": 43.7696,
    "creation_lon": 11.2558,
    "_source": {
     "source": "Wikidata",
     "url": "https://www.wikidata.org/wiki/Q3202254",
     "retrieved_at": "2026-08-23"
    },
    "_overrides": {
     "creation": {
      "at": "2026-08-23",
      "source": "derived from start date + Caravaggio's documented itinerary (approximate)"
     }
    },
    "museum_id": "national-gallery",
    "qid": "Q3202254",
    "wga_url": "https://www.wga.hu/html/p/perugino/z_other/tobias.html",
    "location_src": "National Gallery"
   }
  },
  {
   "type": "Feature",
   "geometry": {
    "type": "Point",
    "coordinates": [
     -0.1283,
     51.5089
    ]
   },
   "properties": {
    "painter": "Pietro Perugino",
    "title": "The Archangel Raphael with Tobias",
    "year": "1496",
    "city": "London",
    "country": "United Kingdom",
    "location": "National Gallery",
    "kind": "museum",
    "attribution": "attributed",
    "status": "present",
    "dimensions": "113.3 × 56.5 cm",
    "genre": "religious art",
    "image": "https://commons.wikimedia.org/wiki/Special:FilePath/Pietro%20Perugino%20cat54c.jpg?width=420",
    "wikidata": "https://www.wikidata.org/wiki/Q3202258",
    "creation_place": "Florence",
    "creation_lat": 43.7696,
    "creation_lon": 11.2558,
    "_source": {
     "source": "Wikidata",
     "url": "https://www.wikidata.org/wiki/Q3202258",
     "retrieved_at": "2026-08-23"
    },
    "_overrides": {
     "creation": {
      "at": "2026-08-23",
      "source": "derived from start date + Caravaggio's documented itinerary (approximate)"
     }
    },
    "museum_id": "national-gallery",
    "qid": "Q3202258",
    "wga_url": "https://www.wga.hu/html/p/perugino/saints/certosa.html",
    "location_src": "National Gallery"
   }
  },
  {
   "type": "Feature",
   "geometry": {
    "type": "Point",
    "coordinates": [
     4.83361,
     45.76694
    ]
   },
   "properties": {
    "painter": "Pietro Perugino",
    "title": "Ascension of Christ",
    "year": "1450",
    "city": "Lyon",
    "country": "France",
    "location": "Museum of Fine Arts of Lyon",
    "kind": "museum",
    "attribution": "copy or later version",
    "status": "present",
    "medium": "Oil on panel",
    "dimensions": "325 × 265 cm",
    "genre": "religious art",
    "image": "https://commons.wikimedia.org/wiki/Special:FilePath/Pietro%20Perugino%20cat48c.jpg?width=420",
    "wikipedia_en": "https://en.wikipedia.org/wiki/Ascension_of_Christ_(Perugino,_Lyon)",
    "wikipedia_it": "https://it.wikipedia.org/wiki/Ascensione_di_Cristo_(Perugino_Lione)",
    "wikidata": "https://www.wikidata.org/wiki/Q3202430",
    "_source": {
     "source": "Wikidata",
     "url": "https://www.wikidata.org/wiki/Q3202430",
     "retrieved_at": "2026-08-23"
    },
    "_overrides": {
     "creation": {
      "at": "2026-08-23",
      "source": "derived from start date + Caravaggio's documented itinerary (approximate)"
     },
     "attribution": {
      "at": "2026-08-24",
      "source": "tier-2 cleaning",
      "was": "generally accepted",
      "note": "dated 1450, after death (1448–1523) → later copy / not autograph at this date (Timeline anomaly)"
     }
    },
    "museum_id": "museum-of-fine-arts-of-lyon",
    "qid": "Q3202430",
    "wga_url": "https://www.wga.hu/html/p/perugino/christ/ascensio.html",
    "location_src": "Museum of Fine Arts of Lyon"
   }
  },
  {
   "type": "Feature",
   "geometry": {
    "type": "Point",
    "coordinates": [
     11.25,
     43.7652
    ]
   },
   "properties": {
    "painter": "Pietro Perugino",
    "title": "Lamentation over the Dead Christ",
    "year": "1495",
    "city": "Florence",
    "country": "Italy",
    "location": "Galleria Palatina",
    "kind": "museum",
    "attribution": "generally accepted",
    "status": "present",
    "medium": "Oil on panel",
    "dimensions": "220 × 195 cm",
    "genre": "religious art",
    "image": "https://commons.wikimedia.org/wiki/Special:FilePath/Pietro%20Perugino%20cat40.jpg?width=420",
    "wikipedia_en": "https://en.wikipedia.org/wiki/Lamentation_over_the_Dead_Christ_(Perugino)",
    "wikipedia_it": "https://it.wikipedia.org/wiki/Compianto_sul_Cristo_morto_(Perugino)",
    "wikidata": "https://www.wikidata.org/wiki/Q3207678",
    "creation_place": "Florence",
    "creation_lat": 43.7696,
    "creation_lon": 11.2558,
    "_source": {
     "source": "Wikidata",
     "url": "https://www.wikidata.org/wiki/Q3207678",
     "retrieved_at": "2026-08-23"
    },
    "_overrides": {
     "creation": {
      "at": "2026-08-23",
      "source": "derived from start date + Caravaggio's documented itinerary (approximate)"
     }
    },
    "museum_id": "galleria-palatina",
    "qid": "Q3207678",
    "wga_url": "https://www.wga.hu/html/p/perugino/christ/mourning.html",
    "location_src": "Galleria Palatina"
   }
  },
  {
   "type": "Feature",
   "geometry": {
    "type": "Point",
    "coordinates": [
     11.25528,
     43.76833
    ]
   },
   "properties": {
    "painter": "Pietro Perugino",
    "title": "Crucifixion of Christ with saints",
    "year": "1484",
    "city": "Florence",
    "country": "Italy",
    "location": "Uffizi Gallery",
    "kind": "museum",
    "attribution": "generally accepted",
    "status": "present",
    "dimensions": "203 × 180 cm",
    "genre": "religious art",
    "image": "https://commons.wikimedia.org/wiki/Special:FilePath/Pietro%20Perugino%20cat18.jpg?width=420",
    "wikipedia_en": "https://en.wikipedia.org/wiki/Crucifixion_(Perugino_and_Signorelli)",
    "wikipedia_it": "https://it.wikipedia.org/wiki/Crocifissione_(Perugino_Uffizi)",
    "wikidata": "https://www.wikidata.org/wiki/Q3207989",
    "creation_place": "Florence",
    "creation_lat": 43.7696,
    "creation_lon": 11.2558,
    "_source": {
     "source": "Wikidata",
     "url": "https://www.wikidata.org/wiki/Q3207989",
     "retrieved_at": "2026-08-23"
    },
    "_overrides": {
     "creation": {
      "at": "2026-08-23",
      "source": "derived from start date + Caravaggio's documented itinerary (approximate)"
     }
    },
    "museum_id": "uffizi-gallery",
    "qid": "Q3207989",
    "location_src": "Uffizi Gallery"
   }
  },
  {
   "type": "Feature",
   "geometry": {
    "type": "Point",
    "coordinates": [
     -2.97967,
     53.41007
    ]
   },
   "properties": {
    "painter": "Pietro Perugino",
    "title": "The Nativity of the Virgin",
    "year": "1472",
    "city": "Liverpool",
    "country": "United Kingdom",
    "location": "Walker Art Gallery",
    "kind": "museum",
    "attribution": "generally accepted",
    "status": "present",
    "dimensions": "18.6 × 41 cm",
    "genre": "religious art",
    "image": "https://commons.wikimedia.org/wiki/Special:FilePath/Pietro%20Perugino%20cat02.jpg?width=420",
    "wikipedia_en": "https://en.wikipedia.org/wiki/Nativity_of_the_Virgin_(Perugino)",
    "wikipedia_it": "https://it.wikipedia.org/wiki/Nascita_della_Vergine_(Perugino)",
    "wikidata": "https://www.wikidata.org/wiki/Q3211039",
    "creation_place": "Florence",
    "creation_lat": 43.7696,
    "creation_lon": 11.2558,
    "_source": {
     "source": "Wikidata",
     "url": "https://www.wikidata.org/wiki/Q3211039",
     "retrieved_at": "2026-08-23"
    },
    "_overrides": {
     "creation": {
      "at": "2026-08-23",
      "source": "derived from start date + Caravaggio's documented itinerary (approximate)"
     }
    },
    "museum_id": "walker-art-gallery",
    "qid": "Q3211039",
    "location_src": "Walker Art Gallery"
   }
  },
  {
   "type": "Feature",
   "geometry": {
    "type": "Point",
    "coordinates": [
     12.45277,
     41.90573
    ]
   },
   "properties": {
    "painter": "Pietro Perugino",
    "title": "San Francesco al Prato Resurrection",
    "year": "1499",
    "city": "Vatican City",
    "country": "Vatican City",
    "location": "Pinacoteca Vaticana",
    "kind": "museum",
    "attribution": "generally accepted",
    "status": "present",
    "medium": "Oil on panel",
    "dimensions": "233 × 165 cm",
    "genre": "religious art",
    "image": "https://commons.wikimedia.org/wiki/Special:FilePath/Pietro%20Perugino%20cat53.jpg?width=420",
    "wikipedia_es": "https://es.wikipedia.org/wiki/Resurrecci%C3%B3n_de_San_Francisco_al_Prato",
    "wikipedia_en": "https://en.wikipedia.org/wiki/San_Francesco_al_Prato_Resurrection",
    "wikipedia_it": "https://it.wikipedia.org/wiki/Resurrezione_di_San_Francesco_al_Prato",
    "wikidata": "https://www.wikidata.org/wiki/Q3212610",
    "creation_place": "Florence",
    "creation_lat": 43.7696,
    "creation_lon": 11.2558,
    "_source": {
     "source": "Wikidata",
     "url": "https://www.wikidata.org/wiki/Q3212610",
     "retrieved_at": "2026-08-23"
    },
    "_overrides": {
     "creation": {
      "at": "2026-08-23",
      "source": "derived from start date + Caravaggio's documented itinerary (approximate)"
     }
    },
    "museum_id": "pinacoteca-vaticana",
    "qid": "Q3212610",
    "location_src": "Pinacoteca Vaticana"
   }
  },
  {
   "type": "Feature",
   "geometry": {
    "type": "Point",
    "coordinates": [
     11.25,
     43.7652
    ]
   },
   "properties": {
    "painter": "Pietro Perugino",
    "title": "Madonna with child, Saint John the Baptist, and an angel",
    "year": "1495",
    "city": "Florence",
    "country": "Italy",
    "location": "Galleria Palatina",
    "kind": "museum",
    "attribution": "generally accepted",
    "status": "present",
    "medium": "Oil on panel",
    "dimensions": "86 × 83 cm",
    "genre": "religious art",
    "image": "https://commons.wikimedia.org/wiki/Special:FilePath/Pietro%20Perugino%20cat55.jpg?width=420",
    "wikipedia_en": "https://en.wikipedia.org/wiki/Madonna_del_Sacco_(Perugino)",
    "wikipedia_it": "https://it.wikipedia.org/wiki/Madonna_del_Sacco_(Perugino)",
    "wikidata": "https://www.wikidata.org/wiki/Q3213753",
    "creation_place": "Florence",
    "creation_lat": 43.7696,
    "creation_lon": 11.2558,
    "_source": {
     "source": "Wikidata",
     "url": "https://www.wikidata.org/wiki/Q3213753",
     "retrieved_at": "2026-08-23"
    },
    "_overrides": {
     "creation": {
      "at": "2026-08-23",
      "source": "derived from start date + Caravaggio's documented itinerary (approximate)"
     }
    },
    "museum_id": "galleria-palatina",
    "qid": "Q3213753",
    "wga_url": "https://www.wga.hu/html/p/perugino/madonna/mad_sack.html",
    "location_src": "Galleria Palatina"
   }
  },
  {
   "type": "Feature",
   "geometry": {
    "type": "Point",
    "coordinates": [
     -0.1283,
     51.5089
    ]
   },
   "properties": {
    "painter": "Pietro Perugino",
    "title": "Madonna di Loreto",
    "year": "1507",
    "city": "London",
    "country": "United Kingdom",
    "location": "National Gallery",
    "kind": "museum",
    "attribution": "generally accepted",
    "status": "present",
    "medium": "Oil on panel",
    "dimensions": "185.5 × 125.5 cm",
    "genre": "religious art",
    "image": "https://commons.wikimedia.org/wiki/Special:FilePath/Pietro%20Perugino%20cat77a.jpg?width=420",
    "wikipedia_en": "https://en.wikipedia.org/wiki/Madonna_of_Loreto_(Perugino)",
    "wikipedia_it": "https://it.wikipedia.org/wiki/Madonna_di_Loreto_(Perugino)",
    "wikidata": "https://www.wikidata.org/wiki/Q3213761",
    "_source": {
     "source": "Wikidata",
     "url": "https://www.wikidata.org/wiki/Q3213761",
     "retrieved_at": "2026-08-23"
    },
    "_overrides": {
     "creation": {
      "at": "2026-08-23",
      "source": "derived from start date + Caravaggio's documented itinerary (approximate)"
     }
    },
    "museum_id": "national-gallery",
    "qid": "Q3213761",
    "location_src": "National Gallery"
   }
  },
  {
   "type": "Feature",
   "geometry": {
    "type": "Point",
    "coordinates": [
     12.38845,
     43.11156
    ]
   },
   "properties": {
    "painter": "Pietro Perugino",
    "title": "Madonna with child",
    "year": "1496",
    "city": "Perugia",
    "country": "Italy",
    "location": "National Gallery of Umbria",
    "kind": "museum",
    "attribution": "generally accepted",
    "status": "present",
    "medium": "Oil on panel",
    "dimensions": "183 × 130 cm",
    "genre": "religious art",
    "image": "https://commons.wikimedia.org/wiki/Special:FilePath/Pietro%20Perugino%20cat50.jpg?width=420",
    "wikipedia_en": "https://en.wikipedia.org/wiki/Madonna_della_Consolazione",
    "wikipedia_it": "https://it.wikipedia.org/wiki/Madonna_della_Consolazione_(Perugino)",
    "wikidata": "https://www.wikidata.org/wiki/Q3213763",
    "creation_place": "Florence",
    "creation_lat": 43.7696,
    "creation_lon": 11.2558,
    "_source": {
     "source": "Wikidata",
     "url": "https://www.wikidata.org/wiki/Q3213763",
     "retrieved_at": "2026-08-23"
    },
    "_overrides": {
     "creation": {
      "at": "2026-08-23",
      "source": "derived from start date + Caravaggio's documented itinerary (approximate)"
     }
    },
    "museum_id": "national-gallery-of-umbria",
    "qid": "Q3213763",
    "location_src": "National Gallery of Umbria"
   }
  },
  {
   "type": "Feature",
   "geometry": {
    "type": "Point",
    "coordinates": [
     11.35354,
     44.49771
    ]
   },
   "properties": {
    "painter": "Pietro Perugino",
    "title": "Madonna in Glory with Saints",
    "year": "1500",
    "city": "Bologna",
    "country": "Italy",
    "location": "Pinacoteca Nazionale di Bologna",
    "kind": "museum",
    "attribution": "generally accepted",
    "status": "present",
    "medium": "Oil paint",
    "dimensions": "152 × 124 cm",
    "genre": "religious art",
    "image": "https://commons.wikimedia.org/wiki/Special:FilePath/Pietro%20Perugino%20cat59.jpg?width=420",
    "wikipedia_es": "https://es.wikipedia.org/wiki/Madonna_en_la_Gloria_con_los_santos",
    "wikipedia_en": "https://en.wikipedia.org/wiki/Madonna_in_Glory_with_Saints",
    "wikipedia_it": "https://it.wikipedia.org/wiki/Madonna_in_gloria_e_santi",
    "wikidata": "https://www.wikidata.org/wiki/Q3213771",
    "creation_place": "Florence",
    "creation_lat": 43.7696,
    "creation_lon": 11.2558,
    "_source": {
     "source": "Wikidata",
     "url": "https://www.wikidata.org/wiki/Q3213771",
     "retrieved_at": "2026-08-23"
    },
    "_overrides": {
     "creation": {
      "at": "2026-08-23",
      "source": "derived from start date + Caravaggio's documented itinerary (approximate)"
     }
    },
    "museum_id": "pinacoteca-nazionale-di-bologna",
    "qid": "Q3213771",
    "wga_url": "https://www.wga.hu/html/p/perugino/madonna/m_glory.html",
    "location_src": "Pinacoteca Nazionale di Bologna"
   }
  },
  {
   "type": "Feature",
   "geometry": {
    "type": "Point",
    "coordinates": [
     2.3358,
     48.8611
    ]
   },
   "properties": {
    "painter": "Pietro Perugino",
    "title": "Madonna and Child with Two Angels, Saint Rose and Saint Catherine",
    "year": "1487",
    "country": "France",
    "location": "Louvre",
    "kind": "museum",
    "attribution": "generally accepted",
    "status": "present",
    "medium": "Oil on panel",
    "dimensions": "148 × 148 cm",
    "genre": "nude, religious art",
    "image": "https://commons.wikimedia.org/wiki/Special:FilePath/Madonna%20and%20Child%20with%20Two%20Angels%20-%20Pietro%20Perugino%20-%20Louvre%20INV%20719.jpg?width=420",
    "wikipedia_en": "https://en.wikipedia.org/wiki/Madonna_and_Child_with_Two_Angels,_Saint_Rose_and_Saint_Catherine",
    "wikipedia_it": "https://it.wikipedia.org/wiki/Tondo_della_Vergine_col_Bambino_tra_due_sante_e_due_angeli",
    "wikidata": "https://www.wikidata.org/wiki/Q3213774",
    "creation_place": "Florence",
    "creation_lat": 43.7696,
    "creation_lon": 11.2558,
    "_source": {
     "source": "Wikidata",
     "url": "https://www.wikidata.org/wiki/Q3213774",
     "retrieved_at": "2026-08-23"
    },
    "_overrides": {
     "creation": {
      "at": "2026-08-23",
      "source": "derived from start date + Caravaggio's documented itinerary (approximate)"
     }
    },
    "museum_id": "louvre",
    "city": "Paris",
    "qid": "Q3213774",
    "wga_url": "https://www.wga.hu/html/p/perugino/madonna/mad_sts4.html",
    "location_src": "Louvre"
   }
  },
  {
   "type": "Feature",
   "geometry": {
    "type": "Point",
    "coordinates": [
     -77.02,
     38.8914
    ]
   },
   "properties": {
    "painter": "Pietro Perugino",
    "title": "Madonna with child",
    "year": "1501",
    "city": "Washington",
    "country": "United States",
    "location": "National Gallery of Art",
    "kind": "museum",
    "attribution": "generally accepted",
    "status": "present",
    "medium": "Oil on panel",
    "dimensions": "70.2 × 50 cm",
    "genre": "religious art",
    "image": "https://commons.wikimedia.org/wiki/Special:FilePath/Pietro%20Perugino%2C%20Madonna%20and%20Child%2C%20c.%201500%2C%20NGA%20356.jpg?width=420",
    "wikipedia_en": "https://en.wikipedia.org/wiki/Madonna_and_Child_(Perugino,_Washington)",
    "wikipedia_it": "https://it.wikipedia.org/wiki/Madonna_col_Bambino_(Perugino)",
    "wikidata": "https://www.wikidata.org/wiki/Q3213779",
    "_source": {
     "source": "Wikidata",
     "url": "https://www.wikidata.org/wiki/Q3213779",
     "retrieved_at": "2026-08-23"
    },
    "_overrides": {
     "creation": {
      "at": "2026-08-23",
      "source": "derived from start date + Caravaggio's documented itinerary (approximate)"
     }
    },
    "museum_id": "national-gallery-of-art",
    "qid": "Q3213779",
    "wga_url": "https://www.wga.hu/html/p/perugino/madonna/madonn_w.html",
    "location_src": "National Gallery of Art"
   }
  },
  {
   "type": "Feature",
   "geometry": {
    "type": "Point",
    "coordinates": [
     8.67388,
     50.10322
    ]
   },
   "properties": {
    "painter": "Pietro Perugino",
    "title": "Madonna with child and Saint John the Baptist",
    "year": "1497",
    "city": "Frankfurt",
    "country": "Germany",
    "location": "Städel Museum",
    "kind": "museum",
    "attribution": "generally accepted",
    "status": "present",
    "medium": "Oil on panel",
    "dimensions": "67.7 × 51.5 cm",
    "genre": "religious art",
    "image": "https://commons.wikimedia.org/wiki/Special:FilePath/Pietro%20Perugino%20056.jpg?width=420",
    "wikipedia_en": "https://en.wikipedia.org/wiki/Madonna_and_Child_with_the_Infant_John_the_Baptist_(Perugino)",
    "wikipedia_it": "https://it.wikipedia.org/wiki/Madonna_col_Bambino_e_san_Giovannino_(Perugino)",
    "wikidata": "https://www.wikidata.org/wiki/Q3213783",
    "creation_place": "Florence",
    "creation_lat": 43.7696,
    "creation_lon": 11.2558,
    "_source": {
     "source": "Wikidata",
     "url": "https://www.wikidata.org/wiki/Q3213783",
     "retrieved_at": "2026-08-23"
    },
    "_overrides": {
     "creation": {
      "at": "2026-08-23",
      "source": "derived from start date + Caravaggio's documented itinerary (approximate)"
     }
    },
    "museum_id": "stadel-museum",
    "qid": "Q3213783",
    "wga_url": "https://www.wga.hu/html/p/perugino/madonna/madonn_g.html",
    "location_src": "Städel Museum"
   }
  },
  {
   "type": "Feature",
   "geometry": {
    "type": "Point",
    "coordinates": [
     12.38845,
     43.11156
    ]
   },
   "properties": {
    "painter": "Pietro Perugino",
    "title": "Madonna with child between Saint Herculanus and Saint Constantius",
    "year": "1515",
    "city": "Perugia",
    "country": "Italy",
    "location": "National Gallery of Umbria",
    "kind": "museum",
    "attribution": "generally accepted",
    "status": "present",
    "medium": "Oil on canvas",
    "dimensions": "79 × 56 cm",
    "genre": "religious art",
    "image": "https://commons.wikimedia.org/wiki/Special:FilePath/Pietro%20Perugino%20cat92.jpg?width=420",
    "wikipedia_en": "https://en.wikipedia.org/wiki/Madonna_and_Child_with_Saints_Herculanus_and_Constantius",
    "wikipedia_it": "https://it.wikipedia.org/wiki/Madonna_col_Bambino_tra_i_santi_Ercolano_e_Costanzo",
    "wikidata": "https://www.wikidata.org/wiki/Q3213786",
    "_source": {
     "source": "Wikidata",
     "url": "https://www.wikidata.org/wiki/Q3213786",
     "retrieved_at": "2026-08-23"
    },
    "_overrides": {
     "creation": {
      "at": "2026-08-23",
      "source": "derived from start date + Caravaggio's documented itinerary (approximate)"
     }
    },
    "museum_id": "national-gallery-of-umbria",
    "qid": "Q3213786",
    "wga_url": "https://www.wga.hu/html/p/perugino/madonna/mad_sts5.html",
    "location_src": "National Gallery of Umbria"
   }
  },
  {
   "type": "Feature",
   "geometry": {
    "type": "Point",
    "coordinates": [
     2.3358,
     48.8611
    ]
   },
   "properties": {
    "painter": "Pietro Perugino",
    "title": "Madonna and Child with Saints John the Baptist and Catherine of Alexandria",
    "year": "1495-1500",
    "country": "France",
    "location": "Louvre",
    "kind": "museum",
    "attribution": "generally accepted",
    "status": "present",
    "medium": "Oil on panel",
    "dimensions": "81 × 63 cm",
    "genre": "religious art",
    "image": "https://commons.wikimedia.org/wiki/Special:FilePath/Pietro%20Perugino%20cat34.jpg?width=420",
    "wikipedia_en": "https://en.wikipedia.org/wiki/Madonna_and_Child_with_Saints_John_the_Baptist_and_Catherine_of_Alexandria_(Perugino)",
    "wikipedia_it": "https://it.wikipedia.org/wiki/Madonna_col_Bambino_tra_i_santi_Giovanni_Battista_e_Caterina_d%27Alessandria",
    "wikidata": "https://www.wikidata.org/wiki/Q3213787",
    "creation_place": "Florence",
    "creation_lat": 43.7696,
    "creation_lon": 11.2558,
    "_source": {
     "source": "Wikidata",
     "url": "https://www.wikidata.org/wiki/Q3213787",
     "retrieved_at": "2026-08-23"
    },
    "_overrides": {
     "creation": {
      "at": "2026-08-23",
      "source": "derived from start date + Caravaggio's documented itinerary (approximate)"
     }
    },
    "museum_id": "louvre",
    "city": "Paris",
    "qid": "Q3213787",
    "wga_url": "https://www.wga.hu/html/p/perugino/madonna/mad_sts3.html",
    "location_src": "Louvre"
   }
  },
  {
   "type": "Feature",
   "geometry": {
    "type": "Point",
    "coordinates": [
     10.019082,
     45.135021
    ]
   },
   "properties": {
    "painter": "Pietro Perugino",
    "title": "Madonna and Child with Saints John the Evangelist and Augustine",
    "year": "1494",
    "city": "Cremona",
    "country": "Italy",
    "location": "Sant'Agostino, Cremona",
    "kind": "church",
    "attribution": "generally accepted",
    "status": "present",
    "medium": "Panel",
    "genre": "religious art",
    "image": "https://commons.wikimedia.org/wiki/Special:FilePath/Pietro%20Perugino%20cat38.jpg?width=420",
    "wikipedia_en": "https://en.wikipedia.org/wiki/Madonna_and_Child_with_Saints_John_the_Evangelist_and_Augustine",
    "wikipedia_it": "https://it.wikipedia.org/wiki/Madonna_col_Bambino_in_trono_tra_i_santi_Giovanni_Evangelista_e_Agostino",
    "wikidata": "https://www.wikidata.org/wiki/Q3213788",
    "creation_place": "Florence",
    "creation_lat": 43.7696,
    "creation_lon": 11.2558,
    "_source": {
     "source": "Wikidata",
     "url": "https://www.wikidata.org/wiki/Q3213788",
     "retrieved_at": "2026-08-23"
    },
    "_overrides": {
     "creation": {
      "at": "2026-08-23",
      "source": "derived from start date + Caravaggio's documented itinerary (approximate)"
     }
    },
    "museum_id": "sant-agostino-cremona",
    "qid": "Q3213788",
    "location_src": "Sant'Agostino, Cremona"
   }
  },
  {
   "type": "Feature",
   "geometry": {
    "type": "Point",
    "coordinates": [
     11.25528,
     43.76833
    ]
   },
   "properties": {
    "painter": "Pietro Perugino",
    "title": "Madonna and Child Enthroned with Saints John the Baptist and Sebastian",
    "year": "1493",
    "city": "Florence",
    "country": "Italy",
    "location": "Uffizi Gallery",
    "kind": "museum",
    "attribution": "generally accepted",
    "status": "present",
    "medium": "Oil on panel",
    "dimensions": "178 × 164 cm",
    "genre": "religious art",
    "image": "https://commons.wikimedia.org/wiki/Special:FilePath/Pietro%20Perugino%20cat30.jpg?width=420",
    "wikipedia_en": "https://en.wikipedia.org/wiki/Madonna_and_Child_Enthroned_with_Saints_John_the_Baptist_and_Sebastian",
    "wikipedia_it": "https://it.wikipedia.org/wiki/Madonna_col_Bambino_in_trono_tra_i_santi_Giovanni_Battista_e_Sebastiano",
    "wikidata": "https://www.wikidata.org/wiki/Q3213789",
    "creation_place": "Florence",
    "creation_lat": 43.7696,
    "creation_lon": 11.2558,
    "_source": {
     "source": "Wikidata",
     "url": "https://www.wikidata.org/wiki/Q3213789",
     "retrieved_at": "2026-08-23"
    },
    "_overrides": {
     "creation": {
      "at": "2026-08-23",
      "source": "derived from start date + Caravaggio's documented itinerary (approximate)"
     }
    },
    "museum_id": "uffizi-gallery",
    "qid": "Q3213789",
    "wga_url": "https://www.wga.hu/html/p/perugino/madonna/mad_sts2.html",
    "location_src": "Uffizi Gallery"
   }
  },
  {
   "type": "Feature",
   "geometry": {
    "type": "Point",
    "coordinates": [
     12.05073,
     42.91755
    ]
   },
   "properties": {
    "painter": "Pietro Perugino",
    "title": "Madonna and Child with Saints Peter and Paul",
    "year": "1515",
    "city": "Monteleone d'Orvieto",
    "country": "Italy",
    "location": "Santi Apostoli Pietro e Paolo",
    "kind": "church",
    "attribution": "generally accepted",
    "status": "present",
    "medium": "Panel",
    "dimensions": "290 × 170 cm",
    "genre": "religious art",
    "image": "https://commons.wikimedia.org/wiki/Special:FilePath/Perugino%20-%20Madonna%20and%20Child%20with%20Saints%20Peter%20and%20Paul%20%28c.%201515%20Monteleone%20d%27Orvieto%29.JPG?width=420",
    "wikipedia_en": "https://en.wikipedia.org/wiki/Madonna_and_Child_with_Saints_Peter_and_Paul",
    "wikipedia_it": "https://it.wikipedia.org/wiki/Madonna_col_Bambino_tra_i_santi_Pietro_e_Paolo",
    "wikidata": "https://www.wikidata.org/wiki/Q3213790",
    "_source": {
     "source": "Wikidata",
     "url": "https://www.wikidata.org/wiki/Q3213790",
     "retrieved_at": "2026-08-23"
    },
    "_overrides": {
     "creation": {
      "at": "2026-08-23",
      "source": "derived from start date + Caravaggio's documented itinerary (approximate)"
     }
    },
    "museum_id": "santi-apostoli-pietro-e-paolo",
    "qid": "Q3213790",
    "location_src": "Santi Apostoli Pietro e Paolo"
   }
  },
  {
   "type": "Feature",
   "geometry": {
    "type": "Point",
    "coordinates": [
     -0.1283,
     51.5089
    ]
   },
   "properties": {
    "painter": "Pietro Perugino",
    "title": "The Virgin and Child with an Angel",
    "year": "1496",
    "city": "London",
    "country": "United Kingdom",
    "location": "National Gallery",
    "kind": "museum",
    "attribution": "attributed",
    "status": "present",
    "dimensions": "114 × 63.5 cm",
    "genre": "religious art",
    "image": "https://commons.wikimedia.org/wiki/Special:FilePath/Pietro%20Perugino%20cat54b.jpg?width=420",
    "wikidata": "https://www.wikidata.org/wiki/Q3213792",
    "creation_place": "Florence",
    "creation_lat": 43.7696,
    "creation_lon": 11.2558,
    "_source": {
     "source": "Wikidata",
     "url": "https://www.wikidata.org/wiki/Q3213792",
     "retrieved_at": "2026-08-23"
    },
    "_overrides": {
     "creation": {
      "at": "2026-08-23",
      "source": "derived from start date + Caravaggio's documented itinerary (approximate)"
     }
    },
    "museum_id": "national-gallery",
    "qid": "Q3213792",
    "location_src": "National Gallery"
   }
  },
  {
   "type": "Feature",
   "geometry": {
    "type": "Point",
    "coordinates": [
     16.3616,
     48.20388
    ]
   },
   "properties": {
    "painter": "Pietro Perugino",
    "title": "Madonna with child and two female saints",
    "year": "1493",
    "city": "Vienna",
    "country": "Austria",
    "location": "Kunsthistorisches Museum",
    "kind": "museum",
    "attribution": "generally accepted",
    "status": "present",
    "medium": "Oil on panel",
    "dimensions": "86.5 × 63 cm",
    "genre": "religious art",
    "image": "https://commons.wikimedia.org/wiki/Special:FilePath/Pietro%20Vannucci%2C%20gen.%20Perugino%2C%20%2C%20Kunsthistorisches%20Museum%20Wien%2C%20Gem%C3%A4ldegalerie%20-%20Maria%20mit%20Kind%20und%20den%20Hll.%20Rosa%20%28%5E%29%20und%20Katharina%20%28%5E%29%20-%20GG%20132%20-%20Kunsthistorisches%20Museum.jpg?width=420",
    "wikipedia_en": "https://en.wikipedia.org/wiki/Madonna_and_Child_with_Two_Saints_(Perugino,_Vienna)",
    "wikipedia_it": "https://it.wikipedia.org/wiki/Madonna_col_Bambino_tra_santa_Caterina_d%27Alessandria_e_una_santa",
    "wikidata": "https://www.wikidata.org/wiki/Q3213793",
    "creation_place": "Florence",
    "creation_lat": 43.7696,
    "creation_lon": 11.2558,
    "_source": {
     "source": "Wikidata",
     "url": "https://www.wikidata.org/wiki/Q3213793",
     "retrieved_at": "2026-08-23"
    },
    "_overrides": {
     "creation": {
      "at": "2026-08-23",
      "source": "derived from start date + Caravaggio's documented itinerary (approximate)"
     }
    },
    "museum_id": "kunsthistorisches-museum",
    "qid": "Q3213793",
    "location_src": "Kunsthistorisches Museum"
   }
  },
  {
   "type": "Feature",
   "geometry": {
    "type": "Point",
    "coordinates": [
     11.2589,
     43.7769
    ]
   },
   "properties": {
    "painter": "Pietro Perugino",
    "title": "The Visitation",
    "year": "1470",
    "city": "Florence",
    "country": "Italy",
    "location": "Galleria dell'Accademia",
    "kind": "museum",
    "attribution": "generally accepted",
    "status": "present",
    "dimensions": "32 × 34 cm",
    "genre": "religious art",
    "image": "https://commons.wikimedia.org/wiki/Special:FilePath/Pietro%20Perugino%20cat05.jpg?width=420",
    "wikipedia_en": "https://en.wikipedia.org/wiki/Visitation_(Perugino)",
    "wikipedia_it": "https://it.wikipedia.org/wiki/Visitazione_con_sant%27Anna",
    "wikidata": "https://www.wikidata.org/wiki/Q3213855",
    "_source": {
     "source": "Wikidata",
     "url": "https://www.wikidata.org/wiki/Q3213855",
     "retrieved_at": "2026-08-23"
    },
    "_overrides": {
     "creation": {
      "at": "2026-08-23",
      "source": "derived from start date + Caravaggio's documented itinerary (approximate)"
     }
    },
    "museum_id": "galleria-dell-accademia",
    "qid": "Q3213855",
    "location_src": "Galleria dell'Accademia"
   }
  },
  {
   "type": "Feature",
   "geometry": {
    "type": "Point",
    "coordinates": [
     12.00416,
     42.95249
    ]
   },
   "properties": {
    "painter": "Pietro Perugino",
    "title": "Baptism of Christ",
    "year": "1510",
    "city": "della Pieve",
    "country": "Italy",
    "location": "Città della Pieve Co-Cathedral",
    "kind": "church",
    "attribution": "generally accepted",
    "status": "present",
    "genre": "religious art",
    "image": "https://commons.wikimedia.org/wiki/Special:FilePath/Pietro%20Perugino%20cat81.jpg?width=420",
    "wikipedia_es": "https://es.wikipedia.org/wiki/Bautismo_de_Cristo_(Perugino,_Citt%C3%A0_della_Pieve)",
    "wikipedia_en": "https://en.wikipedia.org/wiki/Baptism_of_Christ_(Perugino,_Citt%C3%A0_della_Pieve)",
    "wikipedia_it": "https://it.wikipedia.org/wiki/Battesimo_di_Cristo_(Perugino_Citt%C3%A0_della_Pieve)",
    "wikidata": "https://www.wikidata.org/wiki/Q3220283",
    "_source": {
     "source": "Wikidata",
     "url": "https://www.wikidata.org/wiki/Q3220283",
     "retrieved_at": "2026-08-23"
    },
    "_overrides": {
     "creation": {
      "at": "2026-08-23",
      "source": "derived from start date + Caravaggio's documented itinerary (approximate)"
     }
    },
    "museum_id": "citta-della-pieve-co-cathedral",
    "qid": "Q3220283",
    "location_src": "Città della Pieve Co-Cathedral"
   }
  },
  {
   "type": "Feature",
   "geometry": {
    "type": "Point",
    "coordinates": [
     2.3358,
     48.8611
    ]
   },
   "properties": {
    "painter": "Pietro Perugino",
    "title": "Combat of Love and Chastity",
    "year": "1503",
    "country": "France",
    "location": "Louvre",
    "kind": "museum",
    "attribution": "generally accepted",
    "status": "present",
    "medium": "Canvas",
    "dimensions": "160 × 191 cm",
    "genre": "allegory",
    "image": "https://commons.wikimedia.org/wiki/Special:FilePath/Le%20Combat%20de%20l%27Amour%20et%20de%20la%20Chastet%C3%A9%20-%20Le%20P%C3%A9rugin%20-%20Mus%C3%A9e%20du%20Louvre%20Peintures%20INV%20722%20%3B%20MR%20401.jpg?width=420",
    "wikipedia_en": "https://en.wikipedia.org/wiki/The_Battle_Between_Love_and_Chastity",
    "wikipedia_it": "https://it.wikipedia.org/wiki/Lotta_tra_Amore_e_Castit%C3%A0",
    "wikidata": "https://www.wikidata.org/wiki/Q3221619",
    "_source": {
     "source": "Wikidata",
     "url": "https://www.wikidata.org/wiki/Q3221619",
     "retrieved_at": "2026-08-23"
    },
    "_overrides": {
     "creation": {
      "at": "2026-08-23",
      "source": "derived from start date + Caravaggio's documented itinerary (approximate)"
     }
    },
    "museum_id": "louvre",
    "city": "Paris",
    "qid": "Q3221619",
    "wga_url": "https://www.wga.hu/html/p/perugino/z_other/combat2.html",
    "location_src": "Louvre"
   }
  },
  {
   "type": "Feature",
   "geometry": {
    "type": "Point",
    "coordinates": [
     -0.36166,
     49.18607
    ]
   },
   "properties": {
    "painter": "Pietro Perugino",
    "title": "Marriage of the Virgin",
    "year": "1501",
    "city": "Caen",
    "country": "France",
    "location": "Musée des Beaux-Arts de Caen",
    "kind": "museum",
    "attribution": "generally accepted",
    "status": "present",
    "medium": "Oil on panel",
    "dimensions": "234 × 185 cm",
    "genre": "religious art",
    "image": "https://commons.wikimedia.org/wiki/Special:FilePath/Pietro%20Perugino%20cat66.jpg?width=420",
    "wikipedia_es": "https://es.wikipedia.org/wiki/Los_desposorios_de_la_Virgen_(Perugino)",
    "wikipedia_en": "https://en.wikipedia.org/wiki/Marriage_of_the_Virgin_(Perugino)",
    "wikipedia_it": "https://it.wikipedia.org/wiki/Sposalizio_della_Vergine_(Perugino)",
    "wikidata": "https://www.wikidata.org/wiki/Q3224308",
    "_source": {
     "source": "Wikidata",
     "url": "https://www.wikidata.org/wiki/Q3224308",
     "retrieved_at": "2026-08-23"
    },
    "_overrides": {
     "creation": {
      "at": "2026-08-23",
      "source": "derived from start date + Caravaggio's documented itinerary (approximate)"
     }
    },
    "museum_id": "musee-des-beaux-arts-de-caen",
    "qid": "Q3224308",
    "wga_url": "https://www.wga.hu/html/p/perugino/madonna/marriage.html",
    "location_src": "Musée des Beaux-Arts de Caen"
   }
  },
  {
   "type": "Feature",
   "geometry": {
    "type": "Point",
    "coordinates": [
     -0.37355,
     51.2576
    ]
   },
   "properties": {
    "painter": "Pietro Perugino",
    "title": "Miracle of the Snow",
    "year": "1472-1475",
    "city": "Mole Valley",
    "country": "United Kingdom",
    "location": "Polesden Lacey",
    "kind": "museum",
    "attribution": "generally accepted",
    "status": "present",
    "medium": "Oil paint, poplar panel",
    "dimensions": "18.4 × 40 cm",
    "genre": "religious art",
    "image": "https://commons.wikimedia.org/wiki/Special:FilePath/Perugino%20%28c.1450-1523%29%20%28attributed%20to%29%20-%20The%20Miracle%20of%20the%20Founding%20of%20Santa%20Maria%20Maggiore%20with%20a%20Fall%20of%20Snow%20%285%20August%20352%29%20%28predella%20panel%29%20-%201246461%20-%20National%20Trust.jpg?width=420",
    "wikipedia_en": "https://en.wikipedia.org/wiki/Miracle_of_the_Snow",
    "wikipedia_it": "https://it.wikipedia.org/wiki/Miracolo_della_neve_(Perugino)",
    "wikidata": "https://www.wikidata.org/wiki/Q3224571",
    "creation_place": "Florence",
    "creation_lat": 43.7696,
    "creation_lon": 11.2558,
    "_source": {
     "source": "Wikidata",
     "url": "https://www.wikidata.org/wiki/Q3224571",
     "retrieved_at": "2026-08-23"
    },
    "_overrides": {
     "creation": {
      "at": "2026-08-23",
      "source": "derived from start date + Caravaggio's documented itinerary (approximate)"
     }
    },
    "museum_id": "polesden-lacey",
    "qid": "Q3224571",
    "location_src": "Polesden Lacey"
   }
  },
  {
   "type": "Feature",
   "geometry": {
    "type": "Point",
    "coordinates": [
     -1.54722,
     47.21944
    ]
   },
   "properties": {
    "painter": "Pietro Perugino",
    "title": "The prophet David",
    "year": "1550",
    "city": "Nantes",
    "country": "France",
    "location": "Nantes Museum of Arts",
    "kind": "museum",
    "attribution": "attributed",
    "status": "present",
    "medium": "Wood",
    "dimensions": "45 × 36 cm",
    "genre": "religious art",
    "image": "https://commons.wikimedia.org/wiki/Special:FilePath/Pietro%20Perugino%20cat48b.jpg?width=420",
    "wikidata": "https://www.wikidata.org/wiki/Q3226018",
    "_source": {
     "source": "Wikidata",
     "url": "https://www.wikidata.org/wiki/Q3226018",
     "retrieved_at": "2026-08-23"
    },
    "museum_id": "nantes-museum-of-arts",
    "qid": "Q3226018",
    "location_src": "Nantes Museum of Arts"
   }
  },
  {
   "type": "Feature",
   "geometry": {
    "type": "Point",
    "coordinates": [
     11.25,
     43.7652
    ]
   },
   "properties": {
    "painter": "Pietro Perugino",
    "title": "Mary Magdalene",
    "year": "1500",
    "city": "Florence",
    "country": "Italy",
    "location": "Galleria Palatina",
    "kind": "museum",
    "attribution": "generally accepted",
    "status": "present",
    "medium": "Oil on panel",
    "dimensions": "47 × 34 cm",
    "genre": "religious art",
    "image": "https://commons.wikimedia.org/wiki/Special:FilePath/Pietro%20Perugino%20-%20Maria%20Magdalena.jpg?width=420",
    "wikipedia_en": "https://en.wikipedia.org/wiki/Mary_Magdalene_(Perugino)",
    "wikipedia_it": "https://it.wikipedia.org/wiki/Maria_Maddalena_(Perugino)",
    "wikidata": "https://www.wikidata.org/wiki/Q3292105",
    "creation_place": "Florence",
    "creation_lat": 43.7696,
    "creation_lon": 11.2558,
    "_source": {
     "source": "Wikidata",
     "url": "https://www.wikidata.org/wiki/Q3292105",
     "retrieved_at": "2026-08-23"
    },
    "_overrides": {
     "creation": {
      "at": "2026-08-23",
      "source": "derived from start date + Caravaggio's documented itinerary (approximate)"
     }
    },
    "museum_id": "galleria-palatina",
    "qid": "Q3292105",
    "wga_url": "https://www.wga.hu/html/p/perugino/saints/maddalen.html",
    "location_src": "Galleria Palatina"
   }
  },
  {
   "type": "Feature",
   "geometry": {
    "type": "Point",
    "coordinates": [
     4.83361,
     45.76694
    ]
   },
   "properties": {
    "painter": "Pietro Perugino",
    "title": "San Pietro Polyptych",
    "year": "1496",
    "city": "Lyon",
    "country": "France",
    "location": "Museum of Fine Arts of Lyon",
    "kind": "museum",
    "attribution": "generally accepted",
    "status": "present",
    "genre": "religious art",
    "image": "https://commons.wikimedia.org/wiki/Special:FilePath/Polittico%20di%20San%20Pietro%20%28Perugino%29.jpg?width=420",
    "wikipedia_es": "https://es.wikipedia.org/wiki/Pol%C3%ADptico_de_San_Pedro",
    "wikipedia_en": "https://en.wikipedia.org/wiki/San_Pietro_Polyptych",
    "wikipedia_it": "https://it.wikipedia.org/wiki/Polittico_di_San_Pietro",
    "wikidata": "https://www.wikidata.org/wiki/Q3395790",
    "creation_place": "Florence",
    "creation_lat": 43.7696,
    "creation_lon": 11.2558,
    "_source": {
     "source": "Wikidata",
     "url": "https://www.wikidata.org/wiki/Q3395790",
     "retrieved_at": "2026-08-23"
    },
    "_overrides": {
     "creation": {
      "at": "2026-08-23",
      "source": "derived from start date + Caravaggio's documented itinerary (approximate)"
     }
    },
    "museum_id": "museum-of-fine-arts-of-lyon",
    "qid": "Q3395790",
    "location_src": "Museum of Fine Arts of Lyon"
   }
  },
  {
   "type": "Feature",
   "geometry": {
    "type": "Point",
    "coordinates": [
     2.3358,
     48.8611
    ]
   },
   "properties": {
    "painter": "Pietro Perugino",
    "title": "Polyptych of Sant'Agostino",
    "year": "1502",
    "city": "Paris",
    "country": "France",
    "location": "Louvre",
    "kind": "museum",
    "attribution": "generally accepted",
    "status": "present",
    "medium": "Panel",
    "dimensions": "261 × 146 cm",
    "genre": "religious art",
    "image": "https://commons.wikimedia.org/wiki/Special:FilePath/Polyptyque%20de%20Sant%27Agostino.jpg?width=420",
    "wikipedia_en": "https://en.wikipedia.org/wiki/Sant%27Agostino_Altarpiece",
    "wikipedia_it": "https://it.wikipedia.org/wiki/Polittico_di_Sant%27Agostino_(Perugino)",
    "wikidata": "https://www.wikidata.org/wiki/Q3395791",
    "_source": {
     "source": "Wikidata",
     "url": "https://www.wikidata.org/wiki/Q3395791",
     "retrieved_at": "2026-08-23"
    },
    "_overrides": {
     "creation": {
      "at": "2026-08-23",
      "source": "derived from start date + Caravaggio's documented itinerary (approximate)"
     }
    },
    "museum_id": "louvre",
    "qid": "Q3395791",
    "location_src": "Louvre"
   }
  },
  {
   "type": "Feature",
   "geometry": {
    "type": "Point",
    "coordinates": [
     11.25528,
     43.76833
    ]
   },
   "properties": {
    "painter": "Pietro Perugino",
    "title": "Biagio Milanesi",
    "year": "1500",
    "city": "Florence",
    "country": "Italy",
    "location": "Uffizi Gallery",
    "kind": "museum",
    "attribution": "generally accepted",
    "status": "present",
    "medium": "Oil on panel",
    "dimensions": "28 × 26 cm",
    "genre": "portrait",
    "image": "https://commons.wikimedia.org/wiki/Special:FilePath/Pietro%20Perugino%20cat58a.jpg?width=420",
    "wikipedia_it": "https://it.wikipedia.org/wiki/Ritratto_di_Biagio_Milanesi",
    "wikidata": "https://www.wikidata.org/wiki/Q3399418",
    "creation_place": "Florence",
    "creation_lat": 43.7696,
    "creation_lon": 11.2558,
    "_source": {
     "source": "Wikidata",
     "url": "https://www.wikidata.org/wiki/Q3399418",
     "retrieved_at": "2026-08-23"
    },
    "_overrides": {
     "creation": {
      "at": "2026-08-23",
      "source": "derived from start date + Caravaggio's documented itinerary (approximate)"
     }
    },
    "museum_id": "uffizi-gallery",
    "qid": "Q3399418",
    "wga_url": "https://www.wga.hu/html/p/perugino/z_other/monk1.html",
    "location_src": "Uffizi Gallery"
   }
  },
  {
   "type": "Feature",
   "geometry": {
    "type": "Point",
    "coordinates": [
     11.25528,
     43.76833
    ]
   },
   "properties": {
    "painter": "Pietro Perugino",
    "title": "Portrait of a Young Man",
    "year": "1495",
    "city": "Florence",
    "country": "Italy",
    "location": "Uffizi Gallery",
    "kind": "museum",
    "attribution": "generally accepted",
    "status": "present",
    "medium": "Oil on panel",
    "dimensions": "37 × 26 cm",
    "genre": "portrait",
    "image": "https://commons.wikimedia.org/wiki/Special:FilePath/Pietro%20Perugino%20catA2.jpg?width=420",
    "wikipedia_en": "https://en.wikipedia.org/wiki/Portrait_of_a_Boy",
    "wikipedia_it": "https://it.wikipedia.org/wiki/Ritratto_di_giovane_(Perugino)",
    "wikidata": "https://www.wikidata.org/wiki/Q3399473",
    "creation_place": "Florence",
    "creation_lat": 43.7696,
    "creation_lon": 11.2558,
    "_source": {
     "source": "Wikidata",
     "url": "https://www.wikidata.org/wiki/Q3399473",
     "retrieved_at": "2026-08-23"
    },
    "_overrides": {
     "creation": {
      "at": "2026-08-23",
      "source": "derived from start date + Caravaggio's documented itinerary (approximate)"
     }
    },
    "museum_id": "uffizi-gallery",
    "qid": "Q3399473",
    "wga_url": "https://www.wga.hu/html/p/perugino/z_other/young_m.html",
    "location_src": "Uffizi Gallery"
   }
  },
  {
   "type": "Feature",
   "geometry": {
    "type": "Point",
    "coordinates": [
     12.38845,
     43.11156
    ]
   },
   "properties": {
    "painter": "Pietro Perugino",
    "title": "Tezi Altarpiece",
    "year": "1500",
    "city": "Perugia",
    "country": "Italy",
    "location": "National Gallery of Umbria",
    "kind": "museum",
    "attribution": "generally accepted",
    "status": "present",
    "dimensions": "182 × 158 cm",
    "genre": "religious art",
    "image": "https://commons.wikimedia.org/wiki/Special:FilePath/Pala%20tezi%2C.jpg?width=420",
    "wikipedia_en": "https://en.wikipedia.org/wiki/Tezi_Altarpiece",
    "wikipedia_it": "https://it.wikipedia.org/wiki/Pala_Tezi",
    "wikidata": "https://www.wikidata.org/wiki/Q3428036",
    "creation_place": "Florence",
    "creation_lat": 43.7696,
    "creation_lon": 11.2558,
    "_source": {
     "source": "Wikidata",
     "url": "https://www.wikidata.org/wiki/Q3428036",
     "retrieved_at": "2026-08-23"
    },
    "_overrides": {
     "creation": {
      "at": "2026-08-23",
      "source": "derived from start date + Caravaggio's documented itinerary (approximate)"
     }
    },
    "museum_id": "national-gallery-of-umbria",
    "qid": "Q3428036",
    "location_src": "National Gallery of Umbria"
   }
  },
  {
   "type": "Feature",
   "geometry": {
    "type": "Point",
    "coordinates": [
     12.287843,
     43.12841
    ]
   },
   "properties": {
    "painter": "Pietro Perugino",
    "title": "Pala di Corciano",
    "year": "1513",
    "city": "Corciano",
    "country": "Italy",
    "location": "chiesa di Santa Maria Assunta",
    "kind": "church",
    "attribution": "generally accepted",
    "status": "present",
    "medium": "Oil on panel",
    "dimensions": "226 × 149 cm",
    "genre": "religious art",
    "image": "https://commons.wikimedia.org/wiki/Special:FilePath/Pietro%20Perugino%20cat85a.jpg?width=420",
    "wikipedia_en": "https://en.wikipedia.org/wiki/Corciano_Altarpiece",
    "wikipedia_it": "https://it.wikipedia.org/wiki/Pala_di_Corciano",
    "wikidata": "https://www.wikidata.org/wiki/Q3428042",
    "_source": {
     "source": "Wikidata",
     "url": "https://www.wikidata.org/wiki/Q3428042",
     "retrieved_at": "2026-08-23"
    },
    "_overrides": {
     "creation": {
      "at": "2026-08-23",
      "source": "derived from start date + Caravaggio's documented itinerary (approximate)"
     }
    },
    "museum_id": "chiesa-di-santa-maria-assunta",
    "qid": "Q3428042",
    "location_src": "chiesa di Santa Maria Assunta"
   }
  },
  {
   "type": "Feature",
   "geometry": {
    "type": "Point",
    "coordinates": [
     13.016991,
     43.842276
    ]
   },
   "properties": {
    "painter": "Pietro Perugino",
    "title": "Fano Altarpiece",
    "year": "1497",
    "city": "Fano",
    "country": "Italy",
    "location": "Santa Maria Nuova church",
    "kind": "church",
    "attribution": "generally accepted",
    "status": "present",
    "medium": "Oil on panel",
    "dimensions": "262 × 215 cm",
    "genre": "religious art",
    "image": "https://commons.wikimedia.org/wiki/Special:FilePath/Pietro%20Perugino%20cat45b.jpg?width=420",
    "wikipedia_en": "https://en.wikipedia.org/wiki/Fano_Altarpiece",
    "wikipedia_it": "https://it.wikipedia.org/wiki/Pala_di_Fano",
    "wikidata": "https://www.wikidata.org/wiki/Q3428043",
    "creation_place": "Florence",
    "creation_lat": 43.7696,
    "creation_lon": 11.2558,
    "_source": {
     "source": "Wikidata",
     "url": "https://www.wikidata.org/wiki/Q3428043",
     "retrieved_at": "2026-08-23"
    },
    "_overrides": {
     "creation": {
      "at": "2026-08-23",
      "source": "derived from start date + Caravaggio's documented itinerary (approximate)"
     }
    },
    "museum_id": "santa-maria-nuova-church",
    "qid": "Q3428043",
    "location_src": "Santa Maria Nuova church"
   }
  },
  {
   "type": "Feature",
   "geometry": {
    "type": "Point",
    "coordinates": [
     12.38845,
     43.11156
    ]
   },
   "properties": {
    "painter": "Pietro Perugino",
    "title": "Crucifixion of Christ",
    "year": "1502",
    "city": "Perugia",
    "country": "Italy",
    "location": "National Gallery of Umbria",
    "kind": "museum",
    "attribution": "generally accepted",
    "status": "present",
    "medium": "Oil on canvas",
    "dimensions": "240 × 180 cm",
    "genre": "religious art",
    "image": "https://commons.wikimedia.org/wiki/Special:FilePath/Perugino%2C%20pala%20di%20monteripido%2C%20recto.jpg?width=420",
    "wikipedia_es": "https://es.wikipedia.org/wiki/Retablo_de_Monteripido",
    "wikipedia_en": "https://en.wikipedia.org/wiki/Monteripido_Altarpiece",
    "wikipedia_it": "https://it.wikipedia.org/wiki/Pala_di_Monteripido",
    "wikidata": "https://www.wikidata.org/wiki/Q3428044",
    "_source": {
     "source": "Wikidata",
     "url": "https://www.wikidata.org/wiki/Q3428044",
     "retrieved_at": "2026-08-23"
    },
    "_overrides": {
     "creation": {
      "at": "2026-08-23",
      "source": "derived from start date + Caravaggio's documented itinerary (approximate)"
     }
    },
    "museum_id": "national-gallery-of-umbria",
    "qid": "Q3428044",
    "location_src": "National Gallery of Umbria"
   }
  },
  {
   "type": "Feature",
   "geometry": {
    "type": "Point",
    "coordinates": [
     12.14145,
     43.57074
    ]
   },
   "properties": {
    "painter": "Pietro Perugino",
    "title": "Sansepolcro Altarpiece",
    "year": "1510",
    "city": "Sansepolcro",
    "country": "Italy",
    "location": "Sansepolcro Cathedral",
    "kind": "church",
    "attribution": "generally accepted",
    "status": "present",
    "dimensions": "332.5 × 266 cm",
    "genre": "religious art",
    "image": "https://commons.wikimedia.org/wiki/Special:FilePath/Pietro%20Perugino%20cat75.jpg?width=420",
    "wikipedia_en": "https://en.wikipedia.org/wiki/Sansepolcro_Altarpiece",
    "wikipedia_it": "https://it.wikipedia.org/wiki/Pala_di_Sansepolcro",
    "wikidata": "https://www.wikidata.org/wiki/Q3428049",
    "_source": {
     "source": "Wikidata",
     "url": "https://www.wikidata.org/wiki/Q3428049",
     "retrieved_at": "2026-08-23"
    },
    "_overrides": {
     "creation": {
      "at": "2026-08-23",
      "source": "derived from start date + Caravaggio's documented itinerary (approximate)"
     }
    },
    "museum_id": "sansepolcro-cathedral",
    "qid": "Q3428049",
    "location_src": "Sansepolcro Cathedral"
   }
  },
  {
   "type": "Feature",
   "geometry": {
    "type": "Point",
    "coordinates": [
     11.2589,
     43.7769
    ]
   },
   "properties": {
    "painter": "Pietro Perugino",
    "title": "Vallombrosa Altarpiece",
    "year": "1500",
    "city": "Florence",
    "country": "Italy",
    "location": "Galleria dell'Accademia",
    "kind": "museum",
    "attribution": "generally accepted",
    "status": "present",
    "medium": "Oil on panel",
    "dimensions": "415 × 246 cm",
    "genre": "religious art",
    "image": "https://commons.wikimedia.org/wiki/Special:FilePath/Perugino%2C%20pala%20di%20vallombrosa.jpg?width=420",
    "wikipedia_en": "https://en.wikipedia.org/wiki/Vallombrosa_Altarpiece",
    "wikipedia_it": "https://it.wikipedia.org/wiki/Pala_di_Vallombrosa",
    "wikidata": "https://www.wikidata.org/wiki/Q3428053",
    "creation_place": "Florence",
    "creation_lat": 43.7696,
    "creation_lon": 11.2558,
    "_source": {
     "source": "Wikidata",
     "url": "https://www.wikidata.org/wiki/Q3428053",
     "retrieved_at": "2026-08-23"
    },
    "_overrides": {
     "creation": {
      "at": "2026-08-23",
      "source": "derived from start date + Caravaggio's documented itinerary (approximate)"
     }
    },
    "museum_id": "galleria-dell-accademia",
    "qid": "Q3428053",
    "wga_url": "https://www.wga.hu/html/p/perugino/madonna/assump.html",
    "location_src": "Galleria dell'Accademia"
   }
  },
  {
   "type": "Feature",
   "geometry": {
    "type": "Point",
    "coordinates": [
     14.259528,
     40.852606
    ]
   },
   "properties": {
    "painter": "Pietro Perugino",
    "title": "Assumption of the Virgin",
    "year": "1500-1506",
    "city": "Naples",
    "country": "Italy",
    "location": "Naples Cathedral",
    "kind": "church",
    "attribution": "generally accepted",
    "status": "present",
    "genre": "religious art",
    "image": "https://commons.wikimedia.org/wiki/Special:FilePath/Perugino%20Assunta%20Duomo%20Napoli.jpg?width=420",
    "wikipedia_en": "https://en.wikipedia.org/wiki/Assumption_of_the_Virgin_(Perugino)",
    "wikipedia_it": "https://it.wikipedia.org/wiki/Assunzione_della_Vergine_(Perugino_Napoli)",
    "wikidata": "https://www.wikidata.org/wiki/Q3428055",
    "creation_place": "Florence",
    "creation_lat": 43.7696,
    "creation_lon": 11.2558,
    "_source": {
     "source": "Wikidata",
     "url": "https://www.wikidata.org/wiki/Q3428055",
     "retrieved_at": "2026-08-23"
    },
    "_overrides": {
     "creation": {
      "at": "2026-08-23",
      "source": "derived from start date + Caravaggio's documented itinerary (approximate)"
     }
    },
    "museum_id": "naples-cathedral",
    "qid": "Q3428055",
    "location_src": "Naples Cathedral"
   }
  },
  {
   "type": "Feature",
   "geometry": {
    "type": "Point",
    "coordinates": [
     12.38845,
     43.11156
    ]
   },
   "properties": {
    "painter": "Pietro Perugino",
    "title": "Pala della Trasfigurazione",
    "year": "1517",
    "city": "Perugia",
    "country": "Italy",
    "location": "National Gallery of Umbria",
    "kind": "museum",
    "attribution": "generally accepted",
    "status": "present",
    "medium": "Oil on canvas",
    "dimensions": "290 × 185 cm",
    "genre": "religious art",
    "image": "https://commons.wikimedia.org/wiki/Special:FilePath/Pietro%20Perugino%20cat91.jpg?width=420",
    "wikipedia_es": "https://es.wikipedia.org/wiki/Retablo_de_la_Transfiguraci%C3%B3n_(Perugino)",
    "wikipedia_en": "https://en.wikipedia.org/wiki/Transfiguration_Altarpiece",
    "wikipedia_it": "https://it.wikipedia.org/wiki/Pala_della_Trasfigurazione",
    "wikidata": "https://www.wikidata.org/wiki/Q3428056",
    "_source": {
     "source": "Wikidata",
     "url": "https://www.wikidata.org/wiki/Q3428056",
     "retrieved_at": "2026-08-23"
    },
    "_overrides": {
     "creation": {
      "at": "2026-08-23",
      "source": "derived from start date + Caravaggio's documented itinerary (approximate)"
     }
    },
    "museum_id": "national-gallery-of-umbria",
    "qid": "Q3428056",
    "location_src": "National Gallery of Umbria"
   }
  },
  {
   "type": "Feature",
   "geometry": {
    "type": "Point",
    "coordinates": [
     12.4544,
     41.9064
    ]
   },
   "properties": {
    "painter": "Pietro Perugino",
    "title": "Decemviri Altarpiece",
    "year": "1495",
    "city": "Vatican City",
    "country": "Vatican City",
    "location": "Vatican Museums",
    "kind": "museum",
    "attribution": "generally accepted",
    "status": "present",
    "dimensions": "193 × 165 cm",
    "genre": "religious art",
    "image": "https://commons.wikimedia.org/wiki/Special:FilePath/Pietro%20Perugino%20cat41b.jpg?width=420",
    "wikipedia_en": "https://en.wikipedia.org/wiki/Decemviri_Altarpiece",
    "wikipedia_it": "https://it.wikipedia.org/wiki/Pala_dei_Decemviri",
    "wikidata": "https://www.wikidata.org/wiki/Q3428061",
    "creation_place": "Florence",
    "creation_lat": 43.7696,
    "creation_lon": 11.2558,
    "_source": {
     "source": "Wikidata",
     "url": "https://www.wikidata.org/wiki/Q3428061",
     "retrieved_at": "2026-08-23"
    },
    "_overrides": {
     "creation": {
      "at": "2026-08-23",
      "source": "derived from start date + Caravaggio's documented itinerary (approximate)"
     }
    },
    "museum_id": "vatican-museums",
    "qid": "Q3428061",
    "location_src": "Vatican Museums"
   }
  },
  {
   "type": "Feature",
   "geometry": {
    "type": "Point",
    "coordinates": [
     -77.02,
     38.8914
    ]
   },
   "properties": {
    "painter": "Pietro Perugino",
    "title": "Saint Bartholomew",
    "year": "1517",
    "city": "Washington",
    "country": "United States",
    "location": "National Gallery of Art",
    "kind": "museum",
    "attribution": "attributed",
    "status": "present",
    "medium": "Panel",
    "dimensions": "34.8 × 27.9 cm",
    "genre": "religious art",
    "image": "https://commons.wikimedia.org/wiki/Special:FilePath/Pietro%20Perugino%20-%20Saint%20Bartholomew.jpg?width=420",
    "wikidata": "https://www.wikidata.org/wiki/Q3463679",
    "_source": {
     "source": "Wikidata",
     "url": "https://www.wikidata.org/wiki/Q3463679",
     "retrieved_at": "2026-08-23"
    },
    "_overrides": {
     "creation": {
      "at": "2026-08-23",
      "source": "derived from start date + Caravaggio's documented itinerary (approximate)"
     }
    },
    "museum_id": "national-gallery-of-art",
    "qid": "Q3463679",
    "location_src": "National Gallery of Art"
   }
  },
  {
   "type": "Feature",
   "geometry": {
    "type": "Point",
    "coordinates": [
     12.38845,
     43.11156
    ]
   },
   "properties": {
    "painter": "Pietro Perugino",
    "title": "St. Bernardino Cures the Daughter of Giovannantonio Petrazio da Rieti",
    "year": "1473",
    "city": "Perugia",
    "country": "Italy",
    "location": "National Gallery of Umbria",
    "kind": "museum",
    "attribution": "generally accepted",
    "status": "present",
    "medium": "Wood",
    "dimensions": "79 × 56 cm",
    "genre": "religious art",
    "image": "https://commons.wikimedia.org/wiki/Special:FilePath/Tavolette%20di%20s.%20bernardino%2C%201473%2C%20s.bernardino%20risana%20da%20un%27ulcera%20la%20figlia%20di%20giovanni%20antonio%20petrazio%20da%20rieti.jpg?width=420",
    "wikipedia_it": "https://it.wikipedia.org/wiki/San_Bernardino_risana_una_fanciulla",
    "wikidata": "https://www.wikidata.org/wiki/Q3463685",
    "creation_place": "Florence",
    "creation_lat": 43.7696,
    "creation_lon": 11.2558,
    "_source": {
     "source": "Wikidata",
     "url": "https://www.wikidata.org/wiki/Q3463685",
     "retrieved_at": "2026-08-23"
    },
    "_overrides": {
     "creation": {
      "at": "2026-08-23",
      "source": "derived from start date + Caravaggio's documented itinerary (approximate)"
     }
    },
    "museum_id": "national-gallery-of-umbria",
    "qid": "Q3463685",
    "wga_url": "https://www.wga.hu/html/p/perugino/saints/bernard1.html",
    "location_src": "National Gallery of Umbria"
   }
  },
  {
   "type": "Feature",
   "geometry": {
    "type": "Point",
    "coordinates": [
     4.83361,
     45.76694
    ]
   },
   "properties": {
    "painter": "Pietro Perugino",
    "title": "Saint Herculanus and Saint James the Great",
    "year": "1450",
    "city": "Lyon",
    "country": "France",
    "location": "Museum of Fine Arts of Lyon",
    "kind": "museum",
    "attribution": "attributed",
    "status": "present",
    "medium": "Wood",
    "dimensions": "173 × 94 cm",
    "genre": "religious art",
    "image": "https://commons.wikimedia.org/wiki/Special:FilePath/Pietro%20Perugino%20cat87d.jpg?width=420",
    "wikidata": "https://www.wikidata.org/wiki/Q3463836",
    "_source": {
     "source": "Wikidata",
     "url": "https://www.wikidata.org/wiki/Q3463836",
     "retrieved_at": "2026-08-23"
    },
    "_overrides": {
     "creation": {
      "at": "2026-08-23",
      "source": "derived from start date + Caravaggio's documented itinerary (approximate)"
     }
    },
    "museum_id": "museum-of-fine-arts-of-lyon",
    "qid": "Q3463836",
    "location_src": "Museum of Fine Arts of Lyon"
   }
  },
  {
   "type": "Feature",
   "geometry": {
    "type": "Point",
    "coordinates": [
     1.446,
     43.601
    ]
   },
   "properties": {
    "painter": "Pietro Perugino",
    "title": "Saint John the Evangelist and Saint Augustine",
    "year": "1502-1507",
    "city": "Toulouse",
    "country": "France",
    "location": "Musée des Augustins",
    "kind": "museum",
    "attribution": "attributed",
    "status": "present",
    "medium": "Oil on panel",
    "dimensions": "172 × 91 cm",
    "genre": "religious art",
    "image": "https://commons.wikimedia.org/wiki/Special:FilePath/Augustins%20-%20Saint%20Jean%20l%27%C3%89vang%C3%A9liste%20et%20saint%20Augustin%20par%20il%20Perugino%202004%201%2025.jpg?width=420",
    "wikidata": "https://www.wikidata.org/wiki/Q3463887",
    "_source": {
     "source": "Wikidata",
     "url": "https://www.wikidata.org/wiki/Q3463887",
     "retrieved_at": "2026-08-23"
    },
    "_overrides": {
     "creation": {
      "at": "2026-08-23",
      "source": "derived from start date + Caravaggio's documented itinerary (approximate)"
     }
    },
    "museum_id": "musee-des-augustins",
    "qid": "Q3463887",
    "location_src": "Musée des Augustins"
   }
  },
  {
   "type": "Feature",
   "geometry": {
    "type": "Point",
    "coordinates": [
     12.38845,
     43.11156
    ]
   },
   "properties": {
    "painter": "Pietro Perugino",
    "title": "St Jerome and St Mary Magdelen",
    "year": "1513",
    "city": "Perugia",
    "country": "Italy",
    "location": "National Gallery of Umbria",
    "kind": "museum",
    "attribution": "attributed",
    "status": "present",
    "medium": "Panel",
    "genre": "religious art",
    "image": "https://commons.wikimedia.org/wiki/Special:FilePath/Pietro%20Perugino%20cat87i.jpg?width=420",
    "wikidata": "https://www.wikidata.org/wiki/Q3463923",
    "_source": {
     "source": "Wikidata",
     "url": "https://www.wikidata.org/wiki/Q3463923",
     "retrieved_at": "2026-08-23"
    },
    "_overrides": {
     "creation": {
      "at": "2026-08-23",
      "source": "derived from start date + Caravaggio's documented itinerary (approximate)"
     }
    },
    "museum_id": "national-gallery-of-umbria",
    "qid": "Q3463923",
    "location_src": "National Gallery of Umbria"
   }
  },
  {
   "type": "Feature",
   "geometry": {
    "type": "Point",
    "coordinates": [
     30.31361,
     59.94056
    ]
   },
   "properties": {
    "painter": "Pietro Perugino",
    "title": "Saint Sebastian",
    "year": "1493",
    "city": "Saint Petersburg",
    "country": "Russia",
    "location": "Hermitage Museum",
    "kind": "museum",
    "attribution": "generally accepted",
    "status": "present",
    "dimensions": "53.8 × 39.5 cm",
    "genre": "religious art",
    "image": "https://commons.wikimedia.org/wiki/Special:FilePath/Pietro%20Perugino%20cat32.jpg?width=420",
    "wikipedia_en": "https://en.wikipedia.org/wiki/Saint_Sebastian_(Perugino,_Hermitage)",
    "wikipedia_it": "https://it.wikipedia.org/wiki/San_Sebastiano_(Perugino_Ermitage)",
    "wikidata": "https://www.wikidata.org/wiki/Q3464078",
    "creation_place": "Florence",
    "creation_lat": 43.7696,
    "creation_lon": 11.2558,
    "_source": {
     "source": "Wikidata",
     "url": "https://www.wikidata.org/wiki/Q3464078",
     "retrieved_at": "2026-08-23"
    },
    "_overrides": {
     "creation": {
      "at": "2026-08-23",
      "source": "derived from start date + Caravaggio's documented itinerary (approximate)"
     }
    },
    "museum_id": "hermitage-museum",
    "qid": "Q3464078",
    "location_src": "Hermitage Museum"
   }
  },
  {
   "type": "Feature",
   "geometry": {
    "type": "Point",
    "coordinates": [
     2.3358,
     48.8611
    ]
   },
   "properties": {
    "painter": "Pietro Perugino",
    "title": "Saint Sebastian",
    "year": "1490",
    "country": "France",
    "location": "Louvre",
    "kind": "museum",
    "attribution": "generally accepted",
    "status": "present",
    "medium": "Oil on panel",
    "dimensions": "176 × 116 cm",
    "genre": "nude, religious art",
    "image": "https://commons.wikimedia.org/wiki/Special:FilePath/Pietro%20Perugino%20cat22.jpg?width=420",
    "wikipedia_en": "https://en.wikipedia.org/wiki/Saint_Sebastian_(Perugino,_Louvre)",
    "wikipedia_it": "https://it.wikipedia.org/wiki/San_Sebastiano_(Perugino_Louvre)",
    "wikidata": "https://www.wikidata.org/wiki/Q3464081",
    "creation_place": "Florence",
    "creation_lat": 43.7696,
    "creation_lon": 11.2558,
    "_source": {
     "source": "Wikidata",
     "url": "https://www.wikidata.org/wiki/Q3464081",
     "retrieved_at": "2026-08-23"
    },
    "_overrides": {
     "creation": {
      "at": "2026-08-23",
      "source": "derived from start date + Caravaggio's documented itinerary (approximate)"
     }
    },
    "museum_id": "louvre",
    "city": "Paris",
    "qid": "Q3464081",
    "wga_url": "https://www.wga.hu/html/p/perugino/saints/sebasti2.html",
    "location_src": "Louvre"
   }
  },
  {
   "type": "Feature",
   "geometry": {
    "type": "Point",
    "coordinates": [
     18.07806,
     59.32861
    ]
   },
   "properties": {
    "painter": "Pietro Perugino",
    "title": "Saint Sebastian",
    "year": "1490",
    "city": "Stockholm",
    "country": "Sweden",
    "location": "Nationalmuseum",
    "kind": "museum",
    "attribution": "generally accepted",
    "status": "present",
    "medium": "Panel",
    "dimensions": "174 × 88 cm",
    "genre": "religious art",
    "image": "https://commons.wikimedia.org/wiki/Special:FilePath/St%20Sebastian%20%28Pietro%20Perugino%29%20-%20Nationalmuseum%20-%2019763.tif?width=420",
    "wikipedia_en": "https://en.wikipedia.org/wiki/Saint_Sebastian_(Perugino,_Stockholm)",
    "wikipedia_it": "https://it.wikipedia.org/wiki/San_Sebastiano_(Perugino_Stoccolma)",
    "wikidata": "https://www.wikidata.org/wiki/Q3464082",
    "creation_place": "Florence",
    "creation_lat": 43.7696,
    "creation_lon": 11.2558,
    "_source": {
     "source": "Wikidata",
     "url": "https://www.wikidata.org/wiki/Q3464082",
     "retrieved_at": "2026-08-23"
    },
    "_overrides": {
     "creation": {
      "at": "2026-08-23",
      "source": "derived from start date + Caravaggio's documented itinerary (approximate)"
     }
    },
    "museum_id": "nationalmuseum",
    "qid": "Q3464082",
    "wga_url": "https://www.wga.hu/html/p/perugino/saints/sebasti1.html",
    "location_src": "Nationalmuseum"
   }
  },
  {
   "type": "Feature",
   "geometry": {
    "type": "Point",
    "coordinates": [
     5.7324,
     45.1945
    ]
   },
   "properties": {
    "painter": "Pietro Perugino",
    "title": "Saint Sebastian and Saint Apollonia",
    "year": "1510",
    "city": "Grenoble",
    "country": "France",
    "location": "Museum of Grenoble",
    "kind": "museum",
    "attribution": "generally accepted",
    "status": "present",
    "medium": "Panel",
    "dimensions": "172 × 96 cm",
    "genre": "religious art",
    "image": "https://commons.wikimedia.org/wiki/Special:FilePath/Pietro%20Perugino%20cat87g.jpg?width=420",
    "wikipedia_it": "https://it.wikipedia.org/wiki/San_Sebastiano_e_Santa_Irene",
    "wikidata": "https://www.wikidata.org/wiki/Q3464085",
    "_source": {
     "source": "Wikidata",
     "url": "https://www.wikidata.org/wiki/Q3464085",
     "retrieved_at": "2026-08-23"
    },
    "_overrides": {
     "creation": {
      "at": "2026-08-23",
      "source": "derived from start date + Caravaggio's documented itinerary (approximate)"
     }
    },
    "museum_id": "museum-of-grenoble",
    "qid": "Q3464085",
    "location_src": "Museum of Grenoble"
   }
  },
  {
   "type": "Feature",
   "geometry": {
    "type": "Point",
    "coordinates": [
     -77.02,
     38.8914
    ]
   },
   "properties": {
    "painter": "Pietro Perugino",
    "title": "Galitzin Triptych",
    "year": "1481",
    "city": "Washington",
    "country": "United States",
    "location": "National Gallery of Art",
    "kind": "museum",
    "attribution": "generally accepted",
    "status": "present",
    "medium": "Canvas",
    "dimensions": "95 × 30 cm",
    "genre": "religious art",
    "image": "https://commons.wikimedia.org/wiki/Special:FilePath/Perugino%20-%20The%20Crucifixion%20with%20the%20Virgin%2C%20Saints%20John%2C%20Jerome%2C%20and%20Mary%20Magdalene%20-%20Galitzin-Triptych.jpg?width=420",
    "wikipedia_en": "https://en.wikipedia.org/wiki/Galitzin_Triptych",
    "wikipedia_it": "https://it.wikipedia.org/wiki/Trittico_Galitzin",
    "wikidata": "https://www.wikidata.org/wiki/Q3539570",
    "creation_place": "Florence",
    "creation_lat": 43.7696,
    "creation_lon": 11.2558,
    "_source": {
     "source": "Wikidata",
     "url": "https://www.wikidata.org/wiki/Q3539570",
     "retrieved_at": "2026-08-23"
    },
    "_overrides": {
     "creation": {
      "at": "2026-08-23",
      "source": "derived from start date + Caravaggio's documented itinerary (approximate)"
     }
    },
    "museum_id": "national-gallery-of-art",
    "qid": "Q3539570",
    "location_src": "National Gallery of Art"
   }
  },
  {
   "type": "Feature",
   "geometry": {
    "type": "Point",
    "coordinates": [
     11.25528,
     43.76833
    ]
   },
   "properties": {
    "painter": "Pietro Perugino",
    "title": "Pietà",
    "year": "1483",
    "city": "Florence",
    "country": "Italy",
    "location": "Uffizi Gallery",
    "kind": "museum",
    "attribution": "generally accepted",
    "status": "present",
    "medium": "Oil on panel",
    "dimensions": "168 × 176 cm",
    "genre": "religious art",
    "image": "https://commons.wikimedia.org/wiki/Special:FilePath/Pietro%20Perugino%20cat19.jpg?width=420",
    "wikipedia_en": "https://en.wikipedia.org/wiki/Piet%C3%A0_(Perugino)",
    "wikipedia_it": "https://it.wikipedia.org/wiki/Piet%C3%A0_(Perugino)",
    "wikidata": "https://www.wikidata.org/wiki/Q368788",
    "creation_place": "Florence",
    "creation_lat": 43.7696,
    "creation_lon": 11.2558,
    "_source": {
     "source": "Wikidata",
     "url": "https://www.wikidata.org/wiki/Q368788",
     "retrieved_at": "2026-08-23"
    },
    "_overrides": {
     "creation": {
      "at": "2026-08-23",
      "source": "derived from start date + Caravaggio's documented itinerary (approximate)"
     }
    },
    "museum_id": "uffizi-gallery",
    "qid": "Q368788",
    "wga_url": "https://www.wga.hu/html/p/perugino/christ/pieta.html",
    "location_src": "Uffizi Gallery"
   }
  },
  {
   "type": "Feature",
   "geometry": {
    "type": "Point",
    "coordinates": [
     12.23821,
     43.45705
    ]
   },
   "properties": {
    "painter": "Pietro Perugino",
    "title": "God the Father with Two Saints",
    "year": "1477",
    "city": "Città di Castello",
    "country": "Italy",
    "location": "Pinacoteca Comunale",
    "kind": "museum",
    "attribution": "generally accepted",
    "status": "present",
    "genre": "religious art",
    "image": "https://commons.wikimedia.org/wiki/Special:FilePath/Pietro%20Perugino%20cat10.jpg?width=420",
    "wikipedia_en": "https://en.wikipedia.org/wiki/God_the_Father_with_Two_Saints",
    "wikipedia_it": "https://it.wikipedia.org/wiki/Padre_Eterno_con_i_santi_Rocco_e_Romano",
    "wikidata": "https://www.wikidata.org/wiki/Q592551",
    "creation_place": "Florence",
    "creation_lat": 43.7696,
    "creation_lon": 11.2558,
    "_source": {
     "source": "Wikidata",
     "url": "https://www.wikidata.org/wiki/Q592551",
     "retrieved_at": "2026-08-23"
    },
    "_overrides": {
     "creation": {
      "at": "2026-08-23",
      "source": "derived from start date + Caravaggio's documented itinerary (approximate)"
     }
    },
    "museum_id": "pinacoteca-comunale",
    "qid": "Q592551",
    "location_src": "Pinacoteca Comunale"
   }
  },
  {
   "type": "Feature",
   "geometry": {
    "type": "Point",
    "coordinates": [
     6.18234,
     48.69346
    ]
   },
   "properties": {
    "painter": "Pietro Perugino",
    "title": "Q63256035",
    "year": "1505",
    "city": "Nancy",
    "country": "France",
    "location": "Museum of Fine Arts of Nancy",
    "kind": "museum",
    "attribution": "attributed",
    "status": "present",
    "medium": "Oil on panel",
    "dimensions": "162 × 118 cm",
    "genre": "religious art",
    "image": "https://commons.wikimedia.org/wiki/Special:FilePath/Vierge%20%C3%A0%20l%27Enfant%2C%20saint%20Jean%20et%20deux%20anges.jpg?width=420",
    "wikidata": "https://www.wikidata.org/wiki/Q63256035",
    "_source": {
     "source": "Wikidata",
     "url": "https://www.wikidata.org/wiki/Q63256035",
     "retrieved_at": "2026-08-23"
    },
    "_overrides": {
     "creation": {
      "at": "2026-08-23",
      "source": "derived from start date + Caravaggio's documented itinerary (approximate)"
     }
    },
    "museum_id": "museum-of-fine-arts-of-nancy",
    "qid": "Q63256035",
    "_merged": [
     {
      "source": "Wikidata",
      "title": "Vierge à l'Enfant, Saint Jean et Deux Anges",
      "qid": "Q63256035",
      "url": "https://www.wikidata.org/wiki/Q63256035"
     }
    ],
    "location_src": "Museum of Fine Arts of Nancy"
   }
  },
  {
   "type": "Feature",
   "geometry": {
    "type": "Point",
    "coordinates": [
     -83.06472,
     42.35944
    ]
   },
   "properties": {
    "painter": "Pietro Perugino",
    "title": "Madonna and Child",
    "year": "1500",
    "city": "Detroit",
    "country": "United States",
    "location": "Detroit Institute of Arts",
    "kind": "museum",
    "attribution": "attributed",
    "status": "present",
    "medium": "Panel",
    "dimensions": "81.2 × 64.8 cm",
    "genre": "religious art",
    "image": "https://commons.wikimedia.org/wiki/Special:FilePath/Pietro%20Perugino%20-%20Madonna%20and%20Child%20-%2077.3%20-%20Detroit%20Institute%20of%20Arts.jpg?width=420",
    "wikidata": "https://www.wikidata.org/wiki/Q64514545",
    "creation_place": "Florence",
    "creation_lat": 43.7696,
    "creation_lon": 11.2558,
    "_source": {
     "source": "Wikidata",
     "url": "https://www.wikidata.org/wiki/Q64514545",
     "retrieved_at": "2026-08-23"
    },
    "_overrides": {
     "creation": {
      "at": "2026-08-23",
      "source": "derived from start date + Caravaggio's documented itinerary (approximate)"
     }
    },
    "museum_id": "detroit-institute-of-arts",
    "qid": "Q64514545",
    "location_src": "Detroit Institute of Arts"
   }
  },
  {
   "type": "Feature",
   "geometry": {
    "type": "Point",
    "coordinates": [
     12.38845,
     43.11156
    ]
   },
   "properties": {
    "painter": "Pietro Perugino",
    "title": "Banner of Justice",
    "year": "1501",
    "city": "Perugia",
    "country": "Italy",
    "location": "National Gallery of Umbria",
    "kind": "museum",
    "attribution": "generally accepted",
    "status": "present",
    "dimensions": "278 × 138 cm",
    "genre": "religious art",
    "image": "https://commons.wikimedia.org/wiki/Special:FilePath/Pietro%20Perugino%20cat44.jpg?width=420",
    "wikipedia_en": "https://en.wikipedia.org/wiki/Gonfalon_of_Justice",
    "wikipedia_it": "https://it.wikipedia.org/wiki/Gonfalone_della_Giustizia",
    "wikidata": "https://www.wikidata.org/wiki/Q672817",
    "_source": {
     "source": "Wikidata",
     "url": "https://www.wikidata.org/wiki/Q672817",
     "retrieved_at": "2026-08-23"
    },
    "_overrides": {
     "creation": {
      "at": "2026-08-23",
      "source": "derived from start date + Caravaggio's documented itinerary (approximate)"
     }
    },
    "museum_id": "national-gallery-of-umbria",
    "qid": "Q672817",
    "location_src": "National Gallery of Umbria"
   }
  },
  {
   "type": "Feature",
   "geometry": {
    "type": "Point",
    "coordinates": [
     2.3358,
     48.8611
    ]
   },
   "properties": {
    "painter": "Pietro Perugino",
    "title": "Apollo and Marsyas",
    "year": "1497",
    "country": "France",
    "location": "Louvre",
    "kind": "museum",
    "attribution": "generally accepted",
    "status": "present",
    "medium": "Oil paint, poplar panel",
    "dimensions": "39 × 29 cm",
    "genre": "mythological painting",
    "image": "https://commons.wikimedia.org/wiki/Special:FilePath/Apollon%20et%20Daphnis%20-%20Le%20P%C3%A9rugin%20-%20Mus%C3%A9e%20du%20Louvre%20Peintures%20RF%20370.jpg?width=420",
    "wikipedia_en": "https://en.wikipedia.org/wiki/Apollo_and_Daphnis",
    "wikipedia_it": "https://it.wikipedia.org/wiki/Apollo_e_Dafni",
    "wikidata": "https://www.wikidata.org/wiki/Q673112",
    "creation_place": "Florence",
    "creation_lat": 43.7696,
    "creation_lon": 11.2558,
    "_source": {
     "source": "Wikidata",
     "url": "https://www.wikidata.org/wiki/Q673112",
     "retrieved_at": "2026-08-23"
    },
    "_overrides": {
     "creation": {
      "at": "2026-08-23",
      "source": "derived from start date + Caravaggio's documented itinerary (approximate)"
     }
    },
    "museum_id": "louvre",
    "city": "Paris",
    "qid": "Q673112",
    "wga_url": "https://www.wga.hu/html/p/perugino/z_other/apollo_m.html",
    "location_src": "Louvre"
   }
  },
  {
   "type": "Feature",
   "geometry": {
    "type": "Point",
    "coordinates": [
     11.331389,
     43.314444
    ]
   },
   "properties": {
    "painter": "Pietro Perugino",
    "title": "Chigi Altarpiece",
    "year": "1506",
    "city": "Siena",
    "country": "Italy",
    "location": "Sant'Agostino",
    "kind": "church",
    "attribution": "generally accepted",
    "status": "present",
    "medium": "Oil on panel",
    "dimensions": "400 × 289 cm",
    "genre": "religious art",
    "image": "https://commons.wikimedia.org/wiki/Special:FilePath/Pietro%20Perugino%20cat72.jpg?width=420",
    "wikipedia_en": "https://en.wikipedia.org/wiki/Chigi_Altarpiece",
    "wikipedia_it": "https://it.wikipedia.org/wiki/Pala_Chigi",
    "wikidata": "https://www.wikidata.org/wiki/Q743787",
    "_source": {
     "source": "Wikidata",
     "url": "https://www.wikidata.org/wiki/Q743787",
     "retrieved_at": "2026-08-23"
    },
    "_overrides": {
     "creation": {
      "at": "2026-08-23",
      "source": "derived from start date + Caravaggio's documented itinerary (approximate)"
     }
    },
    "museum_id": "sant-agostino",
    "qid": "Q743787",
    "wga_url": "https://www.wga.hu/html/p/perugino/christ/crucifix.html",
    "location_src": "Sant'Agostino"
   }
  },
  {
   "type": "Feature",
   "geometry": {
    "type": "Point",
    "coordinates": [
     12.48278,
     41.89306
    ]
   },
   "properties": {
    "painter": "Pietro Perugino",
    "title": "Albani Torlonia Polyptych",
    "year": "1491",
    "city": "Metropolitan City of Rome",
    "country": "Italy",
    "location": "Rome",
    "kind": "museum",
    "attribution": "generally accepted",
    "status": "present",
    "dimensions": "174 × 88 cm",
    "genre": "religious art",
    "image": "https://commons.wikimedia.org/wiki/Special:FilePath/Pietro%20Perugino%20005.jpg?width=420",
    "wikipedia_en": "https://en.wikipedia.org/wiki/Albani_Torlonia_Polyptych",
    "wikipedia_it": "https://it.wikipedia.org/wiki/Polittico_Albani_Torlonia",
    "wikidata": "https://www.wikidata.org/wiki/Q922185",
    "creation_place": "Florence",
    "creation_lat": 43.7696,
    "creation_lon": 11.2558,
    "_source": {
     "source": "Wikidata",
     "url": "https://www.wikidata.org/wiki/Q922185",
     "retrieved_at": "2026-08-23"
    },
    "_overrides": {
     "creation": {
      "at": "2026-08-23",
      "source": "derived from start date + Caravaggio's documented itinerary (approximate)"
     }
    },
    "museum_id": "rome-2",
    "qid": "Q922185",
    "location_src": "Rome"
   }
  },
  {
   "type": "Feature",
   "geometry": {
    "type": "Point",
    "coordinates": [
     -77.02,
     38.8914
    ]
   },
   "properties": {
    "painter": "Pietro Perugino",
    "title": "Portrait of Lorenzo di Credi",
    "year": "1488",
    "city": "Washington",
    "country": "United States",
    "location": "National Gallery of Art",
    "kind": "museum",
    "attribution": "generally accepted",
    "status": "present",
    "medium": "Oil on panel",
    "dimensions": "44 × 30.5 cm",
    "genre": "portrait",
    "image": "https://commons.wikimedia.org/wiki/Special:FilePath/Lorenzo%20di%20Credi%20by%20Perugino.jpg?width=420",
    "wikipedia_en": "https://en.wikipedia.org/wiki/Portrait_of_Lorenzo_di_Credi",
    "wikipedia_it": "https://it.wikipedia.org/wiki/Ritratto_di_Lorenzo_di_Credi",
    "wikidata": "https://www.wikidata.org/wiki/Q931933",
    "creation_place": "Florence",
    "creation_lat": 43.7696,
    "creation_lon": 11.2558,
    "_source": {
     "source": "Wikidata",
     "url": "https://www.wikidata.org/wiki/Q931933",
     "retrieved_at": "2026-08-23"
    },
    "_overrides": {
     "creation": {
      "at": "2026-08-23",
      "source": "derived from start date + Caravaggio's documented itinerary (approximate)"
     }
    },
    "museum_id": "national-gallery-of-art",
    "qid": "Q931933",
    "location_src": "National Gallery of Art"
   }
  },
  {
   "type": "Feature",
   "geometry": {
    "type": "Point",
    "coordinates": [
     11.25528,
     43.76833
    ]
   },
   "properties": {
    "painter": "Pietro Perugino",
    "title": "Portrait of Francesco delle Opere",
    "year": "1494",
    "city": "Florence",
    "country": "Italy",
    "location": "Uffizi Gallery",
    "kind": "museum",
    "attribution": "generally accepted",
    "status": "present",
    "medium": "Oil on panel",
    "dimensions": "52 × 44 cm",
    "genre": "portrait",
    "image": "https://commons.wikimedia.org/wiki/Special:FilePath/Perugino%20-%20Ritratto%20di%20Francesco%20delle%20Opere%20-%20Google%20Art%20Project.jpg?width=420",
    "wikipedia_en": "https://en.wikipedia.org/wiki/Portrait_of_Francesco_delle_Opere",
    "wikipedia_it": "https://it.wikipedia.org/wiki/Ritratto_di_Francesco_delle_Opere",
    "wikidata": "https://www.wikidata.org/wiki/Q945250",
    "creation_place": "Florence",
    "creation_lat": 43.7696,
    "creation_lon": 11.2558,
    "_source": {
     "source": "Wikidata",
     "url": "https://www.wikidata.org/wiki/Q945250",
     "retrieved_at": "2026-08-23"
    },
    "_overrides": {
     "creation": {
      "at": "2026-08-23",
      "source": "derived from start date + Caravaggio's documented itinerary (approximate)"
     }
    },
    "museum_id": "uffizi-gallery",
    "qid": "Q945250",
    "wga_url": "https://www.wga.hu/html/p/perugino/z_other/f_opere.html",
    "location_src": "Uffizi Gallery"
   }
  },
  {
   "type": "Feature",
   "geometry": {
    "type": "Point",
    "coordinates": [
     11.25528,
     43.76833
    ]
   },
   "properties": {
    "painter": "Pietro Perugino",
    "title": "Don Baldassare di Antonio di Angelo",
    "year": "1500",
    "city": "Florence",
    "country": "Italy",
    "location": "Uffizi Gallery",
    "kind": "museum",
    "attribution": "generally accepted",
    "status": "present",
    "medium": "Oil on panel",
    "dimensions": "26 × 27 cm",
    "genre": "portrait",
    "image": "https://commons.wikimedia.org/wiki/Special:FilePath/Pietro%20Perugino%20cat58b.jpg?width=420",
    "wikipedia_it": "https://it.wikipedia.org/wiki/Ritratto_del_monaco_Baldassarre",
    "wikidata": "https://www.wikidata.org/wiki/Q957460",
    "creation_place": "Florence",
    "creation_lat": 43.7696,
    "creation_lon": 11.2558,
    "_source": {
     "source": "Wikidata",
     "url": "https://www.wikidata.org/wiki/Q957460",
     "retrieved_at": "2026-08-23"
    },
    "_overrides": {
     "creation": {
      "at": "2026-08-23",
      "source": "derived from start date + Caravaggio's documented itinerary (approximate)"
     }
    },
    "museum_id": "uffizi-gallery",
    "qid": "Q957460",
    "wga_url": "https://www.wga.hu/html/p/perugino/z_other/monk2.html",
    "location_src": "Uffizi Gallery"
   }
  },
  {
   "type": "Feature",
   "geometry": {
    "type": "Point",
    "coordinates": [
     12.38845,
     43.11156
    ]
   },
   "properties": {
    "painter": "Pietro Perugino",
    "title": "Annunciazione Ranieri",
    "city": "Perugia",
    "country": "Italy",
    "location": "National Gallery of Umbria",
    "kind": "museum",
    "attribution": "generally accepted",
    "status": "present",
    "image": "https://commons.wikimedia.org/wiki/Special:FilePath/Annunciazione%20Ranieri.jpg?width=420",
    "wikipedia_it": "https://it.wikipedia.org/wiki/Annunciazione_Ranieri",
    "wikidata": "https://www.wikidata.org/wiki/Q96827460",
    "_source": {
     "source": "Wikidata",
     "url": "https://www.wikidata.org/wiki/Q96827460",
     "retrieved_at": "2026-08-23"
    },
    "museum_id": "national-gallery-of-umbria",
    "qid": "Q96827460",
    "location_src": "National Gallery of Umbria"
   }
  },
  {
   "type": "Feature",
   "geometry": {
    "type": "Point",
    "coordinates": [
     16.3616,
     48.20388
    ]
   },
   "properties": {
    "painter": "Pietro Perugino",
    "title": "Saint Jerome Penitent",
    "year": "1502",
    "location": "Kunsthistorisches Museum",
    "city": "Vienna",
    "country": "Austria",
    "attribution": "generally accepted",
    "image": "https://commons.wikimedia.org/wiki/Special:FilePath/Anonymous%20-%20B%C3%BC%C3%9Fender%20Hl.%20Hieronymus%20-%20GG%205823%20-%20Kunsthistorisches%20Museum.jpg?width=500",
    "qid": "Q28020446",
    "wikidata": "https://www.wikidata.org/wiki/Q28020446",
    "_source": {
     "source": "Wikidata",
     "url": "https://www.wikidata.org/wiki/Q28020446",
     "note": "harvested: painting by this creator with an image and a documented collection"
    },
    "museum_id": "kunsthistorisches-museum",
    "location_src": "Kunsthistorisches Museum"
   }
  },
  {
   "type": "Feature",
   "geometry": {
    "type": "Point",
    "coordinates": [
     11.57,
     48.14833
    ]
   },
   "properties": {
    "painter": "Pietro Perugino",
    "title": "Heilige Familie (Schule)",
    "year": "1484",
    "location": "Alte Pinakothek",
    "city": "Munich",
    "country": "Germany",
    "attribution": "generally accepted",
    "image": "https://commons.wikimedia.org/wiki/Special:FilePath/Pietro%20Perugino%20%28Schule%29%20-%20Heilige%20Familie%20-%202405%20-%20Bavarian%20State%20Painting%20Collections.jpg?width=500",
    "qid": "Q29905685",
    "wikidata": "https://www.wikidata.org/wiki/Q29905685",
    "_source": {
     "source": "Wikidata",
     "url": "https://www.wikidata.org/wiki/Q29905685",
     "note": "harvested: painting by this creator with an image and a documented collection"
    },
    "creation_place": "Florence",
    "creation_lat": 43.771389,
    "creation_lon": 11.254167,
    "_overrides": {
     "creation": {
      "at": "2026-08-24",
      "source": "derived",
      "note": "creation place inferred from the painter's itinerary at this work's date (approximate)"
     }
    },
    "museum_id": "alte-pinakothek",
    "location_src": "Alte Pinakothek"
   }
  },
  {
   "type": "Feature",
   "geometry": {
    "type": "Point",
    "coordinates": [
     11.57,
     48.14833
    ]
   },
   "properties": {
    "painter": "Pietro Perugino",
    "title": "Baptism of Christ",
    "year": "1484",
    "location": "Alte Pinakothek",
    "city": "Munich",
    "country": "Germany",
    "attribution": "generally accepted",
    "image": "https://commons.wikimedia.org/wiki/Special:FilePath/Pietro%20Perugino%20-%20Die%20Taufe%20Christi%20-%20WAF%20765%20-%20Bavarian%20State%20Painting%20Collections.jpg?width=500",
    "qid": "Q30095685",
    "wikidata": "https://www.wikidata.org/wiki/Q30095685",
    "_source": {
     "source": "Wikidata",
     "url": "https://www.wikidata.org/wiki/Q30095685",
     "note": "harvested: painting by this creator with an image and a documented collection"
    },
    "creation_place": "Florence",
    "creation_lat": 43.771389,
    "creation_lon": 11.254167,
    "_overrides": {
     "creation": {
      "at": "2026-08-24",
      "source": "derived",
      "note": "creation place inferred from the painter's itinerary at this work's date (approximate)"
     }
    },
    "museum_id": "alte-pinakothek",
    "location_src": "Alte Pinakothek"
   }
  },
  {
   "type": "Feature",
   "geometry": {
    "type": "Point",
    "coordinates": [
     11.57,
     48.14833
    ]
   },
   "properties": {
    "painter": "Pietro Perugino",
    "title": "Resurrection of Christ",
    "year": "1484",
    "location": "Alte Pinakothek",
    "city": "Munich",
    "country": "Germany",
    "attribution": "generally accepted",
    "image": "https://commons.wikimedia.org/wiki/Special:FilePath/Pietro%20Perugino%20-%20Die%20Auferstehung%20Christi%20-%20WAF%20766%20-%20Bavarian%20State%20Painting%20Collections.jpg?width=500",
    "qid": "Q30098135",
    "wikidata": "https://www.wikidata.org/wiki/Q30098135",
    "_source": {
     "source": "Wikidata",
     "url": "https://www.wikidata.org/wiki/Q30098135",
     "note": "harvested: painting by this creator with an image and a documented collection"
    },
    "creation_place": "Florence",
    "creation_lat": 43.771389,
    "creation_lon": 11.254167,
    "_overrides": {
     "creation": {
      "at": "2026-08-24",
      "source": "derived",
      "note": "creation place inferred from the painter's itinerary at this work's date (approximate)"
     }
    },
    "museum_id": "alte-pinakothek",
    "location_src": "Alte Pinakothek"
   }
  },
  {
   "type": "Feature",
   "geometry": {
    "type": "Point",
    "coordinates": [
     11.57,
     48.14833
    ]
   },
   "properties": {
    "painter": "Pietro Perugino",
    "title": "Maria mit Kind mit den hll. Johannes der Täufer und Hieronymus",
    "year": "1484",
    "location": "Alte Pinakothek",
    "city": "Munich",
    "country": "Germany",
    "attribution": "generally accepted",
    "image": "https://commons.wikimedia.org/wiki/Special:FilePath/Pietro%20Perugino%20-%20Maria%20mit%20Kind%20mit%20den%20hll.%20Johannes%20der%20T%C3%A4ufer%20und%20Hieronymus%20-%202342%20-%20Bavarian%20State%20Painting%20Collections.jpg?width=500",
    "qid": "Q30098872",
    "wikidata": "https://www.wikidata.org/wiki/Q30098872",
    "_source": {
     "source": "Wikidata",
     "url": "https://www.wikidata.org/wiki/Q30098872",
     "note": "harvested: painting by this creator with an image and a documented collection"
    },
    "creation_place": "Florence",
    "creation_lat": 43.771389,
    "creation_lon": 11.254167,
    "_overrides": {
     "creation": {
      "at": "2026-08-24",
      "source": "derived",
      "note": "creation place inferred from the painter's itinerary at this work's date (approximate)"
     }
    },
    "museum_id": "alte-pinakothek",
    "location_src": "Alte Pinakothek"
   }
  },
  {
   "type": "Feature",
   "geometry": {
    "type": "Point",
    "coordinates": [
     -73.9631,
     40.7794
    ]
   },
   "properties": {
    "painter": "Pietro Perugino",
    "title": "Resurrection of Christ",
    "year": "1506",
    "location": "Metropolitan Museum of Art",
    "city": "New York",
    "country": "United States",
    "attribution": "generally accepted",
    "image": "https://commons.wikimedia.org/wiki/Special:FilePath/Pietro%20Perugino%20cat73e.jpg?width=500",
    "qid": "Q71664359",
    "wikidata": "https://www.wikidata.org/wiki/Q71664359",
    "_source": {
     "source": "Wikidata",
     "url": "https://www.wikidata.org/wiki/Q71664359",
     "note": "harvested: painting by this creator with an image and a documented collection"
    },
    "museum_id": "metropolitan-museum-of-art",
    "location_src": "Metropolitan Museum of Art"
   }
  },
  {
   "type": "Feature",
   "geometry": {
    "type": "Point",
    "coordinates": [
     -73.9631,
     40.7794
    ]
   },
   "properties": {
    "painter": "Pietro Perugino",
    "title": "Saint John",
    "year": "1496",
    "location": "Metropolitan Museum of Art",
    "city": "New York",
    "country": "United States",
    "attribution": "generally accepted",
    "image": "https://commons.wikimedia.org/wiki/Special:FilePath/Perugino%2C%20san%20giovanni%2C%20da%20pala%20dell%27annunziata%2C%201502.JPG?width=500",
    "qid": "Q71667358",
    "wikidata": "https://www.wikidata.org/wiki/Q71667358",
    "_source": {
     "source": "Wikidata",
     "url": "https://www.wikidata.org/wiki/Q71667358",
     "note": "harvested: painting by this creator with an image and a documented collection"
    },
    "creation_place": "Florence",
    "creation_lat": 43.771389,
    "creation_lon": 11.254167,
    "_overrides": {
     "creation": {
      "at": "2026-08-24",
      "source": "derived",
      "note": "creation place inferred from the painter's itinerary at this work's date (approximate)"
     }
    },
    "museum_id": "metropolitan-museum-of-art",
    "location_src": "Metropolitan Museum of Art"
   }
  },
  {
   "type": "Feature",
   "geometry": {
    "type": "Point",
    "coordinates": [
     -73.9631,
     40.7794
    ]
   },
   "properties": {
    "painter": "Pietro Perugino",
    "title": "Saint Lucia",
    "year": "",
    "location": "Metropolitan Museum of Art",
    "city": "New York",
    "country": "United States",
    "attribution": "generally accepted",
    "image": "https://commons.wikimedia.org/wiki/Special:FilePath/Perugino%2C%20santa%20lucia%2C%20da%20pala%20dell%27annunziata%2C%201502.JPG?width=500",
    "qid": "Q71668640",
    "wikidata": "https://www.wikidata.org/wiki/Q71668640",
    "_source": {
     "source": "Wikidata",
     "url": "https://www.wikidata.org/wiki/Q71668640",
     "note": "harvested: painting by this creator with an image and a documented collection"
    },
    "museum_id": "metropolitan-museum-of-art",
    "location_src": "Metropolitan Museum of Art"
   }
  },
  {
   "type": "Feature",
   "geometry": {
    "type": "Point",
    "coordinates": [
     -73.9631,
     40.7794
    ]
   },
   "properties": {
    "painter": "Pietro Perugino",
    "title": "San Giovanni Battista",
    "year": "",
    "location": "Metropolitan Museum of Art",
    "city": "New York",
    "country": "United States",
    "attribution": "generally accepted",
    "image": "https://commons.wikimedia.org/wiki/Special:FilePath/Pietro%20Perugino%20cat74e.jpg?width=500",
    "qid": "Q71688823",
    "wikidata": "https://www.wikidata.org/wiki/Q71688823",
    "_source": {
     "source": "Wikidata",
     "url": "https://www.wikidata.org/wiki/Q71688823",
     "note": "harvested: painting by this creator with an image and a documented collection"
    },
    "museum_id": "metropolitan-museum-of-art",
    "location_src": "Metropolitan Museum of Art"
   }
  },
  {
   "type": "Feature",
   "geometry": {
    "type": "Point",
    "coordinates": [
     8.67388,
     50.10322
    ]
   },
   "properties": {
    "painter": "Pietro Perugino",
    "title": "Madonna, the Infant St. John and an angel, worshiping the Christ Child",
    "year": "1510",
    "location": "Städel Museum",
    "city": "Frankfurt",
    "country": "Germany",
    "attribution": "generally accepted",
    "image": "https://commons.wikimedia.org/wiki/Special:FilePath/Madonna%2C%20the%20Infant%20St.%20John%20and%20an%20angel%2C%20worshiping%20the%20Christ%20Child%20%28SM%201379%29.png?width=500",
    "qid": "Q64787470",
    "wikidata": "https://www.wikidata.org/wiki/Q64787470",
    "_source": {
     "source": "Wikidata",
     "url": "https://www.wikidata.org/wiki/Q64787470",
     "note": "harvested: painting by this creator with an image and a documented collection"
    },
    "museum_id": "stadel-museum",
    "location_src": "Städel Museum"
   }
  },
  {
   "type": "Feature",
   "geometry": {
    "type": "Point",
    "coordinates": [
     13.36472,
     52.50861
    ]
   },
   "properties": {
    "painter": "Pietro Perugino",
    "title": "The church father Augustine in glory with two angels and the saints Benedict and Bernhard (reliquary)",
    "year": "1500",
    "location": "Gemäldegalerie Berlin",
    "city": "Bezirk Mitte",
    "country": "Germany",
    "attribution": "generally accepted",
    "image": "https://commons.wikimedia.org/wiki/Special:FilePath/Nachfolge%2C%20Pietro%20Perugino%20-%20The%20church%20father%20Augustine%20in%20glory%20with%20two%20angels%20and%20the%20saints%20Benedict%20and%20Bernhard%20%28reliquary%29%20-%20132A%20-%20Gem%C3%A4ldegalerie.jpg?width=500",
    "qid": "Q107436163",
    "wikidata": "https://www.wikidata.org/wiki/Q107436163",
    "_source": {
     "source": "Wikidata",
     "url": "https://www.wikidata.org/wiki/Q107436163",
     "note": "harvested: painting by this creator with an image and a documented collection"
    },
    "creation_place": "Florence",
    "creation_lat": 43.771389,
    "creation_lon": 11.254167,
    "_overrides": {
     "creation": {
      "at": "2026-08-24",
      "source": "derived",
      "note": "creation place inferred from the painter's itinerary at this work's date (approximate)"
     }
    },
    "museum_id": "gemaldegalerie-berlin",
    "location_src": "Gemäldegalerie Berlin"
   }
  },
  {
   "type": "Feature",
   "geometry": {
    "type": "Point",
    "coordinates": [
     13.36472,
     52.50861
    ]
   },
   "properties": {
    "painter": "Pietro Perugino",
    "title": "Christ in the tomb",
    "year": "1500",
    "location": "Gemäldegalerie Berlin",
    "city": "Bezirk Mitte",
    "country": "Germany",
    "attribution": "generally accepted",
    "image": "https://commons.wikimedia.org/wiki/Special:FilePath/Nachfolge%2C%20Pietro%20Perugino%20-%20Christ%20in%20the%20Tomb%20-%20135%20-%20Gem%C3%A4ldegalerie.jpg?width=500",
    "qid": "Q107436171",
    "wikidata": "https://www.wikidata.org/wiki/Q107436171",
    "_source": {
     "source": "Wikidata",
     "url": "https://www.wikidata.org/wiki/Q107436171",
     "note": "harvested: painting by this creator with an image and a documented collection"
    },
    "creation_place": "Florence",
    "creation_lat": 43.771389,
    "creation_lon": 11.254167,
    "_overrides": {
     "creation": {
      "at": "2026-08-24",
      "source": "derived",
      "note": "creation place inferred from the painter's itinerary at this work's date (approximate)"
     }
    },
    "museum_id": "gemaldegalerie-berlin",
    "location_src": "Gemäldegalerie Berlin"
   }
  },
  {
   "type": "Feature",
   "geometry": {
    "type": "Point",
    "coordinates": [
     13.36472,
     52.50861
    ]
   },
   "properties": {
    "painter": "Pietro Perugino",
    "title": "The Virgin Adoring the Child with John the Baptist as a Child and two Angels",
    "year": "1500",
    "location": "Gemäldegalerie Berlin",
    "city": "Bezirk Mitte",
    "country": "Germany",
    "attribution": "generally accepted",
    "image": "https://commons.wikimedia.org/wiki/Special:FilePath/1500%20Perugino%20Maria%20mit%20dem%20Johannesknaben%20und%20zwei%20Engeln%20Gem%C3%A4ldegalerie%20Kat.Nr.%20138%20anagoria.jpg?width=500",
    "qid": "Q107436179",
    "wikidata": "https://www.wikidata.org/wiki/Q107436179",
    "_source": {
     "source": "Wikidata",
     "url": "https://www.wikidata.org/wiki/Q107436179",
     "note": "harvested: painting by this creator with an image and a documented collection"
    },
    "creation_place": "Florence",
    "creation_lat": 43.771389,
    "creation_lon": 11.254167,
    "_overrides": {
     "creation": {
      "at": "2026-08-24",
      "source": "derived",
      "note": "creation place inferred from the painter's itinerary at this work's date (approximate)"
     }
    },
    "museum_id": "gemaldegalerie-berlin",
    "location_src": "Gemäldegalerie Berlin"
   }
  },
  {
   "type": "Feature",
   "geometry": {
    "type": "Point",
    "coordinates": [
     13.36472,
     52.50861
    ]
   },
   "properties": {
    "painter": "Pietro Perugino",
    "title": "The Virgin and Child with two Angels",
    "year": "1500",
    "location": "Gemäldegalerie Berlin",
    "city": "Bezirk Mitte",
    "country": "Germany",
    "attribution": "generally accepted",
    "image": "https://commons.wikimedia.org/wiki/Special:FilePath/Nachfolge%2C%20Pietro%20Perugino%20-%20The%20Virgin%20and%20Child%20with%20two%20Angels%20-%20140%20-%20Gem%C3%A4ldegalerie.jpg?width=500",
    "qid": "Q107436183",
    "wikidata": "https://www.wikidata.org/wiki/Q107436183",
    "_source": {
     "source": "Wikidata",
     "url": "https://www.wikidata.org/wiki/Q107436183",
     "note": "harvested: painting by this creator with an image and a documented collection"
    },
    "creation_place": "Florence",
    "creation_lat": 43.771389,
    "creation_lon": 11.254167,
    "_overrides": {
     "creation": {
      "at": "2026-08-24",
      "source": "derived",
      "note": "creation place inferred from the painter's itinerary at this work's date (approximate)"
     }
    },
    "museum_id": "gemaldegalerie-berlin",
    "location_src": "Gemäldegalerie Berlin"
   }
  },
  {
   "type": "Feature",
   "geometry": {
    "type": "Point",
    "coordinates": [
     -0.1283,
     51.5089
    ]
   },
   "properties": {
    "painter": "Pietro Perugino",
    "title": "The Virgin and Child in a Mandorla with Cherubim",
    "year": "1525",
    "location": "National Gallery",
    "city": "London",
    "country": "United Kingdom",
    "attribution": "generally accepted",
    "image": "https://commons.wikimedia.org/wiki/Special:FilePath/Italian%20%28Umbrian%29%20School%20-%20The%20Virgin%20and%20Child%20in%20a%20Mandorla%20with%20Cherubim%20-%20NG702%20-%20National%20Gallery.jpg?width=500",
    "qid": "Q26689441",
    "wikidata": "https://www.wikidata.org/wiki/Q26689441",
    "_source": {
     "source": "Wikidata",
     "url": "https://www.wikidata.org/wiki/Q26689441",
     "note": "harvested: painting by this creator with an image and a documented collection"
    },
    "museum_id": "national-gallery",
    "location_src": "National Gallery"
   }
  },
  {
   "type": "Feature",
   "geometry": {
    "type": "Point",
    "coordinates": [
     -0.1283,
     51.5089
    ]
   },
   "properties": {
    "painter": "Pietro Perugino",
    "title": "The Baptism of Christ",
    "year": "1835",
    "location": "National Gallery",
    "city": "London",
    "country": "United Kingdom",
    "attribution": "copy or later version",
    "image": "https://commons.wikimedia.org/wiki/Special:FilePath/Sassoferrato%20%281609-1685%29%20%28attributed%20to%29%20-%20The%20Baptism%20of%20Christ%20%28after%20Pietro%20Perugino%29%20-%20NG1431%20-%20National%20Gallery.jpg?width=500",
    "qid": "Q26706720",
    "wikidata": "https://www.wikidata.org/wiki/Q26706720",
    "_source": {
     "source": "Wikidata",
     "url": "https://www.wikidata.org/wiki/Q26706720",
     "note": "harvested: painting by this creator with an image and a documented collection"
    },
    "_overrides": {
     "attribution": {
      "at": "2026-08-24",
      "source": "tier-2 cleaning",
      "was": "generally accepted",
      "note": "dated 1835, after death (1448–1523) → later copy / not autograph at this date (Timeline anomaly)"
     }
    },
    "museum_id": "national-gallery",
    "location_src": "National Gallery"
   }
  },
  {
   "type": "Feature",
   "geometry": {
    "type": "Point",
    "coordinates": [
     -0.17162,
     51.49685
    ]
   },
   "properties": {
    "painter": "Pietro Perugino",
    "title": "The Nativity: The Virgin, Saint Joseph and the Shepherds Adoring the Infant Christ",
    "year": "1522",
    "location": "Victoria and Albert Museum",
    "city": "Royal Borough of Kensington and Chelsea",
    "country": "United Kingdom",
    "attribution": "generally accepted",
    "image": "https://commons.wikimedia.org/wiki/Special:FilePath/Perugino%20%28c.1450-1523%29%20-%20The%20Nativity%2C%20The%20Virgin%2C%20Saint%20Joseph%20and%20the%20Shepherds%20Adoring%20the%20Infant%20Christ%20-%207856-1862%20-%20Victoria%20and%20Albert%20Museum.jpg?width=500",
    "qid": "Q118680708",
    "wikidata": "https://www.wikidata.org/wiki/Q118680708",
    "_source": {
     "source": "Wikidata",
     "url": "https://www.wikidata.org/wiki/Q118680708",
     "note": "harvested: painting by this creator with an image and a documented collection"
    },
    "museum_id": "victoria-and-albert-museum",
    "location_src": "Victoria and Albert Museum"
   }
  },
  {
   "type": "Feature",
   "geometry": {
    "type": "Point",
    "coordinates": [
     -77.02,
     38.89139
    ]
   },
   "properties": {
    "painter": "Pietro Perugino",
    "title": "The Crucifixion with the Virgin, Saint John, Saint Jerome, and Saint Mary Magdalene [middle panel]",
    "year": "1483",
    "location": "Galería Nacional de Arte",
    "city": "Washington, D.C.",
    "country": "United States",
    "attribution": "generally accepted",
    "image": "https://commons.wikimedia.org/wiki/Special:FilePath/Pietro%20Perugino%20040.jpg?width=500",
    "qid": "Q20174389",
    "wikidata": "https://www.wikidata.org/wiki/Q20174389",
    "_source": {
     "source": "Wikidata",
     "url": "https://www.wikidata.org/wiki/Q20174389",
     "note": "harvested: painting by this creator with an image and a documented collection"
    },
    "creation_place": "Florence",
    "creation_lat": 43.771389,
    "creation_lon": 11.254167,
    "_overrides": {
     "creation": {
      "at": "2026-08-24",
      "source": "derived",
      "note": "creation place inferred from the painter's itinerary at this work's date (approximate)"
     }
    },
    "museum_id": "galeria-nacional-de-arte",
    "location_src": "Galería Nacional de Arte"
   }
  },
  {
   "type": "Feature",
   "geometry": {
    "type": "Point",
    "coordinates": [
     -77.02,
     38.89139
    ]
   },
   "properties": {
    "painter": "Pietro Perugino",
    "title": "The Crucifixion with the Virgin, Saint John, Saint Jerome, and Saint Mary Magdalene [right panel]",
    "year": "1483",
    "location": "Galería Nacional de Arte",
    "city": "Washington, D.C.",
    "country": "United States",
    "attribution": "generally accepted",
    "image": "https://commons.wikimedia.org/wiki/Special:FilePath/Pietro%20Perugino%20-%20The%20Galitzin%20Triptych%20-%20St%20Mary%20Magdalen%20-%20WGA17267.jpg?width=500",
    "qid": "Q20174399",
    "wikidata": "https://www.wikidata.org/wiki/Q20174399",
    "_source": {
     "source": "Wikidata",
     "url": "https://www.wikidata.org/wiki/Q20174399",
     "note": "harvested: painting by this creator with an image and a documented collection"
    },
    "creation_place": "Florence",
    "creation_lat": 43.771389,
    "creation_lon": 11.254167,
    "_overrides": {
     "creation": {
      "at": "2026-08-24",
      "source": "derived",
      "note": "creation place inferred from the painter's itinerary at this work's date (approximate)"
     }
    },
    "museum_id": "galeria-nacional-de-arte",
    "location_src": "Galería Nacional de Arte"
   }
  },
  {
   "type": "Feature",
   "geometry": {
    "type": "Point",
    "coordinates": [
     -77.02,
     38.89139
    ]
   },
   "properties": {
    "painter": "Pietro Perugino",
    "title": "The Crucifixion with the Virgin, Saint John, Saint Jerome, and Saint Mary Magdalene [left panel]",
    "year": "1483",
    "location": "Galería Nacional de Arte",
    "city": "Washington, D.C.",
    "country": "United States",
    "attribution": "generally accepted",
    "image": "https://commons.wikimedia.org/wiki/Special:FilePath/Pietro%20Perugino%20-%20The%20Crucifixion%20with%20the%20Virgin%2C%20Saint%20John%2C%20Saint%20Jerome%2C%20and%20Saint%20Mary%20Magdalene%20%28left%20panel%29%20-%201937.1.27.a%20-%20National%20Gallery%20of%20Art.jpg?width=500",
    "qid": "Q46624418",
    "wikidata": "https://www.wikidata.org/wiki/Q46624418",
    "_source": {
     "source": "Wikidata",
     "url": "https://www.wikidata.org/wiki/Q46624418",
     "note": "harvested: painting by this creator with an image and a documented collection"
    },
    "creation_place": "Florence",
    "creation_lat": 43.771389,
    "creation_lon": 11.254167,
    "_overrides": {
     "creation": {
      "at": "2026-08-24",
      "source": "derived",
      "note": "creation place inferred from the painter's itinerary at this work's date (approximate)"
     }
    },
    "museum_id": "galeria-nacional-de-arte",
    "location_src": "Galería Nacional de Arte"
   }
  },
  {
   "type": "Feature",
   "geometry": {
    "type": "Point",
    "coordinates": [
     -87.62389,
     41.87944
    ]
   },
   "properties": {
    "painter": "Pietro Perugino",
    "title": "Christ and the Woman of Samaria",
    "year": "1506",
    "location": "Art Institute of Chicago",
    "city": "Chicago",
    "country": "United States",
    "attribution": "generally accepted",
    "image": "https://commons.wikimedia.org/wiki/Special:FilePath/Perugino%20-%20Christ%20and%20the%20Woman%20of%20Samaria%20-%201933.1024%20-%20Art%20Institute%20of%20Chicago.jpg?width=500",
    "qid": "Q20268472",
    "wikidata": "https://www.wikidata.org/wiki/Q20268472",
    "_source": {
     "source": "Wikidata",
     "url": "https://www.wikidata.org/wiki/Q20268472",
     "note": "harvested: painting by this creator with an image and a documented collection"
    },
    "museum_id": "art-institute-of-chicago",
    "location_src": "Art Institute of Chicago"
   }
  },
  {
   "type": "Feature",
   "geometry": {
    "type": "Point",
    "coordinates": [
     -87.62389,
     41.87944
    ]
   },
   "properties": {
    "painter": "Pietro Perugino",
    "title": "The Nativity",
    "year": "1506",
    "location": "Art Institute of Chicago",
    "city": "Chicago",
    "country": "United States",
    "attribution": "generally accepted",
    "image": "https://commons.wikimedia.org/wiki/Special:FilePath/Perugino%20-%20The%20Nativity%20-%201933.1025%20-%20Art%20Institute%20of%20Chicago.jpg?width=500",
    "qid": "Q20268474",
    "wikidata": "https://www.wikidata.org/wiki/Q20268474",
    "_source": {
     "source": "Wikidata",
     "url": "https://www.wikidata.org/wiki/Q20268474",
     "note": "harvested: painting by this creator with an image and a documented collection"
    },
    "museum_id": "art-institute-of-chicago",
    "location_src": "Art Institute of Chicago"
   }
  },
  {
   "type": "Feature",
   "geometry": {
    "type": "Point",
    "coordinates": [
     -87.62389,
     41.87944
    ]
   },
   "properties": {
    "painter": "Pietro Perugino",
    "title": "Noli Me Tangere",
    "year": "1506",
    "location": "Art Institute of Chicago",
    "city": "Chicago",
    "country": "United States",
    "attribution": "generally accepted",
    "image": "https://commons.wikimedia.org/wiki/Special:FilePath/Perugino%20-%20Noli%20Me%20Tangere%20-%201933.1026%20-%20Art%20Institute%20of%20Chicago.jpg?width=500",
    "qid": "Q20268475",
    "wikidata": "https://www.wikidata.org/wiki/Q20268475",
    "_source": {
     "source": "Wikidata",
     "url": "https://www.wikidata.org/wiki/Q20268475",
     "note": "harvested: painting by this creator with an image and a documented collection"
    },
    "museum_id": "art-institute-of-chicago",
    "location_src": "Art Institute of Chicago"
   }
  },
  {
   "type": "Feature",
   "geometry": {
    "type": "Point",
    "coordinates": [
     4.35824,
     50.84168
    ]
   },
   "properties": {
    "painter": "Pietro Perugino",
    "title": "Madonna and Child with little John",
    "year": "",
    "location": "Royal Museums of Fine Arts of Belgium",
    "city": "Brussels-Capital Region",
    "country": "Belgium",
    "attribution": "generally accepted",
    "image": "https://commons.wikimedia.org/wiki/Special:FilePath/Perugino%20-%20La%20Vierge%20et%20l%27Enfant%20avec%20saint%20Jean%2C%20Inv.%201484.jpg?width=500",
    "qid": "Q125363202",
    "wikidata": "https://www.wikidata.org/wiki/Q125363202",
    "_source": {
     "source": "Wikidata",
     "url": "https://www.wikidata.org/wiki/Q125363202",
     "note": "harvested: painting by this creator with an image and a documented collection"
    },
    "museum_id": "royal-museums-of-fine-arts-of-belgium",
    "location_src": "Royal Museums of Fine Arts of Belgium"
   }
  },
  {
   "type": "Feature",
   "geometry": {
    "type": "Point",
    "coordinates": [
     -1.26056,
     51.75556
    ]
   },
   "properties": {
    "painter": "Pietro Perugino",
    "title": "The Head of the Virgin",
    "year": "",
    "location": "Ashmolean Museum",
    "city": "Oxford",
    "country": "United Kingdom",
    "attribution": "generally accepted",
    "image": "https://commons.wikimedia.org/wiki/Special:FilePath/Perugino%20%28c.1450-1523%29%20%28after%29%20-%20The%20Head%20of%20the%20Virgin%20-%20WA1850.37%20-%20Ashmolean%20Museum.jpg?width=500",
    "qid": "Q119499266",
    "wikidata": "https://www.wikidata.org/wiki/Q119499266",
    "_source": {
     "source": "Wikidata",
     "url": "https://www.wikidata.org/wiki/Q119499266",
     "note": "harvested: painting by this creator with an image and a documented collection"
    },
    "museum_id": "ashmolean-museum",
    "location_src": "Ashmolean Museum"
   }
  },
  {
   "type": "Feature",
   "geometry": {
    "type": "Point",
    "coordinates": [
     12.57861,
     55.68889
    ]
   },
   "properties": {
    "painter": "Pietro Perugino",
    "title": "The Holy Family",
    "year": "1494",
    "location": "Statens Museum for Kunst",
    "city": "Copenhagen Municipality",
    "country": "Denmark",
    "attribution": "generally accepted",
    "image": "https://commons.wikimedia.org/wiki/Special:FilePath/Pietro%20Perugino%20-%20The%20Holy%20Family%20-%20KMSsp1%20-%20Statens%20Museum%20for%20Kunst.jpg?width=500",
    "qid": "Q20354596",
    "wikidata": "https://www.wikidata.org/wiki/Q20354596",
    "_source": {
     "source": "Wikidata",
     "url": "https://www.wikidata.org/wiki/Q20354596",
     "note": "harvested: painting by this creator with an image and a documented collection"
    },
    "creation_place": "Florence",
    "creation_lat": 43.771389,
    "creation_lon": 11.254167,
    "_overrides": {
     "creation": {
      "at": "2026-08-24",
      "source": "derived",
      "note": "creation place inferred from the painter's itinerary at this work's date (approximate)"
     }
    },
    "museum_id": "statens-museum-for-kunst",
    "location_src": "Statens Museum for Kunst"
   }
  },
  {
   "type": "Feature",
   "geometry": {
    "type": "Point",
    "coordinates": [
     12.45277,
     41.90573
    ]
   },
   "properties": {
    "painter": "Pietro Perugino",
    "title": "Saint Benedict",
    "year": "1495",
    "location": "Pinacoteca Vaticana",
    "city": "Vatican City",
    "country": "Vatican City",
    "attribution": "generally accepted",
    "image": "https://commons.wikimedia.org/wiki/Special:FilePath/Pietro%20Perugino%20-%20Saint%20Benedict%20-%20WGA17310.jpg?width=500",
    "qid": "Q127520382",
    "wikidata": "https://www.wikidata.org/wiki/Q127520382",
    "_source": {
     "source": "Wikidata",
     "url": "https://www.wikidata.org/wiki/Q127520382",
     "note": "harvested: painting by this creator with an image and a documented collection"
    },
    "creation_place": "Florence",
    "creation_lat": 43.771389,
    "creation_lon": 11.254167,
    "_overrides": {
     "creation": {
      "at": "2026-08-24",
      "source": "derived",
      "note": "creation place inferred from the painter's itinerary at this work's date (approximate)"
     }
    },
    "museum_id": "pinacoteca-vaticana",
    "location_src": "Pinacoteca Vaticana"
   }
  },
  {
   "type": "Feature",
   "geometry": {
    "type": "Point",
    "coordinates": [
     12.45277,
     41.90573
    ]
   },
   "properties": {
    "painter": "Pietro Perugino",
    "title": "Saint Flavia",
    "year": "1495",
    "location": "Pinacoteca Vaticana",
    "city": "Vatican City",
    "country": "Vatican City",
    "attribution": "generally accepted",
    "image": "https://commons.wikimedia.org/wiki/Special:FilePath/Pietro%20Perugino%20-%20Saint%20Flavia%20-%20WGA17311.jpg?width=500",
    "qid": "Q127521285",
    "wikidata": "https://www.wikidata.org/wiki/Q127521285",
    "_source": {
     "source": "Wikidata",
     "url": "https://www.wikidata.org/wiki/Q127521285",
     "note": "harvested: painting by this creator with an image and a documented collection"
    },
    "creation_place": "Florence",
    "creation_lat": 43.771389,
    "creation_lon": 11.254167,
    "_overrides": {
     "creation": {
      "at": "2026-08-24",
      "source": "derived",
      "note": "creation place inferred from the painter's itinerary at this work's date (approximate)"
     }
    },
    "museum_id": "pinacoteca-vaticana",
    "location_src": "Pinacoteca Vaticana"
   }
  },
  {
   "type": "Feature",
   "geometry": {
    "type": "Point",
    "coordinates": [
     12.45277,
     41.90573
    ]
   },
   "properties": {
    "painter": "Pietro Perugino",
    "title": "Heiliger Placidus",
    "year": "1495",
    "location": "Pinacoteca Vaticana",
    "city": "Vatican City",
    "country": "Vatican City",
    "attribution": "generally accepted",
    "image": "https://commons.wikimedia.org/wiki/Special:FilePath/Pietro%20Perugino%20-%20Saint%20Placidus%20-%20WGA17312.jpg?width=500",
    "qid": "Q127521749",
    "wikidata": "https://www.wikidata.org/wiki/Q127521749",
    "_source": {
     "source": "Wikidata",
     "url": "https://www.wikidata.org/wiki/Q127521749",
     "note": "harvested: painting by this creator with an image and a documented collection"
    },
    "creation_place": "Florence",
    "creation_lat": 43.771389,
    "creation_lon": 11.254167,
    "_overrides": {
     "creation": {
      "at": "2026-08-24",
      "source": "derived",
      "note": "creation place inferred from the painter's itinerary at this work's date (approximate)"
     }
    },
    "museum_id": "pinacoteca-vaticana",
    "location_src": "Pinacoteca Vaticana"
   }
  },
  {
   "type": "Feature",
   "geometry": {
    "type": "Point",
    "coordinates": [
     -3.19569,
     55.9509
    ]
   },
   "properties": {
    "painter": "Pietro Perugino",
    "title": "Four Male Figures",
    "year": "1505",
    "location": "Scottish National Gallery",
    "city": "City of Edinburgh",
    "country": "United Kingdom",
    "attribution": "generally accepted",
    "image": "https://commons.wikimedia.org/wiki/Special:FilePath/Pietro%20Perugino%20cat70.jpg?width=500",
    "qid": "Q27967844",
    "wikidata": "https://www.wikidata.org/wiki/Q27967844",
    "_source": {
     "source": "Wikidata",
     "url": "https://www.wikidata.org/wiki/Q27967844",
     "note": "harvested: painting by this creator with an image and a documented collection"
    },
    "museum_id": "scottish-national-gallery",
    "location_src": "Scottish National Gallery"
   }
  },
  {
   "type": "Feature",
   "geometry": {
    "type": "Point",
    "coordinates": [
     -79.949,
     40.4437
    ]
   },
   "properties": {
    "painter": "Pietro Perugino",
    "title": "St. Augustine with Members of the Confraternity of Perugia",
    "year": "1500",
    "location": "Carnegie Museum of Art",
    "city": "Pittsburgh",
    "country": "United States",
    "attribution": "generally accepted",
    "image": "https://commons.wikimedia.org/wiki/Special:FilePath/Perugino%20-%20St.%20Augustine%20with%20Members%20of%20the%20Confraternity%20of%20Perugia%2C%20c.%201500.jpg?width=500",
    "qid": "Q28146429",
    "wikidata": "https://www.wikidata.org/wiki/Q28146429",
    "_source": {
     "source": "Wikidata",
     "url": "https://www.wikidata.org/wiki/Q28146429",
     "note": "harvested: painting by this creator with an image and a documented collection"
    },
    "creation_place": "Florence",
    "creation_lat": 43.771389,
    "creation_lon": 11.254167,
    "_overrides": {
     "creation": {
      "at": "2026-08-24",
      "source": "derived",
      "note": "creation place inferred from the painter's itinerary at this work's date (approximate)"
     }
    },
    "museum_id": "carnegie-museum-of-art",
    "location_src": "Carnegie Museum of Art"
   }
  },
  {
   "type": "Feature",
   "geometry": {
    "type": "Point",
    "coordinates": [
     0.11944,
     52.20028
    ]
   },
   "properties": {
    "painter": "Pietro Perugino",
    "title": "Virgin and Child",
    "year": "1515",
    "location": "Fitzwilliam Museum",
    "city": "Cambridge",
    "country": "United Kingdom",
    "attribution": "generally accepted",
    "image": "https://commons.wikimedia.org/wiki/Special:FilePath/Perugino%20%28c.1450-1523%29%20%28studio%20of%29%20-%20Virgin%20and%20Child%20-%20120%20-%20Fitzwilliam%20Museum.jpg?width=500",
    "qid": "Q50818846",
    "wikidata": "https://www.wikidata.org/wiki/Q50818846",
    "_source": {
     "source": "Wikidata",
     "url": "https://www.wikidata.org/wiki/Q50818846",
     "note": "harvested: painting by this creator with an image and a documented collection"
    },
    "museum_id": "fitzwilliam-museum",
    "location_src": "Fitzwilliam Museum"
   }
  },
  {
   "type": "Feature",
   "geometry": {
    "type": "Point",
    "coordinates": [
     -2.70414,
     52.1677
    ]
   },
   "properties": {
    "painter": "Pietro Perugino",
    "title": "Saint Jerome in Penitence",
    "year": "1482",
    "location": "Hampton Castle",
    "city": "Hope under Dinmore",
    "country": "United Kingdom",
    "attribution": "generally accepted",
    "image": "https://commons.wikimedia.org/wiki/Special:FilePath/Pietro%20Perugino%20%28Citt%C3%A0%20della%20Pieve%20c.1450-Fontignano%201523%29%20-%20Saint%20Jerome%20in%20Penitence%20-%20RCIN%20403469%20-%20Royal%20Collection.jpg?width=500",
    "qid": "Q28029248",
    "wikidata": "https://www.wikidata.org/wiki/Q28029248",
    "_source": {
     "source": "Wikidata",
     "url": "https://www.wikidata.org/wiki/Q28029248",
     "note": "harvested: painting by this creator with an image and a documented collection"
    },
    "creation_place": "Florence",
    "creation_lat": 43.771389,
    "creation_lon": 11.254167,
    "_overrides": {
     "creation": {
      "at": "2026-08-24",
      "source": "derived",
      "note": "creation place inferred from the painter's itinerary at this work's date (approximate)"
     }
    },
    "museum_id": "hampton-castle",
    "location_src": "Hampton Castle"
   }
  },
  {
   "type": "Feature",
   "geometry": {
    "type": "Point",
    "coordinates": [
     -2.97967,
     53.41007
    ]
   },
   "properties": {
    "painter": "Pietro Perugino",
    "title": "Madonna and Child with Saint John and Two Angels",
    "year": "",
    "location": "Walker Art Gallery",
    "city": "Liverpool",
    "country": "United Kingdom",
    "attribution": "generally accepted",
    "image": "https://commons.wikimedia.org/wiki/Special:FilePath/Perugino%20%28c.1450-1523%29%20%28style%20of%29%20-%20Madonna%20and%20Child%20with%20Saint%20John%20and%20Two%20Angels%20-%20WAG%201600%20-%20Walker%20Art%20Gallery.jpg?width=500",
    "qid": "Q118676377",
    "wikidata": "https://www.wikidata.org/wiki/Q118676377",
    "_source": {
     "source": "Wikidata",
     "url": "https://www.wikidata.org/wiki/Q118676377",
     "note": "harvested: painting by this creator with an image and a documented collection"
    },
    "museum_id": "walker-art-gallery",
    "location_src": "Walker Art Gallery"
   }
  },
  {
   "type": "Feature",
   "geometry": {
    "type": "Point",
    "coordinates": [
     -2.97967,
     53.41007
    ]
   },
   "properties": {
    "painter": "Pietro Perugino",
    "title": "The Birth of the Virgin",
    "year": "",
    "location": "Walker Art Gallery",
    "city": "Liverpool",
    "country": "United Kingdom",
    "attribution": "generally accepted",
    "image": "https://commons.wikimedia.org/wiki/Special:FilePath/Perugino%20%28c.1450-1523%29%20-%20The%20Birth%20of%20the%20Virgin%20-%20WAG%202856%20-%20Walker%20Art%20Gallery.jpg?width=500",
    "qid": "Q119929417",
    "wikidata": "https://www.wikidata.org/wiki/Q119929417",
    "_source": {
     "source": "Wikidata",
     "url": "https://www.wikidata.org/wiki/Q119929417",
     "note": "harvested: painting by this creator with an image and a documented collection"
    },
    "museum_id": "walker-art-gallery",
    "location_src": "Walker Art Gallery"
   }
  },
  {
   "type": "Feature",
   "geometry": {
    "type": "Point",
    "coordinates": [
     -2.24139,
     53.47861
    ]
   },
   "properties": {
    "painter": "Pietro Perugino",
    "title": "The Annunciation",
    "year": "1510",
    "location": "Manchester Art Gallery",
    "city": "Manchester",
    "country": "United Kingdom",
    "attribution": "generally accepted",
    "image": "https://commons.wikimedia.org/wiki/Special:FilePath/Perugino%20%28c.1450-1523%29%20%28follower%20of%29%20-%20The%20Annunciation%20-%201947.184%20-%20Manchester%20Art%20Gallery.jpg?width=500",
    "qid": "Q118680514",
    "wikidata": "https://www.wikidata.org/wiki/Q118680514",
    "_source": {
     "source": "Wikidata",
     "url": "https://www.wikidata.org/wiki/Q118680514",
     "note": "harvested: painting by this creator with an image and a documented collection"
    },
    "museum_id": "manchester-art-gallery",
    "location_src": "Manchester Art Gallery"
   }
  },
  {
   "type": "Feature",
   "geometry": {
    "type": "Point",
    "coordinates": [
     -2.24139,
     53.47861
    ]
   },
   "properties": {
    "painter": "Pietro Perugino",
    "title": "The Adoration of the Magi",
    "year": "1510",
    "location": "Manchester Art Gallery",
    "city": "Manchester",
    "country": "United Kingdom",
    "attribution": "generally accepted",
    "image": "https://commons.wikimedia.org/wiki/Special:FilePath/Perugino%20%28c.1450-1523%29%20%28follower%20of%29%20-%20The%20Adoration%20of%20the%20Magi%20-%201947.186%20-%20Manchester%20Art%20Gallery.jpg?width=500",
    "qid": "Q118680517",
    "wikidata": "https://www.wikidata.org/wiki/Q118680517",
    "_source": {
     "source": "Wikidata",
     "url": "https://www.wikidata.org/wiki/Q118680517",
     "note": "harvested: painting by this creator with an image and a documented collection"
    },
    "museum_id": "manchester-art-gallery",
    "location_src": "Manchester Art Gallery"
   }
  },
  {
   "type": "Feature",
   "geometry": {
    "type": "Point",
    "coordinates": [
     -2.24139,
     53.47861
    ]
   },
   "properties": {
    "painter": "Pietro Perugino",
    "title": "The Presentation in the Temple",
    "year": "1510",
    "location": "Manchester Art Gallery",
    "city": "Manchester",
    "country": "United Kingdom",
    "attribution": "generally accepted",
    "image": "https://commons.wikimedia.org/wiki/Special:FilePath/Perugino%20%28c.1450-1523%29%20%28follower%20of%29%20-%20The%20Presentation%20in%20the%20Temple%20-%201947.187%20-%20Manchester%20Art%20Gallery.jpg?width=500",
    "qid": "Q118680530",
    "wikidata": "https://www.wikidata.org/wiki/Q118680530",
    "_source": {
     "source": "Wikidata",
     "url": "https://www.wikidata.org/wiki/Q118680530",
     "note": "harvested: painting by this creator with an image and a documented collection"
    },
    "museum_id": "manchester-art-gallery",
    "location_src": "Manchester Art Gallery"
   }
  },
  {
   "type": "Feature",
   "geometry": {
    "type": "Point",
    "coordinates": [
     -2.24139,
     53.47861
    ]
   },
   "properties": {
    "painter": "Pietro Perugino",
    "title": "The Nativity with Saint Bridget",
    "year": "1510",
    "location": "Manchester Art Gallery",
    "city": "Manchester",
    "country": "United Kingdom",
    "attribution": "generally accepted",
    "image": "https://commons.wikimedia.org/wiki/Special:FilePath/Perugino%20%28c.1450-1523%29%20%28follower%20of%29%20-%20The%20Nativity%20with%20Saint%20Bridget%20-%201947.185%20-%20Manchester%20Art%20Gallery.jpg?width=500",
    "qid": "Q118680547",
    "wikidata": "https://www.wikidata.org/wiki/Q118680547",
    "_source": {
     "source": "Wikidata",
     "url": "https://www.wikidata.org/wiki/Q118680547",
     "note": "harvested: painting by this creator with an image and a documented collection"
    },
    "museum_id": "manchester-art-gallery",
    "location_src": "Manchester Art Gallery"
   }
  },
  {
   "type": "Feature",
   "geometry": {
    "type": "Point",
    "coordinates": [
     12.38845,
     43.11156
    ]
   },
   "properties": {
    "painter": "Pietro Perugino",
    "title": "Pietà",
    "year": "1518",
    "location": "National Gallery of Umbria",
    "city": "Perugia",
    "country": "Italy",
    "attribution": "generally accepted",
    "image": "https://commons.wikimedia.org/wiki/Special:FilePath/Pietro%20Perugino%20cat87e.jpg?width=500",
    "qid": "Q108632018",
    "wikidata": "https://www.wikidata.org/wiki/Q108632018",
    "_source": {
     "source": "Wikidata",
     "url": "https://www.wikidata.org/wiki/Q108632018",
     "note": "harvested: painting by this creator with an image and a documented collection"
    },
    "museum_id": "national-gallery-of-umbria",
    "location_src": "National Gallery of Umbria"
   }
  },
  {
   "type": "Feature",
   "geometry": {
    "type": "Point",
    "coordinates": [
     12.38845,
     43.11156
    ]
   },
   "properties": {
    "painter": "Pietro Perugino",
    "title": "The eternal blessing giver",
    "year": "1523",
    "location": "National Gallery of Umbria",
    "city": "Perugia",
    "country": "Italy",
    "attribution": "generally accepted",
    "image": "https://commons.wikimedia.org/wiki/Special:FilePath/Pietro%20Perugino%20cat87f.jpg?width=500",
    "qid": "Q108732942",
    "wikidata": "https://www.wikidata.org/wiki/Q108732942",
    "_source": {
     "source": "Wikidata",
     "url": "https://www.wikidata.org/wiki/Q108732942",
     "note": "harvested: painting by this creator with an image and a documented collection"
    },
    "museum_id": "national-gallery-of-umbria",
    "location_src": "National Gallery of Umbria"
   }
  },
  {
   "type": "Feature",
   "geometry": {
    "type": "Point",
    "coordinates": [
     12.38845,
     43.11156
    ]
   },
   "properties": {
    "painter": "Pietro Perugino",
    "title": "dead Christ",
    "year": "1500",
    "location": "National Gallery of Umbria",
    "city": "Perugia",
    "country": "Italy",
    "attribution": "generally accepted",
    "image": "https://commons.wikimedia.org/wiki/Special:FilePath/Anonimo%20umbro%20sec.%20XV%20XVI%20-%20Cristo%20in%20piet%C3%A0.jpg?width=500",
    "qid": "Q131433288",
    "wikidata": "https://www.wikidata.org/wiki/Q131433288",
    "_source": {
     "source": "Wikidata",
     "url": "https://www.wikidata.org/wiki/Q131433288",
     "note": "harvested: painting by this creator with an image and a documented collection"
    },
    "creation_place": "Florence",
    "creation_lat": 43.771389,
    "creation_lon": 11.254167,
    "_overrides": {
     "creation": {
      "at": "2026-08-24",
      "source": "derived",
      "note": "creation place inferred from the painter's itinerary at this work's date (approximate)"
     }
    },
    "museum_id": "national-gallery-of-umbria",
    "location_src": "National Gallery of Umbria"
   }
  },
  {
   "type": "Feature",
   "geometry": {
    "type": "Point",
    "coordinates": [
     -71.11472,
     42.37417
    ]
   },
   "properties": {
    "painter": "Pietro Perugino",
    "title": "Madonna and Child with Saints, after Perugino",
    "year": "",
    "location": "Harvard Art Museums",
    "city": "Cambridge",
    "country": "United States",
    "attribution": "generally accepted",
    "image": "https://commons.wikimedia.org/wiki/Special:FilePath/Perugino%20%28Pietro%20Vannucci%29%20-%20Madonna%20and%20Child%20with%20Saints%2C%20after%20Perugino%20-%201959.3%20-%20Fogg%20Museum.jpg?width=500",
    "qid": "Q106859798",
    "wikidata": "https://www.wikidata.org/wiki/Q106859798",
    "_source": {
     "source": "Wikidata",
     "url": "https://www.wikidata.org/wiki/Q106859798",
     "note": "harvested: painting by this creator with an image and a documented collection"
    },
    "museum_id": "harvard-art-museums",
    "location_src": "Harvard Art Museums"
   }
  }
 ]
}