{
 "type": "FeatureCollection",
 "_note": "Generated by scripts/build.py from Wikidata. Do not edit by hand — put manual fixes in the painter's overlay (data/overlay/*.json). Each feature carries _source (scraped base or manual addition) and, when edited, _overrides.",
 "features": [
  {
   "type": "Feature",
   "geometry": {
    "type": "Point",
    "coordinates": [
     2.31453,
     48.86604
    ]
   },
   "properties": {
    "painter": "Giovanni Battista Tiepolo",
    "title": "Alessandro Magno e Bucefalo",
    "year": "1758",
    "city": "Paris",
    "country": "France",
    "location": "Petit Palais",
    "kind": "museum",
    "attribution": "generally accepted",
    "status": "present",
    "medium": "Oil on canvas",
    "dimensions": "58 × 35 cm",
    "genre": "history painting",
    "image": "https://commons.wikimedia.org/wiki/Special:FilePath/Giambattista%20Tiepolo%20-%20Alexandre%20et%20Buc%C3%A9phale%20-%20PDUT887%20-%20Mus%C3%A9e%20des%20Beaux-Arts%20de%20la%20ville%20de%20Paris.jpg?width=420",
    "wikipedia_it": "https://it.wikipedia.org/wiki/Alessandro_Magno_e_Bucefalo",
    "wikidata": "https://www.wikidata.org/wiki/Q104445064",
    "creation_place": "Venice",
    "creation_lat": 45.4408,
    "creation_lon": 12.3155,
    "_source": {
     "source": "Wikidata",
     "url": "https://www.wikidata.org/wiki/Q104445064",
     "retrieved_at": "2026-08-23"
    },
    "_overrides": {
     "creation": {
      "at": "2026-08-23",
      "source": "derived from start date + Caravaggio's documented itinerary (approximate)"
     }
    },
    "museum_id": "petit-palais-2",
    "qid": "Q104445064",
    "location_src": "Petit Palais"
   }
  },
  {
   "type": "Feature",
   "geometry": {
    "type": "Point",
    "coordinates": [
     12.32814,
     45.43108
    ]
   },
   "properties": {
    "painter": "Giovanni Battista Tiepolo",
    "title": "Giambattista Tiepolo, San Domenico in gloria",
    "year": "1723",
    "city": "Venice",
    "country": "Italy",
    "location": "Gallerie dell'Accademia",
    "kind": "museum",
    "attribution": "generally accepted",
    "status": "present",
    "image": "https://commons.wikimedia.org/wiki/Special:FilePath/Accademia%20-%20Giambattista%20Tiepolo%2C%20San%20Domenico%20in%20gloria%201723.jpg?width=420",
    "wikipedia_it": "https://it.wikipedia.org/wiki/San_Domenico_in_gloria",
    "wikidata": "https://www.wikidata.org/wiki/Q107126365",
    "creation_place": "Venice",
    "creation_lat": 45.4408,
    "creation_lon": 12.3155,
    "_source": {
     "source": "Wikidata",
     "url": "https://www.wikidata.org/wiki/Q107126365",
     "retrieved_at": "2026-08-23"
    },
    "_overrides": {
     "creation": {
      "at": "2026-08-23",
      "source": "derived from start date + Caravaggio's documented itinerary (approximate)"
     }
    },
    "museum_id": "gallerie-dell-accademia",
    "qid": "Q107126365",
    "location_src": "Gallerie dell'Accademia"
   }
  },
  {
   "type": "Feature",
   "geometry": {
    "type": "Point",
    "coordinates": [
     -0.1275,
     51.50722
    ]
   },
   "properties": {
    "painter": "Giovanni Battista Tiepolo",
    "title": "Two Heads of Angels",
    "year": "1768",
    "city": "Greater London",
    "country": "United Kingdom",
    "location": "London",
    "kind": "museum",
    "attribution": "generally accepted",
    "status": "present",
    "medium": "Oil on canvas",
    "dimensions": "51.4 × 42.4 cm",
    "image": "https://commons.wikimedia.org/wiki/Special:FilePath/Saint%20Joseph%20with%20Jesus%20Child-fragment.jpg?width=420",
    "wikipedia_it": "https://it.wikipedia.org/wiki/Due_teste_di_cherubino_di_Giambattista_Tiepolo",
    "wikidata": "https://www.wikidata.org/wiki/Q107406042",
    "creation_place": "Madrid",
    "creation_lat": 40.4168,
    "creation_lon": -3.7038,
    "_source": {
     "source": "Wikidata",
     "url": "https://www.wikidata.org/wiki/Q107406042",
     "retrieved_at": "2026-08-23"
    },
    "_overrides": {
     "creation": {
      "at": "2026-08-23",
      "source": "derived from start date + Caravaggio's documented itinerary (approximate)"
     }
    },
    "museum_id": "london",
    "qid": "Q107406042",
    "location_src": "London"
   }
  },
  {
   "type": "Feature",
   "geometry": {
    "type": "Point",
    "coordinates": [
     2.3358,
     48.8611
    ]
   },
   "properties": {
    "painter": "Giovanni Battista Tiepolo",
    "title": "Juno in the Clouds",
    "year": "1735",
    "country": "France",
    "location": "Louvre",
    "kind": "museum",
    "attribution": "generally accepted",
    "status": "present",
    "dimensions": "350 × 210 cm",
    "genre": "mythological painting",
    "image": "https://commons.wikimedia.org/wiki/Special:FilePath/Junon%20au%20milieu%20des%20nu%C3%A9es%2C%20par%20Giambattista%20Tiepolo.jpg?width=420",
    "wikipedia_en": "https://en.wikipedia.org/wiki/Juno_in_the_Clouds",
    "wikipedia_it": "https://it.wikipedia.org/wiki/Giunone_tra_le_nubi",
    "wikidata": "https://www.wikidata.org/wiki/Q115669584",
    "creation_place": "Venice",
    "creation_lat": 45.4408,
    "creation_lon": 12.3155,
    "_source": {
     "source": "Wikidata",
     "url": "https://www.wikidata.org/wiki/Q115669584",
     "retrieved_at": "2026-08-23"
    },
    "_overrides": {
     "creation": {
      "at": "2026-08-23",
      "source": "derived from start date + Caravaggio's documented itinerary (approximate)"
     }
    },
    "museum_id": "louvre",
    "city": "Paris",
    "qid": "Q115669584",
    "location_src": "Louvre"
   }
  },
  {
   "type": "Feature",
   "geometry": {
    "type": "Point",
    "coordinates": [
     18.06056,
     59.36306
    ]
   },
   "properties": {
    "painter": "Giovanni Battista Tiepolo",
    "title": "Danae and Jupiter",
    "year": "1736",
    "city": "Stockholm Municipality",
    "country": "Sweden",
    "location": "Stockholm University",
    "kind": "museum",
    "attribution": "generally accepted",
    "status": "present",
    "medium": "Oil on canvas",
    "dimensions": "41 × 53 cm",
    "genre": "mythological painting",
    "image": "https://commons.wikimedia.org/wiki/Special:FilePath/Danae%20e%20Giove%20-%20Giambattista%20Tiepolo%20c.1736%20-%20Universitet%20Konsthistoriska%20Institutionen%2C%20Stockholm.jpg?width=420",
    "wikipedia_es": "https://es.wikipedia.org/wiki/J%C3%BApiter_y_D%C3%A1nae",
    "wikipedia_it": "https://it.wikipedia.org/wiki/Danae_e_Giove",
    "wikidata": "https://www.wikidata.org/wiki/Q11729455",
    "creation_place": "Venice",
    "creation_lat": 45.4408,
    "creation_lon": 12.3155,
    "_source": {
     "source": "Wikidata",
     "url": "https://www.wikidata.org/wiki/Q11729455",
     "retrieved_at": "2026-08-23"
    },
    "_overrides": {
     "creation": {
      "at": "2026-08-23",
      "source": "derived from start date + Caravaggio's documented itinerary (approximate)"
     }
    },
    "museum_id": "stockholm-university",
    "qid": "Q11729455",
    "wga_url": "https://www.wga.hu/html/t/tiepolo/gianbatt/2_1730s/08danae.html",
    "location_src": "Stockholm University"
   }
  },
  {
   "type": "Feature",
   "geometry": {
    "type": "Point",
    "coordinates": [
     12.32814,
     45.43108
    ]
   },
   "properties": {
    "painter": "Giovanni Battista Tiepolo",
    "title": "Anzia and Abrocome meet at the Feasts of Diana",
    "year": "1743",
    "city": "Venice",
    "country": "Italy",
    "location": "Gallerie dell'Accademia",
    "kind": "museum",
    "attribution": "attributed",
    "status": "present",
    "medium": "Oil on canvas",
    "image": "https://commons.wikimedia.org/wiki/Special:FilePath/%28Venice%29%20Anzia%20and%20Abrocome%20meet%20at%20the%20Feasts%20of%20Diana%20-%20Giambattista%20o%20Giandomenico%20Tiepolo%20-%20Gallerie%20Accademia.jpg?width=420",
    "wikidata": "https://www.wikidata.org/wiki/Q120885262",
    "creation_place": "Venice",
    "creation_lat": 45.4408,
    "creation_lon": 12.3155,
    "_source": {
     "source": "Wikidata",
     "url": "https://www.wikidata.org/wiki/Q120885262",
     "retrieved_at": "2026-08-23"
    },
    "_overrides": {
     "creation": {
      "at": "2026-08-23",
      "source": "derived from start date + Caravaggio's documented itinerary (approximate)"
     }
    },
    "museum_id": "gallerie-dell-accademia",
    "qid": "Q120885262",
    "location_src": "Gallerie dell'Accademia"
   }
  },
  {
   "type": "Feature",
   "geometry": {
    "type": "Point",
    "coordinates": [
     30.31361,
     59.94056
    ]
   },
   "properties": {
    "painter": "Giovanni Battista Tiepolo",
    "title": "Maecenas Presenting the Liberal Arts to Emperor Augustus",
    "year": "1743",
    "city": "Saint Petersburg",
    "country": "Russia",
    "location": "Hermitage Museum",
    "kind": "museum",
    "attribution": "generally accepted",
    "status": "present",
    "medium": "Oil on canvas",
    "dimensions": "69.5 × 89 cm",
    "image": "https://commons.wikimedia.org/wiki/Special:FilePath/Giovanni%20Battista%20Tiepolo%20-%20Maecenas%20Presenting%20the%20Liberal%20Arts%20-%201743.jpg?width=420",
    "wikipedia_it": "https://it.wikipedia.org/wiki/Mecenate_offre_le_belle_arti_all%27imperatore_Augusto",
    "wikidata": "https://www.wikidata.org/wiki/Q12123145",
    "creation_place": "Venice",
    "creation_lat": 45.4408,
    "creation_lon": 12.3155,
    "_source": {
     "source": "Wikidata",
     "url": "https://www.wikidata.org/wiki/Q12123145",
     "retrieved_at": "2026-08-23"
    },
    "_overrides": {
     "creation": {
      "at": "2026-08-23",
      "source": "derived from start date + Caravaggio's documented itinerary (approximate)"
     }
    },
    "museum_id": "hermitage-museum",
    "qid": "Q12123145",
    "wga_url": "https://www.wga.hu/html/t/tiepolo/gianbatt/3_1740s/04maecen.html",
    "location_src": "Hermitage Museum"
   }
  },
  {
   "type": "Feature",
   "geometry": {
    "type": "Point",
    "coordinates": [
     30.31361,
     59.94056
    ]
   },
   "properties": {
    "painter": "Giovanni Battista Tiepolo",
    "title": "Alexander the Great and Diogenes",
    "year": "1770",
    "city": "Saint Petersburg",
    "country": "Russia",
    "location": "Hermitage Museum",
    "kind": "museum",
    "attribution": "attributed",
    "status": "present",
    "medium": "Oil on canvas",
    "dimensions": "47 × 60 cm",
    "image": "https://commons.wikimedia.org/wiki/Special:FilePath/Giovanni%20Battista%20Tiepolo%20-%20Alexander%20the%20Great%20and%20Diogenes.jpg?width=420",
    "wikidata": "https://www.wikidata.org/wiki/Q12166548",
    "creation_place": "Madrid",
    "creation_lat": 40.4168,
    "creation_lon": -3.7038,
    "_source": {
     "source": "Wikidata",
     "url": "https://www.wikidata.org/wiki/Q12166548",
     "retrieved_at": "2026-08-23"
    },
    "_overrides": {
     "creation": {
      "at": "2026-08-23",
      "source": "derived from start date + Caravaggio's documented itinerary (approximate)"
     }
    },
    "museum_id": "hermitage-museum",
    "qid": "Q12166548",
    "location_src": "Hermitage Museum"
   }
  },
  {
   "type": "Feature",
   "geometry": {
    "type": "Point",
    "coordinates": [
     11.55639,
     45.535
    ]
   },
   "properties": {
    "painter": "Giovanni Battista Tiepolo",
    "title": "Soldati fra colonne",
    "city": "Vicenza",
    "country": "Italy",
    "location": "Villa Valmarana ai Nani",
    "kind": "museum",
    "attribution": "generally accepted",
    "status": "present",
    "image": "https://commons.wikimedia.org/wiki/Special:FilePath/Giovanni%20Battista%20Tiepolo%20042.jpg?width=420",
    "wikipedia_it": "https://it.wikipedia.org/wiki/Soldati_fra_colonne",
    "wikidata": "https://www.wikidata.org/wiki/Q122871949",
    "_source": {
     "source": "Wikidata",
     "url": "https://www.wikidata.org/wiki/Q122871949",
     "retrieved_at": "2026-08-23"
    },
    "museum_id": "villa-valmarana-ai-nani",
    "qid": "Q122871949",
    "location_src": "Villa Valmarana ai Nani"
   }
  },
  {
   "type": "Feature",
   "geometry": {
    "type": "Point",
    "coordinates": [
     12.32814,
     45.43108
    ]
   },
   "properties": {
    "painter": "Giovanni Battista Tiepolo",
    "title": "Saint Cajetan's Vision of the Holy Family",
    "year": "1735",
    "city": "Venice",
    "country": "Italy",
    "location": "Gallerie dell'Accademia",
    "kind": "museum",
    "attribution": "attributed",
    "status": "present",
    "medium": "Oil on canvas",
    "dimensions": "128 × 73 cm",
    "genre": "religious art",
    "image": "https://commons.wikimedia.org/wiki/Special:FilePath/%28Venice%29%20Saint%20Cajetan%27s%20Vision%20of%20the%20Holy%20Family%20by%20Giambattista%20Tiepolo%20-%20Gallerie%20Accademia.jpg?width=420",
    "wikidata": "https://www.wikidata.org/wiki/Q123457461",
    "creation_place": "Venice",
    "creation_lat": 45.4408,
    "creation_lon": 12.3155,
    "_source": {
     "source": "Wikidata",
     "url": "https://www.wikidata.org/wiki/Q123457461",
     "retrieved_at": "2026-08-23"
    },
    "_overrides": {
     "creation": {
      "at": "2026-08-23",
      "source": "derived from start date + Caravaggio's documented itinerary (approximate)"
     }
    },
    "museum_id": "gallerie-dell-accademia",
    "qid": "Q123457461",
    "wga_url": "https://www.wga.hu/html/t/tiepolo/gianbatt/2_1730s/10holyfa.html",
    "location_src": "Gallerie dell'Accademia"
   }
  },
  {
   "type": "Feature",
   "geometry": {
    "type": "Point",
    "coordinates": [
     12.32814,
     45.43108
    ]
   },
   "properties": {
    "painter": "Giovanni Battista Tiepolo",
    "title": "San Giuseppe con Gesù Bambino e i santi Francesco di Paola, Anna, Antonio e Pietro d'Alcántara",
    "city": "Venice",
    "country": "Italy",
    "location": "Gallerie dell'Accademia",
    "kind": "museum",
    "attribution": "attributed",
    "status": "present",
    "medium": "Oil on canvas",
    "dimensions": "210 × 114 cm",
    "image": "https://commons.wikimedia.org/wiki/Special:FilePath/%28Venice%29%20Saint%20Joseph%20with%20the%20Infant%20Jesus%20and%20Saints%20Francis%20of%20Paola%2C%20Anne%2C%20Anthony%2C%20and%20Peter%20of%20Alcantara%20by%20Giambattista%20Tiepolo%20-%20Gallerie%20Accademia.jpg?width=420",
    "wikidata": "https://www.wikidata.org/wiki/Q123457551",
    "_source": {
     "source": "Wikidata",
     "url": "https://www.wikidata.org/wiki/Q123457551",
     "retrieved_at": "2026-08-23"
    },
    "museum_id": "gallerie-dell-accademia",
    "qid": "Q123457551",
    "location_src": "Gallerie dell'Accademia"
   }
  },
  {
   "type": "Feature",
   "geometry": {
    "type": "Point",
    "coordinates": [
     12.32814,
     45.43108
    ]
   },
   "properties": {
    "painter": "Giovanni Battista Tiepolo",
    "title": "The Judgement of Midas",
    "city": "Venice",
    "country": "Italy",
    "location": "Gallerie dell'Accademia",
    "kind": "museum",
    "attribution": "attributed",
    "status": "present",
    "medium": "Oil on canvas",
    "dimensions": "103.5 × 137.3 cm",
    "image": "https://commons.wikimedia.org/wiki/Special:FilePath/%28Venice%29%20The%20Judgement%20of%20Midas%20by%20Giambattista%20Tiepolo%20-%20Gallerie%20Accademia.jpg?width=420",
    "wikidata": "https://www.wikidata.org/wiki/Q123457697",
    "_source": {
     "source": "Wikidata",
     "url": "https://www.wikidata.org/wiki/Q123457697",
     "retrieved_at": "2026-08-23"
    },
    "museum_id": "gallerie-dell-accademia",
    "qid": "Q123457697",
    "location_src": "Gallerie dell'Accademia"
   }
  },
  {
   "type": "Feature",
   "geometry": {
    "type": "Point",
    "coordinates": [
     12.32814,
     45.43108
    ]
   },
   "properties": {
    "painter": "Giovanni Battista Tiepolo",
    "title": "Madonna in Glory between Saints George and Romuald",
    "year": "1735",
    "city": "Venice",
    "country": "Italy",
    "location": "Gallerie dell'Accademia",
    "kind": "museum",
    "attribution": "attributed",
    "status": "present",
    "medium": "Oil on canvas",
    "genre": "religious art",
    "image": "https://commons.wikimedia.org/wiki/Special:FilePath/%28Venice%29%20The%20Virgin%20in%20Glory%20with%20Saints%20George%20and%20Romuald%20by%20Giambattista%20Tiepolo%20-%20Gallerie%20Accademia.jpg?width=420",
    "wikidata": "https://www.wikidata.org/wiki/Q123457778",
    "creation_place": "Venice",
    "creation_lat": 45.4408,
    "creation_lon": 12.3155,
    "_source": {
     "source": "Wikidata",
     "url": "https://www.wikidata.org/wiki/Q123457778",
     "retrieved_at": "2026-08-23"
    },
    "_overrides": {
     "creation": {
      "at": "2026-08-23",
      "source": "derived from start date + Caravaggio's documented itinerary (approximate)"
     }
    },
    "museum_id": "gallerie-dell-accademia",
    "qid": "Q123457778",
    "location_src": "Gallerie dell'Accademia"
   }
  },
  {
   "type": "Feature",
   "geometry": {
    "type": "Point",
    "coordinates": [
     12.32814,
     45.43108
    ]
   },
   "properties": {
    "painter": "Giovanni Battista Tiepolo",
    "title": "Diana and Callisto",
    "year": "1720",
    "city": "Venice",
    "country": "Italy",
    "location": "Gallerie dell'Accademia",
    "kind": "museum",
    "attribution": "attributed",
    "status": "present",
    "medium": "Oil on canvas",
    "image": "https://commons.wikimedia.org/wiki/Special:FilePath/Accademia%20-%20Diana%20e%20Callisto%20-%20Giambattista%20Tiepolo%201720-22.jpg?width=420",
    "wikidata": "https://www.wikidata.org/wiki/Q124251807",
    "creation_place": "Venice",
    "creation_lat": 45.4408,
    "creation_lon": 12.3155,
    "_source": {
     "source": "Wikidata",
     "url": "https://www.wikidata.org/wiki/Q124251807",
     "retrieved_at": "2026-08-23"
    },
    "_overrides": {
     "creation": {
      "at": "2026-08-23",
      "source": "derived from start date + Caravaggio's documented itinerary (approximate)"
     }
    },
    "museum_id": "gallerie-dell-accademia",
    "qid": "Q124251807",
    "location_src": "Gallerie dell'Accademia"
   }
  },
  {
   "type": "Feature",
   "geometry": {
    "type": "Point",
    "coordinates": [
     12.32814,
     45.43108
    ]
   },
   "properties": {
    "painter": "Giovanni Battista Tiepolo",
    "title": "The Feast of the Cross",
    "year": "1740",
    "city": "Venice",
    "country": "Italy",
    "location": "Gallerie dell'Accademia",
    "kind": "museum",
    "attribution": "attributed",
    "status": "present",
    "medium": "Oil on canvas",
    "dimensions": "51 × 49 cm",
    "genre": "religious art",
    "image": "https://commons.wikimedia.org/wiki/Special:FilePath/Accademia%20-%20Giambattista%20Tiepolo%2C%20L%27esaltazion%20della%20Croce%20e%20sant%27Elena.jpg?width=420",
    "wikidata": "https://www.wikidata.org/wiki/Q124252012",
    "creation_place": "Venice",
    "creation_lat": 45.4408,
    "creation_lon": 12.3155,
    "_source": {
     "source": "Wikidata",
     "url": "https://www.wikidata.org/wiki/Q124252012",
     "retrieved_at": "2026-08-23"
    },
    "_overrides": {
     "creation": {
      "at": "2026-08-23",
      "source": "derived from start date + Caravaggio's documented itinerary (approximate)"
     }
    },
    "museum_id": "gallerie-dell-accademia",
    "qid": "Q124252012",
    "location_src": "Gallerie dell'Accademia"
   }
  },
  {
   "type": "Feature",
   "geometry": {
    "type": "Point",
    "coordinates": [
     12.32814,
     45.43108
    ]
   },
   "properties": {
    "painter": "Giovanni Battista Tiepolo",
    "title": "The scourge of Snakes",
    "year": "1732",
    "city": "Venice",
    "country": "Italy",
    "location": "Gallerie dell'Accademia",
    "kind": "museum",
    "attribution": "attributed",
    "status": "present",
    "medium": "Oil on canvas",
    "image": "https://commons.wikimedia.org/wiki/Special:FilePath/Accademia%20-%20Castigo%20dei%20serpenti%20-%20Giambattista%20Tiepolo%20cat.343.jpg?width=420",
    "wikidata": "https://www.wikidata.org/wiki/Q124252030",
    "creation_place": "Venice",
    "creation_lat": 45.4408,
    "creation_lon": 12.3155,
    "_source": {
     "source": "Wikidata",
     "url": "https://www.wikidata.org/wiki/Q124252030",
     "retrieved_at": "2026-08-23"
    },
    "_overrides": {
     "creation": {
      "at": "2026-08-23",
      "source": "derived from start date + Caravaggio's documented itinerary (approximate)"
     }
    },
    "museum_id": "gallerie-dell-accademia",
    "qid": "Q124252030",
    "location_src": "Gallerie dell'Accademia"
   }
  },
  {
   "type": "Feature",
   "geometry": {
    "type": "Point",
    "coordinates": [
     12.32814,
     45.43108
    ]
   },
   "properties": {
    "painter": "Giovanni Battista Tiepolo",
    "title": "Institution of the Rosary",
    "year": "1737",
    "city": "Venice",
    "country": "Italy",
    "location": "Gallerie dell'Accademia",
    "kind": "museum",
    "attribution": "attributed",
    "status": "present",
    "medium": "Oil on canvas",
    "genre": "religious art",
    "image": "https://commons.wikimedia.org/wiki/Special:FilePath/Accademia%20-%20Istituzione%20del%20Rosario%20-%20Giambattista%20Tiepolo.jpg?width=420",
    "wikidata": "https://www.wikidata.org/wiki/Q124253391",
    "creation_place": "Venice",
    "creation_lat": 45.4408,
    "creation_lon": 12.3155,
    "_source": {
     "source": "Wikidata",
     "url": "https://www.wikidata.org/wiki/Q124253391",
     "retrieved_at": "2026-08-23"
    },
    "_overrides": {
     "creation": {
      "at": "2026-08-23",
      "source": "derived from start date + Caravaggio's documented itinerary (approximate)"
     }
    },
    "museum_id": "gallerie-dell-accademia",
    "qid": "Q124253391",
    "location_src": "Gallerie dell'Accademia"
   }
  },
  {
   "type": "Feature",
   "geometry": {
    "type": "Point",
    "coordinates": [
     12.32814,
     45.43108
    ]
   },
   "properties": {
    "painter": "Giovanni Battista Tiepolo",
    "title": "Transportation of the Holy House of Loreto",
    "city": "Venice",
    "country": "Italy",
    "location": "Gallerie dell'Accademia",
    "kind": "museum",
    "attribution": "attributed",
    "status": "present",
    "dimensions": "124 × 85 cm",
    "image": "https://commons.wikimedia.org/wiki/Special:FilePath/Accademia%20-%20Trasporto%20della%20Santa%20Casa%20di%20Loreto%20by%20Giambattista%20Tiepolo.jpg?width=420",
    "wikidata": "https://www.wikidata.org/wiki/Q124253770",
    "_source": {
     "source": "Wikidata",
     "url": "https://www.wikidata.org/wiki/Q124253770",
     "retrieved_at": "2026-08-23"
    },
    "museum_id": "gallerie-dell-accademia",
    "qid": "Q124253770",
    "location_src": "Gallerie dell'Accademia"
   }
  },
  {
   "type": "Feature",
   "geometry": {
    "type": "Point",
    "coordinates": [
     6.02306,
     47.24028
    ]
   },
   "properties": {
    "painter": "Giovanni Battista Tiepolo",
    "title": "Q130646848",
    "year": "1733",
    "city": "Besançon",
    "country": "France",
    "location": "Musée des Beaux-Arts et d'Archéologie de Besançon",
    "kind": "museum",
    "attribution": "attributed",
    "status": "present",
    "medium": "Oil on canvas",
    "dimensions": "53.5 × 42.5 cm",
    "genre": "religious art",
    "image": "https://commons.wikimedia.org/wiki/Special:FilePath/Tiepolo%20-%20Saint%20Roch%2C%201730%20entre%20%3B%201735%20et%2C%20896.1.103.jpg?width=420",
    "wikidata": "https://www.wikidata.org/wiki/Q130646848",
    "creation_place": "Venice",
    "creation_lat": 45.4408,
    "creation_lon": 12.3155,
    "_source": {
     "source": "Wikidata",
     "url": "https://www.wikidata.org/wiki/Q130646848",
     "retrieved_at": "2026-08-23"
    },
    "_overrides": {
     "creation": {
      "at": "2026-08-23",
      "source": "derived from start date + Caravaggio's documented itinerary (approximate)"
     }
    },
    "museum_id": "musee-des-beaux-arts-et-d-archeologie-de-besancon",
    "qid": "Q130646848",
    "_merged": [
     {
      "source": "Wikidata",
      "title": "Saint Roch",
      "qid": "Q130646848",
      "url": "https://www.wikidata.org/wiki/Q130646848"
     }
    ],
    "location_src": "Musée des Beaux-Arts et d'Archéologie de Besançon"
   }
  },
  {
   "type": "Feature",
   "geometry": {
    "type": "Point",
    "coordinates": [
     12.327222,
     45.429444
    ]
   },
   "properties": {
    "painter": "Giovanni Battista Tiepolo",
    "title": "The Virgin Appearing to Dominican Saints",
    "year": "1747",
    "city": "Venice",
    "country": "Italy",
    "location": "Gesuati",
    "kind": "church",
    "attribution": "attributed",
    "status": "present",
    "medium": "Oil on canvas",
    "dimensions": "340 × 168 cm",
    "genre": "religious art",
    "image": "https://commons.wikimedia.org/wiki/Special:FilePath/Santa%20Maria%20del%20Rosario%20%28Venice%29%20Tiepolo%20-%20The%20Virgin%20Appearing%20to%20Dominican%20Saints.jpg?width=420",
    "wikidata": "https://www.wikidata.org/wiki/Q131100772",
    "creation_place": "Venice",
    "creation_lat": 45.4408,
    "creation_lon": 12.3155,
    "_source": {
     "source": "Wikidata",
     "url": "https://www.wikidata.org/wiki/Q131100772",
     "retrieved_at": "2026-08-23"
    },
    "_overrides": {
     "creation": {
      "at": "2026-08-23",
      "source": "derived from start date + Caravaggio's documented itinerary (approximate)"
     }
    },
    "museum_id": "gesuati",
    "qid": "Q131100772",
    "wga_url": "https://www.wga.hu/html/t/tiepolo/gianbatt/2_gesuat/10gesuat.html",
    "location_src": "Gesuati"
   }
  },
  {
   "type": "Feature",
   "geometry": {
    "type": "Point",
    "coordinates": [
     12.32435,
     45.43409
    ]
   },
   "properties": {
    "painter": "Giovanni Battista Tiepolo",
    "title": "Zephir and Flora",
    "city": "Venice",
    "country": "Italy",
    "location": "Ca' Rezzonico",
    "kind": "museum",
    "attribution": "attributed",
    "status": "present",
    "image": "https://commons.wikimedia.org/wiki/Special:FilePath/Tiepolo%2C%20Giovanni%20Battista%20-%20The%20Triumph%20of%20Zephyr%20and%20Flora%20-%201734-35.jpg?width=420",
    "wikidata": "https://www.wikidata.org/wiki/Q131579682",
    "_source": {
     "source": "Wikidata",
     "url": "https://www.wikidata.org/wiki/Q131579682",
     "retrieved_at": "2026-08-23"
    },
    "museum_id": "ca-rezzonico",
    "qid": "Q131579682",
    "location_src": "Ca' Rezzonico"
   }
  },
  {
   "type": "Feature",
   "geometry": {
    "type": "Point",
    "coordinates": [
     12.25055,
     45.66703
    ]
   },
   "properties": {
    "painter": "Giovanni Battista Tiepolo",
    "title": "Flora",
    "year": "1650",
    "city": "Treviso",
    "country": "Italy",
    "location": "Complesso di santa Caterina",
    "kind": "museum",
    "attribution": "attributed",
    "status": "present",
    "medium": "Fresco",
    "image": "https://commons.wikimedia.org/wiki/Special:FilePath/%28Treviso%29%20Flora%20-%20Giambattista%20Tiepolo%20-%20Museo%20civico%20di%20Santa%20Caterina.jpg?width=420",
    "wikidata": "https://www.wikidata.org/wiki/Q134721265",
    "_source": {
     "source": "Wikidata",
     "url": "https://www.wikidata.org/wiki/Q134721265",
     "retrieved_at": "2026-08-23"
    },
    "museum_id": "complesso-di-santa-caterina",
    "qid": "Q134721265",
    "location_src": "Complesso di santa Caterina"
   }
  },
  {
   "type": "Feature",
   "geometry": {
    "type": "Point",
    "coordinates": [
     2.3358,
     48.8611
    ]
   },
   "properties": {
    "painter": "Giovanni Battista Tiepolo",
    "title": "Pulcinella colpevole",
    "year": "1740",
    "city": "Paris",
    "country": "France",
    "location": "Louvre",
    "kind": "museum",
    "attribution": "generally accepted",
    "status": "present",
    "medium": "Oil on canvas",
    "dimensions": "102 × 164 cm",
    "image": "https://commons.wikimedia.org/wiki/Special:FilePath/Polichinelle%20coupable%2C%20par%20Giambattista%20Tiepolo.jpg?width=420",
    "wikipedia_it": "https://it.wikipedia.org/wiki/Pulcinella_colpevole",
    "wikidata": "https://www.wikidata.org/wiki/Q135841094",
    "creation_place": "Venice",
    "creation_lat": 45.4408,
    "creation_lon": 12.3155,
    "_source": {
     "source": "Wikidata",
     "url": "https://www.wikidata.org/wiki/Q135841094",
     "retrieved_at": "2026-08-23"
    },
    "_overrides": {
     "creation": {
      "at": "2026-08-23",
      "source": "derived from start date + Caravaggio's documented itinerary (approximate)"
     }
    },
    "museum_id": "louvre",
    "qid": "Q135841094",
    "location_src": "Louvre"
   }
  },
  {
   "type": "Feature",
   "geometry": {
    "type": "Point",
    "coordinates": [
     12.4175,
     45.48556
    ]
   },
   "properties": {
    "painter": "Giovanni Battista Tiepolo",
    "title": "The Crucifixion of Christ",
    "year": "1725",
    "city": "Venice",
    "country": "Italy",
    "location": "Burano",
    "kind": "museum",
    "attribution": "attributed",
    "status": "present",
    "genre": "religious art",
    "image": "https://commons.wikimedia.org/wiki/Special:FilePath/Giambattista%20tiepolo%2C%20crocifissione%20di%20burano%2C%201725%2C%2002.jpg?width=420",
    "wikidata": "https://www.wikidata.org/wiki/Q136690741",
    "creation_place": "Venice",
    "creation_lat": 45.4408,
    "creation_lon": 12.3155,
    "_source": {
     "source": "Wikidata",
     "url": "https://www.wikidata.org/wiki/Q136690741",
     "retrieved_at": "2026-08-23"
    },
    "_overrides": {
     "creation": {
      "at": "2026-08-23",
      "source": "derived from start date + Caravaggio's documented itinerary (approximate)"
     }
    },
    "museum_id": "burano",
    "qid": "Q136690741",
    "location_src": "Burano"
   }
  },
  {
   "type": "Feature",
   "geometry": {
    "type": "Point",
    "coordinates": [
     10.98778,
     45.44
    ]
   },
   "properties": {
    "painter": "Giovanni Battista Tiepolo",
    "title": "Heliodorus plunders the temple",
    "year": "1720-1724",
    "city": "Verona",
    "country": "Italy",
    "location": "Castelvecchio Museum",
    "kind": "museum",
    "attribution": "generally accepted",
    "status": "present",
    "dimensions": "195 × 231 cm",
    "genre": "religious art",
    "image": "https://commons.wikimedia.org/wiki/Special:FilePath/Tiepolo%20-%20Eliodoro%20ed%20Onias%20-%20Museo%20Castelvecchio%20-%20Verona.jpg?width=420",
    "wikipedia_it": "https://it.wikipedia.org/wiki/Eliodoro_saccheggia_il_tempio",
    "wikidata": "https://www.wikidata.org/wiki/Q16551690",
    "creation_place": "Venice",
    "creation_lat": 45.4408,
    "creation_lon": 12.3155,
    "_source": {
     "source": "Wikidata",
     "url": "https://www.wikidata.org/wiki/Q16551690",
     "retrieved_at": "2026-08-23"
    },
    "_overrides": {
     "creation": {
      "at": "2026-08-23",
      "source": "derived from start date + Caravaggio's documented itinerary (approximate)"
     }
    },
    "museum_id": "castelvecchio-museum",
    "qid": "Q16551690",
    "location_src": "Castelvecchio Museum"
   }
  },
  {
   "type": "Feature",
   "geometry": {
    "type": "Point",
    "coordinates": [
     -9.16072,
     38.7053
    ]
   },
   "properties": {
    "painter": "Giovanni Battista Tiepolo",
    "title": "Deposition",
    "year": "1767",
    "city": "Estrela",
    "country": "Portugal",
    "location": "National Museum of Ancient Art",
    "kind": "museum",
    "attribution": "generally accepted",
    "status": "present",
    "medium": "Oil on canvas",
    "genre": "religious art",
    "image": "https://commons.wikimedia.org/wiki/Special:FilePath/Deposicao%20Cristo%20Tumulo-Tie.jpg?width=420",
    "wikipedia_en": "https://en.wikipedia.org/wiki/Deposition_(Tiepolo)",
    "wikipedia_it": "https://it.wikipedia.org/wiki/Deposizione_del_corpo_di_Cristo_nel_sepolcro_(Giambattista_Tiepolo)",
    "wikidata": "https://www.wikidata.org/wiki/Q17390181",
    "creation_place": "Madrid",
    "creation_lat": 40.4168,
    "creation_lon": -3.7038,
    "_source": {
     "source": "Wikidata",
     "url": "https://www.wikidata.org/wiki/Q17390181",
     "retrieved_at": "2026-08-23"
    },
    "_overrides": {
     "creation": {
      "at": "2026-08-23",
      "source": "derived from start date + Caravaggio's documented itinerary (approximate)"
     }
    },
    "museum_id": "national-museum-of-ancient-art",
    "qid": "Q17390181",
    "location_src": "National Museum of Ancient Art"
   }
  },
  {
   "type": "Feature",
   "geometry": {
    "type": "Point",
    "coordinates": [
     144.96889,
     -37.8225
    ]
   },
   "properties": {
    "painter": "Giovanni Battista Tiepolo",
    "title": "The Banquet of Cleopatra",
    "year": "1743",
    "city": "City of Melbourne",
    "country": "Australia",
    "location": "National Gallery of Victoria",
    "kind": "museum",
    "attribution": "generally accepted",
    "status": "present",
    "medium": "Oil on canvas",
    "dimensions": "250.3 × 357 cm",
    "genre": "history painting",
    "image": "https://commons.wikimedia.org/wiki/Special:FilePath/Giambattista%20Tiepolo%20-%20The%20Banquet%20of%20Cleopatra%20-%20Google%20Art%20Project.jpg?width=420",
    "wikipedia_en": "https://en.wikipedia.org/wiki/The_Banquet_of_Cleopatra_(Tiepolo)",
    "wikipedia_it": "https://it.wikipedia.org/wiki/Banchetto_di_Antonio_e_Cleopatra",
    "wikidata": "https://www.wikidata.org/wiki/Q18167078",
    "creation_place": "Venice",
    "creation_lat": 45.4408,
    "creation_lon": 12.3155,
    "_source": {
     "source": "Wikidata",
     "url": "https://www.wikidata.org/wiki/Q18167078",
     "retrieved_at": "2026-08-23"
    },
    "_overrides": {
     "creation": {
      "at": "2026-08-23",
      "source": "derived from start date + Caravaggio's documented itinerary (approximate)"
     }
    },
    "museum_id": "national-gallery-of-victoria",
    "qid": "Q18167078",
    "wga_url": "https://www.wga.hu/html/t/tiepolo/gianbatt/4labia/2banque3.html",
    "location_src": "National Gallery of Victoria"
   }
  },
  {
   "type": "Feature",
   "geometry": {
    "type": "Point",
    "coordinates": [
     -73.57976,
     45.49915
    ]
   },
   "properties": {
    "painter": "Giovanni Battista Tiepolo",
    "title": "Apelles Painting Campaspe",
    "year": "1725",
    "city": "Montreal",
    "country": "Canada",
    "location": "Montreal Museum of Fine Arts",
    "kind": "museum",
    "attribution": "generally accepted",
    "status": "present",
    "medium": "Oil on canvas",
    "dimensions": "54 × 74 cm",
    "image": "https://commons.wikimedia.org/wiki/Special:FilePath/Giovanni%20Battista%20Tiepolo%20002.jpg?width=420",
    "wikipedia_it": "https://it.wikipedia.org/wiki/Alessandro_e_Campaspe_nello_studio_di_Apelle",
    "wikidata": "https://www.wikidata.org/wiki/Q18522901",
    "creation_place": "Venice",
    "creation_lat": 45.4408,
    "creation_lon": 12.3155,
    "_source": {
     "source": "Wikidata",
     "url": "https://www.wikidata.org/wiki/Q18522901",
     "retrieved_at": "2026-08-23"
    },
    "_overrides": {
     "creation": {
      "at": "2026-08-23",
      "source": "derived from start date + Caravaggio's documented itinerary (approximate)"
     }
    },
    "museum_id": "montreal-museum-of-fine-arts",
    "qid": "Q18522901",
    "location_src": "Montreal Museum of Fine Arts"
   }
  },
  {
   "type": "Feature",
   "geometry": {
    "type": "Point",
    "coordinates": [
     2.3358,
     48.8611
    ]
   },
   "properties": {
    "painter": "Giovanni Battista Tiepolo",
    "title": "The Last Supper",
    "year": "1747",
    "country": "France",
    "location": "Louvre",
    "kind": "museum",
    "attribution": "attributed",
    "status": "present",
    "medium": "Oil on canvas",
    "dimensions": "80.5 × 89.5 cm",
    "genre": "religious art",
    "image": "https://commons.wikimedia.org/wiki/Special:FilePath/Giovanni%20Battista%20Tiepolo%20-%20The%20Last%20Supper%20-%20WGA22295.jpg?width=420",
    "wikidata": "https://www.wikidata.org/wiki/Q18573905",
    "creation_place": "Venice",
    "creation_lat": 45.4408,
    "creation_lon": 12.3155,
    "_source": {
     "source": "Wikidata",
     "url": "https://www.wikidata.org/wiki/Q18573905",
     "retrieved_at": "2026-08-23"
    },
    "_overrides": {
     "creation": {
      "at": "2026-08-23",
      "source": "derived from start date + Caravaggio's documented itinerary (approximate)"
     }
    },
    "museum_id": "louvre",
    "city": "Paris",
    "qid": "Q18573905",
    "wga_url": "https://www.wga.hu/html/t/tiepolo/gianbatt/3_1740s/08lastsu.html",
    "location_src": "Louvre"
   }
  },
  {
   "type": "Feature",
   "geometry": {
    "type": "Point",
    "coordinates": [
     2.3358,
     48.8611
    ]
   },
   "properties": {
    "painter": "Giovanni Battista Tiepolo",
    "title": "Apollo and Daphne",
    "year": "1743",
    "country": "France",
    "location": "Louvre",
    "kind": "museum",
    "attribution": "generally accepted",
    "status": "present",
    "medium": "Oil on canvas",
    "dimensions": "96 × 79 cm",
    "genre": "mythological painting",
    "image": "https://commons.wikimedia.org/wiki/Special:FilePath/Giovanni%20Battista%20Tiepolo%20-%20Apollo%20and%20Daphne%20-%20WGA22293.jpg?width=420",
    "wikipedia_it": "https://it.wikipedia.org/wiki/Apollo_e_Dafne_(Giambattista_Tiepolo)",
    "wikidata": "https://www.wikidata.org/wiki/Q18573906",
    "creation_place": "Venice",
    "creation_lat": 45.4408,
    "creation_lon": 12.3155,
    "_source": {
     "source": "Wikidata",
     "url": "https://www.wikidata.org/wiki/Q18573906",
     "retrieved_at": "2026-08-23"
    },
    "_overrides": {
     "creation": {
      "at": "2026-08-23",
      "source": "derived from start date + Caravaggio's documented itinerary (approximate)"
     }
    },
    "museum_id": "louvre",
    "city": "Paris",
    "qid": "Q18573906",
    "wga_url": "https://www.wga.hu/html/t/tiepolo/gianbatt/3_1740s/06daphne.html",
    "location_src": "Louvre"
   }
  },
  {
   "type": "Feature",
   "geometry": {
    "type": "Point",
    "coordinates": [
     2.3358,
     48.8611
    ]
   },
   "properties": {
    "painter": "Giovanni Battista Tiepolo",
    "title": "Apparition of the Virgin to St. Simon Stock",
    "year": "1746",
    "country": "France",
    "location": "Louvre",
    "kind": "museum",
    "attribution": "attributed",
    "status": "present",
    "medium": "Oil on canvas",
    "dimensions": "66 × 42 cm",
    "genre": "religious art",
    "image": "https://commons.wikimedia.org/wiki/Special:FilePath/Giovanni%20Battista%20Tiepolo%20-%20Apparition%20of%20the%20Virgin%20to%20St%20Simon%20Stock%20-%20WGA22299.jpg?width=420",
    "wikidata": "https://www.wikidata.org/wiki/Q18573911",
    "creation_place": "Venice",
    "creation_lat": 45.4408,
    "creation_lon": 12.3155,
    "_source": {
     "source": "Wikidata",
     "url": "https://www.wikidata.org/wiki/Q18573911",
     "retrieved_at": "2026-08-23"
    },
    "_overrides": {
     "creation": {
      "at": "2026-08-23",
      "source": "derived from start date + Caravaggio's documented itinerary (approximate)"
     }
    },
    "museum_id": "louvre",
    "city": "Paris",
    "qid": "Q18573911",
    "wga_url": "https://www.wga.hu/html/t/tiepolo/gianbatt/3_1740s/111carmi.html",
    "location_src": "Louvre"
   }
  },
  {
   "type": "Feature",
   "geometry": {
    "type": "Point",
    "coordinates": [
     2.3358,
     48.8611
    ]
   },
   "properties": {
    "painter": "Giovanni Battista Tiepolo",
    "title": "Project for an Overdoor",
    "year": "1762",
    "country": "France",
    "location": "Louvre",
    "kind": "museum",
    "attribution": "attributed",
    "status": "present",
    "medium": "Oil on canvas",
    "dimensions": "67 × 31 cm",
    "genre": "interior view",
    "image": "https://commons.wikimedia.org/wiki/Special:FilePath/Tiepolo%20-%20Projet%20de%20d%C3%A9cor%20pour%20un%20dessus-de-porte%2C%20vers%201762%2C%20RF%202006%2013.jpg?width=420",
    "wikidata": "https://www.wikidata.org/wiki/Q18573914",
    "creation_place": "Venice",
    "creation_lat": 45.4408,
    "creation_lon": 12.3155,
    "_source": {
     "source": "Wikidata",
     "url": "https://www.wikidata.org/wiki/Q18573914",
     "retrieved_at": "2026-08-23"
    },
    "_overrides": {
     "creation": {
      "at": "2026-08-23",
      "source": "derived from start date + Caravaggio's documented itinerary (approximate)"
     }
    },
    "museum_id": "louvre",
    "city": "Paris",
    "qid": "Q18573914",
    "location_src": "Louvre"
   }
  },
  {
   "type": "Feature",
   "geometry": {
    "type": "Point",
    "coordinates": [
     -3.22389,
     55.95194
    ]
   },
   "properties": {
    "painter": "Giovanni Battista Tiepolo",
    "title": "The Meeting of Anthony and Cleopatra",
    "year": "1747",
    "city": "City of Edinburgh",
    "country": "United Kingdom",
    "location": "National Galleries of Scotland",
    "kind": "museum",
    "attribution": "generally accepted",
    "status": "present",
    "medium": "Oil on canvas",
    "dimensions": "66.8 × 38.4 cm",
    "image": "https://commons.wikimedia.org/wiki/Special:FilePath/Giovanni%20Battista%20Tiepolo%20-%20The%20Meeting%20of%20Anthony%20and%20Cleopatra%20-%20NG%2091%20-%20National%20Galleries%20of%20Scotland.jpg?width=420",
    "wikipedia_it": "https://it.wikipedia.org/wiki/Incontro_di_Antonio_e_Cleopatra",
    "wikidata": "https://www.wikidata.org/wiki/Q18684494",
    "creation_place": "Venice",
    "creation_lat": 45.4408,
    "creation_lon": 12.3155,
    "_source": {
     "source": "Wikidata",
     "url": "https://www.wikidata.org/wiki/Q18684494",
     "retrieved_at": "2026-08-23"
    },
    "_overrides": {
     "creation": {
      "at": "2026-08-23",
      "source": "derived from start date + Caravaggio's documented itinerary (approximate)"
     }
    },
    "museum_id": "national-galleries-of-scotland",
    "qid": "Q18684494",
    "location_src": "National Galleries of Scotland"
   }
  },
  {
   "type": "Feature",
   "geometry": {
    "type": "Point",
    "coordinates": [
     -75.18139,
     39.96583
    ]
   },
   "properties": {
    "painter": "Giovanni Battista Tiepolo",
    "title": "Sketch for \"Venus and Vulcan\"",
    "year": "1765",
    "city": "Philadelphia",
    "country": "United States",
    "location": "Philadelphia Museum of Art",
    "kind": "museum",
    "attribution": "attributed",
    "status": "present",
    "medium": "Oil on paper",
    "dimensions": "69 × 87 cm",
    "genre": "mythological painting",
    "image": "https://commons.wikimedia.org/wiki/Special:FilePath/Giovanni%20Battista%20Tiepolo%2C%20Italian%20%28active%20Venice%2C%20Udine%2C%20W%C3%BCrzburg%2C%20and%20Madrid%29%20-%20Sketch%20for%20%22Venus%20and%20Vulcan%22%20-%20Google%20Art%20Project.jpg?width=420",
    "wikidata": "https://www.wikidata.org/wiki/Q18685782",
    "creation_place": "Madrid",
    "creation_lat": 40.4168,
    "creation_lon": -3.7038,
    "_source": {
     "source": "Wikidata",
     "url": "https://www.wikidata.org/wiki/Q18685782",
     "retrieved_at": "2026-08-23"
    },
    "_overrides": {
     "creation": {
      "at": "2026-08-23",
      "source": "derived from start date + Caravaggio's documented itinerary (approximate)"
     }
    },
    "museum_id": "philadelphia-museum-of-art",
    "qid": "Q18685782",
    "location_src": "Philadelphia Museum of Art"
   }
  },
  {
   "type": "Feature",
   "geometry": {
    "type": "Point",
    "coordinates": [
     -73.9672,
     40.7711
    ]
   },
   "properties": {
    "painter": "Giovanni Battista Tiepolo",
    "title": "Perseus and Andromeda",
    "year": "1730",
    "city": "New York",
    "country": "United States",
    "location": "Frick Collection",
    "kind": "museum",
    "attribution": "generally accepted",
    "status": "present",
    "medium": "Oil on canvas",
    "dimensions": "51.8 × 40.6 cm",
    "genre": "mythological painting",
    "image": "https://commons.wikimedia.org/wiki/Special:FilePath/Tiepolo%20-%20Perseus%20and%20Andromeda%2C%20ca.%201730%E2%80%9331.jpg?width=420",
    "wikipedia_it": "https://it.wikipedia.org/wiki/Perseo_e_Andromeda_(Tiepolo)",
    "wikidata": "https://www.wikidata.org/wiki/Q19857388",
    "creation_place": "Venice",
    "creation_lat": 45.4408,
    "creation_lon": 12.3155,
    "_source": {
     "source": "Wikidata",
     "url": "https://www.wikidata.org/wiki/Q19857388",
     "retrieved_at": "2026-08-23"
    },
    "_overrides": {
     "creation": {
      "at": "2026-08-23",
      "source": "derived from start date + Caravaggio's documented itinerary (approximate)"
     }
    },
    "museum_id": "frick-collection",
    "qid": "Q19857388",
    "location_src": "Frick Collection"
   }
  },
  {
   "type": "Feature",
   "geometry": {
    "type": "Point",
    "coordinates": [
     -73.9631,
     40.7794
    ]
   },
   "properties": {
    "painter": "Giovanni Battista Tiepolo",
    "title": "A Female Allegorical Figure",
    "year": "1740",
    "city": "New York",
    "country": "United States",
    "location": "Metropolitan Museum of Art",
    "kind": "museum",
    "attribution": "attributed",
    "status": "present",
    "medium": "Oil on canvas",
    "dimensions": "81.3 × 63.2 cm",
    "genre": "allegory",
    "image": "https://commons.wikimedia.org/wiki/Special:FilePath/A%20Female%20Allegorical%20Figure%20MET%20Wrightsman%201984%2049.jpg?width=420",
    "wikidata": "https://www.wikidata.org/wiki/Q19905345",
    "creation_place": "Venice",
    "creation_lat": 45.4408,
    "creation_lon": 12.3155,
    "_source": {
     "source": "Wikidata",
     "url": "https://www.wikidata.org/wiki/Q19905345",
     "retrieved_at": "2026-08-23"
    },
    "_overrides": {
     "creation": {
      "at": "2026-08-23",
      "source": "derived from start date + Caravaggio's documented itinerary (approximate)"
     }
    },
    "museum_id": "metropolitan-museum-of-art",
    "qid": "Q19905345",
    "location_src": "Metropolitan Museum of Art"
   }
  },
  {
   "type": "Feature",
   "geometry": {
    "type": "Point",
    "coordinates": [
     -73.9631,
     40.7794
    ]
   },
   "properties": {
    "painter": "Giovanni Battista Tiepolo",
    "title": "The Capture of Carthage",
    "year": "1725",
    "city": "New York",
    "country": "United States",
    "location": "Metropolitan Museum of Art",
    "kind": "museum",
    "attribution": "attributed",
    "status": "present",
    "medium": "Oil on canvas",
    "dimensions": "411.5 × 376.9 cm",
    "image": "https://commons.wikimedia.org/wiki/Special:FilePath/Capture%20of%20Carthage%20bY%20GB%20Tiepolo.jpg?width=420",
    "wikidata": "https://www.wikidata.org/wiki/Q19911487",
    "creation_place": "Venice",
    "creation_lat": 45.4408,
    "creation_lon": 12.3155,
    "_source": {
     "source": "Wikidata",
     "url": "https://www.wikidata.org/wiki/Q19911487",
     "retrieved_at": "2026-08-23"
    },
    "_overrides": {
     "creation": {
      "at": "2026-08-23",
      "source": "derived from start date + Caravaggio's documented itinerary (approximate)"
     }
    },
    "museum_id": "metropolitan-museum-of-art",
    "qid": "Q19911487",
    "location_src": "Metropolitan Museum of Art"
   }
  },
  {
   "type": "Feature",
   "geometry": {
    "type": "Point",
    "coordinates": [
     -73.9631,
     40.7794
    ]
   },
   "properties": {
    "painter": "Giovanni Battista Tiepolo",
    "title": "The Battle of Vercellae",
    "year": "1725",
    "city": "New York",
    "country": "United States",
    "location": "Metropolitan Museum of Art",
    "kind": "museum",
    "attribution": "attributed",
    "status": "present",
    "medium": "Oil on canvas",
    "dimensions": "411.5 × 376.9 cm",
    "image": "https://commons.wikimedia.org/wiki/Special:FilePath/Battle%20of%20Vercellae%20by%20Giovanni%20Battista%20Tiepolo.jpg?width=420",
    "wikidata": "https://www.wikidata.org/wiki/Q19911502",
    "creation_place": "Venice",
    "creation_lat": 45.4408,
    "creation_lon": 12.3155,
    "_source": {
     "source": "Wikidata",
     "url": "https://www.wikidata.org/wiki/Q19911502",
     "retrieved_at": "2026-08-23"
    },
    "_overrides": {
     "creation": {
      "at": "2026-08-23",
      "source": "derived from start date + Caravaggio's documented itinerary (approximate)"
     }
    },
    "museum_id": "metropolitan-museum-of-art",
    "qid": "Q19911502",
    "location_src": "Metropolitan Museum of Art"
   }
  },
  {
   "type": "Feature",
   "geometry": {
    "type": "Point",
    "coordinates": [
     -73.9631,
     40.7794
    ]
   },
   "properties": {
    "painter": "Giovanni Battista Tiepolo",
    "title": "The Triumph of Marius",
    "year": "1729",
    "city": "New York",
    "country": "United States",
    "location": "Metropolitan Museum of Art",
    "kind": "museum",
    "attribution": "attributed",
    "status": "present",
    "medium": "Oil on canvas",
    "dimensions": "558.8 × 326.7 cm",
    "image": "https://commons.wikimedia.org/wiki/Special:FilePath/Triumph%20of%20Marius.jpg?width=420",
    "wikidata": "https://www.wikidata.org/wiki/Q19911521",
    "creation_place": "Venice",
    "creation_lat": 45.4408,
    "creation_lon": 12.3155,
    "_source": {
     "source": "Wikidata",
     "url": "https://www.wikidata.org/wiki/Q19911521",
     "retrieved_at": "2026-08-23"
    },
    "_overrides": {
     "creation": {
      "at": "2026-08-23",
      "source": "derived from start date + Caravaggio's documented itinerary (approximate)"
     }
    },
    "museum_id": "metropolitan-museum-of-art",
    "qid": "Q19911521",
    "location_src": "Metropolitan Museum of Art"
   }
  },
  {
   "type": "Feature",
   "geometry": {
    "type": "Point",
    "coordinates": [
     -73.9631,
     40.7794
    ]
   },
   "properties": {
    "painter": "Giovanni Battista Tiepolo",
    "title": "The Glorification of the Barbaro Family",
    "year": "1750",
    "city": "New York",
    "country": "United States",
    "location": "Metropolitan Museum of Art",
    "kind": "museum",
    "attribution": "attributed",
    "status": "present",
    "medium": "Oil on canvas",
    "dimensions": "243.8 × 466.7 cm",
    "image": "https://commons.wikimedia.org/wiki/Special:FilePath/Tiepolo%2C%20Giambattista%20-%20The%20Glorification%20of%20the%20Barbaro%20Family.png?width=420",
    "wikidata": "https://www.wikidata.org/wiki/Q19911582",
    "creation_place": "Venice",
    "creation_lat": 45.4408,
    "creation_lon": 12.3155,
    "_source": {
     "source": "Wikidata",
     "url": "https://www.wikidata.org/wiki/Q19911582",
     "retrieved_at": "2026-08-23"
    },
    "_overrides": {
     "creation": {
      "at": "2026-08-23",
      "source": "derived from start date + Caravaggio's documented itinerary (approximate)"
     }
    },
    "museum_id": "metropolitan-museum-of-art",
    "qid": "Q19911582",
    "location_src": "Metropolitan Museum of Art"
   }
  },
  {
   "type": "Feature",
   "geometry": {
    "type": "Point",
    "coordinates": [
     -73.9631,
     40.7794
    ]
   },
   "properties": {
    "painter": "Giovanni Battista Tiepolo",
    "title": "Allegory of the Planets and Continents",
    "year": "1752",
    "city": "New York",
    "country": "United States",
    "location": "Metropolitan Museum of Art",
    "kind": "museum",
    "attribution": "generally accepted",
    "status": "present",
    "medium": "Oil on canvas",
    "dimensions": "185.4 × 139.4 cm",
    "genre": "allegory",
    "image": "https://commons.wikimedia.org/wiki/Special:FilePath/Giovanni%20Battista%20Tiepolo%20-%20Allegory%20of%20the%20Planets%20and%20Continents.jpg?width=420",
    "wikipedia_en": "https://en.wikipedia.org/wiki/Allegory_of_the_Planets_and_Continents",
    "wikidata": "https://www.wikidata.org/wiki/Q19911765",
    "_source": {
     "source": "Wikidata",
     "url": "https://www.wikidata.org/wiki/Q19911765",
     "retrieved_at": "2026-08-23"
    },
    "_overrides": {
     "creation": {
      "at": "2026-08-23",
      "source": "derived from start date + Caravaggio's documented itinerary (approximate)"
     }
    },
    "museum_id": "metropolitan-museum-of-art",
    "qid": "Q19911765",
    "wga_url": "https://www.wga.hu/html/t/tiepolo/gianbatt/7_1760s/01planet.html",
    "location_src": "Metropolitan Museum of Art"
   }
  },
  {
   "type": "Feature",
   "geometry": {
    "type": "Point",
    "coordinates": [
     -73.9631,
     40.7794
    ]
   },
   "properties": {
    "painter": "Giovanni Battista Tiepolo",
    "title": "The Chariot of Aurora",
    "year": "1764",
    "city": "New York",
    "country": "United States",
    "location": "Metropolitan Museum of Art",
    "kind": "museum",
    "attribution": "attributed",
    "status": "present",
    "medium": "Oil on canvas",
    "dimensions": "90.2 × 72.7 cm",
    "image": "https://commons.wikimedia.org/wiki/Special:FilePath/The%20Chariot%20of%20Aurora%20MET%20DT4170.jpg?width=420",
    "wikidata": "https://www.wikidata.org/wiki/Q19912014",
    "creation_place": "Madrid",
    "creation_lat": 40.4168,
    "creation_lon": -3.7038,
    "_source": {
     "source": "Wikidata",
     "url": "https://www.wikidata.org/wiki/Q19912014",
     "retrieved_at": "2026-08-23"
    },
    "_overrides": {
     "creation": {
      "at": "2026-08-23",
      "source": "derived from start date + Caravaggio's documented itinerary (approximate)"
     }
    },
    "museum_id": "metropolitan-museum-of-art",
    "qid": "Q19912014",
    "location_src": "Metropolitan Museum of Art"
   }
  },
  {
   "type": "Feature",
   "geometry": {
    "type": "Point",
    "coordinates": [
     -73.9631,
     40.7794
    ]
   },
   "properties": {
    "painter": "Giovanni Battista Tiepolo",
    "title": "The Apotheosis of the Spanish Monarchy",
    "year": "1764",
    "city": "New York",
    "country": "United States",
    "location": "Metropolitan Museum of Art",
    "kind": "museum",
    "attribution": "attributed",
    "status": "present",
    "medium": "Oil on canvas",
    "dimensions": "81.6 × 66.4 cm",
    "image": "https://commons.wikimedia.org/wiki/Special:FilePath/The%20Apotheosis%20of%20the%20Spanish%20Monarchy%20MET%20DT5155.jpg?width=420",
    "wikidata": "https://www.wikidata.org/wiki/Q19912016",
    "creation_place": "Madrid",
    "creation_lat": 40.4168,
    "creation_lon": -3.7038,
    "_source": {
     "source": "Wikidata",
     "url": "https://www.wikidata.org/wiki/Q19912016",
     "retrieved_at": "2026-08-23"
    },
    "_overrides": {
     "creation": {
      "at": "2026-08-23",
      "source": "derived from start date + Caravaggio's documented itinerary (approximate)"
     }
    },
    "museum_id": "metropolitan-museum-of-art",
    "qid": "Q19912016",
    "location_src": "Metropolitan Museum of Art"
   }
  },
  {
   "type": "Feature",
   "geometry": {
    "type": "Point",
    "coordinates": [
     9.18782,
     45.47196
    ]
   },
   "properties": {
    "painter": "Giovanni Battista Tiepolo",
    "title": "The Madonna of Carmel and the Souls of the Purgatory",
    "year": "1724",
    "city": "Milan",
    "country": "Italy",
    "location": "Pinacoteca di Brera",
    "kind": "museum",
    "attribution": "attributed",
    "status": "present",
    "medium": "Oil on canvas",
    "dimensions": "210 × 650 cm",
    "genre": "religious art",
    "image": "https://commons.wikimedia.org/wiki/Special:FilePath/Giovanni%20Battista%20Tiepolo%20-%20The%20Madonna%20of%20Carmel%20and%20the%20Souls%20of%20the%20Purgatory%20-%20WGA22270.jpg?width=420",
    "wikidata": "https://www.wikidata.org/wiki/Q20068250",
    "creation_place": "Venice",
    "creation_lat": 45.4408,
    "creation_lon": 12.3155,
    "_source": {
     "source": "Wikidata",
     "url": "https://www.wikidata.org/wiki/Q20068250",
     "retrieved_at": "2026-08-23"
    },
    "_overrides": {
     "creation": {
      "at": "2026-08-23",
      "source": "derived from start date + Caravaggio's documented itinerary (approximate)"
     }
    },
    "museum_id": "pinacoteca-di-brera",
    "qid": "Q20068250",
    "wga_url": "https://www.wga.hu/html/t/tiepolo/gianbatt/2_1730s/12madonn.html",
    "location_src": "Pinacoteca di Brera"
   }
  },
  {
   "type": "Feature",
   "geometry": {
    "type": "Point",
    "coordinates": [
     16.3616,
     48.20388
    ]
   },
   "properties": {
    "painter": "Giovanni Battista Tiepolo",
    "title": "Death of Consul L. J. Brutus in a duel with Aruns",
    "year": "1727",
    "city": "Vienna",
    "country": "Austria",
    "location": "Kunsthistorisches Museum",
    "kind": "museum",
    "attribution": "generally accepted",
    "status": "present",
    "medium": "Oil on canvas",
    "dimensions": "383 × 182 cm",
    "image": "https://commons.wikimedia.org/wiki/Special:FilePath/Giovanni%20Battista%20Tiepolo%20027.jpg?width=420",
    "wikipedia_it": "https://it.wikipedia.org/wiki/Bruto_e_Arrunte",
    "wikidata": "https://www.wikidata.org/wiki/Q20093134",
    "creation_place": "Venice",
    "creation_lat": 45.4408,
    "creation_lon": 12.3155,
    "_source": {
     "source": "Wikidata",
     "url": "https://www.wikidata.org/wiki/Q20093134",
     "retrieved_at": "2026-08-23"
    },
    "_overrides": {
     "creation": {
      "at": "2026-08-23",
      "source": "derived from start date + Caravaggio's documented itinerary (approximate)"
     }
    },
    "museum_id": "kunsthistorisches-museum",
    "qid": "Q20093134",
    "location_src": "Kunsthistorisches Museum"
   }
  },
  {
   "type": "Feature",
   "geometry": {
    "type": "Point",
    "coordinates": [
     -77.02,
     38.8914
    ]
   },
   "properties": {
    "painter": "Giovanni Battista Tiepolo",
    "title": "Apollo Pursuing Daphne",
    "year": "1757",
    "city": "Washington",
    "country": "United States",
    "location": "National Gallery of Art",
    "kind": "museum",
    "attribution": "generally accepted",
    "status": "present",
    "medium": "Oil on canvas",
    "dimensions": "68.5 × 87 cm",
    "genre": "mythological painting",
    "image": "https://commons.wikimedia.org/wiki/Special:FilePath/Giovanni%20Battista%20Tiepolo%20-%20Apollo%20Pursuing%20Daphne%2C%201755-1760.jpg?width=420",
    "wikipedia_es": "https://es.wikipedia.org/wiki/Apolo_persiguiendo_a_Dafne",
    "wikidata": "https://www.wikidata.org/wiki/Q20178078",
    "creation_place": "Venice",
    "creation_lat": 45.4408,
    "creation_lon": 12.3155,
    "_source": {
     "source": "Wikidata",
     "url": "https://www.wikidata.org/wiki/Q20178078",
     "retrieved_at": "2026-08-23"
    },
    "_overrides": {
     "creation": {
      "at": "2026-08-23",
      "source": "derived from start date + Caravaggio's documented itinerary (approximate)"
     }
    },
    "museum_id": "national-gallery-of-art",
    "qid": "Q20178078",
    "location_src": "National Gallery of Art"
   }
  },
  {
   "type": "Feature",
   "geometry": {
    "type": "Point",
    "coordinates": [
     -77.02,
     38.8914
    ]
   },
   "properties": {
    "painter": "Giovanni Battista Tiepolo",
    "title": "Madonna of the Goldfinch",
    "year": "1760",
    "city": "Washington",
    "country": "United States",
    "location": "National Gallery of Art",
    "kind": "museum",
    "attribution": "attributed",
    "status": "present",
    "medium": "Oil on canvas",
    "dimensions": "63.1 × 50.3 cm",
    "genre": "religious art",
    "image": "https://commons.wikimedia.org/wiki/Special:FilePath/Giovanni%20Battista%20Tiepolo%20-%20Madonna%20of%20the%20Goldfinch%20-%20WGA22360.jpg?width=420",
    "wikidata": "https://www.wikidata.org/wiki/Q20178371",
    "creation_place": "Venice",
    "creation_lat": 45.4408,
    "creation_lon": 12.3155,
    "_source": {
     "source": "Wikidata",
     "url": "https://www.wikidata.org/wiki/Q20178371",
     "retrieved_at": "2026-08-23"
    },
    "_overrides": {
     "creation": {
      "at": "2026-08-23",
      "source": "derived from start date + Caravaggio's documented itinerary (approximate)"
     }
    },
    "museum_id": "national-gallery-of-art",
    "qid": "Q20178371",
    "wga_url": "https://www.wga.hu/html/t/tiepolo/gianbatt/7_1760s/08goldfi.html",
    "location_src": "National Gallery of Art"
   }
  },
  {
   "type": "Feature",
   "geometry": {
    "type": "Point",
    "coordinates": [
     -118.475,
     34.0775
    ]
   },
   "properties": {
    "painter": "Giovanni Battista Tiepolo",
    "title": "Alexander the Great and Campaspe in the Studio of Apelles",
    "year": "1740",
    "city": "Los Angeles",
    "country": "United States",
    "location": "Getty Center",
    "kind": "museum",
    "attribution": "generally accepted",
    "status": "present",
    "medium": "Oil on canvas",
    "dimensions": "42.5 × 54 cm",
    "image": "https://commons.wikimedia.org/wiki/Special:FilePath/Giovanni%20Battista%20Tiepolo%20%28Italian%20-%20Alexander%20the%20Great%20and%20Campaspe%20in%20the%20Studio%20of%20Apelles%20-%20Google%20Art%20Project.jpg?width=420",
    "wikipedia_en": "https://en.wikipedia.org/wiki/Alexander_the_Great_and_Campaspe_in_the_Studio_of_Apelles",
    "wikidata": "https://www.wikidata.org/wiki/Q20184253",
    "creation_place": "Venice",
    "creation_lat": 45.4408,
    "creation_lon": 12.3155,
    "_source": {
     "source": "Wikidata",
     "url": "https://www.wikidata.org/wiki/Q20184253",
     "retrieved_at": "2026-08-23"
    },
    "_overrides": {
     "creation": {
      "at": "2026-08-23",
      "source": "derived from start date + Caravaggio's documented itinerary (approximate)"
     }
    },
    "museum_id": "getty-center",
    "qid": "Q20184253",
    "location_src": "Getty Center"
   }
  },
  {
   "type": "Feature",
   "geometry": {
    "type": "Point",
    "coordinates": [
     -118.475,
     34.0775
    ]
   },
   "properties": {
    "painter": "Giovanni Battista Tiepolo",
    "title": "The Miracle of the Holy House of Loreto",
    "year": "1743",
    "city": "Los Angeles",
    "country": "United States",
    "location": "Getty Center",
    "kind": "museum",
    "attribution": "attributed",
    "status": "present",
    "medium": "Oil on canvas",
    "dimensions": "1229 × 772 cm",
    "image": "https://commons.wikimedia.org/wiki/Special:FilePath/Giovanni%20Battista%20Tiepolo%20-%20The%20Miracle%20of%20the%20Holy%20House%20of%20Loreto%20-%2094.PA.20%20-%20J.%20Paul%20Getty%20Museum.jpg?width=420",
    "wikidata": "https://www.wikidata.org/wiki/Q20185296",
    "creation_place": "Venice",
    "creation_lat": 45.4408,
    "creation_lon": 12.3155,
    "_source": {
     "source": "Wikidata",
     "url": "https://www.wikidata.org/wiki/Q20185296",
     "retrieved_at": "2026-08-23"
    },
    "_overrides": {
     "creation": {
      "at": "2026-08-23",
      "source": "derived from start date + Caravaggio's documented itinerary (approximate)"
     }
    },
    "museum_id": "getty-center",
    "qid": "Q20185296",
    "location_src": "Getty Center"
   }
  },
  {
   "type": "Feature",
   "geometry": {
    "type": "Point",
    "coordinates": [
     -122.50084,
     37.78447
    ]
   },
   "properties": {
    "painter": "Giovanni Battista Tiepolo",
    "title": "The Empire of Flora",
    "year": "1743",
    "city": "San Francisco",
    "country": "United States",
    "location": "Legion of Honor",
    "kind": "museum",
    "attribution": "generally accepted",
    "status": "present",
    "medium": "Oil on canvas",
    "dimensions": "71.8 × 88.9 cm",
    "image": "https://commons.wikimedia.org/wiki/Special:FilePath/Giovanni%20Battista%20Tiepolo%20-%20The%20Empire%20of%20Flora%20%28c.%201743%29.jpg?width=420",
    "wikipedia_it": "https://it.wikipedia.org/wiki/Trionfo_di_Flora",
    "wikidata": "https://www.wikidata.org/wiki/Q20202607",
    "creation_place": "Venice",
    "creation_lat": 45.4408,
    "creation_lon": 12.3155,
    "_source": {
     "source": "Wikidata",
     "url": "https://www.wikidata.org/wiki/Q20202607",
     "retrieved_at": "2026-08-23"
    },
    "_overrides": {
     "creation": {
      "at": "2026-08-23",
      "source": "derived from start date + Caravaggio's documented itinerary (approximate)"
     }
    },
    "museum_id": "legion-of-honor",
    "qid": "Q20202607",
    "location_src": "Legion of Honor"
   }
  },
  {
   "type": "Feature",
   "geometry": {
    "type": "Point",
    "coordinates": [
     12.57861,
     55.68889
    ]
   },
   "properties": {
    "painter": "Giovanni Battista Tiepolo",
    "title": "Latinus Offering his Daughter Lavinia to Aeneas in Matrimony",
    "year": "1753",
    "city": "Copenhagen Municipality",
    "country": "Denmark",
    "location": "Statens Museum for Kunst",
    "kind": "museum",
    "attribution": "generally accepted",
    "status": "present",
    "medium": "Oil on canvas",
    "dimensions": "1405 × 1095 cm",
    "image": "https://commons.wikimedia.org/wiki/Special:FilePath/Giovanni%20Battista%20Tiepolo%20-%20Latinus%20Offering%20his%20Daughter%20Lavinia%20to%20Aeneas%20in%20Matrimony%20-%20KMS4201%20-%20Statens%20Museum%20for%20Kunst.jpg?width=420",
    "wikipedia_it": "https://it.wikipedia.org/wiki/Latino_offre_in_matrimonio_Lavinia_a_Enea",
    "wikidata": "https://www.wikidata.org/wiki/Q20268263",
    "_source": {
     "source": "Wikidata",
     "url": "https://www.wikidata.org/wiki/Q20268263",
     "retrieved_at": "2026-08-23"
    },
    "_overrides": {
     "creation": {
      "at": "2026-08-23",
      "source": "derived from start date + Caravaggio's documented itinerary (approximate)"
     }
    },
    "museum_id": "statens-museum-for-kunst",
    "qid": "Q20268263",
    "location_src": "Statens Museum for Kunst"
   }
  },
  {
   "type": "Feature",
   "geometry": {
    "type": "Point",
    "coordinates": [
     -87.62389,
     41.87944
    ]
   },
   "properties": {
    "painter": "Giovanni Battista Tiepolo",
    "title": "Armida Abandoned by Rinaldo",
    "year": "1743",
    "city": "Chicago",
    "country": "United States",
    "location": "Art Institute of Chicago",
    "kind": "museum",
    "attribution": "attributed",
    "status": "present",
    "medium": "Oil on canvas",
    "image": "https://commons.wikimedia.org/wiki/Special:FilePath/Giambattista%20Tiepolo%20-%20Armida%20Abandoned%20by%20Rinaldo%20-%201925.701%20-%20Art%20Institute%20of%20Chicago.jpg?width=420",
    "wikidata": "https://www.wikidata.org/wiki/Q20272117",
    "creation_place": "Venice",
    "creation_lat": 45.4408,
    "creation_lon": 12.3155,
    "_source": {
     "source": "Wikidata",
     "url": "https://www.wikidata.org/wiki/Q20272117",
     "retrieved_at": "2026-08-23"
    },
    "_overrides": {
     "creation": {
      "at": "2026-08-23",
      "source": "derived from start date + Caravaggio's documented itinerary (approximate)"
     }
    },
    "museum_id": "art-institute-of-chicago",
    "qid": "Q20272117",
    "location_src": "Art Institute of Chicago"
   }
  },
  {
   "type": "Feature",
   "geometry": {
    "type": "Point",
    "coordinates": [
     -87.62389,
     41.87944
    ]
   },
   "properties": {
    "painter": "Giovanni Battista Tiepolo",
    "title": "Rinaldo and Armida in Her Garden",
    "year": "1755",
    "city": "Chicago",
    "country": "United States",
    "location": "Art Institute of Chicago",
    "kind": "museum",
    "attribution": "attributed",
    "status": "present",
    "medium": "Oil on canvas",
    "dimensions": "187 × 260 cm",
    "image": "https://commons.wikimedia.org/wiki/Special:FilePath/Giambattista%20Tiepolo%20-%20Rinaldo%20and%20Armida%20in%20Her%20Garden%20-%201925.699%20-%20Art%20Institute%20of%20Chicago.jpg?width=420",
    "wikidata": "https://www.wikidata.org/wiki/Q20272730",
    "creation_place": "Venice",
    "creation_lat": 45.4408,
    "creation_lon": 12.3155,
    "_source": {
     "source": "Wikidata",
     "url": "https://www.wikidata.org/wiki/Q20272730",
     "retrieved_at": "2026-08-23"
    },
    "_overrides": {
     "creation": {
      "at": "2026-08-23",
      "source": "derived from start date + Caravaggio's documented itinerary (approximate)"
     }
    },
    "museum_id": "art-institute-of-chicago",
    "qid": "Q20272730",
    "location_src": "Art Institute of Chicago"
   }
  },
  {
   "type": "Feature",
   "geometry": {
    "type": "Point",
    "coordinates": [
     -87.62389,
     41.87944
    ]
   },
   "properties": {
    "painter": "Giovanni Battista Tiepolo",
    "title": "Rinaldo and the Magus of Ascalon",
    "year": "1743",
    "city": "Chicago",
    "country": "United States",
    "location": "Art Institute of Chicago",
    "kind": "museum",
    "attribution": "attributed",
    "status": "present",
    "medium": "Oil on canvas",
    "dimensions": "182.9 × 188 cm",
    "image": "https://commons.wikimedia.org/wiki/Special:FilePath/Giambattista%20Tiepolo%20-%20Rinaldo%20and%20the%20Magus%20of%20Ascalon%20-%201925.702%20-%20Art%20Institute%20of%20Chicago.jpg?width=420",
    "wikidata": "https://www.wikidata.org/wiki/Q20273873",
    "creation_place": "Venice",
    "creation_lat": 45.4408,
    "creation_lon": 12.3155,
    "_source": {
     "source": "Wikidata",
     "url": "https://www.wikidata.org/wiki/Q20273873",
     "retrieved_at": "2026-08-23"
    },
    "_overrides": {
     "creation": {
      "at": "2026-08-23",
      "source": "derived from start date + Caravaggio's documented itinerary (approximate)"
     }
    },
    "museum_id": "art-institute-of-chicago",
    "qid": "Q20273873",
    "location_src": "Art Institute of Chicago"
   }
  },
  {
   "type": "Feature",
   "geometry": {
    "type": "Point",
    "coordinates": [
     10.32586,
     44.80472
    ]
   },
   "properties": {
    "painter": "Giovanni Battista Tiepolo",
    "title": "Saint Fidelis of Sigmarigen and Saint Joseph of Leonessa",
    "year": "1752",
    "city": "Parma",
    "country": "Italy",
    "location": "Parma National Gallery",
    "kind": "museum",
    "attribution": "generally accepted",
    "status": "present",
    "medium": "Oil on canvas",
    "dimensions": "247 × 171 cm",
    "genre": "religious art",
    "image": "https://commons.wikimedia.org/wiki/Special:FilePath/Giambattista%20Tiepolo%20-%20I%20santi%20Fedele%20da%20Sigmaringen%20e%20Giuseppe%20da%20Leonessa%20%28Parma%20ca.1752%29.jpg?width=420",
    "wikipedia_it": "https://it.wikipedia.org/wiki/I_santi_Fedele_da_Sigmaringen_e_Giuseppe_da_Leonessa_calpestano_l%27Eresia",
    "wikidata": "https://www.wikidata.org/wiki/Q21121896",
    "_source": {
     "source": "Wikidata",
     "url": "https://www.wikidata.org/wiki/Q21121896",
     "retrieved_at": "2026-08-23"
    },
    "_overrides": {
     "creation": {
      "at": "2026-08-23",
      "source": "derived from start date + Caravaggio's documented itinerary (approximate)"
     }
    },
    "museum_id": "parma-national-gallery",
    "qid": "Q21121896",
    "location_src": "Parma National Gallery"
   }
  },
  {
   "type": "Feature",
   "geometry": {
    "type": "Point",
    "coordinates": [
     30.31361,
     59.94056
    ]
   },
   "properties": {
    "painter": "Giovanni Battista Tiepolo",
    "title": "Quintus Fabius Maximus Before the Senate of Carthage",
    "year": "1728",
    "city": "Saint Petersburg",
    "country": "Russia",
    "location": "Hermitage Museum",
    "kind": "museum",
    "attribution": "attributed",
    "status": "present",
    "medium": "Oil on canvas",
    "dimensions": "387 × 224 cm",
    "image": "https://commons.wikimedia.org/wiki/Special:FilePath/Quintus%20Fabius%20Maximus%20Before%20the%20Senate%20of%20Carthage.jpg?width=420",
    "wikidata": "https://www.wikidata.org/wiki/Q21725130",
    "creation_place": "Venice",
    "creation_lat": 45.4408,
    "creation_lon": 12.3155,
    "_source": {
     "source": "Wikidata",
     "url": "https://www.wikidata.org/wiki/Q21725130",
     "retrieved_at": "2026-08-23"
    },
    "_overrides": {
     "creation": {
      "at": "2026-08-23",
      "source": "derived from start date + Caravaggio's documented itinerary (approximate)"
     }
    },
    "museum_id": "hermitage-museum",
    "qid": "Q21725130",
    "location_src": "Hermitage Museum"
   }
  },
  {
   "type": "Feature",
   "geometry": {
    "type": "Point",
    "coordinates": [
     30.31361,
     59.94056
    ]
   },
   "properties": {
    "painter": "Giovanni Battista Tiepolo",
    "title": "Triumph of Manius Curius Dentatus",
    "year": "1726",
    "city": "Saint Petersburg",
    "country": "Russia",
    "location": "Hermitage Museum",
    "kind": "museum",
    "attribution": "attributed",
    "status": "present",
    "medium": "Oil on canvas",
    "dimensions": "550 × 322 cm",
    "image": "https://commons.wikimedia.org/wiki/Special:FilePath/Hermitagetiepolotriumpdentatus.jpg?width=420",
    "wikidata": "https://www.wikidata.org/wiki/Q21729742",
    "creation_place": "Venice",
    "creation_lat": 45.4408,
    "creation_lon": 12.3155,
    "_source": {
     "source": "Wikidata",
     "url": "https://www.wikidata.org/wiki/Q21729742",
     "retrieved_at": "2026-08-23"
    },
    "_overrides": {
     "creation": {
      "at": "2026-08-23",
      "source": "derived from start date + Caravaggio's documented itinerary (approximate)"
     }
    },
    "museum_id": "hermitage-museum",
    "qid": "Q21729742",
    "location_src": "Hermitage Museum"
   }
  },
  {
   "type": "Feature",
   "geometry": {
    "type": "Point",
    "coordinates": [
     30.31361,
     59.94056
    ]
   },
   "properties": {
    "painter": "Giovanni Battista Tiepolo",
    "title": "Mucius Scaevola before Porsenna",
    "year": "1728",
    "city": "Saint Petersburg",
    "country": "Russia",
    "location": "Hermitage Museum",
    "kind": "museum",
    "attribution": "attributed",
    "status": "present",
    "medium": "Oil on canvas",
    "dimensions": "387 × 227 cm",
    "image": "https://commons.wikimedia.org/wiki/Special:FilePath/Mucius%20Scaevola%20before%20Porsenna.jpg?width=420",
    "wikidata": "https://www.wikidata.org/wiki/Q21739401",
    "creation_place": "Venice",
    "creation_lat": 45.4408,
    "creation_lon": 12.3155,
    "_source": {
     "source": "Wikidata",
     "url": "https://www.wikidata.org/wiki/Q21739401",
     "retrieved_at": "2026-08-23"
    },
    "_overrides": {
     "creation": {
      "at": "2026-08-23",
      "source": "derived from start date + Caravaggio's documented itinerary (approximate)"
     }
    },
    "museum_id": "hermitage-museum",
    "qid": "Q21739401",
    "location_src": "Hermitage Museum"
   }
  },
  {
   "type": "Feature",
   "geometry": {
    "type": "Point",
    "coordinates": [
     30.31361,
     59.94056
    ]
   },
   "properties": {
    "painter": "Giovanni Battista Tiepolo",
    "title": "Coriolanus at the Walls of Rome",
    "year": "1730",
    "city": "Saint Petersburg",
    "country": "Russia",
    "location": "Hermitage Museum",
    "kind": "museum",
    "attribution": "attributed",
    "status": "present",
    "medium": "Oil on canvas",
    "dimensions": "387 × 224 cm",
    "image": "https://commons.wikimedia.org/wiki/Special:FilePath/Veturia%20Pleading%20with%20Coriolanus.jpg?width=420",
    "wikidata": "https://www.wikidata.org/wiki/Q21740508",
    "creation_place": "Venice",
    "creation_lat": 45.4408,
    "creation_lon": 12.3155,
    "_source": {
     "source": "Wikidata",
     "url": "https://www.wikidata.org/wiki/Q21740508",
     "retrieved_at": "2026-08-23"
    },
    "_overrides": {
     "creation": {
      "at": "2026-08-23",
      "source": "derived from start date + Caravaggio's documented itinerary (approximate)"
     }
    },
    "museum_id": "hermitage-museum",
    "qid": "Q21740508",
    "location_src": "Hermitage Museum"
   }
  },
  {
   "type": "Feature",
   "geometry": {
    "type": "Point",
    "coordinates": [
     30.31361,
     59.94056
    ]
   },
   "properties": {
    "painter": "Giovanni Battista Tiepolo",
    "title": "Dictatorship Offered to Cincinnatus",
    "year": "1730",
    "city": "Saint Petersburg",
    "country": "Russia",
    "location": "Hermitage Museum",
    "kind": "museum",
    "attribution": "attributed",
    "status": "present",
    "medium": "Oil on canvas",
    "dimensions": "387 × 227 cm",
    "image": "https://commons.wikimedia.org/wiki/Special:FilePath/Dictatorship%20Offered%20to%20Cincinnatus.jpg?width=420",
    "wikidata": "https://www.wikidata.org/wiki/Q21741180",
    "creation_place": "Venice",
    "creation_lat": 45.4408,
    "creation_lon": 12.3155,
    "_source": {
     "source": "Wikidata",
     "url": "https://www.wikidata.org/wiki/Q21741180",
     "retrieved_at": "2026-08-23"
    },
    "_overrides": {
     "creation": {
      "at": "2026-08-23",
      "source": "derived from start date + Caravaggio's documented itinerary (approximate)"
     }
    },
    "museum_id": "hermitage-museum",
    "qid": "Q21741180",
    "location_src": "Hermitage Museum"
   }
  },
  {
   "type": "Feature",
   "geometry": {
    "type": "Point",
    "coordinates": [
     -0.08639,
     51.44611
    ]
   },
   "properties": {
    "painter": "Giovanni Battista Tiepolo",
    "title": "Joseph receiving Pharaoh's Ring",
    "year": "1733-1773",
    "city": "Dulwich",
    "country": "United Kingdom",
    "location": "Dulwich Picture Gallery",
    "kind": "museum",
    "attribution": "attributed",
    "status": "present",
    "medium": "Oil on canvas",
    "dimensions": "1061 × 1797 cm",
    "genre": "religious art",
    "image": "https://commons.wikimedia.org/wiki/Special:FilePath/Joseph%20receiving%20Pharaoh%27s%20Ring%20%282018%20photo%29.jpg?width=420",
    "wikidata": "https://www.wikidata.org/wiki/Q23929270",
    "creation_place": "Venice",
    "creation_lat": 45.4408,
    "creation_lon": 12.3155,
    "_source": {
     "source": "Wikidata",
     "url": "https://www.wikidata.org/wiki/Q23929270",
     "retrieved_at": "2026-08-23"
    },
    "_overrides": {
     "creation": {
      "at": "2026-08-23",
      "source": "derived from start date + Caravaggio's documented itinerary (approximate)"
     }
    },
    "museum_id": "dulwich-picture-gallery",
    "qid": "Q23929270",
    "location_src": "Dulwich Picture Gallery"
   }
  },
  {
   "type": "Feature",
   "geometry": {
    "type": "Point",
    "coordinates": [
     139.69222,
     35.68972
    ]
   },
   "properties": {
    "painter": "Giovanni Battista Tiepolo",
    "title": "The Apotheosis of Admiral Vettor Pisani",
    "year": "1743",
    "city": "Tokyo",
    "country": "Japan",
    "location": "National Museum of Western Art",
    "kind": "museum",
    "attribution": "attributed",
    "status": "present",
    "medium": "Oil on canvas",
    "dimensions": "410 × 720 cm",
    "image": "https://commons.wikimedia.org/wiki/Special:FilePath/Giovanni%20Battista%20Tiepolo%20-%20The%20Apotheosis%20of%20Admiral%20Vettor%20Pisani%20-%20Google%20Art%20Project.jpg?width=420",
    "wikidata": "https://www.wikidata.org/wiki/Q23949083",
    "creation_place": "Venice",
    "creation_lat": 45.4408,
    "creation_lon": 12.3155,
    "_source": {
     "source": "Wikidata",
     "url": "https://www.wikidata.org/wiki/Q23949083",
     "retrieved_at": "2026-08-23"
    },
    "_overrides": {
     "creation": {
      "at": "2026-08-23",
      "source": "derived from start date + Caravaggio's documented itinerary (approximate)"
     }
    },
    "museum_id": "national-museum-of-western-art",
    "qid": "Q23949083",
    "location_src": "National Museum of Western Art"
   }
  },
  {
   "type": "Feature",
   "geometry": {
    "type": "Point",
    "coordinates": [
     12.32814,
     45.43108
    ]
   },
   "properties": {
    "painter": "Giovanni Battista Tiepolo",
    "title": "The Rape of Europa",
    "year": "1725",
    "city": "Venice",
    "country": "Italy",
    "location": "Gallerie dell'Accademia",
    "kind": "museum",
    "attribution": "generally accepted",
    "status": "present",
    "medium": "Oil on canvas",
    "dimensions": "105.5 × 141.5 cm",
    "genre": "mythological painting",
    "image": "https://commons.wikimedia.org/wiki/Special:FilePath/%28Venice%29%20Rape%20of%20Europa%20by%20Giambattista%20Tiepolo%20-%20Gallerie%20Accademia.jpg?width=420",
    "wikipedia_it": "https://it.wikipedia.org/wiki/Ratto_di_Europa_(Giambattista_Tiepolo)",
    "wikidata": "https://www.wikidata.org/wiki/Q25442922",
    "creation_place": "Venice",
    "creation_lat": 45.4408,
    "creation_lon": 12.3155,
    "_source": {
     "source": "Wikidata",
     "url": "https://www.wikidata.org/wiki/Q25442922",
     "retrieved_at": "2026-08-23"
    },
    "_overrides": {
     "creation": {
      "at": "2026-08-23",
      "source": "derived from start date + Caravaggio's documented itinerary (approximate)"
     }
    },
    "museum_id": "gallerie-dell-accademia",
    "qid": "Q25442922",
    "wga_url": "https://www.wga.hu/html/t/tiepolo/gianbatt/2_1730s/02rapeeu.html",
    "location_src": "Gallerie dell'Accademia"
   }
  },
  {
   "type": "Feature",
   "geometry": {
    "type": "Point",
    "coordinates": [
     -0.1283,
     51.5089
    ]
   },
   "properties": {
    "painter": "Giovanni Battista Tiepolo",
    "title": "An Allegory with Venus and Time",
    "year": "1754",
    "city": "London",
    "country": "United Kingdom",
    "location": "National Gallery",
    "kind": "museum",
    "attribution": "attributed",
    "status": "present",
    "medium": "Oil on canvas",
    "dimensions": "292 × 190 cm",
    "genre": "allegory",
    "image": "https://commons.wikimedia.org/wiki/Special:FilePath/TIEPOLO%20-%20An%20Allegory%20with%20Venus%20and%20Time.jpg?width=420",
    "wikidata": "https://www.wikidata.org/wiki/Q26493318",
    "creation_place": "Venice",
    "creation_lat": 45.4408,
    "creation_lon": 12.3155,
    "_source": {
     "source": "Wikidata",
     "url": "https://www.wikidata.org/wiki/Q26493318",
     "retrieved_at": "2026-08-23"
    },
    "_overrides": {
     "creation": {
      "at": "2026-08-23",
      "source": "derived from start date + Caravaggio's documented itinerary (approximate)"
     }
    },
    "museum_id": "national-gallery",
    "qid": "Q26493318",
    "wga_url": "https://www.wga.hu/html/t/tiepolo/gianbatt/7_1760s/04venus.html",
    "location_src": "National Gallery"
   }
  },
  {
   "type": "Feature",
   "geometry": {
    "type": "Point",
    "coordinates": [
     9.030335,
     40.952979
    ]
   },
   "properties": {
    "painter": "Giovanni Battista Tiepolo",
    "title": "The Virgin Appearing to St Philip Neri",
    "year": "1740",
    "city": "Aggius",
    "country": "Italy",
    "location": "San Filippo (Church)",
    "kind": "church",
    "attribution": "generally accepted",
    "status": "present",
    "medium": "Oil paint",
    "dimensions": "360 × 182 cm",
    "genre": "religious art",
    "image": "https://commons.wikimedia.org/wiki/Special:FilePath/Giovanni%20Battista%20Tiepolo%20025.jpg?width=420",
    "wikipedia_it": "https://it.wikipedia.org/wiki/Apparizione_della_Vergine_a_san_Filippo_Neri",
    "wikidata": "https://www.wikidata.org/wiki/Q27664456",
    "creation_place": "Venice",
    "creation_lat": 45.4408,
    "creation_lon": 12.3155,
    "_source": {
     "source": "Wikidata",
     "url": "https://www.wikidata.org/wiki/Q27664456",
     "retrieved_at": "2026-08-23"
    },
    "_overrides": {
     "creation": {
      "at": "2026-08-23",
      "source": "derived from start date + Caravaggio's documented itinerary (approximate)"
     }
    },
    "museum_id": "san-filippo-church",
    "qid": "Q27664456",
    "location_src": "San Filippo (Church)"
   }
  },
  {
   "type": "Feature",
   "geometry": {
    "type": "Point",
    "coordinates": [
     -3.6922,
     40.4139
    ]
   },
   "properties": {
    "painter": "Giovanni Battista Tiepolo",
    "title": "Abraham and the three Angels",
    "year": "1750-1770",
    "city": "Madrid",
    "country": "Spain",
    "location": "Museo del Prado",
    "kind": "museum",
    "attribution": "attributed",
    "status": "present",
    "medium": "Oil on canvas",
    "dimensions": "196 × 151 cm",
    "genre": "religious art",
    "image": "https://commons.wikimedia.org/wiki/Special:FilePath/Abraham%20y%20los%20tres%20%C3%A1ngeles.jpg?width=420",
    "wikidata": "https://www.wikidata.org/wiki/Q27759569",
    "creation_place": "Venice",
    "creation_lat": 45.4408,
    "creation_lon": 12.3155,
    "_source": {
     "source": "Wikidata",
     "url": "https://www.wikidata.org/wiki/Q27759569",
     "retrieved_at": "2026-08-23"
    },
    "_overrides": {
     "creation": {
      "at": "2026-08-23",
      "source": "derived from start date + Caravaggio's documented itinerary (approximate)"
     }
    },
    "museum_id": "museo-del-prado",
    "qid": "Q27759569",
    "wga_url": "https://www.wga.hu/html/t/tiepolo/gianbatt/2_1730s/14abraha.html",
    "location_src": "Museo del Prado"
   }
  },
  {
   "type": "Feature",
   "geometry": {
    "type": "Point",
    "coordinates": [
     -3.6922,
     40.4139
    ]
   },
   "properties": {
    "painter": "Giovanni Battista Tiepolo",
    "title": "Angel with a Crown of Lilies",
    "year": "1767",
    "city": "Madrid",
    "country": "Spain",
    "location": "Museo del Prado",
    "kind": "museum",
    "attribution": "generally accepted",
    "status": "present",
    "medium": "Oil on canvas",
    "dimensions": "40 × 53 cm",
    "image": "https://commons.wikimedia.org/wiki/Special:FilePath/%C3%81ngel%20con%20corona%20de%20azucenas.jpg?width=420",
    "wikipedia_it": "https://it.wikipedia.org/wiki/Angelo_con_corona_di_gigli",
    "wikidata": "https://www.wikidata.org/wiki/Q27759944",
    "creation_place": "Madrid",
    "creation_lat": 40.4168,
    "creation_lon": -3.7038,
    "_source": {
     "source": "Wikidata",
     "url": "https://www.wikidata.org/wiki/Q27759944",
     "retrieved_at": "2026-08-23"
    },
    "_overrides": {
     "creation": {
      "at": "2026-08-23",
      "source": "derived from start date + Caravaggio's documented itinerary (approximate)"
     }
    },
    "museum_id": "museo-del-prado",
    "qid": "Q27759944",
    "location_src": "Museo del Prado"
   }
  },
  {
   "type": "Feature",
   "geometry": {
    "type": "Point",
    "coordinates": [
     -3.6922,
     40.4139
    ]
   },
   "properties": {
    "painter": "Giovanni Battista Tiepolo",
    "title": "Saint Anthony of Padua with the Infant Christ",
    "year": "1767",
    "city": "Madrid",
    "country": "Spain",
    "location": "Museo del Prado",
    "kind": "museum",
    "attribution": "generally accepted",
    "status": "present",
    "medium": "Oil on canvas",
    "dimensions": "225 × 176 cm",
    "genre": "religious art",
    "image": "https://commons.wikimedia.org/wiki/Special:FilePath/San%20Antonio%20de%20Padua%20y%20el%20Ni%C3%B1o%20Jes%C3%BAs.jpg?width=420",
    "wikipedia_it": "https://it.wikipedia.org/wiki/Sant%27Antonio_da_Padova_col_Bambino_(Giambattista_Tiepolo)",
    "wikidata": "https://www.wikidata.org/wiki/Q27760202",
    "creation_place": "Madrid",
    "creation_lat": 40.4168,
    "creation_lon": -3.7038,
    "_source": {
     "source": "Wikidata",
     "url": "https://www.wikidata.org/wiki/Q27760202",
     "retrieved_at": "2026-08-23"
    },
    "_overrides": {
     "creation": {
      "at": "2026-08-23",
      "source": "derived from start date + Caravaggio's documented itinerary (approximate)"
     }
    },
    "museum_id": "museo-del-prado",
    "qid": "Q27760202",
    "location_src": "Museo del Prado"
   }
  },
  {
   "type": "Feature",
   "geometry": {
    "type": "Point",
    "coordinates": [
     -3.19569,
     55.9509
    ]
   },
   "properties": {
    "painter": "Giovanni Battista Tiepolo",
    "title": "The Finding of Moses",
    "year": "1730-1911",
    "city": "City of Edinburgh",
    "country": "United Kingdom",
    "location": "Scottish National Gallery",
    "kind": "museum",
    "attribution": "generally accepted",
    "status": "present",
    "medium": "Oil on canvas",
    "dimensions": "202 × 342 cm",
    "genre": "religious art",
    "image": "https://commons.wikimedia.org/wiki/Special:FilePath/Giovanni%20Battista%20Tiepolo%20018.jpg?width=420",
    "wikipedia_it": "https://it.wikipedia.org/wiki/Mos%C3%A8_salvato_dalle_acque_(Giambattista_Tiepolo)",
    "wikidata": "https://www.wikidata.org/wiki/Q27968053",
    "creation_place": "Venice",
    "creation_lat": 45.4408,
    "creation_lon": 12.3155,
    "_source": {
     "source": "Wikidata",
     "url": "https://www.wikidata.org/wiki/Q27968053",
     "retrieved_at": "2026-08-23"
    },
    "_overrides": {
     "creation": {
      "at": "2026-08-23",
      "source": "derived from start date + Caravaggio's documented itinerary (approximate)"
     }
    },
    "museum_id": "scottish-national-gallery",
    "qid": "Q27968053",
    "location_src": "Scottish National Gallery"
   }
  },
  {
   "type": "Feature",
   "geometry": {
    "type": "Point",
    "coordinates": [
     16.3616,
     48.20388
    ]
   },
   "properties": {
    "painter": "Giovanni Battista Tiepolo",
    "title": "Hannibal recognises the head of his brother Hasdrubal",
    "year": "1729",
    "city": "Vienna",
    "country": "Austria",
    "location": "Kunsthistorisches Museum",
    "kind": "museum",
    "attribution": "generally accepted",
    "status": "present",
    "medium": "Oil on canvas",
    "dimensions": "383 × 182 cm",
    "image": "https://commons.wikimedia.org/wiki/Special:FilePath/Giambattista%20Tiepolo%2C%20%2C%20Kunsthistorisches%20Museum%20Wien%2C%20Gem%C3%A4ldegalerie%20-%20Hannibal%20erkennt%20den%20Kopf%20seines%20Bruders%20Hasdrubal%20-%20GG%206797%20-%20Kunsthistorisches%20Museum.jpg?width=420",
    "wikipedia_it": "https://it.wikipedia.org/wiki/Annibale_ritrova_il_capo_mozzato_del_fratello_Asdrubale_ucciso_dai_Romani",
    "wikidata": "https://www.wikidata.org/wiki/Q27980642",
    "creation_place": "Venice",
    "creation_lat": 45.4408,
    "creation_lon": 12.3155,
    "_source": {
     "source": "Wikidata",
     "url": "https://www.wikidata.org/wiki/Q27980642",
     "retrieved_at": "2026-08-23"
    },
    "_overrides": {
     "creation": {
      "at": "2026-08-23",
      "source": "derived from start date + Caravaggio's documented itinerary (approximate)"
     }
    },
    "museum_id": "kunsthistorisches-museum",
    "qid": "Q27980642",
    "location_src": "Kunsthistorisches Museum"
   }
  },
  {
   "type": "Feature",
   "geometry": {
    "type": "Point",
    "coordinates": [
     16.3616,
     48.20388
    ]
   },
   "properties": {
    "painter": "Giovanni Battista Tiepolo",
    "title": "St Catherine of Siena",
    "city": "Vienna",
    "country": "Austria",
    "location": "Kunsthistorisches Museum",
    "kind": "museum",
    "attribution": "generally accepted",
    "status": "present",
    "genre": "religious art",
    "image": "https://commons.wikimedia.org/wiki/Special:FilePath/Giambattista%20Tiepolo%2C%20Kunsthistorisches%20Museum%20Wien%2C%20Gem%C3%A4ldegalerie%20-%20Hl.%20Katharina%20von%20Siena%20-%20GG%20348%20-%20Kunsthistorisches%20Museum.jpg?width=420",
    "wikipedia_it": "https://it.wikipedia.org/wiki/Santa_Caterina_da_Siena_(Giambattista_Tiepolo)",
    "wikidata": "https://www.wikidata.org/wiki/Q27980645",
    "_source": {
     "source": "Wikidata",
     "url": "https://www.wikidata.org/wiki/Q27980645",
     "retrieved_at": "2026-08-23"
    },
    "museum_id": "kunsthistorisches-museum",
    "qid": "Q27980645",
    "location_src": "Kunsthistorisches Museum"
   }
  },
  {
   "type": "Feature",
   "geometry": {
    "type": "Point",
    "coordinates": [
     9.98346,
     45.89299
    ]
   },
   "properties": {
    "painter": "Giovanni Battista Tiepolo",
    "title": "Madonna in Glory with the Saints",
    "year": "1734",
    "city": "Province of Bergamo",
    "country": "Italy",
    "location": "Rovetta",
    "kind": "museum",
    "attribution": "generally accepted",
    "status": "present",
    "dimensions": "236 × 383 cm",
    "genre": "religious art",
    "image": "https://commons.wikimedia.org/wiki/Special:FilePath/Tiepolo%20Pala%20Madonna%20in%20gloria%20con%20i%20santi.jpg?width=420",
    "wikipedia_it": "https://it.wikipedia.org/wiki/Madonna_in_gloria_con_santi",
    "wikidata": "https://www.wikidata.org/wiki/Q28669744",
    "creation_place": "Venice",
    "creation_lat": 45.4408,
    "creation_lon": 12.3155,
    "_source": {
     "source": "Wikidata",
     "url": "https://www.wikidata.org/wiki/Q28669744",
     "retrieved_at": "2026-08-23"
    },
    "_overrides": {
     "creation": {
      "at": "2026-08-23",
      "source": "derived from start date + Caravaggio's documented itinerary (approximate)"
     }
    },
    "museum_id": "rovetta",
    "qid": "Q28669744",
    "location_src": "Rovetta"
   }
  },
  {
   "type": "Feature",
   "geometry": {
    "type": "Point",
    "coordinates": [
     9.661117,
     45.703833
    ]
   },
   "properties": {
    "painter": "Giovanni Battista Tiepolo",
    "title": "St. Joseph with Child",
    "year": "1732",
    "city": "Bergamo",
    "country": "Italy",
    "location": "San Salvatore",
    "kind": "church",
    "attribution": "generally accepted",
    "status": "present",
    "dimensions": "63 × 33 cm",
    "image": "https://commons.wikimedia.org/wiki/Special:FilePath/San%20Giuseppe%20con%20il%20Bambino%20-%20Chiesa%20di%20San%20Salvatore%20%28Bergamo%29.jpg?width=420",
    "wikipedia_it": "https://it.wikipedia.org/wiki/San_Giuseppe_col_Bambino_(Giambattista_Tiepolo_Bergamo)",
    "wikidata": "https://www.wikidata.org/wiki/Q28669747",
    "creation_place": "Venice",
    "creation_lat": 45.4408,
    "creation_lon": 12.3155,
    "_source": {
     "source": "Wikidata",
     "url": "https://www.wikidata.org/wiki/Q28669747",
     "retrieved_at": "2026-08-23"
    },
    "_overrides": {
     "creation": {
      "at": "2026-08-23",
      "source": "derived from start date + Caravaggio's documented itinerary (approximate)"
     }
    },
    "museum_id": "san-salvatore",
    "qid": "Q28669747",
    "location_src": "San Salvatore"
   }
  },
  {
   "type": "Feature",
   "geometry": {
    "type": "Point",
    "coordinates": [
     11.57,
     48.14833
    ]
   },
   "properties": {
    "painter": "Giovanni Battista Tiepolo",
    "title": "Adoration of the Kings",
    "year": "1753",
    "city": "Munich",
    "country": "Germany",
    "location": "Alte Pinakothek",
    "kind": "museum",
    "attribution": "attributed",
    "status": "present",
    "medium": "Oil on canvas",
    "dimensions": "408 × 210.5 cm",
    "genre": "religious art",
    "image": "https://commons.wikimedia.org/wiki/Special:FilePath/The%20Adoration%20of%20the%20Magi%20by%20Giovanni%20Battista%20Tiepolo%20%281753%29%20-%20Alte%20Pinakothek%20-%20Munich%20-%20Germany%202017.jpg?width=420",
    "wikidata": "https://www.wikidata.org/wiki/Q29477233",
    "_source": {
     "source": "Wikidata",
     "url": "https://www.wikidata.org/wiki/Q29477233",
     "retrieved_at": "2026-08-23"
    },
    "_overrides": {
     "creation": {
      "at": "2026-08-23",
      "source": "derived from start date + Caravaggio's documented itinerary (approximate)"
     }
    },
    "museum_id": "alte-pinakothek",
    "qid": "Q29477233",
    "wga_url": "https://www.wga.hu/html/t/tiepolo/gianbatt/7_1760s/03adorat.html",
    "location_src": "Alte Pinakothek"
   }
  },
  {
   "type": "Feature",
   "geometry": {
    "type": "Point",
    "coordinates": [
     11.57,
     48.14833
    ]
   },
   "properties": {
    "painter": "Giovanni Battista Tiepolo",
    "title": "Pope St Clement Adoring the Trinity",
    "year": "1737",
    "city": "Munich",
    "country": "Germany",
    "location": "Alte Pinakothek",
    "kind": "museum",
    "attribution": "attributed",
    "status": "present",
    "medium": "Oil on canvas",
    "dimensions": "488 × 256 cm",
    "genre": "religious art",
    "image": "https://commons.wikimedia.org/wiki/Special:FilePath/The%20Adoration%20of%20the%20Holy%20Trinity%20by%20Pope%20St.%20Clement%20-%20Giovanni%20Batista%20Tiepolo.jpg?width=420",
    "wikidata": "https://www.wikidata.org/wiki/Q29477853",
    "creation_place": "Venice",
    "creation_lat": 45.4408,
    "creation_lon": 12.3155,
    "_source": {
     "source": "Wikidata",
     "url": "https://www.wikidata.org/wiki/Q29477853",
     "retrieved_at": "2026-08-23"
    },
    "_overrides": {
     "creation": {
      "at": "2026-08-23",
      "source": "derived from start date + Caravaggio's documented itinerary (approximate)"
     }
    },
    "museum_id": "alte-pinakothek",
    "qid": "Q29477853",
    "wga_url": "https://www.wga.hu/html/t/tiepolo/gianbatt/2_1730s/09clemen.html",
    "location_src": "Alte Pinakothek"
   }
  },
  {
   "type": "Feature",
   "geometry": {
    "type": "Point",
    "coordinates": [
     9.18501,
     45.4608
    ]
   },
   "properties": {
    "painter": "Giovanni Battista Tiepolo",
    "title": "Apotheosis of Angelo della Vecchia",
    "year": "1760",
    "city": "Milan",
    "country": "Italy",
    "location": "Palazzo Isimbardi",
    "kind": "museum",
    "attribution": "generally accepted",
    "status": "present",
    "medium": "Oil on canvas",
    "dimensions": "800 × 600 cm",
    "genre": "religious art",
    "image": "https://commons.wikimedia.org/wiki/Special:FilePath/Apoteosi%20Angelo%20Della%20Vecchia.jpg?width=420",
    "wikipedia_it": "https://it.wikipedia.org/wiki/Apoteosi_di_Angelo_della_Vecchia_nel_segno_delle_virt%C3%B9",
    "wikidata": "https://www.wikidata.org/wiki/Q3620765",
    "creation_place": "Venice",
    "creation_lat": 45.4408,
    "creation_lon": 12.3155,
    "_source": {
     "source": "Wikidata",
     "url": "https://www.wikidata.org/wiki/Q3620765",
     "retrieved_at": "2026-08-23"
    },
    "_overrides": {
     "creation": {
      "at": "2026-08-23",
      "source": "derived from start date + Caravaggio's documented itinerary (approximate)"
     }
    },
    "museum_id": "palazzo-isimbardi",
    "qid": "Q3620765",
    "location_src": "Palazzo Isimbardi"
   }
  },
  {
   "type": "Feature",
   "geometry": {
    "type": "Point",
    "coordinates": [
     11.68496,
     45.53872
    ]
   },
   "properties": {
    "painter": "Giovanni Battista Tiepolo",
    "title": "Apotheosis of Saint Gaetano Thieme",
    "year": "1757",
    "city": "Camisano Vicentino",
    "country": "Italy",
    "location": "Santa Maria Maddalena",
    "kind": "church",
    "attribution": "generally accepted",
    "status": "present",
    "medium": "Oil on canvas",
    "dimensions": "210 × 119 cm",
    "genre": "religious art",
    "image": "https://commons.wikimedia.org/wiki/Special:FilePath/Giovanni%20Battista%20Tiepolo%20-%20The%20Apotheosis%20of%20St%20Gaetano%20Thiene%20%28Santa%20Maria%20Maddalena%2C%20Rampazzo%29.jpg?width=420",
    "wikipedia_it": "https://it.wikipedia.org/wiki/Apoteosi_di_san_Gaetano_Thiene",
    "wikidata": "https://www.wikidata.org/wiki/Q3620766",
    "creation_place": "Venice",
    "creation_lat": 45.4408,
    "creation_lon": 12.3155,
    "_source": {
     "source": "Wikidata",
     "url": "https://www.wikidata.org/wiki/Q3620766",
     "retrieved_at": "2026-08-23"
    },
    "_overrides": {
     "creation": {
      "at": "2026-08-23",
      "source": "derived from start date + Caravaggio's documented itinerary (approximate)"
     }
    },
    "museum_id": "santa-maria-maddalena",
    "qid": "Q3620766",
    "location_src": "Santa Maria Maddalena"
   }
  },
  {
   "type": "Feature",
   "geometry": {
    "type": "Point",
    "coordinates": [
     13.23607,
     46.06437
    ]
   },
   "properties": {
    "painter": "Giovanni Battista Tiepolo",
    "title": "Consular Meeting",
    "year": "1750",
    "city": "Udine",
    "country": "Italy",
    "location": "Civic Museums and Gallery of History and Art",
    "kind": "museum",
    "attribution": "generally accepted",
    "status": "present",
    "dimensions": "125 × 193 cm",
    "image": "https://commons.wikimedia.org/wiki/Special:FilePath/Tiepolo%20-%20Consilium%20in%20arena%20-%20Udine.jpg?width=420",
    "wikipedia_it": "https://it.wikipedia.org/wiki/Consilium_in_arena",
    "wikidata": "https://www.wikidata.org/wiki/Q3687409",
    "creation_place": "Venice",
    "creation_lat": 45.4408,
    "creation_lon": 12.3155,
    "_source": {
     "source": "Wikidata",
     "url": "https://www.wikidata.org/wiki/Q3687409",
     "retrieved_at": "2026-08-23"
    },
    "_overrides": {
     "creation": {
      "at": "2026-08-23",
      "source": "derived from start date + Caravaggio's documented itinerary (approximate)"
     }
    },
    "museum_id": "civic-museums-and-gallery-of-history-and-art",
    "qid": "Q3687409",
    "location_src": "Civic Museums and Gallery of History and Art"
   }
  },
  {
   "type": "Feature",
   "geometry": {
    "type": "Point",
    "coordinates": [
     12.330778,
     45.441444
    ]
   },
   "properties": {
    "painter": "Giovanni Battista Tiepolo",
    "title": "The Martyrdom of Saint Bartholomeo",
    "year": "1722",
    "city": "Venice",
    "country": "Italy",
    "location": "San Stae",
    "kind": "church",
    "attribution": "generally accepted",
    "status": "present",
    "medium": "Oil on canvas",
    "dimensions": "167 × 139 cm",
    "genre": "religious art",
    "image": "https://commons.wikimedia.org/wiki/Special:FilePath/Giovanni%20Battista%20Tiepolo%20-%20The%20Martyrdom%20of%20St.%20Bartholomew%20-%20WGA22251.jpg?width=420",
    "wikipedia_es": "https://es.wikipedia.org/wiki/El_martirio_de_san_Bartolom%C3%A9_(Tiepolo)",
    "wikipedia_en": "https://en.wikipedia.org/wiki/The_Martyrdom_of_Saint_Bartholomew_(Tiepolo)",
    "wikipedia_it": "https://it.wikipedia.org/wiki/Martirio_di_san_Bartolomeo_(Giambattista_Tiepolo)",
    "wikidata": "https://www.wikidata.org/wiki/Q3794586",
    "creation_place": "Venice",
    "creation_lat": 45.4408,
    "creation_lon": 12.3155,
    "_source": {
     "source": "Wikidata",
     "url": "https://www.wikidata.org/wiki/Q3794586",
     "retrieved_at": "2026-08-23"
    },
    "_overrides": {
     "creation": {
      "at": "2026-08-23",
      "source": "derived from start date + Caravaggio's documented itinerary (approximate)"
     }
    },
    "museum_id": "san-stae",
    "qid": "Q3794586",
    "wga_url": "https://www.wga.hu/html/t/tiepolo/gianbatt/2_1730s/01martyr.html",
    "location_src": "San Stae"
   }
  },
  {
   "type": "Feature",
   "geometry": {
    "type": "Point",
    "coordinates": [
     -76.6165,
     39.29642
    ]
   },
   "properties": {
    "painter": "Giovanni Battista Tiepolo",
    "title": "Scipio Africanus Freeing Massiva",
    "year": "1719",
    "city": "Baltimore",
    "country": "United States",
    "location": "Walters Art Museum",
    "kind": "museum",
    "attribution": "generally accepted",
    "status": "present",
    "medium": "Oil on canvas",
    "dimensions": "279.4 × 487.6 cm",
    "genre": "history painting",
    "image": "https://commons.wikimedia.org/wiki/Special:FilePath/Giovanni%20Battista%20Tiepolo%20-%20Scipio%20Africanus%20Freeing%20Massiva%20-%20Walters%2037657.jpg?width=420",
    "wikipedia_en": "https://en.wikipedia.org/wiki/Scipio_Africanus_Freeing_Massiva",
    "wikipedia_it": "https://it.wikipedia.org/wiki/Scipione_l%27Africano_libera_Massiva",
    "wikidata": "https://www.wikidata.org/wiki/Q38197",
    "creation_place": "Venice",
    "creation_lat": 45.4408,
    "creation_lon": 12.3155,
    "_source": {
     "source": "Wikidata",
     "url": "https://www.wikidata.org/wiki/Q38197",
     "retrieved_at": "2026-08-23"
    },
    "_overrides": {
     "creation": {
      "at": "2026-08-23",
      "source": "derived from start date + Caravaggio's documented itinerary (approximate)"
     }
    },
    "museum_id": "walters-art-museum",
    "qid": "Q38197",
    "location_src": "Walters Art Museum"
   }
  },
  {
   "type": "Feature",
   "geometry": {
    "type": "Point",
    "coordinates": [
     11.88053,
     45.40137
    ]
   },
   "properties": {
    "painter": "Giovanni Battista Tiepolo",
    "title": "Martyrdom of Saint Agatha",
    "year": "1736",
    "city": "Padua",
    "country": "Italy",
    "location": "Basilica of Saint Anthony of Padua",
    "kind": "church",
    "attribution": "generally accepted",
    "status": "present",
    "genre": "religious art",
    "image": "https://commons.wikimedia.org/wiki/Special:FilePath/Tiepolo%20-%20Martirio%20di%20sant%27Agata%20-%20Sant%27Antonio%20-%20Padova%20%28esposizione%20-25%29.JPG?width=420",
    "wikipedia_it": "https://it.wikipedia.org/wiki/Martirio_di_sant%27Agata_(Giambattista_Tiepolo_Padova)",
    "wikidata": "https://www.wikidata.org/wiki/Q3850318",
    "creation_place": "Venice",
    "creation_lat": 45.4408,
    "creation_lon": 12.3155,
    "_source": {
     "source": "Wikidata",
     "url": "https://www.wikidata.org/wiki/Q3850318",
     "retrieved_at": "2026-08-23"
    },
    "_overrides": {
     "creation": {
      "at": "2026-08-23",
      "source": "derived from start date + Caravaggio's documented itinerary (approximate)"
     }
    },
    "museum_id": "basilica-of-saint-anthony-of-padua",
    "qid": "Q3850318",
    "location_src": "Basilica of Saint Anthony of Padua"
   }
  },
  {
   "type": "Feature",
   "geometry": {
    "type": "Point",
    "coordinates": [
     13.23998,
     46.06369
    ]
   },
   "properties": {
    "painter": "Giovanni Battista Tiepolo",
    "title": "Rachel hides the idols",
    "year": "1726",
    "city": "Udine",
    "country": "Italy",
    "location": "Patriarchal Palace",
    "kind": "museum",
    "attribution": "generally accepted",
    "status": "present",
    "medium": "Fresco",
    "dimensions": "400 × 500 cm",
    "genre": "religious art",
    "image": "https://commons.wikimedia.org/wiki/Special:FilePath/Giovanni%20Battista%20Tiepolo%20066.jpg?width=420",
    "wikipedia_es": "https://es.wikipedia.org/wiki/Raquel_escondiendo_los_%C3%ADdolos_dom%C3%A9sticos",
    "wikipedia_it": "https://it.wikipedia.org/wiki/Rachele_nasconde_gli_idoli",
    "wikidata": "https://www.wikidata.org/wiki/Q3928576",
    "creation_place": "Venice",
    "creation_lat": 45.4408,
    "creation_lon": 12.3155,
    "_source": {
     "source": "Wikidata",
     "url": "https://www.wikidata.org/wiki/Q3928576",
     "retrieved_at": "2026-08-23"
    },
    "_overrides": {
     "creation": {
      "at": "2026-08-23",
      "source": "derived from start date + Caravaggio's documented itinerary (approximate)"
     }
    },
    "museum_id": "patriarchal-palace",
    "qid": "Q3928576",
    "wga_url": "https://www.wga.hu/html/t/tiepolo/gianbatt/1udine/2udine.html",
    "location_src": "Patriarchal Palace"
   }
  },
  {
   "type": "Feature",
   "geometry": {
    "type": "Point",
    "coordinates": [
     11.88001,
     45.41096
    ]
   },
   "properties": {
    "painter": "Giovanni Battista Tiepolo",
    "title": "Saint Patrick, Bishop of Ireland",
    "year": "1746",
    "city": "Padua",
    "country": "Italy",
    "location": "Civic Museums of Padua",
    "kind": "museum",
    "attribution": "generally accepted",
    "status": "present",
    "medium": "Oil on canvas",
    "dimensions": "328 × 171 cm",
    "genre": "religious art",
    "image": "https://commons.wikimedia.org/wiki/Special:FilePath/Tiepolo-s.patrizio.jpg?width=420",
    "wikipedia_en": "https://en.wikipedia.org/wiki/Saint_Patrick,_Bishop_of_Ireland",
    "wikipedia_it": "https://it.wikipedia.org/wiki/San_Patrizio_vescovo_d%27Irlanda",
    "wikidata": "https://www.wikidata.org/wiki/Q3947774",
    "creation_place": "Venice",
    "creation_lat": 45.4408,
    "creation_lon": 12.3155,
    "_source": {
     "source": "Wikidata",
     "url": "https://www.wikidata.org/wiki/Q3947774",
     "retrieved_at": "2026-08-23"
    },
    "_overrides": {
     "creation": {
      "at": "2026-08-23",
      "source": "derived from start date + Caravaggio's documented itinerary (approximate)"
     }
    },
    "museum_id": "civic-museums-of-padua",
    "qid": "Q3947774",
    "location_src": "Civic Museums of Padua"
   }
  },
  {
   "type": "Feature",
   "geometry": {
    "type": "Point",
    "coordinates": [
     13.2369,
     46.0623
    ]
   },
   "properties": {
    "painter": "Giovanni Battista Tiepolo",
    "title": "Saints Hermagoras and Fortunatus",
    "year": "1736",
    "city": "Udine",
    "country": "Italy",
    "location": "Udine Cathedral",
    "kind": "church",
    "attribution": "generally accepted",
    "status": "present",
    "genre": "religious art",
    "image": "https://commons.wikimedia.org/wiki/Special:FilePath/Udine-Duomo-GB%20Tiepolo-ErmacoraFortunato.jpg?width=420",
    "wikipedia_it": "https://it.wikipedia.org/wiki/Santi_Ermacora_e_Fortunato_(Giambattista_Tiepolo)",
    "wikidata": "https://www.wikidata.org/wiki/Q3949343",
    "creation_place": "Venice",
    "creation_lat": 45.4408,
    "creation_lon": 12.3155,
    "_source": {
     "source": "Wikidata",
     "url": "https://www.wikidata.org/wiki/Q3949343",
     "retrieved_at": "2026-08-23"
    },
    "_overrides": {
     "creation": {
      "at": "2026-08-23",
      "source": "derived from start date + Caravaggio's documented itinerary (approximate)"
     }
    },
    "museum_id": "udine-cathedral",
    "qid": "Q3949343",
    "location_src": "Udine Cathedral"
   }
  },
  {
   "type": "Feature",
   "geometry": {
    "type": "Point",
    "coordinates": [
     13.2369,
     46.0623
    ]
   },
   "properties": {
    "painter": "Giovanni Battista Tiepolo",
    "title": "Trinity",
    "year": "1736",
    "city": "Udine",
    "country": "Italy",
    "location": "Udine Cathedral",
    "kind": "church",
    "attribution": "generally accepted",
    "status": "present",
    "genre": "religious art",
    "image": "https://commons.wikimedia.org/wiki/Special:FilePath/Udine-Duomo-GB%20Tiepolo-Trinit%C3%A0.jpg?width=420",
    "wikipedia_it": "https://it.wikipedia.org/wiki/Trinit%C3%A0_(Giambattista_Tiepolo)",
    "wikidata": "https://www.wikidata.org/wiki/Q3998901",
    "creation_place": "Venice",
    "creation_lat": 45.4408,
    "creation_lon": 12.3155,
    "_source": {
     "source": "Wikidata",
     "url": "https://www.wikidata.org/wiki/Q3998901",
     "retrieved_at": "2026-08-23"
    },
    "_overrides": {
     "creation": {
      "at": "2026-08-23",
      "source": "derived from start date + Caravaggio's documented itinerary (approximate)"
     }
    },
    "museum_id": "udine-cathedral",
    "qid": "Q3998901",
    "location_src": "Udine Cathedral"
   }
  },
  {
   "type": "Feature",
   "geometry": {
    "type": "Point",
    "coordinates": [
     2.36139,
     48.85819
    ]
   },
   "properties": {
    "painter": "Giovanni Battista Tiepolo",
    "title": "The Banquet of Cleopatra",
    "year": "1742",
    "city": "3rd arrondissement of Paris",
    "country": "France",
    "location": "Musée Cognacq-Jay",
    "kind": "museum",
    "attribution": "attributed",
    "status": "present",
    "medium": "Oil on canvas",
    "dimensions": "50.5 × 69 cm",
    "genre": "history painting",
    "image": "https://commons.wikimedia.org/wiki/Special:FilePath/Tiepolo%20-%20Banquet%20de%20Cl%C3%A9op%C3%A2tre%20-%20Mus%C3%A9e%20Cognacq-Jay.jpg?width=420",
    "wikidata": "https://www.wikidata.org/wiki/Q47004843",
    "creation_place": "Venice",
    "creation_lat": 45.4408,
    "creation_lon": 12.3155,
    "_source": {
     "source": "Wikidata",
     "url": "https://www.wikidata.org/wiki/Q47004843",
     "retrieved_at": "2026-08-23"
    },
    "_overrides": {
     "creation": {
      "at": "2026-08-23",
      "source": "derived from start date + Caravaggio's documented itinerary (approximate)"
     }
    },
    "museum_id": "musee-cognacq-jay",
    "qid": "Q47004843",
    "location_src": "Musée Cognacq-Jay"
   }
  },
  {
   "type": "Feature",
   "geometry": {
    "type": "Point",
    "coordinates": [
     12.34042,
     45.43367
    ]
   },
   "properties": {
    "painter": "Giovanni Battista Tiepolo",
    "title": "Neptune Offering Gifts to Venice",
    "year": "1740",
    "city": "Venice",
    "country": "Italy",
    "location": "Doge's Palace",
    "kind": "museum",
    "attribution": "generally accepted",
    "status": "present",
    "medium": "Oil paint",
    "dimensions": "135 × 275 cm",
    "genre": "allegory, mythological painting",
    "image": "https://commons.wikimedia.org/wiki/Special:FilePath/Giambattista%20Tiepolo%20-%20Venezia%20riceve%20l%27omaggio%20di%20Nettuno%20-%201745-50.jpg?width=420",
    "wikipedia_it": "https://it.wikipedia.org/wiki/Nettuno_offre_doni_a_Venezia",
    "wikidata": "https://www.wikidata.org/wiki/Q47012750",
    "creation_place": "Venice",
    "creation_lat": 45.4408,
    "creation_lon": 12.3155,
    "_source": {
     "source": "Wikidata",
     "url": "https://www.wikidata.org/wiki/Q47012750",
     "retrieved_at": "2026-08-23"
    },
    "_overrides": {
     "creation": {
      "at": "2026-08-23",
      "source": "derived from start date + Caravaggio's documented itinerary (approximate)"
     }
    },
    "museum_id": "doge-s-palace",
    "qid": "Q47012750",
    "wga_url": "https://www.wga.hu/html/t/tiepolo/gianbatt/3_1740s/13neptun.html",
    "location_src": "Doge's Palace"
   }
  },
  {
   "type": "Feature",
   "geometry": {
    "type": "Point",
    "coordinates": [
     9.6629,
     45.70331
    ]
   },
   "properties": {
    "painter": "Giovanni Battista Tiepolo",
    "title": "martyrdom of St. John the bishop",
    "year": "1745",
    "city": "Bergamo",
    "country": "Italy",
    "location": "Bergamo Cathedral",
    "kind": "church",
    "attribution": "generally accepted",
    "status": "present",
    "medium": "Oil on panel",
    "dimensions": "502 × 240 cm",
    "image": "https://commons.wikimedia.org/wiki/Special:FilePath/Tiepolo%20G.B.%20sec.%20XVIII%2C%20Martirio%20di%20S.%20Giovanni%20vescovo%2C%20Bergamo.jpg?width=420",
    "wikipedia_it": "https://it.wikipedia.org/wiki/Martirio_di_san_Giovanni_vescovo",
    "wikidata": "https://www.wikidata.org/wiki/Q48809220",
    "creation_place": "Venice",
    "creation_lat": 45.4408,
    "creation_lon": 12.3155,
    "_source": {
     "source": "Wikidata",
     "url": "https://www.wikidata.org/wiki/Q48809220",
     "retrieved_at": "2026-08-23"
    },
    "_overrides": {
     "creation": {
      "at": "2026-08-23",
      "source": "derived from start date + Caravaggio's documented itinerary (approximate)"
     }
    },
    "museum_id": "bergamo-cathedral",
    "qid": "Q48809220",
    "location_src": "Bergamo Cathedral"
   }
  },
  {
   "type": "Feature",
   "geometry": {
    "type": "Point",
    "coordinates": [
     13.36472,
     52.50861
    ]
   },
   "properties": {
    "painter": "Giovanni Battista Tiepolo",
    "title": "The Martyrdom of Saint Agatha",
    "year": "1754",
    "city": "Bezirk Mitte",
    "country": "Germany",
    "location": "Gemäldegalerie Berlin",
    "kind": "museum",
    "attribution": "generally accepted",
    "status": "present",
    "medium": "Oil on canvas",
    "dimensions": "184 × 131 cm",
    "genre": "religious art",
    "image": "https://commons.wikimedia.org/wiki/Special:FilePath/Martyrdom%20of%20saint%20Agatha%20%28Berlin%29.jpg?width=420",
    "wikipedia_it": "https://it.wikipedia.org/wiki/Martirio_di_sant%27Agata_(Giambattista_Tiepolo_Berlino)",
    "wikidata": "https://www.wikidata.org/wiki/Q50328573",
    "creation_place": "Venice",
    "creation_lat": 45.4408,
    "creation_lon": 12.3155,
    "_source": {
     "source": "Wikidata",
     "url": "https://www.wikidata.org/wiki/Q50328573",
     "retrieved_at": "2026-08-23"
    },
    "_overrides": {
     "creation": {
      "at": "2026-08-23",
      "source": "derived from start date + Caravaggio's documented itinerary (approximate)"
     }
    },
    "museum_id": "gemaldegalerie-berlin",
    "qid": "Q50328573",
    "wga_url": "https://www.wga.hu/html/t/tiepolo/gianbatt/7_1760s/07agatha.html",
    "location_src": "Gemäldegalerie Berlin"
   }
  },
  {
   "type": "Feature",
   "geometry": {
    "type": "Point",
    "coordinates": [
     -1.26056,
     51.75556
    ]
   },
   "properties": {
    "painter": "Giovanni Battista Tiepolo",
    "title": "Young Woman with a Macaw",
    "year": "1750-1760",
    "city": "Oxford",
    "country": "United Kingdom",
    "location": "Ashmolean Museum",
    "kind": "museum",
    "attribution": "attributed",
    "status": "present",
    "medium": "Oil on canvas",
    "dimensions": "72 × 53.5 cm",
    "image": "https://commons.wikimedia.org/wiki/Special:FilePath/Giovanni%20Battista%20Tiepolo%20-%20Woman%20with%20a%20Parrot%20-%20WGA22361.jpg?width=420",
    "wikidata": "https://www.wikidata.org/wiki/Q52146301",
    "creation_place": "Venice",
    "creation_lat": 45.4408,
    "creation_lon": 12.3155,
    "_source": {
     "source": "Wikidata",
     "url": "https://www.wikidata.org/wiki/Q52146301",
     "retrieved_at": "2026-08-23"
    },
    "_overrides": {
     "creation": {
      "at": "2026-08-23",
      "source": "derived from start date + Caravaggio's documented itinerary (approximate)"
     }
    },
    "museum_id": "ashmolean-museum",
    "qid": "Q52146301",
    "wga_url": "https://www.wga.hu/html/t/tiepolo/gianbatt/7_1760s/09parrot.html",
    "location_src": "Ashmolean Museum"
   }
  },
  {
   "type": "Feature",
   "geometry": {
    "type": "Point",
    "coordinates": [
     12.32531,
     45.43657
    ]
   },
   "properties": {
    "painter": "Giovanni Battista Tiepolo",
    "title": "Hagar and Ishmael in the Desert",
    "year": "1730-1732",
    "city": "Venice",
    "country": "Italy",
    "location": "Scuola Grande di San Rocco",
    "kind": "museum",
    "attribution": "generally accepted",
    "status": "present",
    "medium": "Oil on canvas",
    "dimensions": "140 × 120 cm",
    "genre": "religious art",
    "image": "https://commons.wikimedia.org/wiki/Special:FilePath/Giovanni%20Battista%20Tiepolo%20068.jpg?width=420",
    "wikipedia_es": "https://es.wikipedia.org/wiki/Agar_e_Ismael_en_el_desierto",
    "wikipedia_it": "https://it.wikipedia.org/wiki/Agar_e_Ismaele_nel_deserto",
    "wikidata": "https://www.wikidata.org/wiki/Q5659648",
    "creation_place": "Venice",
    "creation_lat": 45.4408,
    "creation_lon": 12.3155,
    "_source": {
     "source": "Wikidata",
     "url": "https://www.wikidata.org/wiki/Q5659648",
     "retrieved_at": "2026-08-23"
    },
    "_overrides": {
     "creation": {
      "at": "2026-08-23",
      "source": "derived from start date + Caravaggio's documented itinerary (approximate)"
     }
    },
    "museum_id": "scuola-grande-di-san-rocco",
    "qid": "Q5659648",
    "location_src": "Scuola Grande di San Rocco"
   }
  },
  {
   "type": "Feature",
   "geometry": {
    "type": "Point",
    "coordinates": [
     -3.6922,
     40.4139
    ]
   },
   "properties": {
    "painter": "Giovanni Battista Tiepolo",
    "title": "The Immaculate Conception",
    "year": "1767",
    "city": "Madrid",
    "country": "Spain",
    "location": "Museo del Prado",
    "kind": "museum",
    "attribution": "generally accepted",
    "status": "present",
    "medium": "Oil on canvas",
    "dimensions": "279 × 152 cm",
    "genre": "religious art",
    "image": "https://commons.wikimedia.org/wiki/Special:FilePath/The%20Immaculate%20Conception%2C%20by%20Giovanni%20Battista%20Tiepolo%2C%20from%20Prado%20in%20Google%20Earth.jpg?width=420",
    "wikipedia_es": "https://es.wikipedia.org/wiki/Inmaculada_Concepci%C3%B3n_(Tiepolo)",
    "wikipedia_en": "https://en.wikipedia.org/wiki/The_Immaculate_Conception_(Tiepolo)",
    "wikipedia_it": "https://it.wikipedia.org/wiki/Immacolata_Concezione_(Giambattista_Tiepolo_Madrid)",
    "wikidata": "https://www.wikidata.org/wiki/Q5916308",
    "creation_place": "Madrid",
    "creation_lat": 40.4168,
    "creation_lon": -3.7038,
    "_source": {
     "source": "Wikidata",
     "url": "https://www.wikidata.org/wiki/Q5916308",
     "retrieved_at": "2026-08-23"
    },
    "_overrides": {
     "creation": {
      "at": "2026-08-23",
      "source": "derived from start date + Caravaggio's documented itinerary (approximate)"
     }
    },
    "museum_id": "museo-del-prado",
    "qid": "Q5916308",
    "wga_url": "https://www.wga.hu/html/t/tiepolo/gianbatt/7_1760s/11immacu.html",
    "location_src": "Museo del Prado"
   }
  },
  {
   "type": "Feature",
   "geometry": {
    "type": "Point",
    "coordinates": [
     8.67388,
     50.10322
    ]
   },
   "properties": {
    "painter": "Giovanni Battista Tiepolo",
    "title": "The Patron Saints of the Crotta Family",
    "year": "1441-1750",
    "city": "Frankfurt",
    "country": "Germany",
    "location": "Städel Museum",
    "kind": "museum",
    "attribution": "copy or later version",
    "status": "present",
    "medium": "Oil on canvas",
    "dimensions": "194 × 318.5 cm",
    "genre": "history painting, religious art",
    "image": "https://commons.wikimedia.org/wiki/Special:FilePath/The%20Patron%20Saints%20of%20the%20Crotta%20Family%20%28SM%201441%29.png?width=420",
    "wikipedia_en": "https://en.wikipedia.org/wiki/The_Patron_Saints_of_the_Crotta_Family",
    "wikidata": "https://www.wikidata.org/wiki/Q59342381",
    "_source": {
     "source": "Wikidata",
     "url": "https://www.wikidata.org/wiki/Q59342381",
     "retrieved_at": "2026-08-23"
    },
    "museum_id": "stadel-museum",
    "qid": "Q59342381",
    "_overrides": {
     "attribution": {
      "at": "2026-08-24",
      "source": "tier-2 cleaning",
      "was": "generally accepted",
      "note": "dated 1441, before birth (1696–1770) → later copy / not autograph at this date (Timeline anomaly)"
     }
    },
    "location_src": "Städel Museum"
   }
  },
  {
   "type": "Feature",
   "geometry": {
    "type": "Point",
    "coordinates": [
     -3.6922,
     40.4139
    ]
   },
   "properties": {
    "painter": "Giovanni Battista Tiepolo",
    "title": "The Vision of Saint Paschal Baylon",
    "year": "1767",
    "city": "Madrid",
    "country": "Spain",
    "location": "Museo del Prado",
    "kind": "museum",
    "attribution": "attributed",
    "status": "present",
    "medium": "Oil on canvas",
    "dimensions": "340 × 180 cm",
    "genre": "religious art",
    "image": "https://commons.wikimedia.org/wiki/Special:FilePath/La%20visi%C3%B3n%20de%20san%20Pascual%20Bail%C3%B3n.jpg?width=420",
    "wikidata": "https://www.wikidata.org/wiki/Q59556295",
    "creation_place": "Madrid",
    "creation_lat": 40.4168,
    "creation_lon": -3.7038,
    "_source": {
     "source": "Wikidata",
     "url": "https://www.wikidata.org/wiki/Q59556295",
     "retrieved_at": "2026-08-23"
    },
    "_overrides": {
     "creation": {
      "at": "2026-08-23",
      "source": "derived from start date + Caravaggio's documented itinerary (approximate)"
     }
    },
    "museum_id": "museo-del-prado",
    "qid": "Q59556295",
    "location_src": "Museo del Prado"
   }
  },
  {
   "type": "Feature",
   "geometry": {
    "type": "Point",
    "coordinates": [
     2.31051,
     48.87543
    ]
   },
   "properties": {
    "painter": "Giovanni Battista Tiepolo",
    "title": "The Visit of Henry III to the Villa Contarini",
    "year": "1750",
    "city": "Paris",
    "country": "France",
    "location": "Musée Jacquemart André",
    "kind": "museum",
    "attribution": "generally accepted",
    "status": "present",
    "image": "https://commons.wikimedia.org/wiki/Special:FilePath/Tiepolo%20Reception%20of%20Henri%20III%20at%20Villa%20Contarini.jpg?width=420",
    "wikipedia_es": "https://es.wikipedia.org/wiki/La_visita_de_Enrique_III_a_la_villa_Contarini",
    "wikipedia_en": "https://en.wikipedia.org/wiki/Henry_III_Received_at_the_Villa_Contarini",
    "wikipedia_it": "https://it.wikipedia.org/wiki/Visita_di_Enrico_III_alla_villa_Contarini",
    "wikidata": "https://www.wikidata.org/wiki/Q5968478",
    "creation_place": "Venice",
    "creation_lat": 45.4408,
    "creation_lon": 12.3155,
    "_source": {
     "source": "Wikidata",
     "url": "https://www.wikidata.org/wiki/Q5968478",
     "retrieved_at": "2026-08-23"
    },
    "_overrides": {
     "creation": {
      "at": "2026-08-23",
      "source": "derived from start date + Caravaggio's documented itinerary (approximate)"
     }
    },
    "museum_id": "musee-jacquemart-andre",
    "qid": "Q5968478",
    "location_src": "Musée Jacquemart André"
   }
  },
  {
   "type": "Feature",
   "geometry": {
    "type": "Point",
    "coordinates": [
     -81.61167,
     41.50889
    ]
   },
   "properties": {
    "painter": "Giovanni Battista Tiepolo",
    "title": "Study for \"The Martyrdom of Saint Sebastian\" (for the Augustinian monastery at Diessen, Germany)",
    "year": "1739",
    "city": "Cleveland",
    "country": "United States",
    "location": "Cleveland Museum of Art",
    "kind": "museum",
    "attribution": "attributed",
    "status": "present",
    "medium": "Oil on canvas",
    "dimensions": "51.7 × 31.7 cm",
    "genre": "religious art",
    "image": "https://commons.wikimedia.org/wiki/Special:FilePath/Giovanni%20Battista%20Tiepolo%20-%20Study%20for%20%22The%20Martyrdom%20of%20Saint%20Sebastian%22%20%28for%20the%20Augustinian%20monastery%20at%20Diessen%2C%20Germany%29%20-%201946.277%20-%20Cleveland%20Museum%20of%20Art.tiff?width=420",
    "wikidata": "https://www.wikidata.org/wiki/Q60515261",
    "creation_place": "Venice",
    "creation_lat": 45.4408,
    "creation_lon": 12.3155,
    "_source": {
     "source": "Wikidata",
     "url": "https://www.wikidata.org/wiki/Q60515261",
     "retrieved_at": "2026-08-23"
    },
    "_overrides": {
     "creation": {
      "at": "2026-08-23",
      "source": "derived from start date + Caravaggio's documented itinerary (approximate)"
     }
    },
    "museum_id": "cleveland-museum-of-art",
    "qid": "Q60515261",
    "location_src": "Cleveland Museum of Art"
   }
  },
  {
   "type": "Feature",
   "geometry": {
    "type": "Point",
    "coordinates": [
     -9.16072,
     38.7053
    ]
   },
   "properties": {
    "painter": "Giovanni Battista Tiepolo",
    "title": "Flight in Egypt",
    "year": "1750",
    "city": "Estrela",
    "country": "Portugal",
    "location": "National Museum of Ancient Art",
    "kind": "museum",
    "attribution": "generally accepted",
    "status": "present",
    "genre": "religious art",
    "image": "https://commons.wikimedia.org/wiki/Special:FilePath/Flight%20into%20Egypt%20%28Giambattista%20Tiepolo%29%20%28cropped%29.jpg?width=420",
    "wikipedia_en": "https://en.wikipedia.org/wiki/The_Flight_into_Egypt_in_a_Boat",
    "wikipedia_it": "https://it.wikipedia.org/wiki/Fuga_in_Egitto_in_barca",
    "wikidata": "https://www.wikidata.org/wiki/Q60629002",
    "creation_place": "Venice",
    "creation_lat": 45.4408,
    "creation_lon": 12.3155,
    "_source": {
     "source": "Wikidata",
     "url": "https://www.wikidata.org/wiki/Q60629002",
     "retrieved_at": "2026-08-23"
    },
    "_overrides": {
     "creation": {
      "at": "2026-08-23",
      "source": "derived from start date + Caravaggio's documented itinerary (approximate)"
     }
    },
    "museum_id": "national-museum-of-ancient-art",
    "qid": "Q60629002",
    "location_src": "National Museum of Ancient Art"
   }
  },
  {
   "type": "Feature",
   "geometry": {
    "type": "Point",
    "coordinates": [
     12.32531,
     45.43657
    ]
   },
   "properties": {
    "painter": "Giovanni Battista Tiepolo",
    "title": "Abraham Praying before the Three Angels",
    "year": "1732",
    "city": "Venice",
    "country": "Italy",
    "location": "Scuola Grande di San Rocco",
    "kind": "museum",
    "attribution": "generally accepted",
    "status": "present",
    "medium": "Oil on canvas",
    "dimensions": "140 × 120 cm",
    "genre": "religious art",
    "image": "https://commons.wikimedia.org/wiki/Special:FilePath/Giovanni%20Battista%20Tiepolo%20001.jpg?width=420",
    "wikipedia_it": "https://it.wikipedia.org/wiki/Abramo_e_gli_angeli",
    "wikidata": "https://www.wikidata.org/wiki/Q63438221",
    "creation_place": "Venice",
    "creation_lat": 45.4408,
    "creation_lon": 12.3155,
    "_source": {
     "source": "Wikidata",
     "url": "https://www.wikidata.org/wiki/Q63438221",
     "retrieved_at": "2026-08-23"
    },
    "_overrides": {
     "creation": {
      "at": "2026-08-23",
      "source": "derived from start date + Caravaggio's documented itinerary (approximate)"
     }
    },
    "museum_id": "scuola-grande-di-san-rocco",
    "qid": "Q63438221",
    "wga_url": "https://www.wga.hu/html/t/tiepolo/gianbatt/2_1730s/04abraha.html",
    "location_src": "Scuola Grande di San Rocco"
   }
  },
  {
   "type": "Feature",
   "geometry": {
    "type": "Point",
    "coordinates": [
     11.55639,
     45.535
    ]
   },
   "properties": {
    "painter": "Giovanni Battista Tiepolo",
    "title": "The Sacrifice of Iphigenia",
    "year": "1757",
    "city": "Vicenza",
    "country": "Italy",
    "location": "Villa Valmarana ai Nani",
    "kind": "museum",
    "attribution": "generally accepted",
    "status": "present",
    "medium": "Fresco",
    "dimensions": "350 × 700 cm",
    "genre": "mythological painting",
    "image": "https://commons.wikimedia.org/wiki/Special:FilePath/Giovanni%20Battista%20Tiepolo%20-%20The%20Sacrifice%20of%20Iphigenia%20-%20WGA22333.jpg?width=420",
    "wikipedia_it": "https://it.wikipedia.org/wiki/Sacrificio_d%27Ifigenia_(Giambattista_Tiepolo)",
    "wikidata": "https://www.wikidata.org/wiki/Q64347130",
    "creation_place": "Venice",
    "creation_lat": 45.4408,
    "creation_lon": 12.3155,
    "_source": {
     "source": "Wikidata",
     "url": "https://www.wikidata.org/wiki/Q64347130",
     "retrieved_at": "2026-08-23"
    },
    "_overrides": {
     "creation": {
      "at": "2026-08-23",
      "source": "derived from start date + Caravaggio's documented itinerary (approximate)"
     }
    },
    "museum_id": "villa-valmarana-ai-nani",
    "qid": "Q64347130",
    "wga_url": "https://www.wga.hu/html/t/tiepolo/gianbatt/6vicenza/1homer1.html",
    "location_src": "Villa Valmarana ai Nani"
   }
  },
  {
   "type": "Feature",
   "geometry": {
    "type": "Point",
    "coordinates": [
     -83.06472,
     42.35944
    ]
   },
   "properties": {
    "painter": "Giovanni Battista Tiepolo",
    "title": "Saint Joseph and the Christ Child",
    "year": "1767",
    "city": "Detroit",
    "country": "United States",
    "location": "Detroit Institute of Arts",
    "kind": "museum",
    "attribution": "generally accepted",
    "status": "present",
    "medium": "Oil on canvas",
    "genre": "religious art",
    "image": "https://commons.wikimedia.org/wiki/Special:FilePath/Giovanni%20Battista%20Tiepolo%20-%20Saint%20Joseph%20and%20the%20Christ%20Child%20-%2044.213%20-%20Detroit%20Institute%20of%20Arts.jpg?width=420",
    "wikipedia_it": "https://it.wikipedia.org/wiki/San_Giuseppe_col_Bambino_(Giambattista_Tiepolo_Detroit)",
    "wikidata": "https://www.wikidata.org/wiki/Q64549168",
    "creation_place": "Madrid",
    "creation_lat": 40.4168,
    "creation_lon": -3.7038,
    "_source": {
     "source": "Wikidata",
     "url": "https://www.wikidata.org/wiki/Q64549168",
     "retrieved_at": "2026-08-23"
    },
    "_overrides": {
     "creation": {
      "at": "2026-08-23",
      "source": "derived from start date + Caravaggio's documented itinerary (approximate)"
     }
    },
    "museum_id": "detroit-institute-of-arts",
    "qid": "Q64549168",
    "location_src": "Detroit Institute of Arts"
   }
  },
  {
   "type": "Feature",
   "geometry": {
    "type": "Point",
    "coordinates": [
     11.55639,
     45.535
    ]
   },
   "properties": {
    "painter": "Giovanni Battista Tiepolo",
    "title": "Angelica Carving Medoro's Name on a Tree",
    "year": "1757",
    "city": "Vicenza",
    "country": "Italy",
    "location": "Villa Valmarana ai Nani",
    "kind": "museum",
    "attribution": "generally accepted",
    "status": "present",
    "medium": "Fresco",
    "dimensions": "250 × 160 cm",
    "image": "https://commons.wikimedia.org/wiki/Special:FilePath/Giovanni%20Battista%20Tiepolo%20-%20Ang%C3%A9lique%20grave%20le%20nom%20de%20M%C3%A9dor.jpg?width=420",
    "wikipedia_it": "https://it.wikipedia.org/wiki/Angelica_incide_il_nome_di_Medoro_sulla_corteccia",
    "wikidata": "https://www.wikidata.org/wiki/Q65129336",
    "creation_place": "Venice",
    "creation_lat": 45.4408,
    "creation_lon": 12.3155,
    "_source": {
     "source": "Wikidata",
     "url": "https://www.wikidata.org/wiki/Q65129336",
     "retrieved_at": "2026-08-23"
    },
    "_overrides": {
     "creation": {
      "at": "2026-08-23",
      "source": "derived from start date + Caravaggio's documented itinerary (approximate)"
     }
    },
    "museum_id": "villa-valmarana-ai-nani",
    "qid": "Q65129336",
    "location_src": "Villa Valmarana ai Nani"
   }
  },
  {
   "type": "Feature",
   "geometry": {
    "type": "Point",
    "coordinates": [
     11.55639,
     45.535
    ]
   },
   "properties": {
    "painter": "Giovanni Battista Tiepolo",
    "title": "The Rage of Achilles",
    "year": "1757",
    "city": "Vicenza",
    "country": "Italy",
    "location": "Villa Valmarana ai Nani",
    "kind": "museum",
    "attribution": "generally accepted",
    "status": "present",
    "medium": "Fresco",
    "dimensions": "300 × 300 cm",
    "image": "https://commons.wikimedia.org/wiki/Special:FilePath/The%20Rage%20of%20Achilles%20by%20Giovanni%20Battista%20Tiepolo.jpeg?width=420",
    "wikipedia_it": "https://it.wikipedia.org/wiki/Minerva_trattiene_Achille_dall%27uccidere_Agamennone",
    "wikidata": "https://www.wikidata.org/wiki/Q65131702",
    "creation_place": "Venice",
    "creation_lat": 45.4408,
    "creation_lon": 12.3155,
    "_source": {
     "source": "Wikidata",
     "url": "https://www.wikidata.org/wiki/Q65131702",
     "retrieved_at": "2026-08-23"
    },
    "_overrides": {
     "creation": {
      "at": "2026-08-23",
      "source": "derived from start date + Caravaggio's documented itinerary (approximate)"
     }
    },
    "museum_id": "villa-valmarana-ai-nani",
    "qid": "Q65131702",
    "wga_url": "https://www.wga.hu/html/t/tiepolo/gianbatt/6vicenza/2homer4.html",
    "location_src": "Villa Valmarana ai Nani"
   }
  },
  {
   "type": "Feature",
   "geometry": {
    "type": "Point",
    "coordinates": [
     11.55639,
     45.535
    ]
   },
   "properties": {
    "painter": "Giovanni Battista Tiepolo",
    "title": "Eurybates and Talthybios Lead Briseis to Agamemmon",
    "year": "1757",
    "city": "Vicenza",
    "country": "Italy",
    "location": "Villa Valmarana ai Nani",
    "kind": "museum",
    "attribution": "generally accepted",
    "status": "present",
    "medium": "Fresco",
    "dimensions": "300 × 280 cm",
    "image": "https://commons.wikimedia.org/wiki/Special:FilePath/Giovanni%20Battista%20Tiepolo%20-%20Eurybates%20and%20Talthybios%20Lead%20Briseis%20to%20Agamemmon%20-%20WGA22334.jpg?width=420",
    "wikipedia_it": "https://it.wikipedia.org/wiki/Briseide_condotta_ad_Agamennone",
    "wikidata": "https://www.wikidata.org/wiki/Q65131708",
    "creation_place": "Venice",
    "creation_lat": 45.4408,
    "creation_lon": 12.3155,
    "_source": {
     "source": "Wikidata",
     "url": "https://www.wikidata.org/wiki/Q65131708",
     "retrieved_at": "2026-08-23"
    },
    "_overrides": {
     "creation": {
      "at": "2026-08-23",
      "source": "derived from start date + Caravaggio's documented itinerary (approximate)"
     }
    },
    "museum_id": "villa-valmarana-ai-nani",
    "qid": "Q65131708",
    "wga_url": "https://www.wga.hu/html/t/tiepolo/gianbatt/6vicenza/1homer2.html",
    "location_src": "Villa Valmarana ai Nani"
   }
  },
  {
   "type": "Feature",
   "geometry": {
    "type": "Point",
    "coordinates": [
     11.79028,
     45.07111
    ]
   },
   "properties": {
    "painter": "Giovanni Battista Tiepolo",
    "title": "Portrait of Antonio Riccobono",
    "year": "1745",
    "city": "Rovigo",
    "country": "Italy",
    "location": "Accademia dei Concordi di Rovigo",
    "kind": "museum",
    "attribution": "generally accepted",
    "status": "present",
    "medium": "Oil paint",
    "dimensions": "120 × 90 cm",
    "genre": "portrait",
    "image": "https://commons.wikimedia.org/wiki/Special:FilePath/Giovanni%20Battista%20Tiepolo%20083.jpg?width=420",
    "wikipedia_it": "https://it.wikipedia.org/wiki/Ritratto_di_Antonio_Riccobono",
    "wikidata": "https://www.wikidata.org/wiki/Q75952153",
    "creation_place": "Venice",
    "creation_lat": 45.4408,
    "creation_lon": 12.3155,
    "_source": {
     "source": "Wikidata",
     "url": "https://www.wikidata.org/wiki/Q75952153",
     "retrieved_at": "2026-08-23"
    },
    "_overrides": {
     "creation": {
      "at": "2026-08-23",
      "source": "derived from start date + Caravaggio's documented itinerary (approximate)"
     }
    },
    "museum_id": "accademia-dei-concordi-di-rovigo",
    "qid": "Q75952153",
    "location_src": "Accademia dei Concordi di Rovigo"
   }
  },
  {
   "type": "Feature",
   "geometry": {
    "type": "Point",
    "coordinates": [
     -71.09417,
     42.33944
    ]
   },
   "properties": {
    "painter": "Giovanni Battista Tiepolo",
    "title": "Truth Unveiled by Time",
    "year": "1745",
    "city": "Boston",
    "country": "United States",
    "location": "Museum of Fine Arts Boston",
    "kind": "museum",
    "attribution": "generally accepted",
    "status": "present",
    "medium": "Oil on canvas",
    "dimensions": "231.1 × 167 cm",
    "image": "https://commons.wikimedia.org/wiki/Special:FilePath/Time%20Unveiling%20Truth%20-%20Tiepolo%20-%20MFA%20Boston.jpg?width=420",
    "wikipedia_en": "https://en.wikipedia.org/wiki/Time_Unveiling_Truth_(Tiepolo)",
    "wikidata": "https://www.wikidata.org/wiki/Q7848304",
    "creation_place": "Venice",
    "creation_lat": 45.4408,
    "creation_lon": 12.3155,
    "_source": {
     "source": "Wikidata",
     "url": "https://www.wikidata.org/wiki/Q7848304",
     "retrieved_at": "2026-08-23"
    },
    "_overrides": {
     "creation": {
      "at": "2026-08-23",
      "source": "derived from start date + Caravaggio's documented itinerary (approximate)"
     }
    },
    "museum_id": "museum-of-fine-arts-boston",
    "qid": "Q7848304",
    "location_src": "Museum of Fine Arts Boston"
   }
  },
  {
   "type": "Feature",
   "geometry": {
    "type": "Point",
    "coordinates": [
     9.93916,
     49.79344
    ]
   },
   "properties": {
    "painter": "Giovanni Battista Tiepolo",
    "title": "Rinaldo under Armida’s Spell",
    "year": "1753",
    "city": "Würzburg",
    "country": "Germany",
    "location": "Staatsgalerie Würzburg",
    "kind": "museum",
    "attribution": "generally accepted",
    "status": "present",
    "medium": "Oil on canvas",
    "dimensions": "105 × 143 cm",
    "image": "https://commons.wikimedia.org/wiki/Special:FilePath/Tiepolo%20-%20Rinaldo%20und%20Armida.jpg?width=420",
    "wikipedia_es": "https://es.wikipedia.org/wiki/Rinaldo_y_Armida",
    "wikidata": "https://www.wikidata.org/wiki/Q9069244",
    "_source": {
     "source": "Wikidata",
     "url": "https://www.wikidata.org/wiki/Q9069244",
     "retrieved_at": "2026-08-23"
    },
    "_overrides": {
     "creation": {
      "at": "2026-08-23",
      "source": "derived from start date + Caravaggio's documented itinerary (approximate)"
     }
    },
    "museum_id": "staatsgalerie-wurzburg",
    "qid": "Q9069244",
    "wga_url": "https://www.wga.hu/html/t/tiepolo/gianbatt/7_1760s/080rina.html",
    "location_src": "Staatsgalerie Würzburg"
   }
  },
  {
   "type": "Feature",
   "geometry": {
    "type": "Point",
    "coordinates": [
     13.23998,
     46.06369
    ]
   },
   "properties": {
    "painter": "Giovanni Battista Tiepolo",
    "title": "Sarah and the angel",
    "year": "1726",
    "city": "Udine",
    "country": "Italy",
    "location": "Patriarchal Palace",
    "kind": "museum",
    "attribution": "generally accepted",
    "status": "present",
    "medium": "Fresco",
    "genre": "religious art",
    "image": "https://commons.wikimedia.org/wiki/Special:FilePath/Giovanni%20Battista%20Tiepolo%20064.jpg?width=420",
    "wikipedia_es": "https://es.wikipedia.org/wiki/Sara_y_el_arc%C3%A1ngel",
    "wikipedia_it": "https://it.wikipedia.org/wiki/Apparizione_dell%27angelo_a_Sara",
    "wikidata": "https://www.wikidata.org/wiki/Q9074540",
    "creation_place": "Venice",
    "creation_lat": 45.4408,
    "creation_lon": 12.3155,
    "_source": {
     "source": "Wikidata",
     "url": "https://www.wikidata.org/wiki/Q9074540",
     "retrieved_at": "2026-08-23"
    },
    "_overrides": {
     "creation": {
      "at": "2026-08-23",
      "source": "derived from start date + Caravaggio's documented itinerary (approximate)"
     }
    },
    "museum_id": "patriarchal-palace",
    "qid": "Q9074540",
    "location_src": "Patriarchal Palace"
   }
  },
  {
   "type": "Feature",
   "geometry": {
    "type": "Point",
    "coordinates": [
     -3.69493,
     40.41604
    ]
   },
   "properties": {
    "painter": "Giovanni Battista Tiepolo",
    "title": "The Death of Hyacinth",
    "year": "1752-1753",
    "city": "Madrid",
    "country": "Spain",
    "location": "Thyssen-Bornemisza Museum",
    "kind": "museum",
    "attribution": "generally accepted",
    "status": "present",
    "medium": "Oil on canvas",
    "dimensions": "287 × 232 cm",
    "genre": "mythological painting",
    "image": "https://commons.wikimedia.org/wiki/Special:FilePath/Giambattista%20Tiepolo%20-%20La%20morte%20di%20Giacinto%20%281752-53%29%20-%20Museo%20Nacional%20Thyssen-Bornemisza%20Madrid.jpg?width=420",
    "wikipedia_it": "https://it.wikipedia.org/wiki/Morte_di_Giacinto_(Giambattista_Tiepolo)",
    "wikidata": "https://www.wikidata.org/wiki/Q9395626",
    "_source": {
     "source": "Wikidata",
     "url": "https://www.wikidata.org/wiki/Q9395626",
     "retrieved_at": "2026-08-23"
    },
    "_overrides": {
     "creation": {
      "at": "2026-08-23",
      "source": "derived from start date + Caravaggio's documented itinerary (approximate)"
     }
    },
    "museum_id": "thyssen-bornemisza-museum",
    "qid": "Q9395626",
    "wga_url": "https://www.wga.hu/html/t/tiepolo/gianbatt/7_1760s/02hyacin.html",
    "location_src": "Thyssen-Bornemisza Museum"
   }
  },
  {
   "type": "Feature",
   "geometry": {
    "type": "Point",
    "coordinates": [
     19.07678,
     47.51587
    ]
   },
   "properties": {
    "painter": "Giovanni Battista Tiepolo",
    "title": "Saint James Matamoros",
    "year": "1749",
    "city": "Budapest district XIV",
    "country": "Hungary",
    "location": "Museum of Fine Arts, Budapest",
    "kind": "museum",
    "attribution": "attributed",
    "status": "present",
    "medium": "Oil on canvas",
    "dimensions": "317 × 163 cm",
    "genre": "religious art",
    "image": "https://commons.wikimedia.org/wiki/Special:FilePath/Giovanni%20Battista%20Tiepolo%20-%20St%20Jacobus%20in%20Budapest.jpg?width=420",
    "wikidata": "https://www.wikidata.org/wiki/Q9396820",
    "creation_place": "Venice",
    "creation_lat": 45.4408,
    "creation_lon": 12.3155,
    "_source": {
     "source": "Wikidata",
     "url": "https://www.wikidata.org/wiki/Q9396820",
     "retrieved_at": "2026-08-23"
    },
    "_overrides": {
     "creation": {
      "at": "2026-08-23",
      "source": "derived from start date + Caravaggio's documented itinerary (approximate)"
     }
    },
    "museum_id": "museum-of-fine-arts-budapest",
    "qid": "Q9396820",
    "wga_url": "https://www.wga.hu/html/t/tiepolo/gianbatt/3_1740s/09sjames.html",
    "location_src": "Museum of Fine Arts, Budapest"
   }
  },
  {
   "type": "Feature",
   "geometry": {
    "type": "Point",
    "coordinates": [
     -9.16072,
     38.7053
    ]
   },
   "properties": {
    "painter": "Giovanni Battista Tiepolo",
    "title": "Triumph of the Arts",
    "year": "1729",
    "city": "Estrela",
    "country": "Portugal",
    "location": "National Museum of Ancient Art",
    "kind": "museum",
    "attribution": "attributed",
    "status": "present",
    "dimensions": "55.5 × 72 cm",
    "image": "https://commons.wikimedia.org/wiki/Special:FilePath/Giambattista%20tiepolo%2C%20trionfo%20delle%20arti%2C%201730%20ca%2002.jpg?width=420",
    "wikidata": "https://www.wikidata.org/wiki/Q96003056",
    "creation_place": "Venice",
    "creation_lat": 45.4408,
    "creation_lon": 12.3155,
    "_source": {
     "source": "Wikidata",
     "url": "https://www.wikidata.org/wiki/Q96003056",
     "retrieved_at": "2026-08-23"
    },
    "_overrides": {
     "creation": {
      "at": "2026-08-23",
      "source": "derived from start date + Caravaggio's documented itinerary (approximate)"
     }
    },
    "museum_id": "national-museum-of-ancient-art",
    "qid": "Q96003056",
    "location_src": "National Museum of Ancient Art"
   }
  },
  {
   "type": "Feature",
   "geometry": {
    "type": "Point",
    "coordinates": [
     19.9366,
     50.0544
    ]
   },
   "properties": {
    "painter": "Giovanni Battista Tiepolo",
    "title": "The Annunciation to the Blessed Virgin Mary",
    "year": "1725",
    "location": "Wawel Castle",
    "city": "Kraków",
    "country": "Poland",
    "attribution": "generally accepted",
    "image": "https://commons.wikimedia.org/wiki/Special:FilePath/Giovanni%20Battista%20Tiepolo%20097.jpg?width=500",
    "qid": "Q119625757",
    "wikidata": "https://www.wikidata.org/wiki/Q119625757",
    "_source": {
     "source": "Wikidata",
     "url": "https://www.wikidata.org/wiki/Q119625757",
     "note": "harvested: painting by this creator with an image and a documented collection"
    },
    "creation_place": "Venice",
    "creation_lat": 45.4375,
    "creation_lon": 12.335833,
    "_overrides": {
     "creation": {
      "at": "2026-08-24",
      "source": "derived",
      "note": "creation place inferred from the painter's itinerary at this work's date (approximate)"
     }
    },
    "museum_id": "wawel-castle",
    "location_src": "Wawel Castle"
   }
  },
  {
   "type": "Feature",
   "geometry": {
    "type": "Point",
    "coordinates": [
     19.9366,
     50.0544
    ]
   },
   "properties": {
    "painter": "Giovanni Battista Tiepolo",
    "title": "David with the Head of Goliath",
    "year": "1720",
    "location": "Wawel Castle",
    "city": "Kraków",
    "country": "Poland",
    "attribution": "generally accepted",
    "image": "https://commons.wikimedia.org/wiki/Special:FilePath/Giambattista%20Tiepolo%20%28%3F%29%20-%20Dawid%20z%20g%C5%82ow%C4%85%20Goliata.jpg?width=500",
    "qid": "Q121615144",
    "wikidata": "https://www.wikidata.org/wiki/Q121615144",
    "_source": {
     "source": "Wikidata",
     "url": "https://www.wikidata.org/wiki/Q121615144",
     "note": "harvested: painting by this creator with an image and a documented collection"
    },
    "creation_place": "Venice",
    "creation_lat": 45.4375,
    "creation_lon": 12.335833,
    "_overrides": {
     "creation": {
      "at": "2026-08-24",
      "source": "derived",
      "note": "creation place inferred from the painter's itinerary at this work's date (approximate)"
     }
    },
    "museum_id": "wawel-castle",
    "location_src": "Wawel Castle"
   }
  },
  {
   "type": "Feature",
   "geometry": {
    "type": "Point",
    "coordinates": [
     10.00306,
     53.555
    ]
   },
   "properties": {
    "painter": "Giovanni Battista Tiepolo",
    "title": "Christ in the Garden of Gethsemane",
    "year": "1753",
    "location": "Hamburger Kunsthalle",
    "city": "Hamburg-Mitte",
    "country": "Germany",
    "attribution": "generally accepted",
    "image": "https://commons.wikimedia.org/wiki/Special:FilePath/1753%20Tiepolo%20Christus%20in%20Gethsemane%20anagoria.jpg?width=500",
    "qid": "Q122228408",
    "wikidata": "https://www.wikidata.org/wiki/Q122228408",
    "_source": {
     "source": "Wikidata",
     "url": "https://www.wikidata.org/wiki/Q122228408",
     "note": "harvested: painting by this creator with an image and a documented collection"
    },
    "creation_place": "Venice",
    "creation_lat": 45.4375,
    "creation_lon": 12.335833,
    "_overrides": {
     "creation": {
      "at": "2026-08-24",
      "source": "derived",
      "note": "creation place inferred from the painter's itinerary at this work's date (approximate)"
     }
    },
    "museum_id": "hamburger-kunsthalle",
    "location_src": "Hamburger Kunsthalle"
   }
  },
  {
   "type": "Feature",
   "geometry": {
    "type": "Point",
    "coordinates": [
     10.8986,
     48.36498
    ]
   },
   "properties": {
    "painter": "Giovanni Battista Tiepolo",
    "title": "Tarquinius und Lucretia",
    "year": "1750",
    "location": "Schaezlerpalais",
    "city": "Augsburg",
    "country": "Germany",
    "attribution": "generally accepted",
    "image": "https://commons.wikimedia.org/wiki/Special:FilePath/Augsburg%20Schaezlerpalais%20Mattes%202013-05-05%20%2856%29.JPG?width=500",
    "qid": "Q135189933",
    "wikidata": "https://www.wikidata.org/wiki/Q135189933",
    "_source": {
     "source": "Wikidata",
     "url": "https://www.wikidata.org/wiki/Q135189933",
     "note": "harvested: painting by this creator with an image and a documented collection"
    },
    "creation_place": "Venice",
    "creation_lat": 45.4375,
    "creation_lon": 12.335833,
    "_overrides": {
     "creation": {
      "at": "2026-08-24",
      "source": "derived",
      "note": "creation place inferred from the painter's itinerary at this work's date (approximate)"
     }
    },
    "museum_id": "schaezlerpalais",
    "location_src": "Schaezlerpalais"
   }
  },
  {
   "type": "Feature",
   "geometry": {
    "type": "Point",
    "coordinates": [
     12.32814,
     45.43108
    ]
   },
   "properties": {
    "painter": "Giovanni Battista Tiepolo",
    "title": "Diana and Actaeon",
    "year": "1720",
    "location": "Gallerie dell'Accademia",
    "city": "Venice",
    "country": "Italy",
    "attribution": "generally accepted",
    "image": "https://commons.wikimedia.org/wiki/Special:FilePath/Accademia%20-%20Diana%20e%20Atteone%20-%20Giambattista%20Tiepolo%201720-22.jpg?width=500",
    "qid": "Q124251816",
    "wikidata": "https://www.wikidata.org/wiki/Q124251816",
    "_source": {
     "source": "Wikidata",
     "url": "https://www.wikidata.org/wiki/Q124251816",
     "note": "harvested: painting by this creator with an image and a documented collection"
    },
    "creation_place": "Venice",
    "creation_lat": 45.4375,
    "creation_lon": 12.335833,
    "_overrides": {
     "creation": {
      "at": "2026-08-24",
      "source": "derived",
      "note": "creation place inferred from the painter's itinerary at this work's date (approximate)"
     }
    },
    "museum_id": "gallerie-dell-accademia",
    "location_src": "Gallerie dell'Accademia"
   }
  },
  {
   "type": "Feature",
   "geometry": {
    "type": "Point",
    "coordinates": [
     4.35824,
     50.84168
    ]
   },
   "properties": {
    "painter": "Giovanni Battista Tiepolo",
    "title": "The theological virtues",
    "year": "1755",
    "location": "Royal Museums of Fine Arts of Belgium",
    "city": "Brussels-Capital Region",
    "country": "Belgium",
    "attribution": "generally accepted",
    "image": "https://commons.wikimedia.org/wiki/Special:FilePath/Giovanni%20Battista%20Tiepolo%20-%20The%20Theological%20Virtues%20-%20WGA22349.jpg?width=500",
    "qid": "Q124453011",
    "wikidata": "https://www.wikidata.org/wiki/Q124453011",
    "_source": {
     "source": "Wikidata",
     "url": "https://www.wikidata.org/wiki/Q124453011",
     "note": "harvested: painting by this creator with an image and a documented collection"
    },
    "creation_place": "Venice",
    "creation_lat": 45.4375,
    "creation_lon": 12.335833,
    "_overrides": {
     "creation": {
      "at": "2026-08-24",
      "source": "derived",
      "note": "creation place inferred from the painter's itinerary at this work's date (approximate)"
     }
    },
    "museum_id": "royal-museums-of-fine-arts-of-belgium",
    "location_src": "Royal Museums of Fine Arts of Belgium"
   }
  },
  {
   "type": "Feature",
   "geometry": {
    "type": "Point",
    "coordinates": [
     12.37566,
     51.34245
    ]
   },
   "properties": {
    "painter": "Giovanni Battista Tiepolo",
    "title": "Saint Roch",
    "year": "1740",
    "location": "Museum der bildenden Künste",
    "city": "Leipzig",
    "country": "Germany",
    "attribution": "generally accepted",
    "image": "https://commons.wikimedia.org/wiki/Special:FilePath/Leipzig%2C%20Museum%20der%20bildenden%20K%C3%BCnste%2C%20Giovanni%20Battista%20Tiepolo%2C%20der%20heilige%20Rochus.jpg?width=500",
    "qid": "Q137641146",
    "wikidata": "https://www.wikidata.org/wiki/Q137641146",
    "_source": {
     "source": "Wikidata",
     "url": "https://www.wikidata.org/wiki/Q137641146",
     "note": "harvested: painting by this creator with an image and a documented collection"
    },
    "creation_place": "Venice",
    "creation_lat": 45.4375,
    "creation_lon": 12.335833,
    "_overrides": {
     "creation": {
      "at": "2026-08-24",
      "source": "derived",
      "note": "creation place inferred from the painter's itinerary at this work's date (approximate)"
     }
    },
    "museum_id": "museum-der-bildenden-kunste",
    "location_src": "Museum der bildenden Künste"
   }
  },
  {
   "type": "Feature",
   "geometry": {
    "type": "Point",
    "coordinates": [
     -1.26056,
     51.75556
    ]
   },
   "properties": {
    "painter": "Giovanni Battista Tiepolo",
    "title": "The Gathering of Manna",
    "year": "",
    "location": "Ashmolean Museum",
    "city": "Oxford",
    "country": "United Kingdom",
    "attribution": "generally accepted",
    "image": "https://commons.wikimedia.org/wiki/Special:FilePath/Giovanni%20Battista%20Tiepolo%20%281696-1770%29%20%28after%29%20-%20The%20Gathering%20of%20Manna%20-%20WA1920.1%20-%20Ashmolean%20Museum.jpg?width=500",
    "qid": "Q119499641",
    "wikidata": "https://www.wikidata.org/wiki/Q119499641",
    "_source": {
     "source": "Wikidata",
     "url": "https://www.wikidata.org/wiki/Q119499641",
     "note": "harvested: painting by this creator with an image and a documented collection"
    },
    "museum_id": "ashmolean-museum",
    "location_src": "Ashmolean Museum"
   }
  },
  {
   "type": "Feature",
   "geometry": {
    "type": "Point",
    "coordinates": [
     8.56176,
     47.35305
    ]
   },
   "properties": {
    "painter": "Giovanni Battista Tiepolo",
    "title": "Diana e Atteone",
    "year": "1743",
    "location": "Foundation E.G. Bührle Collection",
    "city": "Zurich",
    "country": "Switzerland",
    "attribution": "generally accepted",
    "image": "https://commons.wikimedia.org/wiki/Special:FilePath/Giovanni%20Battista%20Tiepolo%20-%20Diana%20e%20Atteone%20-%20145%20-%20Foundation%20E.G.%20B%C3%BChrle%20Collection.jpg?width=500",
    "qid": "Q131584914",
    "wikidata": "https://www.wikidata.org/wiki/Q131584914",
    "_source": {
     "source": "Wikidata",
     "url": "https://www.wikidata.org/wiki/Q131584914",
     "note": "harvested: painting by this creator with an image and a documented collection"
    },
    "creation_place": "Venice",
    "creation_lat": 45.4375,
    "creation_lon": 12.335833,
    "_overrides": {
     "creation": {
      "at": "2026-08-24",
      "source": "derived",
      "note": "creation place inferred from the painter's itinerary at this work's date (approximate)"
     }
    },
    "museum_id": "foundation-e-g-buhrle-collection",
    "location_src": "Foundation E.G. Bührle Collection"
   }
  },
  {
   "type": "Feature",
   "geometry": {
    "type": "Point",
    "coordinates": [
     8.54806,
     47.37028
    ]
   },
   "properties": {
    "painter": "Giovanni Battista Tiepolo",
    "title": "Santi Massimo e Osvaldo",
    "year": "1742",
    "location": "Kunsthaus Zürich",
    "city": "Zurich",
    "country": "Switzerland",
    "attribution": "generally accepted",
    "image": "https://commons.wikimedia.org/wiki/Special:FilePath/Giovanni%20Battista%20Tiepolo%20-%20Santi%20Massimo%20e%20Osvaldo%20-%20R%2037%20-%20Kunsthaus%20Z%C3%BCrich.jpg?width=500",
    "qid": "Q131584727",
    "wikidata": "https://www.wikidata.org/wiki/Q131584727",
    "_source": {
     "source": "Wikidata",
     "url": "https://www.wikidata.org/wiki/Q131584727",
     "note": "harvested: painting by this creator with an image and a documented collection"
    },
    "creation_place": "Venice",
    "creation_lat": 45.4375,
    "creation_lon": 12.335833,
    "_overrides": {
     "creation": {
      "at": "2026-08-24",
      "source": "derived",
      "note": "creation place inferred from the painter's itinerary at this work's date (approximate)"
     }
    },
    "museum_id": "kunsthaus-zurich",
    "location_src": "Kunsthaus Zürich"
   }
  },
  {
   "type": "Feature",
   "geometry": {
    "type": "Point",
    "coordinates": [
     8.54806,
     47.37028
    ]
   },
   "properties": {
    "painter": "Giovanni Battista Tiepolo",
    "title": "La famiglia di Dario dinanzi ad Alessandro",
    "year": "1743",
    "location": "Kunsthaus Zürich",
    "city": "Zurich",
    "country": "Switzerland",
    "attribution": "generally accepted",
    "image": "https://commons.wikimedia.org/wiki/Special:FilePath/Giovanni%20Battista%20Tiepolo%20-%20La%20famiglia%20di%20Dario%20dinanzi%20ad%20Alessandro%20-%202000-0004%20-%20Kunsthaus%20Z%C3%BCrich.jpg?width=500",
    "qid": "Q131586140",
    "wikidata": "https://www.wikidata.org/wiki/Q131586140",
    "_source": {
     "source": "Wikidata",
     "url": "https://www.wikidata.org/wiki/Q131586140",
     "note": "harvested: painting by this creator with an image and a documented collection"
    },
    "creation_place": "Venice",
    "creation_lat": 45.4375,
    "creation_lon": 12.335833,
    "_overrides": {
     "creation": {
      "at": "2026-08-24",
      "source": "derived",
      "note": "creation place inferred from the painter's itinerary at this work's date (approximate)"
     }
    },
    "museum_id": "kunsthaus-zurich",
    "location_src": "Kunsthaus Zürich"
   }
  },
  {
   "type": "Feature",
   "geometry": {
    "type": "Point",
    "coordinates": [
     -0.93727,
     51.84243
    ]
   },
   "properties": {
    "painter": "Giovanni Battista Tiepolo",
    "title": "The Banquet of Cleopatra (detail)",
    "year": "1825",
    "location": "Waddesdon Manor",
    "city": "Waddesdon",
    "country": "United Kingdom",
    "attribution": "copy or later version",
    "image": "https://commons.wikimedia.org/wiki/Special:FilePath/Giovanni%20Battista%20Tiepolo%20%281696-1770%29%20%28after%29%20-%20The%20Banquet%20of%20Cleopatra%20%28detail%29%20-%203627%20-%20Waddesdon%20Manor.jpg?width=500",
    "qid": "Q119950875",
    "wikidata": "https://www.wikidata.org/wiki/Q119950875",
    "_source": {
     "source": "Wikidata",
     "url": "https://www.wikidata.org/wiki/Q119950875",
     "note": "harvested: painting by this creator with an image and a documented collection"
    },
    "_overrides": {
     "attribution": {
      "at": "2026-08-24",
      "source": "tier-2 cleaning",
      "was": "generally accepted",
      "note": "dated 1825, after death (1696–1770) → later copy / not autograph at this date (Timeline anomaly)"
     }
    },
    "museum_id": "waddesdon-manor",
    "location_src": "Waddesdon Manor"
   }
  },
  {
   "type": "Feature",
   "geometry": {
    "type": "Point",
    "coordinates": [
     12.32435,
     45.43409
    ]
   },
   "properties": {
    "painter": "Giovanni Battista Tiepolo",
    "title": "St Martin of Tours",
    "year": "",
    "location": "Ca' Rezzonico",
    "city": "Venice",
    "country": "Italy",
    "attribution": "generally accepted",
    "image": "https://commons.wikimedia.org/wiki/Special:FilePath/Ca%27%20Rezzonico%20-%20Sala%20Tiepolo%20-%20San%20Martino%20di%20Tours%20by%20Giambattiasta%20Tiepolo.jpg?width=500",
    "qid": "Q135792786",
    "wikidata": "https://www.wikidata.org/wiki/Q135792786",
    "_source": {
     "source": "Wikidata",
     "url": "https://www.wikidata.org/wiki/Q135792786",
     "note": "harvested: painting by this creator with an image and a documented collection"
    },
    "museum_id": "ca-rezzonico",
    "location_src": "Ca' Rezzonico"
   }
  },
  {
   "type": "Feature",
   "geometry": {
    "type": "Point",
    "coordinates": [
     12.32435,
     45.43409
    ]
   },
   "properties": {
    "painter": "Giovanni Battista Tiepolo",
    "title": "Saint Blaise",
    "year": "",
    "location": "Ca' Rezzonico",
    "city": "Venice",
    "country": "Italy",
    "attribution": "generally accepted",
    "image": "https://commons.wikimedia.org/wiki/Special:FilePath/Ca%27%20Rezzonico%20-%20Sala%20Tiepolo%20-%20San%20Biagio%20by%20Giambattiasta%20Tiepolo.jpg?width=500",
    "qid": "Q135792802",
    "wikidata": "https://www.wikidata.org/wiki/Q135792802",
    "_source": {
     "source": "Wikidata",
     "url": "https://www.wikidata.org/wiki/Q135792802",
     "note": "harvested: painting by this creator with an image and a documented collection"
    },
    "museum_id": "ca-rezzonico",
    "location_src": "Ca' Rezzonico"
   }
  },
  {
   "type": "Feature",
   "geometry": {
    "type": "Point",
    "coordinates": [
     12.32435,
     45.43409
    ]
   },
   "properties": {
    "painter": "Giovanni Battista Tiepolo",
    "title": "Martyrdom of Saint Theodora of Rome",
    "year": "1745",
    "location": "Ca' Rezzonico",
    "city": "Venice",
    "country": "Italy",
    "attribution": "generally accepted",
    "image": "https://commons.wikimedia.org/wiki/Special:FilePath/Ca%27%20Rezzonico%20-%20Martirio%20di%20Santa%20Teodora%20di%20Roma%20-%20Giambattista%20Tiepolo.jpg?width=500",
    "qid": "Q135825131",
    "wikidata": "https://www.wikidata.org/wiki/Q135825131",
    "_source": {
     "source": "Wikidata",
     "url": "https://www.wikidata.org/wiki/Q135825131",
     "note": "harvested: painting by this creator with an image and a documented collection"
    },
    "creation_place": "Venice",
    "creation_lat": 45.4375,
    "creation_lon": 12.335833,
    "_overrides": {
     "creation": {
      "at": "2026-08-24",
      "source": "derived",
      "note": "creation place inferred from the painter's itinerary at this work's date (approximate)"
     }
    },
    "museum_id": "ca-rezzonico",
    "location_src": "Ca' Rezzonico"
   }
  },
  {
   "type": "Feature",
   "geometry": {
    "type": "Point",
    "coordinates": [
     5.04267,
     47.3216
    ]
   },
   "properties": {
    "painter": "Giovanni Battista Tiepolo",
    "title": "L'éducation de la Vierge",
    "year": "1721",
    "location": "Musée des Beaux-Arts de Dijon",
    "city": "Dijon",
    "country": "France",
    "attribution": "generally accepted",
    "image": "https://commons.wikimedia.org/wiki/Special:FilePath/Tiepolo%20-%20Educazione-della-vergine%20-%20Digione.jpg?width=500",
    "qid": "Q131703333",
    "wikidata": "https://www.wikidata.org/wiki/Q131703333",
    "_source": {
     "source": "Wikidata",
     "url": "https://www.wikidata.org/wiki/Q131703333",
     "note": "harvested: painting by this creator with an image and a documented collection"
    },
    "creation_place": "Venice",
    "creation_lat": 45.4375,
    "creation_lon": 12.335833,
    "_overrides": {
     "creation": {
      "at": "2026-08-24",
      "source": "derived",
      "note": "creation place inferred from the painter's itinerary at this work's date (approximate)"
     }
    },
    "museum_id": "musee-des-beaux-arts-de-dijon",
    "location_src": "Musée des Beaux-Arts de Dijon"
   }
  },
  {
   "type": "Feature",
   "geometry": {
    "type": "Point",
    "coordinates": [
     5.04219,
     47.32092
    ]
   },
   "properties": {
    "painter": "Giovanni Battista Tiepolo",
    "title": "Muzio Scevola davanti a Porsenna",
    "year": "1726",
    "location": "Musée Magnin",
    "city": "Dijon",
    "country": "France",
    "attribution": "generally accepted",
    "image": "https://commons.wikimedia.org/wiki/Special:FilePath/Muzio%20Scevola%20davanti%20a%20Porsenna%20by%20Giambattista%20Tiepolo%2C%20Mus%C3%A9e%20Magnin.jpg?width=500",
    "qid": "Q134933013",
    "wikidata": "https://www.wikidata.org/wiki/Q134933013",
    "_source": {
     "source": "Wikidata",
     "url": "https://www.wikidata.org/wiki/Q134933013",
     "note": "harvested: painting by this creator with an image and a documented collection"
    },
    "creation_place": "Venice",
    "creation_lat": 45.4375,
    "creation_lon": 12.335833,
    "_overrides": {
     "creation": {
      "at": "2026-08-24",
      "source": "derived",
      "note": "creation place inferred from the painter's itinerary at this work's date (approximate)"
     }
    },
    "museum_id": "musee-magnin",
    "location_src": "Musée Magnin"
   }
  },
  {
   "type": "Feature",
   "geometry": {
    "type": "Point",
    "coordinates": [
     12.34107,
     45.43642
    ]
   },
   "properties": {
    "painter": "Giovanni Battista Tiepolo",
    "title": "Porträt des Daniele IV Dolfin",
    "year": "1750",
    "location": "Pinacoteca Querini Stampalia",
    "city": "Venice",
    "country": "Italy",
    "attribution": "generally accepted",
    "image": "https://commons.wikimedia.org/wiki/Special:FilePath/Giovanni%20Battista%20Tiepolo%20084.jpg?width=500",
    "qid": "Q140162950",
    "wikidata": "https://www.wikidata.org/wiki/Q140162950",
    "_source": {
     "source": "Wikidata",
     "url": "https://www.wikidata.org/wiki/Q140162950",
     "note": "harvested: painting by this creator with an image and a documented collection"
    },
    "creation_place": "Venice",
    "creation_lat": 45.4375,
    "creation_lon": 12.335833,
    "_overrides": {
     "creation": {
      "at": "2026-08-24",
      "source": "derived",
      "note": "creation place inferred from the painter's itinerary at this work's date (approximate)"
     }
    },
    "museum_id": "pinacoteca-querini-stampalia",
    "location_src": "Pinacoteca Querini Stampalia"
   }
  },
  {
   "type": "Feature",
   "geometry": {
    "type": "Point",
    "coordinates": [
     -4.13762,
     50.3745
    ]
   },
   "properties": {
    "painter": "Giovanni Battista Tiepolo",
    "title": "Toilet of Venus",
    "year": "",
    "location": "The Box",
    "city": "Plymouth",
    "country": "United Kingdom",
    "attribution": "generally accepted",
    "image": "https://commons.wikimedia.org/wiki/Special:FilePath/Giovanni%20Battista%20Tiepolo%20%281696-1770%29%20-%20Toilet%20of%20Venus%20-%20PLYMG.1926.12.10%20-%20The%20Box.jpg?width=500",
    "qid": "Q119950874",
    "wikidata": "https://www.wikidata.org/wiki/Q119950874",
    "_source": {
     "source": "Wikidata",
     "url": "https://www.wikidata.org/wiki/Q119950874",
     "note": "harvested: painting by this creator with an image and a documented collection"
    },
    "museum_id": "the-box",
    "location_src": "The Box"
   }
  },
  {
   "type": "Feature",
   "geometry": {
    "type": "Point",
    "coordinates": [
     -1.98591,
     52.58567
    ]
   },
   "properties": {
    "painter": "Giovanni Battista Tiepolo",
    "title": "Page Boy",
    "year": "1745",
    "location": "The New Art Gallery Walsall",
    "city": "Walsall",
    "country": "United Kingdom",
    "attribution": "generally accepted",
    "image": "https://commons.wikimedia.org/wiki/Special:FilePath/Giovanni%20Battista%20Tiepolo%20%281696-1770%29%20%28attributed%20to%29%20-%20Page%20Boy%20-%20GR.247%20-%20The%20New%20Art%20Gallery%20Walsall.jpg?width=500",
    "qid": "Q118997968",
    "wikidata": "https://www.wikidata.org/wiki/Q118997968",
    "_source": {
     "source": "Wikidata",
     "url": "https://www.wikidata.org/wiki/Q118997968",
     "note": "harvested: painting by this creator with an image and a documented collection"
    },
    "creation_place": "Venice",
    "creation_lat": 45.4375,
    "creation_lon": 12.335833,
    "_overrides": {
     "creation": {
      "at": "2026-08-24",
      "source": "derived",
      "note": "creation place inferred from the painter's itinerary at this work's date (approximate)"
     }
    },
    "museum_id": "the-new-art-gallery-walsall",
    "location_src": "The New Art Gallery Walsall"
   }
  },
  {
   "type": "Feature",
   "geometry": {
    "type": "Point",
    "coordinates": [
     -0.11771,
     51.51157
    ]
   },
   "properties": {
    "painter": "Giovanni Battista Tiepolo",
    "title": "Martyrdom of Saint Clement",
    "year": "1736",
    "location": "Courtauld Gallery",
    "city": "London",
    "country": "United Kingdom",
    "attribution": "generally accepted",
    "image": "https://commons.wikimedia.org/wiki/Special:FilePath/Tiepolo%20-%20Martyrdom%20of%20Saint%20Clement%2C%20c.1734%E2%80%931739%2C%20P.1978.PG.450.jpg?width=500",
    "qid": "Q118995903",
    "wikidata": "https://www.wikidata.org/wiki/Q118995903",
    "_source": {
     "source": "Wikidata",
     "url": "https://www.wikidata.org/wiki/Q118995903",
     "note": "harvested: painting by this creator with an image and a documented collection"
    },
    "creation_place": "Venice",
    "creation_lat": 45.4375,
    "creation_lon": 12.335833,
    "_overrides": {
     "creation": {
      "at": "2026-08-24",
      "source": "derived",
      "note": "creation place inferred from the painter's itinerary at this work's date (approximate)"
     }
    },
    "museum_id": "courtauld-gallery",
    "location_src": "Courtauld Gallery"
   }
  },
  {
   "type": "Feature",
   "geometry": {
    "type": "Point",
    "coordinates": [
     -0.11771,
     51.51157
    ]
   },
   "properties": {
    "painter": "Giovanni Battista Tiepolo",
    "title": "Saint Charles Borromeo Meditating on the Crucifix",
    "year": "1767",
    "location": "Courtauld Gallery",
    "city": "London",
    "country": "United Kingdom",
    "attribution": "generally accepted",
    "image": "https://commons.wikimedia.org/wiki/Special:FilePath/Tiepolo%20-%20Saint%20Charles%20Borromeo%20Meditating%20on%20the%20Crucifix%2C%201767%2C%20P.1978.PG.452.jpg?width=500",
    "qid": "Q119009975",
    "wikidata": "https://www.wikidata.org/wiki/Q119009975",
    "_source": {
     "source": "Wikidata",
     "url": "https://www.wikidata.org/wiki/Q119009975",
     "note": "harvested: painting by this creator with an image and a documented collection"
    },
    "creation_place": "Madrid",
    "creation_lat": 40.4169,
    "creation_lon": -3.7033,
    "_overrides": {
     "creation": {
      "at": "2026-08-24",
      "source": "derived",
      "note": "creation place inferred from the painter's itinerary at this work's date (approximate)"
     }
    },
    "museum_id": "courtauld-gallery",
    "location_src": "Courtauld Gallery"
   }
  },
  {
   "type": "Feature",
   "geometry": {
    "type": "Point",
    "coordinates": [
     -0.11771,
     51.51157
    ]
   },
   "properties": {
    "painter": "Giovanni Battista Tiepolo",
    "title": "Stigmatization of Saint Francis",
    "year": "1767",
    "location": "Courtauld Gallery",
    "city": "London",
    "country": "United Kingdom",
    "attribution": "generally accepted",
    "image": "https://commons.wikimedia.org/wiki/Special:FilePath/Tiepolo%20-%20Stigmatization%20of%20Saint%20Francis%2C%201767%2C%20P.1978.PG.455.jpg?width=500",
    "qid": "Q119009982",
    "wikidata": "https://www.wikidata.org/wiki/Q119009982",
    "_source": {
     "source": "Wikidata",
     "url": "https://www.wikidata.org/wiki/Q119009982",
     "note": "harvested: painting by this creator with an image and a documented collection"
    },
    "creation_place": "Madrid",
    "creation_lat": 40.4169,
    "creation_lon": -3.7033,
    "_overrides": {
     "creation": {
      "at": "2026-08-24",
      "source": "derived",
      "note": "creation place inferred from the painter's itinerary at this work's date (approximate)"
     }
    },
    "museum_id": "courtauld-gallery",
    "location_src": "Courtauld Gallery"
   }
  },
  {
   "type": "Feature",
   "geometry": {
    "type": "Point",
    "coordinates": [
     -0.11771,
     51.51157
    ]
   },
   "properties": {
    "painter": "Giovanni Battista Tiepolo",
    "title": "Two Heads of Angels (fragment)",
    "year": "1767",
    "location": "Courtauld Gallery",
    "city": "London",
    "country": "United Kingdom",
    "attribution": "generally accepted",
    "image": "https://commons.wikimedia.org/wiki/Special:FilePath/Tiepolo%20-%20Two%20Heads%20of%20Angels%20%28fragment%29%2C%201767%2C%20P.1978.PG.456.jpg?width=500",
    "qid": "Q119009983",
    "wikidata": "https://www.wikidata.org/wiki/Q119009983",
    "_source": {
     "source": "Wikidata",
     "url": "https://www.wikidata.org/wiki/Q119009983",
     "note": "harvested: painting by this creator with an image and a documented collection"
    },
    "creation_place": "Madrid",
    "creation_lat": 40.4169,
    "creation_lon": -3.7033,
    "_overrides": {
     "creation": {
      "at": "2026-08-24",
      "source": "derived",
      "note": "creation place inferred from the painter's itinerary at this work's date (approximate)"
     }
    },
    "museum_id": "courtauld-gallery",
    "location_src": "Courtauld Gallery"
   }
  },
  {
   "type": "Feature",
   "geometry": {
    "type": "Point",
    "coordinates": [
     -0.11771,
     51.51157
    ]
   },
   "properties": {
    "painter": "Giovanni Battista Tiepolo",
    "title": "Saint Joseph with the Christ Child",
    "year": "1767",
    "location": "Courtauld Gallery",
    "city": "London",
    "country": "United Kingdom",
    "attribution": "generally accepted",
    "image": "https://commons.wikimedia.org/wiki/Special:FilePath/Tiepolo%20-%20Saint%20Joseph%20with%20the%20Christ%20Child%2C%201767%2C%20P.1978.PG.453.jpg?width=500",
    "qid": "Q119009991",
    "wikidata": "https://www.wikidata.org/wiki/Q119009991",
    "_source": {
     "source": "Wikidata",
     "url": "https://www.wikidata.org/wiki/Q119009991",
     "note": "harvested: painting by this creator with an image and a documented collection"
    },
    "creation_place": "Madrid",
    "creation_lat": 40.4169,
    "creation_lon": -3.7033,
    "_overrides": {
     "creation": {
      "at": "2026-08-24",
      "source": "derived",
      "note": "creation place inferred from the painter's itinerary at this work's date (approximate)"
     }
    },
    "museum_id": "courtauld-gallery",
    "location_src": "Courtauld Gallery"
   }
  },
  {
   "type": "Feature",
   "geometry": {
    "type": "Point",
    "coordinates": [
     -0.11771,
     51.51157
    ]
   },
   "properties": {
    "painter": "Giovanni Battista Tiepolo",
    "title": "Saint Paschal Baylon's Vision of the Eucharist",
    "year": "1767",
    "location": "Courtauld Gallery",
    "city": "London",
    "country": "United Kingdom",
    "attribution": "generally accepted",
    "image": "https://commons.wikimedia.org/wiki/Special:FilePath/Tiepolo%20-%20Saint%20Paschal%20Baylon%27s%20Vision%20of%20the%20Eucharist%2C%201767%2C%20P.1978.PG.454.jpg?width=500",
    "qid": "Q119010010",
    "wikidata": "https://www.wikidata.org/wiki/Q119010010",
    "_source": {
     "source": "Wikidata",
     "url": "https://www.wikidata.org/wiki/Q119010010",
     "note": "harvested: painting by this creator with an image and a documented collection"
    },
    "creation_place": "Madrid",
    "creation_lat": 40.4169,
    "creation_lon": -3.7033,
    "_overrides": {
     "creation": {
      "at": "2026-08-24",
      "source": "derived",
      "note": "creation place inferred from the painter's itinerary at this work's date (approximate)"
     }
    },
    "museum_id": "courtauld-gallery",
    "location_src": "Courtauld Gallery"
   }
  },
  {
   "type": "Feature",
   "geometry": {
    "type": "Point",
    "coordinates": [
     9.18688,
     48.78023
    ]
   },
   "properties": {
    "painter": "Giovanni Battista Tiepolo",
    "title": "Rest during the Flight into Egypt",
    "year": "1766",
    "location": "Staatsgalerie Stuttgart",
    "city": "Stuttgart",
    "country": "Germany",
    "attribution": "generally accepted",
    "image": "https://commons.wikimedia.org/wiki/Special:FilePath/Tiepolo%20-%20Ruhe%20auf%20der%20Flucht%20nach%20%C3%84gypten%2C%20um%201762-70.jpg?width=500",
    "qid": "Q129158026",
    "wikidata": "https://www.wikidata.org/wiki/Q129158026",
    "_source": {
     "source": "Wikidata",
     "url": "https://www.wikidata.org/wiki/Q129158026",
     "note": "harvested: painting by this creator with an image and a documented collection"
    },
    "creation_place": "Madrid",
    "creation_lat": 40.4169,
    "creation_lon": -3.7033,
    "_overrides": {
     "creation": {
      "at": "2026-08-24",
      "source": "derived",
      "note": "creation place inferred from the painter's itinerary at this work's date (approximate)"
     }
    },
    "museum_id": "staatsgalerie-stuttgart",
    "location_src": "Staatsgalerie Stuttgart"
   }
  },
  {
   "type": "Feature",
   "geometry": {
    "type": "Point",
    "coordinates": [
     11.5385,
     45.2906
    ]
   },
   "properties": {
    "painter": "Giovanni Battista Tiepolo",
    "title": "Saint Roche and Sebastian",
    "year": "",
    "location": "Santi Vito, Modesto e Crescenzia",
    "city": "Noventa Vicentina",
    "country": "Italy",
    "attribution": "generally accepted",
    "image": "https://commons.wikimedia.org/wiki/Special:FilePath/Santi%20Vito%2C%20Modesto%20e%20Crescenzia%20%28Noventa%20Vicentina%29.jpg?width=500",
    "qid": "Q135421888",
    "wikidata": "https://www.wikidata.org/wiki/Q135421888",
    "_source": {
     "source": "Wikidata",
     "url": "https://www.wikidata.org/wiki/Q135421888",
     "note": "harvested: painting by this creator with an image and a documented collection"
    },
    "museum_id": "santi-vito-modesto-e-crescenzia",
    "location_src": "Santi Vito, Modesto e Crescenzia"
   }
  },
  {
   "type": "Feature",
   "geometry": {
    "type": "Point",
    "coordinates": [
     37.60603,
     55.74703
    ]
   },
   "properties": {
    "painter": "Giovanni Battista Tiepolo",
    "title": "Death of Dido",
    "year": "1763",
    "location": "Pushkin Museum",
    "city": "Khamovniki District",
    "country": "Russia",
    "attribution": "generally accepted",
    "image": "https://commons.wikimedia.org/wiki/Special:FilePath/Giambattista%20Tiepolo%20-%20Death%20of%20Dido%20-%20Google%20Art%20Project.jpg?width=500",
    "qid": "Q28798203",
    "wikidata": "https://www.wikidata.org/wiki/Q28798203",
    "_source": {
     "source": "Wikidata",
     "url": "https://www.wikidata.org/wiki/Q28798203",
     "note": "harvested: painting by this creator with an image and a documented collection"
    },
    "creation_place": "Madrid",
    "creation_lat": 40.4169,
    "creation_lon": -3.7033,
    "_overrides": {
     "creation": {
      "at": "2026-08-24",
      "source": "derived",
      "note": "creation place inferred from the painter's itinerary at this work's date (approximate)"
     }
    },
    "museum_id": "pushkin-museum",
    "location_src": "Pushkin Museum"
   }
  },
  {
   "type": "Feature",
   "geometry": {
    "type": "Point",
    "coordinates": [
     13.73466,
     51.05338
    ]
   },
   "properties": {
    "painter": "Giovanni Battista Tiepolo",
    "title": "Triumph of Amphitrite",
    "year": "1740",
    "location": "Gemäldegalerie Alte Meister",
    "city": "Dresden",
    "country": "Germany",
    "attribution": "generally accepted",
    "image": "https://commons.wikimedia.org/wiki/Special:FilePath/Tiepolo%20-%20Der%20Triumph%20der%20Amphitrite%2C%20Um%201740.jpg?width=500",
    "qid": "Q50326547",
    "wikidata": "https://www.wikidata.org/wiki/Q50326547",
    "_source": {
     "source": "Wikidata",
     "url": "https://www.wikidata.org/wiki/Q50326547",
     "note": "harvested: painting by this creator with an image and a documented collection"
    },
    "creation_place": "Venice",
    "creation_lat": 45.4375,
    "creation_lon": 12.335833,
    "_overrides": {
     "creation": {
      "at": "2026-08-24",
      "source": "derived",
      "note": "creation place inferred from the painter's itinerary at this work's date (approximate)"
     }
    },
    "museum_id": "gemaldegalerie-alte-meister",
    "location_src": "Gemäldegalerie Alte Meister"
   }
  },
  {
   "type": "Feature",
   "geometry": {
    "type": "Point",
    "coordinates": [
     -71.09417,
     42.33944
    ]
   },
   "properties": {
    "painter": "Giovanni Battista Tiepolo",
    "title": "The Crowning of Merit",
    "year": "",
    "location": "Museum of Fine Arts Boston",
    "city": "Boston",
    "country": "United States",
    "attribution": "generally accepted",
    "image": "https://commons.wikimedia.org/wiki/Special:FilePath/Giovanni%20Battista%20Tiepolo%20-%20The%20Crowning%20of%20Merit%20-%2006.118%20-%20Museum%20of%20Fine%20Arts.jpg?width=500",
    "qid": "Q20539908",
    "wikidata": "https://www.wikidata.org/wiki/Q20539908",
    "_source": {
     "source": "Wikidata",
     "url": "https://www.wikidata.org/wiki/Q20539908",
     "note": "harvested: painting by this creator with an image and a documented collection"
    },
    "museum_id": "museum-of-fine-arts-boston",
    "location_src": "Museum of Fine Arts Boston"
   }
  },
  {
   "type": "Feature",
   "geometry": {
    "type": "Point",
    "coordinates": [
     -71.09417,
     42.33944
    ]
   },
   "properties": {
    "painter": "Giovanni Battista Tiepolo",
    "title": "Apotheosis of Aeneas",
    "year": "1762",
    "location": "Museum of Fine Arts Boston",
    "city": "Boston",
    "country": "United States",
    "attribution": "generally accepted",
    "image": "https://commons.wikimedia.org/wiki/Special:FilePath/Giovanni%20Battista%20Tiepolo%20-%20Apotheosis%20of%20Aeneas%20-%2027.861%20-%20Museum%20of%20Fine%20Arts.jpg?width=500",
    "qid": "Q20539911",
    "wikidata": "https://www.wikidata.org/wiki/Q20539911",
    "_source": {
     "source": "Wikidata",
     "url": "https://www.wikidata.org/wiki/Q20539911",
     "note": "harvested: painting by this creator with an image and a documented collection"
    },
    "creation_place": "Venice",
    "creation_lat": 45.4375,
    "creation_lon": 12.335833,
    "_overrides": {
     "creation": {
      "at": "2026-08-24",
      "source": "derived",
      "note": "creation place inferred from the painter's itinerary at this work's date (approximate)"
     }
    },
    "museum_id": "museum-of-fine-arts-boston",
    "location_src": "Museum of Fine Arts Boston"
   }
  },
  {
   "type": "Feature",
   "geometry": {
    "type": "Point",
    "coordinates": [
     -71.09417,
     42.33944
    ]
   },
   "properties": {
    "painter": "Giovanni Battista Tiepolo",
    "title": "Virtue and Nobility Crowning Love",
    "year": "1760",
    "location": "Museum of Fine Arts Boston",
    "city": "Boston",
    "country": "United States",
    "attribution": "generally accepted",
    "image": "https://commons.wikimedia.org/wiki/Special:FilePath/Giovanni%20Battista%20Tiepolo%20-%20Virtue%20and%20Nobility%20Crowning%20Love%20-%2030.539%20-%20Museum%20of%20Fine%20Arts.jpg?width=500",
    "qid": "Q20539915",
    "wikidata": "https://www.wikidata.org/wiki/Q20539915",
    "_source": {
     "source": "Wikidata",
     "url": "https://www.wikidata.org/wiki/Q20539915",
     "note": "harvested: painting by this creator with an image and a documented collection"
    },
    "creation_place": "Venice",
    "creation_lat": 45.4375,
    "creation_lon": 12.335833,
    "_overrides": {
     "creation": {
      "at": "2026-08-24",
      "source": "derived",
      "note": "creation place inferred from the painter's itinerary at this work's date (approximate)"
     }
    },
    "museum_id": "museum-of-fine-arts-boston",
    "location_src": "Museum of Fine Arts Boston"
   }
  },
  {
   "type": "Feature",
   "geometry": {
    "type": "Point",
    "coordinates": [
     -71.09417,
     42.33944
    ]
   },
   "properties": {
    "painter": "Giovanni Battista Tiepolo",
    "title": "The Virgin Receiving the Prayers of Saint Dominic",
    "year": "",
    "location": "Museum of Fine Arts Boston",
    "city": "Boston",
    "country": "United States",
    "attribution": "generally accepted",
    "image": "https://commons.wikimedia.org/wiki/Special:FilePath/Giovanni%20Battista%20Tiepolo%20-%20The%20Virgin%20Receiving%20the%20Prayers%20of%20Saint%20Dominic%20-%201976.765%20-%20Museum%20of%20Fine%20Arts.jpg?width=500",
    "qid": "Q20539919",
    "wikidata": "https://www.wikidata.org/wiki/Q20539919",
    "_source": {
     "source": "Wikidata",
     "url": "https://www.wikidata.org/wiki/Q20539919",
     "note": "harvested: painting by this creator with an image and a documented collection"
    },
    "museum_id": "museum-of-fine-arts-boston",
    "location_src": "Museum of Fine Arts Boston"
   }
  },
  {
   "type": "Feature",
   "geometry": {
    "type": "Point",
    "coordinates": [
     30.31361,
     59.94056
    ]
   },
   "properties": {
    "painter": "Giovanni Battista Tiepolo",
    "title": "Rape of the Sabine Women",
    "year": "1718",
    "location": "Hermitage Museum",
    "city": "Saint Petersburg",
    "country": "Russia",
    "attribution": "generally accepted",
    "image": "https://commons.wikimedia.org/wiki/Special:FilePath/Tiepolo%20-%20Rape%20of%20the%20Sabine%20Women%2C%201718-1719.jpg?width=500",
    "qid": "Q21716138",
    "wikidata": "https://www.wikidata.org/wiki/Q21716138",
    "_source": {
     "source": "Wikidata",
     "url": "https://www.wikidata.org/wiki/Q21716138",
     "note": "harvested: painting by this creator with an image and a documented collection"
    },
    "creation_place": "Venice",
    "creation_lat": 45.4375,
    "creation_lon": 12.335833,
    "_overrides": {
     "creation": {
      "at": "2026-08-24",
      "source": "derived",
      "note": "creation place inferred from the painter's itinerary at this work's date (approximate)"
     }
    },
    "museum_id": "hermitage-museum",
    "location_src": "Hermitage Museum"
   }
  },
  {
   "type": "Feature",
   "geometry": {
    "type": "Point",
    "coordinates": [
     11.57,
     48.14833
    ]
   },
   "properties": {
    "painter": "Giovanni Battista Tiepolo",
    "title": "Mary with Child",
    "year": "1733",
    "location": "Alte Pinakothek",
    "city": "Munich",
    "country": "Germany",
    "attribution": "generally accepted",
    "image": "https://commons.wikimedia.org/wiki/Special:FilePath/Giovanni%20Battista%20Tiepolo%20%28%5E%29%20-%20Maria%20mit%20Kind%20-%205866%20-%20Bavarian%20State%20Painting%20Collections.jpg?width=500",
    "qid": "Q30094227",
    "wikidata": "https://www.wikidata.org/wiki/Q30094227",
    "_source": {
     "source": "Wikidata",
     "url": "https://www.wikidata.org/wiki/Q30094227",
     "note": "harvested: painting by this creator with an image and a documented collection"
    },
    "creation_place": "Venice",
    "creation_lat": 45.4375,
    "creation_lon": 12.335833,
    "_overrides": {
     "creation": {
      "at": "2026-08-24",
      "source": "derived",
      "note": "creation place inferred from the painter's itinerary at this work's date (approximate)"
     }
    },
    "museum_id": "alte-pinakothek",
    "location_src": "Alte Pinakothek"
   }
  },
  {
   "type": "Feature",
   "geometry": {
    "type": "Point",
    "coordinates": [
     -3.6922,
     40.4139
    ]
   },
   "properties": {
    "painter": "Giovanni Battista Tiepolo",
    "title": "Olympus or The Triumph of Venus",
    "year": "1761",
    "location": "Museo del Prado",
    "city": "Madrid",
    "country": "Spain",
    "attribution": "generally accepted",
    "image": "https://commons.wikimedia.org/wiki/Special:FilePath/El%20Olimpo%20%28Triunfo%20de%20Venus%29.jpg?width=500",
    "qid": "Q27760061",
    "wikidata": "https://www.wikidata.org/wiki/Q27760061",
    "_source": {
     "source": "Wikidata",
     "url": "https://www.wikidata.org/wiki/Q27760061",
     "note": "harvested: painting by this creator with an image and a documented collection"
    },
    "creation_place": "Venice",
    "creation_lat": 45.4375,
    "creation_lon": 12.335833,
    "_overrides": {
     "creation": {
      "at": "2026-08-24",
      "source": "derived",
      "note": "creation place inferred from the painter's itinerary at this work's date (approximate)"
     }
    },
    "museum_id": "museo-del-prado",
    "location_src": "Museo del Prado"
   }
  },
  {
   "type": "Feature",
   "geometry": {
    "type": "Point",
    "coordinates": [
     -3.69493,
     40.41604
    ]
   },
   "properties": {
    "painter": "Giovanni Battista Tiepolo",
    "title": "The Death of Sophonisba",
    "year": "1757",
    "location": "Thyssen-Bornemisza Museum",
    "city": "Madrid",
    "country": "Spain",
    "attribution": "generally accepted",
    "image": "https://commons.wikimedia.org/wiki/Special:FilePath/Giovanni%20Battista%20Tiepolo%20-%20The%20Death%20of%20Sophonisba%20-%20WGA22350.jpg?width=500",
    "qid": "Q21711449",
    "wikidata": "https://www.wikidata.org/wiki/Q21711449",
    "_source": {
     "source": "Wikidata",
     "url": "https://www.wikidata.org/wiki/Q21711449",
     "note": "harvested: painting by this creator with an image and a documented collection"
    },
    "creation_place": "Venice",
    "creation_lat": 45.4375,
    "creation_lon": 12.335833,
    "_overrides": {
     "creation": {
      "at": "2026-08-24",
      "source": "derived",
      "note": "creation place inferred from the painter's itinerary at this work's date (approximate)"
     }
    },
    "museum_id": "thyssen-bornemisza-museum",
    "location_src": "Thyssen-Bornemisza Museum"
   }
  },
  {
   "type": "Feature",
   "geometry": {
    "type": "Point",
    "coordinates": [
     -3.69493,
     40.41604
    ]
   },
   "properties": {
    "painter": "Giovanni Battista Tiepolo",
    "title": "Christ on the Route to Calvary",
    "year": "1730",
    "location": "Thyssen-Bornemisza Museum",
    "city": "Madrid",
    "country": "Spain",
    "attribution": "generally accepted",
    "image": "https://commons.wikimedia.org/wiki/Special:FilePath/Giovanni%20Battista%20Tiepolo%20%28e%20studio%29%20-%20Cristo%20Via%20del%20Golgota.jpg?width=500",
    "qid": "Q21711484",
    "wikidata": "https://www.wikidata.org/wiki/Q21711484",
    "_source": {
     "source": "Wikidata",
     "url": "https://www.wikidata.org/wiki/Q21711484",
     "note": "harvested: painting by this creator with an image and a documented collection"
    },
    "creation_place": "Venice",
    "creation_lat": 45.4375,
    "creation_lon": 12.335833,
    "_overrides": {
     "creation": {
      "at": "2026-08-24",
      "source": "derived",
      "note": "creation place inferred from the painter's itinerary at this work's date (approximate)"
     }
    },
    "museum_id": "thyssen-bornemisza-museum",
    "location_src": "Thyssen-Bornemisza Museum"
   }
  },
  {
   "type": "Feature",
   "geometry": {
    "type": "Point",
    "coordinates": [
     -0.1283,
     51.5089
    ]
   },
   "properties": {
    "painter": "Giovanni Battista Tiepolo",
    "title": "Rinaldo turning in Shame from the Magic Shield",
    "year": "1757",
    "location": "National Gallery",
    "city": "London",
    "country": "United Kingdom",
    "attribution": "generally accepted",
    "image": "https://commons.wikimedia.org/wiki/Special:FilePath/Giovanni%20Battista%20Tiepolo%20%281696-1770%29%20-%20Rinaldo%20turning%20in%20Shame%20from%20the%20Magic%20Shield%20-%20NG6303%20-%20National%20Gallery.jpg?width=500",
    "qid": "Q26492636",
    "wikidata": "https://www.wikidata.org/wiki/Q26492636",
    "_source": {
     "source": "Wikidata",
     "url": "https://www.wikidata.org/wiki/Q26492636",
     "note": "harvested: painting by this creator with an image and a documented collection"
    },
    "creation_place": "Venice",
    "creation_lat": 45.4375,
    "creation_lon": 12.335833,
    "_overrides": {
     "creation": {
      "at": "2026-08-24",
      "source": "derived",
      "note": "creation place inferred from the painter's itinerary at this work's date (approximate)"
     }
    },
    "museum_id": "national-gallery",
    "location_src": "National Gallery"
   }
  },
  {
   "type": "Feature",
   "geometry": {
    "type": "Point",
    "coordinates": [
     -0.1283,
     51.5089
    ]
   },
   "properties": {
    "painter": "Giovanni Battista Tiepolo",
    "title": "Two Men in Oriental Costume",
    "year": "1757",
    "location": "National Gallery",
    "city": "London",
    "country": "United Kingdom",
    "attribution": "generally accepted",
    "image": "https://commons.wikimedia.org/wiki/Special:FilePath/Giovanni%20Battista%20Tiepolo%20%281696-1770%29%20-%20Two%20Men%20in%20Oriental%20Costume%20-%20NG6302%20-%20National%20Gallery.jpg?width=500",
    "qid": "Q26532812",
    "wikidata": "https://www.wikidata.org/wiki/Q26532812",
    "_source": {
     "source": "Wikidata",
     "url": "https://www.wikidata.org/wiki/Q26532812",
     "note": "harvested: painting by this creator with an image and a documented collection"
    },
    "creation_place": "Venice",
    "creation_lat": 45.4375,
    "creation_lon": 12.335833,
    "_overrides": {
     "creation": {
      "at": "2026-08-24",
      "source": "derived",
      "note": "creation place inferred from the painter's itinerary at this work's date (approximate)"
     }
    },
    "museum_id": "national-gallery",
    "location_src": "National Gallery"
   }
  },
  {
   "type": "Feature",
   "geometry": {
    "type": "Point",
    "coordinates": [
     -0.1283,
     51.5089
    ]
   },
   "properties": {
    "painter": "Giovanni Battista Tiepolo",
    "title": "Two Orientals seated under a Tree",
    "year": "1757",
    "location": "National Gallery",
    "city": "London",
    "country": "United Kingdom",
    "attribution": "generally accepted",
    "image": "https://commons.wikimedia.org/wiki/Special:FilePath/Giovanni%20Battista%20Tiepolo%20%281696-1770%29%20-%20Two%20Orientals%20seated%20under%20a%20Tree%20-%20NG6305%20-%20National%20Gallery.jpg?width=500",
    "qid": "Q26532896",
    "wikidata": "https://www.wikidata.org/wiki/Q26532896",
    "_source": {
     "source": "Wikidata",
     "url": "https://www.wikidata.org/wiki/Q26532896",
     "note": "harvested: painting by this creator with an image and a documented collection"
    },
    "creation_place": "Venice",
    "creation_lat": 45.4375,
    "creation_lon": 12.335833,
    "_overrides": {
     "creation": {
      "at": "2026-08-24",
      "source": "derived",
      "note": "creation place inferred from the painter's itinerary at this work's date (approximate)"
     }
    },
    "museum_id": "national-gallery",
    "location_src": "National Gallery"
   }
  },
  {
   "type": "Feature",
   "geometry": {
    "type": "Point",
    "coordinates": [
     -0.1283,
     51.5089
    ]
   },
   "properties": {
    "painter": "Giovanni Battista Tiepolo",
    "title": "A Vision of the Trinity",
    "year": "1730",
    "location": "National Gallery",
    "city": "London",
    "country": "United Kingdom",
    "attribution": "generally accepted",
    "image": "https://commons.wikimedia.org/wiki/Special:FilePath/Giovanni%20Battista%20Tiepolo%20094.jpg?width=500",
    "qid": "Q26689432",
    "wikidata": "https://www.wikidata.org/wiki/Q26689432",
    "_source": {
     "source": "Wikidata",
     "url": "https://www.wikidata.org/wiki/Q26689432",
     "note": "harvested: painting by this creator with an image and a documented collection"
    },
    "creation_place": "Venice",
    "creation_lat": 45.4375,
    "creation_lon": 12.335833,
    "_overrides": {
     "creation": {
      "at": "2026-08-24",
      "source": "derived",
      "note": "creation place inferred from the painter's itinerary at this work's date (approximate)"
     }
    },
    "museum_id": "national-gallery",
    "location_src": "National Gallery"
   }
  },
  {
   "type": "Feature",
   "geometry": {
    "type": "Point",
    "coordinates": [
     -0.1283,
     51.5089
    ]
   },
   "properties": {
    "painter": "Giovanni Battista Tiepolo",
    "title": "Saints Maximus and Oswald (?)",
    "year": "1745",
    "location": "National Gallery",
    "city": "London",
    "country": "United Kingdom",
    "attribution": "generally accepted",
    "image": "https://commons.wikimedia.org/wiki/Special:FilePath/Giovanni%20Battista%20Tiepolo%20%281696-1770%29%20-%20Saints%20Maximus%20and%20Oswald%20%28%5E%29%20-%20NG1192%20-%20National%20Gallery.jpg?width=500",
    "qid": "Q26693386",
    "wikidata": "https://www.wikidata.org/wiki/Q26693386",
    "_source": {
     "source": "Wikidata",
     "url": "https://www.wikidata.org/wiki/Q26693386",
     "note": "harvested: painting by this creator with an image and a documented collection"
    },
    "creation_place": "Venice",
    "creation_lat": 45.4375,
    "creation_lon": 12.335833,
    "_overrides": {
     "creation": {
      "at": "2026-08-24",
      "source": "derived",
      "note": "creation place inferred from the painter's itinerary at this work's date (approximate)"
     }
    },
    "museum_id": "national-gallery",
    "location_src": "National Gallery"
   }
  },
  {
   "type": "Feature",
   "geometry": {
    "type": "Point",
    "coordinates": [
     -0.1283,
     51.5089
    ]
   },
   "properties": {
    "painter": "Giovanni Battista Tiepolo",
    "title": "Seated Man, Woman with Jar, and Boy",
    "year": "1755",
    "location": "National Gallery",
    "city": "London",
    "country": "United Kingdom",
    "attribution": "generally accepted",
    "image": "https://commons.wikimedia.org/wiki/Special:FilePath/Giovanni%20Battista%20Tiepolo%20-%20A%20Seated%20Man%20and%20a%20Girl%20with%20a%20Pitcher%20-%20WGA22348.jpg?width=500",
    "qid": "Q26693550",
    "wikidata": "https://www.wikidata.org/wiki/Q26693550",
    "_source": {
     "source": "Wikidata",
     "url": "https://www.wikidata.org/wiki/Q26693550",
     "note": "harvested: painting by this creator with an image and a documented collection"
    },
    "creation_place": "Venice",
    "creation_lat": 45.4375,
    "creation_lon": 12.335833,
    "_overrides": {
     "creation": {
      "at": "2026-08-24",
      "source": "derived",
      "note": "creation place inferred from the painter's itinerary at this work's date (approximate)"
     }
    },
    "museum_id": "national-gallery",
    "location_src": "National Gallery"
   }
  },
  {
   "type": "Feature",
   "geometry": {
    "type": "Point",
    "coordinates": [
     -0.1283,
     51.5089
    ]
   },
   "properties": {
    "painter": "Giovanni Battista Tiepolo",
    "title": "The Virgin and Child appearing to a Group of Saints",
    "year": "1735",
    "location": "National Gallery",
    "city": "London",
    "country": "United Kingdom",
    "attribution": "generally accepted",
    "image": "https://commons.wikimedia.org/wiki/Special:FilePath/Giovanni%20Battista%20Tiepolo%20%281696-1770%29%20-%20The%20Virgin%20and%20Child%20appearing%20to%20a%20Group%20of%20Saints%20-%20NG2513%20-%20National%20Gallery.jpg?width=500",
    "qid": "Q26706264",
    "wikidata": "https://www.wikidata.org/wiki/Q26706264",
    "_source": {
     "source": "Wikidata",
     "url": "https://www.wikidata.org/wiki/Q26706264",
     "note": "harvested: painting by this creator with an image and a documented collection"
    },
    "creation_place": "Venice",
    "creation_lat": 45.4375,
    "creation_lon": 12.335833,
    "_overrides": {
     "creation": {
      "at": "2026-08-24",
      "source": "derived",
      "note": "creation place inferred from the painter's itinerary at this work's date (approximate)"
     }
    },
    "museum_id": "national-gallery",
    "location_src": "National Gallery"
   }
  },
  {
   "type": "Feature",
   "geometry": {
    "type": "Point",
    "coordinates": [
     -0.1283,
     51.5089
    ]
   },
   "properties": {
    "painter": "Giovanni Battista Tiepolo",
    "title": "Four Saints",
    "year": "1734",
    "location": "National Gallery",
    "city": "London",
    "country": "United Kingdom",
    "attribution": "generally accepted",
    "image": "https://commons.wikimedia.org/wiki/Special:FilePath/Giovanni%20Battista%20Tiepolo%20%281696-1770%29%20-%20Saints%20Augustine%2C%20Louis%20of%20France%2C%20John%20the%20Evangelist%20and%20a%20Bishop%20Saint%20-%20NG1193%20-%20National%20Gallery.jpg?width=500",
    "qid": "Q26708033",
    "wikidata": "https://www.wikidata.org/wiki/Q26708033",
    "_source": {
     "source": "Wikidata",
     "url": "https://www.wikidata.org/wiki/Q26708033",
     "note": "harvested: painting by this creator with an image and a documented collection"
    },
    "creation_place": "Venice",
    "creation_lat": 45.4375,
    "creation_lon": 12.335833,
    "_overrides": {
     "creation": {
      "at": "2026-08-24",
      "source": "derived",
      "note": "creation place inferred from the painter's itinerary at this work's date (approximate)"
     }
    },
    "museum_id": "national-gallery",
    "location_src": "National Gallery"
   }
  },
  {
   "type": "Feature",
   "geometry": {
    "type": "Point",
    "coordinates": [
     -75.18139,
     39.96583
    ]
   },
   "properties": {
    "painter": "Giovanni Battista Tiepolo",
    "title": "Saint Roch",
    "year": "",
    "location": "Philadelphia Museum of Art",
    "city": "Philadelphia",
    "country": "United States",
    "attribution": "generally accepted",
    "image": "https://commons.wikimedia.org/wiki/Special:FilePath/Tiepolo%20-%20San%20ROCCO%20-%20Philadelphia.jpg?width=500",
    "qid": "Q20810168",
    "wikidata": "https://www.wikidata.org/wiki/Q20810168",
    "_source": {
     "source": "Wikidata",
     "url": "https://www.wikidata.org/wiki/Q20810168",
     "note": "harvested: painting by this creator with an image and a documented collection"
    },
    "museum_id": "philadelphia-museum-of-art",
    "location_src": "Philadelphia Museum of Art"
   }
  },
  {
   "type": "Feature",
   "geometry": {
    "type": "Point",
    "coordinates": [
     2.15331,
     41.36833
    ]
   },
   "properties": {
    "painter": "Giovanni Battista Tiepolo",
    "title": "Saint Cecilia",
    "year": "1750",
    "location": "Museu Nacional d'Art de Catalunya",
    "city": "Sants-Montjuïc",
    "country": "Spain",
    "attribution": "generally accepted",
    "image": "https://commons.wikimedia.org/wiki/Special:FilePath/Giambattista%20Tiepolo%20-%20Saint%20Cecilia%20-%20Google%20Art%20Project.jpg?width=500",
    "qid": "Q23933341",
    "wikidata": "https://www.wikidata.org/wiki/Q23933341",
    "_source": {
     "source": "Wikidata",
     "url": "https://www.wikidata.org/wiki/Q23933341",
     "note": "harvested: painting by this creator with an image and a documented collection"
    },
    "creation_place": "Venice",
    "creation_lat": 45.4375,
    "creation_lon": 12.335833,
    "_overrides": {
     "creation": {
      "at": "2026-08-24",
      "source": "derived",
      "note": "creation place inferred from the painter's itinerary at this work's date (approximate)"
     }
    },
    "museum_id": "museu-nacional-d-art-de-catalunya",
    "location_src": "Museu Nacional d'Art de Catalunya"
   }
  },
  {
   "type": "Feature",
   "geometry": {
    "type": "Point",
    "coordinates": [
     -3.19569,
     55.9509
    ]
   },
   "properties": {
    "painter": "Giovanni Battista Tiepolo",
    "title": "The Rape of Europa",
    "year": "1743",
    "location": "Scottish National Gallery",
    "city": "City of Edinburgh",
    "country": "United Kingdom",
    "attribution": "generally accepted",
    "image": "https://commons.wikimedia.org/wiki/Special:FilePath/Giovanni%20Battista%20Tiepolo%20-%20The%20Rape%20of%20Europa%20-%20NG%202721%20-%20National%20Galleries%20of%20Scotland.jpg?width=500",
    "qid": "Q27975051",
    "wikidata": "https://www.wikidata.org/wiki/Q27975051",
    "_source": {
     "source": "Wikidata",
     "url": "https://www.wikidata.org/wiki/Q27975051",
     "note": "harvested: painting by this creator with an image and a documented collection"
    },
    "creation_place": "Venice",
    "creation_lat": 45.4375,
    "creation_lon": 12.335833,
    "_overrides": {
     "creation": {
      "at": "2026-08-24",
      "source": "derived",
      "note": "creation place inferred from the painter's itinerary at this work's date (approximate)"
     }
    },
    "museum_id": "scottish-national-gallery",
    "location_src": "Scottish National Gallery"
   }
  },
  {
   "type": "Feature",
   "geometry": {
    "type": "Point",
    "coordinates": [
     -79.949,
     40.4437
    ]
   },
   "properties": {
    "painter": "Giovanni Battista Tiepolo",
    "title": "Christina",
    "year": "1760",
    "location": "Carnegie Museum of Art",
    "city": "Pittsburgh",
    "country": "United States",
    "attribution": "generally accepted",
    "image": "https://commons.wikimedia.org/wiki/Special:FilePath/Giovanni%20Tiepolo%20-%20Christina.jpg?width=500",
    "qid": "Q42858932",
    "wikidata": "https://www.wikidata.org/wiki/Q42858932",
    "_source": {
     "source": "Wikidata",
     "url": "https://www.wikidata.org/wiki/Q42858932",
     "note": "harvested: painting by this creator with an image and a documented collection"
    },
    "creation_place": "Venice",
    "creation_lat": 45.4375,
    "creation_lon": 12.335833,
    "_overrides": {
     "creation": {
      "at": "2026-08-24",
      "source": "derived",
      "note": "creation place inferred from the painter's itinerary at this work's date (approximate)"
     }
    },
    "museum_id": "carnegie-museum-of-art",
    "location_src": "Carnegie Museum of Art"
   }
  },
  {
   "type": "Feature",
   "geometry": {
    "type": "Point",
    "coordinates": [
     -0.08639,
     51.44611
    ]
   },
   "properties": {
    "painter": "Giovanni Battista Tiepolo",
    "title": "Virtue and Nobility putting Ignorance to Flight",
    "year": "1743",
    "location": "Dulwich Picture Gallery",
    "city": "Dulwich",
    "country": "United Kingdom",
    "attribution": "generally accepted",
    "image": "https://commons.wikimedia.org/wiki/Special:FilePath/Tiepolo%2C%20Giambattista%20-%20Virtue%20and%20Nobility%20putting%20Ignorance%20to%20Flight%20-%20Google%20Art%20Project.jpg?width=500",
    "qid": "Q23929260",
    "wikidata": "https://www.wikidata.org/wiki/Q23929260",
    "_source": {
     "source": "Wikidata",
     "url": "https://www.wikidata.org/wiki/Q23929260",
     "note": "harvested: painting by this creator with an image and a documented collection"
    },
    "creation_place": "Venice",
    "creation_lat": 45.4375,
    "creation_lon": 12.335833,
    "_overrides": {
     "creation": {
      "at": "2026-08-24",
      "source": "derived",
      "note": "creation place inferred from the painter's itinerary at this work's date (approximate)"
     }
    },
    "museum_id": "dulwich-picture-gallery",
    "location_src": "Dulwich Picture Gallery"
   }
  },
  {
   "type": "Feature",
   "geometry": {
    "type": "Point",
    "coordinates": [
     -0.08639,
     51.44611
    ]
   },
   "properties": {
    "painter": "Giovanni Battista Tiepolo",
    "title": "Diana, Apollo and Nymph",
    "year": "1750",
    "location": "Dulwich Picture Gallery",
    "city": "Dulwich",
    "country": "United Kingdom",
    "attribution": "generally accepted",
    "image": "https://commons.wikimedia.org/wiki/Special:FilePath/Tiepolo%2C%20Giambattista%20-%20Diana%2C%20Apollo%20and%20Nymphs%20-%20Google%20Art%20Project.jpg?width=500",
    "qid": "Q23929297",
    "wikidata": "https://www.wikidata.org/wiki/Q23929297",
    "_source": {
     "source": "Wikidata",
     "url": "https://www.wikidata.org/wiki/Q23929297",
     "note": "harvested: painting by this creator with an image and a documented collection"
    },
    "creation_place": "Venice",
    "creation_lat": 45.4375,
    "creation_lon": 12.335833,
    "_overrides": {
     "creation": {
      "at": "2026-08-24",
      "source": "derived",
      "note": "creation place inferred from the painter's itinerary at this work's date (approximate)"
     }
    },
    "museum_id": "dulwich-picture-gallery",
    "location_src": "Dulwich Picture Gallery"
   }
  },
  {
   "type": "Feature",
   "geometry": {
    "type": "Point",
    "coordinates": [
     24.93291,
     60.16251
    ]
   },
   "properties": {
    "painter": "Giovanni Battista Tiepolo",
    "title": "The Rape of the Sabine Women",
    "year": "1718",
    "location": "Sinebrychoff Art Museum",
    "city": "Helsinki",
    "country": "Finland",
    "attribution": "generally accepted",
    "image": "https://commons.wikimedia.org/wiki/Special:FilePath/Giovanni%20Battista%20Tiepolo%20%281696%E2%80%931770%29-%20The%20Rape%20of%20the%20Sabine%20Women%20-%20Sabiinitarten%20ry%C3%B6st%C3%B6%20-%20Sabinskornas%20bortr%C3%B6vanden%20%2829178832180%29.jpg?width=500",
    "qid": "Q20797306",
    "wikidata": "https://www.wikidata.org/wiki/Q20797306",
    "_source": {
     "source": "Wikidata",
     "url": "https://www.wikidata.org/wiki/Q20797306",
     "note": "harvested: painting by this creator with an image and a documented collection"
    },
    "creation_place": "Venice",
    "creation_lat": 45.4375,
    "creation_lon": 12.335833,
    "_overrides": {
     "creation": {
      "at": "2026-08-24",
      "source": "derived",
      "note": "creation place inferred from the painter's itinerary at this work's date (approximate)"
     }
    },
    "museum_id": "sinebrychoff-art-museum",
    "location_src": "Sinebrychoff Art Museum"
   }
  },
  {
   "type": "Feature",
   "geometry": {
    "type": "Point",
    "coordinates": [
     7.7524,
     48.5799
    ]
   },
   "properties": {
    "painter": "Giovanni Battista Tiepolo",
    "title": "Zephyr and Flora",
    "year": "1751",
    "location": "Musée des Beaux-Arts de Strasbourg",
    "city": "Strasbourg",
    "country": "France",
    "attribution": "generally accepted",
    "image": "https://commons.wikimedia.org/wiki/Special:FilePath/Giovanni%20Battista%20Tiepolo%2C%20Z%C3%A9phyr%20et%20Flore.jpg?width=500",
    "qid": "Q38514662",
    "wikidata": "https://www.wikidata.org/wiki/Q38514662",
    "_source": {
     "source": "Wikidata",
     "url": "https://www.wikidata.org/wiki/Q38514662",
     "note": "harvested: painting by this creator with an image and a documented collection"
    },
    "museum_id": "musee-des-beaux-arts-de-strasbourg",
    "location_src": "Musée des Beaux-Arts de Strasbourg"
   }
  },
  {
   "type": "Feature",
   "geometry": {
    "type": "Point",
    "coordinates": [
     -95.39054,
     29.72561
    ]
   },
   "properties": {
    "painter": "Giovanni Battista Tiepolo",
    "title": "Juno and Luna",
    "year": "1740",
    "location": "Museum of Fine Arts, Houston",
    "city": "Houston",
    "country": "United States",
    "attribution": "generally accepted",
    "image": "https://commons.wikimedia.org/wiki/Special:FilePath/Giovanni%20Battista%20Tiepolo%20-%20Juno%20and%20Luna%20-%20BF.1983.4%20-%20Museum%20of%20Fine%20Arts.jpg?width=500",
    "qid": "Q28039218",
    "wikidata": "https://www.wikidata.org/wiki/Q28039218",
    "_source": {
     "source": "Wikidata",
     "url": "https://www.wikidata.org/wiki/Q28039218",
     "note": "harvested: painting by this creator with an image and a documented collection"
    },
    "creation_place": "Venice",
    "creation_lat": 45.4375,
    "creation_lon": 12.335833,
    "_overrides": {
     "creation": {
      "at": "2026-08-24",
      "source": "derived",
      "note": "creation place inferred from the painter's itinerary at this work's date (approximate)"
     }
    },
    "museum_id": "museum-of-fine-arts-houston",
    "location_src": "Museum of Fine Arts, Houston"
   }
  },
  {
   "type": "Feature",
   "geometry": {
    "type": "Point",
    "coordinates": [
     -72.93096,
     41.30839
    ]
   },
   "properties": {
    "painter": "Giovanni Battista Tiepolo",
    "title": "The Apotheosis of Saint Roch",
    "year": "1740",
    "location": "Yale University Art Gallery",
    "city": "New Haven",
    "country": "United States",
    "attribution": "generally accepted",
    "image": "https://commons.wikimedia.org/wiki/Special:FilePath/Giovanni%20Battista%20Tiepolo%20-%20The%20Apotheosis%20of%20Saint%20Roch%20-%201937.88%20-%20Yale%20University%20Art%20Gallery.jpg?width=500",
    "qid": "Q49277621",
    "wikidata": "https://www.wikidata.org/wiki/Q49277621",
    "_source": {
     "source": "Wikidata",
     "url": "https://www.wikidata.org/wiki/Q49277621",
     "note": "harvested: painting by this creator with an image and a documented collection"
    },
    "creation_place": "Venice",
    "creation_lat": 45.4375,
    "creation_lon": 12.335833,
    "_overrides": {
     "creation": {
      "at": "2026-08-24",
      "source": "derived",
      "note": "creation place inferred from the painter's itinerary at this work's date (approximate)"
     }
    },
    "museum_id": "yale-university-art-gallery",
    "location_src": "Yale University Art Gallery"
   }
  },
  {
   "type": "Feature",
   "geometry": {
    "type": "Point",
    "coordinates": [
     -118.35917,
     34.06333
    ]
   },
   "properties": {
    "painter": "Giovanni Battista Tiepolo",
    "title": "Apollo and Phaëthon",
    "year": "1731",
    "location": "Los Angeles County Museum of Art",
    "city": "Los Angeles",
    "country": "United States",
    "attribution": "generally accepted",
    "image": "https://commons.wikimedia.org/wiki/Special:FilePath/Apollo%20and%20Phaethon%20LACMA%20M.86.257.jpg?width=500",
    "qid": "Q20881932",
    "wikidata": "https://www.wikidata.org/wiki/Q20881932",
    "_source": {
     "source": "Wikidata",
     "url": "https://www.wikidata.org/wiki/Q20881932",
     "note": "harvested: painting by this creator with an image and a documented collection"
    },
    "creation_place": "Venice",
    "creation_lat": 45.4375,
    "creation_lon": 12.335833,
    "_overrides": {
     "creation": {
      "at": "2026-08-24",
      "source": "derived",
      "note": "creation place inferred from the painter's itinerary at this work's date (approximate)"
     }
    },
    "museum_id": "los-angeles-county-museum-of-art",
    "location_src": "Los Angeles County Museum of Art"
   }
  },
  {
   "type": "Feature",
   "geometry": {
    "type": "Point",
    "coordinates": [
     -93.27417,
     44.95861
    ]
   },
   "properties": {
    "painter": "Giovanni Battista Tiepolo",
    "title": "Saint Roch",
    "year": "1730",
    "location": "Minneapolis Institute of Art",
    "city": "Minneapolis",
    "country": "United States",
    "attribution": "generally accepted",
    "image": "https://commons.wikimedia.org/wiki/Special:FilePath/Giambattista%20Tiepolo%20%28Giovanni%20Battista%20Tiepolo%29%20-%20Saint%20Roch%20-%2070.58%20-%20Minneapolis%20Institute%20of%20Arts.jpg?width=500",
    "qid": "Q20891141",
    "wikidata": "https://www.wikidata.org/wiki/Q20891141",
    "_source": {
     "source": "Wikidata",
     "url": "https://www.wikidata.org/wiki/Q20891141",
     "note": "harvested: painting by this creator with an image and a documented collection"
    },
    "creation_place": "Venice",
    "creation_lat": 45.4375,
    "creation_lon": 12.335833,
    "_overrides": {
     "creation": {
      "at": "2026-08-24",
      "source": "derived",
      "note": "creation place inferred from the painter's itinerary at this work's date (approximate)"
     }
    },
    "museum_id": "minneapolis-institute-of-art",
    "location_src": "Minneapolis Institute of Art"
   }
  },
  {
   "type": "Feature",
   "geometry": {
    "type": "Point",
    "coordinates": [
     -97.365,
     32.74861
    ]
   },
   "properties": {
    "painter": "Giovanni Battista Tiepolo",
    "title": "The Coronation of the Virgin",
    "year": "1754",
    "location": "Kimbell Art Museum",
    "city": "Fort Worth",
    "country": "United States",
    "attribution": "generally accepted",
    "image": "https://commons.wikimedia.org/wiki/Special:FilePath/Giovanni%20Battista%20Tiepolo%20-%20The%20Coronation%20of%20the%20Virgin%20-%20Google%20Art%20Project.jpg?width=500",
    "qid": "Q28796130",
    "wikidata": "https://www.wikidata.org/wiki/Q28796130",
    "_source": {
     "source": "Wikidata",
     "url": "https://www.wikidata.org/wiki/Q28796130",
     "note": "harvested: painting by this creator with an image and a documented collection"
    },
    "creation_place": "Venice",
    "creation_lat": 45.4375,
    "creation_lon": 12.335833,
    "_overrides": {
     "creation": {
      "at": "2026-08-24",
      "source": "derived",
      "note": "creation place inferred from the painter's itinerary at this work's date (approximate)"
     }
    },
    "museum_id": "kimbell-art-museum",
    "location_src": "Kimbell Art Museum"
   }
  },
  {
   "type": "Feature",
   "geometry": {
    "type": "Point",
    "coordinates": [
     5.39387,
     43.30441
    ]
   },
   "properties": {
    "painter": "Giovanni Battista Tiepolo",
    "title": "Christ and the woman who has committed adultery",
    "year": "1721",
    "location": "Musée des beaux-arts de Marseille",
    "city": "Marseille",
    "country": "France",
    "attribution": "generally accepted",
    "image": "https://commons.wikimedia.org/wiki/Special:FilePath/Tiepolo%20-%20Le%20Christ%20et%20la%20femme%20adult%C3%A8re.jpg?width=500",
    "qid": "Q111644788",
    "wikidata": "https://www.wikidata.org/wiki/Q111644788",
    "_source": {
     "source": "Wikidata",
     "url": "https://www.wikidata.org/wiki/Q111644788",
     "note": "harvested: painting by this creator with an image and a documented collection"
    },
    "creation_place": "Venice",
    "creation_lat": 45.4375,
    "creation_lon": 12.335833,
    "_overrides": {
     "creation": {
      "at": "2026-08-24",
      "source": "derived",
      "note": "creation place inferred from the painter's itinerary at this work's date (approximate)"
     }
    },
    "museum_id": "musee-des-beaux-arts-de-marseille",
    "location_src": "Musée des beaux-arts de Marseille"
   }
  },
  {
   "type": "Feature",
   "geometry": {
    "type": "Point",
    "coordinates": [
     9.93889,
     49.7928
    ]
   },
   "properties": {
    "painter": "Giovanni Battista Tiepolo",
    "title": "The Marriage of the Emperor Frederick I. Barbarossa to Beatrice of Burgundy",
    "year": "1751",
    "location": "Würzburg Residence",
    "city": "Würzburg",
    "country": "Germany",
    "attribution": "generally accepted",
    "image": "https://commons.wikimedia.org/wiki/Special:FilePath/Hochzeit%20friedrich%20I.%20tiepolo.jpg?width=500",
    "qid": "Q117530886",
    "wikidata": "https://www.wikidata.org/wiki/Q117530886",
    "_source": {
     "source": "Wikidata",
     "url": "https://www.wikidata.org/wiki/Q117530886",
     "note": "harvested: painting by this creator with an image and a documented collection"
    },
    "museum_id": "wurzburg-residence",
    "location_src": "Würzburg Residence"
   }
  },
  {
   "type": "Feature",
   "geometry": {
    "type": "Point",
    "coordinates": [
     -73.9631,
     40.7794
    ]
   },
   "properties": {
    "painter": "Giovanni Battista Tiepolo",
    "title": "The Meeting of Antony and Cleopatra",
    "year": "1746",
    "location": "Metropolitan Museum of Art",
    "city": "New York",
    "country": "United States",
    "attribution": "generally accepted",
    "image": "https://commons.wikimedia.org/wiki/Special:FilePath/Tiepolo%20-%20The%20Meeting%20of%20Antony%20and%20Cleopatra%2C%20ca.%201745%E2%80%9347.jpg?width=500",
    "qid": "Q78638360",
    "wikidata": "https://www.wikidata.org/wiki/Q78638360",
    "_source": {
     "source": "Wikidata",
     "url": "https://www.wikidata.org/wiki/Q78638360",
     "note": "harvested: painting by this creator with an image and a documented collection"
    },
    "creation_place": "Venice",
    "creation_lat": 45.4375,
    "creation_lon": 12.335833,
    "_overrides": {
     "creation": {
      "at": "2026-08-24",
      "source": "derived",
      "note": "creation place inferred from the painter's itinerary at this work's date (approximate)"
     }
    },
    "museum_id": "metropolitan-museum-of-art",
    "location_src": "Metropolitan Museum of Art"
   }
  },
  {
   "type": "Feature",
   "geometry": {
    "type": "Point",
    "coordinates": [
     -73.9631,
     40.7794
    ]
   },
   "properties": {
    "painter": "Giovanni Battista Tiepolo",
    "title": "The Flight into Egypt",
    "year": "1768",
    "location": "Metropolitan Museum of Art",
    "city": "New York",
    "country": "United States",
    "attribution": "generally accepted",
    "image": "https://commons.wikimedia.org/wiki/Special:FilePath/Giovanni%20Battista%20Tiepolo%20-%20The%20Flight%20into%20Egypt%20-%202019.141.19%20-%20Metropolitan%20Museum%20of%20Art.jpg?width=500",
    "qid": "Q78638479",
    "wikidata": "https://www.wikidata.org/wiki/Q78638479",
    "_source": {
     "source": "Wikidata",
     "url": "https://www.wikidata.org/wiki/Q78638479",
     "note": "harvested: painting by this creator with an image and a documented collection"
    },
    "creation_place": "Madrid",
    "creation_lat": 40.4169,
    "creation_lon": -3.7033,
    "_overrides": {
     "creation": {
      "at": "2026-08-24",
      "source": "derived",
      "note": "creation place inferred from the painter's itinerary at this work's date (approximate)"
     }
    },
    "museum_id": "metropolitan-museum-of-art",
    "location_src": "Metropolitan Museum of Art"
   }
  },
  {
   "type": "Feature",
   "geometry": {
    "type": "Point",
    "coordinates": [
     13.36472,
     52.50861
    ]
   },
   "properties": {
    "painter": "Giovanni Battista Tiepolo",
    "title": "Christ carrying the cross",
    "year": "1738",
    "location": "Gemäldegalerie Berlin",
    "city": "Bezirk Mitte",
    "country": "Germany",
    "attribution": "generally accepted",
    "image": "https://commons.wikimedia.org/wiki/Special:FilePath/1738%20Tiepolo%20Die%20Kreuztragung%20Christi%20Gem%C3%A4ldegalerie%20Kat.Nr.%20459C%20anagoria.jpg?width=500",
    "qid": "Q107438277",
    "wikidata": "https://www.wikidata.org/wiki/Q107438277",
    "_source": {
     "source": "Wikidata",
     "url": "https://www.wikidata.org/wiki/Q107438277",
     "note": "harvested: painting by this creator with an image and a documented collection"
    },
    "creation_place": "Venice",
    "creation_lat": 45.4375,
    "creation_lon": 12.335833,
    "_overrides": {
     "creation": {
      "at": "2026-08-24",
      "source": "derived",
      "note": "creation place inferred from the painter's itinerary at this work's date (approximate)"
     }
    },
    "museum_id": "gemaldegalerie-berlin",
    "location_src": "Gemäldegalerie Berlin"
   }
  },
  {
   "type": "Feature",
   "geometry": {
    "type": "Point",
    "coordinates": [
     13.36472,
     52.50861
    ]
   },
   "properties": {
    "painter": "Giovanni Battista Tiepolo",
    "title": "Rinaldos farewell from Armida",
    "year": "1751",
    "location": "Gemäldegalerie Berlin",
    "city": "Bezirk Mitte",
    "country": "Germany",
    "attribution": "generally accepted",
    "image": "https://commons.wikimedia.org/wiki/Special:FilePath/Giovanni%20Battista%20Tiepolo%20%285.3.1696%20-%2027.3.1770%29%20-%20Rinaldo%27s%20Farewell%20to%20Armida%20-%202000.1%20-%20Gem%C3%A4ldegalerie.jpg?width=500",
    "qid": "Q107443597",
    "wikidata": "https://www.wikidata.org/wiki/Q107443597",
    "_source": {
     "source": "Wikidata",
     "url": "https://www.wikidata.org/wiki/Q107443597",
     "note": "harvested: painting by this creator with an image and a documented collection"
    },
    "museum_id": "gemaldegalerie-berlin",
    "location_src": "Gemäldegalerie Berlin"
   }
  },
  {
   "type": "Feature",
   "geometry": {
    "type": "Point",
    "coordinates": [
     13.36472,
     52.50861
    ]
   },
   "properties": {
    "painter": "Giovanni Battista Tiepolo",
    "title": "Saint Roch",
    "year": "1732",
    "location": "Gemäldegalerie Berlin",
    "city": "Bezirk Mitte",
    "country": "Germany",
    "attribution": "generally accepted",
    "image": "https://commons.wikimedia.org/wiki/Special:FilePath/1733%20Tiepolo%20Der%20Heilige%20Rochus%20Gem%C3%A4ldegalerie%20Kat.Nr.%202079%20anagoria.jpg?width=500",
    "qid": "Q107443864",
    "wikidata": "https://www.wikidata.org/wiki/Q107443864",
    "_source": {
     "source": "Wikidata",
     "url": "https://www.wikidata.org/wiki/Q107443864",
     "note": "harvested: painting by this creator with an image and a documented collection"
    },
    "creation_place": "Venice",
    "creation_lat": 45.4375,
    "creation_lon": 12.335833,
    "_overrides": {
     "creation": {
      "at": "2026-08-24",
      "source": "derived",
      "note": "creation place inferred from the painter's itinerary at this work's date (approximate)"
     }
    },
    "museum_id": "gemaldegalerie-berlin",
    "location_src": "Gemäldegalerie Berlin"
   }
  },
  {
   "type": "Feature",
   "geometry": {
    "type": "Point",
    "coordinates": [
     13.36472,
     52.50861
    ]
   },
   "properties": {
    "painter": "Giovanni Battista Tiepolo",
    "title": "Rinaldo and Armida in Armida's magic garden, eavesdropped by Carlo and Ubaldo",
    "year": "1751",
    "location": "Gemäldegalerie Berlin",
    "city": "Bezirk Mitte",
    "country": "Germany",
    "attribution": "generally accepted",
    "image": "https://commons.wikimedia.org/wiki/Special:FilePath/Giovanni%20Battista%20Tiepolo%20%285.3.1696%20-%2027.3.1770%29%20-%20Rinaldo%20and%20Armida%20in%20Armida%27s%20Enchanted%20Garden%2C%20Overheard%20by%20Carlo%20and%20Ubaldo%20-%20Kat.Nr.%20459D%20-%20Gem%C3%A4ldegalerie.jpg?width=500",
    "qid": "Q107447104",
    "wikidata": "https://www.wikidata.org/wiki/Q107447104",
    "_source": {
     "source": "Wikidata",
     "url": "https://www.wikidata.org/wiki/Q107447104",
     "note": "harvested: painting by this creator with an image and a documented collection"
    },
    "museum_id": "gemaldegalerie-berlin",
    "location_src": "Gemäldegalerie Berlin"
   }
  },
  {
   "type": "Feature",
   "geometry": {
    "type": "Point",
    "coordinates": [
     -72.67309,
     41.76371
    ]
   },
   "properties": {
    "painter": "Giovanni Battista Tiepolo",
    "title": "Susanna and the Elders",
    "year": "1722",
    "location": "Wadsworth Atheneum",
    "city": "Hartford",
    "country": "United States",
    "attribution": "generally accepted",
    "image": "https://commons.wikimedia.org/wiki/Special:FilePath/Giovanni%20Battista%20Tiepolo%20087.jpg?width=500",
    "qid": "Q117456245",
    "wikidata": "https://www.wikidata.org/wiki/Q117456245",
    "_source": {
     "source": "Wikidata",
     "url": "https://www.wikidata.org/wiki/Q117456245",
     "note": "harvested: painting by this creator with an image and a documented collection"
    },
    "creation_place": "Venice",
    "creation_lat": 45.4375,
    "creation_lon": 12.335833,
    "_overrides": {
     "creation": {
      "at": "2026-08-24",
      "source": "derived",
      "note": "creation place inferred from the painter's itinerary at this work's date (approximate)"
     }
    },
    "museum_id": "wadsworth-atheneum",
    "location_src": "Wadsworth Atheneum"
   }
  },
  {
   "type": "Feature",
   "geometry": {
    "type": "Point",
    "coordinates": [
     14.292,
     48.2901
    ]
   },
   "properties": {
    "painter": "Giovanni Battista Tiepolo",
    "title": "Maskerade",
    "year": "1740",
    "location": "Führermuseum",
    "city": "Linz",
    "country": "German Reich",
    "attribution": "generally accepted",
    "image": "https://commons.wikimedia.org/wiki/Special:FilePath/Giovanni%20Battista%20Tiepolo%20%281696-1770%29%20-%20Karnevalszene%20-%20Masken%20-%200367%20-%20F%C3%BChrermuseum.jpg?width=500",
    "qid": "Q111637061",
    "wikidata": "https://www.wikidata.org/wiki/Q111637061",
    "_source": {
     "source": "Wikidata",
     "url": "https://www.wikidata.org/wiki/Q111637061",
     "note": "harvested: painting by this creator with an image and a documented collection"
    },
    "creation_place": "Venice",
    "creation_lat": 45.4375,
    "creation_lon": 12.335833,
    "_overrides": {
     "creation": {
      "at": "2026-08-24",
      "source": "derived",
      "note": "creation place inferred from the painter's itinerary at this work's date (approximate)"
     }
    },
    "museum_id": "fuhrermuseum",
    "location_src": "Führermuseum"
   }
  },
  {
   "type": "Feature",
   "geometry": {
    "type": "Point",
    "coordinates": [
     14.292,
     48.2901
    ]
   },
   "properties": {
    "painter": "Giovanni Battista Tiepolo",
    "title": "Head of an old man",
    "year": "1721",
    "location": "Führermuseum",
    "city": "Linz",
    "country": "German Reich",
    "attribution": "generally accepted",
    "image": "https://commons.wikimedia.org/wiki/Special:FilePath/Giovanni%20Battista%20Tiepolo%20%281696-1770%29%20-%20Kopf%20eines%20alten%20Mannes%20-%201225%20-%20F%C3%BChrermuseum.jpg?width=500",
    "qid": "Q111642403",
    "wikidata": "https://www.wikidata.org/wiki/Q111642403",
    "_source": {
     "source": "Wikidata",
     "url": "https://www.wikidata.org/wiki/Q111642403",
     "note": "harvested: painting by this creator with an image and a documented collection"
    },
    "creation_place": "Venice",
    "creation_lat": 45.4375,
    "creation_lon": 12.335833,
    "_overrides": {
     "creation": {
      "at": "2026-08-24",
      "source": "derived",
      "note": "creation place inferred from the painter's itinerary at this work's date (approximate)"
     }
    },
    "museum_id": "fuhrermuseum",
    "location_src": "Führermuseum"
   }
  },
  {
   "type": "Feature",
   "geometry": {
    "type": "Point",
    "coordinates": [
     14.292,
     48.2901
    ]
   },
   "properties": {
    "painter": "Giovanni Battista Tiepolo",
    "title": "Szene aus Grichischer Mythologie, guan mythologie",
    "year": "1721",
    "location": "Führermuseum",
    "city": "Linz",
    "country": "German Reich",
    "attribution": "generally accepted",
    "image": "https://commons.wikimedia.org/wiki/Special:FilePath/Giovanni%20Battista%20Tiepolo%20%281696-1770%29%20-%20Rinaldo%20und%20Armina%20-%201761%20-%20F%C3%BChrermuseum.jpg?width=500",
    "qid": "Q111644857",
    "wikidata": "https://www.wikidata.org/wiki/Q111644857",
    "_source": {
     "source": "Wikidata",
     "url": "https://www.wikidata.org/wiki/Q111644857",
     "note": "harvested: painting by this creator with an image and a documented collection"
    },
    "creation_place": "Venice",
    "creation_lat": 45.4375,
    "creation_lon": 12.335833,
    "_overrides": {
     "creation": {
      "at": "2026-08-24",
      "source": "derived",
      "note": "creation place inferred from the painter's itinerary at this work's date (approximate)"
     }
    },
    "museum_id": "fuhrermuseum",
    "location_src": "Führermuseum"
   }
  },
  {
   "type": "Feature",
   "geometry": {
    "type": "Point",
    "coordinates": [
     14.292,
     48.2901
    ]
   },
   "properties": {
    "painter": "Giovanni Battista Tiepolo",
    "title": "Rinaldo und Armina",
    "year": "1721",
    "location": "Führermuseum",
    "city": "Linz",
    "country": "German Reich",
    "attribution": "generally accepted",
    "image": "https://commons.wikimedia.org/wiki/Special:FilePath/Giovanni%20Battista%20Tiepolo%20%281696-1770%29%20-%20Rinaldo%20und%20Armina%20-%201762%20-%20F%C3%BChrermuseum.jpg?width=500",
    "qid": "Q111644859",
    "wikidata": "https://www.wikidata.org/wiki/Q111644859",
    "_source": {
     "source": "Wikidata",
     "url": "https://www.wikidata.org/wiki/Q111644859",
     "note": "harvested: painting by this creator with an image and a documented collection"
    },
    "creation_place": "Venice",
    "creation_lat": 45.4375,
    "creation_lon": 12.335833,
    "_overrides": {
     "creation": {
      "at": "2026-08-24",
      "source": "derived",
      "note": "creation place inferred from the painter's itinerary at this work's date (approximate)"
     }
    },
    "museum_id": "fuhrermuseum",
    "location_src": "Führermuseum"
   }
  },
  {
   "type": "Feature",
   "geometry": {
    "type": "Point",
    "coordinates": [
     14.292,
     48.2901
    ]
   },
   "properties": {
    "painter": "Giovanni Battista Tiepolo",
    "title": "the Senate calling cincinnatus",
    "year": "1721",
    "location": "Führermuseum",
    "city": "Linz",
    "country": "German Reich",
    "attribution": "generally accepted",
    "image": "https://commons.wikimedia.org/wiki/Special:FilePath/Giovanni%20Battista%20Tiepolo%20%281696-1770%29%20-%20Cincinnatus%20wird%20zum%20Diktator%20gew%C3%A4hlt%20-%203302%20-%20F%C3%BChrermuseum.jpg?width=500",
    "qid": "Q111648715",
    "wikidata": "https://www.wikidata.org/wiki/Q111648715",
    "_source": {
     "source": "Wikidata",
     "url": "https://www.wikidata.org/wiki/Q111648715",
     "note": "harvested: painting by this creator with an image and a documented collection"
    },
    "creation_place": "Venice",
    "creation_lat": 45.4375,
    "creation_lon": 12.335833,
    "_overrides": {
     "creation": {
      "at": "2026-08-24",
      "source": "derived",
      "note": "creation place inferred from the painter's itinerary at this work's date (approximate)"
     }
    },
    "museum_id": "fuhrermuseum",
    "location_src": "Führermuseum"
   }
  },
  {
   "type": "Feature",
   "geometry": {
    "type": "Point",
    "coordinates": [
     -71.11436,
     42.37409
    ]
   },
   "properties": {
    "painter": "Giovanni Battista Tiepolo",
    "title": "The Apotheosis of Aeneas",
    "year": "1765",
    "location": "Fogg Museum",
    "city": "Cambridge",
    "country": "United States",
    "attribution": "generally accepted",
    "image": "https://commons.wikimedia.org/wiki/Special:FilePath/Tiepolo%20-%20The%20Apotheosis%20of%20Aeneas%2C%20c.%201765.jpg?width=500",
    "qid": "Q106850755",
    "wikidata": "https://www.wikidata.org/wiki/Q106850755",
    "_source": {
     "source": "Wikidata",
     "url": "https://www.wikidata.org/wiki/Q106850755",
     "note": "harvested: painting by this creator with an image and a documented collection"
    },
    "creation_place": "Madrid",
    "creation_lat": 40.4169,
    "creation_lon": -3.7033,
    "_overrides": {
     "creation": {
      "at": "2026-08-24",
      "source": "derived",
      "note": "creation place inferred from the painter's itinerary at this work's date (approximate)"
     }
    },
    "museum_id": "fogg-museum",
    "location_src": "Fogg Museum"
   }
  },
  {
   "type": "Feature",
   "geometry": {
    "type": "Point",
    "coordinates": [
     -71.11436,
     42.37409
    ]
   },
   "properties": {
    "painter": "Giovanni Battista Tiepolo",
    "title": "Saint Roch as a Pilgrim",
    "year": "1730",
    "location": "Fogg Museum",
    "city": "Cambridge",
    "country": "United States",
    "attribution": "generally accepted",
    "image": "https://commons.wikimedia.org/wiki/Special:FilePath/Tiepolo%20-%20Saint%20Roch%20as%20a%20Pilgrim%2C%20c.%201730.jpg?width=500",
    "qid": "Q106874683",
    "wikidata": "https://www.wikidata.org/wiki/Q106874683",
    "_source": {
     "source": "Wikidata",
     "url": "https://www.wikidata.org/wiki/Q106874683",
     "note": "harvested: painting by this creator with an image and a documented collection"
    },
    "creation_place": "Venice",
    "creation_lat": 45.4375,
    "creation_lon": 12.335833,
    "_overrides": {
     "creation": {
      "at": "2026-08-24",
      "source": "derived",
      "note": "creation place inferred from the painter's itinerary at this work's date (approximate)"
     }
    },
    "museum_id": "fogg-museum",
    "location_src": "Fogg Museum"
   }
  },
  {
   "type": "Feature",
   "geometry": {
    "type": "Point",
    "coordinates": [
     14.4325,
     50.10111
    ]
   },
   "properties": {
    "painter": "Giovanni Battista Tiepolo",
    "title": "Bust of an Old Man",
    "year": "1753",
    "location": "National Gallery Prague",
    "city": "Holešovice",
    "country": "Czech Republic",
    "attribution": "generally accepted",
    "image": "https://commons.wikimedia.org/wiki/Special:FilePath/Giovanni%20Battista%20Tiepolo%20-%20Bust%20of%20an%20Old%20Man%20-%20DO%204628%20-%20National%20Gallery%20Prague.jpg?width=500",
    "qid": "Q117213489",
    "wikidata": "https://www.wikidata.org/wiki/Q117213489",
    "_source": {
     "source": "Wikidata",
     "url": "https://www.wikidata.org/wiki/Q117213489",
     "note": "harvested: painting by this creator with an image and a documented collection"
    },
    "creation_place": "Venice",
    "creation_lat": 45.4375,
    "creation_lon": 12.335833,
    "_overrides": {
     "creation": {
      "at": "2026-08-24",
      "source": "derived",
      "note": "creation place inferred from the painter's itinerary at this work's date (approximate)"
     }
    },
    "museum_id": "national-gallery-prague",
    "location_src": "National Gallery Prague"
   }
  },
  {
   "type": "Feature",
   "geometry": {
    "type": "Point",
    "coordinates": [
     -73.2136,
     42.7078
    ]
   },
   "properties": {
    "painter": "Giovanni Battista Tiepolo",
    "title": "The Chariot of Aurora",
    "year": "1734",
    "location": "Clark Art Institute",
    "city": "Massachusetts",
    "country": "United States",
    "attribution": "generally accepted",
    "image": "https://commons.wikimedia.org/wiki/Special:FilePath/Giovanni%20Battista%20Tiepolo%20-%20The%20Chariot%20of%20Aurora%20-%201955.876%20-%20Clark%20Art%20Institute.tiff?width=500",
    "qid": "Q104774433",
    "wikidata": "https://www.wikidata.org/wiki/Q104774433",
    "_source": {
     "source": "Wikidata",
     "url": "https://www.wikidata.org/wiki/Q104774433",
     "note": "harvested: painting by this creator with an image and a documented collection"
    },
    "creation_place": "Venice",
    "creation_lat": 45.4375,
    "creation_lon": 12.335833,
    "_overrides": {
     "creation": {
      "at": "2026-08-24",
      "source": "derived",
      "note": "creation place inferred from the painter's itinerary at this work's date (approximate)"
     }
    },
    "museum_id": "clark-art-institute",
    "location_src": "Clark Art Institute"
   }
  },
  {
   "type": "Feature",
   "geometry": {
    "type": "Point",
    "coordinates": [
     7.7524,
     48.5799
    ]
   },
   "properties": {
    "painter": "Giovanni Battista Tiepolo",
    "title": "Saint Roch",
    "year": "1730",
    "location": "Musée des Beaux-Arts de Strasbourg",
    "city": "Strasbourg",
    "country": "France",
    "attribution": "generally accepted",
    "image": "https://commons.wikimedia.org/wiki/Special:FilePath/Giambattista%20Tiepolo-Saint%20Roch-Mus%C3%A9e%20des%20beaux-arts%20de%20Strasbourg.jpg?width=500",
    "qid": "Q104582203",
    "wikidata": "https://www.wikidata.org/wiki/Q104582203",
    "_source": {
     "source": "Wikidata",
     "url": "https://www.wikidata.org/wiki/Q104582203",
     "note": "harvested: painting by this creator with an image and a documented collection"
    },
    "creation_place": "Venice",
    "creation_lat": 45.4375,
    "creation_lon": 12.335833,
    "_overrides": {
     "creation": {
      "at": "2026-08-24",
      "source": "derived",
      "note": "creation place inferred from the painter's itinerary at this work's date (approximate)"
     }
    },
    "museum_id": "musee-des-beaux-arts-de-strasbourg",
    "location_src": "Musée des Beaux-Arts de Strasbourg"
   }
  },
  {
   "type": "Feature",
   "geometry": {
    "type": "Point",
    "coordinates": [
     -118.15916,
     34.14623
    ]
   },
   "properties": {
    "painter": "Giovanni Battista Tiepolo",
    "title": "Satyress with Two Putti and a Tambourine",
    "year": "",
    "location": "Norton Simon Museum",
    "city": "Pasadena",
    "country": "United States",
    "attribution": "generally accepted",
    "image": "https://commons.wikimedia.org/wiki/Special:FilePath/%27Satyress%20with%202%20Putti%20and%20a%20Tambourine%27%20by%20Giovanni%20Battista%20Tiepolo%2C%20Norton%20Simon.JPG?width=500",
    "qid": "Q117848236",
    "wikidata": "https://www.wikidata.org/wiki/Q117848236",
    "_source": {
     "source": "Wikidata",
     "url": "https://www.wikidata.org/wiki/Q117848236",
     "note": "harvested: painting by this creator with an image and a documented collection"
    },
    "museum_id": "norton-simon-museum",
    "location_src": "Norton Simon Museum"
   }
  },
  {
   "type": "Feature",
   "geometry": {
    "type": "Point",
    "coordinates": [
     -118.15916,
     34.14623
    ]
   },
   "properties": {
    "painter": "Giovanni Battista Tiepolo",
    "title": "Satyress with a Putto",
    "year": "",
    "location": "Norton Simon Museum",
    "city": "Pasadena",
    "country": "United States",
    "attribution": "generally accepted",
    "image": "https://commons.wikimedia.org/wiki/Special:FilePath/%27Satyress%20with%20a%20Putto%27%20by%20Giovanni%20Battista%20Tiepolo%2C%20Norton%20Simon%20Museum.JPG?width=500",
    "qid": "Q117848250",
    "wikidata": "https://www.wikidata.org/wiki/Q117848250",
    "_source": {
     "source": "Wikidata",
     "url": "https://www.wikidata.org/wiki/Q117848250",
     "note": "harvested: painting by this creator with an image and a documented collection"
    },
    "museum_id": "norton-simon-museum",
    "location_src": "Norton Simon Museum"
   }
  },
  {
   "type": "Feature",
   "geometry": {
    "type": "Point",
    "coordinates": [
     -90.29449,
     38.63931
    ]
   },
   "properties": {
    "painter": "Giovanni Battista Tiepolo",
    "title": "The Crucifixion",
    "year": "1747",
    "location": "Saint Louis Art Museum",
    "city": "St. Louis",
    "country": "United States",
    "attribution": "generally accepted",
    "image": "https://commons.wikimedia.org/wiki/Special:FilePath/Giambattista%20Tiepolo%20-%20The%20Crucifixion%20-%2010-1940%20-%20Saint%20Louis%20Art%20Museum.jpg?width=500",
    "qid": "Q78737630",
    "wikidata": "https://www.wikidata.org/wiki/Q78737630",
    "_source": {
     "source": "Wikidata",
     "url": "https://www.wikidata.org/wiki/Q78737630",
     "note": "harvested: painting by this creator with an image and a documented collection"
    },
    "creation_place": "Venice",
    "creation_lat": 45.4375,
    "creation_lon": 12.335833,
    "_overrides": {
     "creation": {
      "at": "2026-08-24",
      "source": "derived",
      "note": "creation place inferred from the painter's itinerary at this work's date (approximate)"
     }
    },
    "museum_id": "saint-louis-art-museum",
    "location_src": "Saint Louis Art Museum"
   }
  },
  {
   "type": "Feature",
   "geometry": {
    "type": "Point",
    "coordinates": [
     -6.25255,
     53.34091
    ]
   },
   "properties": {
    "painter": "Giovanni Battista Tiepolo",
    "title": "Christ in the House of Simon the Pharisee",
    "year": "1761",
    "location": "National Gallery of Ireland",
    "city": "Dublin City",
    "country": "Ireland",
    "attribution": "generally accepted",
    "image": "https://commons.wikimedia.org/wiki/Special:FilePath/Christ%20in%20the%20House%20of%20Simon%20the%20Pharisee%20P7258.jpg?width=500",
    "qid": "Q77883479",
    "wikidata": "https://www.wikidata.org/wiki/Q77883479",
    "_source": {
     "source": "Wikidata",
     "url": "https://www.wikidata.org/wiki/Q77883479",
     "note": "harvested: painting by this creator with an image and a documented collection"
    },
    "creation_place": "Venice",
    "creation_lat": 45.4375,
    "creation_lon": 12.335833,
    "_overrides": {
     "creation": {
      "at": "2026-08-24",
      "source": "derived",
      "note": "creation place inferred from the painter's itinerary at this work's date (approximate)"
     }
    },
    "museum_id": "national-gallery-of-ireland",
    "location_src": "National Gallery of Ireland"
   }
  },
  {
   "type": "Feature",
   "geometry": {
    "type": "Point",
    "coordinates": [
     -6.25255,
     53.34091
    ]
   },
   "properties": {
    "painter": "Giovanni Battista Tiepolo",
    "title": "Allegory of the Immaculate Conception",
    "year": "1769",
    "location": "National Gallery of Ireland",
    "city": "Dublin City",
    "country": "Ireland",
    "attribution": "generally accepted",
    "image": "https://commons.wikimedia.org/wiki/Special:FilePath/Giovanni%20Battista%20Tiepolo%20-%20Allegory%20of%20the%20Immaculate%20Conception%20-%20NGI.353.jpg?width=500",
    "qid": "Q77946191",
    "wikidata": "https://www.wikidata.org/wiki/Q77946191",
    "_source": {
     "source": "Wikidata",
     "url": "https://www.wikidata.org/wiki/Q77946191",
     "note": "harvested: painting by this creator with an image and a documented collection"
    },
    "creation_place": "Madrid",
    "creation_lat": 40.4169,
    "creation_lon": -3.7033,
    "_overrides": {
     "creation": {
      "at": "2026-08-24",
      "source": "derived",
      "note": "creation place inferred from the painter's itinerary at this work's date (approximate)"
     }
    },
    "museum_id": "national-gallery-of-ireland",
    "location_src": "National Gallery of Ireland"
   }
  },
  {
   "type": "Feature",
   "geometry": {
    "type": "Point",
    "coordinates": [
     2.2953,
     49.8905
    ]
   },
   "properties": {
    "painter": "Giovanni Battista Tiepolo",
    "title": "L'Immaculée Conception",
    "year": "1734",
    "location": "Musée de Picardie",
    "city": "Amiens",
    "country": "France",
    "attribution": "generally accepted",
    "image": "https://commons.wikimedia.org/wiki/Special:FilePath/Tiepolo%20-%20L%27Immacul%C3%A9e%20Conception%2C%201733%2C%201734%2C%2008120004366.jpg?width=500",
    "qid": "Q116652880",
    "wikidata": "https://www.wikidata.org/wiki/Q116652880",
    "_source": {
     "source": "Wikidata",
     "url": "https://www.wikidata.org/wiki/Q116652880",
     "note": "harvested: painting by this creator with an image and a documented collection"
    },
    "creation_place": "Venice",
    "creation_lat": 45.4375,
    "creation_lon": 12.335833,
    "_overrides": {
     "creation": {
      "at": "2026-08-24",
      "source": "derived",
      "note": "creation place inferred from the painter's itinerary at this work's date (approximate)"
     }
    },
    "museum_id": "musee-de-picardie",
    "location_src": "Musée de Picardie"
   }
  },
  {
   "type": "Feature",
   "geometry": {
    "type": "Point",
    "coordinates": [
     11.2549,
     43.7687
    ]
   },
   "properties": {
    "painter": "Giovanni Battista Tiepolo",
    "title": "Head of an Oriental with a Grey Beard",
    "year": "1754",
    "location": "Contini Bonacossi collection",
    "city": "Florence",
    "country": "Italy",
    "attribution": "generally accepted",
    "image": "https://commons.wikimedia.org/wiki/Special:FilePath/Tr%C3%A9sors%20de%20Venise028.jpg?width=500",
    "qid": "Q117005980",
    "wikidata": "https://www.wikidata.org/wiki/Q117005980",
    "_source": {
     "source": "Wikidata",
     "url": "https://www.wikidata.org/wiki/Q117005980",
     "note": "harvested: painting by this creator with an image and a documented collection"
    },
    "creation_place": "Venice",
    "creation_lat": 45.4375,
    "creation_lon": 12.335833,
    "_overrides": {
     "creation": {
      "at": "2026-08-24",
      "source": "derived",
      "note": "creation place inferred from the painter's itinerary at this work's date (approximate)"
     }
    },
    "museum_id": "contini-bonacossi-collection",
    "location_src": "Contini Bonacossi collection"
   }
  },
  {
   "type": "Feature",
   "geometry": {
    "type": "Point",
    "coordinates": [
     -0.11771,
     51.51157
    ]
   },
   "properties": {
    "painter": "Giovanni Battista Tiepolo",
    "title": "Allegory of the Power of Eloquence",
    "year": "1725",
    "location": "Courtauld Gallery",
    "city": "London",
    "country": "United Kingdom",
    "attribution": "generally accepted",
    "image": "https://commons.wikimedia.org/wiki/Special:FilePath/Tiepolo%20-%20Allegory%20of%20the%20Power%20of%20Eloquence%2C%20c.1725%2C%20P.1978.PG.445.jpg?width=500",
    "qid": "Q118993949",
    "wikidata": "https://www.wikidata.org/wiki/Q118993949",
    "_source": {
     "source": "Wikidata",
     "url": "https://www.wikidata.org/wiki/Q118993949",
     "note": "harvested: painting by this creator with an image and a documented collection"
    },
    "creation_place": "Venice",
    "creation_lat": 45.4375,
    "creation_lon": 12.335833,
    "_overrides": {
     "creation": {
      "at": "2026-08-24",
      "source": "derived",
      "note": "creation place inferred from the painter's itinerary at this work's date (approximate)"
     }
    },
    "museum_id": "courtauld-gallery",
    "location_src": "Courtauld Gallery"
   }
  },
  {
   "type": "Feature",
   "geometry": {
    "type": "Point",
    "coordinates": [
     -0.11771,
     51.51157
    ]
   },
   "properties": {
    "painter": "Giovanni Battista Tiepolo",
    "title": "Virgin and Child with an Angel",
    "year": "1726",
    "location": "Courtauld Gallery",
    "city": "London",
    "country": "United Kingdom",
    "attribution": "generally accepted",
    "image": "https://commons.wikimedia.org/wiki/Special:FilePath/Tiepolo%20-%20Virgin%20and%20Child%20with%20an%20Angel%2C%20c.1725%E2%80%931728%2C%20P.1978.PG.446.jpg?width=500",
    "qid": "Q118993954",
    "wikidata": "https://www.wikidata.org/wiki/Q118993954",
    "_source": {
     "source": "Wikidata",
     "url": "https://www.wikidata.org/wiki/Q118993954",
     "note": "harvested: painting by this creator with an image and a documented collection"
    },
    "creation_place": "Venice",
    "creation_lat": 45.4375,
    "creation_lon": 12.335833,
    "_overrides": {
     "creation": {
      "at": "2026-08-24",
      "source": "derived",
      "note": "creation place inferred from the painter's itinerary at this work's date (approximate)"
     }
    },
    "museum_id": "courtauld-gallery",
    "location_src": "Courtauld Gallery"
   }
  },
  {
   "type": "Feature",
   "geometry": {
    "type": "Point",
    "coordinates": [
     -0.11771,
     51.51157
    ]
   },
   "properties": {
    "painter": "Giovanni Battista Tiepolo",
    "title": "Saint Aloysius Gonzaga in Glory",
    "year": "1726",
    "location": "Courtauld Gallery",
    "city": "London",
    "country": "United Kingdom",
    "attribution": "generally accepted",
    "image": "https://commons.wikimedia.org/wiki/Special:FilePath/Tiepolo%20-%20Saint%20Aloysius%20Gonzaga%20in%20Glory%2C%20c.1726%2C%20P.1978.PG.447.jpg?width=500",
    "qid": "Q118994064",
    "wikidata": "https://www.wikidata.org/wiki/Q118994064",
    "_source": {
     "source": "Wikidata",
     "url": "https://www.wikidata.org/wiki/Q118994064",
     "note": "harvested: painting by this creator with an image and a documented collection"
    },
    "creation_place": "Venice",
    "creation_lat": 45.4375,
    "creation_lon": 12.335833,
    "_overrides": {
     "creation": {
      "at": "2026-08-24",
      "source": "derived",
      "note": "creation place inferred from the painter's itinerary at this work's date (approximate)"
     }
    },
    "museum_id": "courtauld-gallery",
    "location_src": "Courtauld Gallery"
   }
  },
  {
   "type": "Feature",
   "geometry": {
    "type": "Point",
    "coordinates": [
     -0.11771,
     51.51157
    ]
   },
   "properties": {
    "painter": "Giovanni Battista Tiepolo",
    "title": "Saint Roch",
    "year": "1730",
    "location": "Courtauld Gallery",
    "city": "London",
    "country": "United Kingdom",
    "attribution": "generally accepted",
    "image": "https://commons.wikimedia.org/wiki/Special:FilePath/Giovanni%20Battista%20Tiepolo%20%281696-1770%29%20-%20Saint%20Roch%20-%20P.1978.PG.448%20-%20Courtauld%20Gallery.jpg?width=500",
    "qid": "Q118994711",
    "wikidata": "https://www.wikidata.org/wiki/Q118994711",
    "_source": {
     "source": "Wikidata",
     "url": "https://www.wikidata.org/wiki/Q118994711",
     "note": "harvested: painting by this creator with an image and a documented collection"
    },
    "creation_place": "Venice",
    "creation_lat": 45.4375,
    "creation_lon": 12.335833,
    "_overrides": {
     "creation": {
      "at": "2026-08-24",
      "source": "derived",
      "note": "creation place inferred from the painter's itinerary at this work's date (approximate)"
     }
    },
    "museum_id": "courtauld-gallery",
    "location_src": "Courtauld Gallery"
   }
  },
  {
   "type": "Feature",
   "geometry": {
    "type": "Point",
    "coordinates": [
     -73.9631,
     40.7794
    ]
   },
   "properties": {
    "painter": "Giovanni Battista Tiepolo",
    "title": "The Adoration of the Magi",
    "year": "1758",
    "location": "Metropolitan Museum of Art",
    "city": "New York",
    "country": "United States",
    "attribution": "generally accepted",
    "image": "https://commons.wikimedia.org/wiki/Special:FilePath/The%20Adoration%20of%20the%20Magi%20MET%20DT1202.jpg?width=500",
    "qid": "Q19905125",
    "wikidata": "https://www.wikidata.org/wiki/Q19905125",
    "_source": {
     "source": "Wikidata",
     "url": "https://www.wikidata.org/wiki/Q19905125",
     "note": "harvested: painting by this creator with an image and a documented collection"
    },
    "creation_place": "Venice",
    "creation_lat": 45.4375,
    "creation_lon": 12.335833,
    "_overrides": {
     "creation": {
      "at": "2026-08-24",
      "source": "derived",
      "note": "creation place inferred from the painter's itinerary at this work's date (approximate)"
     }
    },
    "museum_id": "metropolitan-museum-of-art",
    "location_src": "Metropolitan Museum of Art"
   }
  },
  {
   "type": "Feature",
   "geometry": {
    "type": "Point",
    "coordinates": [
     -73.9631,
     40.7794
    ]
   },
   "properties": {
    "painter": "Giovanni Battista Tiepolo",
    "title": "Saint Thecla Praying for the Plague-Stricken",
    "year": "1758",
    "location": "Metropolitan Museum of Art",
    "city": "New York",
    "country": "United States",
    "attribution": "generally accepted",
    "image": "https://commons.wikimedia.org/wiki/Special:FilePath/Giovanni%20Battista%20Tiepolo%20070.jpg?width=500",
    "qid": "Q19905126",
    "wikidata": "https://www.wikidata.org/wiki/Q19905126",
    "_source": {
     "source": "Wikidata",
     "url": "https://www.wikidata.org/wiki/Q19905126",
     "note": "harvested: painting by this creator with an image and a documented collection"
    },
    "creation_place": "Venice",
    "creation_lat": 45.4375,
    "creation_lon": 12.335833,
    "_overrides": {
     "creation": {
      "at": "2026-08-24",
      "source": "derived",
      "note": "creation place inferred from the painter's itinerary at this work's date (approximate)"
     }
    },
    "museum_id": "metropolitan-museum-of-art",
    "location_src": "Metropolitan Museum of Art"
   }
  },
  {
   "type": "Feature",
   "geometry": {
    "type": "Point",
    "coordinates": [
     -73.9631,
     40.7794
    ]
   },
   "properties": {
    "painter": "Giovanni Battista Tiepolo",
    "title": "A Female Allegorical Figure",
    "year": "1750",
    "location": "Metropolitan Museum of Art",
    "city": "New York",
    "country": "United States",
    "attribution": "generally accepted",
    "image": "https://commons.wikimedia.org/wiki/Special:FilePath/A%20Female%20Allegorical%20Figure%20MET%20DT4171.jpg?width=500",
    "qid": "Q19905441",
    "wikidata": "https://www.wikidata.org/wiki/Q19905441",
    "_source": {
     "source": "Wikidata",
     "url": "https://www.wikidata.org/wiki/Q19905441",
     "note": "harvested: painting by this creator with an image and a documented collection"
    },
    "creation_place": "Venice",
    "creation_lat": 45.4375,
    "creation_lon": 12.335833,
    "_overrides": {
     "creation": {
      "at": "2026-08-24",
      "source": "derived",
      "note": "creation place inferred from the painter's itinerary at this work's date (approximate)"
     }
    },
    "museum_id": "metropolitan-museum-of-art",
    "location_src": "Metropolitan Museum of Art"
   }
  },
  {
   "type": "Feature",
   "geometry": {
    "type": "Point",
    "coordinates": [
     -87.62389,
     41.87944
    ]
   },
   "properties": {
    "painter": "Giovanni Battista Tiepolo",
    "title": "Virgin and Child with Saints Dominic and Hyacinth",
    "year": "1732",
    "location": "Art Institute of Chicago",
    "city": "Chicago",
    "country": "United States",
    "attribution": "generally accepted",
    "image": "https://commons.wikimedia.org/wiki/Special:FilePath/Giambattista%20Tiepolo%20-%20Virgin%20and%20Child%20with%20Saints%20Dominic%20and%20Hyacinth%20-%201933.1099%20-%20Art%20Institute%20of%20Chicago.jpg?width=500",
    "qid": "Q20260974",
    "wikidata": "https://www.wikidata.org/wiki/Q20260974",
    "_source": {
     "source": "Wikidata",
     "url": "https://www.wikidata.org/wiki/Q20260974",
     "note": "harvested: painting by this creator with an image and a documented collection"
    },
    "creation_place": "Venice",
    "creation_lat": 45.4375,
    "creation_lon": 12.335833,
    "_overrides": {
     "creation": {
      "at": "2026-08-24",
      "source": "derived",
      "note": "creation place inferred from the painter's itinerary at this work's date (approximate)"
     }
    },
    "museum_id": "art-institute-of-chicago",
    "location_src": "Art Institute of Chicago"
   }
  },
  {
   "type": "Feature",
   "geometry": {
    "type": "Point",
    "coordinates": [
     -87.62389,
     41.87944
    ]
   },
   "properties": {
    "painter": "Giovanni Battista Tiepolo",
    "title": "Armida Encounters the Sleeping Rinaldo",
    "year": "1742",
    "location": "Art Institute of Chicago",
    "city": "Chicago",
    "country": "United States",
    "attribution": "generally accepted",
    "image": "https://commons.wikimedia.org/wiki/Special:FilePath/Giambattista%20Tiepolo%20-%20Armida%20Encounters%20the%20Sleeping%20Rinaldo%20-%201925.700%20-%20Art%20Institute%20of%20Chicago.jpg?width=500",
    "qid": "Q20272092",
    "wikidata": "https://www.wikidata.org/wiki/Q20272092",
    "_source": {
     "source": "Wikidata",
     "url": "https://www.wikidata.org/wiki/Q20272092",
     "note": "harvested: painting by this creator with an image and a documented collection"
    },
    "creation_place": "Venice",
    "creation_lat": 45.4375,
    "creation_lon": 12.335833,
    "_overrides": {
     "creation": {
      "at": "2026-08-24",
      "source": "derived",
      "note": "creation place inferred from the painter's itinerary at this work's date (approximate)"
     }
    },
    "museum_id": "art-institute-of-chicago",
    "location_src": "Art Institute of Chicago"
   }
  },
  {
   "type": "Feature",
   "geometry": {
    "type": "Point",
    "coordinates": [
     12.57861,
     55.68889
    ]
   },
   "properties": {
    "painter": "Giovanni Battista Tiepolo",
    "title": "The Brazen Serpent",
    "year": "1740",
    "location": "Statens Museum for Kunst",
    "city": "Copenhagen Municipality",
    "country": "Denmark",
    "attribution": "generally accepted",
    "image": "https://commons.wikimedia.org/wiki/Special:FilePath/Giovanni%20Battista%20Tiepolo%20-%20The%20Brazen%20Serpent%20-%20KMS6683%20-%20Statens%20Museum%20for%20Kunst.jpg?width=500",
    "qid": "Q20269489",
    "wikidata": "https://www.wikidata.org/wiki/Q20269489",
    "_source": {
     "source": "Wikidata",
     "url": "https://www.wikidata.org/wiki/Q20269489",
     "note": "harvested: painting by this creator with an image and a documented collection"
    },
    "creation_place": "Venice",
    "creation_lat": 45.4375,
    "creation_lon": 12.335833,
    "_overrides": {
     "creation": {
      "at": "2026-08-24",
      "source": "derived",
      "note": "creation place inferred from the painter's itinerary at this work's date (approximate)"
     }
    },
    "museum_id": "statens-museum-for-kunst",
    "location_src": "Statens Museum for Kunst"
   }
  },
  {
   "type": "Feature",
   "geometry": {
    "type": "Point",
    "coordinates": [
     12.57861,
     55.68889
    ]
   },
   "properties": {
    "painter": "Giovanni Battista Tiepolo",
    "title": "Anthony Leading Cleopatra on board",
    "year": "",
    "location": "Statens Museum for Kunst",
    "city": "Copenhagen Municipality",
    "country": "Denmark",
    "attribution": "generally accepted",
    "image": "https://commons.wikimedia.org/wiki/Special:FilePath/Giovanni%20Battista%20Tiepolo%20-%20Anthony%20Leading%20Cleopatra%20on%20board%20-%20DEP14%20-%20Statens%20Museum%20for%20Kunst.jpg?width=500",
    "qid": "Q20274890",
    "wikidata": "https://www.wikidata.org/wiki/Q20274890",
    "_source": {
     "source": "Wikidata",
     "url": "https://www.wikidata.org/wiki/Q20274890",
     "note": "harvested: painting by this creator with an image and a documented collection"
    },
    "museum_id": "statens-museum-for-kunst",
    "location_src": "Statens Museum for Kunst"
   }
  },
  {
   "type": "Feature",
   "geometry": {
    "type": "Point",
    "coordinates": [
     12.57861,
     55.68889
    ]
   },
   "properties": {
    "painter": "Giovanni Battista Tiepolo",
    "title": "Apollo and Marsyas",
    "year": "1757",
    "location": "Statens Museum for Kunst",
    "city": "Copenhagen Municipality",
    "country": "Denmark",
    "attribution": "generally accepted",
    "image": "https://commons.wikimedia.org/wiki/Special:FilePath/Giovanni%20Battista%20Tiepolo%20-%20Apollo%20and%20Marsyas%20-%20KMS4548%20-%20Statens%20Museum%20for%20Kunst.jpg?width=500",
    "qid": "Q20354549",
    "wikidata": "https://www.wikidata.org/wiki/Q20354549",
    "_source": {
     "source": "Wikidata",
     "url": "https://www.wikidata.org/wiki/Q20354549",
     "note": "harvested: painting by this creator with an image and a documented collection"
    },
    "creation_place": "Venice",
    "creation_lat": 45.4375,
    "creation_lon": 12.335833,
    "_overrides": {
     "creation": {
      "at": "2026-08-24",
      "source": "derived",
      "note": "creation place inferred from the painter's itinerary at this work's date (approximate)"
     }
    },
    "museum_id": "statens-museum-for-kunst",
    "location_src": "Statens Museum for Kunst"
   }
  },
  {
   "type": "Feature",
   "geometry": {
    "type": "Point",
    "coordinates": [
     -58.39297,
     -34.58399
    ]
   },
   "properties": {
    "painter": "Giovanni Battista Tiepolo",
    "title": "The Hebrews collecting manna in the desert",
    "year": "1740",
    "location": "National Museum of Fine Arts, Argentina",
    "city": "Buenos Aires",
    "country": "Argentina",
    "attribution": "generally accepted",
    "image": "https://commons.wikimedia.org/wiki/Special:FilePath/Giovanni%20Battista%20Tiepolo%20-%20Los%20hebreos%20recogiendo%20el%20man%C3%A1%20en%20el%20desierto%20%28boceto%29%20-%20Google%20Art%20Project.jpg?width=500",
    "qid": "Q27954897",
    "wikidata": "https://www.wikidata.org/wiki/Q27954897",
    "_source": {
     "source": "Wikidata",
     "url": "https://www.wikidata.org/wiki/Q27954897",
     "note": "harvested: painting by this creator with an image and a documented collection"
    },
    "creation_place": "Venice",
    "creation_lat": 45.4375,
    "creation_lon": 12.335833,
    "_overrides": {
     "creation": {
      "at": "2026-08-24",
      "source": "derived",
      "note": "creation place inferred from the painter's itinerary at this work's date (approximate)"
     }
    },
    "museum_id": "national-museum-of-fine-arts-argentina",
    "location_src": "National Museum of Fine Arts, Argentina"
   }
  },
  {
   "type": "Feature",
   "geometry": {
    "type": "Point",
    "coordinates": [
     -58.39297,
     -34.58399
    ]
   },
   "properties": {
    "painter": "Giovanni Battista Tiepolo",
    "title": "Sacrifice of Melchizedek",
    "year": "1750",
    "location": "National Museum of Fine Arts, Argentina",
    "city": "Buenos Aires",
    "country": "Argentina",
    "attribution": "generally accepted",
    "image": "https://commons.wikimedia.org/wiki/Special:FilePath/Sacrificio%20de%20Melquisedec.jpg?width=500",
    "qid": "Q27954900",
    "wikidata": "https://www.wikidata.org/wiki/Q27954900",
    "_source": {
     "source": "Wikidata",
     "url": "https://www.wikidata.org/wiki/Q27954900",
     "note": "harvested: painting by this creator with an image and a documented collection"
    },
    "creation_place": "Venice",
    "creation_lat": 45.4375,
    "creation_lon": 12.335833,
    "_overrides": {
     "creation": {
      "at": "2026-08-24",
      "source": "derived",
      "note": "creation place inferred from the painter's itinerary at this work's date (approximate)"
     }
    },
    "museum_id": "national-museum-of-fine-arts-argentina",
    "location_src": "National Museum of Fine Arts, Argentina"
   }
  },
  {
   "type": "Feature",
   "geometry": {
    "type": "Point",
    "coordinates": [
     -73.9631,
     40.7794
    ]
   },
   "properties": {
    "painter": "Giovanni Battista Tiepolo",
    "title": "The Investiture of Bishop Harold as Duke of Franconia",
    "year": "1751",
    "location": "Metropolitan Museum of Art",
    "city": "New York",
    "country": "United States",
    "attribution": "generally accepted",
    "image": "https://commons.wikimedia.org/wiki/Special:FilePath/The%20Investiture%20of%20Bishop%20Harold%20as%20Duke%20of%20Franconia%20MET%20DP123856.jpg?width=500",
    "qid": "Q19911623",
    "wikidata": "https://www.wikidata.org/wiki/Q19911623",
    "_source": {
     "source": "Wikidata",
     "url": "https://www.wikidata.org/wiki/Q19911623",
     "note": "harvested: painting by this creator with an image and a documented collection"
    },
    "museum_id": "metropolitan-museum-of-art",
    "location_src": "Metropolitan Museum of Art"
   }
  },
  {
   "type": "Feature",
   "geometry": {
    "type": "Point",
    "coordinates": [
     -73.9631,
     40.7794
    ]
   },
   "properties": {
    "painter": "Giovanni Battista Tiepolo",
    "title": "Geometry",
    "year": "1760",
    "location": "Metropolitan Museum of Art",
    "city": "New York",
    "country": "United States",
    "attribution": "generally accepted",
    "image": "https://commons.wikimedia.org/wiki/Special:FilePath/Geometry%20MET%20DP291734.jpg?width=500",
    "qid": "Q19911814",
    "wikidata": "https://www.wikidata.org/wiki/Q19911814",
    "_source": {
     "source": "Wikidata",
     "url": "https://www.wikidata.org/wiki/Q19911814",
     "note": "harvested: painting by this creator with an image and a documented collection"
    },
    "creation_place": "Venice",
    "creation_lat": 45.4375,
    "creation_lon": 12.335833,
    "_overrides": {
     "creation": {
      "at": "2026-08-24",
      "source": "derived",
      "note": "creation place inferred from the painter's itinerary at this work's date (approximate)"
     }
    },
    "museum_id": "metropolitan-museum-of-art",
    "location_src": "Metropolitan Museum of Art"
   }
  },
  {
   "type": "Feature",
   "geometry": {
    "type": "Point",
    "coordinates": [
     -73.9631,
     40.7794
    ]
   },
   "properties": {
    "painter": "Giovanni Battista Tiepolo",
    "title": "Grammar",
    "year": "1760",
    "location": "Metropolitan Museum of Art",
    "city": "New York",
    "country": "United States",
    "attribution": "generally accepted",
    "image": "https://commons.wikimedia.org/wiki/Special:FilePath/Grammar%20MET%20DP287641.jpg?width=500",
    "qid": "Q19911815",
    "wikidata": "https://www.wikidata.org/wiki/Q19911815",
    "_source": {
     "source": "Wikidata",
     "url": "https://www.wikidata.org/wiki/Q19911815",
     "note": "harvested: painting by this creator with an image and a documented collection"
    },
    "creation_place": "Venice",
    "creation_lat": 45.4375,
    "creation_lon": 12.335833,
    "_overrides": {
     "creation": {
      "at": "2026-08-24",
      "source": "derived",
      "note": "creation place inferred from the painter's itinerary at this work's date (approximate)"
     }
    },
    "museum_id": "metropolitan-museum-of-art",
    "location_src": "Metropolitan Museum of Art"
   }
  },
  {
   "type": "Feature",
   "geometry": {
    "type": "Point",
    "coordinates": [
     -73.9631,
     40.7794
    ]
   },
   "properties": {
    "painter": "Giovanni Battista Tiepolo",
    "title": "Metaphysics",
    "year": "1760",
    "location": "Metropolitan Museum of Art",
    "city": "New York",
    "country": "United States",
    "attribution": "generally accepted",
    "image": "https://commons.wikimedia.org/wiki/Special:FilePath/Metaphysics%20MET%20DP287638.jpg?width=500",
    "qid": "Q19911817",
    "wikidata": "https://www.wikidata.org/wiki/Q19911817",
    "_source": {
     "source": "Wikidata",
     "url": "https://www.wikidata.org/wiki/Q19911817",
     "note": "harvested: painting by this creator with an image and a documented collection"
    },
    "creation_place": "Venice",
    "creation_lat": 45.4375,
    "creation_lon": 12.335833,
    "_overrides": {
     "creation": {
      "at": "2026-08-24",
      "source": "derived",
      "note": "creation place inferred from the painter's itinerary at this work's date (approximate)"
     }
    },
    "museum_id": "metropolitan-museum-of-art",
    "location_src": "Metropolitan Museum of Art"
   }
  },
  {
   "type": "Feature",
   "geometry": {
    "type": "Point",
    "coordinates": [
     -73.9631,
     40.7794
    ]
   },
   "properties": {
    "painter": "Giovanni Battista Tiepolo",
    "title": "Virtue and Abundance",
    "year": "1760",
    "location": "Metropolitan Museum of Art",
    "city": "New York",
    "country": "United States",
    "attribution": "generally accepted",
    "image": "https://commons.wikimedia.org/wiki/Special:FilePath/Virtue%20and%20Abundance%20MET%20DP287634.jpg?width=500",
    "qid": "Q19911818",
    "wikidata": "https://www.wikidata.org/wiki/Q19911818",
    "_source": {
     "source": "Wikidata",
     "url": "https://www.wikidata.org/wiki/Q19911818",
     "note": "harvested: painting by this creator with an image and a documented collection"
    },
    "creation_place": "Venice",
    "creation_lat": 45.4375,
    "creation_lon": 12.335833,
    "_overrides": {
     "creation": {
      "at": "2026-08-24",
      "source": "derived",
      "note": "creation place inferred from the painter's itinerary at this work's date (approximate)"
     }
    },
    "museum_id": "metropolitan-museum-of-art",
    "location_src": "Metropolitan Museum of Art"
   }
  },
  {
   "type": "Feature",
   "geometry": {
    "type": "Point",
    "coordinates": [
     -73.9631,
     40.7794
    ]
   },
   "properties": {
    "painter": "Giovanni Battista Tiepolo",
    "title": "Arithmetic",
    "year": "1760",
    "location": "Metropolitan Museum of Art",
    "city": "New York",
    "country": "United States",
    "attribution": "generally accepted",
    "image": "https://commons.wikimedia.org/wiki/Special:FilePath/Arithmetic%20MET%20DP287639.jpg?width=500",
    "qid": "Q19911820",
    "wikidata": "https://www.wikidata.org/wiki/Q19911820",
    "_source": {
     "source": "Wikidata",
     "url": "https://www.wikidata.org/wiki/Q19911820",
     "note": "harvested: painting by this creator with an image and a documented collection"
    },
    "creation_place": "Venice",
    "creation_lat": 45.4375,
    "creation_lon": 12.335833,
    "_overrides": {
     "creation": {
      "at": "2026-08-24",
      "source": "derived",
      "note": "creation place inferred from the painter's itinerary at this work's date (approximate)"
     }
    },
    "museum_id": "metropolitan-museum-of-art",
    "location_src": "Metropolitan Museum of Art"
   }
  },
  {
   "type": "Feature",
   "geometry": {
    "type": "Point",
    "coordinates": [
     -73.9631,
     40.7794
    ]
   },
   "properties": {
    "painter": "Giovanni Battista Tiepolo",
    "title": "Neptune and the Winds",
    "year": "1743",
    "location": "Metropolitan Museum of Art",
    "city": "New York",
    "country": "United States",
    "attribution": "generally accepted",
    "image": "https://commons.wikimedia.org/wiki/Special:FilePath/Tiepolo%20-%20Neptune%20and%20the%20Winds%2C%2037.165.4.jpg?width=500",
    "qid": "Q19912533",
    "wikidata": "https://www.wikidata.org/wiki/Q19912533",
    "_source": {
     "source": "Wikidata",
     "url": "https://www.wikidata.org/wiki/Q19912533",
     "note": "harvested: painting by this creator with an image and a documented collection"
    },
    "creation_place": "Venice",
    "creation_lat": 45.4375,
    "creation_lon": 12.335833,
    "_overrides": {
     "creation": {
      "at": "2026-08-24",
      "source": "derived",
      "note": "creation place inferred from the painter's itinerary at this work's date (approximate)"
     }
    },
    "museum_id": "metropolitan-museum-of-art",
    "location_src": "Metropolitan Museum of Art"
   }
  },
  {
   "type": "Feature",
   "geometry": {
    "type": "Point",
    "coordinates": [
     4.88528,
     52.36
    ]
   },
   "properties": {
    "painter": "Giovanni Battista Tiepolo",
    "title": "Telemachus and Mentor",
    "year": "1750",
    "location": "Rijksmuseum",
    "city": "Amsterdam",
    "country": "Netherlands",
    "attribution": "generally accepted",
    "image": "https://commons.wikimedia.org/wiki/Special:FilePath/Giovanni%20Battista%20Tiepolo%20-%20Jonge%20man%20met%20een%20boog%20en%20een%20grote%20pijlenkoker%20en%20zijn%20kameraad%20met%20een%20schild.jpg?width=500",
    "qid": "Q17331269",
    "wikidata": "https://www.wikidata.org/wiki/Q17331269",
    "_source": {
     "source": "Wikidata",
     "url": "https://www.wikidata.org/wiki/Q17331269",
     "note": "harvested: painting by this creator with an image and a documented collection"
    },
    "creation_place": "Venice",
    "creation_lat": 45.4375,
    "creation_lon": 12.335833,
    "_overrides": {
     "creation": {
      "at": "2026-08-24",
      "source": "derived",
      "note": "creation place inferred from the painter's itinerary at this work's date (approximate)"
     }
    },
    "museum_id": "rijksmuseum",
    "location_src": "Rijksmuseum"
   }
  },
  {
   "type": "Feature",
   "geometry": {
    "type": "Point",
    "coordinates": [
     4.88528,
     52.36
    ]
   },
   "properties": {
    "painter": "Giovanni Battista Tiepolo",
    "title": "Flight into Egypt",
    "year": "1500",
    "location": "Rijksmuseum",
    "city": "Amsterdam",
    "country": "Netherlands",
    "attribution": "copy or later version",
    "image": "https://commons.wikimedia.org/wiki/Special:FilePath/Giovanni%20Battista%20Tiepolo%20-%20De%20vlucht%20naar%20Egypte.jpg?width=500",
    "qid": "Q17334337",
    "wikidata": "https://www.wikidata.org/wiki/Q17334337",
    "_source": {
     "source": "Wikidata",
     "url": "https://www.wikidata.org/wiki/Q17334337",
     "note": "harvested: painting by this creator with an image and a documented collection"
    },
    "_overrides": {
     "attribution": {
      "at": "2026-08-24",
      "source": "tier-2 cleaning",
      "was": "generally accepted",
      "note": "dated 1500, before birth (1696–1770) → later copy / not autograph at this date (Timeline anomaly)"
     }
    },
    "museum_id": "rijksmuseum",
    "location_src": "Rijksmuseum"
   }
  },
  {
   "type": "Feature",
   "geometry": {
    "type": "Point",
    "coordinates": [
     4.88528,
     52.36
    ]
   },
   "properties": {
    "painter": "Giovanni Battista Tiepolo",
    "title": "Allegorical Figure of a Woman with a Club (Fortitude?)",
    "year": "1750",
    "location": "Rijksmuseum",
    "city": "Amsterdam",
    "country": "Netherlands",
    "attribution": "generally accepted",
    "image": "https://commons.wikimedia.org/wiki/Special:FilePath/Allegorische%20vrouwenfiguur%20met%20een%20knots%20%28wellicht%20Kracht%29%20Rijksmuseum%20SK-A-3437.jpeg?width=500",
    "qid": "Q17334340",
    "wikidata": "https://www.wikidata.org/wiki/Q17334340",
    "_source": {
     "source": "Wikidata",
     "url": "https://www.wikidata.org/wiki/Q17334340",
     "note": "harvested: painting by this creator with an image and a documented collection"
    },
    "creation_place": "Venice",
    "creation_lat": 45.4375,
    "creation_lon": 12.335833,
    "_overrides": {
     "creation": {
      "at": "2026-08-24",
      "source": "derived",
      "note": "creation place inferred from the painter's itinerary at this work's date (approximate)"
     }
    },
    "museum_id": "rijksmuseum",
    "location_src": "Rijksmuseum"
   }
  },
  {
   "type": "Feature",
   "geometry": {
    "type": "Point",
    "coordinates": [
     4.88528,
     52.36
    ]
   },
   "properties": {
    "painter": "Giovanni Battista Tiepolo",
    "title": "Allegorical Figure of a Woman with a Shield or a Mirror (Prudence?)",
    "year": "1750",
    "location": "Rijksmuseum",
    "city": "Amsterdam",
    "country": "Netherlands",
    "attribution": "generally accepted",
    "image": "https://commons.wikimedia.org/wiki/Special:FilePath/Allegorische%20vrouwenfiguur%20met%20een%20schild%20of%20spiegel%20%28wellicht%20Voorzichtigheid%29%20Rijksmuseum%20SK-A-3438.jpeg?width=500",
    "qid": "Q17334341",
    "wikidata": "https://www.wikidata.org/wiki/Q17334341",
    "_source": {
     "source": "Wikidata",
     "url": "https://www.wikidata.org/wiki/Q17334341",
     "note": "harvested: painting by this creator with an image and a documented collection"
    },
    "creation_place": "Venice",
    "creation_lat": 45.4375,
    "creation_lon": 12.335833,
    "_overrides": {
     "creation": {
      "at": "2026-08-24",
      "source": "derived",
      "note": "creation place inferred from the painter's itinerary at this work's date (approximate)"
     }
    },
    "museum_id": "rijksmuseum",
    "location_src": "Rijksmuseum"
   }
  },
  {
   "type": "Feature",
   "geometry": {
    "type": "Point",
    "coordinates": [
     4.88528,
     52.36
    ]
   },
   "properties": {
    "painter": "Giovanni Battista Tiepolo",
    "title": "The Immaculate Conception (Joachim en Anna receiving the Virgin Mary from God the Father)",
    "year": "1757",
    "location": "Rijksmuseum",
    "city": "Amsterdam",
    "country": "Netherlands",
    "attribution": "generally accepted",
    "image": "https://commons.wikimedia.org/wiki/Special:FilePath/Giovanni%20Battista%20Tiepolo%20-%20God%20de%20Vader%20zendt%20de%20Maagd%20Maria%20aan%20haar%20ouders%20Joachim%20en%20Anna.jpg?width=500",
    "qid": "Q17335746",
    "wikidata": "https://www.wikidata.org/wiki/Q17335746",
    "_source": {
     "source": "Wikidata",
     "url": "https://www.wikidata.org/wiki/Q17335746",
     "note": "harvested: painting by this creator with an image and a documented collection"
    },
    "creation_place": "Venice",
    "creation_lat": 45.4375,
    "creation_lon": 12.335833,
    "_overrides": {
     "creation": {
      "at": "2026-08-24",
      "source": "derived",
      "note": "creation place inferred from the painter's itinerary at this work's date (approximate)"
     }
    },
    "museum_id": "rijksmuseum",
    "location_src": "Rijksmuseum"
   }
  },
  {
   "type": "Feature",
   "geometry": {
    "type": "Point",
    "coordinates": [
     -76.6165,
     39.29642
    ]
   },
   "properties": {
    "painter": "Giovanni Battista Tiepolo",
    "title": "Beheading of a Martyr",
    "year": "1850",
    "location": "Walters Art Museum",
    "city": "Baltimore",
    "country": "United States",
    "attribution": "copy or later version",
    "image": "https://commons.wikimedia.org/wiki/Special:FilePath/Giovanni%20Battista%20Tiepolo%20-%20Beheading%20of%20a%20Martyr%20-%20Walters%20371171.jpg?width=500",
    "qid": "Q18748553",
    "wikidata": "https://www.wikidata.org/wiki/Q18748553",
    "_source": {
     "source": "Wikidata",
     "url": "https://www.wikidata.org/wiki/Q18748553",
     "note": "harvested: painting by this creator with an image and a documented collection"
    },
    "_overrides": {
     "attribution": {
      "at": "2026-08-24",
      "source": "tier-2 cleaning",
      "was": "generally accepted",
      "note": "dated 1850, after death (1696–1770) → later copy / not autograph at this date (Timeline anomaly)"
     }
    },
    "museum_id": "walters-art-museum",
    "location_src": "Walters Art Museum"
   }
  },
  {
   "type": "Feature",
   "geometry": {
    "type": "Point",
    "coordinates": [
     -76.6165,
     39.29642
    ]
   },
   "properties": {
    "painter": "Giovanni Battista Tiepolo",
    "title": "Virgin and Child",
    "year": "1720",
    "location": "Walters Art Museum",
    "city": "Baltimore",
    "country": "United States",
    "attribution": "generally accepted",
    "image": "https://commons.wikimedia.org/wiki/Special:FilePath/Giovanni%20Battista%20Tiepolo%20-%20Virgin%20and%20Child%20-%20Walters%20371120.jpg?width=500",
    "qid": "Q18749472",
    "wikidata": "https://www.wikidata.org/wiki/Q18749472",
    "_source": {
     "source": "Wikidata",
     "url": "https://www.wikidata.org/wiki/Q18749472",
     "note": "harvested: painting by this creator with an image and a documented collection"
    },
    "creation_place": "Venice",
    "creation_lat": 45.4375,
    "creation_lon": 12.335833,
    "_overrides": {
     "creation": {
      "at": "2026-08-24",
      "source": "derived",
      "note": "creation place inferred from the painter's itinerary at this work's date (approximate)"
     }
    },
    "museum_id": "walters-art-museum",
    "location_src": "Walters Art Museum"
   }
  },
  {
   "type": "Feature",
   "geometry": {
    "type": "Point",
    "coordinates": [
     -77.02,
     38.89139
    ]
   },
   "properties": {
    "painter": "Giovanni Battista Tiepolo",
    "title": "Saint Roch Carried to Heaven by Angels",
    "year": "1735",
    "location": "Galería Nacional de Arte",
    "city": "Washington, D.C.",
    "country": "United States",
    "attribution": "generally accepted",
    "image": "https://commons.wikimedia.org/wiki/Special:FilePath/Saint%20roch%20carried%20to%20heaven%20by%20angels.PNG?width=500",
    "qid": "Q20177893",
    "wikidata": "https://www.wikidata.org/wiki/Q20177893",
    "_source": {
     "source": "Wikidata",
     "url": "https://www.wikidata.org/wiki/Q20177893",
     "note": "harvested: painting by this creator with an image and a documented collection"
    },
    "creation_place": "Venice",
    "creation_lat": 45.4375,
    "creation_lon": 12.335833,
    "_overrides": {
     "creation": {
      "at": "2026-08-24",
      "source": "derived",
      "note": "creation place inferred from the painter's itinerary at this work's date (approximate)"
     }
    },
    "museum_id": "galeria-nacional-de-arte",
    "location_src": "Galería Nacional de Arte"
   }
  },
  {
   "type": "Feature",
   "geometry": {
    "type": "Point",
    "coordinates": [
     -77.02,
     38.89139
    ]
   },
   "properties": {
    "painter": "Giovanni Battista Tiepolo",
    "title": "Bacchus and Ariadne",
    "year": "1743",
    "location": "Galería Nacional de Arte",
    "city": "Washington, D.C.",
    "country": "United States",
    "attribution": "generally accepted",
    "image": "https://commons.wikimedia.org/wiki/Special:FilePath/Bacchus%20and%20Ariadne%20E-001023-20120209.jpg?width=500",
    "qid": "Q20177940",
    "wikidata": "https://www.wikidata.org/wiki/Q20177940",
    "_source": {
     "source": "Wikidata",
     "url": "https://www.wikidata.org/wiki/Q20177940",
     "note": "harvested: painting by this creator with an image and a documented collection"
    },
    "creation_place": "Venice",
    "creation_lat": 45.4375,
    "creation_lon": 12.335833,
    "_overrides": {
     "creation": {
      "at": "2026-08-24",
      "source": "derived",
      "note": "creation place inferred from the painter's itinerary at this work's date (approximate)"
     }
    },
    "museum_id": "galeria-nacional-de-arte",
    "location_src": "Galería Nacional de Arte"
   }
  },
  {
   "type": "Feature",
   "geometry": {
    "type": "Point",
    "coordinates": [
     -77.02,
     38.89139
    ]
   },
   "properties": {
    "painter": "Giovanni Battista Tiepolo",
    "title": "Scene from Ancient History",
    "year": "1750",
    "location": "Galería Nacional de Arte",
    "city": "Washington, D.C.",
    "country": "United States",
    "attribution": "generally accepted",
    "image": "https://commons.wikimedia.org/wiki/Special:FilePath/Scene%20from%20Ancient%20History%20G-05029-002.jpg?width=500",
    "qid": "Q20178035",
    "wikidata": "https://www.wikidata.org/wiki/Q20178035",
    "_source": {
     "source": "Wikidata",
     "url": "https://www.wikidata.org/wiki/Q20178035",
     "note": "harvested: painting by this creator with an image and a documented collection"
    },
    "creation_place": "Venice",
    "creation_lat": 45.4375,
    "creation_lon": 12.335833,
    "_overrides": {
     "creation": {
      "at": "2026-08-24",
      "source": "derived",
      "note": "creation place inferred from the painter's itinerary at this work's date (approximate)"
     }
    },
    "museum_id": "galeria-nacional-de-arte",
    "location_src": "Galería Nacional de Arte"
   }
  },
  {
   "type": "Feature",
   "geometry": {
    "type": "Point",
    "coordinates": [
     -77.02,
     38.89139
    ]
   },
   "properties": {
    "painter": "Giovanni Battista Tiepolo",
    "title": "Young Lady in a Tricorn Hat",
    "year": "1757",
    "location": "Galería Nacional de Arte",
    "city": "Washington, D.C.",
    "country": "United States",
    "attribution": "generally accepted",
    "image": "https://commons.wikimedia.org/wiki/Special:FilePath/National%20gallery%20in%20washington%20d.c.%2C%20giovan%20battista%20tiepolo%2C%20dama%20col%20tricorno%2C%201755-60.JPG?width=500",
    "qid": "Q20178129",
    "wikidata": "https://www.wikidata.org/wiki/Q20178129",
    "_source": {
     "source": "Wikidata",
     "url": "https://www.wikidata.org/wiki/Q20178129",
     "note": "harvested: painting by this creator with an image and a documented collection"
    },
    "creation_place": "Venice",
    "creation_lat": 45.4375,
    "creation_lon": 12.335833,
    "_overrides": {
     "creation": {
      "at": "2026-08-24",
      "source": "derived",
      "note": "creation place inferred from the painter's itinerary at this work's date (approximate)"
     }
    },
    "museum_id": "galeria-nacional-de-arte",
    "location_src": "Galería Nacional de Arte"
   }
  },
  {
   "type": "Feature",
   "geometry": {
    "type": "Point",
    "coordinates": [
     -77.02,
     38.89139
    ]
   },
   "properties": {
    "painter": "Giovanni Battista Tiepolo",
    "title": "Study for a Ceiling with the Personification of Counsel",
    "year": "",
    "location": "Galería Nacional de Arte",
    "city": "Washington, D.C.",
    "country": "United States",
    "attribution": "generally accepted",
    "image": "https://commons.wikimedia.org/wiki/Special:FilePath/Study%20for%20a%20Ceiling%20with%20the%20Personification%20of%20Counsel%20sc136.jpg?width=500",
    "qid": "Q20178221",
    "wikidata": "https://www.wikidata.org/wiki/Q20178221",
    "_source": {
     "source": "Wikidata",
     "url": "https://www.wikidata.org/wiki/Q20178221",
     "note": "harvested: painting by this creator with an image and a documented collection"
    },
    "museum_id": "galeria-nacional-de-arte",
    "location_src": "Galería Nacional de Arte"
   }
  },
  {
   "type": "Feature",
   "geometry": {
    "type": "Point",
    "coordinates": [
     -77.02,
     38.89139
    ]
   },
   "properties": {
    "painter": "Giovanni Battista Tiepolo",
    "title": "Wealth and Benefits of the Spanish Monarchy under Charles III",
    "year": "1762",
    "location": "Galería Nacional de Arte",
    "city": "Washington, D.C.",
    "country": "United States",
    "attribution": "generally accepted",
    "image": "https://commons.wikimedia.org/wiki/Special:FilePath/Wealth%20and%20Benefits%20of%20the%20Spanish%20Monarchy%20under%20Charles%20III%20A15274.jpg?width=500",
    "qid": "Q20178226",
    "wikidata": "https://www.wikidata.org/wiki/Q20178226",
    "_source": {
     "source": "Wikidata",
     "url": "https://www.wikidata.org/wiki/Q20178226",
     "note": "harvested: painting by this creator with an image and a documented collection"
    },
    "creation_place": "Venice",
    "creation_lat": 45.4375,
    "creation_lon": 12.335833,
    "_overrides": {
     "creation": {
      "at": "2026-08-24",
      "source": "derived",
      "note": "creation place inferred from the painter's itinerary at this work's date (approximate)"
     }
    },
    "museum_id": "galeria-nacional-de-arte",
    "location_src": "Galería Nacional de Arte"
   }
  },
  {
   "type": "Feature",
   "geometry": {
    "type": "Point",
    "coordinates": [
     18.07806,
     59.32861
    ]
   },
   "properties": {
    "painter": "Giovanni Battista Tiepolo",
    "title": "The Beheading of St John the Baptist",
    "year": "1732",
    "location": "Nationalmuseum",
    "city": "Stockholm",
    "country": "Sweden",
    "attribution": "generally accepted",
    "image": "https://commons.wikimedia.org/wiki/Special:FilePath/The%20Beheading%20of%20St%20John%20the%20Baptist%20%28Giambattista%20Tiepolo%29%20-%20Nationalmuseum%20-%2017138.tif?width=500",
    "qid": "Q18574628",
    "wikidata": "https://www.wikidata.org/wiki/Q18574628",
    "_source": {
     "source": "Wikidata",
     "url": "https://www.wikidata.org/wiki/Q18574628",
     "note": "harvested: painting by this creator with an image and a documented collection"
    },
    "creation_place": "Venice",
    "creation_lat": 45.4375,
    "creation_lon": 12.335833,
    "_overrides": {
     "creation": {
      "at": "2026-08-24",
      "source": "derived",
      "note": "creation place inferred from the painter's itinerary at this work's date (approximate)"
     }
    },
    "museum_id": "nationalmuseum",
    "location_src": "Nationalmuseum"
   }
  },
  {
   "type": "Feature",
   "geometry": {
    "type": "Point",
    "coordinates": [
     18.07806,
     59.32861
    ]
   },
   "properties": {
    "painter": "Giovanni Battista Tiepolo",
    "title": "The Continence of Scipio",
    "year": "",
    "location": "Nationalmuseum",
    "city": "Stockholm",
    "country": "Sweden",
    "attribution": "generally accepted",
    "image": "https://commons.wikimedia.org/wiki/Special:FilePath/The%20Continence%20of%20Scipio%20%28Giambattista%20Tiepolo%29%20-%20Nationalmuseum%20-%2017141.tif?width=500",
    "qid": "Q18574648",
    "wikidata": "https://www.wikidata.org/wiki/Q18574648",
    "_source": {
     "source": "Wikidata",
     "url": "https://www.wikidata.org/wiki/Q18574648",
     "note": "harvested: painting by this creator with an image and a documented collection"
    },
    "museum_id": "nationalmuseum",
    "location_src": "Nationalmuseum"
   }
  },
  {
   "type": "Feature",
   "geometry": {
    "type": "Point",
    "coordinates": [
     2.3358,
     48.8611
    ]
   },
   "properties": {
    "painter": "Giovanni Battista Tiepolo",
    "title": "Ecce Homo",
    "year": "1757",
    "location": "Louvre",
    "city": "Paris",
    "country": "France",
    "attribution": "generally accepted",
    "image": "https://commons.wikimedia.org/wiki/Special:FilePath/Giovan%20battista%20tiepolo%2C%20ecce%20homo%2C%201757-60%20ca..JPG?width=500",
    "qid": "Q18573908",
    "wikidata": "https://www.wikidata.org/wiki/Q18573908",
    "_source": {
     "source": "Wikidata",
     "url": "https://www.wikidata.org/wiki/Q18573908",
     "note": "harvested: painting by this creator with an image and a documented collection"
    },
    "creation_place": "Venice",
    "creation_lat": 45.4375,
    "creation_lon": 12.335833,
    "_overrides": {
     "creation": {
      "at": "2026-08-24",
      "source": "derived",
      "note": "creation place inferred from the painter's itinerary at this work's date (approximate)"
     }
    },
    "museum_id": "louvre",
    "location_src": "Louvre"
   }
  },
  {
   "type": "Feature",
   "geometry": {
    "type": "Point",
    "coordinates": [
     2.3358,
     48.8611
    ]
   },
   "properties": {
    "painter": "Giovanni Battista Tiepolo",
    "title": "Madonna and Child",
    "year": "1734",
    "location": "Louvre",
    "city": "Paris",
    "country": "France",
    "attribution": "generally accepted",
    "image": "https://commons.wikimedia.org/wiki/Special:FilePath/Tiepolo%20-%20Vierge%20%C3%A0%20l%27Enfant%2C%20vers%201730%20-%201735%2C%20RF%201971%208.jpg?width=500",
    "qid": "Q18573909",
    "wikidata": "https://www.wikidata.org/wiki/Q18573909",
    "_source": {
     "source": "Wikidata",
     "url": "https://www.wikidata.org/wiki/Q18573909",
     "note": "harvested: painting by this creator with an image and a documented collection"
    },
    "creation_place": "Venice",
    "creation_lat": 45.4375,
    "creation_lon": 12.335833,
    "_overrides": {
     "creation": {
      "at": "2026-08-24",
      "source": "derived",
      "note": "creation place inferred from the painter's itinerary at this work's date (approximate)"
     }
    },
    "museum_id": "louvre",
    "location_src": "Louvre"
   }
  },
  {
   "type": "Feature",
   "geometry": {
    "type": "Point",
    "coordinates": [
     2.3358,
     48.8611
    ]
   },
   "properties": {
    "painter": "Giovanni Battista Tiepolo",
    "title": "The Triumph of David",
    "year": "1716",
    "location": "Louvre",
    "city": "Paris",
    "country": "France",
    "attribution": "generally accepted",
    "image": "https://commons.wikimedia.org/wiki/Special:FilePath/Giovan%20battista%20tiepolo%2C%20trionfo%20di%20david%2C%201716%20ca..JPG?width=500",
    "qid": "Q18573912",
    "wikidata": "https://www.wikidata.org/wiki/Q18573912",
    "_source": {
     "source": "Wikidata",
     "url": "https://www.wikidata.org/wiki/Q18573912",
     "note": "harvested: painting by this creator with an image and a documented collection"
    },
    "creation_place": "Venice",
    "creation_lat": 45.4375,
    "creation_lon": 12.335833,
    "_overrides": {
     "creation": {
      "at": "2026-08-24",
      "source": "derived",
      "note": "creation place inferred from the painter's itinerary at this work's date (approximate)"
     }
    },
    "museum_id": "louvre",
    "location_src": "Louvre"
   }
  },
  {
   "type": "Feature",
   "geometry": {
    "type": "Point",
    "coordinates": [
     2.3358,
     48.8611
    ]
   },
   "properties": {
    "painter": "Giovanni Battista Tiepolo",
    "title": "The Education of the Virgin",
    "year": "1730",
    "location": "Louvre",
    "city": "Paris",
    "country": "France",
    "attribution": "generally accepted",
    "image": "https://commons.wikimedia.org/wiki/Special:FilePath/Giovan%20battista%20tiepolo%2C%20educazione%20della%20vergine%2C%201730-32%20ca..JPG?width=500",
    "qid": "Q18573913",
    "wikidata": "https://www.wikidata.org/wiki/Q18573913",
    "_source": {
     "source": "Wikidata",
     "url": "https://www.wikidata.org/wiki/Q18573913",
     "note": "harvested: painting by this creator with an image and a documented collection"
    },
    "creation_place": "Venice",
    "creation_lat": 45.4375,
    "creation_lon": 12.335833,
    "_overrides": {
     "creation": {
      "at": "2026-08-24",
      "source": "derived",
      "note": "creation place inferred from the painter's itinerary at this work's date (approximate)"
     }
    },
    "museum_id": "louvre",
    "location_src": "Louvre"
   }
  },
  {
   "type": "Feature",
   "geometry": {
    "type": "Point",
    "coordinates": [
     -73.9631,
     40.7794
    ]
   },
   "properties": {
    "painter": "Giovanni Battista Tiepolo",
    "title": "Bacchus and Ariadne",
    "year": "1740",
    "location": "Metropolitan Museum of Art",
    "city": "New York",
    "country": "United States",
    "attribution": "generally accepted",
    "image": "https://commons.wikimedia.org/wiki/Special:FilePath/Bacchus%20and%20Ariadne%20MET%20DP358995.jpg?width=500",
    "qid": "Q20187891",
    "wikidata": "https://www.wikidata.org/wiki/Q20187891",
    "_source": {
     "source": "Wikidata",
     "url": "https://www.wikidata.org/wiki/Q20187891",
     "note": "harvested: painting by this creator with an image and a documented collection"
    },
    "creation_place": "Venice",
    "creation_lat": 45.4375,
    "creation_lon": 12.335833,
    "_overrides": {
     "creation": {
      "at": "2026-08-24",
      "source": "derived",
      "note": "creation place inferred from the painter's itinerary at this work's date (approximate)"
     }
    },
    "museum_id": "metropolitan-museum-of-art",
    "location_src": "Metropolitan Museum of Art"
   }
  },
  {
   "type": "Feature",
   "geometry": {
    "type": "Point",
    "coordinates": [
     -73.9631,
     40.7794
    ]
   },
   "properties": {
    "painter": "Giovanni Battista Tiepolo",
    "title": "Study for an Inkstand",
    "year": "1740",
    "location": "Metropolitan Museum of Art",
    "city": "New York",
    "country": "United States",
    "attribution": "generally accepted",
    "image": "https://commons.wikimedia.org/wiki/Special:FilePath/Study%20for%20an%20Inkstand%20MET%20DP161794.jpg?width=500",
    "qid": "Q20187949",
    "wikidata": "https://www.wikidata.org/wiki/Q20187949",
    "_source": {
     "source": "Wikidata",
     "url": "https://www.wikidata.org/wiki/Q20187949",
     "note": "harvested: painting by this creator with an image and a documented collection"
    },
    "creation_place": "Venice",
    "creation_lat": 45.4375,
    "creation_lon": 12.335833,
    "_overrides": {
     "creation": {
      "at": "2026-08-24",
      "source": "derived",
      "note": "creation place inferred from the painter's itinerary at this work's date (approximate)"
     }
    },
    "museum_id": "metropolitan-museum-of-art",
    "location_src": "Metropolitan Museum of Art"
   }
  },
  {
   "type": "Feature",
   "geometry": {
    "type": "Point",
    "coordinates": [
     9.74011,
     52.3655
    ]
   },
   "properties": {
    "painter": "Giovanni Battista Tiepolo",
    "title": "Die Wunderheilung des zornigen Sohnes",
    "year": "1760",
    "location": "Lower Saxony State Museum",
    "city": "Südstadt-Bult",
    "country": "Germany",
    "attribution": "generally accepted",
    "image": "https://commons.wikimedia.org/wiki/Special:FilePath/1754%201760%20Giovanni%20Battista%20Tiepolo%2C%20Die%20Wunderheilung%20des%20zornigen%20Sohnes.jpg?width=500",
    "qid": "Q63076223",
    "wikidata": "https://www.wikidata.org/wiki/Q63076223",
    "_source": {
     "source": "Wikidata",
     "url": "https://www.wikidata.org/wiki/Q63076223",
     "note": "harvested: painting by this creator with an image and a documented collection"
    },
    "creation_place": "Venice",
    "creation_lat": 45.4375,
    "creation_lon": 12.335833,
    "_overrides": {
     "creation": {
      "at": "2026-08-24",
      "source": "derived",
      "note": "creation place inferred from the painter's itinerary at this work's date (approximate)"
     }
    },
    "museum_id": "lower-saxony-state-museum",
    "location_src": "Lower Saxony State Museum"
   }
  },
  {
   "type": "Feature",
   "geometry": {
    "type": "Point",
    "coordinates": [
     -1.7972,
     51.5637
    ]
   },
   "properties": {
    "painter": "Giovanni Battista Tiepolo",
    "title": "The Assumption of the Virgin",
    "year": "1745",
    "location": "National Trust",
    "city": "Kingston Lacy",
    "country": "United Kingdom",
    "attribution": "generally accepted",
    "image": "https://commons.wikimedia.org/wiki/Special:FilePath/Giovanni%20Battista%20Tiepolo%20%281696-1770%29%20-%20The%20Assumption%20of%20the%20Virgin%20%28sketch%20for%20a%20ceiling%20in%20the%20Church%20of%20the%20Fratta%2C%20Friuli%5E%29%20-%201535125%20-%20National%20Trust.jpg?width=500",
    "qid": "Q52145205",
    "wikidata": "https://www.wikidata.org/wiki/Q52145205",
    "_source": {
     "source": "Wikidata",
     "url": "https://www.wikidata.org/wiki/Q52145205",
     "note": "harvested: painting by this creator with an image and a documented collection"
    },
    "creation_place": "Venice",
    "creation_lat": 45.4375,
    "creation_lon": 12.335833,
    "_overrides": {
     "creation": {
      "at": "2026-08-24",
      "source": "derived",
      "note": "creation place inferred from the painter's itinerary at this work's date (approximate)"
     }
    },
    "museum_id": "national-trust",
    "location_src": "National Trust"
   }
  },
  {
   "type": "Feature",
   "geometry": {
    "type": "Point",
    "coordinates": [
     -81.61167,
     41.50889
    ]
   },
   "properties": {
    "painter": "Giovanni Battista Tiepolo",
    "title": "Sketch for a Ceiling",
    "year": "1755",
    "location": "Cleveland Museum of Art",
    "city": "Cleveland",
    "country": "United States",
    "attribution": "generally accepted",
    "image": "https://commons.wikimedia.org/wiki/Special:FilePath/Giovanni%20Battista%20Tiepolo%20-%20Sketch%20for%20a%20Ceiling%20-%201916.780%20-%20Cleveland%20Museum%20of%20Art.tif?width=500",
    "qid": "Q60502577",
    "wikidata": "https://www.wikidata.org/wiki/Q60502577",
    "_source": {
     "source": "Wikidata",
     "url": "https://www.wikidata.org/wiki/Q60502577",
     "note": "harvested: painting by this creator with an image and a documented collection"
    },
    "creation_place": "Venice",
    "creation_lat": 45.4375,
    "creation_lon": 12.335833,
    "_overrides": {
     "creation": {
      "at": "2026-08-24",
      "source": "derived",
      "note": "creation place inferred from the painter's itinerary at this work's date (approximate)"
     }
    },
    "museum_id": "cleveland-museum-of-art",
    "location_src": "Cleveland Museum of Art"
   }
  },
  {
   "type": "Feature",
   "geometry": {
    "type": "Point",
    "coordinates": [
     19.07678,
     47.51587
    ]
   },
   "properties": {
    "painter": "Giovanni Battista Tiepolo",
    "title": "The Virgin with Six Saints",
    "year": "1755",
    "location": "Museum of Fine Arts, Budapest",
    "city": "Budapest district XIV",
    "country": "Hungary",
    "attribution": "generally accepted",
    "image": "https://commons.wikimedia.org/wiki/Special:FilePath/Tiepolo%20-%20The%20Virgin%20with%20Six%20Saints%2C%201755%E2%80%931756%2C%20651.jpg?width=500",
    "qid": "Q50978827",
    "wikidata": "https://www.wikidata.org/wiki/Q50978827",
    "_source": {
     "source": "Wikidata",
     "url": "https://www.wikidata.org/wiki/Q50978827",
     "note": "harvested: painting by this creator with an image and a documented collection"
    },
    "creation_place": "Venice",
    "creation_lat": 45.4375,
    "creation_lon": 12.335833,
    "_overrides": {
     "creation": {
      "at": "2026-08-24",
      "source": "derived",
      "note": "creation place inferred from the painter's itinerary at this work's date (approximate)"
     }
    },
    "museum_id": "museum-of-fine-arts-budapest",
    "location_src": "Museum of Fine Arts, Budapest"
   }
  },
  {
   "type": "Feature",
   "geometry": {
    "type": "Point",
    "coordinates": [
     -1.91566,
     54.54174
    ]
   },
   "properties": {
    "painter": "Giovanni Battista Tiepolo",
    "title": "Phaeton and Apollo",
    "year": "1730",
    "location": "Bowes Museum",
    "city": "Barnard Castle",
    "country": "United Kingdom",
    "attribution": "generally accepted",
    "image": "https://commons.wikimedia.org/wiki/Special:FilePath/Tiepolo%20-%20The%20Harnessing%20of%20the%20Horses%20of%20the%20Sun%2C%20c.1731%E2%80%931736%2C%20B.M.51.jpg?width=500",
    "qid": "Q56194731",
    "wikidata": "https://www.wikidata.org/wiki/Q56194731",
    "_source": {
     "source": "Wikidata",
     "url": "https://www.wikidata.org/wiki/Q56194731",
     "note": "harvested: painting by this creator with an image and a documented collection"
    },
    "creation_place": "Venice",
    "creation_lat": 45.4375,
    "creation_lon": 12.335833,
    "_overrides": {
     "creation": {
      "at": "2026-08-24",
      "source": "derived",
      "note": "creation place inferred from the painter's itinerary at this work's date (approximate)"
     }
    },
    "museum_id": "bowes-museum",
    "location_src": "Bowes Museum"
   }
  },
  {
   "type": "Feature",
   "geometry": {
    "type": "Point",
    "coordinates": [
     12.32435,
     45.43409
    ]
   },
   "properties": {
    "painter": "Giovanni Battista Tiepolo",
    "title": "The Triumph of Zephyr and Flora",
    "year": "1734",
    "location": "Ca' Rezzonico",
    "city": "Venice",
    "country": "Italy",
    "attribution": "generally accepted",
    "image": "https://commons.wikimedia.org/wiki/Special:FilePath/Ca%27%20Rezzonico%20%28Venice%29%20-%20Longhi%20Room%20-%20Ceilling%20by%20Tiepolo.jpg?width=500",
    "qid": "Q58230032",
    "wikidata": "https://www.wikidata.org/wiki/Q58230032",
    "_source": {
     "source": "Wikidata",
     "url": "https://www.wikidata.org/wiki/Q58230032",
     "note": "harvested: painting by this creator with an image and a documented collection"
    },
    "creation_place": "Venice",
    "creation_lat": 45.4375,
    "creation_lon": 12.335833,
    "_overrides": {
     "creation": {
      "at": "2026-08-24",
      "source": "derived",
      "note": "creation place inferred from the painter's itinerary at this work's date (approximate)"
     }
    },
    "museum_id": "ca-rezzonico",
    "location_src": "Ca' Rezzonico"
   }
  },
  {
   "type": "Feature",
   "geometry": {
    "type": "Point",
    "coordinates": [
     -83.06472,
     42.35944
    ]
   },
   "properties": {
    "painter": "Giovanni Battista Tiepolo",
    "title": "Woman with a Mandolin",
    "year": "1750",
    "location": "Detroit Institute of Arts",
    "city": "Detroit",
    "country": "United States",
    "attribution": "generally accepted",
    "image": "https://commons.wikimedia.org/wiki/Special:FilePath/Giovanni%20Battista%20Tiepolo%20-%20Woman%20with%20a%20Mandolin%20-%2057.180%20-%20Detroit%20Institute%20of%20Arts.jpg?width=500",
    "qid": "Q56071754",
    "wikidata": "https://www.wikidata.org/wiki/Q56071754",
    "_source": {
     "source": "Wikidata",
     "url": "https://www.wikidata.org/wiki/Q56071754",
     "note": "harvested: painting by this creator with an image and a documented collection"
    },
    "creation_place": "Venice",
    "creation_lat": 45.4375,
    "creation_lon": 12.335833,
    "_overrides": {
     "creation": {
      "at": "2026-08-24",
      "source": "derived",
      "note": "creation place inferred from the painter's itinerary at this work's date (approximate)"
     }
    },
    "museum_id": "detroit-institute-of-arts",
    "location_src": "Detroit Institute of Arts"
   }
  },
  {
   "type": "Feature",
   "geometry": {
    "type": "Point",
    "coordinates": [
     -83.06472,
     42.35944
    ]
   },
   "properties": {
    "painter": "Giovanni Battista Tiepolo",
    "title": "Madonna and Child",
    "year": "1730",
    "location": "Detroit Institute of Arts",
    "city": "Detroit",
    "country": "United States",
    "attribution": "generally accepted",
    "image": "https://commons.wikimedia.org/wiki/Special:FilePath/Giovanni%20Battista%20Tiepolo%20-%20Madonna%20and%20Child%20-%2029.4%20-%20Detroit%20Institute%20of%20Arts.jpg?width=500",
    "qid": "Q64547405",
    "wikidata": "https://www.wikidata.org/wiki/Q64547405",
    "_source": {
     "source": "Wikidata",
     "url": "https://www.wikidata.org/wiki/Q64547405",
     "note": "harvested: painting by this creator with an image and a documented collection"
    },
    "creation_place": "Venice",
    "creation_lat": 45.4375,
    "creation_lon": 12.335833,
    "_overrides": {
     "creation": {
      "at": "2026-08-24",
      "source": "derived",
      "note": "creation place inferred from the painter's itinerary at this work's date (approximate)"
     }
    },
    "museum_id": "detroit-institute-of-arts",
    "location_src": "Detroit Institute of Arts"
   }
  },
  {
   "type": "Feature",
   "geometry": {
    "type": "Point",
    "coordinates": [
     -83.06472,
     42.35944
    ]
   },
   "properties": {
    "painter": "Giovanni Battista Tiepolo",
    "title": "The Immaculate Conception",
    "year": "1733",
    "location": "Detroit Institute of Arts",
    "city": "Detroit",
    "country": "United States",
    "attribution": "generally accepted",
    "image": "https://commons.wikimedia.org/wiki/Special:FilePath/Giovanni%20Battista%20Tiepolo%20-%20The%20Immaculate%20Conception%20-%2036.29%20-%20Detroit%20Institute%20of%20Arts.jpg?width=500",
    "qid": "Q64547442",
    "wikidata": "https://www.wikidata.org/wiki/Q64547442",
    "_source": {
     "source": "Wikidata",
     "url": "https://www.wikidata.org/wiki/Q64547442",
     "note": "harvested: painting by this creator with an image and a documented collection"
    },
    "creation_place": "Venice",
    "creation_lat": 45.4375,
    "creation_lon": 12.335833,
    "_overrides": {
     "creation": {
      "at": "2026-08-24",
      "source": "derived",
      "note": "creation place inferred from the painter's itinerary at this work's date (approximate)"
     }
    },
    "museum_id": "detroit-institute-of-arts",
    "location_src": "Detroit Institute of Arts"
   }
  },
  {
   "type": "Feature",
   "geometry": {
    "type": "Point",
    "coordinates": [
     -71.40754,
     41.8269
    ]
   },
   "properties": {
    "painter": "Giovanni Battista Tiepolo",
    "title": "Heads from a Cameo",
    "year": "",
    "location": "Rhode Island School of Design Museum",
    "city": "Providence",
    "country": "United States",
    "attribution": "generally accepted",
    "image": "https://commons.wikimedia.org/wiki/Special:FilePath/Giovanni%20Battista%20Tiepolo%20-%20Heads%20from%20a%20Cameo%20-%2055.082%20-%20Rhode%20Island%20School%20of%20Design%20Museum.jpg?width=500",
    "qid": "Q64518281",
    "wikidata": "https://www.wikidata.org/wiki/Q64518281",
    "_source": {
     "source": "Wikidata",
     "url": "https://www.wikidata.org/wiki/Q64518281",
     "note": "harvested: painting by this creator with an image and a documented collection"
    },
    "museum_id": "rhode-island-school-of-design-museum",
    "location_src": "Rhode Island School of Design Museum"
   }
  },
  {
   "type": "Feature",
   "geometry": {
    "type": "Point",
    "coordinates": [
     -71.40754,
     41.8269
    ]
   },
   "properties": {
    "painter": "Giovanni Battista Tiepolo",
    "title": "The Angel of Fame",
    "year": "1750",
    "location": "Rhode Island School of Design Museum",
    "city": "Providence",
    "country": "United States",
    "attribution": "generally accepted",
    "image": "https://commons.wikimedia.org/wiki/Special:FilePath/Giovanni%20Battista%20Tiepolo%20-%20The%20Angel%20of%20Fame%20-%2032.246%20-%20Rhode%20Island%20School%20of%20Design%20Museum.jpg?width=500",
    "qid": "Q64536575",
    "wikidata": "https://www.wikidata.org/wiki/Q64536575",
    "_source": {
     "source": "Wikidata",
     "url": "https://www.wikidata.org/wiki/Q64536575",
     "note": "harvested: painting by this creator with an image and a documented collection"
    },
    "creation_place": "Venice",
    "creation_lat": 45.4375,
    "creation_lon": 12.335833,
    "_overrides": {
     "creation": {
      "at": "2026-08-24",
      "source": "derived",
      "note": "creation place inferred from the painter's itinerary at this work's date (approximate)"
     }
    },
    "museum_id": "rhode-island-school-of-design-museum",
    "location_src": "Rhode Island School of Design Museum"
   }
  },
  {
   "type": "Feature",
   "geometry": {
    "type": "Point",
    "coordinates": [
     174.76624,
     -36.85135
    ]
   },
   "properties": {
    "painter": "Giovanni Battista Tiepolo",
    "title": "Two Saints in Adoration",
    "year": "",
    "location": "Auckland Art Gallery",
    "city": "Auckland Region",
    "country": "New Zealand",
    "attribution": "generally accepted",
    "image": "https://commons.wikimedia.org/wiki/Special:FilePath/Giovanni%20Battista%20Tiepolo%20-%20Two%20Saints%20in%20Adoration%20-%201967-19-19%20-%20Auckland%20Art%20Gallery.jpg?width=500",
    "qid": "Q27877032",
    "wikidata": "https://www.wikidata.org/wiki/Q27877032",
    "_source": {
     "source": "Wikidata",
     "url": "https://www.wikidata.org/wiki/Q27877032",
     "note": "harvested: painting by this creator with an image and a documented collection"
    },
    "museum_id": "auckland-art-gallery",
    "location_src": "Auckland Art Gallery"
   }
  },
  {
   "type": "Feature",
   "geometry": {
    "type": "Point",
    "coordinates": [
     11.54931,
     45.54902
    ]
   },
   "properties": {
    "painter": "Giovanni Battista Tiepolo",
    "title": "Time Uncovering Truth",
    "year": "1745",
    "location": "Palazzo Chiericati Art Gallery",
    "city": "Vicenza",
    "country": "Italy",
    "attribution": "generally accepted",
    "image": "https://commons.wikimedia.org/wiki/Special:FilePath/Tiepolo%2C%20Giovanni%20Battista%20-%20Time%20unveilig%20the%20Truth%20-%20Palazzo%20Chiericati%20interno%2016.jpg?width=500",
    "qid": "Q47004829",
    "wikidata": "https://www.wikidata.org/wiki/Q47004829",
    "_source": {
     "source": "Wikidata",
     "url": "https://www.wikidata.org/wiki/Q47004829",
     "note": "harvested: painting by this creator with an image and a documented collection"
    },
    "creation_place": "Venice",
    "creation_lat": 45.4375,
    "creation_lon": 12.335833,
    "_overrides": {
     "creation": {
      "at": "2026-08-24",
      "source": "derived",
      "note": "creation place inferred from the painter's itinerary at this work's date (approximate)"
     }
    },
    "museum_id": "palazzo-chiericati-art-gallery",
    "location_src": "Palazzo Chiericati Art Gallery"
   }
  }
 ]
}