{
 "type": "FeatureCollection",
 "_note": "Canon from List of works by Titian (Wikipedia). Coords via MediaWiki API.",
 "features": [
  {
   "type": "Feature",
   "geometry": {
    "type": "Point",
    "coordinates": [
     -83.06472,
     42.35944
    ]
   },
   "properties": {
    "painter": "Titian",
    "title": "Detroit Trio ( The Appeal )",
    "year": "c. 1500",
    "city": "Detroit",
    "country": "United States",
    "location": "Detroit Institute of Arts",
    "attribution": "generally accepted",
    "dimensions": "84.5 x 69.2 cm",
    "image": "https://upload.wikimedia.org/wikipedia/commons/thumb/c/c1/Titian_-_The_Appeal_-_26.107_-_Detroit_Institute_of_Arts.jpg/500px-Titian_-_The_Appeal_-_26.107_-_Detroit_Institute_of_Arts.jpg?utm_source=en.wikipedia.org&amp;utm_campaign=parser&amp;utm_content=thumbnail",
    "notable": true,
    "wikipedia_en": "https://en.wikipedia.org/wiki/Detroit_Trio",
    "_source": {
     "source": "Wikipedia: List of works by Titian",
     "coord": "MediaWiki coordinates API"
    },
    "museum_id": "detroit-institute-of-arts",
    "wikidata": "https://www.wikidata.org/wiki/Q3998923",
    "_merged": [
     {
      "source": "Wikidata",
      "title": "Detroit Trio",
      "qid": "Q3998923",
      "url": "https://www.wikidata.org/wiki/Q3998923"
     }
    ],
    "location_src": "Detroit Institute of Arts",
    "kind": "museum",
    "form": "painting",
    "qid_shared": "Q3998923"
   }
  },
  {
   "type": "Feature",
   "geometry": {
    "type": "Point",
    "coordinates": [
     12.32531,
     45.43657
    ]
   },
   "properties": {
    "painter": "Titian",
    "title": "Christ Carrying the Cross",
    "year": "1505",
    "city": "Venice",
    "country": "Italy",
    "location": "Scuola Grande di San Rocco",
    "attribution": "generally accepted",
    "dimensions": "68.2 × 88.3 cm",
    "image": "https://upload.wikimedia.org/wikipedia/commons/thumb/a/a0/Tiziano_o_giorgione%2C_cristo_portacroce.jpg/500px-Tiziano_o_giorgione%2C_cristo_portacroce.jpg?utm_source=en.wikipedia.org&amp;utm_campaign=parser&amp;utm_content=thumbnail",
    "notable": true,
    "wikipedia_en": "https://en.wikipedia.org/wiki/Christ_Carrying_the_Cross_(Titian)",
    "_source": {
     "source": "Wikipedia: List of works by Titian",
     "coord": "MediaWiki coordinates API"
    },
    "museum_id": "scuola-grande-di-san-rocco",
    "qid": "Q3697665",
    "wikidata": "https://www.wikidata.org/wiki/Q3697665",
    "wga_url": "https://www.wga.hu/html/t/tiziano/01_1510s/01carryi.html",
    "location_src": "Scuola Grande di San Rocco",
    "kind": "museum",
    "form": "painting"
   }
  },
  {
   "type": "Feature",
   "geometry": {
    "type": "Point",
    "coordinates": [
     -73.9631,
     40.7794
    ]
   },
   "properties": {
    "painter": "Titian",
    "title": "Madonna and Child ( Bache Madonna )",
    "year": "c. 1508",
    "city": "New York",
    "country": "United States",
    "location": "Metropolitan Museum of Art",
    "attribution": "generally accepted",
    "dimensions": "45 × 55 cm",
    "image": "https://upload.wikimedia.org/wikipedia/commons/thumb/2/21/Madonna_and_Child_MET_DT5274.jpg/500px-Madonna_and_Child_MET_DT5274.jpg?utm_source=en.wikipedia.org&amp;utm_campaign=parser&amp;utm_content=thumbnail",
    "notable": true,
    "wikipedia_en": "https://en.wikipedia.org/wiki/Bache_Madonna",
    "creation_place": "Venice",
    "creation_lat": 45.4408,
    "creation_lon": 12.3155,
    "_source": {
     "source": "Wikipedia: List of works by Titian",
     "coord": "MediaWiki coordinates API"
    },
    "museum_id": "metropolitan-museum-of-art",
    "qid": "Q3842385",
    "wikidata": "https://www.wikidata.org/wiki/Q3842385",
    "location_src": "Metropolitan Museum of Art",
    "kind": "museum",
    "form": "painting"
   }
  },
  {
   "type": "Feature",
   "geometry": {
    "type": "Point",
    "coordinates": [
     30.31361,
     59.94056
    ]
   },
   "properties": {
    "painter": "Titian",
    "title": "Flight into Egypt",
    "year": "c. 1508",
    "city": "Saint Petersburg",
    "country": "Russia",
    "location": "Hermitage Museum",
    "attribution": "generally accepted",
    "dimensions": "206 × 336 cm",
    "image": "https://upload.wikimedia.org/wikipedia/commons/thumb/a/a3/Titian_-_Flight_into_Egypt%2C_Circa_1508.jpg/500px-Titian_-_Flight_into_Egypt%2C_Circa_1508.jpg?utm_source=en.wikipedia.org&amp;utm_campaign=parser&amp;utm_content=thumbnail",
    "notable": true,
    "wikipedia_en": "https://en.wikipedia.org/wiki/Flight_into_Egypt_(Titian)",
    "creation_place": "Venice",
    "creation_lat": 45.4408,
    "creation_lon": 12.3155,
    "_source": {
     "source": "Wikipedia: List of works by Titian",
     "coord": "MediaWiki coordinates API"
    },
    "museum_id": "hermitage-museum",
    "qid": "Q3754066",
    "wikidata": "https://www.wikidata.org/wiki/Q3754066",
    "location_src": "Hermitage Museum",
    "kind": "museum",
    "form": "painting"
   }
  },
  {
   "type": "Feature",
   "geometry": {
    "type": "Point",
    "coordinates": [
     -4.29056,
     55.86861
    ]
   },
   "properties": {
    "painter": "Titian",
    "title": "Christ and the Adulteress",
    "year": "c. 1508–1510",
    "city": "Glasgow",
    "country": "United Kingdom",
    "location": "Kelvingrove Art Gallery and Museum",
    "attribution": "generally accepted",
    "dimensions": "139.3 × 181.7 cm",
    "image": "https://upload.wikimedia.org/wikipedia/commons/thumb/1/10/Tiziano%2C_cristo_e_l%27adultera%2C_glasgow.jpg/500px-Tiziano%2C_cristo_e_l%27adultera%2C_glasgow.jpg?utm_source=en.wikipedia.org&amp;utm_campaign=parser&amp;utm_content=thumbnail",
    "notable": true,
    "wikipedia_en": "https://en.wikipedia.org/wiki/Christ_and_the_Adulteress_(Titian,_Glasgow)",
    "creation_place": "Venice",
    "creation_lat": 45.4408,
    "creation_lon": 12.3155,
    "_source": {
     "source": "Wikipedia: List of works by Titian",
     "coord": "MediaWiki coordinates API"
    },
    "museum_id": "kelvingrove-art-gallery-and-museum",
    "qid": "Q3697619",
    "wikidata": "https://www.wikidata.org/wiki/Q3697619",
    "location_src": "Kelvingrove Art Gallery and Museum",
    "kind": "museum",
    "form": "painting"
   }
  },
  {
   "type": "Feature",
   "geometry": {
    "type": "Point",
    "coordinates": [
     -0.1283,
     51.5089
    ]
   },
   "properties": {
    "painter": "Titian",
    "title": "Portrait of a Man ( A Man with a Quilted Sleeve )",
    "year": "c. 1508–1510",
    "city": "London",
    "country": "United Kingdom",
    "location": "National Gallery",
    "attribution": "generally accepted",
    "dimensions": "81.2 × 66.3 cm",
    "image": "https://upload.wikimedia.org/wikipedia/commons/thumb/c/c5/Titian_-_Portrait_of_a_man_with_a_quilted_sleeve.jpg/500px-Titian_-_Portrait_of_a_man_with_a_quilted_sleeve.jpg?utm_source=en.wikipedia.org&amp;utm_campaign=parser&amp;utm_content=thumbnail",
    "notable": true,
    "wikipedia_en": "https://en.wikipedia.org/wiki/A_Man_with_a_Quilted_Sleeve",
    "creation_place": "Venice",
    "creation_lat": 45.4408,
    "creation_lon": 12.3155,
    "_source": {
     "source": "Wikipedia: List of works by Titian",
     "coord": "MediaWiki coordinates API"
    },
    "museum_id": "national-gallery",
    "qid": "Q1238886",
    "wikidata": "https://www.wikidata.org/wiki/Q1238886",
    "wga_url": "https://www.wga.hu/html/t/tiziano/10/21/01bluesl.html",
    "location_src": "National Gallery",
    "kind": "museum",
    "form": "painting"
   }
  },
  {
   "type": "Feature",
   "geometry": {
    "type": "Point",
    "coordinates": [
     -0.1283,
     51.5089
    ]
   },
   "properties": {
    "painter": "Titian",
    "title": "Portrait of a Lady (La Schiavona)",
    "year": "c. 1509–1510",
    "city": "London",
    "country": "United Kingdom",
    "location": "National Gallery",
    "attribution": "generally accepted",
    "dimensions": "117 × 97 cm",
    "image": "https://upload.wikimedia.org/wikipedia/commons/thumb/0/07/Titian_-_Portrait_of_a_Lady_%28%27La_Schiavona%27%29_-_Google_Art_Project.jpg/500px-Titian_-_Portrait_of_a_Lady_%28%27La_Schiavona%27%29_-_Google_Art_Project.jpg?utm_source=en.wikipedia.org&amp;utm_campaign=parser&amp;utm_content=thumbnail",
    "notable": true,
    "wikipedia_en": "https://en.wikipedia.org/wiki/La_Schiavona",
    "creation_place": "Venice",
    "creation_lat": 45.4408,
    "creation_lon": 12.3155,
    "_source": {
     "source": "Wikipedia: List of works by Titian",
     "coord": "MediaWiki coordinates API"
    },
    "museum_id": "national-gallery",
    "qid": "Q1633898",
    "wikidata": "https://www.wikidata.org/wiki/Q1633898",
    "wga_url": "https://www.wga.hu/html/t/tiziano/10/1/01schiav.html",
    "location_src": "National Gallery",
    "kind": "museum",
    "form": "painting"
   }
  },
  {
   "type": "Feature",
   "geometry": {
    "type": "Point",
    "coordinates": [
     2.3358,
     48.8611
    ]
   },
   "properties": {
    "painter": "Titian",
    "title": "Pastoral Concert",
    "year": "c. 1510",
    "city": "Paris",
    "country": "France",
    "location": "Louvre",
    "attribution": "generally accepted",
    "dimensions": "118 × 138 cm",
    "image": "https://upload.wikimedia.org/wikipedia/commons/thumb/3/38/Le_Concert_champ%C3%AAtre%2C_by_Titian%2C_from_C2RMF_retouched.jpg/500px-Le_Concert_champ%C3%AAtre%2C_by_Titian%2C_from_C2RMF_retouched.jpg?utm_source=en.wikipedia.org&amp;utm_campaign=parser&amp;utm_content=thumbnail",
    "notable": true,
    "wikipedia_en": "https://en.wikipedia.org/wiki/Pastoral_Concert",
    "creation_place": "Venice",
    "creation_lat": 45.4408,
    "creation_lon": 12.3155,
    "_source": {
     "source": "Wikipedia: List of works by Titian",
     "coord": "MediaWiki coordinates API"
    },
    "museum_id": "louvre",
    "qid": "Q3686086",
    "wikidata": "https://www.wikidata.org/wiki/Q3686086",
    "wga_url": "https://www.wga.hu/html/g/giorgion/various/concert.html",
    "location_src": "Louvre",
    "kind": "museum",
    "form": "painting"
   }
  },
  {
   "type": "Feature",
   "geometry": {
    "type": "Point",
    "coordinates": [
     -73.9672,
     40.7711
    ]
   },
   "properties": {
    "painter": "Titian",
    "title": "Portrait of a Man in a Red Cap",
    "year": "c. 1510",
    "city": "New York",
    "country": "United States",
    "location": "Frick Collection",
    "attribution": "generally accepted",
    "dimensions": "82 × 71 cm",
    "image": "https://upload.wikimedia.org/wikipedia/commons/thumb/6/6b/Portrait_of_a_Man_in_a_Red_Cap_-_Titian_c._1510.jpg/500px-Portrait_of_a_Man_in_a_Red_Cap_-_Titian_c._1510.jpg?utm_source=en.wikipedia.org&amp;utm_campaign=parser&amp;utm_content=thumbnail",
    "notable": true,
    "wikipedia_en": "https://en.wikipedia.org/wiki/Portrait_of_a_Man_in_a_Red_Cap",
    "creation_place": "Venice",
    "creation_lat": 45.4408,
    "creation_lon": 12.3155,
    "_source": {
     "source": "Wikipedia: List of works by Titian",
     "coord": "MediaWiki coordinates API"
    },
    "museum_id": "frick-collection",
    "qid": "Q3937725",
    "wikidata": "https://www.wikidata.org/wiki/Q3937725",
    "wga_url": "https://www.wga.hu/html/t/tiziano/10/21/04redcap.html",
    "location_src": "Frick Collection",
    "kind": "museum",
    "form": "painting"
   }
  },
  {
   "type": "Feature",
   "geometry": {
    "type": "Point",
    "coordinates": [
     12.33444,
     45.43083
    ]
   },
   "properties": {
    "painter": "Titian",
    "title": "St. Mark Enthroned",
    "year": "1510",
    "city": "Venice",
    "country": "Italy",
    "location": "Santa Maria della Salute",
    "attribution": "generally accepted",
    "dimensions": "218 × 149 cm",
    "image": "https://upload.wikimedia.org/wikipedia/commons/thumb/3/3d/Titian_-_St_Mark_Enthroned_with_Saints_-_WGA22765.jpg/500px-Titian_-_St_Mark_Enthroned_with_Saints_-_WGA22765.jpg?utm_source=en.wikipedia.org&amp;utm_campaign=parser&amp;utm_content=thumbnail",
    "notable": true,
    "wikipedia_en": "https://en.wikipedia.org/wiki/St._Mark_Enthroned",
    "creation_place": "Venice",
    "creation_lat": 45.4408,
    "creation_lon": 12.3155,
    "_source": {
     "source": "Wikipedia: List of works by Titian",
     "coord": "MediaWiki coordinates API"
    },
    "museum_id": "santa-maria-della-salute",
    "qid": "Q3947595",
    "wikidata": "https://www.wikidata.org/wiki/Q3947595",
    "wga_url": "https://www.wga.hu/html/t/tiziano/01b/1mark.html",
    "location_src": "Santa Maria della Salute",
    "kind": "church",
    "form": "painting"
   }
  },
  {
   "type": "Feature",
   "geometry": {
    "type": "Point",
    "coordinates": [
     11.88014,
     45.40099
    ]
   },
   "properties": {
    "painter": "Titian",
    "title": "The Jealous Husband",
    "year": "1511",
    "city": "Padua",
    "country": "Italy",
    "location": "Scuola del Santo",
    "attribution": "generally accepted",
    "dimensions": "340 × 207 cm",
    "image": "https://upload.wikimedia.org/wikipedia/commons/thumb/f/f2/Tizian_023.jpg/500px-Tizian_023.jpg?utm_source=en.wikipedia.org&amp;utm_campaign=parser&amp;utm_content=thumbnail",
    "notable": true,
    "wikipedia_en": "https://en.wikipedia.org/wiki/Miracle_of_the_Jealous_Husband",
    "creation_place": "Venice",
    "creation_lat": 45.4408,
    "creation_lon": 12.3155,
    "_source": {
     "source": "Wikipedia: List of works by Titian",
     "coord": "MediaWiki coordinates API"
    },
    "museum_id": "scuola-del-santo",
    "qid": "Q653930",
    "wikidata": "https://www.wikidata.org/wiki/Q653930",
    "wga_url": "https://www.wga.hu/html/t/tiziano/01_1510s/11padua3.html",
    "location_src": "Scuola del Santo",
    "kind": "museum",
    "form": "painting"
   }
  },
  {
   "type": "Feature",
   "geometry": {
    "type": "Point",
    "coordinates": [
     11.88014,
     45.40099
    ]
   },
   "properties": {
    "painter": "Titian",
    "title": "Miracle of the Irascible Son",
    "year": "1511",
    "city": "Padua",
    "country": "Italy",
    "location": "Scuola del Santo",
    "attribution": "generally accepted",
    "dimensions": "340 × 207 cm",
    "image": "https://upload.wikimedia.org/wikipedia/commons/thumb/3/30/Tizian_024.jpg/500px-Tizian_024.jpg?utm_source=en.wikipedia.org&amp;utm_campaign=parser&amp;utm_content=thumbnail",
    "notable": true,
    "creation_place": "Venice",
    "creation_lat": 45.4408,
    "creation_lon": 12.3155,
    "_source": {
     "source": "Wikipedia: List of works by Titian",
     "coord": "MediaWiki coordinates API"
    },
    "museum_id": "scuola-del-santo",
    "location_src": "Scuola del Santo",
    "kind": "museum",
    "form": "painting"
   }
  },
  {
   "type": "Feature",
   "geometry": {
    "type": "Point",
    "coordinates": [
     11.88014,
     45.40099
    ]
   },
   "properties": {
    "painter": "Titian",
    "title": "Miracle of the Newborn Infant",
    "year": "1511",
    "city": "Padua",
    "country": "Italy",
    "location": "Scuola del Santo",
    "attribution": "generally accepted",
    "dimensions": "340 × 355 cm",
    "image": "https://upload.wikimedia.org/wikipedia/commons/thumb/f/f3/Tizian_025.jpg/500px-Tizian_025.jpg?utm_source=en.wikipedia.org&amp;utm_campaign=parser&amp;utm_content=thumbnail",
    "notable": true,
    "creation_place": "Venice",
    "creation_lat": 45.4408,
    "creation_lon": 12.3155,
    "_source": {
     "source": "Wikipedia: List of works by Titian",
     "coord": "MediaWiki coordinates API"
    },
    "museum_id": "scuola-del-santo",
    "location_src": "Scuola del Santo",
    "kind": "museum",
    "form": "painting"
   }
  },
  {
   "type": "Feature",
   "geometry": {
    "type": "Point",
    "coordinates": [
     -0.1283,
     51.5089
    ]
   },
   "properties": {
    "painter": "Titian",
    "title": "Noli me tangere",
    "year": "c. 1511–1515",
    "city": "London",
    "country": "United Kingdom",
    "location": "National Gallery",
    "attribution": "generally accepted",
    "dimensions": "109 × 91 cm",
    "image": "https://upload.wikimedia.org/wikipedia/commons/thumb/5/53/Titian_-_Noli_me_Tangere_-_Google_Art_Project.jpg/500px-Titian_-_Noli_me_Tangere_-_Google_Art_Project.jpg?utm_source=en.wikipedia.org&amp;utm_campaign=parser&amp;utm_content=thumbnail",
    "notable": true,
    "wikipedia_en": "https://en.wikipedia.org/wiki/Noli_me_tangere_(Titian)",
    "creation_place": "Venice",
    "creation_lat": 45.4408,
    "creation_lon": 12.3155,
    "_source": {
     "source": "Wikipedia: List of works by Titian",
     "coord": "MediaWiki coordinates API"
    },
    "museum_id": "national-gallery",
    "qid": "Q3877895",
    "wikidata": "https://www.wikidata.org/wiki/Q3877895",
    "wga_url": "https://www.wga.hu/html/t/tiziano/01_1510s/08nolim.html",
    "location_src": "National Gallery",
    "kind": "museum",
    "form": "painting"
   }
  },
  {
   "type": "Feature",
   "geometry": {
    "type": "Point",
    "coordinates": [
     2.3358,
     48.8611
    ]
   },
   "properties": {
    "painter": "Titian",
    "title": "Woman with a Mirror",
    "year": "c. 1511–1515",
    "city": "Paris",
    "country": "France",
    "location": "Louvre",
    "attribution": "generally accepted",
    "dimensions": "96 × 76 cm",
    "image": "https://upload.wikimedia.org/wikipedia/commons/thumb/f/f8/Portrait_d%27une_Femme_%C3%A0_sa_Toilette%2C_by_Titian%2C_from_C2RMF_retouched.jpg/500px-Portrait_d%27une_Femme_%C3%A0_sa_Toilette%2C_by_Titian%2C_from_C2RMF_retouched.jpg?utm_source=en.wikipedia.org&amp;utm_campaign=parser&amp;utm_content=thumbnail",
    "notable": true,
    "wikipedia_en": "https://en.wikipedia.org/wiki/Woman_with_a_Mirror",
    "creation_place": "Venice",
    "creation_lat": 45.4408,
    "creation_lon": 12.3155,
    "_source": {
     "source": "Wikipedia: List of works by Titian",
     "coord": "MediaWiki coordinates API"
    },
    "museum_id": "louvre",
    "qid": "Q23922",
    "wikidata": "https://www.wikidata.org/wiki/Q23922",
    "wga_url": "https://www.wga.hu/html/t/tiziano/10/1/02mirror.html",
    "location_src": "Louvre",
    "kind": "museum",
    "form": "painting"
   }
  },
  {
   "type": "Feature",
   "geometry": {
    "type": "Point",
    "coordinates": [
     -1.7972,
     51.5637
    ]
   },
   "properties": {
    "painter": "Titian",
    "title": "An Unknown Man",
    "year": "c. 1512",
    "city": "Kingston Lacy",
    "location": "National Trust",
    "attribution": "generally accepted",
    "dimensions": "73.7 x 62.2 cm",
    "image": "https://upload.wikimedia.org/wikipedia/commons/thumb/a/ab/Titian_%28c.1488-1576%29_-_Portrait_of_an_Unknown_Man_%28once_called_%27Pietro_Aretino%27%29_-_851770_-_National_Trust.jpg/500px-Titian_%28c.1488-1576%29_-_Portrait_of_an_Unknown_Man_%28once_called_%27Pietro_Aretino%27%29_-_851770_-_National_Trust.jpg?utm_source=en.wikipedia.org&amp;utm_campaign=parser&amp;utm_content=thumbnail",
    "notable": true,
    "creation_place": "Venice",
    "creation_lat": 45.4408,
    "creation_lon": 12.3155,
    "_source": {
     "source": "Wikipedia: List of works by Titian",
     "coord": "MediaWiki coordinates API"
    },
    "museum_id": "national-trust",
    "country": "United Kingdom",
    "location_src": "National Trust",
    "kind": "museum",
    "form": "painting"
   }
  },
  {
   "type": "Feature",
   "geometry": {
    "type": "Point",
    "coordinates": [
     -3.19569,
     55.9509
    ]
   },
   "properties": {
    "painter": "Titian",
    "title": "The Three Ages of Man",
    "year": "c. 1512",
    "city": "City of Edinburgh",
    "country": "United Kingdom",
    "location": "Scottish National Gallery",
    "attribution": "generally accepted",
    "dimensions": "106 × 182 cm",
    "image": "https://upload.wikimedia.org/wikipedia/commons/thumb/6/61/Tizian_002.jpg/500px-Tizian_002.jpg?utm_source=en.wikipedia.org&amp;utm_campaign=parser&amp;utm_content=thumbnail",
    "notable": true,
    "wikipedia_en": "https://en.wikipedia.org/wiki/The_Three_Ages_of_Man_(Titian)",
    "creation_place": "Venice",
    "creation_lat": 45.4408,
    "creation_lon": 12.3155,
    "_source": {
     "source": "Wikipedia: List of works by Titian",
     "coord": "MediaWiki coordinates API"
    },
    "museum_id": "scottish-national-gallery",
    "qid": "Q3998115",
    "wikidata": "https://www.wikidata.org/wiki/Q3998115",
    "wga_url": "https://www.wga.hu/html/t/tiziano/08/04three.html",
    "location_src": "National Gallery of Scotland",
    "kind": "museum",
    "form": "painting"
   }
  },
  {
   "type": "Feature",
   "geometry": {
    "type": "Point",
    "coordinates": [
     16.3616,
     48.20388
    ]
   },
   "properties": {
    "painter": "Titian",
    "title": "Madonna and Child (\" The Gypsy Madonna \")",
    "year": "c. 1512",
    "city": "Vienna",
    "country": "Austria",
    "location": "Kunsthistorisches Museum",
    "attribution": "generally accepted",
    "dimensions": "65.8 × 83.8 cm",
    "image": "https://upload.wikimedia.org/wikipedia/commons/thumb/5/5e/Tiziano_Vecellio%2C_called_Titian_-_Gipsy_Madonna_-_Google_Art_Project.jpg/500px-Tiziano_Vecellio%2C_called_Titian_-_Gipsy_Madonna_-_Google_Art_Project.jpg?utm_source=en.wikipedia.org&amp;utm_campaign=parser&amp;utm_content=thumbnail",
    "notable": true,
    "wikipedia_en": "https://en.wikipedia.org/wiki/The_Gypsy_Madonna",
    "creation_place": "Venice",
    "creation_lat": 45.4408,
    "creation_lon": 12.3155,
    "_source": {
     "source": "Wikipedia: List of works by Titian",
     "coord": "MediaWiki coordinates API"
    },
    "museum_id": "kunsthistorisches-museum",
    "qid": "Q3842778",
    "wikidata": "https://www.wikidata.org/wiki/Q3842778",
    "wga_url": "https://www.wga.hu/html/t/tiziano/01_1510s/06gipsy.html",
    "location_src": "Kunsthistorisches Museum",
    "kind": "museum",
    "form": "painting"
   }
  },
  {
   "type": "Feature",
   "geometry": {
    "type": "Point",
    "coordinates": [
     12.48278,
     41.89306
    ]
   },
   "properties": {
    "painter": "Titian",
    "title": "Baptism of Christ",
    "year": "c. 1512",
    "city": "Rome",
    "country": "Italy",
    "location": "Capitoline Museums",
    "attribution": "generally accepted",
    "dimensions": "115 × 89 cm",
    "image": "https://upload.wikimedia.org/wikipedia/commons/thumb/3/35/Tizian_095.jpg/500px-Tizian_095.jpg?utm_source=en.wikipedia.org&amp;utm_campaign=parser&amp;utm_content=thumbnail",
    "notable": true,
    "wikipedia_en": "https://en.wikipedia.org/wiki/Baptism_of_Christ_(Titian)",
    "creation_place": "Venice",
    "creation_lat": 45.4408,
    "creation_lon": 12.3155,
    "_source": {
     "source": "Wikipedia: List of works by Titian",
     "coord": "MediaWiki coordinates API"
    },
    "museum_id": "capitoline-museums",
    "qid": "Q3636748",
    "wikidata": "https://www.wikidata.org/wiki/Q3636748",
    "location_src": "Capitoline Museums",
    "kind": "museum",
    "form": "painting"
   }
  },
  {
   "type": "Feature",
   "geometry": {
    "type": "Point",
    "coordinates": [
     10.38333,
     44.63333
    ]
   },
   "properties": {
    "painter": "Titian",
    "title": "Balbi Holy Conversation ( Madonna and Child with Sts. Catherine and Dominic and a Donor )",
    "year": "c. 1512-1514",
    "city": "Traversetolo",
    "location": "Magnani-Rocca Foundation",
    "attribution": "generally accepted",
    "dimensions": "130 × 185 cm",
    "image": "https://upload.wikimedia.org/wikipedia/commons/thumb/0/04/Titian_Madonna_and_Child_with_Sts_Catherine_and_Dominic_and_a_Donor.jpg/500px-Titian_Madonna_and_Child_with_Sts_Catherine_and_Dominic_and_a_Donor.jpg?utm_source=en.wikipedia.org&amp;utm_campaign=parser&amp;utm_content=thumbnail",
    "notable": true,
    "wikipedia_en": "https://en.wikipedia.org/wiki/Balbi_Holy_Conversation",
    "creation_place": "Venice",
    "creation_lat": 45.4408,
    "creation_lon": 12.3155,
    "_source": {
     "source": "Wikipedia: List of works by Titian",
     "coord": "MediaWiki coordinates API"
    },
    "museum_id": "magnani-rocca-foundation",
    "qid": "Q3944515",
    "wikidata": "https://www.wikidata.org/wiki/Q3944515",
    "wga_url": "https://www.wga.hu/html/t/tiziano/01_1510s/10mamian.html",
    "location_src": "Magnani-Rocca Foundation",
    "kind": "museum",
    "form": "painting"
   }
  },
  {
   "type": "Feature",
   "geometry": {
    "type": "Point",
    "coordinates": [
     12.32814,
     45.43108
    ]
   },
   "properties": {
    "painter": "Titian",
    "title": "The Archangel Raphael and Tobias",
    "year": "c. 1512-1514",
    "city": "Venice",
    "country": "Italy",
    "location": "Gallerie dell'Accademia",
    "attribution": "generally accepted",
    "dimensions": "170 × 146 cm",
    "image": "https://upload.wikimedia.org/wikipedia/commons/thumb/0/00/Accademia_-_Archangel_Raphael_and_Tobit_by_Titian.jpg/500px-Accademia_-_Archangel_Raphael_and_Tobit_by_Titian.jpg?utm_source=en.wikipedia.org&amp;utm_campaign=parser&amp;utm_content=thumbnail",
    "notable": true,
    "wikipedia_en": "https://en.wikipedia.org/wiki/The_Archangel_Raphael_and_Tobias_(Titian)",
    "creation_place": "Venice",
    "creation_lat": 45.4408,
    "creation_lon": 12.3155,
    "_source": {
     "source": "Wikipedia: List of works by Titian",
     "coord": "MediaWiki coordinates API"
    },
    "museum_id": "gallerie-dell-accademia",
    "qid": "Q5703292",
    "wikidata": "https://www.wikidata.org/wiki/Q5703292",
    "location_src": "Gallerie dell'Accademia",
    "kind": "museum",
    "form": "painting"
   }
  },
  {
   "type": "Feature",
   "geometry": {
    "type": "Point",
    "coordinates": [
     -0.142,
     51.501
    ]
   },
   "properties": {
    "painter": "Titian",
    "title": "Portrait of Jacopo Sannazaro",
    "year": "c. 1514–1518",
    "city": "England",
    "location": "Buckingham Palace",
    "attribution": "generally accepted",
    "dimensions": "85.7 × 72.7 cm",
    "image": "https://upload.wikimedia.org/wikipedia/commons/thumb/9/93/TITIAN%3B_Portrait_of_Jacopo_Sannazaro_%281514-18%29.JPG/500px-TITIAN%3B_Portrait_of_Jacopo_Sannazaro_%281514-18%29.JPG?utm_source=en.wikipedia.org&amp;utm_campaign=parser&amp;utm_content=thumbnail",
    "notable": true,
    "wikipedia_en": "https://en.wikipedia.org/wiki/Portrait_of_Jacopo_Sannazaro",
    "creation_place": "Venice",
    "creation_lat": 45.4408,
    "creation_lon": 12.3155,
    "_source": {
     "source": "Wikipedia: List of works by Titian",
     "coord": "MediaWiki coordinates API"
    },
    "museum_id": "buckingham-palace",
    "qid": "Q3937746",
    "wikidata": "https://www.wikidata.org/wiki/Q3937746",
    "country": "United Kingdom",
    "location_src": "Royal Collection",
    "venue_of": "Royal Collection",
    "kind": "museum",
    "form": "painting"
   }
  },
  {
   "type": "Feature",
   "geometry": {
    "type": "Point",
    "coordinates": [
     11.25528,
     43.76833
    ]
   },
   "properties": {
    "painter": "Titian",
    "title": "Flora",
    "year": "c. 1515",
    "city": "Florence",
    "country": "Italy",
    "location": "Uffizi Gallery",
    "attribution": "generally accepted",
    "dimensions": "79 × 63 cm",
    "image": "https://upload.wikimedia.org/wikipedia/commons/thumb/d/d5/Tiziano_-_Flora_-_Google_Art_Project.jpg/500px-Tiziano_-_Flora_-_Google_Art_Project.jpg?utm_source=en.wikipedia.org&amp;utm_campaign=parser&amp;utm_content=thumbnail",
    "notable": true,
    "wikipedia_en": "https://en.wikipedia.org/wiki/Flora_(Titian)",
    "creation_place": "Venice",
    "creation_lat": 45.4408,
    "creation_lon": 12.3155,
    "_source": {
     "source": "Wikipedia: List of works by Titian",
     "coord": "MediaWiki coordinates API"
    },
    "museum_id": "uffizi-gallery",
    "qid": "Q2046100",
    "wikidata": "https://www.wikidata.org/wiki/Q2046100",
    "wga_url": "https://www.wga.hu/html/t/tiziano/10/1/07flora.html",
    "location_src": "Uffizi Gallery",
    "kind": "museum",
    "form": "painting"
   }
  },
  {
   "type": "Feature",
   "geometry": {
    "type": "Point",
    "coordinates": [
     16.3616,
     48.20388
    ]
   },
   "properties": {
    "painter": "Titian",
    "title": "Portrait of the Physician Gian Giacomo Bartolotti da Parma",
    "year": "c. 1515",
    "city": "Vienna",
    "country": "Austria",
    "location": "Kunsthistorisches Museum",
    "attribution": "generally accepted",
    "dimensions": "88 × 75 cm",
    "image": "https://upload.wikimedia.org/wikipedia/commons/thumb/e/e5/Tiziano_Vecellio%2C_gen._Tizian%2C_Kunsthistorisches_Museum_Wien_-_Der_Arzt_Gian_Giacomo_Bartolotti_da_Parma_-_GG_94_-_Kunsthistorisches_Museum.jpg/500px-Tiziano_Vecellio%2C_gen._Tizian%2C_Kunsthistorisches_Museum_Wien_-_Der_Arzt_Gian_Giacomo_Bartolotti_da_Parma_-_GG_94_-_Kunsthistorisches_Museum.jpg?utm_source=en.wikipedia.org&amp;utm_campaign=parser&amp;utm_content=thumbnail",
    "notable": true,
    "wikipedia_en": "https://en.wikipedia.org/wiki/Portrait_of_the_Physician_Gian_Giacomo_Bartolotti_da_Parma",
    "creation_place": "Venice",
    "creation_lat": 45.4408,
    "creation_lon": 12.3155,
    "_source": {
     "source": "Wikipedia: List of works by Titian",
     "coord": "MediaWiki coordinates API"
    },
    "museum_id": "kunsthistorisches-museum",
    "qid": "Q3937405",
    "wikidata": "https://www.wikidata.org/wiki/Q3937405",
    "wga_url": "https://www.wga.hu/html/t/tiziano/10/21/03parma.html",
    "location_src": "Kunsthistorisches Museum",
    "kind": "museum",
    "form": "painting"
   }
  },
  {
   "type": "Feature",
   "geometry": {
    "type": "Point",
    "coordinates": [
     -73.9631,
     40.7794
    ]
   },
   "properties": {
    "painter": "Titian",
    "title": "Portrait of a Man",
    "year": "c. 1515",
    "city": "New York",
    "country": "United States",
    "location": "Metropolitan Museum of Art",
    "attribution": "generally accepted",
    "dimensions": "50 × 45 cm",
    "image": "https://upload.wikimedia.org/wikipedia/commons/thumb/5/5c/Portrait_of_a_Man_MET_DT2774.jpg/500px-Portrait_of_a_Man_MET_DT2774.jpg?utm_source=en.wikipedia.org&amp;utm_campaign=parser&amp;utm_content=thumbnail",
    "notable": true,
    "wikipedia_en": "https://en.wikipedia.org/wiki/Portrait_of_a_Man_(Titian,_New_York)",
    "creation_place": "Venice",
    "creation_lat": 45.4408,
    "creation_lon": 12.3155,
    "_source": {
     "source": "Wikipedia: List of works by Titian",
     "coord": "MediaWiki coordinates API"
    },
    "museum_id": "metropolitan-museum-of-art",
    "qid": "Q3937410",
    "wikidata": "https://www.wikidata.org/wiki/Q3937410",
    "location_src": "Metropolitan Museum of Art",
    "kind": "museum",
    "form": "painting"
   }
  },
  {
   "type": "Feature",
   "geometry": {
    "type": "Point",
    "coordinates": [
     12.48114,
     41.89767
    ]
   },
   "properties": {
    "painter": "Titian",
    "title": "Salome",
    "year": "c. 1515",
    "city": "Rome",
    "country": "Italy",
    "location": "Doria Pamphilj Gallery",
    "attribution": "generally accepted",
    "dimensions": "90 × 72 cm",
    "image": "https://upload.wikimedia.org/wikipedia/commons/thumb/c/ca/Tiziano_salome.jpg/500px-Tiziano_salome.jpg?utm_source=en.wikipedia.org&amp;utm_campaign=parser&amp;utm_content=thumbnail",
    "notable": true,
    "wikipedia_en": "https://en.wikipedia.org/wiki/Salome_(Titian,_Rome)",
    "creation_place": "Venice",
    "creation_lat": 45.4408,
    "creation_lon": 12.3155,
    "_source": {
     "source": "Wikipedia: List of works by Titian",
     "coord": "MediaWiki coordinates API"
    },
    "museum_id": "doria-pamphilj-gallery",
    "qid": "Q3495790",
    "wikidata": "https://www.wikidata.org/wiki/Q3495790",
    "wga_url": "https://www.wga.hu/html/t/tiziano/10/1/04udith.html",
    "location_src": "Doria Pamphilj Gallery",
    "kind": "museum",
    "form": "painting"
   }
  },
  {
   "type": "Feature",
   "geometry": {
    "type": "Point",
    "coordinates": [
     16.3616,
     48.20388
    ]
   },
   "properties": {
    "painter": "Titian",
    "title": "Kirschenmadonna ( Madonna of the Cherries )",
    "year": "c. 1515",
    "city": "Vienna",
    "country": "Austria",
    "location": "Kunsthistorisches Museum",
    "attribution": "generally accepted",
    "dimensions": "81 × 99.5 cm",
    "image": "https://upload.wikimedia.org/wikipedia/commons/thumb/8/88/Tizian_033.jpg/500px-Tizian_033.jpg?utm_source=en.wikipedia.org&amp;utm_campaign=parser&amp;utm_content=thumbnail",
    "notable": true,
    "wikipedia_en": "https://en.wikipedia.org/wiki/Madonna_of_the_Cherries",
    "creation_place": "Venice",
    "creation_lat": 45.4408,
    "creation_lon": 12.3155,
    "_source": {
     "source": "Wikipedia: List of works by Titian",
     "coord": "MediaWiki coordinates API"
    },
    "museum_id": "kunsthistorisches-museum",
    "qid": "Q3842692",
    "wikidata": "https://www.wikidata.org/wiki/Q3842692",
    "wga_url": "https://www.wga.hu/html/t/tiziano/01_1510s/12cherry.html",
    "location_src": "Kunsthistorisches Museum",
    "kind": "museum",
    "form": "painting"
   }
  },
  {
   "type": "Feature",
   "geometry": {
    "type": "Point",
    "coordinates": [
     11.57,
     48.14833
    ]
   },
   "properties": {
    "painter": "Titian",
    "title": "Vanity",
    "year": "c. 1515",
    "city": "Munich",
    "country": "Germany",
    "location": "Alte Pinakothek",
    "attribution": "generally accepted",
    "dimensions": "97 × 81 cm",
    "image": "https://upload.wikimedia.org/wikipedia/commons/thumb/5/50/Tiziano_-_Vanit%C3%A0_%28Alte_Pinakothek_M%C3%BCnchen%29.jpg/500px-Tiziano_-_Vanit%C3%A0_%28Alte_Pinakothek_M%C3%BCnchen%29.jpg?utm_source=en.wikipedia.org&amp;utm_campaign=parser&amp;utm_content=thumbnail",
    "notable": true,
    "wikipedia_en": "https://en.wikipedia.org/wiki/Vanity_(Titian)",
    "creation_place": "Venice",
    "creation_lat": 45.4408,
    "creation_lon": 12.3155,
    "_source": {
     "source": "Wikipedia: List of works by Titian",
     "coord": "MediaWiki coordinates API"
    },
    "museum_id": "alte-pinakothek",
    "qid": "Q4008601",
    "wikidata": "https://www.wikidata.org/wiki/Q4008601",
    "wga_url": "https://www.wga.hu/html/t/tiziano/10/1/06vanity.html",
    "location_src": "Alte Pinakothek",
    "venue_of": "Bavarian State Painting Collections",
    "kind": "museum",
    "form": "painting"
   }
  },
  {
   "type": "Feature",
   "geometry": {
    "type": "Point",
    "coordinates": [
     16.3616,
     48.20388
    ]
   },
   "properties": {
    "painter": "Titian",
    "title": "Violante",
    "year": "c. 1515–1516",
    "city": "Vienna",
    "country": "Austria",
    "location": "Kunsthistorisches Museum",
    "attribution": "generally accepted",
    "dimensions": "64.5 × 51 cm",
    "image": "https://upload.wikimedia.org/wikipedia/commons/thumb/2/2e/Tiziano_Vecellio%2C_gen._Tizian%2C_Kunsthistorisches_Museum_Wien_-_Violante_-_GG_65_-_Kunsthistorisches_Museum.jpg/500px-Tiziano_Vecellio%2C_gen._Tizian%2C_Kunsthistorisches_Museum_Wien_-_Violante_-_GG_65_-_Kunsthistorisches_Museum.jpg?utm_source=en.wikipedia.org&amp;utm_campaign=parser&amp;utm_content=thumbnail",
    "notable": true,
    "wikipedia_en": "https://en.wikipedia.org/wiki/Violante_(Titian)",
    "creation_place": "Venice",
    "creation_lat": 45.4408,
    "creation_lon": 12.3155,
    "_source": {
     "source": "Wikipedia: List of works by Titian",
     "coord": "MediaWiki coordinates API"
    },
    "museum_id": "kunsthistorisches-museum",
    "qid": "Q4013804",
    "wikidata": "https://www.wikidata.org/wiki/Q4013804",
    "wga_url": "https://www.wga.hu/html/t/tiziano/10/1/03violan.html",
    "location_src": "Kunsthistorisches Museum",
    "kind": "museum",
    "form": "painting"
   }
  },
  {
   "type": "Feature",
   "geometry": {
    "type": "Point",
    "coordinates": [
     16.3616,
     48.20388
    ]
   },
   "properties": {
    "painter": "Titian",
    "title": "Lucretia and her Husband (or Tarquin and Lucretia , and possibly by Palma Vecchio )",
    "year": "c. 1515–1520",
    "city": "Vienna",
    "country": "Austria",
    "location": "Kunsthistorisches Museum",
    "attribution": "generally accepted",
    "dimensions": "82 × 68 cm",
    "image": "https://upload.wikimedia.org/wikipedia/commons/thumb/8/89/Tiziano_Vecellio%2C_gen._Tizian%2C_Kunsthistorisches_Museum_Wien_-_Lukrezia_und_ihr_Gemahl_Lucius_Tarquinius_Collatinus_-_GG_67_-_Kunsthistorisches_Museum.jpg/500px-Tiziano_Vecellio%2C_gen._Tizian%2C_Kunsthistorisches_Museum_Wien_-_Lukrezia_und_ihr_Gemahl_Lucius_Tarquinius_Collatinus_-_GG_67_-_Kunsthistorisches_Museum.jpg?utm_source=en.wikipedia.org&amp;utm_campaign=parser&amp;utm_content=thumbnail",
    "notable": true,
    "wikipedia_en": "https://en.wikipedia.org/wiki/Lucretia_and_her_Husband",
    "creation_place": "Venice",
    "creation_lat": 45.4408,
    "creation_lon": 12.3155,
    "_source": {
     "source": "Wikipedia: List of works by Titian",
     "coord": "MediaWiki coordinates API"
    },
    "museum_id": "kunsthistorisches-museum",
    "qid": "Q3853758",
    "wikidata": "https://www.wikidata.org/wiki/Q3853758",
    "location_src": "Kunsthistorisches Museum",
    "kind": "museum",
    "form": "painting"
   }
  },
  {
   "type": "Feature",
   "geometry": {
    "type": "Point",
    "coordinates": [
     -1.7972,
     51.5637
    ]
   },
   "properties": {
    "painter": "Titian",
    "title": "An Unknown Man in a Black Plumed Hat",
    "year": "c. 1515–1520",
    "city": "Kingston Lacy",
    "location": "National Trust",
    "attribution": "generally accepted",
    "dimensions": "70.5 × 63 cm",
    "image": "https://upload.wikimedia.org/wikipedia/commons/thumb/c/c5/Tiziano%2C_ritratto_di_giovane_di_petworth_house.jpg/500px-Tiziano%2C_ritratto_di_giovane_di_petworth_house.jpg?utm_source=en.wikipedia.org&amp;utm_campaign=parser&amp;utm_content=thumbnail",
    "notable": true,
    "creation_place": "Venice",
    "creation_lat": 45.4408,
    "creation_lon": 12.3155,
    "_source": {
     "source": "Wikipedia: List of works by Titian",
     "coord": "MediaWiki coordinates API"
    },
    "museum_id": "national-trust",
    "country": "United Kingdom",
    "location_src": "National Trust",
    "kind": "museum",
    "form": "painting",
    "qid": "Q52253159",
    "wikidata": "https://www.wikidata.org/wiki/Q52253159",
    "_overrides": {
     "qid": {
      "at": "2026-09-25",
      "source": "Wikidata reconciliation",
      "note": "matched to Q52253159 by normalised title + year (±8), same creator (merge_wd_extras)"
     }
    }
   }
  },
  {
   "type": "Feature",
   "geometry": {
    "type": "Point",
    "coordinates": [
     12.49214,
     41.91421
    ]
   },
   "properties": {
    "painter": "Titian",
    "title": "Sacred and Profane Love",
    "year": "c. 1515–1516",
    "city": "Rome",
    "country": "Italy",
    "location": "Galleria Borghese",
    "attribution": "generally accepted",
    "dimensions": "118 × 279 cm",
    "image": "https://upload.wikimedia.org/wikipedia/commons/thumb/e/ed/Tiziano_-_Amor_Sacro_y_Amor_Profano_%28Galer%C3%ADa_Borghese%2C_Roma%2C_1514%29.jpg/500px-Tiziano_-_Amor_Sacro_y_Amor_Profano_%28Galer%C3%ADa_Borghese%2C_Roma%2C_1514%29.jpg?utm_source=en.wikipedia.org&amp;utm_campaign=parser&amp;utm_content=thumbnail",
    "notable": true,
    "wikipedia_en": "https://en.wikipedia.org/wiki/Sacred_and_Profane_Love",
    "creation_place": "Venice",
    "creation_lat": 45.4408,
    "creation_lon": 12.3155,
    "_source": {
     "source": "Wikipedia: List of works by Titian",
     "coord": "MediaWiki coordinates API"
    },
    "museum_id": "galleria-borghese",
    "qid": "Q794077",
    "wikidata": "https://www.wikidata.org/wiki/Q794077",
    "wga_url": "https://www.wga.hu/html/t/tiziano/08/05sacre.html",
    "location_src": "Galleria Borghese",
    "kind": "museum",
    "form": "painting"
   }
  },
  {
   "type": "Feature",
   "geometry": {
    "type": "Point",
    "coordinates": [
     9.41611,
     51.315
    ]
   },
   "properties": {
    "painter": "Titian",
    "title": "The Tribute Money",
    "year": "c. 1516",
    "city": "Kassel",
    "country": "Germany",
    "location": "Gemäldegalerie Alte Meister",
    "attribution": "generally accepted",
    "dimensions": "75 × 56 cm",
    "image": "https://upload.wikimedia.org/wikipedia/commons/thumb/4/46/The_Tribute_Money_%281516%29_-_Tizian_%28Gem%C3%A4ldegalerie_Alte_Meister%2C_Dresden%29.jpg/500px-The_Tribute_Money_%281516%29_-_Tizian_%28Gem%C3%A4ldegalerie_Alte_Meister%2C_Dresden%29.jpg?utm_source=en.wikipedia.org&amp;utm_campaign=parser&amp;utm_content=thumbnail",
    "notable": true,
    "wikipedia_en": "https://en.wikipedia.org/wiki/The_Tribute_Money_(Titian)",
    "creation_place": "Venice",
    "creation_lat": 45.4408,
    "creation_lon": 12.3155,
    "_source": {
     "source": "Wikipedia: List of works by Titian",
     "coord": "MediaWiki coordinates API"
    },
    "museum_id": "gemaldegalerie-alte-meister-2",
    "qid": "Q2459887",
    "wikidata": "https://www.wikidata.org/wiki/Q2459887",
    "wga_url": "https://www.wga.hu/html/t/tiziano/01_1510s/13tribut.html",
    "location_src": "Gemäldegalerie Alte Meister",
    "kind": "museum",
    "form": "painting"
   }
  },
  {
   "type": "Feature",
   "geometry": {
    "type": "Point",
    "coordinates": [
     12.32611,
     45.43667
    ]
   },
   "properties": {
    "painter": "Titian",
    "title": "Assumption of the Virgin",
    "year": "c. 1516–1518",
    "city": "Venice",
    "country": "Italy",
    "location": "Basilica di Santa Maria Gloriosa dei Frari",
    "attribution": "generally accepted",
    "dimensions": "690 × 360 cm",
    "image": "https://upload.wikimedia.org/wikipedia/commons/thumb/9/9e/Tizian_041.jpg/500px-Tizian_041.jpg?utm_source=en.wikipedia.org&amp;utm_campaign=parser&amp;utm_content=thumbnail",
    "notable": true,
    "wikipedia_en": "https://en.wikipedia.org/wiki/Assumption_of_the_Virgin_(Titian)",
    "creation_place": "Venice",
    "creation_lat": 45.4408,
    "creation_lon": 12.3155,
    "_source": {
     "source": "Wikipedia: List of works by Titian",
     "coord": "MediaWiki coordinates API"
    },
    "museum_id": "basilica-di-santa-maria-gloriosa-dei-frari",
    "qid": "Q1899740",
    "wikidata": "https://www.wikidata.org/wiki/Q1899740",
    "wga_url": "https://www.wga.hu/html/t/tiziano/01a/1assunt1.html",
    "location_src": "Basilica di Santa Maria Gloriosa dei Frari",
    "kind": "church",
    "form": "painting"
   }
  },
  {
   "type": "Feature",
   "geometry": {
    "type": "Point",
    "coordinates": [
     -3.6922,
     40.4139
    ]
   },
   "properties": {
    "painter": "Titian",
    "title": "The Virgin and Child with Saint George and Saint Dorothy",
    "year": "c. 1516",
    "city": "Madrid",
    "country": "Spain",
    "location": "Museo del Prado",
    "attribution": "generally accepted",
    "dimensions": "86 × 130 cm",
    "image": "https://upload.wikimedia.org/wikipedia/commons/thumb/a/a6/Tiziano%2C_Madonna_and_Child_with_Sts_Dorothy_and_George.jpg/500px-Tiziano%2C_Madonna_and_Child_with_Sts_Dorothy_and_George.jpg?utm_source=en.wikipedia.org&amp;utm_campaign=parser&amp;utm_content=thumbnail",
    "notable": true,
    "wikipedia_en": "https://en.wikipedia.org/wiki/The_Virgin_and_Child_with_Saint_George_and_Saint_Dorothy",
    "creation_place": "Venice",
    "creation_lat": 45.4408,
    "creation_lon": 12.3155,
    "_source": {
     "source": "Wikipedia: List of works by Titian",
     "coord": "MediaWiki coordinates API"
    },
    "museum_id": "museo-del-prado",
    "qid": "Q3842771",
    "wikidata": "https://www.wikidata.org/wiki/Q3842771",
    "location_src": "Museo del Prado",
    "kind": "museum",
    "form": "painting"
   }
  },
  {
   "type": "Feature",
   "geometry": {
    "type": "Point",
    "coordinates": [
     -3.18917,
     55.95333
    ]
   },
   "properties": {
    "painter": "Titian",
    "title": "Virgin and Child with Saint John the Baptist and an Unidentified Saint",
    "year": "c. 1515–1520",
    "city": "Edinburgh",
    "country": "United Kingdom",
    "location": "Duke of Sutherland , on loan to the Scottish National Gallery",
    "attribution": "generally accepted",
    "dimensions": "62.7 x 93 cm",
    "image": "https://upload.wikimedia.org/wikipedia/commons/thumb/0/0e/Titian%2C_Virgin_and_Child_with_St_John_the_Baptist_and_an_Unidentified_Male_Saint%2C_Oil_on_canvas%2C_transferred_from_wood%2C_1517-1520..jpg/500px-Titian%2C_Virgin_and_Child_with_St_John_the_Baptist_and_an_Unidentified_Male_Saint%2C_Oil_on_canvas%2C_transferred_from_wood%2C_1517-1520..jpg?utm_source=en.wikipedia.org&amp;utm_campaign=parser&amp;utm_content=thumbnail",
    "notable": true,
    "wikipedia_en": "https://en.wikipedia.org/wiki/Virgin_and_Child_with_Saint_John_the_Baptist_and_an_Unidentified_Saint",
    "creation_place": "Venice",
    "creation_lat": 45.4408,
    "creation_lon": 12.3155,
    "_source": {
     "source": "Wikipedia: List of works by Titian",
     "coord": "MediaWiki coordinates API"
    },
    "museum_id": "duke-of-sutherland-on-loan-to-the-scottish-national-gallery",
    "qid": "Q3842431",
    "wikidata": "https://www.wikidata.org/wiki/Q3842431",
    "location_src": "Duke of Sutherland , on loan to the Scottish National Gallery",
    "kind": "museum",
    "form": "painting"
   }
  },
  {
   "type": "Feature",
   "geometry": {
    "type": "Point",
    "coordinates": [
     -3.6922,
     40.4139
    ]
   },
   "properties": {
    "painter": "Titian",
    "title": "The Bacchanal of the Andrians",
    "year": "c. 1518–1519",
    "city": "Madrid",
    "country": "Spain",
    "location": "Museo del Prado",
    "attribution": "generally accepted",
    "dimensions": "175 × 193 cm",
    "image": "https://upload.wikimedia.org/wikipedia/commons/thumb/e/e9/Bacanal_de_los_andrios.jpg/500px-Bacanal_de_los_andrios.jpg?utm_source=en.wikipedia.org&amp;utm_campaign=parser&amp;utm_content=thumbnail",
    "notable": true,
    "wikipedia_en": "https://en.wikipedia.org/wiki/The_Bacchanal_of_the_Andrians",
    "creation_place": "Venice",
    "creation_lat": 45.4408,
    "creation_lon": 12.3155,
    "_source": {
     "source": "Wikipedia: List of works by Titian",
     "coord": "MediaWiki coordinates API"
    },
    "museum_id": "museo-del-prado",
    "qid": "Q3632485",
    "wikidata": "https://www.wikidata.org/wiki/Q3632485",
    "wga_url": "https://www.wga.hu/html/t/tiziano/08a/1ferra3.html",
    "location_src": "Museo del Prado",
    "kind": "museum",
    "form": "painting"
   }
  },
  {
   "type": "Feature",
   "geometry": {
    "type": "Point",
    "coordinates": [
     -3.6922,
     40.4139
    ]
   },
   "properties": {
    "painter": "Titian",
    "title": "The Worship of Venus",
    "year": "1518–1520",
    "city": "Madrid",
    "country": "Spain",
    "location": "Museo del Prado",
    "attribution": "generally accepted",
    "dimensions": "172 × 175 cm",
    "image": "https://upload.wikimedia.org/wikipedia/commons/thumb/1/1a/Ofrenda_a_Venus.jpg/500px-Ofrenda_a_Venus.jpg?utm_source=en.wikipedia.org&amp;utm_campaign=parser&amp;utm_content=thumbnail",
    "notable": true,
    "wikipedia_en": "https://en.wikipedia.org/wiki/The_Worship_of_Venus",
    "creation_place": "Venice",
    "creation_lat": 45.4408,
    "creation_lon": 12.3155,
    "_source": {
     "source": "Wikipedia: List of works by Titian",
     "coord": "MediaWiki coordinates API"
    },
    "museum_id": "museo-del-prado",
    "qid": "Q3743879",
    "wikidata": "https://www.wikidata.org/wiki/Q3743879",
    "wga_url": "https://www.wga.hu/html/t/tiziano/08a/1ferra1a.html",
    "location_src": "Museo del Prado",
    "kind": "museum",
    "form": "painting"
   }
  },
  {
   "type": "Feature",
   "geometry": {
    "type": "Point",
    "coordinates": [
     12.2456,
     45.6658
    ]
   },
   "properties": {
    "painter": "Titian",
    "title": "Malchiostro Annunciation",
    "year": "c. 1520",
    "city": "Treviso",
    "location": "Duomo ,",
    "attribution": "generally accepted",
    "dimensions": "210 × 176 cm",
    "image": "https://upload.wikimedia.org/wikipedia/commons/thumb/4/46/Duomo_%28Treviso%29_-_Interior_-_Annunciation_by_Titian_crop.jpg/500px-Duomo_%28Treviso%29_-_Interior_-_Annunciation_by_Titian_crop.jpg?utm_source=en.wikipedia.org&amp;utm_campaign=parser&amp;utm_content=thumbnail",
    "notable": true,
    "wikipedia_en": "https://en.wikipedia.org/wiki/Malchiostro_Annunciation",
    "creation_place": "Venice",
    "creation_lat": 45.4408,
    "creation_lon": 12.3155,
    "_source": {
     "source": "Wikipedia: List of works by Titian",
     "coord": "MediaWiki coordinates API"
    },
    "museum_id": "duomo",
    "qid": "Q3618192",
    "wikidata": "https://www.wikidata.org/wiki/Q3618192",
    "wga_url": "https://www.wga.hu/html/t/tiziano/01_1510s/15trevis.html",
    "location_src": "Duomo ,",
    "kind": "church",
    "form": "painting"
   }
  },
  {
   "type": "Feature",
   "geometry": {
    "type": "Point",
    "coordinates": [
     16.3616,
     48.20388
    ]
   },
   "properties": {
    "painter": "Titian",
    "title": "Christ and the Adulteress",
    "year": "c. 1520",
    "city": "Vienna",
    "country": "Austria",
    "location": "Kunsthistorisches Museum",
    "attribution": "generally accepted",
    "dimensions": "82.5 × 136.5 cm",
    "image": "https://upload.wikimedia.org/wikipedia/commons/thumb/d/d2/Tiziano_Vecellio%2C_gen._Tizian%2C_Kunsthistorisches_Museum_Wien_-_Christus_und_die_Ehebrecherin_-_GG_114_-_Kunsthistorisches_Museum.jpg/500px-Tiziano_Vecellio%2C_gen._Tizian%2C_Kunsthistorisches_Museum_Wien_-_Christus_und_die_Ehebrecherin_-_GG_114_-_Kunsthistorisches_Museum.jpg?utm_source=en.wikipedia.org&amp;utm_campaign=parser&amp;utm_content=thumbnail",
    "notable": true,
    "wikipedia_en": "https://en.wikipedia.org/wiki/Christ_and_the_Adulteress_(Titian,_Vienna)",
    "creation_place": "Venice",
    "creation_lat": 45.4408,
    "creation_lon": 12.3155,
    "_source": {
     "source": "Wikipedia: List of works by Titian",
     "coord": "MediaWiki coordinates API"
    },
    "museum_id": "kunsthistorisches-museum",
    "qid": "Q26715011",
    "wikidata": "https://www.wikidata.org/wiki/Q26715011",
    "location_src": "Kunsthistorisches Museum",
    "kind": "museum",
    "form": "painting"
   }
  },
  {
   "type": "Feature",
   "geometry": {
    "type": "Point",
    "coordinates": [
     2.3358,
     48.8611
    ]
   },
   "properties": {
    "painter": "Titian",
    "title": "Virgin and Child with Saint Stephen, Saint Jerome and Saint Maurice",
    "year": "c. 1510–1525",
    "city": "Paris",
    "country": "France",
    "location": "Louvre",
    "attribution": "generally accepted",
    "dimensions": "112.5 × 143.2 cm",
    "image": "https://upload.wikimedia.org/wikipedia/commons/thumb/6/67/La_Vierge_%C3%A0_l%27_Enfant_avec_saint_%C3%89tienne%2C_saint_J%C3%A9r%C3%B4me_et_saint_Maurice_%28Titian%2C_Louvre%29.jpg/500px-La_Vierge_%C3%A0_l%27_Enfant_avec_saint_%C3%89tienne%2C_saint_J%C3%A9r%C3%B4me_et_saint_Maurice_%28Titian%2C_Louvre%29.jpg?utm_source=en.wikipedia.org&amp;utm_campaign=parser&amp;utm_content=thumbnail",
    "notable": true,
    "wikipedia_en": "https://en.wikipedia.org/wiki/Virgin_and_Child_with_Saints_Stephen,_Jerome_and_Maurice_(Titian,_Paris)",
    "creation_place": "Venice",
    "creation_lat": 45.4408,
    "creation_lon": 12.3155,
    "_source": {
     "source": "Wikipedia: List of works by Titian",
     "coord": "MediaWiki coordinates API"
    },
    "museum_id": "louvre",
    "qid": "Q15974340",
    "wikidata": "https://www.wikidata.org/wiki/Q15974340",
    "wga_url": "https://www.wga.hu/html/t/tiziano/01_1510s/05marysa.html",
    "location_src": "Louvre",
    "kind": "museum",
    "form": "painting"
   }
  },
  {
   "type": "Feature",
   "geometry": {
    "type": "Point",
    "coordinates": [
     16.3616,
     48.20388
    ]
   },
   "properties": {
    "painter": "Titian",
    "title": "Mary with Child and Saints Stephen, Jerome and Mauritius",
    "year": "c. 1520",
    "city": "Vienna",
    "country": "Austria",
    "location": "Kunsthistorisches Museum",
    "attribution": "generally accepted",
    "dimensions": "93.3 × 138.2 cm",
    "image": "https://upload.wikimedia.org/wikipedia/commons/thumb/e/e7/Maria_mit_Kind_und_den_Hll._Stephanus%2C_Hieronymus_und_Mauritius_%28Titian%2C_Vienna%29.png/500px-Maria_mit_Kind_und_den_Hll._Stephanus%2C_Hieronymus_und_Mauritius_%28Titian%2C_Vienna%29.png?utm_source=en.wikipedia.org&amp;utm_campaign=parser&amp;utm_content=thumbnail",
    "notable": true,
    "wikipedia_en": "https://en.wikipedia.org/wiki/Virgin_and_Child_with_Saints_Stephen,_Jerome_and_Maurice_(Titian,_Vienna)",
    "creation_place": "Venice",
    "creation_lat": 45.4408,
    "creation_lon": 12.3155,
    "_source": {
     "source": "Wikipedia: List of works by Titian",
     "coord": "MediaWiki coordinates API"
    },
    "museum_id": "kunsthistorisches-museum",
    "qid": "Q16574831",
    "wikidata": "https://www.wikidata.org/wiki/Q16574831",
    "location_src": "Kunsthistorisches Museum",
    "kind": "museum",
    "form": "painting"
   }
  },
  {
   "type": "Feature",
   "geometry": {
    "type": "Point",
    "coordinates": [
     11.25,
     43.7652
    ]
   },
   "properties": {
    "painter": "Titian",
    "title": "Portrait of Vincenzo Mosti",
    "year": "c. 1520",
    "city": "Florence",
    "country": "Italy",
    "location": "Galleria Palatina",
    "attribution": "generally accepted",
    "dimensions": "85 × 67 cm",
    "image": "https://upload.wikimedia.org/wikipedia/commons/thumb/2/20/Tizian_071.jpg/500px-Tizian_071.jpg?utm_source=en.wikipedia.org&amp;utm_campaign=parser&amp;utm_content=thumbnail",
    "notable": true,
    "wikipedia_en": "https://en.wikipedia.org/wiki/Portrait_of_Vincenzo_Mosti",
    "creation_place": "Venice",
    "creation_lat": 45.4408,
    "creation_lon": 12.3155,
    "_source": {
     "source": "Wikipedia: List of works by Titian",
     "coord": "MediaWiki coordinates API"
    },
    "museum_id": "galleria-palatina",
    "qid": "Q3937673",
    "wikidata": "https://www.wikidata.org/wiki/Q3937673",
    "wga_url": "https://www.wga.hu/html/t/tiziano/10/21/07mosti.html",
    "location_src": "Galleria Palatina",
    "kind": "museum",
    "form": "painting"
   }
  },
  {
   "type": "Feature",
   "geometry": {
    "type": "Point",
    "coordinates": [
     13.51115,
     43.62078
    ]
   },
   "properties": {
    "painter": "Titian",
    "title": "Gozzi Altarpiece",
    "year": "1520",
    "city": "Ancona",
    "location": "Pinacoteca civica \"Francesco Podesti\"",
    "attribution": "generally accepted",
    "dimensions": "312 × 215 cm",
    "image": "https://upload.wikimedia.org/wikipedia/commons/thumb/5/50/Tiziano%2C_pala_gozzi_01.jpg/500px-Tiziano%2C_pala_gozzi_01.jpg?utm_source=en.wikipedia.org&amp;utm_campaign=parser&amp;utm_content=thumbnail",
    "notable": true,
    "wikipedia_en": "https://en.wikipedia.org/wiki/Gozzi_Altarpiece",
    "creation_place": "Venice",
    "creation_lat": 45.4408,
    "creation_lon": 12.3155,
    "_source": {
     "source": "Wikipedia: List of works by Titian",
     "coord": "MediaWiki coordinates API"
    },
    "museum_id": "pinacoteca-civica-francesco-podesti",
    "qid": "Q3889203",
    "wikidata": "https://www.wikidata.org/wiki/Q3889203",
    "wga_url": "https://www.wga.hu/html/t/tiziano/02_1520s/2ancona.html",
    "location_src": "Pinacoteca civica Francesco Podesti,",
    "kind": "museum",
    "form": "painting",
    "country": "Italy"
   }
  },
  {
   "type": "Feature",
   "geometry": {
    "type": "Point",
    "coordinates": [
     10.21667,
     45.54167
    ]
   },
   "properties": {
    "painter": "Titian",
    "title": "Averoldi Polyptych",
    "year": "c. 1520–1522",
    "city": "Brescia",
    "location": "Santi Nazaro e Celso",
    "attribution": "generally accepted",
    "dimensions": "278 × 292 cm",
    "image": "https://upload.wikimedia.org/wikipedia/commons/thumb/a/ac/Polittico_averoldi_01.jpg/500px-Polittico_averoldi_01.jpg?utm_source=en.wikipedia.org&amp;utm_campaign=parser&amp;utm_content=thumbnail",
    "notable": true,
    "wikipedia_en": "https://en.wikipedia.org/wiki/Averoldi_Polyptych",
    "creation_place": "Venice",
    "creation_lat": 45.4408,
    "creation_lon": 12.3155,
    "_source": {
     "source": "Wikipedia: List of works by Titian",
     "coord": "MediaWiki coordinates API"
    },
    "museum_id": "santi-nazaro-e-celso",
    "qid": "Q3907473",
    "wikidata": "https://www.wikidata.org/wiki/Q3907473",
    "wga_url": "https://www.wga.hu/html/t/tiziano/02_1520s/1resurr.html",
    "location_src": "Santi Nazaro e Celso",
    "kind": "museum",
    "form": "painting"
   }
  },
  {
   "type": "Feature",
   "geometry": {
    "type": "Point",
    "coordinates": [
     -3.19569,
     55.9509
    ]
   },
   "properties": {
    "painter": "Titian",
    "title": "Venus Anadyomene",
    "year": "c. 1520",
    "city": "City of Edinburgh",
    "country": "United Kingdom",
    "location": "Scottish National Gallery",
    "attribution": "generally accepted",
    "dimensions": "73.6 × 58.4 cm",
    "image": "https://upload.wikimedia.org/wikipedia/commons/thumb/8/84/Titian_%28Tiziano_Vecellio%29_-_Venus_Rising_from_the_Sea_%28%27Venus_Anadyomene%27%29_-_Google_Art_Project.jpg/500px-Titian_%28Tiziano_Vecellio%29_-_Venus_Rising_from_the_Sea_%28%27Venus_Anadyomene%27%29_-_Google_Art_Project.jpg?utm_source=en.wikipedia.org&amp;utm_campaign=parser&amp;utm_content=thumbnail",
    "notable": true,
    "wikipedia_en": "https://en.wikipedia.org/wiki/Venus_Anadyomene_(Titian)",
    "creation_place": "Venice",
    "creation_lat": 45.4408,
    "creation_lon": 12.3155,
    "_source": {
     "source": "Wikipedia: List of works by Titian",
     "coord": "MediaWiki coordinates API"
    },
    "museum_id": "scottish-national-gallery",
    "qid": "Q2466780",
    "wikidata": "https://www.wikidata.org/wiki/Q2466780",
    "wga_url": "https://www.wga.hu/html/t/tiziano/08/07anadyo.html",
    "location_src": "National Gallery of Scotland",
    "kind": "museum",
    "form": "painting"
   }
  },
  {
   "type": "Feature",
   "geometry": {
    "type": "Point",
    "coordinates": [
     10.21667,
     45.54167
    ]
   },
   "properties": {
    "painter": "Titian",
    "title": "Center panel of the Altarpiece of the Resurrection (the Averoldi Polyptych )",
    "year": "c. 1520–1522",
    "city": "Brescia",
    "location": "Santi Nazaro e Celso",
    "attribution": "generally accepted",
    "dimensions": "278 × 122 cm",
    "image": "https://upload.wikimedia.org/wikipedia/commons/thumb/7/77/Tizian_006.jpg/500px-Tizian_006.jpg?utm_source=en.wikipedia.org&amp;utm_campaign=parser&amp;utm_content=thumbnail",
    "notable": true,
    "creation_place": "Venice",
    "creation_lat": 45.4408,
    "creation_lon": 12.3155,
    "_source": {
     "source": "Wikipedia: List of works by Titian",
     "coord": "MediaWiki coordinates API"
    },
    "museum_id": "santi-nazaro-e-celso",
    "location_src": "Santi Nazaro e Celso",
    "kind": "museum",
    "form": "painting"
   }
  },
  {
   "type": "Feature",
   "geometry": {
    "type": "Point",
    "coordinates": [
     -0.1283,
     51.5089
    ]
   },
   "properties": {
    "painter": "Titian",
    "title": "Bacchus and Ariadne",
    "year": "c. 1522–1523",
    "city": "London",
    "country": "United Kingdom",
    "location": "National Gallery",
    "attribution": "generally accepted",
    "dimensions": "175 × 190 cm",
    "image": "https://upload.wikimedia.org/wikipedia/commons/thumb/b/be/Titian_Bacchus_and_Ariadne.jpg/500px-Titian_Bacchus_and_Ariadne.jpg?utm_source=en.wikipedia.org&amp;utm_campaign=parser&amp;utm_content=thumbnail",
    "notable": true,
    "wikipedia_en": "https://en.wikipedia.org/wiki/Bacchus_and_Ariadne",
    "creation_place": "Venice",
    "creation_lat": 45.4408,
    "creation_lon": 12.3155,
    "_source": {
     "source": "Wikipedia: List of works by Titian",
     "coord": "MediaWiki coordinates API"
    },
    "museum_id": "national-gallery",
    "qid": "Q1206860",
    "wikidata": "https://www.wikidata.org/wiki/Q1206860",
    "wga_url": "https://www.wga.hu/html/t/tiziano/08a/1ferra2.html",
    "location_src": "National Gallery",
    "kind": "museum",
    "form": "painting"
   }
  },
  {
   "type": "Feature",
   "geometry": {
    "type": "Point",
    "coordinates": [
     2.3358,
     48.8611
    ]
   },
   "properties": {
    "painter": "Titian",
    "title": "Man with a Glove",
    "year": "c. 1520–1523",
    "city": "Paris",
    "country": "France",
    "location": "Louvre",
    "attribution": "generally accepted",
    "dimensions": "100 × 89 cm",
    "image": "https://upload.wikimedia.org/wikipedia/commons/thumb/9/96/Tizian_079.jpg/500px-Tizian_079.jpg?utm_source=en.wikipedia.org&amp;utm_campaign=parser&amp;utm_content=thumbnail",
    "notable": true,
    "wikipedia_en": "https://en.wikipedia.org/wiki/Man_with_a_Glove",
    "creation_place": "Venice",
    "creation_lat": 45.4408,
    "creation_lon": 12.3155,
    "_source": {
     "source": "Wikipedia: List of works by Titian",
     "coord": "MediaWiki coordinates API"
    },
    "museum_id": "louvre",
    "qid": "Q1848811",
    "wikidata": "https://www.wikidata.org/wiki/Q1848811",
    "wga_url": "https://www.wga.hu/html/t/tiziano/10/21/06gloves.html",
    "location_src": "Louvre",
    "kind": "museum",
    "form": "painting"
   }
  },
  {
   "type": "Feature",
   "geometry": {
    "type": "Point",
    "coordinates": [
     2.3358,
     48.8611
    ]
   },
   "properties": {
    "painter": "Titian",
    "title": "The Entombment",
    "year": "c. 1523–1525",
    "city": "Paris",
    "country": "France",
    "location": "Louvre",
    "attribution": "generally accepted",
    "dimensions": "148 × 225 cm",
    "image": "https://upload.wikimedia.org/wikipedia/commons/thumb/8/87/Tizian_028.jpg/500px-Tizian_028.jpg?utm_source=en.wikipedia.org&amp;utm_campaign=parser&amp;utm_content=thumbnail",
    "notable": true,
    "wikipedia_en": "https://en.wikipedia.org/wiki/The_Entombment_(Titian,_1525)",
    "creation_place": "Venice",
    "creation_lat": 45.4408,
    "creation_lon": 12.3155,
    "_source": {
     "source": "Wikipedia: List of works by Titian",
     "coord": "MediaWiki coordinates API"
    },
    "museum_id": "louvre",
    "qid": "Q3705716",
    "wikidata": "https://www.wikidata.org/wiki/Q3705716",
    "wga_url": "https://www.wga.hu/html/t/tiziano/02_1520s/3entombm.html",
    "location_src": "Louvre",
    "kind": "museum",
    "form": "painting"
   }
  },
  {
   "type": "Feature",
   "geometry": {
    "type": "Point",
    "coordinates": [
     12.32611,
     45.43667
    ]
   },
   "properties": {
    "painter": "Titian",
    "title": "Pesaro Madonna",
    "year": "c. 1519–1526",
    "city": "Venice",
    "country": "Italy",
    "location": "Basilica di Santa Maria Gloriosa dei Frari",
    "attribution": "generally accepted",
    "dimensions": "478 × 268 cm",
    "image": "https://upload.wikimedia.org/wikipedia/commons/thumb/b/b8/Frari_%28Venice%29_nave_left_-_Altar_of_Madona_di_Ca%27Pesaro.jpg/500px-Frari_%28Venice%29_nave_left_-_Altar_of_Madona_di_Ca%27Pesaro.jpg?utm_source=en.wikipedia.org&amp;utm_campaign=parser&amp;utm_content=thumbnail",
    "notable": true,
    "wikipedia_en": "https://en.wikipedia.org/wiki/Pesaro_Madonna",
    "creation_place": "Venice",
    "creation_lat": 45.4408,
    "creation_lon": 12.3155,
    "_source": {
     "source": "Wikipedia: List of works by Titian",
     "coord": "MediaWiki coordinates API"
    },
    "museum_id": "basilica-di-santa-maria-gloriosa-dei-frari",
    "qid": "Q572697",
    "wikidata": "https://www.wikidata.org/wiki/Q572697",
    "wga_url": "https://www.wga.hu/html/t/tiziano/01a/2pesaro0.html",
    "location_src": "Basilica di Santa Maria Gloriosa dei Frari",
    "kind": "church",
    "form": "painting"
   }
  },
  {
   "type": "Feature",
   "geometry": {
    "type": "Point",
    "coordinates": [
     12.4544,
     41.9064
    ]
   },
   "properties": {
    "painter": "Titian",
    "title": "Altarpiece of San Nicolò della Lattuga",
    "year": "c. 1522–1526",
    "location": "Vatican Museums",
    "attribution": "generally accepted",
    "dimensions": "388 × 260 cm",
    "image": "https://upload.wikimedia.org/wikipedia/commons/thumb/c/ca/Titian_madonna_of_frari_vatican.jpg/500px-Titian_madonna_of_frari_vatican.jpg?utm_source=en.wikipedia.org&amp;utm_campaign=parser&amp;utm_content=thumbnail",
    "notable": true,
    "wikipedia_en": "https://en.wikipedia.org/wiki/Altarpiece_of_San_Nicol%C3%B2_della_Lattuga",
    "creation_place": "Venice",
    "creation_lat": 45.4408,
    "creation_lon": 12.3155,
    "_source": {
     "source": "Wikipedia: List of works by Titian",
     "coord": "MediaWiki coordinates API"
    },
    "museum_id": "vatican-museums",
    "city": "Vatican City",
    "country": "Vatican City",
    "qid": "Q124261369",
    "wikidata": "https://www.wikidata.org/wiki/Q124261369",
    "location_src": "Vatican Museums",
    "kind": "museum",
    "form": "painting"
   }
  },
  {
   "type": "Feature",
   "geometry": {
    "type": "Point",
    "coordinates": [
     -3.6922,
     40.4139
    ]
   },
   "properties": {
    "painter": "Titian",
    "title": "Portrait of Federico II Gonzaga",
    "year": "c. 1525–1528",
    "city": "Madrid",
    "country": "Spain",
    "location": "Museo del Prado",
    "attribution": "generally accepted",
    "dimensions": "125 × 99 cm",
    "image": "https://upload.wikimedia.org/wikipedia/commons/thumb/1/11/Tizian_-_Portrait_of_Federico_II_Gonzaga_-_circa_1525.jpg/500px-Tizian_-_Portrait_of_Federico_II_Gonzaga_-_circa_1525.jpg?utm_source=en.wikipedia.org&amp;utm_campaign=parser&amp;utm_content=thumbnail",
    "notable": true,
    "wikipedia_en": "https://en.wikipedia.org/wiki/Portrait_of_Federico_II_Gonzaga",
    "creation_place": "Venice",
    "creation_lat": 45.4408,
    "creation_lon": 12.3155,
    "_source": {
     "source": "Wikipedia: List of works by Titian",
     "coord": "MediaWiki coordinates API"
    },
    "museum_id": "museo-del-prado",
    "qid": "Q3937527",
    "wikidata": "https://www.wikidata.org/wiki/Q3937527",
    "wga_url": "https://www.wga.hu/html/t/tiziano/10/21/09gonzag.html",
    "location_src": "Museo del Prado",
    "kind": "museum",
    "form": "painting"
   }
  },
  {
   "type": "Feature",
   "geometry": {
    "type": "Point",
    "coordinates": [
     2.3358,
     48.8611
    ]
   },
   "properties": {
    "painter": "Titian",
    "title": "Madonna and Child with Saint Catherine and a Rabbit",
    "year": "1530",
    "city": "Paris",
    "country": "France",
    "location": "Louvre",
    "attribution": "generally accepted",
    "dimensions": "71 × 85 cm",
    "image": "https://upload.wikimedia.org/wikipedia/commons/thumb/a/a5/La_Vierge_au_Lapin_%C3%A0_la_Loupe.jpg/500px-La_Vierge_au_Lapin_%C3%A0_la_Loupe.jpg?utm_source=en.wikipedia.org&amp;utm_campaign=parser&amp;utm_content=thumbnail",
    "notable": true,
    "wikipedia_en": "https://en.wikipedia.org/wiki/Madonna_of_the_Rabbit",
    "creation_place": "Venice",
    "creation_lat": 45.4408,
    "creation_lon": 12.3155,
    "_source": {
     "source": "Wikipedia: List of works by Titian",
     "coord": "MediaWiki coordinates API"
    },
    "museum_id": "louvre",
    "qid": "Q24249",
    "wikidata": "https://www.wikidata.org/wiki/Q24249",
    "wga_url": "https://www.wga.hu/html/t/tiziano/03_1530s/2rabbit.html",
    "location_src": "Louvre",
    "kind": "museum",
    "form": "painting"
   }
  },
  {
   "type": "Feature",
   "geometry": {
    "type": "Point",
    "coordinates": [
     -118.35917,
     34.06333
    ]
   },
   "properties": {
    "painter": "Titian",
    "title": "Portrait of Giacomo di Andrea Dolfin",
    "year": "c. 1531–1532",
    "city": "Los Angeles",
    "country": "United States",
    "location": "Los Angeles County Museum of Art",
    "attribution": "generally accepted",
    "dimensions": "101 × 88 cm",
    "image": "https://upload.wikimedia.org/wikipedia/commons/thumb/2/2d/Giacomo_Dolfin_%28Tiziano%29.jpg/500px-Giacomo_Dolfin_%28Tiziano%29.jpg?utm_source=en.wikipedia.org&amp;utm_campaign=parser&amp;utm_content=thumbnail",
    "notable": true,
    "wikipedia_en": "https://en.wikipedia.org/wiki/Portrait_of_Giacomo_di_Andrea_Dolfin",
    "creation_place": "Venice",
    "creation_lat": 45.4408,
    "creation_lon": 12.3155,
    "_source": {
     "source": "Wikipedia: List of works by Titian",
     "coord": "MediaWiki coordinates API"
    },
    "museum_id": "los-angeles-county-museum-of-art",
    "qid": "Q3937574",
    "wikidata": "https://www.wikidata.org/wiki/Q3937574",
    "wga_url": "https://www.wga.hu/html/t/tiziano/10/21/10dolfix.html",
    "location_src": "Los Angeles County Museum of Art",
    "kind": "museum",
    "form": "painting"
   }
  },
  {
   "type": "Feature",
   "geometry": {
    "type": "Point",
    "coordinates": [
     -118.15916,
     34.14623
    ]
   },
   "properties": {
    "painter": "Titian",
    "title": "Portrait of a Venetian Nobleman",
    "year": "after 1530",
    "city": "Pasadena",
    "location": "Norton Simon Museum",
    "attribution": "generally accepted",
    "dimensions": "108.0 cm × 91.4 cm",
    "image": "https://upload.wikimedia.org/wikipedia/commons/thumb/e/e3/Titian_-_Portrait_of_a_Venetian_Gentleman_painted_over_a_copy_of_Giacomo_Dolfin.jpg/500px-Titian_-_Portrait_of_a_Venetian_Gentleman_painted_over_a_copy_of_Giacomo_Dolfin.jpg?utm_source=en.wikipedia.org&amp;utm_campaign=parser&amp;utm_content=thumbnail",
    "notable": true,
    "creation_place": "Venice",
    "creation_lat": 45.4408,
    "creation_lon": 12.3155,
    "_source": {
     "source": "Wikipedia: List of works by Titian",
     "coord": "MediaWiki coordinates API"
    },
    "museum_id": "norton-simon-museum",
    "country": "United States",
    "location_src": "Norton Simon Museum",
    "kind": "museum",
    "form": "painting"
   }
  },
  {
   "type": "Feature",
   "geometry": {
    "type": "Point",
    "coordinates": [
     11.2501,
     43.7652
    ]
   },
   "properties": {
    "painter": "Titian",
    "title": "Portrait of Ippolito de' Medici",
    "year": "1532–1533",
    "city": "Florence",
    "country": "Italy",
    "location": "Palazzo Pitti",
    "attribution": "generally accepted",
    "dimensions": "139 x 107 cm",
    "image": "https://upload.wikimedia.org/wikipedia/commons/thumb/2/2c/Portrait_of_Cardinal_Ippolito_de%27_Medici_in_a_Hungarian_Costume_%28by_Titian%29_-_Palazzo_Pitti%2C_Florence.jpg/500px-Portrait_of_Cardinal_Ippolito_de%27_Medici_in_a_Hungarian_Costume_%28by_Titian%29_-_Palazzo_Pitti%2C_Florence.jpg?utm_source=en.wikipedia.org&amp;utm_campaign=parser&amp;utm_content=thumbnail",
    "notable": true,
    "wikipedia_en": "https://en.wikipedia.org/wiki/Portrait_of_Ippolito_de%27_Medici",
    "creation_place": "Venice",
    "creation_lat": 45.4408,
    "creation_lon": 12.3155,
    "_source": {
     "source": "Wikipedia: List of works by Titian",
     "coord": "MediaWiki coordinates API"
    },
    "museum_id": "palazzo-pitti",
    "qid": "Q3937569",
    "wikidata": "https://www.wikidata.org/wiki/Q3937569",
    "wga_url": "https://www.wga.hu/html/t/tiziano/10/21/11medici.html",
    "location_src": "Palazzo Pitti",
    "kind": "museum",
    "form": "painting"
   }
  },
  {
   "type": "Feature",
   "geometry": {
    "type": "Point",
    "coordinates": [
     -0.1283,
     51.5089
    ]
   },
   "properties": {
    "painter": "Titian",
    "title": "Madonna and Child with Saint John the Baptist and Saint Catherine ( Aldobrandini Madonna )",
    "year": "c. 1532",
    "city": "London",
    "country": "United Kingdom",
    "location": "National Gallery",
    "attribution": "generally accepted",
    "dimensions": "100.6 × 142.2 cm",
    "image": "https://upload.wikimedia.org/wikipedia/commons/thumb/2/2a/Titian_-_The_Virgin_and_Child_with_the_Infant_Saint_John_and_a_Female_Saint_or_Donor_%28%27The_Aldobrandini_Madonna%27%29_-_Google_Art_Project.jpg/500px-Titian_-_The_Virgin_and_Child_with_the_Infant_Saint_John_and_a_Female_Saint_or_Donor_%28%27The_Aldobrandini_Madonna%27%29_-_Google_Art_Project.jpg?utm_source=en.wikipedia.org&amp;utm_campaign=parser&amp;utm_content=thumbnail",
    "notable": true,
    "wikipedia_en": "https://en.wikipedia.org/wiki/Aldobrandini_Madonna_(Titian)",
    "creation_place": "Venice",
    "creation_lat": 45.4408,
    "creation_lon": 12.3155,
    "_source": {
     "source": "Wikipedia: List of works by Titian",
     "coord": "MediaWiki coordinates API"
    },
    "museum_id": "national-gallery",
    "qid": "Q1112863",
    "wikidata": "https://www.wikidata.org/wiki/Q1112863",
    "wga_url": "https://www.wga.hu/html/t/tiziano/03_1530s/1madonn.html",
    "location_src": "National Gallery",
    "kind": "museum",
    "form": "painting"
   }
  },
  {
   "type": "Feature",
   "geometry": {
    "type": "Point",
    "coordinates": [
     -3.6922,
     40.4139
    ]
   },
   "properties": {
    "painter": "Titian",
    "title": "Portrait of Charles V with a Dog",
    "year": "c. 1532–1533",
    "city": "Madrid",
    "country": "Spain",
    "location": "Museo del Prado",
    "attribution": "generally accepted",
    "dimensions": "192 × 111 cm",
    "image": "https://upload.wikimedia.org/wikipedia/commons/thumb/a/aa/Tizian_081.jpg/500px-Tizian_081.jpg?utm_source=en.wikipedia.org&amp;utm_campaign=parser&amp;utm_content=thumbnail",
    "notable": true,
    "wikipedia_en": "https://en.wikipedia.org/wiki/Portrait_of_Charles_V_with_a_Dog",
    "creation_place": "Venice",
    "creation_lat": 45.4408,
    "creation_lon": 12.3155,
    "_source": {
     "source": "Wikipedia: List of works by Titian",
     "coord": "MediaWiki coordinates API"
    },
    "museum_id": "museo-del-prado",
    "qid": "Q19798137",
    "wikidata": "https://www.wikidata.org/wiki/Q19798137",
    "location_src": "Museo del Prado",
    "kind": "museum",
    "form": "painting"
   }
  },
  {
   "type": "Feature",
   "geometry": {
    "type": "Point",
    "coordinates": [
     11.2501,
     43.7652
    ]
   },
   "properties": {
    "painter": "Titian",
    "title": "The Penitent Magdalene",
    "year": "c. 1531–1533",
    "city": "Florence",
    "country": "Italy",
    "location": "Palazzo Pitti",
    "attribution": "generally accepted",
    "dimensions": "85 × 68 cm",
    "image": "https://upload.wikimedia.org/wikipedia/commons/thumb/a/a2/Magdalena_penitente%2C_por_Tiziano.jpg/500px-Magdalena_penitente%2C_por_Tiziano.jpg?utm_source=en.wikipedia.org&amp;utm_campaign=parser&amp;utm_content=thumbnail",
    "notable": true,
    "wikipedia_en": "https://en.wikipedia.org/wiki/Penitent_Magdalene_(Titian,_1533)",
    "creation_place": "Venice",
    "creation_lat": 45.4408,
    "creation_lon": 12.3155,
    "_source": {
     "source": "Wikipedia: List of works by Titian",
     "coord": "MediaWiki coordinates API"
    },
    "museum_id": "palazzo-pitti",
    "qid": "Q15974339",
    "wikidata": "https://www.wikidata.org/wiki/Q15974339",
    "wga_url": "https://www.wga.hu/html/t/tiziano/03_1530s/4magdale.html",
    "location_src": "Palazzo Pitti",
    "kind": "museum",
    "form": "painting"
   }
  },
  {
   "type": "Feature",
   "geometry": {
    "type": "Point",
    "coordinates": [
     12.32814,
     45.43108
    ]
   },
   "properties": {
    "painter": "Titian",
    "title": "The Presentation of the Virgin at the Temple",
    "year": "c. 1534–1538",
    "city": "Venice",
    "country": "Italy",
    "location": "Gallerie dell'Accademia",
    "attribution": "generally accepted",
    "dimensions": "345 x 775 cm",
    "image": "https://upload.wikimedia.org/wikipedia/commons/thumb/a/a1/Presentation_of_the_Virgin_by_Titian_-_Accademia_-_Venice_2016.jpg/500px-Presentation_of_the_Virgin_by_Titian_-_Accademia_-_Venice_2016.jpg?utm_source=en.wikipedia.org&amp;utm_campaign=parser&amp;utm_content=thumbnail",
    "notable": true,
    "wikipedia_en": "https://en.wikipedia.org/wiki/The_Presentation_of_the_Virgin_at_the_Temple_(Titian)",
    "creation_place": "Venice",
    "creation_lat": 45.4408,
    "creation_lon": 12.3155,
    "_source": {
     "source": "Wikipedia: List of works by Titian",
     "coord": "MediaWiki coordinates API"
    },
    "museum_id": "gallerie-dell-accademia",
    "qid": "Q3910929",
    "wikidata": "https://www.wikidata.org/wiki/Q3910929",
    "wga_url": "https://www.wga.hu/html/t/tiziano/03_1530s/5presen.html",
    "location_src": "Gallerie dell'Accademia",
    "kind": "museum",
    "form": "painting"
   }
  },
  {
   "type": "Feature",
   "geometry": {
    "type": "Point",
    "coordinates": [
     -87.62389,
     41.87944
    ]
   },
   "properties": {
    "painter": "Titian",
    "title": "Portrait of a Lady",
    "year": "c. 1525–1565",
    "city": "Chicago",
    "country": "United States",
    "location": "Art Institute of Chicago",
    "attribution": "generally accepted",
    "dimensions": "63.5 x 51.8 cm",
    "image": "https://upload.wikimedia.org/wikipedia/commons/thumb/3/34/1954.301_-_Portrait_of_a_Lady.jpg/500px-1954.301_-_Portrait_of_a_Lady.jpg?utm_source=en.wikipedia.org&amp;utm_campaign=parser&amp;utm_content=thumbnail",
    "notable": true,
    "wikipedia_en": "https://en.wikipedia.org/wiki/Portrait_of_a_Lady_(Titian,_Chicago)",
    "creation_place": "Venice",
    "creation_lat": 45.4408,
    "creation_lon": 12.3155,
    "_source": {
     "source": "Wikipedia: List of works by Titian",
     "coord": "MediaWiki coordinates API"
    },
    "museum_id": "art-institute-of-chicago",
    "qid": "Q20266718",
    "wikidata": "https://www.wikidata.org/wiki/Q20266718",
    "location_src": "Art Institute of Chicago",
    "kind": "museum",
    "form": "painting"
   }
  },
  {
   "type": "Feature",
   "geometry": {
    "type": "Point",
    "coordinates": [
     -0.5968,
     51.9831
    ]
   },
   "properties": {
    "painter": "Titian",
    "title": "Portrait of Giulia Gonzaga",
    "year": "c. 1530–1539",
    "city": "Woburn Abbey",
    "location": "Private collection",
    "attribution": "generally accepted",
    "dimensions": "92 x 81 cm",
    "image": "https://upload.wikimedia.org/wikipedia/commons/thumb/2/29/Ritratto-di-giulia-gonzaga-del-tiziano.jpg/500px-Ritratto-di-giulia-gonzaga-del-tiziano.jpg?utm_source=en.wikipedia.org&amp;utm_campaign=parser&amp;utm_content=thumbnail",
    "notable": true,
    "creation_place": "Venice",
    "creation_lat": 45.4408,
    "creation_lon": 12.3155,
    "_source": {
     "source": "Wikipedia: List of works by Titian",
     "coord": "MediaWiki coordinates API"
    },
    "country": "France",
    "placeless": true
   }
  },
  {
   "type": "Feature",
   "geometry": {
    "type": "Point",
    "coordinates": [
     16.3616,
     48.20388
    ]
   },
   "properties": {
    "painter": "Titian",
    "title": "Portrait of Isabella d'Este",
    "year": "c. 1534–1536",
    "city": "Vienna",
    "country": "Austria",
    "location": "Kunsthistorisches Museum",
    "attribution": "generally accepted",
    "dimensions": "102 × 64 cm",
    "image": "https://upload.wikimedia.org/wikipedia/commons/thumb/4/45/Tizian_-_Portr%C3%A4t_der_Isabella_d%27Este.jpg/500px-Tizian_-_Portr%C3%A4t_der_Isabella_d%27Este.jpg?utm_source=en.wikipedia.org&amp;utm_campaign=parser&amp;utm_content=thumbnail",
    "notable": true,
    "wikipedia_en": "https://en.wikipedia.org/wiki/Portrait_of_Isabella_d%27Este_(Titian)",
    "creation_place": "Venice",
    "creation_lat": 45.4408,
    "creation_lon": 12.3155,
    "_source": {
     "source": "Wikipedia: List of works by Titian",
     "coord": "MediaWiki coordinates API"
    },
    "museum_id": "kunsthistorisches-museum",
    "qid": "Q3853901",
    "wikidata": "https://www.wikidata.org/wiki/Q3853901",
    "wga_url": "https://www.wga.hu/html/t/tiziano/10/1/09isabel.html",
    "location_src": "Kunsthistorisches Museum",
    "kind": "museum",
    "form": "painting"
   }
  },
  {
   "type": "Feature",
   "geometry": {
    "type": "Point",
    "coordinates": [
     16.3616,
     48.20388
    ]
   },
   "properties": {
    "painter": "Titian",
    "title": "Girl in a Fur",
    "year": "c. 1535",
    "city": "Vienna",
    "country": "Austria",
    "location": "Kunsthistorisches Museum",
    "attribution": "generally accepted",
    "dimensions": "95 × 63 cm",
    "image": "https://upload.wikimedia.org/wikipedia/commons/thumb/d/d7/Tizian_038.jpg/500px-Tizian_038.jpg?utm_source=en.wikipedia.org&amp;utm_campaign=parser&amp;utm_content=thumbnail",
    "notable": true,
    "wikipedia_en": "https://en.wikipedia.org/wiki/Girl_in_a_Fur",
    "creation_place": "Venice",
    "creation_lat": 45.4408,
    "creation_lon": 12.3155,
    "_source": {
     "source": "Wikipedia: List of works by Titian",
     "coord": "MediaWiki coordinates API"
    },
    "museum_id": "kunsthistorisches-museum",
    "qid": "Q20069326",
    "wikidata": "https://www.wikidata.org/wiki/Q20069326",
    "wga_url": "https://www.wga.hu/html/t/tiziano/10/1/10woman1.html",
    "location_src": "Kunsthistorisches Museum",
    "kind": "museum",
    "form": "painting"
   }
  },
  {
   "type": "Feature",
   "geometry": {
    "type": "Point",
    "coordinates": [
     2.3358,
     48.8611
    ]
   },
   "properties": {
    "painter": "Titian",
    "title": "Pilgrims at Emmaus",
    "year": "c. 1533–1534",
    "city": "Paris",
    "country": "France",
    "location": "Louvre",
    "attribution": "generally accepted",
    "dimensions": "169 × 244 cm",
    "image": "https://upload.wikimedia.org/wikipedia/commons/thumb/f/fb/Salon_de_Mercure-LE_SOUPER_A_EMMAUS.jpg/500px-Salon_de_Mercure-LE_SOUPER_A_EMMAUS.jpg?utm_source=en.wikipedia.org&amp;utm_campaign=parser&amp;utm_content=thumbnail",
    "notable": true,
    "wikipedia_en": "https://en.wikipedia.org/wiki/Pilgrims_at_Emmaus",
    "creation_place": "Venice",
    "creation_lat": 45.4408,
    "creation_lon": 12.3155,
    "_source": {
     "source": "Wikipedia: List of works by Titian",
     "coord": "MediaWiki coordinates API"
    },
    "museum_id": "louvre",
    "qid": "Q11091772",
    "wikidata": "https://www.wikidata.org/wiki/Q11091772",
    "wga_url": "https://www.wga.hu/html/t/tiziano/03_1530s/3emmaus.html",
    "location_src": "Louvre",
    "kind": "museum",
    "form": "painting"
   }
  },
  {
   "type": "Feature",
   "geometry": {
    "type": "Point",
    "coordinates": [
     -2.97967,
     53.41007
    ]
   },
   "properties": {
    "painter": "Titian",
    "title": "Supper at Emmaus",
    "year": "c. 1534",
    "city": "Liverpool",
    "location": "Walker Art Gallery",
    "attribution": "generally accepted",
    "dimensions": "169 × 211 cm",
    "image": "https://upload.wikimedia.org/wikipedia/commons/thumb/1/1e/Titian_-_Supper_at_Emmaus%2C_c._1530-34.jpg/500px-Titian_-_Supper_at_Emmaus%2C_c._1530-34.jpg?utm_source=en.wikipedia.org&amp;utm_campaign=parser&amp;utm_content=thumbnail",
    "notable": true,
    "wikipedia_en": "https://en.wikipedia.org/wiki/Supper_at_Emmaus_(Titian)",
    "creation_place": "Venice",
    "creation_lat": 45.4408,
    "creation_lon": 12.3155,
    "_source": {
     "source": "Wikipedia: List of works by Titian",
     "coord": "MediaWiki coordinates API"
    },
    "museum_id": "walker-art-gallery",
    "country": "United Kingdom",
    "qid": "Q77984062",
    "wikidata": "https://www.wikidata.org/wiki/Q77984062",
    "location_src": "Walker Art Gallery",
    "kind": "museum",
    "form": "painting"
   }
  },
  {
   "type": "Feature",
   "geometry": {
    "type": "Point",
    "coordinates": [
     -6.25255,
     53.34091
    ]
   },
   "properties": {
    "painter": "Titian",
    "title": "Supper at Emmaus",
    "year": "c. 1545",
    "city": "Dublin City",
    "country": "Ireland",
    "location": "National Gallery of Ireland",
    "attribution": "generally accepted",
    "dimensions": "163 × 200 cm",
    "image": "https://upload.wikimedia.org/wikipedia/commons/thumb/e/e2/Tiziano_Vecelli_-_La_cena_in_Emmaus_%28National_Gallery_of_Ireland%29.jpg/500px-Tiziano_Vecelli_-_La_cena_in_Emmaus_%28National_Gallery_of_Ireland%29.jpg?utm_source=en.wikipedia.org&amp;utm_campaign=parser&amp;utm_content=thumbnail",
    "notable": true,
    "creation_place": "Venice",
    "creation_lat": 45.4408,
    "creation_lon": 12.3155,
    "_source": {
     "source": "Wikipedia: List of works by Titian",
     "coord": "MediaWiki coordinates API"
    },
    "museum_id": "national-gallery-of-ireland",
    "wga_url": "https://www.wga.hu/html/t/tiziano/03_1530s/3emmaus.html",
    "location_src": "National Gallery of Ireland",
    "kind": "museum",
    "form": "painting"
   }
  },
  {
   "type": "Feature",
   "geometry": {
    "type": "Point",
    "coordinates": [
     11.2501,
     43.7652
    ]
   },
   "properties": {
    "painter": "Titian",
    "title": "La Bella",
    "year": "1536",
    "city": "Florence",
    "country": "Italy",
    "location": "Palazzo Pitti",
    "attribution": "generally accepted",
    "dimensions": "100 × 75 cm",
    "image": "https://upload.wikimedia.org/wikipedia/commons/thumb/5/5c/Tizian_-_La_Bella.jpg/500px-Tizian_-_La_Bella.jpg?utm_source=en.wikipedia.org&amp;utm_campaign=parser&amp;utm_content=thumbnail",
    "notable": true,
    "wikipedia_en": "https://en.wikipedia.org/wiki/La_Bella",
    "creation_place": "Venice",
    "creation_lat": 45.4408,
    "creation_lon": 12.3155,
    "_source": {
     "source": "Wikipedia: List of works by Titian",
     "coord": "MediaWiki coordinates API"
    },
    "museum_id": "palazzo-pitti",
    "qid": "Q3784247",
    "wikidata": "https://www.wikidata.org/wiki/Q3784247",
    "wga_url": "https://www.wga.hu/html/t/tiziano/10/1/08bella.html",
    "location_src": "Palazzo Pitti",
    "kind": "museum",
    "form": "painting"
   }
  },
  {
   "type": "Feature",
   "geometry": {
    "type": "Point",
    "coordinates": [
     30.31361,
     59.94056
    ]
   },
   "properties": {
    "painter": "Titian",
    "title": "Portrait of a Young Woman with Feather Hat",
    "year": "c. 1536",
    "city": "Saint Petersburg",
    "country": "Russia",
    "location": "Hermitage Museum",
    "attribution": "generally accepted",
    "dimensions": "97 × 75 cm",
    "image": "https://upload.wikimedia.org/wikipedia/commons/thumb/d/d2/Tizian_074.jpg/500px-Tizian_074.jpg?utm_source=en.wikipedia.org&amp;utm_campaign=parser&amp;utm_content=thumbnail",
    "notable": true,
    "creation_place": "Venice",
    "creation_lat": 45.4408,
    "creation_lon": 12.3155,
    "_source": {
     "source": "Wikipedia: List of works by Titian",
     "coord": "MediaWiki coordinates API"
    },
    "museum_id": "hermitage-museum",
    "location_src": "Hermitage Museum",
    "kind": "museum",
    "form": "painting"
   }
  },
  {
   "type": "Feature",
   "geometry": {
    "type": "Point",
    "coordinates": [
     2.3358,
     48.8611
    ]
   },
   "properties": {
    "painter": "Titian",
    "title": "Allegory of Marriage",
    "year": "c. 1530–1535",
    "city": "Paris",
    "country": "France",
    "location": "Louvre",
    "attribution": "generally accepted",
    "dimensions": "123 × 107 cm",
    "image": "https://upload.wikimedia.org/wikipedia/commons/thumb/6/6d/Titien_-_Conjugal_allegory_-_Louvre.jpg/500px-Titien_-_Conjugal_allegory_-_Louvre.jpg?utm_source=en.wikipedia.org&amp;utm_campaign=parser&amp;utm_content=thumbnail",
    "notable": true,
    "wikipedia_en": "https://en.wikipedia.org/wiki/Allegory_of_Marriage",
    "creation_place": "Venice",
    "creation_lat": 45.4408,
    "creation_lon": 12.3155,
    "_source": {
     "source": "Wikipedia: List of works by Titian",
     "coord": "MediaWiki coordinates API"
    },
    "museum_id": "louvre",
    "qid": "Q3612410",
    "wikidata": "https://www.wikidata.org/wiki/Q3612410",
    "location_src": "Louvre",
    "kind": "museum",
    "form": "painting"
   }
  },
  {
   "type": "Feature",
   "geometry": {
    "type": "Point",
    "coordinates": [
     11.25528,
     43.76833
    ]
   },
   "properties": {
    "painter": "Titian",
    "title": "Portrait of Francesco Maria I della Rovere, Duke of Urbino",
    "year": "c. 1536–1538",
    "city": "Florence",
    "country": "Italy",
    "location": "Uffizi Gallery",
    "attribution": "generally accepted",
    "dimensions": "114.3 × 100 cm",
    "image": "https://upload.wikimedia.org/wikipedia/commons/thumb/9/9e/Tizian_062.jpg/500px-Tizian_062.jpg?utm_source=en.wikipedia.org&amp;utm_campaign=parser&amp;utm_content=thumbnail",
    "notable": true,
    "wikipedia_en": "https://en.wikipedia.org/wiki/Francesco_Maria_I_della_Rovere,_Duke_of_Urbino",
    "creation_place": "Venice",
    "creation_lat": 45.4408,
    "creation_lon": 12.3155,
    "_source": {
     "source": "Wikipedia: List of works by Titian",
     "coord": "MediaWiki coordinates API"
    },
    "museum_id": "uffizi-gallery",
    "wikidata": "https://www.wikidata.org/wiki/Q555015",
    "location_src": "Uffizi Gallery",
    "kind": "museum",
    "form": "painting",
    "qid_rejected": "Q555015",
    "qid_rejected_as": "human"
   }
  },
  {
   "type": "Feature",
   "geometry": {
    "type": "Point",
    "coordinates": [
     -73.9672,
     40.7711
    ]
   },
   "properties": {
    "painter": "Titian",
    "title": "Portrait of Pietro Aretino",
    "year": "c. 1537",
    "city": "New York",
    "location": "Frick Collection",
    "attribution": "generally accepted",
    "dimensions": "102 × 86 cm",
    "image": "https://upload.wikimedia.org/wikipedia/commons/thumb/f/f4/Tizian_070.jpg/500px-Tizian_070.jpg?utm_source=en.wikipedia.org&amp;utm_campaign=parser&amp;utm_content=thumbnail",
    "notable": true,
    "wikipedia_en": "https://en.wikipedia.org/wiki/Pietro_Aretino",
    "creation_place": "Venice",
    "creation_lat": 45.4408,
    "creation_lon": 12.3155,
    "_source": {
     "source": "Wikipedia: List of works by Titian",
     "coord": "MediaWiki coordinates API"
    },
    "museum_id": "frick-collection",
    "country": "United States",
    "wikidata": "https://www.wikidata.org/wiki/Q19857390",
    "location_src": "Frick Collection",
    "kind": "museum",
    "form": "painting",
    "qid_rejected": "Q296272",
    "qid_rejected_as": "human",
    "qid": "Q19857390",
    "_overrides": {
     "qid": {
      "at": "2026-09-25",
      "source": "Wikidata reconciliation",
      "note": "matched to Q19857390 by normalised title + year (±8), same creator (merge_wd_extras)"
     }
    }
   }
  },
  {
   "type": "Feature",
   "geometry": {
    "type": "Point",
    "coordinates": [
     -95.94602,
     41.26025
    ]
   },
   "properties": {
    "painter": "Titian",
    "title": "Portrait of a Man with a Falcon",
    "year": "c. 1537",
    "city": "Nebraska",
    "location": "Joslyn Art Museum",
    "attribution": "generally accepted",
    "dimensions": "109 × 94 cm",
    "image": "https://upload.wikimedia.org/wikipedia/commons/thumb/9/9b/Tiziano%2C_uomo_col_falcone.jpg/500px-Tiziano%2C_uomo_col_falcone.jpg?utm_source=en.wikipedia.org&amp;utm_campaign=parser&amp;utm_content=thumbnail",
    "notable": true,
    "wikipedia_en": "https://en.wikipedia.org/wiki/Portrait_of_a_Man_with_a_Falcon",
    "creation_place": "Venice",
    "creation_lat": 45.4408,
    "creation_lon": 12.3155,
    "_source": {
     "source": "Wikipedia: List of works by Titian",
     "coord": "MediaWiki coordinates API"
    },
    "museum_id": "joslyn-art-museum",
    "qid": "Q3937416",
    "wikidata": "https://www.wikidata.org/wiki/Q3937416",
    "country": "United States",
    "location_src": "Joslyn Art Museum",
    "kind": "museum",
    "form": "painting"
   }
  },
  {
   "type": "Feature",
   "geometry": {
    "type": "Point",
    "coordinates": [
     11.25528,
     43.76833
    ]
   },
   "properties": {
    "painter": "Titian",
    "title": "Portrait of Eleonora Gonzaga della Rovere",
    "year": "1538",
    "city": "Florence",
    "country": "Italy",
    "location": "Uffizi Gallery",
    "attribution": "generally accepted",
    "dimensions": "114 × 102.2 cm",
    "image": "https://upload.wikimedia.org/wikipedia/commons/thumb/1/10/Tizian_-_Portr%C3%A4t_der_Eleonora_Gonzaga.jpg/500px-Tizian_-_Portr%C3%A4t_der_Eleonora_Gonzaga.jpg?utm_source=en.wikipedia.org&amp;utm_campaign=parser&amp;utm_content=thumbnail",
    "notable": true,
    "wikipedia_en": "https://en.wikipedia.org/wiki/Portrait_of_Eleonora_Gonzaga_della_Rovere",
    "creation_place": "Venice",
    "creation_lat": 45.4408,
    "creation_lon": 12.3155,
    "_source": {
     "source": "Wikipedia: List of works by Titian",
     "coord": "MediaWiki coordinates API"
    },
    "museum_id": "uffizi-gallery",
    "qid": "Q3937511",
    "wikidata": "https://www.wikidata.org/wiki/Q3937511",
    "wga_url": "https://www.wga.hu/html/t/tiziano/10/3/2rovere2.html",
    "location_src": "Uffizi Gallery",
    "kind": "museum",
    "form": "painting"
   }
  },
  {
   "type": "Feature",
   "geometry": {
    "type": "Point",
    "coordinates": [
     11.25528,
     43.76833
    ]
   },
   "properties": {
    "painter": "Titian",
    "title": "Venus of Urbino",
    "year": "1538",
    "city": "Florence",
    "country": "Italy",
    "location": "Uffizi Gallery",
    "attribution": "generally accepted",
    "dimensions": "119 × 165 cm",
    "image": "https://upload.wikimedia.org/wikipedia/commons/thumb/8/8e/Tizian_-_Venus_von_Urbino.jpg/500px-Tizian_-_Venus_von_Urbino.jpg?utm_source=en.wikipedia.org&amp;utm_campaign=parser&amp;utm_content=thumbnail",
    "notable": true,
    "wikipedia_en": "https://en.wikipedia.org/wiki/Venus_of_Urbino",
    "creation_place": "Venice",
    "creation_lat": 45.4408,
    "creation_lon": 12.3155,
    "_source": {
     "source": "Wikipedia: List of works by Titian",
     "coord": "MediaWiki coordinates API"
    },
    "museum_id": "uffizi-gallery",
    "qid": "Q727875",
    "wikidata": "https://www.wikidata.org/wiki/Q727875",
    "wga_url": "https://www.wga.hu/html/t/tiziano/08/08urbin.html",
    "location_src": "Uffizi Gallery",
    "kind": "museum",
    "form": "painting"
   }
  },
  {
   "type": "Feature",
   "geometry": {
    "type": "Point",
    "coordinates": [
     9.18782,
     45.47196
    ]
   },
   "properties": {
    "painter": "Titian",
    "title": "Portrait of Count Antonio Porcia and Brugnera",
    "year": "c. 1535–1540",
    "city": "Milan",
    "country": "Italy",
    "location": "Pinacoteca di Brera",
    "attribution": "generally accepted",
    "dimensions": "115 × 93 cm",
    "image": "https://upload.wikimedia.org/wikipedia/commons/thumb/a/a0/Titian_-_Portrait_of_Count_Antonio_Porcia_-_WGA22968.jpg/500px-Titian_-_Portrait_of_Count_Antonio_Porcia_-_WGA22968.jpg?utm_source=en.wikipedia.org&amp;utm_campaign=parser&amp;utm_content=thumbnail",
    "notable": true,
    "wikipedia_en": "https://en.wikipedia.org/wiki/Portrait_of_Count_Antonio_Porcia_and_Brugnera",
    "creation_place": "Venice",
    "creation_lat": 45.4408,
    "creation_lon": 12.3155,
    "_source": {
     "source": "Wikipedia: List of works by Titian",
     "coord": "MediaWiki coordinates API"
    },
    "museum_id": "pinacoteca-di-brera",
    "qid": "Q3937430",
    "wikidata": "https://www.wikidata.org/wiki/Q3937430",
    "wga_url": "https://www.wga.hu/html/t/tiziano/10/22/07porcia.html",
    "location_src": "Pinacoteca di Brera",
    "kind": "museum",
    "form": "painting"
   }
  },
  {
   "type": "Feature",
   "geometry": {
    "type": "Point",
    "coordinates": [
     16.3616,
     48.20388
    ]
   },
   "properties": {
    "painter": "Titian",
    "title": "Portrait of Benedetto Varchi",
    "year": "c. 1536–1540",
    "city": "Vienna",
    "country": "Austria",
    "location": "Kunsthistorisches Museum",
    "attribution": "generally accepted",
    "dimensions": "119 .3 × 92.7 cm",
    "image": "https://upload.wikimedia.org/wikipedia/commons/thumb/a/ae/Benedetto_varchi_tiziano.jpg/500px-Benedetto_varchi_tiziano.jpg?utm_source=en.wikipedia.org&amp;utm_campaign=parser&amp;utm_content=thumbnail",
    "notable": true,
    "wikipedia_en": "https://en.wikipedia.org/wiki/Portrait_of_Benedetto_Varchi",
    "creation_place": "Venice",
    "creation_lat": 45.4408,
    "creation_lon": 12.3155,
    "_source": {
     "source": "Wikipedia: List of works by Titian",
     "coord": "MediaWiki coordinates API"
    },
    "museum_id": "kunsthistorisches-museum",
    "qid": "Q26899274",
    "wikidata": "https://www.wikidata.org/wiki/Q26899274",
    "wga_url": "https://www.wga.hu/html/t/tiziano/10/21/15varchi.html",
    "location_src": "Kunsthistorisches Museum",
    "kind": "museum",
    "form": "painting"
   }
  },
  {
   "type": "Feature",
   "geometry": {
    "type": "Point",
    "coordinates": [
     -77.02,
     38.89139
    ]
   },
   "properties": {
    "painter": "Titian",
    "title": "Portrait of Cardinal Pietro Bembo",
    "year": "1540",
    "city": "Washington, D.C.",
    "country": "United States",
    "location": "National Gallery of Art",
    "attribution": "generally accepted",
    "dimensions": "94.3 × 76.5 cm",
    "image": "https://upload.wikimedia.org/wikipedia/commons/thumb/e/e9/Pietro_Bembo_-_Titian.jpg/500px-Pietro_Bembo_-_Titian.jpg?utm_source=en.wikipedia.org&amp;utm_campaign=parser&amp;utm_content=thumbnail",
    "notable": true,
    "wikipedia_en": "https://en.wikipedia.org/wiki/Portrait_of_Cardinal_Pietro_Bembo",
    "creation_place": "Venice",
    "creation_lat": 45.4408,
    "creation_lon": 12.3155,
    "_source": {
     "source": "Wikipedia: List of works by Titian",
     "coord": "MediaWiki coordinates API"
    },
    "museum_id": "national-gallery-of-art",
    "qid": "Q4252531",
    "wikidata": "https://www.wikidata.org/wiki/Q4252531",
    "wga_url": "https://www.wga.hu/html/t/tiziano/10/21/15bembo.html",
    "location_src": "National Gallery of Art",
    "kind": "museum",
    "form": "painting"
   }
  },
  {
   "type": "Feature",
   "geometry": {
    "type": "Point",
    "coordinates": [
     -77.02,
     38.89139
    ]
   },
   "properties": {
    "painter": "Titian",
    "title": "Portrait of Doge Andrea Gritti",
    "year": "c. 1546–1550",
    "city": "Washington, D.C.",
    "country": "United States",
    "location": "National Gallery of Art",
    "attribution": "generally accepted",
    "dimensions": "133.3 × 103.2 cm",
    "image": "https://upload.wikimedia.org/wikipedia/commons/thumb/1/1f/Ritratto_del_Doge_Andrea_Gritti_-_Tiziano_059.jpg/500px-Ritratto_del_Doge_Andrea_Gritti_-_Tiziano_059.jpg?utm_source=en.wikipedia.org&amp;utm_campaign=parser&amp;utm_content=thumbnail",
    "notable": true,
    "wikipedia_en": "https://en.wikipedia.org/wiki/Portrait_of_Doge_Andrea_Gritti",
    "creation_place": "Venice",
    "creation_lat": 45.4408,
    "creation_lon": 12.3155,
    "_source": {
     "source": "Wikipedia: List of works by Titian",
     "coord": "MediaWiki coordinates API"
    },
    "museum_id": "national-gallery-of-art",
    "qid": "Q20176414",
    "wikidata": "https://www.wikidata.org/wiki/Q20176414",
    "wga_url": "https://www.wga.hu/html/t/tiziano/10/21/20gritti.html",
    "location_src": "National Gallery of Art",
    "kind": "museum",
    "form": "painting"
   }
  },
  {
   "type": "Feature",
   "geometry": {
    "type": "Point",
    "coordinates": [
     11.25528,
     43.76833
    ]
   },
   "properties": {
    "painter": "Titian",
    "title": "Portrait of Pope Sixtus IV",
    "year": "c. 1540",
    "city": "Florence",
    "country": "Italy",
    "location": "Uffizi Gallery",
    "attribution": "generally accepted",
    "dimensions": "109.5 × 87 cm",
    "image": "https://upload.wikimedia.org/wikipedia/commons/thumb/9/9b/Tizian_Portrait_Papst_Sixtus_IV_ca._1545-46_Uffizien_Florenz-01_%28cropped%29.jpg/500px-Tizian_Portrait_Papst_Sixtus_IV_ca._1545-46_Uffizien_Florenz-01_%28cropped%29.jpg?utm_source=en.wikipedia.org&amp;utm_campaign=parser&amp;utm_content=thumbnail",
    "notable": true,
    "wikipedia_en": "https://en.wikipedia.org/wiki/Portrait_of_Pope_Sixtus_IV",
    "creation_place": "Venice",
    "creation_lat": 45.4408,
    "creation_lon": 12.3155,
    "_source": {
     "source": "Wikipedia: List of works by Titian",
     "coord": "MediaWiki coordinates API"
    },
    "museum_id": "uffizi-gallery",
    "qid": "Q50422860",
    "wikidata": "https://www.wikidata.org/wiki/Q50422860",
    "location_src": "Uffizi Gallery",
    "kind": "museum",
    "form": "painting"
   }
  },
  {
   "type": "Feature",
   "geometry": {
    "type": "Point",
    "coordinates": [
     2.15331,
     41.36833
    ]
   },
   "properties": {
    "painter": "Titian",
    "title": "Sciarra Madonna",
    "year": "c. 1540",
    "city": "Sants-Montjuïc",
    "country": "Spain",
    "location": "Museu Nacional d'Art de Catalunya",
    "attribution": "generally accepted",
    "image": "https://upload.wikimedia.org/wikipedia/commons/thumb/8/80/Tiziano%2C_madonna_col_bambino_thyssen.jpg/500px-Tiziano%2C_madonna_col_bambino_thyssen.jpg?utm_source=en.wikipedia.org&amp;utm_campaign=parser&amp;utm_content=thumbnail",
    "notable": true,
    "wikipedia_en": "https://en.wikipedia.org/wiki/Sciarra_Madonna",
    "creation_place": "Venice",
    "creation_lat": 45.4408,
    "creation_lon": 12.3155,
    "_source": {
     "source": "Wikipedia: List of works by Titian",
     "coord": "MediaWiki coordinates API"
    },
    "museum_id": "museu-nacional-d-art-de-catalunya",
    "qid": "Q3842423",
    "wikidata": "https://www.wikidata.org/wiki/Q3842423",
    "wga_url": "https://www.wga.hu/html/t/tiziano/04_1540s/5virginc.html",
    "location_src": "Museu Nacional d'Art de Catalunya",
    "kind": "museum",
    "form": "painting"
   }
  },
  {
   "type": "Feature",
   "geometry": {
    "type": "Point",
    "coordinates": [
     -3.6922,
     40.4139
    ]
   },
   "properties": {
    "painter": "Titian",
    "title": "Alfonso d'Avalos Addressing His Troops",
    "year": "c. 1540–1541",
    "city": "Madrid",
    "country": "Spain",
    "location": "Museo del Prado",
    "attribution": "generally accepted",
    "dimensions": "223 × 165 cm",
    "image": "https://upload.wikimedia.org/wikipedia/commons/thumb/f/ff/The_Marquis_of_Vasto_addressing_his_troops.jpg/500px-The_Marquis_of_Vasto_addressing_his_troops.jpg?utm_source=en.wikipedia.org&amp;utm_campaign=parser&amp;utm_content=thumbnail",
    "notable": true,
    "wikipedia_en": "https://en.wikipedia.org/wiki/Alfonso_d%27Avalos_Addressing_his_Troops",
    "creation_place": "Venice",
    "creation_lat": 45.4408,
    "creation_lon": 12.3155,
    "_source": {
     "source": "Wikipedia: List of works by Titian",
     "coord": "MediaWiki coordinates API"
    },
    "museum_id": "museo-del-prado",
    "qid": "Q4722116",
    "wikidata": "https://www.wikidata.org/wiki/Q4722116",
    "wga_url": "https://www.wga.hu/html/t/tiziano/10/3/3vasto.html",
    "location_src": "Museo del Prado",
    "kind": "museum",
    "form": "painting"
   }
  },
  {
   "type": "Feature",
   "geometry": {
    "type": "Point",
    "coordinates": [
     12.33247,
     45.44634
    ]
   },
   "properties": {
    "painter": "Titian",
    "title": "Tobias and the Angel",
    "year": "c. 1540–1545",
    "city": "Venice",
    "country": "Italy",
    "location": "Madonna dell'Orto",
    "attribution": "generally accepted",
    "dimensions": "200 × 140 cm",
    "image": "https://upload.wikimedia.org/wikipedia/commons/thumb/a/a6/Madonna_dell%27Orto_%28Venice%29_-_Chapel_Vendramin_-_Arcangel_Raphael_and_Tobias_by_Titien.jpg/500px-Madonna_dell%27Orto_%28Venice%29_-_Chapel_Vendramin_-_Arcangel_Raphael_and_Tobias_by_Titien.jpg?utm_source=en.wikipedia.org&amp;utm_campaign=parser&amp;utm_content=thumbnail",
    "notable": true,
    "creation_place": "Venice",
    "creation_lat": 45.4408,
    "creation_lon": 12.3155,
    "_source": {
     "source": "Wikipedia: List of works by Titian",
     "coord": "MediaWiki coordinates API"
    },
    "museum_id": "madonna-dell-orto",
    "location_src": "Madonna dell'Orto",
    "kind": "church",
    "form": "painting",
    "qid": "Q114601165",
    "wikidata": "https://www.wikidata.org/wiki/Q114601165",
    "_overrides": {
     "qid": {
      "at": "2026-09-25",
      "source": "Wikidata reconciliation",
      "note": "matched to Q114601165 by normalised title + year (±8), same creator (merge_wd_extras)"
     }
    }
   }
  },
  {
   "type": "Feature",
   "geometry": {
    "type": "Point",
    "coordinates": [
     13.36472,
     52.50861
    ]
   },
   "properties": {
    "painter": "Titian",
    "title": "Portrait of Clarissa Strozzi",
    "year": "1542",
    "city": "Berlin",
    "country": "Germany",
    "location": "Gemäldegalerie Berlin",
    "attribution": "generally accepted",
    "dimensions": "115 × 98 cm",
    "image": "https://upload.wikimedia.org/wikipedia/commons/thumb/3/3b/Clarissa_Strozzi.jpg/500px-Clarissa_Strozzi.jpg?utm_source=en.wikipedia.org&amp;utm_campaign=parser&amp;utm_content=thumbnail",
    "notable": true,
    "wikipedia_en": "https://en.wikipedia.org/wiki/Portrait_of_Clarissa_Strozzi",
    "creation_place": "Venice",
    "creation_lat": 45.4408,
    "creation_lon": 12.3155,
    "_source": {
     "source": "Wikipedia: List of works by Titian",
     "coord": "MediaWiki coordinates API"
    },
    "museum_id": "gemaldegalerie-berlin",
    "qid": "Q5128805",
    "wikidata": "https://www.wikidata.org/wiki/Q5128805",
    "wga_url": "https://www.wga.hu/html/t/tiziano/10/1/11claris.html",
    "location_src": "Gemäldegalerie Berlin",
    "kind": "museum",
    "form": "painting",
    "city_src": "Bezirk Mitte"
   }
  },
  {
   "type": "Feature",
   "geometry": {
    "type": "Point",
    "coordinates": [
     2.3358,
     48.8611
    ]
   },
   "properties": {
    "painter": "Titian",
    "title": "The Crowning with Thorns",
    "year": "c. 1542–1544",
    "city": "Paris",
    "country": "France",
    "location": "Louvre",
    "attribution": "generally accepted",
    "dimensions": "303 × 180 cm",
    "image": "https://upload.wikimedia.org/wikipedia/commons/thumb/1/17/Titian_-_Christ_crowned_with_Thorns_-_Louvre.jpg/500px-Titian_-_Christ_crowned_with_Thorns_-_Louvre.jpg?utm_source=en.wikipedia.org&amp;utm_campaign=parser&amp;utm_content=thumbnail",
    "notable": true,
    "wikipedia_en": "https://en.wikipedia.org/wiki/The_Crowning_with_Thorns_(Titian,_Paris)",
    "creation_place": "Venice",
    "creation_lat": 45.4408,
    "creation_lon": 12.3155,
    "_source": {
     "source": "Wikipedia: List of works by Titian",
     "coord": "MediaWiki coordinates API"
    },
    "museum_id": "louvre",
    "qid": "Q24090",
    "wikidata": "https://www.wikidata.org/wiki/Q24090",
    "wga_url": "https://www.wga.hu/html/t/tiziano/04_1540s/1crownin.html",
    "location_src": "Louvre",
    "kind": "museum",
    "form": "painting"
   }
  },
  {
   "type": "Feature",
   "geometry": {
    "type": "Point",
    "coordinates": [
     12.63647,
     43.72434
    ]
   },
   "properties": {
    "painter": "Titian",
    "title": "Last Supper",
    "year": "c. 1542–1544",
    "city": "Urbino",
    "location": "Galleria Nazionale delle Marche",
    "attribution": "generally accepted",
    "dimensions": "163 × 104 cm",
    "image": "https://upload.wikimedia.org/wikipedia/commons/thumb/8/88/Ultima_Cena_%281542-1544%29_-_Tiziano_Vecellio.jpg/500px-Ultima_Cena_%281542-1544%29_-_Tiziano_Vecellio.jpg?utm_source=en.wikipedia.org&amp;utm_campaign=parser&amp;utm_content=thumbnail",
    "notable": true,
    "creation_place": "Venice",
    "creation_lat": 45.4408,
    "creation_lon": 12.3155,
    "_source": {
     "source": "Wikipedia: List of works by Titian",
     "coord": "MediaWiki coordinates API"
    },
    "museum_id": "galleria-nazionale-delle-marche",
    "country": "Italy",
    "location_src": "Galleria Nazionale delle Marche",
    "kind": "museum",
    "form": "painting",
    "qid": "Q127433409",
    "wikidata": "https://www.wikidata.org/wiki/Q127433409",
    "_overrides": {
     "qid": {
      "at": "2026-09-25",
      "source": "Wikidata reconciliation",
      "note": "matched to Q127433409 by normalised title + year (±8), same creator (merge_wd_extras)"
     }
    }
   }
  },
  {
   "type": "Feature",
   "geometry": {
    "type": "Point",
    "coordinates": [
     11.2501,
     43.7652
    ]
   },
   "properties": {
    "painter": "Titian",
    "title": "Portrait of a Young Englishman",
    "year": "c. 1540–1545",
    "city": "Florence",
    "country": "Italy",
    "location": "Palazzo Pitti",
    "attribution": "generally accepted",
    "dimensions": "111 × 93 cm",
    "image": "https://upload.wikimedia.org/wikipedia/commons/thumb/9/9b/Tizian_076.jpg/500px-Tizian_076.jpg?utm_source=en.wikipedia.org&amp;utm_campaign=parser&amp;utm_content=thumbnail",
    "notable": true,
    "wikipedia_en": "https://en.wikipedia.org/wiki/Portrait_of_a_Young_Englishman",
    "creation_place": "Venice",
    "creation_lat": 45.4408,
    "creation_lon": 12.3155,
    "_source": {
     "source": "Wikipedia: List of works by Titian",
     "coord": "MediaWiki coordinates API"
    },
    "museum_id": "palazzo-pitti",
    "qid": "Q11136256",
    "wikidata": "https://www.wikidata.org/wiki/Q11136256",
    "wga_url": "https://www.wga.hu/html/t/tiziano/10/21/17englis.html",
    "location_src": "Palazzo Pitti",
    "kind": "museum",
    "form": "painting"
   }
  },
  {
   "type": "Feature",
   "geometry": {
    "type": "Point",
    "coordinates": [
     -77.02,
     38.89139
    ]
   },
   "properties": {
    "painter": "Titian",
    "title": "Portrait of Ranuccio Farnese",
    "year": "1542",
    "city": "Washington, D.C.",
    "country": "United States",
    "location": "National Gallery of Art",
    "attribution": "generally accepted",
    "dimensions": "89.7 × 73.6 cm",
    "image": "https://upload.wikimedia.org/wikipedia/commons/thumb/2/29/Titian_-_Ranuccio_Farnese_-_Google_Art_Project.jpg/500px-Titian_-_Ranuccio_Farnese_-_Google_Art_Project.jpg?utm_source=en.wikipedia.org&amp;utm_campaign=parser&amp;utm_content=thumbnail",
    "notable": true,
    "wikipedia_en": "https://en.wikipedia.org/wiki/Portrait_of_Ranuccio_Farnese",
    "creation_place": "Venice",
    "creation_lat": 45.4408,
    "creation_lon": 12.3155,
    "_source": {
     "source": "Wikipedia: List of works by Titian",
     "coord": "MediaWiki coordinates API"
    },
    "museum_id": "national-gallery-of-art",
    "qid": "Q12146958",
    "wikidata": "https://www.wikidata.org/wiki/Q12146958",
    "wga_url": "https://www.wga.hu/html/t/tiziano/10/21/16farnes.html",
    "location_src": "National Gallery of Art",
    "kind": "museum",
    "form": "painting"
   }
  },
  {
   "type": "Feature",
   "geometry": {
    "type": "Point",
    "coordinates": [
     14.25053,
     40.86701
    ]
   },
   "properties": {
    "painter": "Titian",
    "title": "Portrait of Pope Paul III",
    "year": "1543",
    "city": "Naples",
    "country": "Italy",
    "location": "Museo di Capodimonte",
    "attribution": "generally accepted",
    "dimensions": "108 × 80 cm",
    "image": "https://upload.wikimedia.org/wikipedia/commons/thumb/d/d4/Portrait_of_Pope_Paul_III_Farnese_%28by_Titian%29_-_National_Museum_of_Capodimonte.jpg/500px-Portrait_of_Pope_Paul_III_Farnese_%28by_Titian%29_-_National_Museum_of_Capodimonte.jpg?utm_source=en.wikipedia.org&amp;utm_campaign=parser&amp;utm_content=thumbnail",
    "notable": true,
    "wikipedia_en": "https://en.wikipedia.org/wiki/Portrait_of_Pope_Paul_III_(Titian)",
    "creation_place": "Venice",
    "creation_lat": 45.4408,
    "creation_lon": 12.3155,
    "_source": {
     "source": "Wikipedia: List of works by Titian",
     "coord": "MediaWiki coordinates API"
    },
    "museum_id": "museo-di-capodimonte",
    "qid": "Q3937643",
    "wikidata": "https://www.wikidata.org/wiki/Q3937643",
    "wga_url": "https://www.wga.hu/html/t/tiziano/10/22/02popepa.html",
    "location_src": "Museo di Capodimonte",
    "kind": "museum",
    "form": "painting"
   }
  },
  {
   "type": "Feature",
   "geometry": {
    "type": "Point",
    "coordinates": [
     16.3616,
     48.20388
    ]
   },
   "properties": {
    "painter": "Titian",
    "title": "Ecce Homo",
    "year": "1543",
    "city": "Vienna",
    "country": "Austria",
    "location": "Kunsthistorisches Museum",
    "attribution": "generally accepted",
    "dimensions": "242 × 361 cm",
    "image": "https://upload.wikimedia.org/wikipedia/commons/thumb/c/c0/Tiziano_Vecellio%2C_called_Titian_-_Ecce_Homo_-_Google_Art_Project.jpg/500px-Tiziano_Vecellio%2C_called_Titian_-_Ecce_Homo_-_Google_Art_Project.jpg?utm_source=en.wikipedia.org&amp;utm_campaign=parser&amp;utm_content=thumbnail",
    "notable": true,
    "wikipedia_en": "https://en.wikipedia.org/wiki/Ecce_Homo_(Titian,_Vienna)",
    "creation_place": "Venice",
    "creation_lat": 45.4408,
    "creation_lon": 12.3155,
    "_source": {
     "source": "Wikipedia: List of works by Titian",
     "coord": "MediaWiki coordinates API"
    },
    "museum_id": "kunsthistorisches-museum",
    "qid": "Q4411819",
    "wikidata": "https://www.wikidata.org/wiki/Q4411819",
    "wga_url": "https://www.wga.hu/html/t/tiziano/04_1540s/6ecceho.html",
    "location_src": "Kunsthistorisches Museum",
    "kind": "museum",
    "form": "painting"
   }
  },
  {
   "type": "Feature",
   "geometry": {
    "type": "Point",
    "coordinates": [
     12.33444,
     45.43083
    ]
   },
   "properties": {
    "painter": "Titian",
    "title": "Cain Slaying Abel",
    "year": "1543–44",
    "city": "Venice",
    "country": "Italy",
    "location": "Santa Maria della Salute",
    "attribution": "generally accepted",
    "dimensions": "292.1 × 280.0 cm",
    "image": "https://upload.wikimedia.org/wikipedia/commons/thumb/1/1b/Titian_-_Cain_and_Abel.JPG/500px-Titian_-_Cain_and_Abel.JPG?utm_source=en.wikipedia.org&amp;utm_campaign=parser&amp;utm_content=thumbnail",
    "notable": true,
    "wikipedia_en": "https://en.wikipedia.org/wiki/Cain_and_Abel_(Titian)",
    "creation_place": "Venice",
    "creation_lat": 45.4408,
    "creation_lon": 12.3155,
    "_source": {
     "source": "Wikipedia: List of works by Titian",
     "coord": "MediaWiki coordinates API"
    },
    "museum_id": "santa-maria-della-salute",
    "qid": "Q85860175",
    "wikidata": "https://www.wikidata.org/wiki/Q85860175",
    "wga_url": "https://www.wga.hu/html/t/tiziano/01b/4cain.html",
    "location_src": "Santa Maria della Salute",
    "kind": "church",
    "form": "painting"
   }
  },
  {
   "type": "Feature",
   "geometry": {
    "type": "Point",
    "coordinates": [
     12.33444,
     45.43083
    ]
   },
   "properties": {
    "painter": "Titian",
    "title": "David and Goliath",
    "year": "1543–44",
    "city": "Venice",
    "country": "Italy",
    "location": "Santa Maria della Salute",
    "attribution": "generally accepted",
    "dimensions": "292.1 × 281.9 cm",
    "image": "https://upload.wikimedia.org/wikipedia/commons/thumb/c/c4/Tycjan_David_i_Goliat.jpg/500px-Tycjan_David_i_Goliat.jpg?utm_source=en.wikipedia.org&amp;utm_campaign=parser&amp;utm_content=thumbnail",
    "notable": true,
    "wikipedia_en": "https://en.wikipedia.org/wiki/David_and_Goliath_(Titian)",
    "creation_place": "Venice",
    "creation_lat": 45.4408,
    "creation_lon": 12.3155,
    "_source": {
     "source": "Wikipedia: List of works by Titian",
     "coord": "MediaWiki coordinates API"
    },
    "museum_id": "santa-maria-della-salute",
    "qid": "Q86674601",
    "wikidata": "https://www.wikidata.org/wiki/Q86674601",
    "location_src": "Santa Maria della Salute",
    "kind": "church",
    "form": "painting"
   }
  },
  {
   "type": "Feature",
   "geometry": {
    "type": "Point",
    "coordinates": [
     12.33444,
     45.43083
    ]
   },
   "properties": {
    "painter": "Titian",
    "title": "Abraham and Isaac",
    "year": "1542–44",
    "city": "Venice",
    "country": "Italy",
    "location": "Santa Maria della Salute",
    "attribution": "generally accepted",
    "dimensions": "328 cm × 285 cm",
    "image": "https://upload.wikimedia.org/wikipedia/commons/thumb/e/ec/Titian_-_Sacrifice_of_Isaac_-_WGA22780.jpg/500px-Titian_-_Sacrifice_of_Isaac_-_WGA22780.jpg?utm_source=en.wikipedia.org&amp;utm_campaign=parser&amp;utm_content=thumbnail",
    "notable": true,
    "wikipedia_en": "https://en.wikipedia.org/wiki/Abraham_and_Isaac_(Titian)",
    "creation_place": "Venice",
    "creation_lat": 45.4408,
    "creation_lon": 12.3155,
    "_source": {
     "source": "Wikipedia: List of works by Titian",
     "coord": "MediaWiki coordinates API"
    },
    "museum_id": "santa-maria-della-salute",
    "qid": "Q86674529",
    "wikidata": "https://www.wikidata.org/wiki/Q86674529",
    "wga_url": "https://www.wga.hu/html/t/tiziano/01b/4isaac.html",
    "location_src": "Santa Maria della Salute",
    "kind": "church",
    "form": "painting"
   }
  },
  {
   "type": "Feature",
   "geometry": {
    "type": "Point",
    "coordinates": [
     11.2501,
     43.7652
    ]
   },
   "properties": {
    "painter": "Titian",
    "title": "Portrait of Pietro Aretino",
    "year": "c. 1545",
    "city": "Florence",
    "country": "Italy",
    "location": "Palazzo Pitti",
    "attribution": "generally accepted",
    "dimensions": "98 × 78 cm",
    "image": "https://upload.wikimedia.org/wikipedia/commons/thumb/6/67/Tizian_069.jpg/500px-Tizian_069.jpg?utm_source=en.wikipedia.org&amp;utm_campaign=parser&amp;utm_content=thumbnail",
    "notable": true,
    "wikipedia_en": "https://en.wikipedia.org/wiki/Portrait_of_Pietro_Aretino",
    "creation_place": "Venice",
    "creation_lat": 45.4408,
    "creation_lon": 12.3155,
    "_source": {
     "source": "Wikipedia: List of works by Titian",
     "coord": "MediaWiki coordinates API"
    },
    "museum_id": "palazzo-pitti",
    "qid": "Q7232305",
    "wikidata": "https://www.wikidata.org/wiki/Q7232305",
    "wga_url": "https://www.wga.hu/html/t/tiziano/10/21/19aretin.html",
    "location_src": "Palazzo Pitti",
    "kind": "museum",
    "form": "painting"
   }
  },
  {
   "type": "Feature",
   "geometry": {
    "type": "Point",
    "coordinates": [
     14.25053,
     40.86701
    ]
   },
   "properties": {
    "painter": "Titian",
    "title": "Portrait of Cardinal Alessandro Farnese",
    "year": "c.1545-1546",
    "city": "Naples",
    "country": "Italy",
    "location": "Museo di Capodimonte",
    "attribution": "generally accepted",
    "image": "https://upload.wikimedia.org/wikipedia/commons/thumb/1/1a/Tiziano_Cardinale_Alessandro_Farnese.jpg/500px-Tiziano_Cardinale_Alessandro_Farnese.jpg?utm_source=en.wikipedia.org&amp;utm_campaign=parser&amp;utm_content=thumbnail",
    "notable": true,
    "wikipedia_en": "https://en.wikipedia.org/wiki/Portrait_of_Cardinal_Alessandro_Farnese_(Titian)",
    "creation_place": "Venice",
    "creation_lat": 45.4408,
    "creation_lon": 12.3155,
    "_source": {
     "source": "Wikipedia: List of works by Titian",
     "coord": "MediaWiki coordinates API"
    },
    "museum_id": "museo-di-capodimonte",
    "qid": "Q64766792",
    "wikidata": "https://www.wikidata.org/wiki/Q64766792",
    "wga_url": "https://www.wga.hu/html/t/tiziano/10/22/04farnes.html",
    "location_src": "Museo di Capodimonte",
    "kind": "museum",
    "form": "painting"
   }
  },
  {
   "type": "Feature",
   "geometry": {
    "type": "Point",
    "coordinates": [
     14.25053,
     40.86701
    ]
   },
   "properties": {
    "painter": "Titian",
    "title": "Pope Paul III and His Grandsons",
    "year": "1546",
    "city": "Naples",
    "country": "Italy",
    "location": "Museo di Capodimonte",
    "attribution": "generally accepted",
    "dimensions": "210 × 174 cm",
    "image": "https://upload.wikimedia.org/wikipedia/commons/thumb/7/77/Tizian_068.jpg/500px-Tizian_068.jpg?utm_source=en.wikipedia.org&amp;utm_campaign=parser&amp;utm_content=thumbnail",
    "notable": true,
    "wikipedia_en": "https://en.wikipedia.org/wiki/Pope_Paul_III_and_His_Grandsons",
    "creation_place": "Venice",
    "creation_lat": 45.4408,
    "creation_lon": 12.3155,
    "_source": {
     "source": "Wikipedia: List of works by Titian",
     "coord": "MediaWiki coordinates API"
    },
    "museum_id": "museo-di-capodimonte",
    "qid": "Q180632",
    "wikidata": "https://www.wikidata.org/wiki/Q180632",
    "wga_url": "https://www.wga.hu/html/t/tiziano/10/3/4paul3.html",
    "location_src": "Museo di Capodimonte",
    "kind": "museum",
    "form": "painting"
   }
  },
  {
   "type": "Feature",
   "geometry": {
    "type": "Point",
    "coordinates": [
     14.25053,
     40.86701
    ]
   },
   "properties": {
    "painter": "Titian",
    "title": "Danaë (one of at least four versions)",
    "year": "1546",
    "city": "Naples",
    "country": "Italy",
    "location": "Museo di Capodimonte",
    "attribution": "generally accepted",
    "dimensions": "120 × 172 cm",
    "image": "https://upload.wikimedia.org/wikipedia/commons/thumb/7/78/Tizian_011.jpg/500px-Tizian_011.jpg?utm_source=en.wikipedia.org&amp;utm_campaign=parser&amp;utm_content=thumbnail",
    "notable": true,
    "wikipedia_en": "https://en.wikipedia.org/wiki/Dana%C3%AB_(Titian_paintings)",
    "creation_place": "Venice",
    "creation_lat": 45.4408,
    "creation_lon": 12.3155,
    "_source": {
     "source": "Wikipedia: List of works by Titian",
     "coord": "MediaWiki coordinates API"
    },
    "museum_id": "museo-di-capodimonte",
    "wikidata": "https://www.wikidata.org/wiki/Q1634112",
    "location_src": "Museo di Capodimonte",
    "kind": "museum",
    "form": "painting",
    "qid_rejected": "Q1634112",
    "qid_rejected_as": "painting series"
   }
  },
  {
   "type": "Feature",
   "geometry": {
    "type": "Point",
    "coordinates": [
     -0.1283,
     51.5089
    ]
   },
   "properties": {
    "painter": "Titian",
    "title": "Portrait of the Vendramin Family",
    "year": "1547",
    "city": "London",
    "country": "United Kingdom",
    "location": "National Gallery",
    "attribution": "generally accepted",
    "dimensions": "206 × 301 cm",
    "image": "https://upload.wikimedia.org/wikipedia/commons/thumb/5/5a/Titian_and_workshop_-_The_Vendramin_Family%2C_venerating_a_Relic_of_the_True_Cross_-_Google_Art_Project.jpg/500px-Titian_and_workshop_-_The_Vendramin_Family%2C_venerating_a_Relic_of_the_True_Cross_-_Google_Art_Project.jpg?utm_source=en.wikipedia.org&amp;utm_campaign=parser&amp;utm_content=thumbnail",
    "notable": true,
    "wikipedia_en": "https://en.wikipedia.org/wiki/Portrait_of_the_Vendramin_Family",
    "creation_place": "Venice",
    "creation_lat": 45.4408,
    "creation_lon": 12.3155,
    "_source": {
     "source": "Wikipedia: List of works by Titian",
     "coord": "MediaWiki coordinates API"
    },
    "museum_id": "national-gallery",
    "qid": "Q1133103",
    "wikidata": "https://www.wikidata.org/wiki/Q1133103",
    "wga_url": "https://www.wga.hu/html/t/tiziano/04_1540s/4vendra2.html",
    "location_src": "National Gallery",
    "kind": "museum",
    "form": "painting"
   }
  },
  {
   "type": "Feature",
   "geometry": {
    "type": "Point",
    "coordinates": [
     -3.6922,
     40.4139
    ]
   },
   "properties": {
    "painter": "Titian",
    "title": "Equestrian Portrait of Charles V",
    "year": "1548",
    "city": "Madrid",
    "country": "Spain",
    "location": "Museo del Prado",
    "attribution": "generally accepted",
    "dimensions": "332 × 279 cm",
    "image": "https://upload.wikimedia.org/wikipedia/commons/thumb/d/d2/Carlos_V_en_M%C3%BChlberg%2C_by_Titian%2C_from_Prado_in_Google_Earth.jpg/500px-Carlos_V_en_M%C3%BChlberg%2C_by_Titian%2C_from_Prado_in_Google_Earth.jpg?utm_source=en.wikipedia.org&amp;utm_campaign=parser&amp;utm_content=thumbnail",
    "notable": true,
    "wikipedia_en": "https://en.wikipedia.org/wiki/Equestrian_Portrait_of_Charles_V",
    "creation_place": "Venice",
    "creation_lat": 45.4408,
    "creation_lon": 12.3155,
    "_source": {
     "source": "Wikipedia: List of works by Titian",
     "coord": "MediaWiki coordinates API"
    },
    "museum_id": "museo-del-prado",
    "qid": "Q1123378",
    "wikidata": "https://www.wikidata.org/wiki/Q1123378",
    "wga_url": "https://www.wga.hu/html/t/tiziano/10/22/06charle.html",
    "location_src": "Museo del Prado",
    "kind": "museum",
    "form": "painting"
   }
  },
  {
   "type": "Feature",
   "geometry": {
    "type": "Point",
    "coordinates": [
     11.57,
     48.14833
    ]
   },
   "properties": {
    "painter": "Titian",
    "title": "Portrait of Charles V Seated",
    "year": "1548",
    "city": "Munich",
    "country": "Germany",
    "location": "Alte Pinakothek",
    "attribution": "generally accepted",
    "dimensions": "205 × 122 cm",
    "image": "https://upload.wikimedia.org/wikipedia/commons/thumb/2/2f/Karl_V.-Carlos_I._1548_%28Tiziano_Vecellio%3F%29_066.jpg/500px-Karl_V.-Carlos_I._1548_%28Tiziano_Vecellio%3F%29_066.jpg?utm_source=en.wikipedia.org&amp;utm_campaign=parser&amp;utm_content=thumbnail",
    "notable": true,
    "wikipedia_en": "https://en.wikipedia.org/wiki/Portrait_of_Charles_V_(Titian,_Munich)",
    "creation_place": "Venice",
    "creation_lat": 45.4408,
    "creation_lon": 12.3155,
    "_source": {
     "source": "Wikipedia: List of works by Titian",
     "coord": "MediaWiki coordinates API"
    },
    "museum_id": "alte-pinakothek",
    "qid": "Q2609585",
    "wikidata": "https://www.wikidata.org/wiki/Q2609585",
    "wga_url": "https://www.wga.hu/html/t/tiziano/10/22/05charle.html",
    "location_src": "Alte Pinakothek",
    "venue_of": "Bavarian State Painting Collections",
    "kind": "museum",
    "form": "painting"
   }
  },
  {
   "type": "Feature",
   "geometry": {
    "type": "Point",
    "coordinates": [
     -3.6922,
     40.4139
    ]
   },
   "properties": {
    "painter": "Titian",
    "title": "Portrait of Isabella of Portugal",
    "year": "1548",
    "city": "Madrid",
    "country": "Spain",
    "location": "Museo del Prado",
    "attribution": "generally accepted",
    "dimensions": "117 × 93 cm",
    "image": "https://upload.wikimedia.org/wikipedia/commons/thumb/b/b7/Isabella_of_Portugal_by_Titian.jpg/500px-Isabella_of_Portugal_by_Titian.jpg?utm_source=en.wikipedia.org&amp;utm_campaign=parser&amp;utm_content=thumbnail",
    "notable": true,
    "wikipedia_en": "https://en.wikipedia.org/wiki/Portrait_of_Isabella_of_Portugal_(Titian)",
    "creation_place": "Venice",
    "creation_lat": 45.4408,
    "creation_lon": 12.3155,
    "_source": {
     "source": "Wikipedia: List of works by Titian",
     "coord": "MediaWiki coordinates API"
    },
    "museum_id": "museo-del-prado",
    "qid": "Q7232280",
    "wikidata": "https://www.wikidata.org/wiki/Q7232280",
    "wga_url": "https://www.wga.hu/html/t/tiziano/10/1/13isabel.html",
    "location_src": "Museo del Prado",
    "kind": "museum",
    "form": "painting"
   }
  },
  {
   "type": "Feature",
   "geometry": {
    "type": "Point",
    "coordinates": [
     -3.6922,
     40.4139
    ]
   },
   "properties": {
    "painter": "Titian",
    "title": "Venus and Musician",
    "year": "1548",
    "city": "Madrid",
    "country": "Spain",
    "location": "Museo del Prado",
    "attribution": "generally accepted",
    "dimensions": "148 × 217 cm",
    "image": "https://upload.wikimedia.org/wikipedia/commons/thumb/d/dc/Venus_and_organist_and_little_dog.jpg/500px-Venus_and_organist_and_little_dog.jpg?utm_source=en.wikipedia.org&amp;utm_campaign=parser&amp;utm_content=thumbnail",
    "notable": true,
    "wikipedia_en": "https://en.wikipedia.org/wiki/Venus_and_Musician",
    "creation_place": "Venice",
    "creation_lat": 45.4408,
    "creation_lon": 12.3155,
    "_source": {
     "source": "Wikipedia: List of works by Titian",
     "coord": "MediaWiki coordinates API"
    },
    "museum_id": "museo-del-prado",
    "wikidata": "https://www.wikidata.org/wiki/Q7920622",
    "wga_url": "https://www.wga.hu/html/t/tiziano/09/05organ.html",
    "location_src": "Museo del Prado",
    "kind": "museum",
    "form": "painting",
    "qid_shared": "Q7920622"
   }
  },
  {
   "type": "Feature",
   "geometry": {
    "type": "Point",
    "coordinates": [
     -3.6922,
     40.4139
    ]
   },
   "properties": {
    "painter": "Titian",
    "title": "John Frederick I, Elector of Saxony in Armour",
    "year": "1548",
    "city": "Madrid",
    "country": "Spain",
    "location": "Museo del Prado",
    "attribution": "generally accepted",
    "dimensions": "129 × 93 cm",
    "image": "https://upload.wikimedia.org/wikipedia/commons/thumb/6/6b/Johann_Friedrich_%28Sachsen%29.jpg/500px-Johann_Friedrich_%28Sachsen%29.jpg?utm_source=en.wikipedia.org&amp;utm_campaign=parser&amp;utm_content=thumbnail",
    "notable": true,
    "wikipedia_en": "https://en.wikipedia.org/wiki/John_Frederick_I,_Elector_of_Saxony",
    "creation_place": "Venice",
    "creation_lat": 45.4408,
    "creation_lon": 12.3155,
    "_source": {
     "source": "Wikipedia: List of works by Titian",
     "coord": "MediaWiki coordinates API"
    },
    "museum_id": "museo-del-prado",
    "wikidata": "https://www.wikidata.org/wiki/Q506182",
    "location_src": "Museo del Prado",
    "kind": "museum",
    "form": "painting",
    "qid_rejected": "Q506182",
    "qid_rejected_as": "human"
   }
  },
  {
   "type": "Feature",
   "geometry": {
    "type": "Point",
    "coordinates": [
     -3.6922,
     40.4139
    ]
   },
   "properties": {
    "painter": "Titian",
    "title": "Tityus",
    "year": "1549",
    "city": "Madrid",
    "country": "Spain",
    "location": "Museo del Prado",
    "attribution": "generally accepted",
    "dimensions": "253 × 217 cm",
    "image": "https://upload.wikimedia.org/wikipedia/commons/thumb/d/df/Tityus1.jpg/500px-Tityus1.jpg?utm_source=en.wikipedia.org&amp;utm_campaign=parser&amp;utm_content=thumbnail",
    "notable": true,
    "wikipedia_en": "https://en.wikipedia.org/wiki/Tityus_(Titian)",
    "creation_place": "Venice",
    "creation_lat": 45.4408,
    "creation_lon": 12.3155,
    "_source": {
     "source": "Wikipedia: List of works by Titian",
     "coord": "MediaWiki coordinates API"
    },
    "museum_id": "museo-del-prado",
    "qid": "Q7758761",
    "wikidata": "https://www.wikidata.org/wiki/Q7758761",
    "wga_url": "https://www.wga.hu/html/t/tiziano/09/02tityus.html",
    "location_src": "Museo del Prado",
    "kind": "museum",
    "form": "painting"
   }
  },
  {
   "type": "Feature",
   "geometry": {
    "type": "Point",
    "coordinates": [
     -3.6922,
     40.4139
    ]
   },
   "properties": {
    "painter": "Titian",
    "title": "Sisyphus",
    "year": "1549",
    "city": "Madrid",
    "country": "Spain",
    "location": "Museo del Prado",
    "attribution": "generally accepted",
    "dimensions": "237 × 216 cm",
    "image": "https://upload.wikimedia.org/wikipedia/commons/thumb/4/43/Punishment_sisyph.jpg/500px-Punishment_sisyph.jpg?utm_source=en.wikipedia.org&amp;utm_campaign=parser&amp;utm_content=thumbnail",
    "notable": true,
    "wikipedia_en": "https://en.wikipedia.org/wiki/Sisyphus_(Titian)",
    "creation_place": "Venice",
    "creation_lat": 45.4408,
    "creation_lon": 12.3155,
    "_source": {
     "source": "Wikipedia: List of works by Titian",
     "coord": "MediaWiki coordinates API"
    },
    "museum_id": "museo-del-prado",
    "qid": "Q6137282",
    "wikidata": "https://www.wikidata.org/wiki/Q6137282",
    "location_src": "Museo del Prado",
    "kind": "museum",
    "form": "painting"
   }
  },
  {
   "type": "Feature",
   "geometry": {
    "type": "Point",
    "coordinates": [
     12.33391,
     45.43877
    ]
   },
   "properties": {
    "painter": "Titian",
    "title": "Saint John the Almoner",
    "year": "c. 1549",
    "city": "Venice",
    "country": "Italy",
    "location": "San Giovanni Elemosinario",
    "attribution": "generally accepted",
    "dimensions": "229 × 156 cm",
    "image": "https://upload.wikimedia.org/wikipedia/commons/thumb/b/bf/Saintjohnthealmoner.jpg/500px-Saintjohnthealmoner.jpg?utm_source=en.wikipedia.org&amp;utm_campaign=parser&amp;utm_content=thumbnail",
    "notable": true,
    "creation_place": "Venice",
    "creation_lat": 45.4408,
    "creation_lon": 12.3155,
    "_source": {
     "source": "Wikipedia: List of works by Titian",
     "coord": "MediaWiki coordinates API"
    },
    "museum_id": "san-giovanni-elemosinario",
    "location_src": "San Giovanni Elemosinario",
    "kind": "church",
    "form": "painting",
    "qid": "Q133281009",
    "wikidata": "https://www.wikidata.org/wiki/Q133281009",
    "_overrides": {
     "qid": {
      "at": "2026-09-25",
      "source": "Wikidata reconciliation",
      "note": "matched to Q133281009 by normalised title + year (±8), same creator (merge_wd_extras)"
     }
    }
   }
  },
  {
   "type": "Feature",
   "geometry": {
    "type": "Point",
    "coordinates": [
     -3.6922,
     40.4139
    ]
   },
   "properties": {
    "painter": "Titian",
    "title": "The Fall of Man",
    "year": "c. 1550",
    "city": "Madrid",
    "country": "Spain",
    "location": "Museo del Prado",
    "attribution": "generally accepted",
    "dimensions": "240 × 186 cm",
    "image": "https://upload.wikimedia.org/wikipedia/commons/thumb/4/42/Tizian_091.jpg/500px-Tizian_091.jpg?utm_source=en.wikipedia.org&amp;utm_campaign=parser&amp;utm_content=thumbnail",
    "notable": true,
    "wikipedia_en": "https://en.wikipedia.org/wiki/The_Fall_of_Man_(Titian)",
    "creation_place": "Venice",
    "creation_lat": 45.4408,
    "creation_lon": 12.3155,
    "_source": {
     "source": "Wikipedia: List of works by Titian",
     "coord": "MediaWiki coordinates API"
    },
    "museum_id": "museo-del-prado",
    "qid": "Q9140602",
    "wikidata": "https://www.wikidata.org/wiki/Q9140602",
    "wga_url": "https://www.wga.hu/html/t/tiziano/05_1550s/01adamev.html",
    "location_src": "Museo del Prado",
    "kind": "museum",
    "form": "painting"
   }
  },
  {
   "type": "Feature",
   "geometry": {
    "type": "Point",
    "coordinates": [
     -3.6922,
     40.4139
    ]
   },
   "properties": {
    "painter": "Titian",
    "title": "Mater Dolorosa",
    "year": "1550",
    "city": "Madrid",
    "country": "Spain",
    "location": "Museo del Prado",
    "attribution": "generally accepted",
    "dimensions": "68 × 61 cm",
    "image": "https://upload.wikimedia.org/wikipedia/commons/thumb/3/3f/Mater_Dolorosa_by_Titian.jpg/500px-Mater_Dolorosa_by_Titian.jpg?utm_source=en.wikipedia.org&amp;utm_campaign=parser&amp;utm_content=thumbnail",
    "notable": true,
    "wikipedia_en": "https://en.wikipedia.org/wiki/Mater_Dolorosa_(Titian)",
    "creation_place": "Venice",
    "creation_lat": 45.4408,
    "creation_lon": 12.3155,
    "_source": {
     "source": "Wikipedia: List of works by Titian",
     "coord": "MediaWiki coordinates API"
    },
    "museum_id": "museo-del-prado",
    "qid": "Q5812626",
    "wikidata": "https://www.wikidata.org/wiki/Q5812626",
    "wga_url": "https://www.wga.hu/html/t/tiziano/05_1550s/04doloro.html",
    "location_src": "Museo del Prado",
    "kind": "museum",
    "form": "painting"
   }
  },
  {
   "type": "Feature",
   "geometry": {
    "type": "Point",
    "coordinates": [
     16.3616,
     48.20388
    ]
   },
   "properties": {
    "painter": "Titian",
    "title": "Portrait of John Frederick I, Elector of Saxony",
    "year": "1550–51",
    "city": "Vienna",
    "country": "Austria",
    "location": "Kunsthistorisches Museum",
    "attribution": "generally accepted",
    "dimensions": "103.5 × 83 cm",
    "image": "https://upload.wikimedia.org/wikipedia/commons/thumb/0/0b/Tizian_064.jpg/500px-Tizian_064.jpg?utm_source=en.wikipedia.org&amp;utm_campaign=parser&amp;utm_content=thumbnail",
    "notable": true,
    "wikipedia_en": "https://en.wikipedia.org/wiki/Portrait_of_John_Frederick_I,_Elector_of_Saxony",
    "creation_place": "Venice",
    "creation_lat": 45.4408,
    "creation_lon": 12.3155,
    "_source": {
     "source": "Wikipedia: List of works by Titian",
     "coord": "MediaWiki coordinates API"
    },
    "museum_id": "kunsthistorisches-museum",
    "qid": "Q20069327",
    "wikidata": "https://www.wikidata.org/wiki/Q20069327",
    "location_src": "Kunsthistorisches Museum",
    "kind": "museum",
    "form": "painting"
   }
  },
  {
   "type": "Feature",
   "geometry": {
    "type": "Point",
    "coordinates": [
     4.40944,
     51.21722
    ]
   },
   "properties": {
    "painter": "Titian",
    "title": "Portrait of a Lady and Her Daughter",
    "year": "c.1550",
    "city": "Antwerp",
    "country": "Belgium",
    "location": "Rubenshuis",
    "attribution": "generally accepted",
    "dimensions": "88 × 80,7 cm",
    "image": "https://upload.wikimedia.org/wikipedia/commons/thumb/e/e2/Titian_%28Tiziano_Vecellio%29%2C_Portrait_of_a_Lady_and_her_Daughter.png/500px-Titian_%28Tiziano_Vecellio%29%2C_Portrait_of_a_Lady_and_her_Daughter.png?utm_source=en.wikipedia.org&amp;utm_campaign=parser&amp;utm_content=thumbnail",
    "notable": true,
    "creation_place": "Venice",
    "creation_lat": 45.4408,
    "creation_lon": 12.3155,
    "_source": {
     "source": "Wikipedia: List of works by Titian",
     "coord": "MediaWiki coordinates API"
    },
    "museum_id": "rubenshuis",
    "location_src": "Rubenshuis",
    "kind": "museum",
    "form": "painting",
    "qid": "Q78663115",
    "wikidata": "https://www.wikidata.org/wiki/Q78663115",
    "_overrides": {
     "qid": {
      "at": "2026-09-25",
      "source": "Wikidata reconciliation",
      "note": "matched to Q78663115 by normalised title + year (±8), same creator (merge_wd_extras)"
     }
    }
   }
  },
  {
   "type": "Feature",
   "geometry": {
    "type": "Point",
    "coordinates": [
     13.36472,
     52.50861
    ]
   },
   "properties": {
    "painter": "Titian",
    "title": "Venus with an Organist",
    "year": "c. 1550",
    "city": "Berlin",
    "country": "Germany",
    "location": "Gemäldegalerie Berlin",
    "attribution": "generally accepted",
    "dimensions": "115 × 280 cm",
    "image": "https://upload.wikimedia.org/wikipedia/commons/thumb/6/61/Tizian_096.jpg/500px-Tizian_096.jpg?utm_source=en.wikipedia.org&amp;utm_campaign=parser&amp;utm_content=thumbnail",
    "notable": true,
    "wikipedia_en": "https://en.wikipedia.org/wiki/Venus_and_Musician",
    "creation_place": "Venice",
    "creation_lat": 45.4408,
    "creation_lon": 12.3155,
    "_source": {
     "source": "Wikipedia: List of works by Titian",
     "coord": "MediaWiki coordinates API"
    },
    "museum_id": "gemaldegalerie-berlin",
    "wikidata": "https://www.wikidata.org/wiki/Q7920622",
    "wga_url": "https://www.wga.hu/html/t/tiziano/09/05organ.html",
    "location_src": "Gemäldegalerie Berlin",
    "kind": "museum",
    "form": "painting",
    "qid_shared": "Q7920622",
    "city_src": "Bezirk Mitte"
   }
  },
  {
   "type": "Feature",
   "geometry": {
    "type": "Point",
    "coordinates": [
     16.3616,
     48.20388
    ]
   },
   "properties": {
    "painter": "Titian",
    "title": "Mars, Venus and Amor",
    "year": "c. 1550",
    "city": "Vienna",
    "country": "Austria",
    "location": "Kunsthistorisches Museum",
    "attribution": "generally accepted",
    "dimensions": "97 x 109 cm",
    "image": "https://upload.wikimedia.org/wikipedia/commons/thumb/4/4d/Tiziano_Vecellio%2C_gen._Tizian_%28und_Werkstatt%29_-_Mars%2C_Venus_und_Amor_-_GG_13_-_Kunsthistorisches_Museum.jpg/500px-Tiziano_Vecellio%2C_gen._Tizian_%28und_Werkstatt%29_-_Mars%2C_Venus_und_Amor_-_GG_13_-_Kunsthistorisches_Museum.jpg?utm_source=en.wikipedia.org&amp;utm_campaign=parser&amp;utm_content=thumbnail",
    "notable": true,
    "wikipedia_en": "https://en.wikipedia.org/wiki/Mars,_Venus_and_Amor",
    "creation_place": "Venice",
    "creation_lat": 45.4408,
    "creation_lon": 12.3155,
    "_source": {
     "source": "Wikipedia: List of works by Titian",
     "coord": "MediaWiki coordinates API"
    },
    "museum_id": "kunsthistorisches-museum",
    "qid": "Q27980685",
    "wikidata": "https://www.wikidata.org/wiki/Q27980685",
    "location_src": "Kunsthistorisches Museum",
    "kind": "museum",
    "form": "painting"
   }
  },
  {
   "type": "Feature",
   "geometry": {
    "type": "Point",
    "coordinates": [
     -3.6922,
     40.4139
    ]
   },
   "properties": {
    "painter": "Titian",
    "title": "Knight of Malta with a Watch",
    "year": "c. 1550",
    "city": "Madrid",
    "country": "Spain",
    "location": "Museo del Prado",
    "attribution": "generally accepted",
    "dimensions": "122 × 101 cm",
    "image": "https://upload.wikimedia.org/wikipedia/commons/thumb/5/57/Knight_with_a_clock.jpg/500px-Knight_with_a_clock.jpg?utm_source=en.wikipedia.org&amp;utm_campaign=parser&amp;utm_content=thumbnail",
    "notable": true,
    "creation_place": "Venice",
    "creation_lat": 45.4408,
    "creation_lon": 12.3155,
    "_source": {
     "source": "Wikipedia: List of works by Titian",
     "coord": "MediaWiki coordinates API"
    },
    "museum_id": "museo-del-prado",
    "location_src": "Museo del Prado",
    "kind": "museum",
    "form": "painting"
   }
  },
  {
   "type": "Feature",
   "geometry": {
    "type": "Point",
    "coordinates": [
     14.25053,
     40.86701
    ]
   },
   "properties": {
    "painter": "Titian",
    "title": "Penitent Magdalene",
    "year": "c. 1550",
    "city": "Naples",
    "country": "Italy",
    "location": "Museo di Capodimonte",
    "attribution": "generally accepted",
    "image": "https://upload.wikimedia.org/wikipedia/commons/thumb/c/c4/Titian_-_The_penitent_magdalene_%281565%29.jpg/500px-Titian_-_The_penitent_magdalene_%281565%29.jpg?utm_source=en.wikipedia.org&amp;utm_campaign=parser&amp;utm_content=thumbnail",
    "notable": true,
    "wikipedia_en": "https://en.wikipedia.org/wiki/Penitent_Magdalene_(Titian,_1550)",
    "creation_place": "Venice",
    "creation_lat": 45.4408,
    "creation_lon": 12.3155,
    "_source": {
     "source": "Wikipedia: List of works by Titian",
     "coord": "MediaWiki coordinates API"
    },
    "museum_id": "museo-di-capodimonte",
    "qid": "Q106766907",
    "wikidata": "https://www.wikidata.org/wiki/Q106766907",
    "location_src": "Museo di Capodimonte",
    "kind": "museum",
    "form": "painting"
   }
  },
  {
   "type": "Feature",
   "geometry": {
    "type": "Point",
    "coordinates": [
     9.18782,
     45.47196
    ]
   },
   "properties": {
    "painter": "Titian",
    "title": "Saint Jerome in Penitence",
    "year": "1550–1560",
    "city": "Milan",
    "country": "Italy",
    "location": "Pinacoteca di Brera",
    "attribution": "generally accepted",
    "dimensions": "255 × 125 cm",
    "image": "https://upload.wikimedia.org/wikipedia/commons/thumb/9/90/Tizian_030.jpg/500px-Tizian_030.jpg?utm_source=en.wikipedia.org&amp;utm_campaign=parser&amp;utm_content=thumbnail",
    "notable": true,
    "wikipedia_en": "https://en.wikipedia.org/wiki/Saint_Jerome_in_Penitence_(Titian,_1552)",
    "creation_place": "Venice",
    "creation_lat": 45.4408,
    "creation_lon": 12.3155,
    "_source": {
     "source": "Wikipedia: List of works by Titian",
     "coord": "MediaWiki coordinates API"
    },
    "museum_id": "pinacoteca-di-brera",
    "qid": "Q7401416",
    "wikidata": "https://www.wikidata.org/wiki/Q7401416",
    "wga_url": "https://www.wga.hu/html/t/tiziano/06_1560s/01jerome.html",
    "location_src": "Pinacoteca di Brera",
    "kind": "museum",
    "form": "painting"
   }
  },
  {
   "type": "Feature",
   "geometry": {
    "type": "Point",
    "coordinates": [
     -3.6922,
     40.4139
    ]
   },
   "properties": {
    "painter": "Titian",
    "title": "Portrait of Philip II in Armour",
    "year": "1551",
    "city": "Madrid",
    "country": "Spain",
    "location": "Museo del Prado",
    "attribution": "generally accepted",
    "dimensions": "193 × 111 cm",
    "image": "https://upload.wikimedia.org/wikipedia/commons/thumb/d/df/Philip_II.jpg/500px-Philip_II.jpg?utm_source=en.wikipedia.org&amp;utm_campaign=parser&amp;utm_content=thumbnail",
    "notable": true,
    "wikipedia_en": "https://en.wikipedia.org/wiki/Philip_II_in_Armour",
    "creation_place": "Venice",
    "creation_lat": 45.4408,
    "creation_lon": 12.3155,
    "_source": {
     "source": "Wikipedia: List of works by Titian",
     "coord": "MediaWiki coordinates API"
    },
    "museum_id": "museo-del-prado",
    "qid": "Q973260",
    "wikidata": "https://www.wikidata.org/wiki/Q973260",
    "location_src": "Museo del Prado",
    "kind": "museum",
    "form": "painting"
   }
  },
  {
   "type": "Feature",
   "geometry": {
    "type": "Point",
    "coordinates": [
     -46.65583,
     -23.56111
    ]
   },
   "properties": {
    "painter": "Titian",
    "title": "Portrait of Cardinal Cristoforo Madruzzo",
    "year": "1552",
    "city": "São Paulo",
    "location": "São Paulo Museum of Art",
    "attribution": "generally accepted",
    "dimensions": "230 x 131 cm",
    "image": "https://upload.wikimedia.org/wikipedia/commons/thumb/f/f9/Ticiano_-_cardealmadruzzo05.jpg/500px-Ticiano_-_cardealmadruzzo05.jpg?utm_source=en.wikipedia.org&amp;utm_campaign=parser&amp;utm_content=thumbnail",
    "notable": true,
    "wikipedia_en": "https://en.wikipedia.org/wiki/Portrait_of_Cardinal_Cristoforo_Madruzzo",
    "creation_place": "Venice",
    "creation_lat": 45.4408,
    "creation_lon": 12.3155,
    "_source": {
     "source": "Wikipedia: List of works by Titian",
     "coord": "MediaWiki coordinates API"
    },
    "museum_id": "sao-paulo-museum-of-art",
    "country": "Brazil",
    "qid": "Q7422486",
    "wikidata": "https://www.wikidata.org/wiki/Q7422486",
    "location_src": "São Paulo Museum of Art",
    "kind": "museum",
    "form": "painting"
   }
  },
  {
   "type": "Feature",
   "geometry": {
    "type": "Point",
    "coordinates": [
     -3.6922,
     40.4139
    ]
   },
   "properties": {
    "painter": "Titian",
    "title": "The Holy Trinity ( La Gloria )",
    "year": "1551–1554",
    "city": "Madrid",
    "country": "Spain",
    "location": "Museo del Prado",
    "attribution": "generally accepted",
    "dimensions": "346 × 240 cm",
    "image": "https://upload.wikimedia.org/wikipedia/commons/thumb/e/ed/La_Gloria_%28Tiziano%29.jpg/500px-La_Gloria_%28Tiziano%29.jpg?utm_source=en.wikipedia.org&amp;utm_campaign=parser&amp;utm_content=thumbnail",
    "notable": true,
    "wikipedia_en": "https://en.wikipedia.org/wiki/La_Gloria_(Titian)",
    "creation_place": "Venice",
    "creation_lat": 45.4408,
    "creation_lon": 12.3155,
    "_source": {
     "source": "Wikipedia: List of works by Titian",
     "coord": "MediaWiki coordinates API"
    },
    "museum_id": "museo-del-prado",
    "qid": "Q5963585",
    "wikidata": "https://www.wikidata.org/wiki/Q5963585",
    "wga_url": "https://www.wga.hu/html/t/tiziano/05_1550s/02trinit.html",
    "location_src": "Museo del Prado",
    "kind": "museum",
    "form": "painting"
   }
  },
  {
   "type": "Feature",
   "geometry": {
    "type": "Point",
    "coordinates": [
     -3.6922,
     40.4139
    ]
   },
   "properties": {
    "painter": "Titian",
    "title": "Venus and Adonis - many different versions, with varying contributions by Titian himself. See ones in New York and Rome below.",
    "year": "1553–1554",
    "city": "Madrid",
    "country": "Spain",
    "location": "Museo del Prado",
    "attribution": "generally accepted",
    "dimensions": "186 × 207 cm",
    "image": "https://upload.wikimedia.org/wikipedia/commons/thumb/e/e5/Venus_and_Adonis_by_Titian.jpg/500px-Venus_and_Adonis_by_Titian.jpg?utm_source=en.wikipedia.org&amp;utm_campaign=parser&amp;utm_content=thumbnail",
    "notable": true,
    "wikipedia_en": "https://en.wikipedia.org/wiki/Venus_and_Adonis_(Titian)",
    "creation_place": "Venice",
    "creation_lat": 45.4408,
    "creation_lon": 12.3155,
    "_source": {
     "source": "Wikipedia: List of works by Titian",
     "coord": "MediaWiki coordinates API"
    },
    "museum_id": "museo-del-prado",
    "wikidata": "https://www.wikidata.org/wiki/Q58177931",
    "location_src": "Museo del Prado",
    "kind": "museum",
    "form": "painting",
    "qid_rejected": "Q58177931",
    "qid_rejected_as": "painting series"
   }
  },
  {
   "type": "Feature",
   "geometry": {
    "type": "Point",
    "coordinates": [
     -3.6922,
     40.4139
    ]
   },
   "properties": {
    "painter": "Titian",
    "title": "Mater Dolorosa with Open Hands",
    "year": "1554",
    "city": "Madrid",
    "country": "Spain",
    "location": "Museo del Prado",
    "attribution": "generally accepted",
    "dimensions": "68 × 53 cm",
    "image": "https://upload.wikimedia.org/wikipedia/commons/thumb/6/60/Titian_-_Mater_Dolorosa_with_her_Hands_apart_%28Museo_del_Prado%29.jpg/500px-Titian_-_Mater_Dolorosa_with_her_Hands_apart_%28Museo_del_Prado%29.jpg?utm_source=en.wikipedia.org&amp;utm_campaign=parser&amp;utm_content=thumbnail",
    "notable": true,
    "wikipedia_en": "https://en.wikipedia.org/wiki/Mater_Dolorosa",
    "creation_place": "Venice",
    "creation_lat": 45.4408,
    "creation_lon": 12.3155,
    "_source": {
     "source": "Wikipedia: List of works by Titian",
     "coord": "MediaWiki coordinates API"
    },
    "museum_id": "museo-del-prado",
    "wikidata": "https://www.wikidata.org/wiki/Q1196075",
    "location_src": "Museo del Prado",
    "kind": "museum",
    "form": "painting",
    "qid_rejected": "Q1196075",
    "qid_rejected_as": "artistic theme, titles of Mary, mother of Jesus"
   }
  },
  {
   "type": "Feature",
   "geometry": {
    "type": "Point",
    "coordinates": [
     -77.02,
     38.89139
    ]
   },
   "properties": {
    "painter": "Titian",
    "title": "Woman Holding an Apple",
    "year": "c. 1550–1555",
    "city": "Washington, D.C.",
    "country": "United States",
    "location": "National Gallery of Art",
    "attribution": "generally accepted",
    "dimensions": "97.8 × 73.8 cm",
    "image": "https://upload.wikimedia.org/wikipedia/commons/thumb/6/66/Titian_-_Woman_Holding_an_Apple.jpg/500px-Titian_-_Woman_Holding_an_Apple.jpg?utm_source=en.wikipedia.org&amp;utm_campaign=parser&amp;utm_content=thumbnail",
    "notable": true,
    "wikipedia_en": "https://en.wikipedia.org/wiki/Woman_Holding_an_Apple",
    "creation_place": "Venice",
    "creation_lat": 45.4408,
    "creation_lon": 12.3155,
    "_source": {
     "source": "Wikipedia: List of works by Titian",
     "coord": "MediaWiki coordinates API"
    },
    "museum_id": "national-gallery-of-art",
    "qid": "Q20176536",
    "wikidata": "https://www.wikidata.org/wiki/Q20176536",
    "location_src": "National Gallery of Art",
    "kind": "museum",
    "form": "painting"
   }
  },
  {
   "type": "Feature",
   "geometry": {
    "type": "Point",
    "coordinates": [
     -3.6922,
     40.4139
    ]
   },
   "properties": {
    "painter": "Titian",
    "title": "Danaë and the Shower of Gold",
    "year": "1554",
    "city": "Madrid",
    "country": "Spain",
    "location": "Museo del Prado",
    "attribution": "generally accepted",
    "dimensions": "128 × 178 cm",
    "image": "https://upload.wikimedia.org/wikipedia/commons/thumb/4/46/Tizian_-_Danae_receiving_the_Golden_Rain_-_Prado.jpg/500px-Tizian_-_Danae_receiving_the_Golden_Rain_-_Prado.jpg?utm_source=en.wikipedia.org&amp;utm_campaign=parser&amp;utm_content=thumbnail",
    "notable": true,
    "wikipedia_en": "https://en.wikipedia.org/wiki/Dana%C3%AB_(Titian_paintings)",
    "creation_place": "Venice",
    "creation_lat": 45.4408,
    "creation_lon": 12.3155,
    "_source": {
     "source": "Wikipedia: List of works by Titian",
     "coord": "MediaWiki coordinates API"
    },
    "museum_id": "museo-del-prado",
    "wikidata": "https://www.wikidata.org/wiki/Q1634112",
    "location_src": "Museo del Prado",
    "kind": "museum",
    "form": "painting",
    "qid_rejected": "Q1634112",
    "qid_rejected_as": "painting series"
   }
  },
  {
   "type": "Feature",
   "geometry": {
    "type": "Point",
    "coordinates": [
     -0.15302,
     51.51745
    ]
   },
   "properties": {
    "painter": "Titian",
    "title": "Perseus and Andromeda",
    "year": "c. 1554–1556",
    "city": "City of Westminster",
    "country": "United Kingdom",
    "location": "Wallace Collection",
    "attribution": "generally accepted",
    "dimensions": "175 × 189.5 cm",
    "image": "https://upload.wikimedia.org/wikipedia/commons/thumb/7/75/Perseo_y_Andr%C3%B3meda%2C_por_Tiziano.jpg/500px-Perseo_y_Andr%C3%B3meda%2C_por_Tiziano.jpg?utm_source=en.wikipedia.org&amp;utm_campaign=parser&amp;utm_content=thumbnail",
    "notable": true,
    "wikipedia_en": "https://en.wikipedia.org/wiki/Perseus_and_Andromeda_(Titian)",
    "creation_place": "Venice",
    "creation_lat": 45.4408,
    "creation_lon": 12.3155,
    "_source": {
     "source": "Wikipedia: List of works by Titian",
     "coord": "MediaWiki coordinates API"
    },
    "museum_id": "wallace-collection",
    "qid": "Q34191856",
    "wikidata": "https://www.wikidata.org/wiki/Q34191856",
    "wga_url": "https://www.wga.hu/html/t/tiziano/08b/6perseus.html",
    "location_src": "Wallace Collection",
    "kind": "museum",
    "form": "painting"
   }
  },
  {
   "type": "Feature",
   "geometry": {
    "type": "Point",
    "coordinates": [
     14.25053,
     40.86701
    ]
   },
   "properties": {
    "painter": "Titian",
    "title": "Portrait of Philip II",
    "year": "c. 1554",
    "city": "Naples",
    "country": "Italy",
    "location": "Museo di Capodimonte",
    "attribution": "generally accepted",
    "image": "https://upload.wikimedia.org/wikipedia/commons/thumb/c/c1/Ritratto_di_Filippo_II%2C_Tiziano_Vacellio_001.JPG/500px-Ritratto_di_Filippo_II%2C_Tiziano_Vacellio_001.JPG?utm_source=en.wikipedia.org&amp;utm_campaign=parser&amp;utm_content=thumbnail",
    "notable": true,
    "wikipedia_en": "https://en.wikipedia.org/wiki/Portrait_of_Philip_II",
    "creation_place": "Venice",
    "creation_lat": 45.4408,
    "creation_lon": 12.3155,
    "_source": {
     "source": "Wikipedia: List of works by Titian",
     "coord": "MediaWiki coordinates API"
    },
    "museum_id": "museo-di-capodimonte",
    "qid": "Q22337545",
    "wikidata": "https://www.wikidata.org/wiki/Q22337545",
    "location_src": "Museo di Capodimonte",
    "kind": "museum",
    "form": "painting"
   }
  },
  {
   "type": "Feature",
   "geometry": {
    "type": "Point",
    "coordinates": [
     20.45965,
     44.81677
    ]
   },
   "properties": {
    "painter": "Titian",
    "title": "Portrait of Queen Christina of Denmark",
    "year": "c. 1555–1556",
    "city": "Belgrade",
    "location": "National Museum of Serbia",
    "attribution": "generally accepted",
    "dimensions": "112 × 83 cm",
    "image": "https://upload.wikimedia.org/wikipedia/commons/thumb/7/76/Titian_National_Museum_of_Serbia.JPG/500px-Titian_National_Museum_of_Serbia.JPG?utm_source=en.wikipedia.org&amp;utm_campaign=parser&amp;utm_content=thumbnail",
    "notable": true,
    "wikipedia_en": "https://en.wikipedia.org/wiki/Portrait_of_Queen_Christina_of_Denmark",
    "creation_place": "Venice",
    "creation_lat": 45.4408,
    "creation_lon": 12.3155,
    "_source": {
     "source": "Wikipedia: List of works by Titian",
     "coord": "MediaWiki coordinates API"
    },
    "museum_id": "national-museum-of-serbia",
    "country": "Serbia",
    "wikidata": "https://www.wikidata.org/wiki/Q7232301",
    "location_src": "National Museum of Serbia",
    "kind": "museum",
    "form": "painting",
    "qid_shared": "Q7232301"
   }
  },
  {
   "type": "Feature",
   "geometry": {
    "type": "Point",
    "coordinates": [
     -77.02,
     38.89139
    ]
   },
   "properties": {
    "painter": "Titian",
    "title": "Venus with a Mirror",
    "year": "c. 1555",
    "city": "Washington, D.C.",
    "country": "United States",
    "location": "National Gallery of Art",
    "attribution": "generally accepted",
    "dimensions": "124.5 × 105.5 cm",
    "image": "https://upload.wikimedia.org/wikipedia/commons/thumb/6/64/Titian_-_Venus_with_a_Mirror_-_Google_Art_Project.jpg/500px-Titian_-_Venus_with_a_Mirror_-_Google_Art_Project.jpg?utm_source=en.wikipedia.org&amp;utm_campaign=parser&amp;utm_content=thumbnail",
    "notable": true,
    "wikipedia_en": "https://en.wikipedia.org/wiki/Venus_with_a_Mirror",
    "creation_place": "Venice",
    "creation_lat": 45.4408,
    "creation_lon": 12.3155,
    "_source": {
     "source": "Wikipedia: List of works by Titian",
     "coord": "MediaWiki coordinates API"
    },
    "museum_id": "national-gallery-of-art",
    "qid": "Q7920648",
    "wikidata": "https://www.wikidata.org/wiki/Q7920648",
    "wga_url": "https://www.wga.hu/html/t/tiziano/09/10mirror.html",
    "location_src": "National Gallery of Art",
    "kind": "museum",
    "form": "painting"
   }
  },
  {
   "type": "Feature",
   "geometry": {
    "type": "Point",
    "coordinates": [
     -73.9631,
     40.7794
    ]
   },
   "properties": {
    "painter": "Titian",
    "title": "Venus and Adonis - many different versions, with varying contributions by Titian himself. See one in the Prado above, and in Rome below.",
    "year": "c. 1555",
    "city": "New York",
    "country": "United States",
    "location": "Metropolitan Museum of Art",
    "attribution": "generally accepted",
    "dimensions": "106 × 133 cm",
    "image": "https://upload.wikimedia.org/wikipedia/commons/thumb/3/31/Venus_and_Adonis_MET_DT5111.jpg/500px-Venus_and_Adonis_MET_DT5111.jpg?utm_source=en.wikipedia.org&amp;utm_campaign=parser&amp;utm_content=thumbnail",
    "notable": true,
    "wikipedia_en": "https://en.wikipedia.org/wiki/Venus_and_Adonis_(Titian)",
    "creation_place": "Venice",
    "creation_lat": 45.4408,
    "creation_lon": 12.3155,
    "_source": {
     "source": "Wikipedia: List of works by Titian",
     "coord": "MediaWiki coordinates API"
    },
    "museum_id": "metropolitan-museum-of-art",
    "wikidata": "https://www.wikidata.org/wiki/Q58177931",
    "location_src": "Metropolitan Museum of Art",
    "kind": "museum",
    "form": "painting",
    "qid_rejected": "Q58177931",
    "qid_rejected_as": "painting series"
   }
  },
  {
   "type": "Feature",
   "geometry": {
    "type": "Point",
    "coordinates": [
     -73.9631,
     40.7794
    ]
   },
   "properties": {
    "painter": "Titian",
    "title": "Filippo Archinto, Archbishop of Milan",
    "year": "c. 1555",
    "city": "New York",
    "country": "United States",
    "location": "Metropolitan Museum of Art",
    "attribution": "generally accepted",
    "dimensions": "118 × 94 cm",
    "image": "https://upload.wikimedia.org/wikipedia/commons/thumb/2/24/Filippo_Archinto_%28born_about_1500%2C_died_1558%29%2C_Archbishop_of_Milan_MET_DT5147.jpg/500px-Filippo_Archinto_%28born_about_1500%2C_died_1558%29%2C_Archbishop_of_Milan_MET_DT5147.jpg?utm_source=en.wikipedia.org&amp;utm_campaign=parser&amp;utm_content=thumbnail",
    "notable": true,
    "creation_place": "Venice",
    "creation_lat": 45.4408,
    "creation_lon": 12.3155,
    "_source": {
     "source": "Wikipedia: List of works by Titian",
     "coord": "MediaWiki coordinates API"
    },
    "museum_id": "metropolitan-museum-of-art",
    "location_src": "Metropolitan Museum of Art",
    "kind": "museum",
    "form": "painting"
   }
  },
  {
   "type": "Feature",
   "geometry": {
    "type": "Point",
    "coordinates": [
     0.11944,
     52.20028
    ]
   },
   "properties": {
    "painter": "Titian",
    "title": "Venus and the Lute Player",
    "year": "c. 1555–1565",
    "city": "Cambridge",
    "location": "Fitzwilliam Museum",
    "attribution": "generally accepted",
    "dimensions": "150 × 196 cm",
    "image": "https://upload.wikimedia.org/wikipedia/commons/thumb/4/48/Tiziano_Vecellio_-_Venere_e_il_Suonatore_di_liuto_%28Fitzwilliam_Museum%29.jpg/500px-Tiziano_Vecellio_-_Venere_e_il_Suonatore_di_liuto_%28Fitzwilliam_Museum%29.jpg?utm_source=en.wikipedia.org&amp;utm_campaign=parser&amp;utm_content=thumbnail",
    "notable": true,
    "creation_place": "Venice",
    "creation_lat": 45.4408,
    "creation_lon": 12.3155,
    "_source": {
     "source": "Wikipedia: List of works by Titian",
     "coord": "MediaWiki coordinates API"
    },
    "museum_id": "fitzwilliam-museum",
    "country": "United Kingdom",
    "location_src": "Fitzwilliam Museum",
    "kind": "museum",
    "form": "painting"
   }
  },
  {
   "type": "Feature",
   "geometry": {
    "type": "Point",
    "coordinates": [
     -3.18917,
     55.95333
    ]
   },
   "properties": {
    "painter": "Titian",
    "title": "Diana and Actaeon",
    "year": "1556–1559",
    "city": "Edinburgh",
    "country": "United Kingdom",
    "location": "National Gallery (London)/ National Gallery of Scotland",
    "attribution": "generally accepted",
    "dimensions": "190.3 × 207 cm",
    "image": "https://upload.wikimedia.org/wikipedia/commons/thumb/9/9b/Titian_-_Diana_and_Actaeon_-_Google_Art_Project.jpg/500px-Titian_-_Diana_and_Actaeon_-_Google_Art_Project.jpg?utm_source=en.wikipedia.org&amp;utm_campaign=parser&amp;utm_content=thumbnail",
    "notable": true,
    "wikipedia_en": "https://en.wikipedia.org/wiki/Diana_and_Actaeon_(Titian)",
    "creation_place": "Venice",
    "creation_lat": 45.4408,
    "creation_lon": 12.3155,
    "_source": {
     "source": "Wikipedia: List of works by Titian",
     "coord": "MediaWiki coordinates API"
    },
    "museum_id": "national-gallery-london-national-gallery-of-scotland",
    "qid": "Q2528177",
    "wikidata": "https://www.wikidata.org/wiki/Q2528177",
    "wga_url": "https://www.wga.hu/html/t/tiziano/08b/3dian_a.html",
    "location_src": "National Gallery (London)/ National Gallery of Scotland",
    "kind": "museum",
    "form": "painting"
   }
  },
  {
   "type": "Feature",
   "geometry": {
    "type": "Point",
    "coordinates": [
     16.3616,
     48.20388
    ]
   },
   "properties": {
    "painter": "Titian",
    "title": "Portrait of Fabrizio Salvaresio",
    "year": "1558",
    "city": "Vienna",
    "country": "Austria",
    "location": "Kunsthistorisches Museum",
    "attribution": "generally accepted",
    "dimensions": "112 × 88 cm",
    "image": "https://upload.wikimedia.org/wikipedia/commons/thumb/5/5b/Tizian_061.jpg/500px-Tizian_061.jpg?utm_source=en.wikipedia.org&amp;utm_campaign=parser&amp;utm_content=thumbnail",
    "notable": true,
    "wikipedia_en": "https://en.wikipedia.org/wiki/Portrait_of_Fabrizio_Salvaresio",
    "creation_place": "Venice",
    "creation_lat": 45.4408,
    "creation_lon": 12.3155,
    "_source": {
     "source": "Wikipedia: List of works by Titian",
     "coord": "MediaWiki coordinates API"
    },
    "museum_id": "kunsthistorisches-museum",
    "qid": "Q26712700",
    "wikidata": "https://www.wikidata.org/wiki/Q26712700",
    "location_src": "Kunsthistorisches Museum",
    "kind": "museum",
    "form": "painting"
   }
  },
  {
   "type": "Feature",
   "geometry": {
    "type": "Point",
    "coordinates": [
     13.51667,
     43.61694
    ]
   },
   "properties": {
    "painter": "Titian",
    "title": "Crucifixion",
    "year": "1558",
    "city": "Ancona",
    "location": "Church of San Domenico,",
    "attribution": "generally accepted",
    "dimensions": "371 × 197 cm",
    "image": "https://upload.wikimedia.org/wikipedia/commons/thumb/6/69/Titian_1558_Ancona_Crucifixion.jpg/500px-Titian_1558_Ancona_Crucifixion.jpg?utm_source=en.wikipedia.org&amp;utm_campaign=parser&amp;utm_content=thumbnail",
    "notable": true,
    "wikipedia_en": "https://en.wikipedia.org/wiki/Crucifixion_(Titian)",
    "creation_place": "Venice",
    "creation_lat": 45.4408,
    "creation_lon": 12.3155,
    "_source": {
     "source": "Wikipedia: List of works by Titian",
     "coord": "MediaWiki coordinates API"
    },
    "museum_id": "church-of-san-domenico",
    "qid": "Q5189812",
    "wikidata": "https://www.wikidata.org/wiki/Q5189812",
    "wga_url": "https://www.wga.hu/html/t/tiziano/05_1550s/08crucif.html",
    "location_src": "Church of San Domenico,",
    "kind": "church",
    "form": "painting"
   }
  },
  {
   "type": "Feature",
   "geometry": {
    "type": "Point",
    "coordinates": [
     12.33917,
     45.44333
    ]
   },
   "properties": {
    "painter": "Titian",
    "title": "The Martyrdom of Saint Lawrence",
    "year": "1559",
    "city": "Venice",
    "country": "Italy",
    "location": "I Gesuiti",
    "attribution": "generally accepted",
    "dimensions": "500 × 280 cm",
    "image": "https://upload.wikimedia.org/wikipedia/commons/thumb/a/ab/Interior_of_Chiesa_dei_Gesuiti_%28Venice%29_-_left_nave_-_The_Martyrdom_of_St_Lawrence_-_Titian.jpg/500px-Interior_of_Chiesa_dei_Gesuiti_%28Venice%29_-_left_nave_-_The_Martyrdom_of_St_Lawrence_-_Titian.jpg?utm_source=en.wikipedia.org&amp;utm_campaign=parser&amp;utm_content=thumbnail",
    "notable": true,
    "wikipedia_en": "https://en.wikipedia.org/wiki/The_Martyrdom_of_Saint_Lawrence_(Titian)",
    "creation_place": "Venice",
    "creation_lat": 45.4408,
    "creation_lon": 12.3155,
    "_source": {
     "source": "Wikipedia: List of works by Titian",
     "coord": "MediaWiki coordinates API"
    },
    "museum_id": "i-gesuiti",
    "qid": "Q7750471",
    "wikidata": "https://www.wikidata.org/wiki/Q7750471",
    "wga_url": "https://www.wga.hu/html/t/tiziano/05_1550s/07lawren.html",
    "location_src": "I Gesuiti",
    "kind": "church",
    "form": "painting"
   }
  },
  {
   "type": "Feature",
   "geometry": {
    "type": "Point",
    "coordinates": [
     -3.18917,
     55.95333
    ]
   },
   "properties": {
    "painter": "Titian",
    "title": "Diana and Callisto",
    "year": "1559",
    "city": "Edinburgh",
    "country": "United Kingdom",
    "location": "National Gallery (London)/ National Gallery of Scotland",
    "attribution": "generally accepted",
    "dimensions": "187 × 205 cm",
    "image": "https://upload.wikimedia.org/wikipedia/commons/thumb/1/1a/TitianDianaCallistoEdinburgh.jpg/500px-TitianDianaCallistoEdinburgh.jpg?utm_source=en.wikipedia.org&amp;utm_campaign=parser&amp;utm_content=thumbnail",
    "notable": true,
    "wikipedia_en": "https://en.wikipedia.org/wiki/Diana_and_Callisto",
    "creation_place": "Venice",
    "creation_lat": 45.4408,
    "creation_lon": 12.3155,
    "_source": {
     "source": "Wikipedia: List of works by Titian",
     "coord": "MediaWiki coordinates API"
    },
    "museum_id": "national-gallery-london-national-gallery-of-scotland",
    "qid": "Q4161055",
    "wikidata": "https://www.wikidata.org/wiki/Q4161055",
    "wga_url": "https://www.wga.hu/html/t/tiziano/08b/4dian_c.html",
    "location_src": "National Gallery (London)/ National Gallery of Scotland",
    "kind": "museum",
    "form": "painting"
   }
  },
  {
   "type": "Feature",
   "geometry": {
    "type": "Point",
    "coordinates": [
     -3.6922,
     40.4139
    ]
   },
   "properties": {
    "painter": "Titian",
    "title": "The Entombment",
    "year": "1559",
    "city": "Madrid",
    "country": "Spain",
    "location": "Museo del Prado",
    "attribution": "generally accepted",
    "dimensions": "137 × 175 cm",
    "image": "https://upload.wikimedia.org/wikipedia/commons/thumb/7/76/Entierro_de_Cristo_%28Tiziano%29.jpg/500px-Entierro_de_Cristo_%28Tiziano%29.jpg?utm_source=en.wikipedia.org&amp;utm_campaign=parser&amp;utm_content=thumbnail",
    "notable": true,
    "wikipedia_en": "https://en.wikipedia.org/wiki/The_Entombment_(Titian,_1559)",
    "creation_place": "Venice",
    "creation_lat": 45.4408,
    "creation_lon": 12.3155,
    "_source": {
     "source": "Wikipedia: List of works by Titian",
     "coord": "MediaWiki coordinates API"
    },
    "museum_id": "museo-del-prado",
    "qid": "Q3705722",
    "wikidata": "https://www.wikidata.org/wiki/Q3705722",
    "wga_url": "https://www.wga.hu/html/t/tiziano/05_1550s/09entomb.html",
    "location_src": "Museo del Prado",
    "kind": "museum",
    "form": "painting"
   }
  },
  {
   "type": "Feature",
   "geometry": {
    "type": "Point",
    "coordinates": [
     -71.09912,
     42.33818
    ]
   },
   "properties": {
    "painter": "Titian",
    "title": "The Rape of Europa",
    "year": "1559–1562",
    "city": "Boston",
    "country": "United States",
    "location": "Isabella Stewart Gardner Museum",
    "attribution": "generally accepted",
    "dimensions": "185 × 205 cm",
    "image": "https://upload.wikimedia.org/wikipedia/commons/thumb/3/38/Titian_-_Rape_of_Europa_-_Google_Art_Project.jpg/500px-Titian_-_Rape_of_Europa_-_Google_Art_Project.jpg?utm_source=en.wikipedia.org&amp;utm_campaign=parser&amp;utm_content=thumbnail",
    "notable": true,
    "wikipedia_en": "https://en.wikipedia.org/wiki/The_Rape_of_Europa_(Titian)",
    "creation_place": "Venice",
    "creation_lat": 45.4408,
    "creation_lon": 12.3155,
    "_source": {
     "source": "Wikipedia: List of works by Titian",
     "coord": "MediaWiki coordinates API"
    },
    "museum_id": "isabella-stewart-gardner-museum",
    "qid": "Q18002417",
    "wikidata": "https://www.wikidata.org/wiki/Q18002417",
    "wga_url": "https://www.wga.hu/html/t/tiziano/08b/5rape_eu.html",
    "location_src": "Isabella Stewart Gardner Museum",
    "kind": "museum",
    "form": "painting"
   }
  },
  {
   "type": "Feature",
   "geometry": {
    "type": "Point",
    "coordinates": [
     -89.19139,
     13.69889
    ]
   },
   "properties": {
    "painter": "Titian",
    "title": "Annunciation",
    "year": "1559–1564",
    "city": "Venice",
    "country": "Italy",
    "location": "San Salvador",
    "attribution": "generally accepted",
    "dimensions": "410 × 240 cm",
    "image": "https://upload.wikimedia.org/wikipedia/commons/thumb/7/79/San_Salvador_Interno_-_Annunciazione_del_Signore_Tiziano.jpg/500px-San_Salvador_Interno_-_Annunciazione_del_Signore_Tiziano.jpg?utm_source=en.wikipedia.org&amp;utm_campaign=parser&amp;utm_content=thumbnail",
    "notable": true,
    "wikipedia_en": "https://en.wikipedia.org/wiki/Annunciation_(church_of_San_Salvador)",
    "creation_place": "Venice",
    "creation_lat": 45.4408,
    "creation_lon": 12.3155,
    "_source": {
     "source": "Wikipedia: List of works by Titian",
     "coord": "MediaWiki coordinates API"
    },
    "museum_id": "san-salvador",
    "qid": "Q2920183",
    "wikidata": "https://www.wikidata.org/wiki/Q2920183",
    "wga_url": "https://www.wga.hu/html/t/tiziano/06_1560s/03salvad.html",
    "location_src": "San Salvador",
    "kind": "church",
    "form": "painting"
   }
  },
  {
   "type": "Feature",
   "geometry": {
    "type": "Point",
    "coordinates": [
     -0.1283,
     51.5089
    ]
   },
   "properties": {
    "painter": "Titian",
    "title": "The Death of Actaeon",
    "year": "c. 1559–1575",
    "city": "London",
    "country": "United Kingdom",
    "location": "National Gallery",
    "attribution": "generally accepted",
    "dimensions": "178.4 × 198.1 cm",
    "image": "https://upload.wikimedia.org/wikipedia/commons/thumb/a/a9/Titian_-_The_Death_of_Actaeon_-_Google_Art_Project.jpg/500px-Titian_-_The_Death_of_Actaeon_-_Google_Art_Project.jpg?utm_source=en.wikipedia.org&amp;utm_campaign=parser&amp;utm_content=thumbnail",
    "notable": true,
    "wikipedia_en": "https://en.wikipedia.org/wiki/The_Death_of_Actaeon",
    "creation_place": "Venice",
    "creation_lat": 45.4408,
    "creation_lon": 12.3155,
    "_source": {
     "source": "Wikipedia: List of works by Titian",
     "coord": "MediaWiki coordinates API"
    },
    "museum_id": "national-gallery",
    "qid": "Q2898121",
    "wikidata": "https://www.wikidata.org/wiki/Q2898121",
    "wga_url": "https://www.wga.hu/html/t/tiziano/08b/6actaeon.html",
    "location_src": "National Gallery",
    "kind": "museum",
    "form": "painting"
   }
  },
  {
   "type": "Feature",
   "geometry": {
    "type": "Point",
    "coordinates": [
     -3.6922,
     40.4139
    ]
   },
   "properties": {
    "painter": "Titian",
    "title": "Salome",
    "year": "c. 1560",
    "city": "Madrid",
    "country": "Spain",
    "location": "Museo del Prado",
    "attribution": "generally accepted",
    "dimensions": "87 × 80 cm",
    "image": "https://upload.wikimedia.org/wikipedia/commons/thumb/d/dd/Salome_with_the_head_of_John_the_Baptist_%28Titian%29.jpg/500px-Salome_with_the_head_of_John_the_Baptist_%28Titian%29.jpg?utm_source=en.wikipedia.org&amp;utm_campaign=parser&amp;utm_content=thumbnail",
    "notable": true,
    "wikipedia_en": "https://en.wikipedia.org/wiki/Salome_(Titian,_Madrid)",
    "creation_place": "Venice",
    "creation_lat": 45.4408,
    "creation_lon": 12.3155,
    "_source": {
     "source": "Wikipedia: List of works by Titian",
     "coord": "MediaWiki coordinates API"
    },
    "museum_id": "museo-del-prado",
    "qid": "Q26831241",
    "wikidata": "https://www.wikidata.org/wiki/Q26831241",
    "location_src": "Museo del Prado",
    "kind": "museum",
    "form": "painting"
   }
  },
  {
   "type": "Feature",
   "geometry": {
    "type": "Point",
    "coordinates": [
     13.36472,
     52.50861
    ]
   },
   "properties": {
    "painter": "Titian",
    "title": "Girl with a Platter of Fruit",
    "year": "c. 1558",
    "city": "Berlin",
    "country": "Germany",
    "location": "Gemäldegalerie Berlin",
    "attribution": "generally accepted",
    "dimensions": "102 x 82 cm",
    "image": "https://upload.wikimedia.org/wikipedia/commons/thumb/a/ab/Titian_-_Girl_with_a_Platter_of_Fruit_-_c._1555.jpg/500px-Titian_-_Girl_with_a_Platter_of_Fruit_-_c._1555.jpg?utm_source=en.wikipedia.org&amp;utm_campaign=parser&amp;utm_content=thumbnail",
    "notable": true,
    "wikipedia_en": "https://en.wikipedia.org/wiki/Girl_with_a_Platter_of_Fruit",
    "creation_place": "Venice",
    "creation_lat": 45.4408,
    "creation_lon": 12.3155,
    "_source": {
     "source": "Wikipedia: List of works by Titian",
     "coord": "MediaWiki coordinates API"
    },
    "museum_id": "gemaldegalerie-berlin",
    "qid": "Q9248648",
    "wikidata": "https://www.wikidata.org/wiki/Q9248648",
    "wga_url": "https://www.wga.hu/html/t/tiziano/10/1/14lavini.html",
    "location_src": "Gemäldegalerie Berlin",
    "kind": "museum",
    "form": "painting",
    "city_src": "Bezirk Mitte"
   }
  },
  {
   "type": "Feature",
   "geometry": {
    "type": "Point",
    "coordinates": [
     12.48953,
     41.90278
    ]
   },
   "properties": {
    "painter": "Titian",
    "title": "Venus and Adonis - many different versions, with varying contributions by Titian himself. See ones in the Prado and New York above.",
    "year": "c. 1560",
    "city": "Rome",
    "country": "Italy",
    "location": "Galleria Nazionale d'Arte Antica",
    "attribution": "generally accepted",
    "dimensions": "187 × 184 cm",
    "image": "https://upload.wikimedia.org/wikipedia/commons/thumb/7/74/Titian_-_Venus_and_Adonis_-_Rome_-_WGA22906.jpg/500px-Titian_-_Venus_and_Adonis_-_Rome_-_WGA22906.jpg?utm_source=en.wikipedia.org&amp;utm_campaign=parser&amp;utm_content=thumbnail",
    "notable": true,
    "wikipedia_en": "https://en.wikipedia.org/wiki/Venus_and_Adonis_(Titian)",
    "creation_place": "Venice",
    "creation_lat": 45.4408,
    "creation_lon": 12.3155,
    "_source": {
     "source": "Wikipedia: List of works by Titian",
     "coord": "MediaWiki coordinates API"
    },
    "museum_id": "galleria-nazionale-d-arte-antica",
    "wikidata": "https://www.wikidata.org/wiki/Q58177931",
    "location_src": "Galleria Nazionale d'Arte Antica",
    "kind": "museum",
    "form": "painting",
    "qid_rejected": "Q58177931",
    "qid_rejected_as": "painting series"
   }
  },
  {
   "type": "Feature",
   "geometry": {
    "type": "Point",
    "coordinates": [
     -1.7972,
     51.5637
    ]
   },
   "properties": {
    "painter": "Titian",
    "title": "Nicolò Zen",
    "year": "c. 1560-1565",
    "city": "Kingston Lacy",
    "location": "National Trust",
    "attribution": "generally accepted",
    "dimensions": "125.7 x 96.8 cm",
    "image": "https://upload.wikimedia.org/wikipedia/commons/thumb/8/8e/Titian_%28c.1488-1576%29_-_Nicol%C3%B2_Zen_%281515%E2%80%931565%29_-_1257086_-_National_Trust.jpg/500px-Titian_%28c.1488-1576%29_-_Nicol%C3%B2_Zen_%281515%E2%80%931565%29_-_1257086_-_National_Trust.jpg?utm_source=en.wikipedia.org&amp;utm_campaign=parser&amp;utm_content=thumbnail",
    "notable": true,
    "creation_place": "Venice",
    "creation_lat": 45.4408,
    "creation_lon": 12.3155,
    "_source": {
     "source": "Wikipedia: List of works by Titian",
     "coord": "MediaWiki coordinates API"
    },
    "museum_id": "national-trust",
    "country": "United Kingdom",
    "location_src": "National Trust",
    "kind": "museum",
    "form": "painting"
   }
  },
  {
   "type": "Feature",
   "geometry": {
    "type": "Point",
    "coordinates": [
     13.36472,
     52.50861
    ]
   },
   "properties": {
    "painter": "Titian",
    "title": "Self-portrait",
    "year": "c. 1560–1562",
    "city": "Berlin",
    "country": "Germany",
    "location": "Gemäldegalerie Berlin",
    "attribution": "generally accepted",
    "dimensions": "96 × 72 cm",
    "image": "https://upload.wikimedia.org/wikipedia/commons/thumb/3/3b/Self-portrait_of_Titian.jpg/500px-Self-portrait_of_Titian.jpg?utm_source=en.wikipedia.org&amp;utm_campaign=parser&amp;utm_content=thumbnail",
    "notable": true,
    "wikipedia_en": "https://en.wikipedia.org/wiki/Self-Portrait_(Titian,_Berlin)",
    "creation_place": "Venice",
    "creation_lat": 45.4408,
    "creation_lon": 12.3155,
    "_source": {
     "source": "Wikipedia: List of works by Titian",
     "coord": "MediaWiki coordinates API"
    },
    "museum_id": "gemaldegalerie-berlin",
    "qid": "Q8011454",
    "wikidata": "https://www.wikidata.org/wiki/Q8011454",
    "wga_url": "https://www.wga.hu/html/t/tiziano/10/22/12selfpo.html",
    "location_src": "Gemäldegalerie Berlin",
    "kind": "museum",
    "form": "painting",
    "city_src": "Bezirk Mitte"
   }
  },
  {
   "type": "Feature",
   "geometry": {
    "type": "Point",
    "coordinates": [
     -0.1283,
     51.5089
    ]
   },
   "properties": {
    "painter": "Titian",
    "title": "The Tribute Money",
    "year": "c. 1560–1568",
    "city": "London",
    "country": "United Kingdom",
    "location": "National Gallery",
    "attribution": "generally accepted",
    "dimensions": "112.2 x 103.2 cm",
    "image": "https://upload.wikimedia.org/wikipedia/commons/thumb/1/11/Titian_-_The_Tribute_Money_-_Google_Art_Project.jpg/500px-Titian_-_The_Tribute_Money_-_Google_Art_Project.jpg?utm_source=en.wikipedia.org&amp;utm_campaign=parser&amp;utm_content=thumbnail",
    "notable": true,
    "creation_place": "Venice",
    "creation_lat": 45.4408,
    "creation_lon": 12.3155,
    "_source": {
     "source": "Wikipedia: List of works by Titian",
     "coord": "MediaWiki coordinates API"
    },
    "museum_id": "national-gallery",
    "wga_url": "https://www.wga.hu/html/t/tiziano/01_1510s/13tribut.html",
    "location_src": "National Gallery",
    "kind": "museum",
    "form": "painting"
   }
  },
  {
   "type": "Feature",
   "geometry": {
    "type": "Point",
    "coordinates": [
     30.31361,
     59.94056
    ]
   },
   "properties": {
    "painter": "Titian",
    "title": "The Penitent Magdalene",
    "year": "c. 1565",
    "city": "Saint Petersburg",
    "country": "Russia",
    "location": "Hermitage Museum",
    "attribution": "generally accepted",
    "dimensions": "118 × 97 cm",
    "image": "https://upload.wikimedia.org/wikipedia/commons/thumb/7/7d/Titian_-_Penitent_Magdalene_%28Hermitage%29.jpg/500px-Titian_-_Penitent_Magdalene_%28Hermitage%29.jpg?utm_source=en.wikipedia.org&amp;utm_campaign=parser&amp;utm_content=thumbnail",
    "notable": true,
    "wikipedia_en": "https://en.wikipedia.org/wiki/Penitent_Magdalene_(Titian,_1565)",
    "creation_place": "Venice",
    "creation_lat": 45.4408,
    "creation_lon": 12.3155,
    "_source": {
     "source": "Wikipedia: List of works by Titian",
     "coord": "MediaWiki coordinates API"
    },
    "museum_id": "hermitage-museum",
    "qid": "Q4448822",
    "wikidata": "https://www.wikidata.org/wiki/Q4448822",
    "wga_url": "https://www.wga.hu/html/t/tiziano/06_1560s/09magdal.html",
    "location_src": "Hermitage Museum",
    "kind": "museum",
    "form": "painting"
   }
  },
  {
   "type": "Feature",
   "geometry": {
    "type": "Point",
    "coordinates": [
     12.49214,
     41.91421
    ]
   },
   "properties": {
    "painter": "Titian",
    "title": "Saint Dominic",
    "year": "c. 1565",
    "city": "Rome",
    "country": "Italy",
    "location": "Galleria Borghese",
    "attribution": "generally accepted",
    "dimensions": "97 × 80 cm",
    "image": "https://upload.wikimedia.org/wikipedia/commons/thumb/e/e8/Dominikus_von_Tizian.jpg/500px-Dominikus_von_Tizian.jpg?utm_source=en.wikipedia.org&amp;utm_campaign=parser&amp;utm_content=thumbnail",
    "notable": true,
    "wikipedia_en": "https://en.wikipedia.org/wiki/Saint_Dominic_(Titian)",
    "creation_place": "Venice",
    "creation_lat": 45.4408,
    "creation_lon": 12.3155,
    "_source": {
     "source": "Wikipedia: List of works by Titian",
     "coord": "MediaWiki coordinates API"
    },
    "museum_id": "galleria-borghese",
    "qid": "Q57530584",
    "wikidata": "https://www.wikidata.org/wiki/Q57530584",
    "wga_url": "https://www.wga.hu/html/t/tiziano/06_1560s/07domini.html",
    "location_src": "Galleria Borghese",
    "kind": "museum",
    "form": "painting"
   }
  },
  {
   "type": "Feature",
   "geometry": {
    "type": "Point",
    "coordinates": [
     -0.1283,
     51.5089
    ]
   },
   "properties": {
    "painter": "Titian",
    "title": "Allegory of Prudence",
    "year": "c. 1565–1570",
    "city": "London",
    "country": "United Kingdom",
    "location": "National Gallery",
    "attribution": "generally accepted",
    "dimensions": "76.2 × 68.6 cm",
    "image": "https://upload.wikimedia.org/wikipedia/commons/thumb/a/ad/Titian_and_workshop_-_An_Allegory_of_Prudence_-_Google_Art_Project.jpg/500px-Titian_and_workshop_-_An_Allegory_of_Prudence_-_Google_Art_Project.jpg?utm_source=en.wikipedia.org&amp;utm_campaign=parser&amp;utm_content=thumbnail",
    "notable": true,
    "wikipedia_en": "https://en.wikipedia.org/wiki/Allegory_of_Prudence",
    "creation_place": "Venice",
    "creation_lat": 45.4408,
    "creation_lon": 12.3155,
    "_source": {
     "source": "Wikipedia: List of works by Titian",
     "coord": "MediaWiki coordinates API"
    },
    "museum_id": "national-gallery",
    "qid": "Q2528145",
    "wikidata": "https://www.wikidata.org/wiki/Q2528145",
    "wga_url": "https://www.wga.hu/html/t/tiziano/10/3/5allegor.html",
    "location_src": "National Gallery",
    "kind": "museum",
    "form": "painting"
   }
  },
  {
   "type": "Feature",
   "geometry": {
    "type": "Point",
    "coordinates": [
     -73.9631,
     40.7794
    ]
   },
   "properties": {
    "painter": "Titian",
    "title": "Venus and a Lute Player",
    "year": "c. 1565-1570",
    "city": "New York",
    "country": "United States",
    "location": "Metropolitan Museum of Art",
    "attribution": "generally accepted",
    "dimensions": "165 × 209 cm",
    "image": "https://upload.wikimedia.org/wikipedia/commons/thumb/6/68/Venus_and_the_Lute_Player_MET_DT11.jpg/500px-Venus_and_the_Lute_Player_MET_DT11.jpg?utm_source=en.wikipedia.org&amp;utm_campaign=parser&amp;utm_content=thumbnail",
    "notable": true,
    "wikipedia_en": "https://en.wikipedia.org/wiki/Venus_and_Musician",
    "creation_place": "Venice",
    "creation_lat": 45.4408,
    "creation_lon": 12.3155,
    "_source": {
     "source": "Wikipedia: List of works by Titian",
     "coord": "MediaWiki coordinates API"
    },
    "museum_id": "metropolitan-museum-of-art",
    "wikidata": "https://www.wikidata.org/wiki/Q7920622",
    "wga_url": "https://www.wga.hu/html/t/tiziano/09/05organ.html",
    "location_src": "Metropolitan Museum of Art",
    "kind": "museum",
    "form": "painting",
    "qid_shared": "Q7920622"
   }
  },
  {
   "type": "Feature",
   "geometry": {
    "type": "Point",
    "coordinates": [
     -3.6922,
     40.4139
    ]
   },
   "properties": {
    "painter": "Titian",
    "title": "The Entombment",
    "year": "1566",
    "city": "Madrid",
    "country": "Spain",
    "location": "Museo del Prado",
    "attribution": "generally accepted",
    "dimensions": "130 × 168 cm",
    "image": "https://upload.wikimedia.org/wikipedia/commons/thumb/7/70/Tizian_027.jpg/500px-Tizian_027.jpg?utm_source=en.wikipedia.org&amp;utm_campaign=parser&amp;utm_content=thumbnail",
    "notable": true,
    "creation_place": "Venice",
    "creation_lat": 45.4408,
    "creation_lon": 12.3155,
    "_source": {
     "source": "Wikipedia: List of works by Titian",
     "coord": "MediaWiki coordinates API"
    },
    "museum_id": "museo-del-prado",
    "location_src": "Museo del Prado",
    "kind": "museum",
    "form": "painting"
   }
  },
  {
   "type": "Feature",
   "geometry": {
    "type": "Point",
    "coordinates": [
     -3.6922,
     40.4139
    ]
   },
   "properties": {
    "painter": "Titian",
    "title": "Self-portrait",
    "year": "c. 1567",
    "city": "Madrid",
    "country": "Spain",
    "location": "Museo del Prado",
    "attribution": "generally accepted",
    "dimensions": "86 × 65 cm",
    "image": "https://upload.wikimedia.org/wikipedia/commons/thumb/b/bd/Titian_-_Self-portrait_%28Museo_del_Prado%29.jpg/500px-Titian_-_Self-portrait_%28Museo_del_Prado%29.jpg?utm_source=en.wikipedia.org&amp;utm_campaign=parser&amp;utm_content=thumbnail",
    "notable": true,
    "wikipedia_en": "https://en.wikipedia.org/wiki/Self-Portrait_(Titian,_Madrid)",
    "creation_place": "Venice",
    "creation_lat": 45.4408,
    "creation_lon": 12.3155,
    "_source": {
     "source": "Wikipedia: List of works by Titian",
     "coord": "MediaWiki coordinates API"
    },
    "museum_id": "museo-del-prado",
    "qid": "Q7447991",
    "wikidata": "https://www.wikidata.org/wiki/Q7447991",
    "wga_url": "https://www.wga.hu/html/t/tiziano/10/22/16selfpo.html",
    "location_src": "Museo del Prado",
    "kind": "museum",
    "form": "painting"
   }
  },
  {
   "type": "Feature",
   "geometry": {
    "type": "Point",
    "coordinates": [
     16.3616,
     48.20388
    ]
   },
   "properties": {
    "painter": "Titian",
    "title": "Portrait of Jacopo Strada",
    "year": "c. 1567–1568",
    "city": "Vienna",
    "country": "Austria",
    "location": "Kunsthistorisches Museum",
    "attribution": "generally accepted",
    "dimensions": "125 × 95 cm",
    "image": "https://upload.wikimedia.org/wikipedia/commons/thumb/c/ca/Tizian_067.jpg/500px-Tizian_067.jpg?utm_source=en.wikipedia.org&amp;utm_campaign=parser&amp;utm_content=thumbnail",
    "notable": true,
    "wikipedia_en": "https://en.wikipedia.org/wiki/Portrait_of_Jacopo_Strada",
    "creation_place": "Venice",
    "creation_lat": 45.4408,
    "creation_lon": 12.3155,
    "_source": {
     "source": "Wikipedia: List of works by Titian",
     "coord": "MediaWiki coordinates API"
    },
    "museum_id": "kunsthistorisches-museum",
    "qid": "Q698993",
    "wikidata": "https://www.wikidata.org/wiki/Q698993",
    "wga_url": "https://www.wga.hu/html/t/tiziano/10/22/17strada.html",
    "location_src": "Kunsthistorisches Museum",
    "kind": "museum",
    "form": "painting"
   }
  },
  {
   "type": "Feature",
   "geometry": {
    "type": "Point",
    "coordinates": [
     -83.06472,
     42.35944
    ]
   },
   "properties": {
    "painter": "Titian",
    "title": "Judith with the Head of Holofernes",
    "year": "c. 1570",
    "city": "Detroit",
    "country": "United States",
    "location": "Detroit Institute of Arts",
    "attribution": "generally accepted",
    "dimensions": "113 × 95.3 cm",
    "image": "https://upload.wikimedia.org/wikipedia/commons/thumb/e/ee/Vecelli%2C_Tiziano_-_Judith_with_the_head_of_Holofernes_-_c._1570.jpg/500px-Vecelli%2C_Tiziano_-_Judith_with_the_head_of_Holofernes_-_c._1570.jpg?utm_source=en.wikipedia.org&amp;utm_campaign=parser&amp;utm_content=thumbnail",
    "notable": true,
    "wikipedia_en": "https://en.wikipedia.org/wiki/Judith_with_the_Head_of_Holofernes_(Titian)",
    "creation_place": "Venice",
    "creation_lat": 45.4408,
    "creation_lon": 12.3155,
    "_source": {
     "source": "Wikipedia: List of works by Titian",
     "coord": "MediaWiki coordinates API"
    },
    "museum_id": "detroit-institute-of-arts",
    "qid": "Q64515836",
    "wikidata": "https://www.wikidata.org/wiki/Q64515836",
    "location_src": "Detroit Institute of Arts",
    "kind": "museum",
    "form": "painting"
   }
  },
  {
   "type": "Feature",
   "geometry": {
    "type": "Point",
    "coordinates": [
     139.69222,
     35.68972
    ]
   },
   "properties": {
    "painter": "Titian",
    "title": "Salome",
    "year": "c. 1560–1570",
    "city": "Tokyo",
    "location": "National Museum of Western Art",
    "attribution": "generally accepted",
    "dimensions": "90 × 83.3 cm",
    "image": "https://upload.wikimedia.org/wikipedia/commons/thumb/c/c8/Salome_with_the_Head_of_John_the_Baptist%2C_by_Tiziano_Vecellio_and_workshop%2C_c._1560-1570%2C_oil_on_canvas_-_National_Museum_of_Western_Art%2C_Tokyo_-_DSC08139.JPG/500px-Salome_with_the_Head_of_John_the_Baptist%2C_by_Tiziano_Vecellio_and_workshop%2C_c._1560-1570%2C_oil_on_canvas_-_National_Museum_of_Western_Art%2C_Tokyo_-_DSC08139.JPG?utm_source=en.wikipedia.org&amp;utm_campaign=parser&amp;utm_content=thumbnail",
    "notable": true,
    "creation_place": "Venice",
    "creation_lat": 45.4408,
    "creation_lon": 12.3155,
    "_source": {
     "source": "Wikipedia: List of works by Titian",
     "coord": "MediaWiki coordinates API"
    },
    "museum_id": "national-museum-of-western-art",
    "country": "Japan",
    "location_src": "National Museum of Western Art",
    "kind": "museum",
    "form": "painting"
   }
  },
  {
   "type": "Feature",
   "geometry": {
    "type": "Point",
    "coordinates": [
     0.11944,
     52.20028
    ]
   },
   "properties": {
    "painter": "Titian",
    "title": "Tarquin and Lucretia",
    "year": "1571",
    "city": "Cambridge",
    "location": "Fitzwilliam Museum",
    "attribution": "generally accepted",
    "dimensions": "189 × 145 cm",
    "image": "https://upload.wikimedia.org/wikipedia/commons/thumb/7/76/Tizian_094.jpg/500px-Tizian_094.jpg?utm_source=en.wikipedia.org&amp;utm_campaign=parser&amp;utm_content=thumbnail",
    "notable": true,
    "wikipedia_en": "https://en.wikipedia.org/wiki/Tarquin_and_Lucretia_(Titian)",
    "creation_place": "Venice",
    "creation_lat": 45.4408,
    "creation_lon": 12.3155,
    "_source": {
     "source": "Wikipedia: List of works by Titian",
     "coord": "MediaWiki coordinates API"
    },
    "museum_id": "fitzwilliam-museum",
    "country": "United Kingdom",
    "qid": "Q1652981",
    "wikidata": "https://www.wikidata.org/wiki/Q1652981",
    "wga_url": "https://www.wga.hu/html/t/tiziano/08b/6tarquin.html",
    "location_src": "Fitzwilliam Museum",
    "kind": "museum",
    "form": "painting"
   }
  },
  {
   "type": "Feature",
   "geometry": {
    "type": "Point",
    "coordinates": [
     17.39306,
     49.29889
    ]
   },
   "properties": {
    "painter": "Titian",
    "title": "Punishment of Marsyas",
    "year": "c. 1570-1576",
    "city": "Kroměříž",
    "location": "National Museum,",
    "attribution": "generally accepted",
    "dimensions": "212 × 207 cm",
    "image": "https://upload.wikimedia.org/wikipedia/commons/thumb/4/4b/Titian_-_The_Flaying_of_Marsyas.jpg/500px-Titian_-_The_Flaying_of_Marsyas.jpg?utm_source=en.wikipedia.org&amp;utm_campaign=parser&amp;utm_content=thumbnail",
    "notable": true,
    "wikipedia_en": "https://en.wikipedia.org/wiki/Flaying_of_Marsyas_(Titian)",
    "creation_place": "Venice",
    "creation_lat": 45.4408,
    "creation_lon": 12.3155,
    "_source": {
     "source": "Wikipedia: List of works by Titian",
     "coord": "MediaWiki coordinates API"
    },
    "museum_id": "national-museum",
    "qid": "Q3925598",
    "wikidata": "https://www.wikidata.org/wiki/Q3925598",
    "wga_url": "https://www.wga.hu/html/t/tiziano/09/14marsya.html",
    "location_src": "National Museum,",
    "kind": "museum",
    "form": "painting"
   }
  },
  {
   "type": "Feature",
   "geometry": {
    "type": "Point",
    "coordinates": [
     16.3616,
     48.20388
    ]
   },
   "properties": {
    "painter": "Titian",
    "title": "Nymph and Shepherd",
    "year": "c. 1570–1576",
    "city": "Vienna",
    "country": "Austria",
    "location": "Kunsthistorisches Museum",
    "attribution": "generally accepted",
    "dimensions": "149.7 × 187 cm",
    "image": "https://upload.wikimedia.org/wikipedia/commons/thumb/5/53/Tiziano_Vecellio%2C_called_Titian_-_Nymph_and_Shepherd_-_Google_Art_Project.jpg/500px-Tiziano_Vecellio%2C_called_Titian_-_Nymph_and_Shepherd_-_Google_Art_Project.jpg?utm_source=en.wikipedia.org&amp;utm_campaign=parser&amp;utm_content=thumbnail",
    "notable": true,
    "wikipedia_en": "https://en.wikipedia.org/wiki/Nymph_and_Shepherd",
    "creation_place": "Venice",
    "creation_lat": 45.4408,
    "creation_lon": 12.3155,
    "_source": {
     "source": "Wikipedia: List of works by Titian",
     "coord": "MediaWiki coordinates API"
    },
    "museum_id": "kunsthistorisches-museum",
    "qid": "Q20068831",
    "wikidata": "https://www.wikidata.org/wiki/Q20068831",
    "wga_url": "https://www.wga.hu/html/t/tiziano/09/16shephe.html",
    "location_src": "Kunsthistorisches Museum",
    "kind": "museum",
    "form": "painting"
   }
  },
  {
   "type": "Feature",
   "geometry": {
    "type": "Point",
    "coordinates": [
     12.32814,
     45.43108
    ]
   },
   "properties": {
    "painter": "Titian",
    "title": "Pietà",
    "year": "c. 1570–1576",
    "city": "Venice",
    "country": "Italy",
    "location": "Gallerie dell'Accademia",
    "attribution": "generally accepted",
    "dimensions": "351 × 389 cm",
    "image": "https://upload.wikimedia.org/wikipedia/commons/thumb/5/59/Accademia_-_Piet%C3%A0_by_Titian.jpg/500px-Accademia_-_Piet%C3%A0_by_Titian.jpg?utm_source=en.wikipedia.org&amp;utm_campaign=parser&amp;utm_content=thumbnail",
    "notable": true,
    "wikipedia_en": "https://en.wikipedia.org/wiki/Piet%C3%A0_(Titian)",
    "creation_place": "Venice",
    "creation_lat": 45.4408,
    "creation_lon": 12.3155,
    "_source": {
     "source": "Wikipedia: List of works by Titian",
     "coord": "MediaWiki coordinates API"
    },
    "museum_id": "gallerie-dell-accademia",
    "qid": "Q2665840",
    "wikidata": "https://www.wikidata.org/wiki/Q2665840",
    "wga_url": "https://www.wga.hu/html/t/tiziano/07_1570s/10pieta.html",
    "location_src": "Gallerie dell'Accademia",
    "kind": "museum",
    "form": "painting"
   }
  },
  {
   "type": "Feature",
   "geometry": {
    "type": "Point",
    "coordinates": [
     11.57,
     48.14833
    ]
   },
   "properties": {
    "painter": "Titian",
    "title": "The Crowning with Thorns",
    "year": "c. 1570–1576",
    "city": "Munich",
    "country": "Germany",
    "location": "Alte Pinakothek",
    "attribution": "generally accepted",
    "dimensions": "280 × 181 cm",
    "image": "https://upload.wikimedia.org/wikipedia/commons/thumb/6/6e/The_Crowning_with_Thorns_by_Titian_-_Alte_Pinakothek_-_Munich_-_Germany_2017.jpg/500px-The_Crowning_with_Thorns_by_Titian_-_Alte_Pinakothek_-_Munich_-_Germany_2017.jpg?utm_source=en.wikipedia.org&amp;utm_campaign=parser&amp;utm_content=thumbnail",
    "notable": true,
    "wikipedia_en": "https://en.wikipedia.org/wiki/The_Crowning_with_Thorns_(Titian,_Munich)",
    "creation_place": "Venice",
    "creation_lat": 45.4408,
    "creation_lon": 12.3155,
    "_source": {
     "source": "Wikipedia: List of works by Titian",
     "coord": "MediaWiki coordinates API"
    },
    "museum_id": "alte-pinakothek",
    "qid": "Q10296499",
    "wikidata": "https://www.wikidata.org/wiki/Q10296499",
    "wga_url": "https://www.wga.hu/html/t/tiziano/07_1570s/08crowni.html",
    "location_src": "Alte Pinakothek",
    "venue_of": "Bavarian State Painting Collections",
    "kind": "museum",
    "form": "painting"
   }
  },
  {
   "type": "Feature",
   "geometry": {
    "type": "Point",
    "coordinates": [
     13.36472,
     52.50861
    ]
   },
   "properties": {
    "painter": "Titian",
    "title": "Giustiniani Portrait",
    "year": "1503",
    "location": "Gemäldegalerie Berlin",
    "city": "Berlin",
    "country": "Germany",
    "attribution": "generally accepted",
    "image": "https://commons.wikimedia.org/wiki/Special:FilePath/Giorgione%20-%20Portrait%20of%20a%20young%20man%2C%2016th%20century%20-Gem%C3%A4ldegalerie%20Berlin.jpg?width=500",
    "qid": "Q3937389",
    "wikidata": "https://www.wikidata.org/wiki/Q3937389",
    "_source": {
     "source": "Wikidata",
     "url": "https://www.wikidata.org/wiki/Q3937389",
     "note": "harvested: painting by this creator with an image and a documented collection"
    },
    "museum_id": "gemaldegalerie-berlin",
    "location_src": "Gemäldegalerie Berlin",
    "kind": "museum",
    "form": "painting",
    "city_src": "Bezirk Mitte"
   }
  },
  {
   "type": "Feature",
   "geometry": {
    "type": "Point",
    "coordinates": [
     13.7369,
     51.0528
    ]
   },
   "properties": {
    "painter": "Titian",
    "title": "Sleeping Venus",
    "year": "1509",
    "location": "Gemäldegalerie Alte Meister",
    "city": "Dresden",
    "country": "Germany",
    "attribution": "generally accepted",
    "image": "https://commons.wikimedia.org/wiki/Special:FilePath/Giorgione%20-%20Sleeping%20Venus%20-%20Google%20Art%20Project%202.jpg?width=500",
    "qid": "Q500812",
    "wikidata": "https://www.wikidata.org/wiki/Q500812",
    "_source": {
     "source": "Wikidata",
     "url": "https://www.wikidata.org/wiki/Q500812",
     "note": "harvested: painting by this creator with an image and a documented collection"
    },
    "creation_place": "Venice",
    "creation_lat": 45.4375,
    "creation_lon": 12.335833,
    "_overrides": {
     "creation": {
      "at": "2026-08-24",
      "source": "derived",
      "note": "creation place inferred from the painter's itinerary at this work's date (approximate)"
     }
    },
    "museum_id": "gemaldegalerie-alte-meister",
    "location_src": "Staatliche Kunstsammlungen Dresden",
    "kind": "museum",
    "form": "painting"
   }
  },
  {
   "type": "Feature",
   "geometry": {
    "type": "Point",
    "coordinates": [
     -4.15,
     40.59
    ]
   },
   "properties": {
    "painter": "Titian",
    "title": "Saint Jerome in Penitence",
    "year": "1575",
    "location": "Royal Monastery of San Lorenzo de El Escorial",
    "city": "Spain",
    "country": "Spain",
    "attribution": "generally accepted",
    "image": "https://commons.wikimedia.org/wiki/Special:FilePath/San%20Jer%C3%B3nimo%20penitente%2C%20Tiziano%20Vecellio.jpg?width=500",
    "qid": "Q7401417",
    "wikidata": "https://www.wikidata.org/wiki/Q7401417",
    "_source": {
     "source": "Wikidata",
     "url": "https://www.wikidata.org/wiki/Q7401417",
     "note": "harvested: painting by this creator with an image and a documented collection"
    },
    "creation_place": "Venice",
    "creation_lat": 45.4375,
    "creation_lon": 12.335833,
    "_overrides": {
     "creation": {
      "at": "2026-09-25",
      "source": "derived",
      "note": "creation place inferred from the painter's itinerary at this work's date (approximate)"
     }
    },
    "museum_id": "royal-monastery-of-san-lorenzo-de-el-escorial",
    "location_src": "Royal Monastery of San Lorenzo de El Escorial",
    "kind": "museum",
    "form": "painting"
   }
  },
  {
   "type": "Feature",
   "geometry": {
    "type": "Point",
    "coordinates": [
     12.63647,
     43.72434
    ]
   },
   "properties": {
    "painter": "Titian",
    "title": "Resurrection of Christ",
    "year": "1543",
    "location": "Galleria Nazionale delle Marche",
    "city": "Urbino",
    "country": "Italy",
    "attribution": "generally accepted",
    "image": "https://commons.wikimedia.org/wiki/Special:FilePath/Titian%20-%20The%20Resurrection.jpg?width=500",
    "qid": "Q123671285",
    "wikidata": "https://www.wikidata.org/wiki/Q123671285",
    "_source": {
     "source": "Wikidata",
     "url": "https://www.wikidata.org/wiki/Q123671285",
     "note": "harvested: painting by this creator with an image and a documented collection"
    },
    "creation_place": "Venice",
    "creation_lat": 45.4375,
    "creation_lon": 12.335833,
    "_overrides": {
     "creation": {
      "at": "2026-09-25",
      "source": "derived",
      "note": "creation place inferred from the painter's itinerary at this work's date (approximate)"
     }
    },
    "museum_id": "galleria-nazionale-delle-marche",
    "location_src": "Galleria Nazionale delle Marche",
    "kind": "museum",
    "form": "painting"
   }
  },
  {
   "type": "Feature",
   "geometry": {
    "type": "Point",
    "coordinates": [
     14.24928,
     40.83614
    ]
   },
   "properties": {
    "painter": "Titian",
    "title": "Portrait of Pier Luigi Farnese",
    "year": "1543",
    "location": "Royal Palace of Naples",
    "city": "Naples",
    "country": "Italy",
    "attribution": "generally accepted",
    "image": "https://commons.wikimedia.org/wiki/Special:FilePath/Tiziano%20-%20ritratto%20di%20Pier%20Luigi%20Farnese.jpg?width=500",
    "qid": "Q123709241",
    "wikidata": "https://www.wikidata.org/wiki/Q123709241",
    "_source": {
     "source": "Wikidata",
     "url": "https://www.wikidata.org/wiki/Q123709241",
     "note": "harvested: painting by this creator with an image and a documented collection"
    },
    "creation_place": "Venice",
    "creation_lat": 45.4375,
    "creation_lon": 12.335833,
    "_overrides": {
     "creation": {
      "at": "2026-09-25",
      "source": "derived",
      "note": "creation place inferred from the painter's itinerary at this work's date (approximate)"
     }
    },
    "museum_id": "royal-palace-of-naples",
    "location_src": "Royal Palace of Naples",
    "kind": "museum",
    "form": "painting"
   }
  },
  {
   "type": "Feature",
   "geometry": {
    "type": "Point",
    "coordinates": [
     9.18595,
     45.46378
    ]
   },
   "properties": {
    "painter": "Titian",
    "title": "Adoration of the Magi",
    "year": "1559",
    "location": "Pinacoteca Ambrosiana",
    "city": "Milan",
    "country": "Italy",
    "attribution": "generally accepted",
    "image": "https://commons.wikimedia.org/wiki/Special:FilePath/Tiziano%20Vecellio%20%E2%80%93%20Adorazione%20dei%20Magi%20%E2%80%93%20Google%20Art%20Project.jpg?width=500",
    "qid": "Q123737542",
    "wikidata": "https://www.wikidata.org/wiki/Q123737542",
    "_source": {
     "source": "Wikidata",
     "url": "https://www.wikidata.org/wiki/Q123737542",
     "note": "harvested: painting by this creator with an image and a documented collection"
    },
    "creation_place": "Venice",
    "creation_lat": 45.4375,
    "creation_lon": 12.335833,
    "_overrides": {
     "creation": {
      "at": "2026-09-25",
      "source": "derived",
      "note": "creation place inferred from the painter's itinerary at this work's date (approximate)"
     }
    },
    "museum_id": "pinacoteca-ambrosiana",
    "location_src": "Pinacoteca Ambrosiana",
    "kind": "museum",
    "form": "painting"
   }
  },
  {
   "type": "Feature",
   "geometry": {
    "type": "Point",
    "coordinates": [
     11.25,
     43.7652
    ]
   },
   "properties": {
    "painter": "Titian",
    "title": "Christ the Redeemer",
    "year": "1533",
    "location": "Galleria Palatina",
    "city": "Florence",
    "country": "Italy",
    "attribution": "generally accepted",
    "image": "https://commons.wikimedia.org/wiki/Special:FilePath/Vecellio%20Tiziano%20-%20Cristo%20Salvatore%20-%20228%20-%20Galleria%20Palatina.jpg?width=500",
    "qid": "Q123751969",
    "wikidata": "https://www.wikidata.org/wiki/Q123751969",
    "_source": {
     "source": "Wikidata",
     "url": "https://www.wikidata.org/wiki/Q123751969",
     "note": "harvested: painting by this creator with an image and a documented collection"
    },
    "creation_place": "Venice",
    "creation_lat": 45.4375,
    "creation_lon": 12.335833,
    "_overrides": {
     "creation": {
      "at": "2026-09-25",
      "source": "derived",
      "note": "creation place inferred from the painter's itinerary at this work's date (approximate)"
     }
    },
    "museum_id": "galleria-palatina",
    "location_src": "Galleria Palatina",
    "kind": "museum",
    "form": "painting"
   }
  },
  {
   "type": "Feature",
   "geometry": {
    "type": "Point",
    "coordinates": [
     11.25,
     43.7652
    ]
   },
   "properties": {
    "painter": "Titian",
    "title": "Adoration of the Shepherds",
    "year": "1532",
    "location": "Galleria Palatina",
    "city": "Florence",
    "country": "Italy",
    "attribution": "generally accepted",
    "image": "https://commons.wikimedia.org/wiki/Special:FilePath/Titian%20-%20Adoration%20of%20the%20Shepherds%20-%20423%20-%20Galleria%20Palatina.jpg?width=500",
    "qid": "Q123753616",
    "wikidata": "https://www.wikidata.org/wiki/Q123753616",
    "_source": {
     "source": "Wikidata",
     "url": "https://www.wikidata.org/wiki/Q123753616",
     "note": "harvested: painting by this creator with an image and a documented collection"
    },
    "creation_place": "Venice",
    "creation_lat": 45.4375,
    "creation_lon": 12.335833,
    "_overrides": {
     "creation": {
      "at": "2026-09-25",
      "source": "derived",
      "note": "creation place inferred from the painter's itinerary at this work's date (approximate)"
     }
    },
    "museum_id": "galleria-palatina",
    "location_src": "Galleria Palatina",
    "kind": "museum",
    "form": "painting"
   }
  },
  {
   "type": "Feature",
   "geometry": {
    "type": "Point",
    "coordinates": [
     11.25,
     43.7652
    ]
   },
   "properties": {
    "painter": "Titian",
    "title": "Our Lady of Mercy",
    "year": "1573",
    "location": "Galleria Palatina",
    "city": "Florence",
    "country": "Italy",
    "attribution": "generally accepted",
    "image": "https://commons.wikimedia.org/wiki/Special:FilePath/Tiziano%20Vecellio%20e%20aiuti%20-%20Madonna%20della%20Misericordia%20-%20484%20-%20Galleria%20Palatina.jpg?width=500",
    "qid": "Q123754396",
    "wikidata": "https://www.wikidata.org/wiki/Q123754396",
    "_source": {
     "source": "Wikidata",
     "url": "https://www.wikidata.org/wiki/Q123754396",
     "note": "harvested: painting by this creator with an image and a documented collection"
    },
    "creation_place": "Venice",
    "creation_lat": 45.4375,
    "creation_lon": 12.335833,
    "_overrides": {
     "creation": {
      "at": "2026-09-25",
      "source": "derived",
      "note": "creation place inferred from the painter's itinerary at this work's date (approximate)"
     }
    },
    "museum_id": "galleria-palatina",
    "location_src": "Galleria Palatina",
    "kind": "museum",
    "form": "painting"
   }
  },
  {
   "type": "Feature",
   "geometry": {
    "type": "Point",
    "coordinates": [
     -4.15,
     40.59
    ]
   },
   "properties": {
    "painter": "Titian",
    "title": "Saint John the Baptist",
    "year": "1567",
    "location": "Royal Monastery of San Lorenzo de El Escorial",
    "city": "Spain",
    "country": "Spain",
    "attribution": "generally accepted",
    "image": "https://commons.wikimedia.org/wiki/Special:FilePath/Vecellio%20di%20Gregorio%2C%20Tiziano%20%281490%E2%80%931576%29%20-%20San%20Juan%20Bautista%20-%2010014726%20-%20Royal%20Monastery%20of%20San%20Lorenzo%20de%20El%20Escorial.jpg?width=500",
    "qid": "Q123765367",
    "wikidata": "https://www.wikidata.org/wiki/Q123765367",
    "_source": {
     "source": "Wikidata",
     "url": "https://www.wikidata.org/wiki/Q123765367",
     "note": "harvested: painting by this creator with an image and a documented collection"
    },
    "creation_place": "Venice",
    "creation_lat": 45.4375,
    "creation_lon": 12.335833,
    "_overrides": {
     "creation": {
      "at": "2026-09-25",
      "source": "derived",
      "note": "creation place inferred from the painter's itinerary at this work's date (approximate)"
     }
    },
    "museum_id": "royal-monastery-of-san-lorenzo-de-el-escorial",
    "location_src": "Royal Monastery of San Lorenzo de El Escorial",
    "kind": "museum",
    "form": "painting"
   }
  },
  {
   "type": "Feature",
   "geometry": {
    "type": "Point",
    "coordinates": [
     -99.20462,
     19.44066
    ]
   },
   "properties": {
    "painter": "Titian",
    "title": "Possible portrait of Giovanni d'Anna",
    "year": "1545",
    "location": "Museo Soumaya",
    "city": "Mexico City",
    "country": "Mexico",
    "attribution": "generally accepted",
    "image": "https://commons.wikimedia.org/wiki/Special:FilePath/Tiziano%20Vecellio%20-%20Posible%20retrato%20de%20Jan%20van%20Haanen%20-%203424%20-%20Museo%20Soumaya.jpg?width=500",
    "qid": "Q123905131",
    "wikidata": "https://www.wikidata.org/wiki/Q123905131",
    "_source": {
     "source": "Wikidata",
     "url": "https://www.wikidata.org/wiki/Q123905131",
     "note": "harvested: painting by this creator with an image and a documented collection"
    },
    "creation_place": "Venice",
    "creation_lat": 45.4375,
    "creation_lon": 12.335833,
    "_overrides": {
     "creation": {
      "at": "2026-09-25",
      "source": "derived",
      "note": "creation place inferred from the painter's itinerary at this work's date (approximate)"
     }
    },
    "museum_id": "museo-soumaya",
    "location_src": "Museo Soumaya",
    "kind": "museum",
    "form": "painting"
   }
  },
  {
   "type": "Feature",
   "geometry": {
    "type": "Point",
    "coordinates": [
     11.25528,
     43.76833
    ]
   },
   "properties": {
    "painter": "Titian",
    "title": "Portrait of Bishop Ludovico Beccadelli",
    "year": "1552",
    "location": "Uffizi Gallery",
    "city": "Florence",
    "country": "Italy",
    "attribution": "generally accepted",
    "image": "https://commons.wikimedia.org/wiki/Special:FilePath/Tiziano%20Vecellio%20%281490%2C%20Pieve%20di%20Cadore%20-%201576%2C%20Venice%29%20-%20Portrait%20of%20Bishop%20Ludovico%20Beccadelli%20-%201457%20-%20Uffizi%20Gallery.jpg?width=500",
    "qid": "Q123912954",
    "wikidata": "https://www.wikidata.org/wiki/Q123912954",
    "_source": {
     "source": "Wikidata",
     "url": "https://www.wikidata.org/wiki/Q123912954",
     "note": "harvested: painting by this creator with an image and a documented collection"
    },
    "creation_place": "Venice",
    "creation_lat": 45.4375,
    "creation_lon": 12.335833,
    "_overrides": {
     "creation": {
      "at": "2026-09-25",
      "source": "derived",
      "note": "creation place inferred from the painter's itinerary at this work's date (approximate)"
     }
    },
    "museum_id": "uffizi-gallery",
    "location_src": "Uffizi Gallery",
    "kind": "museum",
    "form": "painting"
   }
  },
  {
   "type": "Feature",
   "geometry": {
    "type": "Point",
    "coordinates": [
     11.25528,
     43.76833
    ]
   },
   "properties": {
    "painter": "Titian",
    "title": "Venus with Cupid",
    "year": "1550",
    "location": "Uffizi Gallery",
    "city": "Florence",
    "country": "Italy",
    "attribution": "generally accepted",
    "image": "https://commons.wikimedia.org/wiki/Special:FilePath/Titian%20-%20Venus%20and%20Cupid%20%28Galleria%20degli%20Uffizi%29%20-%20WGA22903.jpg?width=500",
    "qid": "Q123966044",
    "wikidata": "https://www.wikidata.org/wiki/Q123966044",
    "_source": {
     "source": "Wikidata",
     "url": "https://www.wikidata.org/wiki/Q123966044",
     "note": "harvested: painting by this creator with an image and a documented collection"
    },
    "creation_place": "Venice",
    "creation_lat": 45.4375,
    "creation_lon": 12.335833,
    "_overrides": {
     "creation": {
      "at": "2026-09-25",
      "source": "derived",
      "note": "creation place inferred from the painter's itinerary at this work's date (approximate)"
     }
    },
    "museum_id": "uffizi-gallery",
    "location_src": "Uffizi Gallery",
    "kind": "museum",
    "form": "painting"
   }
  },
  {
   "type": "Feature",
   "geometry": {
    "type": "Point",
    "coordinates": [
     12.48361,
     41.90167
    ]
   },
   "properties": {
    "painter": "Titian",
    "title": "Portrait of Ippolito Riminaldi",
    "year": "1600",
    "location": "Accademia di San Luca",
    "city": "Rome",
    "country": "Italy",
    "attribution": "copy or later version",
    "image": "https://commons.wikimedia.org/wiki/Special:FilePath/Attribuito%20a%20Tiziano%20Vecellio%20-%20Ritratto%20di%20Ippolito%20Riminaldi%20-%20694%20-%20Accademia%20di%20San%20Luca.jpg?width=500",
    "qid": "Q124043063",
    "wikidata": "https://www.wikidata.org/wiki/Q124043063",
    "_source": {
     "source": "Wikidata",
     "url": "https://www.wikidata.org/wiki/Q124043063",
     "note": "harvested: painting by this creator with an image and a documented collection"
    },
    "museum_id": "accademia-di-san-luca",
    "location_src": "Accademia di San Luca",
    "kind": "museum",
    "form": "painting",
    "_overrides": {
     "attribution": {
      "at": "2026-09-25",
      "source": "tier-2 cleaning",
      "was": "generally accepted",
      "note": "dated 1600, after death (1488–1576) → later copy / not autograph at this date (Timeline anomaly)"
     }
    }
   }
  },
  {
   "type": "Feature",
   "geometry": {
    "type": "Point",
    "coordinates": [
     13.577,
     42.8533
    ]
   },
   "properties": {
    "painter": "Titian",
    "title": "Saint Francis Receiving the Stigmata",
    "year": "1561",
    "location": "Pinacoteca civica di Ascoli Piceno",
    "city": "Ascoli Piceno",
    "country": "Italy",
    "attribution": "generally accepted",
    "image": "https://commons.wikimedia.org/wiki/Special:FilePath/Tiziano%20-%20San%20Francesco%20che%20riceve%20le%20stigmate.jpg?width=500",
    "qid": "Q124056690",
    "wikidata": "https://www.wikidata.org/wiki/Q124056690",
    "_source": {
     "source": "Wikidata",
     "url": "https://www.wikidata.org/wiki/Q124056690",
     "note": "harvested: painting by this creator with an image and a documented collection"
    },
    "creation_place": "Venice",
    "creation_lat": 45.4375,
    "creation_lon": 12.335833,
    "_overrides": {
     "creation": {
      "at": "2026-09-25",
      "source": "derived",
      "note": "creation place inferred from the painter's itinerary at this work's date (approximate)"
     }
    },
    "museum_id": "pinacoteca-civica-di-ascoli-piceno",
    "location_src": "Pinacoteca civica di Ascoli Piceno",
    "kind": "museum",
    "form": "painting"
   }
  },
  {
   "type": "Feature",
   "geometry": {
    "type": "Point",
    "coordinates": [
     -78.70289,
     35.81019
    ]
   },
   "properties": {
    "painter": "Titian",
    "title": "Adoration of the Christ Child",
    "year": "1506",
    "location": "North Carolina Museum of Art",
    "city": "Raleigh",
    "country": "United States",
    "attribution": "generally accepted",
    "image": "https://commons.wikimedia.org/wiki/Special:FilePath/Tiziano%20Vecellio%20-%20The%20Adoration%20of%20the%20Child%20-%20GL.60.17.41%20-%20North%20Carolina%20Museum%20of%20Art.jpg?width=500",
    "qid": "Q124102355",
    "wikidata": "https://www.wikidata.org/wiki/Q124102355",
    "_source": {
     "source": "Wikidata",
     "url": "https://www.wikidata.org/wiki/Q124102355",
     "note": "harvested: painting by this creator with an image and a documented collection"
    },
    "creation_place": "Venice",
    "creation_lat": 45.4375,
    "creation_lon": 12.335833,
    "_overrides": {
     "creation": {
      "at": "2026-09-25",
      "source": "derived",
      "note": "creation place inferred from the painter's itinerary at this work's date (approximate)"
     }
    },
    "museum_id": "north-carolina-museum-of-art",
    "location_src": "North Carolina Museum of Art",
    "kind": "museum",
    "form": "painting"
   }
  },
  {
   "type": "Feature",
   "geometry": {
    "type": "Point",
    "coordinates": [
     12.49214,
     41.91421
    ]
   },
   "properties": {
    "painter": "Titian",
    "title": "Scourged Christ",
    "year": "1568",
    "location": "Galleria Borghese",
    "city": "Rome",
    "country": "Italy",
    "attribution": "generally accepted",
    "image": "https://commons.wikimedia.org/wiki/Special:FilePath/Vecellio%20Tiziano%20%28Pieve%20di%20Cadore%201488-90%20-%20Venezia%201576%29%20-%20Cristo%20flagellato%20-%20194%20-%20Galleria%20Borghese.jpg?width=500",
    "qid": "Q124218595",
    "wikidata": "https://www.wikidata.org/wiki/Q124218595",
    "_source": {
     "source": "Wikidata",
     "url": "https://www.wikidata.org/wiki/Q124218595",
     "note": "harvested: painting by this creator with an image and a documented collection"
    },
    "creation_place": "Venice",
    "creation_lat": 45.4375,
    "creation_lon": 12.335833,
    "_overrides": {
     "creation": {
      "at": "2026-09-25",
      "source": "derived",
      "note": "creation place inferred from the painter's itinerary at this work's date (approximate)"
     }
    },
    "museum_id": "galleria-borghese",
    "location_src": "Galleria Borghese",
    "kind": "museum",
    "form": "painting",
    "city_src": "Roma Capitale"
   }
  },
  {
   "type": "Feature",
   "geometry": {
    "type": "Point",
    "coordinates": [
     11.25,
     43.7652
    ]
   },
   "properties": {
    "painter": "Titian",
    "title": "Portrait of a Member of the House of Minerbetti",
    "year": "1545",
    "location": "Galleria Palatina",
    "city": "Florence",
    "country": "Italy",
    "attribution": "generally accepted",
    "image": "https://commons.wikimedia.org/wiki/Special:FilePath/Titian%20-%20Portrait%20of%20a%20Man%20-%20WGA22960.jpg?width=500",
    "qid": "Q124286611",
    "wikidata": "https://www.wikidata.org/wiki/Q124286611",
    "_source": {
     "source": "Wikidata",
     "url": "https://www.wikidata.org/wiki/Q124286611",
     "note": "harvested: painting by this creator with an image and a documented collection"
    },
    "creation_place": "Venice",
    "creation_lat": 45.4375,
    "creation_lon": 12.335833,
    "_overrides": {
     "creation": {
      "at": "2026-09-25",
      "source": "derived",
      "note": "creation place inferred from the painter's itinerary at this work's date (approximate)"
     }
    },
    "museum_id": "galleria-palatina",
    "location_src": "Galleria Palatina",
    "kind": "museum",
    "form": "painting"
   }
  },
  {
   "type": "Feature",
   "geometry": {
    "type": "Point",
    "coordinates": [
     12.32814,
     45.43108
    ]
   },
   "properties": {
    "painter": "Titian",
    "title": "Madonna and Child",
    "year": "1560",
    "location": "Gallerie dell'Accademia",
    "city": "Venice",
    "country": "Italy",
    "attribution": "generally accepted",
    "image": "https://commons.wikimedia.org/wiki/Special:FilePath/Titian%20-%20Virgin%20and%20Child%20-%20WGA22835.jpg?width=500",
    "qid": "Q124287319",
    "wikidata": "https://www.wikidata.org/wiki/Q124287319",
    "_source": {
     "source": "Wikidata",
     "url": "https://www.wikidata.org/wiki/Q124287319",
     "note": "harvested: painting by this creator with an image and a documented collection"
    },
    "creation_place": "Venice",
    "creation_lat": 45.4375,
    "creation_lon": 12.335833,
    "_overrides": {
     "creation": {
      "at": "2026-09-25",
      "source": "derived",
      "note": "creation place inferred from the painter's itinerary at this work's date (approximate)"
     }
    },
    "museum_id": "gallerie-dell-accademia",
    "location_src": "Gallerie dell'Accademia",
    "kind": "museum",
    "form": "painting"
   }
  },
  {
   "type": "Feature",
   "geometry": {
    "type": "Point",
    "coordinates": [
     -0.15167,
     51.50347
    ]
   },
   "properties": {
    "painter": "Titian",
    "title": "Danaë",
    "year": "1549",
    "location": "Apsley House",
    "city": "City of Westminster",
    "country": "United Kingdom",
    "attribution": "generally accepted",
    "image": "https://commons.wikimedia.org/wiki/Special:FilePath/Wellington%20Danae.jpg?width=500",
    "qid": "Q124940185",
    "wikidata": "https://www.wikidata.org/wiki/Q124940185",
    "_source": {
     "source": "Wikidata",
     "url": "https://www.wikidata.org/wiki/Q124940185",
     "note": "harvested: painting by this creator with an image and a documented collection"
    },
    "creation_place": "Venice",
    "creation_lat": 45.4375,
    "creation_lon": 12.335833,
    "_overrides": {
     "creation": {
      "at": "2026-09-25",
      "source": "derived",
      "note": "creation place inferred from the painter's itinerary at this work's date (approximate)"
     }
    },
    "museum_id": "apsley-house",
    "location_src": "Apsley House",
    "kind": "museum",
    "form": "painting"
   }
  },
  {
   "type": "Feature",
   "geometry": {
    "type": "Point",
    "coordinates": [
     -4.15,
     40.59
    ]
   },
   "properties": {
    "painter": "Titian",
    "title": "Saint Margaret and the Dragon",
    "year": "1552",
    "location": "Royal Monastery of San Lorenzo de El Escorial",
    "city": "Spain",
    "country": "Spain",
    "attribution": "generally accepted",
    "image": "https://commons.wikimedia.org/wiki/Special:FilePath/Tiziano%20-%20Santa%20Margherita%20d%27Antiochia%20sottomette%20il%20drago%20con%20la%20croce%2C%201552%20ca.%2C%20Monasterio%20de%20El%20Escorial.jpg?width=500",
    "qid": "Q125340053",
    "wikidata": "https://www.wikidata.org/wiki/Q125340053",
    "_source": {
     "source": "Wikidata",
     "url": "https://www.wikidata.org/wiki/Q125340053",
     "note": "harvested: painting by this creator with an image and a documented collection"
    },
    "creation_place": "Venice",
    "creation_lat": 45.4375,
    "creation_lon": 12.335833,
    "_overrides": {
     "creation": {
      "at": "2026-09-25",
      "source": "derived",
      "note": "creation place inferred from the painter's itinerary at this work's date (approximate)"
     }
    },
    "museum_id": "royal-monastery-of-san-lorenzo-de-el-escorial",
    "location_src": "Royal Monastery of San Lorenzo de El Escorial",
    "kind": "museum",
    "form": "painting"
   }
  },
  {
   "type": "Feature",
   "geometry": {
    "type": "Point",
    "coordinates": [
     16.36524,
     48.20163
    ]
   },
   "properties": {
    "painter": "Titian",
    "title": "Cupid",
    "year": "1530",
    "location": "Gemäldegalerie der Akademie der bildenden Künste Wien",
    "city": "Vienna",
    "country": "Austria",
    "attribution": "generally accepted",
    "image": "https://commons.wikimedia.org/wiki/Special:FilePath/Tiziano%20Vecellio%20%28genannt%20Tizian%29%20-%20Amor%20-%20GG-466%20-%20Academy%20of%20Fine%20Arts%20Vienna.jpg?width=500",
    "qid": "Q125954861",
    "wikidata": "https://www.wikidata.org/wiki/Q125954861",
    "_source": {
     "source": "Wikidata",
     "url": "https://www.wikidata.org/wiki/Q125954861",
     "note": "harvested: painting by this creator with an image and a documented collection"
    },
    "creation_place": "Venice",
    "creation_lat": 45.4375,
    "creation_lon": 12.335833,
    "_overrides": {
     "creation": {
      "at": "2026-09-25",
      "source": "derived",
      "note": "creation place inferred from the painter's itinerary at this work's date (approximate)"
     }
    },
    "museum_id": "gemaldegalerie-der-akademie-der-bildenden-kunste-wien",
    "location_src": "Gemäldegalerie der Akademie der bildenden Künste Wien",
    "kind": "museum",
    "form": "painting"
   }
  },
  {
   "type": "Feature",
   "geometry": {
    "type": "Point",
    "coordinates": [
     -0.1583,
     51.5194
    ]
   },
   "properties": {
    "painter": "Titian",
    "title": "Portrait of a Bearded Man",
    "year": "1560",
    "location": "Schorr Collection",
    "city": "City of Westminster",
    "country": "United Kingdom",
    "attribution": "generally accepted",
    "image": "https://commons.wikimedia.org/wiki/Special:FilePath/Titian%20%28c.1488%E2%80%931576%29%20-%20Portrait%20of%20a%20Bearded%20Man%20-%20SRR6369958%20-%20Schorr%20Collection.jpg?width=500",
    "qid": "Q127385022",
    "wikidata": "https://www.wikidata.org/wiki/Q127385022",
    "_source": {
     "source": "Wikidata",
     "url": "https://www.wikidata.org/wiki/Q127385022",
     "note": "harvested: painting by this creator with an image and a documented collection"
    },
    "creation_place": "Venice",
    "creation_lat": 45.4375,
    "creation_lon": 12.335833,
    "_overrides": {
     "creation": {
      "at": "2026-09-25",
      "source": "derived",
      "note": "creation place inferred from the painter's itinerary at this work's date (approximate)"
     }
    },
    "museum_id": "schorr-collection",
    "location_src": "Schorr Collection",
    "kind": "museum",
    "form": "painting"
   }
  },
  {
   "type": "Feature",
   "geometry": {
    "type": "Point",
    "coordinates": [
     -76.6195,
     39.326
    ]
   },
   "properties": {
    "painter": "Titian",
    "title": "Portrait of a Gentleman",
    "year": "1561",
    "location": "Baltimore Museum of Art",
    "city": "Baltimore",
    "country": "United States",
    "attribution": "generally accepted",
    "image": "https://commons.wikimedia.org/wiki/Special:FilePath/Titian%20-%20Portrait%20of%20a%20Gentleman%2C%201561.jpg?width=500",
    "qid": "Q130891266",
    "wikidata": "https://www.wikidata.org/wiki/Q130891266",
    "_source": {
     "source": "Wikidata",
     "url": "https://www.wikidata.org/wiki/Q130891266",
     "note": "harvested: painting by this creator with an image and a documented collection"
    },
    "creation_place": "Venice",
    "creation_lat": 45.4375,
    "creation_lon": 12.335833,
    "_overrides": {
     "creation": {
      "at": "2026-09-25",
      "source": "derived",
      "note": "creation place inferred from the painter's itinerary at this work's date (approximate)"
     }
    },
    "museum_id": "baltimore-museum-of-art",
    "location_src": "Baltimore Museum of Art",
    "kind": "museum",
    "form": "painting"
   }
  },
  {
   "type": "Feature",
   "geometry": {
    "type": "Point",
    "coordinates": [
     8.54806,
     47.37028
    ]
   },
   "properties": {
    "painter": "Titian",
    "title": "Evening Landscape with Couple",
    "year": "1521",
    "location": "Kunsthaus Zürich",
    "city": "Zurich",
    "country": "Switzerland",
    "attribution": "generally accepted",
    "image": "https://commons.wikimedia.org/wiki/Special:FilePath/Tiziano%20Vecellio%2C%20known%20as%20Titian%2C%20attributed%20to%2C%20Giorgione%20da%20Castelfranco%20historical%20attribution%20-%20Paesaggio%20serale%20con%20coppia%20%28Paesaggio%20Rogers%29%20-%20ZKG.2019-0003%20-%20Kunsthaus%20Z%C3%BCrich.jpg?width=500",
    "qid": "Q131584743",
    "wikidata": "https://www.wikidata.org/wiki/Q131584743",
    "_source": {
     "source": "Wikidata",
     "url": "https://www.wikidata.org/wiki/Q131584743",
     "note": "harvested: painting by this creator with an image and a documented collection"
    },
    "creation_place": "Venice",
    "creation_lat": 45.4375,
    "creation_lon": 12.335833,
    "_overrides": {
     "creation": {
      "at": "2026-09-25",
      "source": "derived",
      "note": "creation place inferred from the painter's itinerary at this work's date (approximate)"
     }
    },
    "museum_id": "kunsthaus-zurich",
    "location_src": "Kunsthaus Zürich",
    "kind": "museum",
    "form": "painting"
   }
  },
  {
   "type": "Feature",
   "geometry": {
    "type": "Point",
    "coordinates": [
     12.32814,
     45.43108
    ]
   },
   "properties": {
    "painter": "Titian",
    "title": "Simbolo dell'Evangelista Giovanni (aquila)",
    "year": "",
    "location": "Gallerie dell'Accademia",
    "city": "Venice",
    "country": "Italy",
    "attribution": "generally accepted",
    "image": "https://commons.wikimedia.org/wiki/Special:FilePath/Vecellio%20T%20-%20Simbolo%20evangelista%20Giovanni%20%281035d%29%20foto%20intera%20gallery.jpg?width=500",
    "qid": "Q131613913",
    "wikidata": "https://www.wikidata.org/wiki/Q131613913",
    "_source": {
     "source": "Wikidata",
     "url": "https://www.wikidata.org/wiki/Q131613913",
     "note": "harvested: painting by this creator with an image and a documented collection"
    },
    "museum_id": "gallerie-dell-accademia",
    "location_src": "Gallerie dell'Accademia",
    "kind": "museum",
    "form": "painting"
   }
  },
  {
   "type": "Feature",
   "geometry": {
    "type": "Point",
    "coordinates": [
     12.32814,
     45.43108
    ]
   },
   "properties": {
    "painter": "Titian",
    "title": "Simbolo dell'Evangelista Luca (toro)",
    "year": "",
    "location": "Gallerie dell'Accademia",
    "city": "Venice",
    "country": "Italy",
    "attribution": "generally accepted",
    "image": "https://commons.wikimedia.org/wiki/Special:FilePath/Vecellio%20T%20-%20Simbolo%20evangelista%20Luca%20%281035a%29%20foto%20intera%201%20%281%29.jpg?width=500",
    "qid": "Q131613914",
    "wikidata": "https://www.wikidata.org/wiki/Q131613914",
    "_source": {
     "source": "Wikidata",
     "url": "https://www.wikidata.org/wiki/Q131613914",
     "note": "harvested: painting by this creator with an image and a documented collection"
    },
    "museum_id": "gallerie-dell-accademia",
    "location_src": "Gallerie dell'Accademia",
    "kind": "museum",
    "form": "painting"
   }
  },
  {
   "type": "Feature",
   "geometry": {
    "type": "Point",
    "coordinates": [
     12.32814,
     45.43108
    ]
   },
   "properties": {
    "painter": "Titian",
    "title": "Simbolo dell'Evangelista Marco (leone)",
    "year": "",
    "location": "Gallerie dell'Accademia",
    "city": "Venice",
    "country": "Italy",
    "attribution": "generally accepted",
    "image": "https://commons.wikimedia.org/wiki/Special:FilePath/Vecellio%20T%20-%20Simbolo%20evangelista%20Marco%20%281035c%29%20foto%20intera%20gallery.jpg?width=500",
    "qid": "Q131613915",
    "wikidata": "https://www.wikidata.org/wiki/Q131613915",
    "_source": {
     "source": "Wikidata",
     "url": "https://www.wikidata.org/wiki/Q131613915",
     "note": "harvested: painting by this creator with an image and a documented collection"
    },
    "museum_id": "gallerie-dell-accademia",
    "location_src": "Gallerie dell'Accademia",
    "kind": "museum",
    "form": "painting"
   }
  },
  {
   "type": "Feature",
   "geometry": {
    "type": "Point",
    "coordinates": [
     12.32814,
     45.43108
    ]
   },
   "properties": {
    "painter": "Titian",
    "title": "Simbolo dell'Evangelista Matteo (angelo)",
    "year": "",
    "location": "Gallerie dell'Accademia",
    "city": "Venice",
    "country": "Italy",
    "attribution": "generally accepted",
    "image": "https://commons.wikimedia.org/wiki/Special:FilePath/Vecellio%20T%20-%20Simbolo%20evangelista%20Matteo%20%281035b%29%20intera%20gallery%201.jpg?width=500",
    "qid": "Q131613916",
    "wikidata": "https://www.wikidata.org/wiki/Q131613916",
    "_source": {
     "source": "Wikidata",
     "url": "https://www.wikidata.org/wiki/Q131613916",
     "note": "harvested: painting by this creator with an image and a documented collection"
    },
    "museum_id": "gallerie-dell-accademia",
    "location_src": "Gallerie dell'Accademia",
    "kind": "museum",
    "form": "painting"
   }
  },
  {
   "type": "Feature",
   "geometry": {
    "type": "Point",
    "coordinates": [
     37.60603,
     55.74703
    ]
   },
   "properties": {
    "painter": "Titian",
    "title": "Ecce Homo",
    "year": "1567",
    "location": "Pushkin Museum",
    "city": "Moscow",
    "country": "Russia",
    "attribution": "generally accepted",
    "image": "https://commons.wikimedia.org/wiki/Special:FilePath/%D0%A2%D0%B8%D1%86%D0%B8%D0%B0%D0%BD%20%D0%92%D0%B5%D1%87%D0%B5%D0%BB%D0%BB%D0%B8%D0%BE%20-%20%D0%A1%D0%B5%20%D1%87%D0%B5%D0%BB%D0%BE%D0%B2%D0%B5%D0%BA%20-%20%D0%96-187%20-%20Pushkin%20Museum%20of%20Fine%20Arts.jpg?width=500",
    "qid": "Q133273884",
    "wikidata": "https://www.wikidata.org/wiki/Q133273884",
    "_source": {
     "source": "Wikidata",
     "url": "https://www.wikidata.org/wiki/Q133273884",
     "note": "harvested: painting by this creator with an image and a documented collection"
    },
    "creation_place": "Venice",
    "creation_lat": 45.4375,
    "creation_lon": 12.335833,
    "_overrides": {
     "creation": {
      "at": "2026-09-25",
      "source": "derived",
      "note": "creation place inferred from the painter's itinerary at this work's date (approximate)"
     }
    },
    "museum_id": "pushkin-museum",
    "location_src": "Pushkin Museum",
    "kind": "museum",
    "form": "painting",
    "city_src": "Khamovniki District"
   }
  },
  {
   "type": "Feature",
   "geometry": {
    "type": "Point",
    "coordinates": [
     12.2508,
     45.66673
    ]
   },
   "properties": {
    "painter": "Titian",
    "title": "Portrait of Sperone Speroni",
    "year": "1544",
    "location": "Musei civici di Treviso",
    "city": "Treviso",
    "country": "Italy",
    "attribution": "generally accepted",
    "image": "https://commons.wikimedia.org/wiki/Special:FilePath/%28Treviso%29%20Portrait%20of%20Sperone%20Speroni%20by%20Tiziano%20Vecellio.jpg?width=500",
    "qid": "Q133857279",
    "wikidata": "https://www.wikidata.org/wiki/Q133857279",
    "_source": {
     "source": "Wikidata",
     "url": "https://www.wikidata.org/wiki/Q133857279",
     "note": "harvested: painting by this creator with an image and a documented collection"
    },
    "creation_place": "Venice",
    "creation_lat": 45.4375,
    "creation_lon": 12.335833,
    "_overrides": {
     "creation": {
      "at": "2026-09-25",
      "source": "derived",
      "note": "creation place inferred from the painter's itinerary at this work's date (approximate)"
     }
    },
    "museum_id": "musei-civici-di-treviso",
    "location_src": "Musei civici di Treviso",
    "kind": "museum",
    "form": "painting"
   }
  },
  {
   "type": "Feature",
   "geometry": {
    "type": "Point",
    "coordinates": [
     1.09472,
     49.44472
    ]
   },
   "properties": {
    "painter": "Titian",
    "title": "Portrait of a man with a black cap",
    "year": "1515",
    "location": "Musée des Beaux-Arts de Rouen",
    "city": "Rouen",
    "country": "France",
    "attribution": "generally accepted",
    "image": "https://commons.wikimedia.org/wiki/Special:FilePath/Tiziano%2C%20attribu%C3%A9%20%C3%A0%20%28%3F%29%20%E2%80%93%20Portrait%20d%27homme%20au%20chapeau%20noir%20%E2%80%93%20Mus%C3%A9e%20des%20Beaux-Arts%2C%20Rouen.jpg?width=500",
    "qid": "Q136402646",
    "wikidata": "https://www.wikidata.org/wiki/Q136402646",
    "_source": {
     "source": "Wikidata",
     "url": "https://www.wikidata.org/wiki/Q136402646",
     "note": "harvested: painting by this creator with an image and a documented collection"
    },
    "creation_place": "Venice",
    "creation_lat": 45.4375,
    "creation_lon": 12.335833,
    "_overrides": {
     "creation": {
      "at": "2026-09-25",
      "source": "derived",
      "note": "creation place inferred from the painter's itinerary at this work's date (approximate)"
     }
    },
    "museum_id": "musee-des-beaux-arts-de-rouen",
    "location_src": "Musée des Beaux-Arts de Rouen",
    "kind": "museum",
    "form": "painting"
   }
  },
  {
   "type": "Feature",
   "geometry": {
    "type": "Point",
    "coordinates": [
     -77.087,
     38.9393
    ]
   },
   "properties": {
    "painter": "Titian",
    "title": "Portrait of the Sculptor Martino Pasqualigo",
    "year": "1545",
    "location": "American University Museum",
    "city": "Washington, D.C.",
    "country": "United States",
    "attribution": "generally accepted",
    "image": "https://commons.wikimedia.org/wiki/Special:FilePath/Titian%20-%20Portrait%20of%20Martino%20Pasqualigo%2C%201546.jpg?width=500",
    "qid": "Q136408710",
    "wikidata": "https://www.wikidata.org/wiki/Q136408710",
    "_source": {
     "source": "Wikidata",
     "url": "https://www.wikidata.org/wiki/Q136408710",
     "note": "harvested: painting by this creator with an image and a documented collection"
    },
    "creation_place": "Venice",
    "creation_lat": 45.4375,
    "creation_lon": 12.335833,
    "_overrides": {
     "creation": {
      "at": "2026-09-25",
      "source": "derived",
      "note": "creation place inferred from the painter's itinerary at this work's date (approximate)"
     }
    },
    "museum_id": "american-university-museum",
    "location_src": "American University Museum",
    "kind": "museum",
    "form": "painting"
   }
  },
  {
   "type": "Feature",
   "geometry": {
    "type": "Point",
    "coordinates": [
     11.2256,
     43.7904
    ]
   },
   "properties": {
    "painter": "Titian",
    "title": "Portrait of Guidobaldo II della Rovere, Duke of Urbino (1514–1574), and his son, Francesco Maria II (1549–1631)",
    "year": "1555",
    "location": "Villa San Donato",
    "city": "Florence",
    "country": "Italy",
    "attribution": "generally accepted",
    "image": "https://commons.wikimedia.org/wiki/Special:FilePath/Double%20portrait%20of%20Guidobaldo%20II%20della%20Rovere%2C%20Duke%20of%20Urbino%2C%20and%20his%20son%2C%20Francesco%20Maria%20II%20%28by%20Tiziano%20Vecellio%2C%20called%20Titian%29%20%E2%80%93%20Klesch%20Collection%2C%20London.jpg?width=500",
    "qid": "Q136684512",
    "wikidata": "https://www.wikidata.org/wiki/Q136684512",
    "_source": {
     "source": "Wikidata",
     "url": "https://www.wikidata.org/wiki/Q136684512",
     "note": "harvested: painting by this creator with an image and a documented collection"
    },
    "creation_place": "Venice",
    "creation_lat": 45.4375,
    "creation_lon": 12.335833,
    "_overrides": {
     "creation": {
      "at": "2026-09-25",
      "source": "derived",
      "note": "creation place inferred from the painter's itinerary at this work's date (approximate)"
     }
    },
    "museum_id": "villa-san-donato",
    "location_src": "Villa San Donato",
    "kind": "museum",
    "form": "painting"
   }
  },
  {
   "type": "Feature",
   "geometry": {
    "type": "Point",
    "coordinates": [
     12.34042,
     45.43367
    ]
   },
   "properties": {
    "painter": "Titian",
    "title": "Member of the Calza",
    "year": "1500",
    "location": "Doge's Palace",
    "city": "Venice",
    "country": "Italy",
    "attribution": "generally accepted",
    "image": "https://commons.wikimedia.org/wiki/Special:FilePath/Giorgione%20-%20Zampetti%2C%20022-1.jpg?width=500",
    "qid": "Q136933854",
    "wikidata": "https://www.wikidata.org/wiki/Q136933854",
    "_source": {
     "source": "Wikidata",
     "url": "https://www.wikidata.org/wiki/Q136933854",
     "note": "harvested: painting by this creator with an image and a documented collection"
    },
    "museum_id": "doge-s-palace",
    "location_src": "Doge's Palace",
    "kind": "museum",
    "form": "painting"
   }
  },
  {
   "type": "Feature",
   "geometry": {
    "type": "Point",
    "coordinates": [
     12.48114,
     41.89767
    ]
   },
   "properties": {
    "painter": "Titian",
    "title": "Angel with a Tambourine",
    "year": "1508",
    "location": "Doria Pamphilj Gallery",
    "city": "Rome",
    "country": "Italy",
    "attribution": "generally accepted",
    "image": "https://commons.wikimedia.org/wiki/Special:FilePath/Tiziano%20Vecellio%20%E2%80%93%20Angelo%20con%20tamburello%20%E2%80%93%20Galleria%20Doria%20Pamphilj.jpg?width=500",
    "qid": "Q138601134",
    "wikidata": "https://www.wikidata.org/wiki/Q138601134",
    "_source": {
     "source": "Wikidata",
     "url": "https://www.wikidata.org/wiki/Q138601134",
     "note": "harvested: painting by this creator with an image and a documented collection"
    },
    "creation_place": "Venice",
    "creation_lat": 45.4375,
    "creation_lon": 12.335833,
    "_overrides": {
     "creation": {
      "at": "2026-09-25",
      "source": "derived",
      "note": "creation place inferred from the painter's itinerary at this work's date (approximate)"
     }
    },
    "museum_id": "doria-pamphilj-gallery",
    "location_src": "Doria Pamphilj Gallery",
    "kind": "museum",
    "form": "painting"
   }
  },
  {
   "type": "Feature",
   "geometry": {
    "type": "Point",
    "coordinates": [
     19.07678,
     47.51587
    ]
   },
   "properties": {
    "painter": "Titian",
    "title": "Virgin and Child with Saint Paul",
    "year": "1540",
    "location": "Museum of Fine Arts, Budapest",
    "city": "Budapest",
    "country": "Hungary",
    "attribution": "generally accepted",
    "image": "https://commons.wikimedia.org/wiki/Special:FilePath/Tiziano%20Vecellio%20Virgin%20Mary%20with%20Child%20and%20St.%20Paul.jpg?width=500",
    "qid": "Q1161477",
    "wikidata": "https://www.wikidata.org/wiki/Q1161477",
    "_source": {
     "source": "Wikidata",
     "url": "https://www.wikidata.org/wiki/Q1161477",
     "note": "harvested: painting by this creator with an image and a documented collection"
    },
    "creation_place": "Venice",
    "creation_lat": 45.4375,
    "creation_lon": 12.335833,
    "_overrides": {
     "creation": {
      "at": "2026-09-25",
      "source": "derived",
      "note": "creation place inferred from the painter's itinerary at this work's date (approximate)"
     }
    },
    "museum_id": "museum-of-fine-arts-budapest",
    "location_src": "Museum of Fine Arts, Budapest",
    "kind": "museum",
    "form": "painting",
    "city_src": "Budapest district XIV"
   }
  },
  {
   "type": "Feature",
   "geometry": {
    "type": "Point",
    "coordinates": [
     -3.6922,
     40.4139
    ]
   },
   "properties": {
    "painter": "Titian",
    "title": "Religion saved by Spain",
    "year": "1573",
    "location": "Museo del Prado",
    "city": "Madrid",
    "country": "Spain",
    "attribution": "generally accepted",
    "image": "https://commons.wikimedia.org/wiki/Special:FilePath/Religion%20saved%20by%20Spain.jpg?width=500",
    "qid": "Q2883671",
    "wikidata": "https://www.wikidata.org/wiki/Q2883671",
    "_source": {
     "source": "Wikidata",
     "url": "https://www.wikidata.org/wiki/Q2883671",
     "note": "harvested: painting by this creator with an image and a documented collection"
    },
    "creation_place": "Venice",
    "creation_lat": 45.4375,
    "creation_lon": 12.335833,
    "_overrides": {
     "creation": {
      "at": "2026-09-25",
      "source": "derived",
      "note": "creation place inferred from the painter's itinerary at this work's date (approximate)"
     }
    },
    "museum_id": "museo-del-prado",
    "location_src": "Museo del Prado",
    "kind": "museum",
    "form": "painting"
   }
  },
  {
   "type": "Feature",
   "geometry": {
    "type": "Point",
    "coordinates": [
     -0.142,
     51.501
    ]
   },
   "properties": {
    "painter": "Titian",
    "title": "Shepherd with a Flute",
    "year": "1510",
    "location": "Buckingham Palace",
    "city": "England",
    "country": "United Kingdom",
    "attribution": "generally accepted",
    "image": "https://commons.wikimedia.org/wiki/Special:FilePath/Titian%20-%20Boy%20with%20a%20pipe%20-%20Windsor%20Castle.jpg?width=500",
    "qid": "Q2897084",
    "wikidata": "https://www.wikidata.org/wiki/Q2897084",
    "_source": {
     "source": "Wikidata",
     "url": "https://www.wikidata.org/wiki/Q2897084",
     "note": "harvested: painting by this creator with an image and a documented collection"
    },
    "creation_place": "Venice",
    "creation_lat": 45.4375,
    "creation_lon": 12.335833,
    "_overrides": {
     "creation": {
      "at": "2026-09-25",
      "source": "derived",
      "note": "creation place inferred from the painter's itinerary at this work's date (approximate)"
     }
    },
    "location_src": "Royal Collection",
    "museum_id": "buckingham-palace",
    "kind": "museum",
    "form": "painting",
    "venue_of": "Royal Collection"
   }
  },
  {
   "type": "Feature",
   "geometry": {
    "type": "Point",
    "coordinates": [
     11.57178,
     48.14958
    ]
   },
   "properties": {
    "painter": "Titian",
    "title": "Virgin and Child with Saints Anthony Abbot, Jerome and Francis",
    "year": "1519",
    "location": "Bavarian State Painting Collections",
    "city": "Munich",
    "country": "Germany",
    "attribution": "generally accepted",
    "image": "https://commons.wikimedia.org/wiki/Special:FilePath/Tiziano%2C%20Francesco%20Vecellio%2C%20Adoration%20of%20the%20Child%20among%20saints.jpeg?width=500",
    "qid": "Q3605571",
    "wikidata": "https://www.wikidata.org/wiki/Q3605571",
    "_source": {
     "source": "Wikidata",
     "url": "https://www.wikidata.org/wiki/Q3605571",
     "note": "harvested: painting by this creator with an image and a documented collection"
    },
    "creation_place": "Venice",
    "creation_lat": 45.4375,
    "creation_lon": 12.335833,
    "_overrides": {
     "creation": {
      "at": "2026-09-25",
      "source": "derived",
      "note": "creation place inferred from the painter's itinerary at this work's date (approximate)"
     }
    },
    "museum_id": "bavarian-state-painting-collections",
    "location_src": "Bavarian State Painting Collections",
    "kind": "museum",
    "form": "painting"
   }
  },
  {
   "type": "Feature",
   "geometry": {
    "type": "Point",
    "coordinates": [
     16.3616,
     48.20388
    ]
   },
   "properties": {
    "painter": "Titian",
    "title": "The Bravo",
    "year": "1517",
    "location": "Kunsthistorisches Museum",
    "city": "Vienna",
    "country": "Austria",
    "attribution": "generally accepted",
    "image": "https://commons.wikimedia.org/wiki/Special:FilePath/Tiziano%20Vecellio%2C%20gen.%20Tizian%2C%20Kunsthistorisches%20Museum%20Wien%20-%20Der%20Bravo%20-%20GG%2064%20-%20Kunsthistorisches%20Museum.jpg?width=500",
    "qid": "Q3643957",
    "wikidata": "https://www.wikidata.org/wiki/Q3643957",
    "_source": {
     "source": "Wikidata",
     "url": "https://www.wikidata.org/wiki/Q3643957",
     "note": "harvested: painting by this creator with an image and a documented collection"
    },
    "creation_place": "Venice",
    "creation_lat": 45.4375,
    "creation_lon": 12.335833,
    "_overrides": {
     "creation": {
      "at": "2026-09-25",
      "source": "derived",
      "note": "creation place inferred from the painter's itinerary at this work's date (approximate)"
     }
    },
    "museum_id": "kunsthistorisches-museum",
    "location_src": "Kunsthistorisches Museum",
    "kind": "museum",
    "form": "painting"
   }
  },
  {
   "type": "Feature",
   "geometry": {
    "type": "Point",
    "coordinates": [
     -72.93096,
     41.30839
    ]
   },
   "properties": {
    "painter": "Titian",
    "title": "The Circumcision of Christ",
    "year": "1506",
    "location": "Yale University Art Gallery",
    "city": "New Haven",
    "country": "United States",
    "attribution": "generally accepted",
    "image": "https://commons.wikimedia.org/wiki/Special:FilePath/Titian%20-%20The%20Circumcision%20of%20Christ%2C%20ca.%201506%E2%80%937.tif?width=500",
    "qid": "Q3677600",
    "wikidata": "https://www.wikidata.org/wiki/Q3677600",
    "_source": {
     "source": "Wikidata",
     "url": "https://www.wikidata.org/wiki/Q3677600",
     "note": "harvested: painting by this creator with an image and a documented collection"
    },
    "creation_place": "Venice",
    "creation_lat": 45.4375,
    "creation_lon": 12.335833,
    "_overrides": {
     "creation": {
      "at": "2026-09-25",
      "source": "derived",
      "note": "creation place inferred from the painter's itinerary at this work's date (approximate)"
     }
    },
    "museum_id": "yale-university-art-gallery",
    "location_src": "Yale University Art Gallery",
    "kind": "museum",
    "form": "painting"
   }
  },
  {
   "type": "Feature",
   "geometry": {
    "type": "Point",
    "coordinates": [
     11.25,
     43.7652
    ]
   },
   "properties": {
    "painter": "Titian",
    "title": "The Concert",
    "year": "1510",
    "location": "Galleria Palatina",
    "city": "Florence",
    "country": "Italy",
    "attribution": "generally accepted",
    "image": "https://commons.wikimedia.org/wiki/Special:FilePath/Tiziano%20Vecellio%20%28Pieve%20di%20Cadore%201490%20ca%20-%20Venezia%201576%29%20-%20Il%20Concerto%20-%20185%20-%20Galleria%20Palatina.jpg?width=500",
    "qid": "Q3686076",
    "wikidata": "https://www.wikidata.org/wiki/Q3686076",
    "_source": {
     "source": "Wikidata",
     "url": "https://www.wikidata.org/wiki/Q3686076",
     "note": "harvested: painting by this creator with an image and a documented collection"
    },
    "creation_place": "Venice",
    "creation_lat": 45.4375,
    "creation_lon": 12.335833,
    "_overrides": {
     "creation": {
      "at": "2026-09-25",
      "source": "derived",
      "note": "creation place inferred from the painter's itinerary at this work's date (approximate)"
     }
    },
    "museum_id": "galleria-palatina",
    "location_src": "Galleria Palatina",
    "kind": "museum",
    "form": "painting"
   }
  },
  {
   "type": "Feature",
   "geometry": {
    "type": "Point",
    "coordinates": [
     30.31361,
     59.94056
    ]
   },
   "properties": {
    "painter": "Titian",
    "title": "Danaë",
    "year": "1554",
    "location": "Hermitage Museum",
    "city": "Saint Petersburg",
    "country": "Russia",
    "attribution": "generally accepted",
    "image": "https://commons.wikimedia.org/wiki/Special:FilePath/Titian%20-%20Danae%20%28Hermitage%20Version%29.jpg?width=500",
    "qid": "Q3701421",
    "wikidata": "https://www.wikidata.org/wiki/Q3701421",
    "_source": {
     "source": "Wikidata",
     "url": "https://www.wikidata.org/wiki/Q3701421",
     "note": "harvested: painting by this creator with an image and a documented collection"
    },
    "creation_place": "Venice",
    "creation_lat": 45.4375,
    "creation_lon": 12.335833,
    "_overrides": {
     "creation": {
      "at": "2026-09-25",
      "source": "derived",
      "note": "creation place inferred from the painter's itinerary at this work's date (approximate)"
     }
    },
    "museum_id": "hermitage-museum",
    "location_src": "Hermitage Museum",
    "kind": "museum",
    "form": "painting"
   }
  },
  {
   "type": "Feature",
   "geometry": {
    "type": "Point",
    "coordinates": [
     16.3616,
     48.20388
    ]
   },
   "properties": {
    "painter": "Titian",
    "title": "Danaë",
    "year": "1550",
    "location": "Kunsthistorisches Museum",
    "city": "Vienna",
    "country": "Austria",
    "attribution": "generally accepted",
    "image": "https://commons.wikimedia.org/wiki/Special:FilePath/Tiziano%20Vecellio%2C%20gen.%20Tizian%2C%20Kunsthistorisches%20Museum%20Wien%20-%20Danae%20-%20GG%2090%20-%20Kunsthistorisches%20Museum.jpg?width=500",
    "qid": "Q3701422",
    "wikidata": "https://www.wikidata.org/wiki/Q3701422",
    "_source": {
     "source": "Wikidata",
     "url": "https://www.wikidata.org/wiki/Q3701422",
     "note": "harvested: painting by this creator with an image and a documented collection"
    },
    "creation_place": "Venice",
    "creation_lat": 45.4375,
    "creation_lon": 12.335833,
    "_overrides": {
     "creation": {
      "at": "2026-09-25",
      "source": "derived",
      "note": "creation place inferred from the painter's itinerary at this work's date (approximate)"
     }
    },
    "museum_id": "kunsthistorisches-museum",
    "location_src": "Kunsthistorisches Museum",
    "kind": "museum",
    "form": "painting"
   }
  },
  {
   "type": "Feature",
   "geometry": {
    "type": "Point",
    "coordinates": [
     -3.6922,
     40.4139
    ]
   },
   "properties": {
    "painter": "Titian",
    "title": "The Agony in the Garden",
    "year": "1558",
    "location": "Museo del Prado",
    "city": "Madrid",
    "country": "Spain",
    "attribution": "generally accepted",
    "image": "https://commons.wikimedia.org/wiki/Special:FilePath/La%20Oraci%C3%B3n%20en%20el%20Huerto%2C%20por%20Tiziano.jpg?width=500",
    "qid": "Q6051752",
    "wikidata": "https://www.wikidata.org/wiki/Q6051752",
    "_source": {
     "source": "Wikidata",
     "url": "https://www.wikidata.org/wiki/Q6051752",
     "note": "harvested: painting by this creator with an image and a documented collection"
    },
    "creation_place": "Venice",
    "creation_lat": 45.4375,
    "creation_lon": 12.335833,
    "_overrides": {
     "creation": {
      "at": "2026-09-25",
      "source": "derived",
      "note": "creation place inferred from the painter's itinerary at this work's date (approximate)"
     }
    },
    "museum_id": "museo-del-prado",
    "location_src": "Museo del Prado",
    "kind": "museum",
    "form": "painting"
   }
  },
  {
   "type": "Feature",
   "geometry": {
    "type": "Point",
    "coordinates": [
     -1.26056,
     51.75556
    ]
   },
   "properties": {
    "painter": "Titian",
    "title": "Portrait of Giacomo Doria",
    "year": "1534",
    "location": "Ashmolean Museum",
    "city": "Oxford",
    "country": "United Kingdom",
    "attribution": "generally accepted",
    "image": "https://commons.wikimedia.org/wiki/Special:FilePath/Titian%20-%20Giacomo%20Doria%2C%201530%20-%201535.jpg?width=500",
    "qid": "Q7232270",
    "wikidata": "https://www.wikidata.org/wiki/Q7232270",
    "_source": {
     "source": "Wikidata",
     "url": "https://www.wikidata.org/wiki/Q7232270",
     "note": "harvested: painting by this creator with an image and a documented collection"
    },
    "creation_place": "Venice",
    "creation_lat": 45.4375,
    "creation_lon": 12.335833,
    "_overrides": {
     "creation": {
      "at": "2026-09-25",
      "source": "derived",
      "note": "creation place inferred from the painter's itinerary at this work's date (approximate)"
     }
    },
    "museum_id": "ashmolean-museum",
    "location_src": "Ashmolean Museum",
    "kind": "museum",
    "form": "painting"
   }
  },
  {
   "type": "Feature",
   "geometry": {
    "type": "Point",
    "coordinates": [
     14.25053,
     40.86701
    ]
   },
   "properties": {
    "painter": "Titian",
    "title": "Portrait of Lavinia Vecellio",
    "year": "1545",
    "location": "Museo di Capodimonte",
    "city": "Naples",
    "country": "Italy",
    "attribution": "generally accepted",
    "image": "https://commons.wikimedia.org/wiki/Special:FilePath/Titian%20%E2%80%93%20Portrait%20of%20a%20Young%20Woman%20%E2%80%93%20Google%20Art%20Project.jpg?width=500",
    "qid": "Q7232287",
    "wikidata": "https://www.wikidata.org/wiki/Q7232287",
    "_source": {
     "source": "Wikidata",
     "url": "https://www.wikidata.org/wiki/Q7232287",
     "note": "harvested: painting by this creator with an image and a documented collection"
    },
    "creation_place": "Venice",
    "creation_lat": 45.4375,
    "creation_lon": 12.335833,
    "_overrides": {
     "creation": {
      "at": "2026-09-25",
      "source": "derived",
      "note": "creation place inferred from the painter's itinerary at this work's date (approximate)"
     }
    },
    "museum_id": "museo-di-capodimonte",
    "location_src": "Museo di Capodimonte",
    "kind": "museum",
    "form": "painting"
   }
  },
  {
   "type": "Feature",
   "geometry": {
    "type": "Point",
    "coordinates": [
     -3.6922,
     40.4139
    ]
   },
   "properties": {
    "painter": "Titian",
    "title": "Daniele Barbaro, Patriarch of Aquileia",
    "year": "1545",
    "location": "Museo del Prado",
    "city": "Madrid",
    "country": "Spain",
    "attribution": "generally accepted",
    "image": "https://commons.wikimedia.org/wiki/Special:FilePath/Daniele%20Barbaro%20by%20Titian.jpg?width=500",
    "qid": "Q27697924",
    "wikidata": "https://www.wikidata.org/wiki/Q27697924",
    "_source": {
     "source": "Wikidata",
     "url": "https://www.wikidata.org/wiki/Q27697924",
     "note": "harvested: painting by this creator with an image and a documented collection"
    },
    "creation_place": "Venice",
    "creation_lat": 45.4375,
    "creation_lon": 12.335833,
    "_overrides": {
     "creation": {
      "at": "2026-09-25",
      "source": "derived",
      "note": "creation place inferred from the painter's itinerary at this work's date (approximate)"
     }
    },
    "museum_id": "museo-del-prado",
    "location_src": "Museo del Prado",
    "kind": "museum",
    "form": "painting"
   }
  },
  {
   "type": "Feature",
   "geometry": {
    "type": "Point",
    "coordinates": [
     -3.6922,
     40.4139
    ]
   },
   "properties": {
    "painter": "Titian",
    "title": "Knight with a Clock",
    "year": "1550",
    "location": "Museo del Prado",
    "city": "Madrid",
    "country": "Spain",
    "attribution": "generally accepted",
    "image": "https://commons.wikimedia.org/wiki/Special:FilePath/Knight%20with%20a%20clock.jpg?width=500",
    "qid": "Q27697966",
    "wikidata": "https://www.wikidata.org/wiki/Q27697966",
    "_source": {
     "source": "Wikidata",
     "url": "https://www.wikidata.org/wiki/Q27697966",
     "note": "harvested: painting by this creator with an image and a documented collection"
    },
    "creation_place": "Venice",
    "creation_lat": 45.4375,
    "creation_lon": 12.335833,
    "_overrides": {
     "creation": {
      "at": "2026-09-25",
      "source": "derived",
      "note": "creation place inferred from the painter's itinerary at this work's date (approximate)"
     }
    },
    "museum_id": "museo-del-prado",
    "location_src": "Museo del Prado",
    "kind": "museum",
    "form": "painting"
   }
  },
  {
   "type": "Feature",
   "geometry": {
    "type": "Point",
    "coordinates": [
     -3.6922,
     40.4139
    ]
   },
   "properties": {
    "painter": "Titian",
    "title": "John Frederick I, Elector of Saxony",
    "year": "1548",
    "location": "Museo del Prado",
    "city": "Madrid",
    "country": "Spain",
    "attribution": "generally accepted",
    "image": "https://commons.wikimedia.org/wiki/Special:FilePath/Johann%20Friedrich%20%28Sachsen%29.jpg?width=500",
    "qid": "Q27698003",
    "wikidata": "https://www.wikidata.org/wiki/Q27698003",
    "_source": {
     "source": "Wikidata",
     "url": "https://www.wikidata.org/wiki/Q27698003",
     "note": "harvested: painting by this creator with an image and a documented collection"
    },
    "creation_place": "Venice",
    "creation_lat": 45.4375,
    "creation_lon": 12.335833,
    "_overrides": {
     "creation": {
      "at": "2026-09-25",
      "source": "derived",
      "note": "creation place inferred from the painter's itinerary at this work's date (approximate)"
     }
    },
    "museum_id": "museo-del-prado",
    "location_src": "Museo del Prado",
    "kind": "museum",
    "form": "painting"
   }
  },
  {
   "type": "Feature",
   "geometry": {
    "type": "Point",
    "coordinates": [
     -3.6922,
     40.4139
    ]
   },
   "properties": {
    "painter": "Titian",
    "title": "Saint John the Baptist",
    "year": "1550",
    "location": "Museo del Prado",
    "city": "Madrid",
    "country": "Spain",
    "attribution": "generally accepted",
    "image": "https://commons.wikimedia.org/wiki/Special:FilePath/Saint%20John%20the%20Baptist%20by%20Titian.%20Oil%20on%20canvas%2C%20Museo%20Nacional%20del%20Prado.jpg?width=500",
    "qid": "Q27698030",
    "wikidata": "https://www.wikidata.org/wiki/Q27698030",
    "_source": {
     "source": "Wikidata",
     "url": "https://www.wikidata.org/wiki/Q27698030",
     "note": "harvested: painting by this creator with an image and a documented collection"
    },
    "creation_place": "Venice",
    "creation_lat": 45.4375,
    "creation_lon": 12.335833,
    "_overrides": {
     "creation": {
      "at": "2026-09-25",
      "source": "derived",
      "note": "creation place inferred from the painter's itinerary at this work's date (approximate)"
     }
    },
    "museum_id": "museo-del-prado",
    "location_src": "Museo del Prado",
    "kind": "museum",
    "form": "painting"
   }
  },
  {
   "type": "Feature",
   "geometry": {
    "type": "Point",
    "coordinates": [
     -3.6922,
     40.4139
    ]
   },
   "properties": {
    "painter": "Titian",
    "title": "Saint Catherine of Alexandria",
    "year": "1560",
    "location": "Museo del Prado",
    "city": "Madrid",
    "country": "Spain",
    "attribution": "generally accepted",
    "image": "https://commons.wikimedia.org/wiki/Special:FilePath/Santa%20Catalina%20de%20Alejandr%C3%ADa%2C%20de%20Tiziano%20%28Museo%20del%20Prado%29.jpg?width=500",
    "qid": "Q27698057",
    "wikidata": "https://www.wikidata.org/wiki/Q27698057",
    "_source": {
     "source": "Wikidata",
     "url": "https://www.wikidata.org/wiki/Q27698057",
     "note": "harvested: painting by this creator with an image and a documented collection"
    },
    "creation_place": "Venice",
    "creation_lat": 45.4375,
    "creation_lon": 12.335833,
    "_overrides": {
     "creation": {
      "at": "2026-09-25",
      "source": "derived",
      "note": "creation place inferred from the painter's itinerary at this work's date (approximate)"
     }
    },
    "museum_id": "museo-del-prado",
    "location_src": "Museo del Prado",
    "kind": "museum",
    "form": "painting"
   }
  },
  {
   "type": "Feature",
   "geometry": {
    "type": "Point",
    "coordinates": [
     -3.6922,
     40.4139
    ]
   },
   "properties": {
    "painter": "Titian",
    "title": "Portrait of a Woman",
    "year": "1560",
    "location": "Museo del Prado",
    "city": "Madrid",
    "country": "Spain",
    "attribution": "generally accepted",
    "image": "https://commons.wikimedia.org/wiki/Special:FilePath/Retrato%20de%20mujer%2C%20de%20Tiziano%20y%20su%20taller%20%28Museo%20del%20Prado%29.jpg?width=500",
    "qid": "Q27698065",
    "wikidata": "https://www.wikidata.org/wiki/Q27698065",
    "_source": {
     "source": "Wikidata",
     "url": "https://www.wikidata.org/wiki/Q27698065",
     "note": "harvested: painting by this creator with an image and a documented collection"
    },
    "creation_place": "Venice",
    "creation_lat": 45.4375,
    "creation_lon": 12.335833,
    "_overrides": {
     "creation": {
      "at": "2026-09-25",
      "source": "derived",
      "note": "creation place inferred from the painter's itinerary at this work's date (approximate)"
     }
    },
    "museum_id": "museo-del-prado",
    "location_src": "Museo del Prado",
    "kind": "museum",
    "form": "painting"
   }
  },
  {
   "type": "Feature",
   "geometry": {
    "type": "Point",
    "coordinates": [
     -3.6922,
     40.4139
    ]
   },
   "properties": {
    "painter": "Titian",
    "title": "Christ on the Way to Calvary",
    "year": "1560",
    "location": "Museo del Prado",
    "city": "Madrid",
    "country": "Spain",
    "attribution": "generally accepted",
    "image": "https://commons.wikimedia.org/wiki/Special:FilePath/Cristo%20camino%20del%20Calvario%2C%20de%20Tiziano%20%28Museo%20del%20Prado%29.jpg?width=500",
    "qid": "Q27698075",
    "wikidata": "https://www.wikidata.org/wiki/Q27698075",
    "_source": {
     "source": "Wikidata",
     "url": "https://www.wikidata.org/wiki/Q27698075",
     "note": "harvested: painting by this creator with an image and a documented collection"
    },
    "creation_place": "Venice",
    "creation_lat": 45.4375,
    "creation_lon": 12.335833,
    "_overrides": {
     "creation": {
      "at": "2026-09-25",
      "source": "derived",
      "note": "creation place inferred from the painter's itinerary at this work's date (approximate)"
     }
    },
    "museum_id": "museo-del-prado",
    "location_src": "Museo del Prado",
    "kind": "museum",
    "form": "painting"
   }
  },
  {
   "type": "Feature",
   "geometry": {
    "type": "Point",
    "coordinates": [
     -3.6922,
     40.4139
    ]
   },
   "properties": {
    "painter": "Titian",
    "title": "Mater Dolorosa with her Hands apart",
    "year": "1555",
    "location": "Museo del Prado",
    "city": "Madrid",
    "country": "Spain",
    "attribution": "generally accepted",
    "image": "https://commons.wikimedia.org/wiki/Special:FilePath/Titian%20-%20Mater%20Dolorosa%20with%20her%20Hands%20apart%20%28Museo%20del%20Prado%29.jpg?width=500",
    "qid": "Q27698083",
    "wikidata": "https://www.wikidata.org/wiki/Q27698083",
    "_source": {
     "source": "Wikidata",
     "url": "https://www.wikidata.org/wiki/Q27698083",
     "note": "harvested: painting by this creator with an image and a documented collection"
    },
    "creation_place": "Venice",
    "creation_lat": 45.4375,
    "creation_lon": 12.335833,
    "_overrides": {
     "creation": {
      "at": "2026-09-25",
      "source": "derived",
      "note": "creation place inferred from the painter's itinerary at this work's date (approximate)"
     }
    },
    "museum_id": "museo-del-prado",
    "location_src": "Museo del Prado",
    "kind": "museum",
    "form": "painting"
   }
  },
  {
   "type": "Feature",
   "geometry": {
    "type": "Point",
    "coordinates": [
     -3.6922,
     40.4139
    ]
   },
   "properties": {
    "painter": "Titian",
    "title": "Christ carrying the Cross",
    "year": "1565",
    "location": "Museo del Prado",
    "city": "Madrid",
    "country": "Spain",
    "attribution": "generally accepted",
    "image": "https://commons.wikimedia.org/wiki/Special:FilePath/Titian%2C%20Christ%20Carrying%20the%20Cross.%20Oil%20on%20canvas%2C%2067%20x%2077%20cm%2C%20c.%201565.%20Madrid%2C%20Museo%20Nacional%20del%20Prado.jpg?width=500",
    "qid": "Q27698396",
    "wikidata": "https://www.wikidata.org/wiki/Q27698396",
    "_source": {
     "source": "Wikidata",
     "url": "https://www.wikidata.org/wiki/Q27698396",
     "note": "harvested: painting by this creator with an image and a documented collection"
    },
    "creation_place": "Venice",
    "creation_lat": 45.4375,
    "creation_lon": 12.335833,
    "_overrides": {
     "creation": {
      "at": "2026-09-25",
      "source": "derived",
      "note": "creation place inferred from the painter's itinerary at this work's date (approximate)"
     }
    },
    "museum_id": "museo-del-prado",
    "location_src": "Museo del Prado",
    "kind": "museum",
    "form": "painting"
   }
  },
  {
   "type": "Feature",
   "geometry": {
    "type": "Point",
    "coordinates": [
     -3.6922,
     40.4139
    ]
   },
   "properties": {
    "painter": "Titian",
    "title": "Ecce Homo",
    "year": "1565",
    "location": "Museo del Prado",
    "city": "Madrid",
    "country": "Spain",
    "attribution": "generally accepted",
    "image": "https://commons.wikimedia.org/wiki/Special:FilePath/Ecce%20Homo%2C%20atribuido%20a%20Tiziano%20%28Museo%20del%20Prado%29.jpg?width=500",
    "qid": "Q27698531",
    "wikidata": "https://www.wikidata.org/wiki/Q27698531",
    "_source": {
     "source": "Wikidata",
     "url": "https://www.wikidata.org/wiki/Q27698531",
     "note": "harvested: painting by this creator with an image and a documented collection"
    },
    "creation_place": "Venice",
    "creation_lat": 45.4375,
    "creation_lon": 12.335833,
    "_overrides": {
     "creation": {
      "at": "2026-09-25",
      "source": "derived",
      "note": "creation place inferred from the painter's itinerary at this work's date (approximate)"
     }
    },
    "museum_id": "museo-del-prado",
    "location_src": "Museo del Prado",
    "kind": "museum",
    "form": "painting"
   }
  },
  {
   "type": "Feature",
   "geometry": {
    "type": "Point",
    "coordinates": [
     -3.6922,
     40.4139
    ]
   },
   "properties": {
    "painter": "Titian",
    "title": "The Burial of Christ",
    "year": "1572",
    "location": "Museo del Prado",
    "city": "Madrid",
    "country": "Spain",
    "attribution": "generally accepted",
    "image": "https://commons.wikimedia.org/wiki/Special:FilePath/Tizian%20027.jpg?width=500",
    "qid": "Q27698568",
    "wikidata": "https://www.wikidata.org/wiki/Q27698568",
    "_source": {
     "source": "Wikidata",
     "url": "https://www.wikidata.org/wiki/Q27698568",
     "note": "harvested: painting by this creator with an image and a documented collection"
    },
    "creation_place": "Venice",
    "creation_lat": 45.4375,
    "creation_lon": 12.335833,
    "_overrides": {
     "creation": {
      "at": "2026-09-25",
      "source": "derived",
      "note": "creation place inferred from the painter's itinerary at this work's date (approximate)"
     }
    },
    "museum_id": "museo-del-prado",
    "location_src": "Museo del Prado",
    "kind": "museum",
    "form": "painting"
   }
  },
  {
   "type": "Feature",
   "geometry": {
    "type": "Point",
    "coordinates": [
     -3.6922,
     40.4139
    ]
   },
   "properties": {
    "painter": "Titian",
    "title": "Philip II offering the Infante don Fernando to the Heavens",
    "year": "1574",
    "location": "Museo del Prado",
    "city": "Madrid",
    "country": "Spain",
    "attribution": "generally accepted",
    "image": "https://commons.wikimedia.org/wiki/Special:FilePath/Philip%20II%20offering%20Fernando.jpg?width=500",
    "qid": "Q27698572",
    "wikidata": "https://www.wikidata.org/wiki/Q27698572",
    "_source": {
     "source": "Wikidata",
     "url": "https://www.wikidata.org/wiki/Q27698572",
     "note": "harvested: painting by this creator with an image and a documented collection"
    },
    "creation_place": "Venice",
    "creation_lat": 45.4375,
    "creation_lon": 12.335833,
    "_overrides": {
     "creation": {
      "at": "2026-09-25",
      "source": "derived",
      "note": "creation place inferred from the painter's itinerary at this work's date (approximate)"
     }
    },
    "museum_id": "museo-del-prado",
    "location_src": "Museo del Prado",
    "kind": "museum",
    "form": "painting"
   }
  },
  {
   "type": "Feature",
   "geometry": {
    "type": "Point",
    "coordinates": [
     12.29311,
     45.97644
    ]
   },
   "properties": {
    "painter": "Titian",
    "title": "Castello Roganzuolo Altarpiece",
    "year": "1543",
    "location": "Albino Luciani Diocesan Museum",
    "city": "Vittorio Veneto",
    "country": "Italy",
    "attribution": "generally accepted",
    "image": "https://commons.wikimedia.org/wiki/Special:FilePath/Tiziano%20Trittico%20Copie.jpg?width=500",
    "qid": "Q27899250",
    "wikidata": "https://www.wikidata.org/wiki/Q27899250",
    "_source": {
     "source": "Wikidata",
     "url": "https://www.wikidata.org/wiki/Q27899250",
     "note": "harvested: painting by this creator with an image and a documented collection"
    },
    "creation_place": "Venice",
    "creation_lat": 45.4375,
    "creation_lon": 12.335833,
    "_overrides": {
     "creation": {
      "at": "2026-09-25",
      "source": "derived",
      "note": "creation place inferred from the painter's itinerary at this work's date (approximate)"
     }
    },
    "museum_id": "albino-luciani-diocesan-museum",
    "location_src": "Albino Luciani Diocesan Museum",
    "kind": "museum",
    "form": "painting"
   }
  },
  {
   "type": "Feature",
   "geometry": {
    "type": "Point",
    "coordinates": [
     16.3616,
     48.20388
    ]
   },
   "properties": {
    "painter": "Titian",
    "title": "Man with Ermine Coat",
    "year": "1560",
    "location": "Kunsthistorisches Museum",
    "city": "Vienna",
    "country": "Austria",
    "attribution": "generally accepted",
    "image": "https://commons.wikimedia.org/wiki/Special:FilePath/Titian.ManwithErmineCoat01.jpg?width=500",
    "qid": "Q27919787",
    "wikidata": "https://www.wikidata.org/wiki/Q27919787",
    "_source": {
     "source": "Wikidata",
     "url": "https://www.wikidata.org/wiki/Q27919787",
     "note": "harvested: painting by this creator with an image and a documented collection"
    },
    "creation_place": "Venice",
    "creation_lat": 45.4375,
    "creation_lon": 12.335833,
    "_overrides": {
     "creation": {
      "at": "2026-09-25",
      "source": "derived",
      "note": "creation place inferred from the painter's itinerary at this work's date (approximate)"
     }
    },
    "museum_id": "kunsthistorisches-museum",
    "location_src": "Kunsthistorisches Museum",
    "kind": "museum",
    "form": "painting"
   }
  },
  {
   "type": "Feature",
   "geometry": {
    "type": "Point",
    "coordinates": [
     -58.39297,
     -34.58399
    ]
   },
   "properties": {
    "painter": "Titian",
    "title": "Secretary",
    "year": "1550",
    "location": "National Museum of Fine Arts, Argentina",
    "city": "Buenos Aires",
    "country": "Argentina",
    "attribution": "generally accepted",
    "image": "https://commons.wikimedia.org/wiki/Special:FilePath/Secretario%20-%20Tiziano.jpg?width=500",
    "qid": "Q27954980",
    "wikidata": "https://www.wikidata.org/wiki/Q27954980",
    "_source": {
     "source": "Wikidata",
     "url": "https://www.wikidata.org/wiki/Q27954980",
     "note": "harvested: painting by this creator with an image and a documented collection"
    },
    "creation_place": "Venice",
    "creation_lat": 45.4375,
    "creation_lon": 12.335833,
    "_overrides": {
     "creation": {
      "at": "2026-09-25",
      "source": "derived",
      "note": "creation place inferred from the painter's itinerary at this work's date (approximate)"
     }
    },
    "museum_id": "national-museum-of-fine-arts-argentina",
    "location_src": "National Museum of Fine Arts, Argentina",
    "kind": "museum",
    "form": "painting"
   }
  },
  {
   "type": "Feature",
   "geometry": {
    "type": "Point",
    "coordinates": [
     30.31361,
     59.94056
    ]
   },
   "properties": {
    "painter": "Titian",
    "title": "Christ Blessing",
    "year": "1570",
    "location": "Hermitage Museum",
    "city": "Saint Petersburg",
    "country": "Russia",
    "attribution": "generally accepted",
    "image": "https://commons.wikimedia.org/wiki/Special:FilePath/Titian%2C%20Salvator%20Mundi%20%28Christ%20Blessing%29%2C%20c.%201570%2C%20oil%20on%20canvas%2C%2096%20x%2080%20cm%2C%20Hermitage%20Museum.jpg?width=500",
    "qid": "Q27974639",
    "wikidata": "https://www.wikidata.org/wiki/Q27974639",
    "_source": {
     "source": "Wikidata",
     "url": "https://www.wikidata.org/wiki/Q27974639",
     "note": "harvested: painting by this creator with an image and a documented collection"
    },
    "creation_place": "Venice",
    "creation_lat": 45.4375,
    "creation_lon": 12.335833,
    "_overrides": {
     "creation": {
      "at": "2026-09-25",
      "source": "derived",
      "note": "creation place inferred from the painter's itinerary at this work's date (approximate)"
     }
    },
    "museum_id": "hermitage-museum",
    "location_src": "Hermitage Museum",
    "kind": "museum",
    "form": "painting"
   }
  },
  {
   "type": "Feature",
   "geometry": {
    "type": "Point",
    "coordinates": [
     16.3616,
     48.20388
    ]
   },
   "properties": {
    "painter": "Titian",
    "title": "The Son of the Orator Francesco Filetto",
    "year": "1539",
    "location": "Kunsthistorisches Museum",
    "city": "Vienna",
    "country": "Austria",
    "attribution": "generally accepted",
    "image": "https://commons.wikimedia.org/wiki/Special:FilePath/Titian%20-%20Son%20of%20the%20Orator%20Francesco%20Filetto.jpg?width=500",
    "qid": "Q27979720",
    "wikidata": "https://www.wikidata.org/wiki/Q27979720",
    "_source": {
     "source": "Wikidata",
     "url": "https://www.wikidata.org/wiki/Q27979720",
     "note": "harvested: painting by this creator with an image and a documented collection"
    },
    "creation_place": "Venice",
    "creation_lat": 45.4375,
    "creation_lon": 12.335833,
    "_overrides": {
     "creation": {
      "at": "2026-09-25",
      "source": "derived",
      "note": "creation place inferred from the painter's itinerary at this work's date (approximate)"
     }
    },
    "museum_id": "kunsthistorisches-museum",
    "location_src": "Kunsthistorisches Museum",
    "kind": "museum",
    "form": "painting"
   }
  },
  {
   "type": "Feature",
   "geometry": {
    "type": "Point",
    "coordinates": [
     16.3616,
     48.20388
    ]
   },
   "properties": {
    "painter": "Titian",
    "title": "Portrait of the Orator Francesco Filetto",
    "year": "1539",
    "location": "Kunsthistorisches Museum",
    "city": "Vienna",
    "country": "Austria",
    "attribution": "generally accepted",
    "image": "https://commons.wikimedia.org/wiki/Special:FilePath/Tiziano%20Vecellio%2C%20gen.%20Tizian%20-%20Der%20Orator%20Francesco%20Filetto%20%28%5E%29%20-%20GG%2072%20-%20Kunsthistorisches%20Museum.jpg?width=500",
    "qid": "Q27980674",
    "wikidata": "https://www.wikidata.org/wiki/Q27980674",
    "_source": {
     "source": "Wikidata",
     "url": "https://www.wikidata.org/wiki/Q27980674",
     "note": "harvested: painting by this creator with an image and a documented collection"
    },
    "creation_place": "Venice",
    "creation_lat": 45.4375,
    "creation_lon": 12.335833,
    "_overrides": {
     "creation": {
      "at": "2026-09-25",
      "source": "derived",
      "note": "creation place inferred from the painter's itinerary at this work's date (approximate)"
     }
    },
    "museum_id": "kunsthistorisches-museum",
    "location_src": "Kunsthistorisches Museum",
    "kind": "museum",
    "form": "painting"
   }
  },
  {
   "type": "Feature",
   "geometry": {
    "type": "Point",
    "coordinates": [
     16.3616,
     48.20388
    ]
   },
   "properties": {
    "painter": "Titian",
    "title": "Portrait of the Artist's daughter Lavinia",
    "year": "1565",
    "location": "Kunsthistorisches Museum",
    "city": "Vienna",
    "country": "Austria",
    "attribution": "generally accepted",
    "image": "https://commons.wikimedia.org/wiki/Special:FilePath/Titian%20-%20Portrait%20of%20his%20daughter%20Lavinia%20GG%203379.jpg?width=500",
    "qid": "Q27980683",
    "wikidata": "https://www.wikidata.org/wiki/Q27980683",
    "_source": {
     "source": "Wikidata",
     "url": "https://www.wikidata.org/wiki/Q27980683",
     "note": "harvested: painting by this creator with an image and a documented collection"
    },
    "creation_place": "Venice",
    "creation_lat": 45.4375,
    "creation_lon": 12.335833,
    "_overrides": {
     "creation": {
      "at": "2026-09-25",
      "source": "derived",
      "note": "creation place inferred from the painter's itinerary at this work's date (approximate)"
     }
    },
    "museum_id": "kunsthistorisches-museum",
    "location_src": "Kunsthistorisches Museum",
    "kind": "museum",
    "form": "painting"
   }
  },
  {
   "type": "Feature",
   "geometry": {
    "type": "Point",
    "coordinates": [
     -0.142,
     51.501
    ]
   },
   "properties": {
    "painter": "Titian",
    "title": "The Lovers",
    "year": "1510",
    "location": "Buckingham Palace",
    "city": "England",
    "country": "United Kingdom",
    "attribution": "generally accepted",
    "image": "https://commons.wikimedia.org/wiki/Special:FilePath/Attributed%20to%20Titian%20%28c.%201488-Venice%201576%29%20-%20The%20Lovers%20-%20RCIN%20403928%20-%20Royal%20Collection.jpg?width=500",
    "qid": "Q28034377",
    "wikidata": "https://www.wikidata.org/wiki/Q28034377",
    "_source": {
     "source": "Wikidata",
     "url": "https://www.wikidata.org/wiki/Q28034377",
     "note": "harvested: painting by this creator with an image and a documented collection"
    },
    "creation_place": "Venice",
    "creation_lat": 45.4375,
    "creation_lon": 12.335833,
    "_overrides": {
     "creation": {
      "at": "2026-09-25",
      "source": "derived",
      "note": "creation place inferred from the painter's itinerary at this work's date (approximate)"
     }
    },
    "location_src": "Royal Collection",
    "museum_id": "buckingham-palace",
    "kind": "museum",
    "form": "painting",
    "venue_of": "Royal Collection"
   }
  },
  {
   "type": "Feature",
   "geometry": {
    "type": "Point",
    "coordinates": [
     24.15061,
     45.7965
    ]
   },
   "properties": {
    "painter": "Titian",
    "title": "Ecce Homo",
    "year": "1560",
    "location": "Brukenthal National Museum",
    "city": "Sibiu",
    "country": "Romania",
    "attribution": "generally accepted",
    "image": "https://commons.wikimedia.org/wiki/Special:FilePath/Ecce%20Homo%20by%20Titian.JPG?width=500",
    "qid": "Q28045350",
    "wikidata": "https://www.wikidata.org/wiki/Q28045350",
    "_source": {
     "source": "Wikidata",
     "url": "https://www.wikidata.org/wiki/Q28045350",
     "note": "harvested: painting by this creator with an image and a documented collection"
    },
    "creation_place": "Venice",
    "creation_lat": 45.4375,
    "creation_lon": 12.335833,
    "_overrides": {
     "creation": {
      "at": "2026-09-25",
      "source": "derived",
      "note": "creation place inferred from the painter's itinerary at this work's date (approximate)"
     }
    },
    "museum_id": "brukenthal-national-museum",
    "location_src": "Brukenthal National Museum",
    "kind": "museum",
    "form": "painting"
   }
  },
  {
   "type": "Feature",
   "geometry": {
    "type": "Point",
    "coordinates": [
     12.32814,
     45.43108
    ]
   },
   "properties": {
    "painter": "Titian",
    "title": "Saint John the Baptist",
    "year": "1540",
    "location": "Gallerie dell'Accademia",
    "city": "Venice",
    "country": "Italy",
    "attribution": "generally accepted",
    "image": "https://commons.wikimedia.org/wiki/Special:FilePath/Accademia%20-%20St%20John%20the%20Baptist%20by%20Titian%20Cat314.jpg?width=500",
    "qid": "Q7401482",
    "wikidata": "https://www.wikidata.org/wiki/Q7401482",
    "_source": {
     "source": "Wikidata",
     "url": "https://www.wikidata.org/wiki/Q7401482",
     "note": "harvested: painting by this creator with an image and a documented collection"
    },
    "creation_place": "Venice",
    "creation_lat": 45.4375,
    "creation_lon": 12.335833,
    "_overrides": {
     "creation": {
      "at": "2026-09-25",
      "source": "derived",
      "note": "creation place inferred from the painter's itinerary at this work's date (approximate)"
     }
    },
    "museum_id": "gallerie-dell-accademia",
    "location_src": "Gallerie dell'Accademia",
    "kind": "museum",
    "form": "painting"
   }
  },
  {
   "type": "Feature",
   "geometry": {
    "type": "Point",
    "coordinates": [
     30.31361,
     59.94056
    ]
   },
   "properties": {
    "painter": "Titian",
    "title": "Saint Sebastian",
    "year": "1570",
    "location": "Hermitage Museum",
    "city": "Saint Petersburg",
    "country": "Russia",
    "attribution": "generally accepted",
    "image": "https://commons.wikimedia.org/wiki/Special:FilePath/Titian%20sebastian.jpg?width=500",
    "qid": "Q7402169",
    "wikidata": "https://www.wikidata.org/wiki/Q7402169",
    "_source": {
     "source": "Wikidata",
     "url": "https://www.wikidata.org/wiki/Q7402169",
     "note": "harvested: painting by this creator with an image and a documented collection"
    },
    "creation_place": "Venice",
    "creation_lat": 45.4375,
    "creation_lon": 12.335833,
    "_overrides": {
     "creation": {
      "at": "2026-09-25",
      "source": "derived",
      "note": "creation place inferred from the painter's itinerary at this work's date (approximate)"
     }
    },
    "museum_id": "hermitage-museum",
    "location_src": "Hermitage Museum",
    "kind": "museum",
    "form": "painting"
   }
  },
  {
   "type": "Feature",
   "geometry": {
    "type": "Point",
    "coordinates": [
     -3.6922,
     40.4139
    ]
   },
   "properties": {
    "painter": "Titian",
    "title": "Saint Margaret and the Dragon",
    "year": "1565",
    "location": "Museo del Prado",
    "city": "Madrid",
    "country": "Spain",
    "attribution": "generally accepted",
    "image": "https://commons.wikimedia.org/wiki/Special:FilePath/St%20margaret%20museo%20del%20prado%20madrid.jpg?width=500",
    "qid": "Q7594135",
    "wikidata": "https://www.wikidata.org/wiki/Q7594135",
    "_source": {
     "source": "Wikidata",
     "url": "https://www.wikidata.org/wiki/Q7594135",
     "note": "harvested: painting by this creator with an image and a documented collection"
    },
    "creation_place": "Venice",
    "creation_lat": 45.4375,
    "creation_lon": 12.335833,
    "_overrides": {
     "creation": {
      "at": "2026-09-25",
      "source": "derived",
      "note": "creation place inferred from the painter's itinerary at this work's date (approximate)"
     }
    },
    "museum_id": "museo-del-prado",
    "location_src": "Museo del Prado",
    "kind": "museum",
    "form": "painting"
   }
  },
  {
   "type": "Feature",
   "geometry": {
    "type": "Point",
    "coordinates": [
     12.49214,
     41.91421
    ]
   },
   "properties": {
    "painter": "Titian",
    "title": "Venus Blindfolding Cupid",
    "year": "1565",
    "location": "Galleria Borghese",
    "city": "Rome",
    "country": "Italy",
    "attribution": "generally accepted",
    "image": "https://commons.wikimedia.org/wiki/Special:FilePath/Titian%20-%20Venus%20Blindfolding%20Cupid.jpg?width=500",
    "qid": "Q7920573",
    "wikidata": "https://www.wikidata.org/wiki/Q7920573",
    "_source": {
     "source": "Wikidata",
     "url": "https://www.wikidata.org/wiki/Q7920573",
     "note": "harvested: painting by this creator with an image and a documented collection"
    },
    "creation_place": "Venice",
    "creation_lat": 45.4375,
    "creation_lon": 12.335833,
    "_overrides": {
     "creation": {
      "at": "2026-09-25",
      "source": "derived",
      "note": "creation place inferred from the painter's itinerary at this work's date (approximate)"
     }
    },
    "museum_id": "galleria-borghese",
    "location_src": "Galleria Borghese",
    "kind": "museum",
    "form": "painting",
    "city_src": "Roma Capitale"
   }
  },
  {
   "type": "Feature",
   "geometry": {
    "type": "Point",
    "coordinates": [
     -3.6922,
     40.4139
    ]
   },
   "properties": {
    "painter": "Titian",
    "title": "Venus and Music",
    "year": "1550",
    "location": "Museo del Prado",
    "city": "Madrid",
    "country": "Spain",
    "attribution": "generally accepted",
    "image": "https://commons.wikimedia.org/wiki/Special:FilePath/Venus%20and%20organist%20and%20little%20dog.jpg?width=500",
    "qid": "Q7920622",
    "wikidata": "https://www.wikidata.org/wiki/Q7920622",
    "_source": {
     "source": "Wikidata",
     "url": "https://www.wikidata.org/wiki/Q7920622",
     "note": "harvested: painting by this creator with an image and a documented collection"
    },
    "creation_place": "Venice",
    "creation_lat": 45.4375,
    "creation_lon": 12.335833,
    "_overrides": {
     "creation": {
      "at": "2026-09-25",
      "source": "derived",
      "note": "creation place inferred from the painter's itinerary at this work's date (approximate)"
     }
    },
    "museum_id": "museo-del-prado",
    "location_src": "Museo del Prado",
    "kind": "museum",
    "form": "painting"
   }
  },
  {
   "type": "Feature",
   "geometry": {
    "type": "Point",
    "coordinates": [
     2.3358,
     48.8611
    ]
   },
   "properties": {
    "painter": "Titian",
    "title": "Jupiter and Antiope",
    "year": "1551",
    "location": "Louvre",
    "city": "Paris",
    "country": "France",
    "attribution": "generally accepted",
    "image": "https://commons.wikimedia.org/wiki/Special:FilePath/Jupiter%20et%20Antiope%2C%20dit%20aussi%20La%20V%C3%A9nus%20du%20Pardo%20-%20Titien%20-%20Mus%C3%A9e%20du%20Louvre%20Sculptures%20INV%20752%20%3B%20MR%20521.jpg?width=500",
    "qid": "Q9372007",
    "wikidata": "https://www.wikidata.org/wiki/Q9372007",
    "_source": {
     "source": "Wikidata",
     "url": "https://www.wikidata.org/wiki/Q9372007",
     "note": "harvested: painting by this creator with an image and a documented collection"
    },
    "creation_place": "Venice",
    "creation_lat": 45.4375,
    "creation_lon": 12.335833,
    "_overrides": {
     "creation": {
      "at": "2026-09-25",
      "source": "derived",
      "note": "creation place inferred from the painter's itinerary at this work's date (approximate)"
     }
    },
    "museum_id": "louvre",
    "location_src": "Louvre",
    "kind": "museum",
    "form": "painting",
    "city_src": "1st arrondissement of Paris"
   }
  },
  {
   "type": "Feature",
   "geometry": {
    "type": "Point",
    "coordinates": [
     -77.02,
     38.89139
    ]
   },
   "properties": {
    "painter": "Titian",
    "title": "Saint John the Evangelist on Patmos",
    "year": "1547",
    "location": "National Gallery of Art",
    "city": "Washington, D.C.",
    "country": "United States",
    "attribution": "generally accepted",
    "image": "https://commons.wikimedia.org/wiki/Special:FilePath/Titian%20and%20Workshop%2C%20Saint%20John%20the%20Evangelist%20on%20Patmos%2C%20c.%201553-1555%2C%20NGA%2043725.jpg?width=500",
    "qid": "Q9396825",
    "wikidata": "https://www.wikidata.org/wiki/Q9396825",
    "_source": {
     "source": "Wikidata",
     "url": "https://www.wikidata.org/wiki/Q9396825",
     "note": "harvested: painting by this creator with an image and a documented collection"
    },
    "creation_place": "Venice",
    "creation_lat": 45.4375,
    "creation_lon": 12.335833,
    "_overrides": {
     "creation": {
      "at": "2026-09-25",
      "source": "derived",
      "note": "creation place inferred from the painter's itinerary at this work's date (approximate)"
     }
    },
    "museum_id": "national-gallery-of-art",
    "location_src": "National Gallery of Art",
    "kind": "museum",
    "form": "painting"
   }
  },
  {
   "type": "Feature",
   "geometry": {
    "type": "Point",
    "coordinates": [
     12.34042,
     45.43367
    ]
   },
   "properties": {
    "painter": "Titian",
    "title": "Doge Antonio Grimani Kneeling Before the Faith",
    "year": "1555",
    "location": "Doge's Palace",
    "city": "Venice",
    "country": "Italy",
    "attribution": "generally accepted",
    "image": "https://commons.wikimedia.org/wiki/Special:FilePath/Tiziano%20Vecellio%20-%20Doge%20Antonio%20Grimani%20inginocchiato%20davanti%20alla%20fede%20-%20Palazzo%20ducale.jpg?width=500",
    "qid": "Q11694943",
    "wikidata": "https://www.wikidata.org/wiki/Q11694943",
    "_source": {
     "source": "Wikidata",
     "url": "https://www.wikidata.org/wiki/Q11694943",
     "note": "harvested: painting by this creator with an image and a documented collection"
    },
    "creation_place": "Venice",
    "creation_lat": 45.4375,
    "creation_lon": 12.335833,
    "_overrides": {
     "creation": {
      "at": "2026-09-25",
      "source": "derived",
      "note": "creation place inferred from the painter's itinerary at this work's date (approximate)"
     }
    },
    "museum_id": "doge-s-palace",
    "location_src": "Doge's Palace",
    "kind": "museum",
    "form": "painting"
   }
  },
  {
   "type": "Feature",
   "geometry": {
    "type": "Point",
    "coordinates": [
     -3.69493,
     40.41604
    ]
   },
   "properties": {
    "painter": "Titian",
    "title": "Portrait of Doge Francesco Venier",
    "year": "1554",
    "location": "Thyssen-Bornemisza Museum",
    "city": "Madrid",
    "country": "Spain",
    "attribution": "generally accepted",
    "image": "https://commons.wikimedia.org/wiki/Special:FilePath/Tiziano%2C%20Portrait%20of%20Doge%20Francesco%20Venier%20Oil%20on%20canvas%2C%20Thyssen-Bornemisza%20Collection.jpg?width=500",
    "qid": "Q11824945",
    "wikidata": "https://www.wikidata.org/wiki/Q11824945",
    "_source": {
     "source": "Wikidata",
     "url": "https://www.wikidata.org/wiki/Q11824945",
     "note": "harvested: painting by this creator with an image and a documented collection"
    },
    "creation_place": "Venice",
    "creation_lat": 45.4375,
    "creation_lon": 12.335833,
    "_overrides": {
     "creation": {
      "at": "2026-09-25",
      "source": "derived",
      "note": "creation place inferred from the painter's itinerary at this work's date (approximate)"
     }
    },
    "museum_id": "thyssen-bornemisza-museum",
    "location_src": "Thyssen-Bornemisza Museum",
    "kind": "museum",
    "form": "painting"
   }
  },
  {
   "type": "Feature",
   "geometry": {
    "type": "Point",
    "coordinates": [
     -77.02,
     38.89139
    ]
   },
   "properties": {
    "painter": "Titian",
    "title": "Cupid with the Wheel of Time",
    "year": "1520",
    "location": "National Gallery of Art",
    "city": "Washington, D.C.",
    "country": "United States",
    "attribution": "generally accepted",
    "image": "https://commons.wikimedia.org/wiki/Special:FilePath/Titian-love-fortune-death-1520.jpg?width=500",
    "qid": "Q12115903",
    "wikidata": "https://www.wikidata.org/wiki/Q12115903",
    "_source": {
     "source": "Wikidata",
     "url": "https://www.wikidata.org/wiki/Q12115903",
     "note": "harvested: painting by this creator with an image and a documented collection"
    },
    "creation_place": "Venice",
    "creation_lat": 45.4375,
    "creation_lon": 12.335833,
    "_overrides": {
     "creation": {
      "at": "2026-09-25",
      "source": "derived",
      "note": "creation place inferred from the painter's itinerary at this work's date (approximate)"
     }
    },
    "museum_id": "national-gallery-of-art",
    "location_src": "National Gallery of Art",
    "kind": "museum",
    "form": "painting"
   }
  },
  {
   "type": "Feature",
   "geometry": {
    "type": "Point",
    "coordinates": [
     -3.6922,
     40.4139
    ]
   },
   "properties": {
    "painter": "Titian",
    "title": "Danaë",
    "year": "1560",
    "location": "Museo del Prado",
    "city": "Madrid",
    "country": "Spain",
    "attribution": "generally accepted",
    "image": "https://commons.wikimedia.org/wiki/Special:FilePath/Tizian%20-%20Danae%20receiving%20the%20Golden%20Rain%20-%20Prado.jpg?width=500",
    "qid": "Q14425553",
    "wikidata": "https://www.wikidata.org/wiki/Q14425553",
    "_source": {
     "source": "Wikidata",
     "url": "https://www.wikidata.org/wiki/Q14425553",
     "note": "harvested: painting by this creator with an image and a documented collection"
    },
    "creation_place": "Venice",
    "creation_lat": 45.4375,
    "creation_lon": 12.335833,
    "_overrides": {
     "creation": {
      "at": "2026-09-25",
      "source": "derived",
      "note": "creation place inferred from the painter's itinerary at this work's date (approximate)"
     }
    },
    "museum_id": "museo-del-prado",
    "location_src": "Museo del Prado",
    "kind": "museum",
    "form": "painting"
   }
  },
  {
   "type": "Feature",
   "geometry": {
    "type": "Point",
    "coordinates": [
     14.25053,
     40.86701
    ]
   },
   "properties": {
    "painter": "Titian",
    "title": "Danaë",
    "year": "1545",
    "location": "Museo di Capodimonte",
    "city": "Naples",
    "country": "Italy",
    "attribution": "generally accepted",
    "image": "https://commons.wikimedia.org/wiki/Special:FilePath/Tizian%20011.jpg?width=500",
    "qid": "Q14425558",
    "wikidata": "https://www.wikidata.org/wiki/Q14425558",
    "_source": {
     "source": "Wikidata",
     "url": "https://www.wikidata.org/wiki/Q14425558",
     "note": "harvested: painting by this creator with an image and a documented collection"
    },
    "creation_place": "Venice",
    "creation_lat": 45.4375,
    "creation_lon": 12.335833,
    "_overrides": {
     "creation": {
      "at": "2026-09-25",
      "source": "derived",
      "note": "creation place inferred from the painter's itinerary at this work's date (approximate)"
     }
    },
    "museum_id": "museo-di-capodimonte",
    "location_src": "Museo di Capodimonte",
    "kind": "museum",
    "form": "painting"
   }
  },
  {
   "type": "Feature",
   "geometry": {
    "type": "Point",
    "coordinates": [
     -77.02,
     38.89139
    ]
   },
   "properties": {
    "painter": "Titian",
    "title": "The Feast of the Gods",
    "year": "1514",
    "location": "National Gallery of Art",
    "city": "Washington, D.C.",
    "country": "United States",
    "attribution": "generally accepted",
    "image": "https://commons.wikimedia.org/wiki/Special:FilePath/Giovanni%20Bellini%20and%20Titian%20-%20The%20Feast%20of%20the%20Gods%20-%20Google%20Art%20Project.jpg?width=500",
    "qid": "Q15008032",
    "wikidata": "https://www.wikidata.org/wiki/Q15008032",
    "_source": {
     "source": "Wikidata",
     "url": "https://www.wikidata.org/wiki/Q15008032",
     "note": "harvested: painting by this creator with an image and a documented collection"
    },
    "creation_place": "Venice",
    "creation_lat": 45.4375,
    "creation_lon": 12.335833,
    "_overrides": {
     "creation": {
      "at": "2026-09-25",
      "source": "derived",
      "note": "creation place inferred from the painter's itinerary at this work's date (approximate)"
     }
    },
    "museum_id": "national-gallery-of-art",
    "location_src": "National Gallery of Art",
    "kind": "museum",
    "form": "painting"
   }
  },
  {
   "type": "Feature",
   "geometry": {
    "type": "Point",
    "coordinates": [
     9.18028,
     45.46972
    ]
   },
   "properties": {
    "painter": "Titian",
    "title": "Portrait of Ambassador Gabriel de Luetz d'Aramont",
    "year": "1541",
    "location": "Pinacoteca del Castello Sforzesco",
    "city": "Milan",
    "country": "Italy",
    "attribution": "generally accepted",
    "image": "https://commons.wikimedia.org/wiki/Special:FilePath/Tiziano%20%E2%80%93%20Portrait%20of%20the%20Ambassador%20Gabriel%20de%20Luetz%20d%E2%80%99Aramont%20%E2%80%93%20Google%20Art%20Project.jpg?width=500",
    "qid": "Q16467999",
    "wikidata": "https://www.wikidata.org/wiki/Q16467999",
    "_source": {
     "source": "Wikidata",
     "url": "https://www.wikidata.org/wiki/Q16467999",
     "note": "harvested: painting by this creator with an image and a documented collection"
    },
    "creation_place": "Venice",
    "creation_lat": 45.4375,
    "creation_lon": 12.335833,
    "_overrides": {
     "creation": {
      "at": "2026-09-25",
      "source": "derived",
      "note": "creation place inferred from the painter's itinerary at this work's date (approximate)"
     }
    },
    "museum_id": "pinacoteca-del-castello-sforzesco",
    "location_src": "Pinacoteca del Castello Sforzesco",
    "kind": "museum",
    "form": "painting"
   }
  },
  {
   "type": "Feature",
   "geometry": {
    "type": "Point",
    "coordinates": [
     10.510063,
     45.325511
    ]
   },
   "properties": {
    "painter": "Titian",
    "title": "Christ Appearing to his Mother after his Resurrection",
    "year": "1554",
    "location": "Chiesa dell'Assunzione della Beata Vergine Maria",
    "city": "Medole",
    "country": "Italy",
    "attribution": "generally accepted",
    "image": "https://commons.wikimedia.org/wiki/Special:FilePath/Titian%20-%20Christ%20Appearing%20to%20His%20Mother%2C%201554.jpg?width=500",
    "qid": "Q16564804",
    "wikidata": "https://www.wikidata.org/wiki/Q16564804",
    "_source": {
     "source": "Wikidata",
     "url": "https://www.wikidata.org/wiki/Q16564804",
     "note": "harvested: painting by this creator with an image and a documented collection"
    },
    "creation_place": "Venice",
    "creation_lat": 45.4375,
    "creation_lon": 12.335833,
    "_overrides": {
     "creation": {
      "at": "2026-09-25",
      "source": "derived",
      "note": "creation place inferred from the painter's itinerary at this work's date (approximate)"
     }
    },
    "museum_id": "chiesa-dell-assunzione-della-beata-vergine-maria",
    "location_src": "Chiesa dell'Assunzione della Beata Vergine Maria",
    "kind": "church",
    "form": "painting"
   }
  },
  {
   "type": "Feature",
   "geometry": {
    "type": "Point",
    "coordinates": [
     13.7369,
     51.0528
    ]
   },
   "properties": {
    "painter": "Titian",
    "title": "Portrait of a Lady in White",
    "year": "1561",
    "location": "Gemäldegalerie Alte Meister",
    "city": "Dresden",
    "country": "Germany",
    "attribution": "generally accepted",
    "image": "https://commons.wikimedia.org/wiki/Special:FilePath/Titian%20-%20Girl%20with%20a%20Fan%20%28Lady%20in%20White%29.jpg?width=500",
    "qid": "Q17072626",
    "wikidata": "https://www.wikidata.org/wiki/Q17072626",
    "_source": {
     "source": "Wikidata",
     "url": "https://www.wikidata.org/wiki/Q17072626",
     "note": "harvested: painting by this creator with an image and a documented collection"
    },
    "creation_place": "Venice",
    "creation_lat": 45.4375,
    "creation_lon": 12.335833,
    "_overrides": {
     "creation": {
      "at": "2026-09-25",
      "source": "derived",
      "note": "creation place inferred from the painter's itinerary at this work's date (approximate)"
     }
    },
    "museum_id": "gemaldegalerie-alte-meister",
    "location_src": "Gemäldegalerie Alte Meister",
    "kind": "museum",
    "form": "painting"
   }
  },
  {
   "type": "Feature",
   "geometry": {
    "type": "Point",
    "coordinates": [
     2.3358,
     48.8611
    ]
   },
   "properties": {
    "painter": "Titian",
    "title": "Portrait of Francis I",
    "year": "1538",
    "location": "Louvre",
    "city": "Paris",
    "country": "France",
    "attribution": "generally accepted",
    "image": "https://commons.wikimedia.org/wiki/Special:FilePath/Titian%20francis%20I%20of%20france.jpg?width=500",
    "qid": "Q18573255",
    "wikidata": "https://www.wikidata.org/wiki/Q18573255",
    "_source": {
     "source": "Wikidata",
     "url": "https://www.wikidata.org/wiki/Q18573255",
     "note": "harvested: painting by this creator with an image and a documented collection"
    },
    "creation_place": "Venice",
    "creation_lat": 45.4375,
    "creation_lon": 12.335833,
    "_overrides": {
     "creation": {
      "at": "2026-09-25",
      "source": "derived",
      "note": "creation place inferred from the painter's itinerary at this work's date (approximate)"
     }
    },
    "museum_id": "louvre",
    "location_src": "Louvre",
    "kind": "museum",
    "form": "painting",
    "city_src": "1st arrondissement of Paris"
   }
  },
  {
   "type": "Feature",
   "geometry": {
    "type": "Point",
    "coordinates": [
     -0.1283,
     51.5089
    ]
   },
   "properties": {
    "painter": "Titian",
    "title": "The Virgin suckling the Infant Christ",
    "year": "1570",
    "location": "National Gallery",
    "city": "London",
    "country": "United Kingdom",
    "attribution": "generally accepted",
    "image": "https://commons.wikimedia.org/wiki/Special:FilePath/Titian%20-%20The%20Virgin%20suckling%20the%20Infant%20Christ%20-%20Google%20Art%20Project.jpg?width=500",
    "qid": "Q18689394",
    "wikidata": "https://www.wikidata.org/wiki/Q18689394",
    "_source": {
     "source": "Wikidata",
     "url": "https://www.wikidata.org/wiki/Q18689394",
     "note": "harvested: painting by this creator with an image and a documented collection"
    },
    "creation_place": "Venice",
    "creation_lat": 45.4375,
    "creation_lon": 12.335833,
    "_overrides": {
     "creation": {
      "at": "2026-09-25",
      "source": "derived",
      "note": "creation place inferred from the painter's itinerary at this work's date (approximate)"
     }
    },
    "museum_id": "national-gallery",
    "location_src": "National Gallery",
    "kind": "museum",
    "form": "painting"
   }
  },
  {
   "type": "Feature",
   "geometry": {
    "type": "Point",
    "coordinates": [
     13.36472,
     52.50861
    ]
   },
   "properties": {
    "painter": "Titian",
    "title": "Venus with the Organ Player",
    "year": "1550",
    "location": "Gemäldegalerie Berlin",
    "city": "Berlin",
    "country": "Germany",
    "attribution": "generally accepted",
    "image": "https://commons.wikimedia.org/wiki/Special:FilePath/Tizian%20%281488-90%20-%201576%29%20-%20Venus%20with%20the%20Organ%20Player%20-%201849%20-%20Gem%C3%A4ldegalerie.jpg?width=500",
    "qid": "Q18689396",
    "wikidata": "https://www.wikidata.org/wiki/Q18689396",
    "_source": {
     "source": "Wikidata",
     "url": "https://www.wikidata.org/wiki/Q18689396",
     "note": "harvested: painting by this creator with an image and a documented collection"
    },
    "creation_place": "Venice",
    "creation_lat": 45.4375,
    "creation_lon": 12.335833,
    "_overrides": {
     "creation": {
      "at": "2026-09-25",
      "source": "derived",
      "note": "creation place inferred from the painter's itinerary at this work's date (approximate)"
     }
    },
    "museum_id": "gemaldegalerie-berlin",
    "location_src": "Gemäldegalerie Berlin",
    "kind": "museum",
    "form": "painting",
    "city_src": "Bezirk Mitte"
   }
  },
  {
   "type": "Feature",
   "geometry": {
    "type": "Point",
    "coordinates": [
     -73.9631,
     40.7794
    ]
   },
   "properties": {
    "painter": "Titian",
    "title": "Portrait of Cardinal Filippo Archinto",
    "year": "1550",
    "location": "Metropolitan Museum of Art",
    "city": "New York",
    "country": "United States",
    "attribution": "generally accepted",
    "image": "https://commons.wikimedia.org/wiki/Special:FilePath/Filippo%20Archinto%20%28born%20about%201500%2C%20died%201558%29%2C%20Archbishop%20of%20Milan%20MET%20DT5147.jpg?width=500",
    "qid": "Q19904807",
    "wikidata": "https://www.wikidata.org/wiki/Q19904807",
    "_source": {
     "source": "Wikidata",
     "url": "https://www.wikidata.org/wiki/Q19904807",
     "note": "harvested: painting by this creator with an image and a documented collection"
    },
    "creation_place": "Venice",
    "creation_lat": 45.4375,
    "creation_lon": 12.335833,
    "_overrides": {
     "creation": {
      "at": "2026-09-25",
      "source": "derived",
      "note": "creation place inferred from the painter's itinerary at this work's date (approximate)"
     }
    },
    "museum_id": "metropolitan-museum-of-art",
    "location_src": "Metropolitan Museum of Art",
    "kind": "museum",
    "form": "painting"
   }
  },
  {
   "type": "Feature",
   "geometry": {
    "type": "Point",
    "coordinates": [
     4.47334,
     51.91421
    ]
   },
   "properties": {
    "painter": "Titian",
    "title": "Boy with Dogs in a Landscape",
    "year": "1570",
    "location": "Museum Boijmans Van Beuningen",
    "city": "Rotterdam",
    "country": "Netherlands",
    "attribution": "generally accepted",
    "image": "https://commons.wikimedia.org/wiki/Special:FilePath/Titiaan%20-%20Boy%20with%20Dogs%20in%20a%20Landscape%20-%20Google%20Art%20Project.jpg?width=500",
    "qid": "Q19925273",
    "wikidata": "https://www.wikidata.org/wiki/Q19925273",
    "_source": {
     "source": "Wikidata",
     "url": "https://www.wikidata.org/wiki/Q19925273",
     "note": "harvested: painting by this creator with an image and a documented collection"
    },
    "creation_place": "Venice",
    "creation_lat": 45.4375,
    "creation_lon": 12.335833,
    "_overrides": {
     "creation": {
      "at": "2026-09-25",
      "source": "derived",
      "note": "creation place inferred from the painter's itinerary at this work's date (approximate)"
     }
    },
    "museum_id": "museum-boijmans-van-beuningen",
    "location_src": "Museum Boijmans Van Beuningen",
    "kind": "museum",
    "form": "painting"
   }
  },
  {
   "type": "Feature",
   "geometry": {
    "type": "Point",
    "coordinates": [
     -118.475,
     34.0775
    ]
   },
   "properties": {
    "painter": "Titian",
    "title": "Portrait of Alfonso d'Avalos, Marchese del Vasto, in Armor with a Page",
    "year": "1533",
    "location": "Getty Center",
    "city": "Los Angeles",
    "country": "United States",
    "attribution": "generally accepted",
    "image": "https://commons.wikimedia.org/wiki/Special:FilePath/Titian%20%28Tiziano%20Vecellio%29%20%28Italian%29%20-%20Portrait%20of%20Alfonso%20d%27Avalos%2C%20Marquis%20of%20Vasto%2C%20in%20Armor%20with%20a%20Page%20-%20Google%20Art%20Project.jpg?width=500",
    "qid": "Q20088065",
    "wikidata": "https://www.wikidata.org/wiki/Q20088065",
    "_source": {
     "source": "Wikidata",
     "url": "https://www.wikidata.org/wiki/Q20088065",
     "note": "harvested: painting by this creator with an image and a documented collection"
    },
    "creation_place": "Venice",
    "creation_lat": 45.4375,
    "creation_lon": 12.335833,
    "_overrides": {
     "creation": {
      "at": "2026-09-25",
      "source": "derived",
      "note": "creation place inferred from the painter's itinerary at this work's date (approximate)"
     }
    },
    "museum_id": "getty-center",
    "location_src": "Getty Center",
    "kind": "museum",
    "form": "painting",
    "venue_of": "J. Paul Getty Museum"
   }
  },
  {
   "type": "Feature",
   "geometry": {
    "type": "Point",
    "coordinates": [
     -77.02,
     38.89139
    ]
   },
   "properties": {
    "painter": "Titian",
    "title": "Vincenzo Cappello",
    "year": "1540",
    "location": "National Gallery of Art",
    "city": "Washington, D.C.",
    "country": "United States",
    "attribution": "generally accepted",
    "image": "https://commons.wikimedia.org/wiki/Special:FilePath/Titian%20-%20Vincenzo%20Cappello.jpg?width=500",
    "qid": "Q20176286",
    "wikidata": "https://www.wikidata.org/wiki/Q20176286",
    "_source": {
     "source": "Wikidata",
     "url": "https://www.wikidata.org/wiki/Q20176286",
     "note": "harvested: painting by this creator with an image and a documented collection"
    },
    "creation_place": "Venice",
    "creation_lat": 45.4375,
    "creation_lon": 12.335833,
    "_overrides": {
     "creation": {
      "at": "2026-09-25",
      "source": "derived",
      "note": "creation place inferred from the painter's itinerary at this work's date (approximate)"
     }
    },
    "museum_id": "national-gallery-of-art",
    "location_src": "National Gallery of Art",
    "kind": "museum",
    "form": "painting"
   }
  },
  {
   "type": "Feature",
   "geometry": {
    "type": "Point",
    "coordinates": [
     -122.50084,
     37.78447
    ]
   },
   "properties": {
    "painter": "Titian",
    "title": "Portrait of a Friend of Titian, Marco Mantova Benevides",
    "year": "1550",
    "location": "Legion of Honor",
    "city": "San Francisco",
    "country": "United States",
    "attribution": "generally accepted",
    "image": "https://commons.wikimedia.org/wiki/Special:FilePath/Titian%20-%20Portrait%20of%20a%20Friend%20of%20Titian%20%28Marco%20Mantova%20Benavides%29%2C%20ca.%201550.jpg?width=500",
    "qid": "Q20202606",
    "wikidata": "https://www.wikidata.org/wiki/Q20202606",
    "_source": {
     "source": "Wikidata",
     "url": "https://www.wikidata.org/wiki/Q20202606",
     "note": "harvested: painting by this creator with an image and a documented collection"
    },
    "creation_place": "Venice",
    "creation_lat": 45.4375,
    "creation_lon": 12.335833,
    "_overrides": {
     "creation": {
      "at": "2026-09-25",
      "source": "derived",
      "note": "creation place inferred from the painter's itinerary at this work's date (approximate)"
     }
    },
    "museum_id": "legion-of-honor",
    "location_src": "Legion of Honor",
    "kind": "museum",
    "form": "painting"
   }
  },
  {
   "type": "Feature",
   "geometry": {
    "type": "Point",
    "coordinates": [
     144.96889,
     -37.8225
    ]
   },
   "properties": {
    "painter": "Titian",
    "title": "A monk with a book",
    "year": "1550",
    "location": "National Gallery of Victoria",
    "city": "City of Melbourne",
    "country": "Australia",
    "attribution": "generally accepted",
    "image": "https://commons.wikimedia.org/wiki/Special:FilePath/Titian%20-%20A%20monk%20with%20a%20book%20-%20Google%20Art%20Project.jpg?width=500",
    "qid": "Q20423120",
    "wikidata": "https://www.wikidata.org/wiki/Q20423120",
    "_source": {
     "source": "Wikidata",
     "url": "https://www.wikidata.org/wiki/Q20423120",
     "note": "harvested: painting by this creator with an image and a documented collection"
    },
    "creation_place": "Venice",
    "creation_lat": 45.4375,
    "creation_lon": 12.335833,
    "_overrides": {
     "creation": {
      "at": "2026-09-25",
      "source": "derived",
      "note": "creation place inferred from the painter's itinerary at this work's date (approximate)"
     }
    },
    "museum_id": "national-gallery-of-victoria",
    "location_src": "National Gallery of Victoria",
    "kind": "museum",
    "form": "painting"
   }
  },
  {
   "type": "Feature",
   "geometry": {
    "type": "Point",
    "coordinates": [
     12.57861,
     55.68889
    ]
   },
   "properties": {
    "painter": "Titian",
    "title": "Portrait of Willibald Imhoff",
    "year": "1560",
    "location": "Statens Museum for Kunst",
    "city": "Copenhagen",
    "country": "Denmark",
    "attribution": "generally accepted",
    "image": "https://commons.wikimedia.org/wiki/Special:FilePath/Willibald%20Imhoff.jpeg?width=500",
    "qid": "Q20426993",
    "wikidata": "https://www.wikidata.org/wiki/Q20426993",
    "_source": {
     "source": "Wikidata",
     "url": "https://www.wikidata.org/wiki/Q20426993",
     "note": "harvested: painting by this creator with an image and a documented collection"
    },
    "creation_place": "Venice",
    "creation_lat": 45.4375,
    "creation_lon": 12.335833,
    "_overrides": {
     "creation": {
      "at": "2026-09-25",
      "source": "derived",
      "note": "creation place inferred from the painter's itinerary at this work's date (approximate)"
     }
    },
    "museum_id": "statens-museum-for-kunst",
    "location_src": "Statens Museum for Kunst",
    "kind": "museum",
    "form": "painting",
    "city_src": "Copenhagen Municipality"
   }
  },
  {
   "type": "Feature",
   "geometry": {
    "type": "Point",
    "coordinates": [
     -71.09417,
     42.33944
    ]
   },
   "properties": {
    "painter": "Titian",
    "title": "Portrait of a Man Holding a Book",
    "year": "1540",
    "location": "Museum of Fine Arts Boston",
    "city": "Boston",
    "country": "United States",
    "attribution": "generally accepted",
    "image": "https://commons.wikimedia.org/wiki/Special:FilePath/Titian%20-%20Portrait%20of%20a%20Man%20Holding%20a%20Book%2C%20about%201540.jpg?width=500",
    "qid": "Q20565485",
    "wikidata": "https://www.wikidata.org/wiki/Q20565485",
    "_source": {
     "source": "Wikidata",
     "url": "https://www.wikidata.org/wiki/Q20565485",
     "note": "harvested: painting by this creator with an image and a documented collection"
    },
    "creation_place": "Venice",
    "creation_lat": 45.4375,
    "creation_lon": 12.335833,
    "_overrides": {
     "creation": {
      "at": "2026-09-25",
      "source": "derived",
      "note": "creation place inferred from the painter's itinerary at this work's date (approximate)"
     }
    },
    "museum_id": "museum-of-fine-arts-boston",
    "location_src": "Museum of Fine Arts Boston",
    "kind": "museum",
    "form": "painting"
   }
  },
  {
   "type": "Feature",
   "geometry": {
    "type": "Point",
    "coordinates": [
     -71.09417,
     42.33944
    ]
   },
   "properties": {
    "painter": "Titian",
    "title": "Saint Catherine of Alexandria at Prayer",
    "year": "1567",
    "location": "Museum of Fine Arts Boston",
    "city": "Boston",
    "country": "United States",
    "attribution": "generally accepted",
    "image": "https://commons.wikimedia.org/wiki/Special:FilePath/Titian%20-%20Saint%20Catherine%20of%20Alexandria%20at%20Prayer%2C%20about%201567.jpg?width=500",
    "qid": "Q20565519",
    "wikidata": "https://www.wikidata.org/wiki/Q20565519",
    "_source": {
     "source": "Wikidata",
     "url": "https://www.wikidata.org/wiki/Q20565519",
     "note": "harvested: painting by this creator with an image and a documented collection"
    },
    "creation_place": "Venice",
    "creation_lat": 45.4375,
    "creation_lon": 12.335833,
    "_overrides": {
     "creation": {
      "at": "2026-09-25",
      "source": "derived",
      "note": "creation place inferred from the painter's itinerary at this work's date (approximate)"
     }
    },
    "museum_id": "museum-of-fine-arts-boston",
    "location_src": "Museum of Fine Arts Boston",
    "kind": "museum",
    "form": "painting"
   }
  },
  {
   "type": "Feature",
   "geometry": {
    "type": "Point",
    "coordinates": [
     -75.18139,
     39.96583
    ]
   },
   "properties": {
    "painter": "Titian",
    "title": "Portrait of Cardinal Filippo Archinto",
    "year": "1558",
    "location": "Philadelphia Museum of Art",
    "city": "Philadelphia",
    "country": "United States",
    "attribution": "generally accepted",
    "image": "https://commons.wikimedia.org/wiki/Special:FilePath/Titian%20Portrait%20of%20Cardinal%20Filippo%20Archinto%201558.jpg?width=500",
    "qid": "Q20810177",
    "wikidata": "https://www.wikidata.org/wiki/Q20810177",
    "_source": {
     "source": "Wikidata",
     "url": "https://www.wikidata.org/wiki/Q20810177",
     "note": "harvested: painting by this creator with an image and a documented collection"
    },
    "creation_place": "Venice",
    "creation_lat": 45.4375,
    "creation_lon": 12.335833,
    "_overrides": {
     "creation": {
      "at": "2026-09-25",
      "source": "derived",
      "note": "creation place inferred from the painter's itinerary at this work's date (approximate)"
     }
    },
    "museum_id": "philadelphia-museum-of-art",
    "location_src": "Philadelphia Museum of Art",
    "kind": "museum",
    "form": "painting"
   }
  },
  {
   "type": "Feature",
   "geometry": {
    "type": "Point",
    "coordinates": [
     -93.27417,
     44.95861
    ]
   },
   "properties": {
    "painter": "Titian",
    "title": "The Temptation of Christ",
    "year": "1520",
    "location": "Minneapolis Institute of Art",
    "city": "Minneapolis",
    "country": "United States",
    "attribution": "generally accepted",
    "image": "https://commons.wikimedia.org/wiki/Special:FilePath/Titian%20%28Tiziano%20Vecelli%29%20-%20The%20Temptation%20of%20Christ%20-%2025.30%20-%20Minneapolis%20Institute%20of%20Arts.jpg?width=500",
    "qid": "Q20891426",
    "wikidata": "https://www.wikidata.org/wiki/Q20891426",
    "_source": {
     "source": "Wikidata",
     "url": "https://www.wikidata.org/wiki/Q20891426",
     "note": "harvested: painting by this creator with an image and a documented collection"
    },
    "creation_place": "Venice",
    "creation_lat": 45.4375,
    "creation_lon": 12.335833,
    "_overrides": {
     "creation": {
      "at": "2026-09-25",
      "source": "derived",
      "note": "creation place inferred from the painter's itinerary at this work's date (approximate)"
     }
    },
    "museum_id": "minneapolis-institute-of-art",
    "location_src": "Minneapolis Institute of Art",
    "kind": "museum",
    "form": "painting"
   }
  },
  {
   "type": "Feature",
   "geometry": {
    "type": "Point",
    "coordinates": [
     -3.69493,
     40.41604
    ]
   },
   "properties": {
    "painter": "Titian",
    "title": "The penitent Saint Jerome",
    "year": "1575",
    "location": "Thyssen-Bornemisza Museum",
    "city": "Madrid",
    "country": "Spain",
    "attribution": "generally accepted",
    "image": "https://commons.wikimedia.org/wiki/Special:FilePath/Tiziano%20%28Tiziano%20Vecellio%29%20-%20San%20Jer%C3%B3nimo%20penitente%20-%20406%20%281933.4%29%20-%20Thyssen-Bornemisza%20Museum.jpg?width=500",
    "qid": "Q21711457",
    "wikidata": "https://www.wikidata.org/wiki/Q21711457",
    "_source": {
     "source": "Wikidata",
     "url": "https://www.wikidata.org/wiki/Q21711457",
     "note": "harvested: painting by this creator with an image and a documented collection"
    },
    "creation_place": "Venice",
    "creation_lat": 45.4375,
    "creation_lon": 12.335833,
    "_overrides": {
     "creation": {
      "at": "2026-09-25",
      "source": "derived",
      "note": "creation place inferred from the painter's itinerary at this work's date (approximate)"
     }
    },
    "museum_id": "thyssen-bornemisza-museum",
    "location_src": "Thyssen-Bornemisza Museum",
    "kind": "museum",
    "form": "painting"
   }
  },
  {
   "type": "Feature",
   "geometry": {
    "type": "Point",
    "coordinates": [
     -3.69493,
     40.41604
    ]
   },
   "properties": {
    "painter": "Titian",
    "title": "Portrait of Antonio Anselmi",
    "year": "1550",
    "location": "Thyssen-Bornemisza Museum",
    "city": "Madrid",
    "country": "Spain",
    "attribution": "generally accepted",
    "image": "https://commons.wikimedia.org/wiki/Special:FilePath/Tiziano%20-%20Ritratto-antonio-anselmi%20-%20Museo%20Thyssen-Bornemisza.jpg?width=500",
    "qid": "Q21711487",
    "wikidata": "https://www.wikidata.org/wiki/Q21711487",
    "_source": {
     "source": "Wikidata",
     "url": "https://www.wikidata.org/wiki/Q21711487",
     "note": "harvested: painting by this creator with an image and a documented collection"
    },
    "creation_place": "Venice",
    "creation_lat": 45.4375,
    "creation_lon": 12.335833,
    "_overrides": {
     "creation": {
      "at": "2026-09-25",
      "source": "derived",
      "note": "creation place inferred from the painter's itinerary at this work's date (approximate)"
     }
    },
    "museum_id": "thyssen-bornemisza-museum",
    "location_src": "Thyssen-Bornemisza Museum",
    "kind": "museum",
    "form": "painting"
   }
  },
  {
   "type": "Feature",
   "geometry": {
    "type": "Point",
    "coordinates": [
     30.31361,
     59.94056
    ]
   },
   "properties": {
    "painter": "Titian",
    "title": "Madonna and Child with Mary Magdalene",
    "year": "1565",
    "location": "Hermitage Museum",
    "city": "Saint Petersburg",
    "country": "Russia",
    "attribution": "generally accepted",
    "image": "https://commons.wikimedia.org/wiki/Special:FilePath/Titian%20-%20Madonna%20and%20Child%20with%20Mary%20Magdalene%2C%201560s.jpg?width=500",
    "qid": "Q21725095",
    "wikidata": "https://www.wikidata.org/wiki/Q21725095",
    "_source": {
     "source": "Wikidata",
     "url": "https://www.wikidata.org/wiki/Q21725095",
     "note": "harvested: painting by this creator with an image and a documented collection"
    },
    "creation_place": "Venice",
    "creation_lat": 45.4375,
    "creation_lon": 12.335833,
    "_overrides": {
     "creation": {
      "at": "2026-09-25",
      "source": "derived",
      "note": "creation place inferred from the painter's itinerary at this work's date (approximate)"
     }
    },
    "museum_id": "hermitage-museum",
    "location_src": "Hermitage Museum",
    "kind": "museum",
    "form": "painting"
   }
  },
  {
   "type": "Feature",
   "geometry": {
    "type": "Point",
    "coordinates": [
     30.31361,
     59.94056
    ]
   },
   "properties": {
    "painter": "Titian",
    "title": "Portrait of a Young Woman",
    "year": "1536",
    "location": "Hermitage Museum",
    "city": "Saint Petersburg",
    "country": "Russia",
    "attribution": "generally accepted",
    "image": "https://commons.wikimedia.org/wiki/Special:FilePath/%D0%A2%D0%B8%D1%86%D0%B8%D0%B0%D0%BD%20%28%D0%A2%D0%B8%D1%86%D0%B8%D0%B0%D0%BD%D0%BE%20%D0%92%D0%B5%D1%87%D0%B5%D0%BB%D0%BB%D0%B8%D0%BE%2C%20%D0%BC%D0%B5%D0%B6%D0%B4%D1%83%201485%20%D0%B8%201490-1576%29%20-%20%D0%9F%D0%BE%D1%80%D1%82%D1%80%D0%B5%D1%82%20%D0%BC%D0%BE%D0%BB%D0%BE%D0%B4%D0%BE%D0%B9%20%D0%B6%D0%B5%D0%BD%D1%89%D0%B8%D0%BD%D1%8B%20-%20%D0%93%D0%AD-71%20-%20Hermitage%20Museum.jpg?width=500",
    "qid": "Q21733159",
    "wikidata": "https://www.wikidata.org/wiki/Q21733159",
    "_source": {
     "source": "Wikidata",
     "url": "https://www.wikidata.org/wiki/Q21733159",
     "note": "harvested: painting by this creator with an image and a documented collection"
    },
    "creation_place": "Venice",
    "creation_lat": 45.4375,
    "creation_lon": 12.335833,
    "_overrides": {
     "creation": {
      "at": "2026-09-25",
      "source": "derived",
      "note": "creation place inferred from the painter's itinerary at this work's date (approximate)"
     }
    },
    "museum_id": "hermitage-museum",
    "location_src": "Hermitage Museum",
    "kind": "museum",
    "form": "painting"
   }
  },
  {
   "type": "Feature",
   "geometry": {
    "type": "Point",
    "coordinates": [
     14.25053,
     40.86701
    ]
   },
   "properties": {
    "painter": "Titian",
    "title": "Portrait of Pier Luigi Farnese",
    "year": "1546",
    "location": "Museo di Capodimonte",
    "city": "Naples",
    "country": "Italy",
    "attribution": "generally accepted",
    "image": "https://commons.wikimedia.org/wiki/Special:FilePath/Pier%20Luigi%20Farnese%20di%20Tiziano.jpg?width=500",
    "qid": "Q22337546",
    "wikidata": "https://www.wikidata.org/wiki/Q22337546",
    "_source": {
     "source": "Wikidata",
     "url": "https://www.wikidata.org/wiki/Q22337546",
     "note": "harvested: painting by this creator with an image and a documented collection"
    },
    "creation_place": "Venice",
    "creation_lat": 45.4375,
    "creation_lon": 12.335833,
    "_overrides": {
     "creation": {
      "at": "2026-09-25",
      "source": "derived",
      "note": "creation place inferred from the painter's itinerary at this work's date (approximate)"
     }
    },
    "museum_id": "museo-di-capodimonte",
    "location_src": "Museo di Capodimonte",
    "kind": "museum",
    "form": "painting"
   }
  },
  {
   "type": "Feature",
   "geometry": {
    "type": "Point",
    "coordinates": [
     10.7888,
     45.14695
    ]
   },
   "properties": {
    "painter": "Titian",
    "title": "Portrait of Giulio Romano",
    "year": "1537",
    "location": "Museo di Palazzo Te",
    "city": "Mantua",
    "country": "Italy",
    "attribution": "generally accepted",
    "image": "https://commons.wikimedia.org/wiki/Special:FilePath/Tiziano%2C%20ritratto%20di%20giulio%20romano%2C%201536-40%2C%2001.jpg?width=500",
    "qid": "Q24939843",
    "wikidata": "https://www.wikidata.org/wiki/Q24939843",
    "_source": {
     "source": "Wikidata",
     "url": "https://www.wikidata.org/wiki/Q24939843",
     "note": "harvested: painting by this creator with an image and a documented collection"
    },
    "creation_place": "Venice",
    "creation_lat": 45.4375,
    "creation_lon": 12.335833,
    "_overrides": {
     "creation": {
      "at": "2026-09-25",
      "source": "derived",
      "note": "creation place inferred from the painter's itinerary at this work's date (approximate)"
     }
    },
    "museum_id": "museo-di-palazzo-te",
    "location_src": "Museo di Palazzo Te",
    "kind": "museum",
    "form": "painting"
   }
  },
  {
   "type": "Feature",
   "geometry": {
    "type": "Point",
    "coordinates": [
     -0.1283,
     51.5089
    ]
   },
   "properties": {
    "painter": "Titian",
    "title": "A Boy with a Bird",
    "year": "1524",
    "location": "National Gallery",
    "city": "London",
    "country": "United Kingdom",
    "attribution": "generally accepted",
    "image": "https://commons.wikimedia.org/wiki/Special:FilePath/Titian%20%28c.1488-1576%29%20%28or%20studio%20of%29%20-%20A%20Boy%20with%20a%20Bird%20-%20NG933%20-%20National%20Gallery.jpg?width=500",
    "qid": "Q26492355",
    "wikidata": "https://www.wikidata.org/wiki/Q26492355",
    "_source": {
     "source": "Wikidata",
     "url": "https://www.wikidata.org/wiki/Q26492355",
     "note": "harvested: painting by this creator with an image and a documented collection"
    },
    "creation_place": "Venice",
    "creation_lat": 45.4375,
    "creation_lon": 12.335833,
    "_overrides": {
     "creation": {
      "at": "2026-09-25",
      "source": "derived",
      "note": "creation place inferred from the painter's itinerary at this work's date (approximate)"
     }
    },
    "museum_id": "national-gallery",
    "location_src": "National Gallery",
    "kind": "museum",
    "form": "painting"
   }
  },
  {
   "type": "Feature",
   "geometry": {
    "type": "Point",
    "coordinates": [
     -0.1283,
     51.5089
    ]
   },
   "properties": {
    "painter": "Titian",
    "title": "The Music Lesson",
    "year": "1535",
    "location": "National Gallery",
    "city": "London",
    "country": "United Kingdom",
    "attribution": "generally accepted",
    "image": "https://commons.wikimedia.org/wiki/Special:FilePath/The%20Music%20Lesson%20%28possibly%20by%20Titian%29%20-%20circa%201535.jpg?width=500",
    "qid": "Q26706221",
    "wikidata": "https://www.wikidata.org/wiki/Q26706221",
    "_source": {
     "source": "Wikidata",
     "url": "https://www.wikidata.org/wiki/Q26706221",
     "note": "harvested: painting by this creator with an image and a documented collection"
    },
    "creation_place": "Venice",
    "creation_lat": 45.4375,
    "creation_lon": 12.335833,
    "_overrides": {
     "creation": {
      "at": "2026-09-25",
      "source": "derived",
      "note": "creation place inferred from the painter's itinerary at this work's date (approximate)"
     }
    },
    "museum_id": "national-gallery",
    "location_src": "National Gallery",
    "kind": "museum",
    "form": "painting"
   }
  },
  {
   "type": "Feature",
   "geometry": {
    "type": "Point",
    "coordinates": [
     11.25528,
     43.76833
    ]
   },
   "properties": {
    "painter": "Titian",
    "title": "The Resurrected Christ",
    "year": "1511",
    "location": "Uffizi Gallery",
    "city": "Florence",
    "country": "Italy",
    "attribution": "generally accepted",
    "image": "https://commons.wikimedia.org/wiki/Special:FilePath/Tiziano%20Vecellio%20-%20Cristo%20Risorto%20-%2010093%20-%20Uffizi%20Gallery.jpg?width=500",
    "qid": "Q28147005",
    "wikidata": "https://www.wikidata.org/wiki/Q28147005",
    "_source": {
     "source": "Wikidata",
     "url": "https://www.wikidata.org/wiki/Q28147005",
     "note": "harvested: painting by this creator with an image and a documented collection"
    },
    "creation_place": "Venice",
    "creation_lat": 45.4375,
    "creation_lon": 12.335833,
    "_overrides": {
     "creation": {
      "at": "2026-09-25",
      "source": "derived",
      "note": "creation place inferred from the painter's itinerary at this work's date (approximate)"
     }
    },
    "museum_id": "uffizi-gallery",
    "location_src": "Uffizi Gallery",
    "kind": "museum",
    "form": "painting"
   }
  },
  {
   "type": "Feature",
   "geometry": {
    "type": "Point",
    "coordinates": [
     -4.15,
     40.59
    ]
   },
   "properties": {
    "painter": "Titian",
    "title": "Christ on Mount Olive",
    "year": "1561",
    "location": "Royal Monastery of San Lorenzo de El Escorial",
    "city": "Spain",
    "country": "Spain",
    "attribution": "generally accepted",
    "image": "https://commons.wikimedia.org/wiki/Special:FilePath/Oraci%C3%B3n%20en%20el%20Huerto%20%28Tiziano%29.jpg?width=500",
    "qid": "Q28148539",
    "wikidata": "https://www.wikidata.org/wiki/Q28148539",
    "_source": {
     "source": "Wikidata",
     "url": "https://www.wikidata.org/wiki/Q28148539",
     "note": "harvested: painting by this creator with an image and a documented collection"
    },
    "creation_place": "Venice",
    "creation_lat": 45.4375,
    "creation_lon": 12.335833,
    "_overrides": {
     "creation": {
      "at": "2026-09-25",
      "source": "derived",
      "note": "creation place inferred from the painter's itinerary at this work's date (approximate)"
     }
    },
    "museum_id": "royal-monastery-of-san-lorenzo-de-el-escorial",
    "location_src": "Royal Monastery of San Lorenzo de El Escorial",
    "kind": "museum",
    "form": "painting"
   }
  },
  {
   "type": "Feature",
   "geometry": {
    "type": "Point",
    "coordinates": [
     -118.44361,
     34.05944
    ]
   },
   "properties": {
    "painter": "Titian",
    "title": "Portrait of a Man in Armor",
    "year": "1530",
    "location": "Hammer Museum",
    "city": "Los Angeles",
    "country": "United States",
    "attribution": "generally accepted",
    "image": "https://commons.wikimedia.org/wiki/Special:FilePath/Portrait%20of%20a%20man%20in%20armor%20%28Titian%29.jpg?width=500",
    "qid": "Q28769138",
    "wikidata": "https://www.wikidata.org/wiki/Q28769138",
    "_source": {
     "source": "Wikidata",
     "url": "https://www.wikidata.org/wiki/Q28769138",
     "note": "harvested: painting by this creator with an image and a documented collection"
    },
    "creation_place": "Venice",
    "creation_lat": 45.4375,
    "creation_lon": 12.335833,
    "_overrides": {
     "creation": {
      "at": "2026-09-25",
      "source": "derived",
      "note": "creation place inferred from the painter's itinerary at this work's date (approximate)"
     }
    },
    "museum_id": "hammer-museum",
    "location_src": "Hammer Museum",
    "kind": "museum",
    "form": "painting"
   }
  },
  {
   "type": "Feature",
   "geometry": {
    "type": "Point",
    "coordinates": [
     11.57178,
     48.14958
    ]
   },
   "properties": {
    "painter": "Titian",
    "title": "Madonna and Child in an Evening Landscape",
    "year": "1560",
    "location": "Bavarian State Painting Collections",
    "city": "Munich",
    "country": "Germany",
    "attribution": "generally accepted",
    "image": "https://commons.wikimedia.org/wiki/Special:FilePath/La%20Madone%20et%20l%27Enfant%20dans%20un%20paysage%20du%20soir%20Titien.jpg?width=500",
    "qid": "Q29477231",
    "wikidata": "https://www.wikidata.org/wiki/Q29477231",
    "_source": {
     "source": "Wikidata",
     "url": "https://www.wikidata.org/wiki/Q29477231",
     "note": "harvested: painting by this creator with an image and a documented collection"
    },
    "creation_place": "Venice",
    "creation_lat": 45.4375,
    "creation_lon": 12.335833,
    "_overrides": {
     "creation": {
      "at": "2026-09-25",
      "source": "derived",
      "note": "creation place inferred from the painter's itinerary at this work's date (approximate)"
     }
    },
    "museum_id": "bavarian-state-painting-collections",
    "location_src": "Bavarian State Painting Collections",
    "kind": "museum",
    "form": "painting"
   }
  },
  {
   "type": "Feature",
   "geometry": {
    "type": "Point",
    "coordinates": [
     11.57178,
     48.14958
    ]
   },
   "properties": {
    "painter": "Titian",
    "title": "Portrait of Pedro Álvarez de Toledo",
    "year": "1542",
    "location": "Bavarian State Painting Collections",
    "city": "Munich",
    "country": "Germany",
    "attribution": "generally accepted",
    "image": "https://commons.wikimedia.org/wiki/Special:FilePath/Tiziano%20Vecellio%2C%20gen.%20Tizian%20%28und%20Werkstatt%29%20-%20Bildnis%20des%20Don%20Pedro%20%C3%81lvarez%20de%20Toledo%20-%20WAF%201085%20-%20Bavarian%20State%20Painting%20Collections.jpg?width=500",
    "qid": "Q29953854",
    "wikidata": "https://www.wikidata.org/wiki/Q29953854",
    "_source": {
     "source": "Wikidata",
     "url": "https://www.wikidata.org/wiki/Q29953854",
     "note": "harvested: painting by this creator with an image and a documented collection"
    },
    "creation_place": "Venice",
    "creation_lat": 45.4375,
    "creation_lon": 12.335833,
    "_overrides": {
     "creation": {
      "at": "2026-09-25",
      "source": "derived",
      "note": "creation place inferred from the painter's itinerary at this work's date (approximate)"
     }
    },
    "museum_id": "bavarian-state-painting-collections",
    "location_src": "Bavarian State Painting Collections",
    "kind": "museum",
    "form": "painting"
   }
  },
  {
   "type": "Feature",
   "geometry": {
    "type": "Point",
    "coordinates": [
     11.57178,
     48.14958
    ]
   },
   "properties": {
    "painter": "Titian",
    "title": "Portrait of a Gentleman",
    "year": "1520",
    "location": "Bavarian State Painting Collections",
    "city": "Munich",
    "country": "Germany",
    "attribution": "generally accepted",
    "image": "https://commons.wikimedia.org/wiki/Special:FilePath/Tizian%20-%20Bildnis%20eines%20jungen%20Mannes%20-%20517%20-%20Bavarian%20State%20Painting%20Collections.jpg?width=500",
    "qid": "Q29953862",
    "wikidata": "https://www.wikidata.org/wiki/Q29953862",
    "_source": {
     "source": "Wikidata",
     "url": "https://www.wikidata.org/wiki/Q29953862",
     "note": "harvested: painting by this creator with an image and a documented collection"
    },
    "creation_place": "Venice",
    "creation_lat": 45.4375,
    "creation_lon": 12.335833,
    "_overrides": {
     "creation": {
      "at": "2026-09-25",
      "source": "derived",
      "note": "creation place inferred from the painter's itinerary at this work's date (approximate)"
     }
    },
    "museum_id": "bavarian-state-painting-collections",
    "location_src": "Bavarian State Painting Collections",
    "kind": "museum",
    "form": "painting"
   }
  },
  {
   "type": "Feature",
   "geometry": {
    "type": "Point",
    "coordinates": [
     9.41611,
     51.315
    ]
   },
   "properties": {
    "painter": "Titian",
    "title": "Portrait of a General - Man in Military Costume",
    "year": "1550",
    "location": "Gemäldegalerie Alte Meister",
    "city": "Kassel",
    "country": "Germany",
    "attribution": "generally accepted",
    "image": "https://commons.wikimedia.org/wiki/Special:FilePath/Titian%20-%20Man%20in%20Military%20Costume%20-%20WGA22972.jpg?width=500",
    "qid": "Q33003546",
    "wikidata": "https://www.wikidata.org/wiki/Q33003546",
    "_source": {
     "source": "Wikidata",
     "url": "https://www.wikidata.org/wiki/Q33003546",
     "note": "harvested: painting by this creator with an image and a documented collection"
    },
    "creation_place": "Venice",
    "creation_lat": 45.4375,
    "creation_lon": 12.335833,
    "_overrides": {
     "creation": {
      "at": "2026-09-25",
      "source": "derived",
      "note": "creation place inferred from the painter's itinerary at this work's date (approximate)"
     }
    },
    "museum_id": "gemaldegalerie-alte-meister-2",
    "location_src": "Gemäldegalerie Alte Meister",
    "kind": "museum",
    "form": "painting"
   }
  },
  {
   "type": "Feature",
   "geometry": {
    "type": "Point",
    "coordinates": [
     19.07678,
     47.51587
    ]
   },
   "properties": {
    "painter": "Titian",
    "title": "Portrait of Marcantonio Trevisan, Doge of Venice",
    "year": "1553",
    "location": "Museum of Fine Arts, Budapest",
    "city": "Budapest",
    "country": "Hungary",
    "attribution": "generally accepted",
    "image": "https://commons.wikimedia.org/wiki/Special:FilePath/Titian%20%E2%80%93%20Portrait%20of%20Marcantonio%20Trevisan%2C%20Doge%20of%20Venice%20%E2%80%93%20Google%20Art%20Project.jpg?width=500",
    "qid": "Q39751814",
    "wikidata": "https://www.wikidata.org/wiki/Q39751814",
    "_source": {
     "source": "Wikidata",
     "url": "https://www.wikidata.org/wiki/Q39751814",
     "note": "harvested: painting by this creator with an image and a documented collection"
    },
    "creation_place": "Venice",
    "creation_lat": 45.4375,
    "creation_lon": 12.335833,
    "_overrides": {
     "creation": {
      "at": "2026-09-25",
      "source": "derived",
      "note": "creation place inferred from the painter's itinerary at this work's date (approximate)"
     }
    },
    "museum_id": "museum-of-fine-arts-budapest",
    "location_src": "Museum of Fine Arts, Budapest",
    "kind": "museum",
    "form": "painting",
    "city_src": "Budapest district XIV"
   }
  },
  {
   "type": "Feature",
   "geometry": {
    "type": "Point",
    "coordinates": [
     -84.4969,
     39.1139
    ]
   },
   "properties": {
    "painter": "Titian",
    "title": "King Philip II of Spain",
    "year": "1550",
    "location": "Cincinnati Art Museum",
    "city": "Eden Park",
    "country": "United States",
    "attribution": "generally accepted",
    "image": "https://commons.wikimedia.org/wiki/Special:FilePath/Titian%20-%20King%20Philip%20II%20of%20Spain%20-%20Google%20Art%20Project.jpg?width=500",
    "qid": "Q46943496",
    "wikidata": "https://www.wikidata.org/wiki/Q46943496",
    "_source": {
     "source": "Wikidata",
     "url": "https://www.wikidata.org/wiki/Q46943496",
     "note": "harvested: painting by this creator with an image and a documented collection"
    },
    "creation_place": "Venice",
    "creation_lat": 45.4375,
    "creation_lon": 12.335833,
    "_overrides": {
     "creation": {
      "at": "2026-09-25",
      "source": "derived",
      "note": "creation place inferred from the painter's itinerary at this work's date (approximate)"
     }
    },
    "museum_id": "cincinnati-art-museum",
    "location_src": "Cincinnati Art Museum",
    "kind": "museum",
    "form": "painting"
   }
  },
  {
   "type": "Feature",
   "geometry": {
    "type": "Point",
    "coordinates": [
     -72.93096,
     41.30839
    ]
   },
   "properties": {
    "painter": "Titian",
    "title": "Portrait of Guidobaldo II della Rovere, Duke of Urbino",
    "year": "1545",
    "location": "Yale University Art Gallery",
    "city": "New Haven",
    "country": "United States",
    "attribution": "generally accepted",
    "image": "https://commons.wikimedia.org/wiki/Special:FilePath/Titian%20%28Tiziano%20Vecellio%29%20-%20Portrait%20of%20Guidobaldo%20II%20della%20Rovere%2C%20Duke%20of%20Urbino%20-%201956.7.1%20-%20Yale%20University%20Art%20Gallery.jpg?width=500",
    "qid": "Q49278215",
    "wikidata": "https://www.wikidata.org/wiki/Q49278215",
    "_source": {
     "source": "Wikidata",
     "url": "https://www.wikidata.org/wiki/Q49278215",
     "note": "harvested: painting by this creator with an image and a documented collection"
    },
    "creation_place": "Venice",
    "creation_lat": 45.4375,
    "creation_lon": 12.335833,
    "_overrides": {
     "creation": {
      "at": "2026-09-25",
      "source": "derived",
      "note": "creation place inferred from the painter's itinerary at this work's date (approximate)"
     }
    },
    "museum_id": "yale-university-art-gallery",
    "location_src": "Yale University Art Gallery",
    "kind": "museum",
    "form": "painting"
   }
  },
  {
   "type": "Feature",
   "geometry": {
    "type": "Point",
    "coordinates": [
     8.73833,
     41.92167
    ]
   },
   "properties": {
    "painter": "Titian",
    "title": "Madonna and Child with Saint John the Baptist",
    "year": "1518",
    "location": "Musée Fesch",
    "city": "Ajaccio",
    "country": "France",
    "attribution": "generally accepted",
    "image": "https://commons.wikimedia.org/wiki/Special:FilePath/Tiziano%20Vecellio%2C%20dit%20Titien%20%28Pieve%20di%20Cadore%2C%201489%20%E2%80%93%20Venise%2C%201576%29%20-%20La%20Vierge%20%C3%A0%20l%E2%80%99Enfant%20avec%20saint%20Jean-Baptiste%20-%20MFA%20852.1.266%20-%20Mus%C3%A9e%20Fesch.jpg?width=500",
    "qid": "Q50322107",
    "wikidata": "https://www.wikidata.org/wiki/Q50322107",
    "_source": {
     "source": "Wikidata",
     "url": "https://www.wikidata.org/wiki/Q50322107",
     "note": "harvested: painting by this creator with an image and a documented collection"
    },
    "creation_place": "Venice",
    "creation_lat": 45.4375,
    "creation_lon": 12.335833,
    "_overrides": {
     "creation": {
      "at": "2026-09-25",
      "source": "derived",
      "note": "creation place inferred from the painter's itinerary at this work's date (approximate)"
     }
    },
    "museum_id": "musee-fesch",
    "location_src": "Musée Fesch",
    "kind": "museum",
    "form": "painting"
   }
  },
  {
   "type": "Feature",
   "geometry": {
    "type": "Point",
    "coordinates": [
     13.7369,
     51.0528
    ]
   },
   "properties": {
    "painter": "Titian",
    "title": "Portrait of Lavinia",
    "year": "1565",
    "location": "Gemäldegalerie Alte Meister",
    "city": "Dresden",
    "country": "Germany",
    "attribution": "generally accepted",
    "image": "https://commons.wikimedia.org/wiki/Special:FilePath/Tizian%20-%20Bildnis%20der%20Lavinia.jpg?width=500",
    "qid": "Q50323209",
    "wikidata": "https://www.wikidata.org/wiki/Q50323209",
    "_source": {
     "source": "Wikidata",
     "url": "https://www.wikidata.org/wiki/Q50323209",
     "note": "harvested: painting by this creator with an image and a documented collection"
    },
    "creation_place": "Venice",
    "creation_lat": 45.4375,
    "creation_lon": 12.335833,
    "_overrides": {
     "creation": {
      "at": "2026-09-25",
      "source": "derived",
      "note": "creation place inferred from the painter's itinerary at this work's date (approximate)"
     }
    },
    "museum_id": "gemaldegalerie-alte-meister",
    "location_src": "Gemäldegalerie Alte Meister",
    "kind": "museum",
    "form": "painting"
   }
  },
  {
   "type": "Feature",
   "geometry": {
    "type": "Point",
    "coordinates": [
     13.7369,
     51.0528
    ]
   },
   "properties": {
    "painter": "Titian",
    "title": "Portrait of the paint dealer Alvise dalla Scala",
    "year": "1561",
    "location": "Gemäldegalerie Alte Meister",
    "city": "Dresden",
    "country": "Germany",
    "attribution": "generally accepted",
    "image": "https://commons.wikimedia.org/wiki/Special:FilePath/Titian%20-%20Portrait%20of%20a%20Man%20with%20a%20Palm%20-%20WGA22977.jpg?width=500",
    "qid": "Q50323217",
    "wikidata": "https://www.wikidata.org/wiki/Q50323217",
    "_source": {
     "source": "Wikidata",
     "url": "https://www.wikidata.org/wiki/Q50323217",
     "note": "harvested: painting by this creator with an image and a documented collection"
    },
    "creation_place": "Venice",
    "creation_lat": 45.4375,
    "creation_lon": 12.335833,
    "_overrides": {
     "creation": {
      "at": "2026-09-25",
      "source": "derived",
      "note": "creation place inferred from the painter's itinerary at this work's date (approximate)"
     }
    },
    "museum_id": "gemaldegalerie-alte-meister",
    "location_src": "Gemäldegalerie Alte Meister",
    "kind": "museum",
    "form": "painting"
   }
  },
  {
   "type": "Feature",
   "geometry": {
    "type": "Point",
    "coordinates": [
     0.11944,
     52.20028
    ]
   },
   "properties": {
    "painter": "Titian",
    "title": "Venus and Cupid with a lute-player",
    "year": "1560",
    "location": "Fitzwilliam Museum",
    "city": "Cambridge",
    "country": "United Kingdom",
    "attribution": "generally accepted",
    "image": "https://commons.wikimedia.org/wiki/Special:FilePath/Titian%20%28c.1488-1576%29%20-%20Venus%20and%20Cupid%20with%20a%20Lute%20Player%20-%20129%20-%20Fitzwilliam%20Museum.jpg?width=500",
    "qid": "Q50811851",
    "wikidata": "https://www.wikidata.org/wiki/Q50811851",
    "_source": {
     "source": "Wikidata",
     "url": "https://www.wikidata.org/wiki/Q50811851",
     "note": "harvested: painting by this creator with an image and a documented collection"
    },
    "creation_place": "Venice",
    "creation_lat": 45.4375,
    "creation_lon": 12.335833,
    "_overrides": {
     "creation": {
      "at": "2026-09-25",
      "source": "derived",
      "note": "creation place inferred from the painter's itinerary at this work's date (approximate)"
     }
    },
    "museum_id": "fitzwilliam-museum",
    "location_src": "Fitzwilliam Museum",
    "kind": "museum",
    "form": "painting"
   }
  },
  {
   "type": "Feature",
   "geometry": {
    "type": "Point",
    "coordinates": [
     9.18595,
     45.46378
    ]
   },
   "properties": {
    "painter": "Titian",
    "title": "Man in Armour (Gregorio Vecellio?)",
    "year": "1530",
    "location": "Pinacoteca Ambrosiana",
    "city": "Milan",
    "country": "Italy",
    "attribution": "generally accepted",
    "image": "https://commons.wikimedia.org/wiki/Special:FilePath/Tiziano%20Vecellio%20%E2%80%93%20Uomo%20con%20Armatura%20%E2%80%93%20Google%20Art%20Project.jpg?width=500",
    "qid": "Q50880887",
    "wikidata": "https://www.wikidata.org/wiki/Q50880887",
    "_source": {
     "source": "Wikidata",
     "url": "https://www.wikidata.org/wiki/Q50880887",
     "note": "harvested: painting by this creator with an image and a documented collection"
    },
    "creation_place": "Venice",
    "creation_lat": 45.4375,
    "creation_lon": 12.335833,
    "_overrides": {
     "creation": {
      "at": "2026-09-25",
      "source": "derived",
      "note": "creation place inferred from the painter's itinerary at this work's date (approximate)"
     }
    },
    "museum_id": "pinacoteca-ambrosiana",
    "location_src": "Pinacoteca Ambrosiana",
    "kind": "museum",
    "form": "painting"
   }
  },
  {
   "type": "Feature",
   "geometry": {
    "type": "Point",
    "coordinates": [
     19.07678,
     47.51587
    ]
   },
   "properties": {
    "painter": "Titian",
    "title": "Portrait of Settimia Jacovacci (?)",
    "year": "1545",
    "location": "Museum of Fine Arts, Budapest",
    "city": "Budapest",
    "country": "Hungary",
    "attribution": "generally accepted",
    "image": "https://commons.wikimedia.org/wiki/Special:FilePath/Titian%20-%20Portrait%20of%20Settimia%20Jacovacci%20%28%3F%29%20-%20Museum%20of%20Fine%20Arts%2C%20Budapest.jpg?width=500",
    "qid": "Q50891699",
    "wikidata": "https://www.wikidata.org/wiki/Q50891699",
    "_source": {
     "source": "Wikidata",
     "url": "https://www.wikidata.org/wiki/Q50891699",
     "note": "harvested: painting by this creator with an image and a documented collection"
    },
    "creation_place": "Venice",
    "creation_lat": 45.4375,
    "creation_lon": 12.335833,
    "_overrides": {
     "creation": {
      "at": "2026-09-25",
      "source": "derived",
      "note": "creation place inferred from the painter's itinerary at this work's date (approximate)"
     }
    },
    "museum_id": "museum-of-fine-arts-budapest",
    "location_src": "Museum of Fine Arts, Budapest",
    "kind": "museum",
    "form": "painting",
    "city_src": "Budapest district XIV"
   }
  },
  {
   "type": "Feature",
   "geometry": {
    "type": "Point",
    "coordinates": [
     19.07678,
     47.51587
    ]
   },
   "properties": {
    "painter": "Titian",
    "title": "Saint John the Baptist",
    "year": "1524",
    "location": "Museum of Fine Arts, Budapest",
    "city": "Budapest",
    "country": "Hungary",
    "attribution": "generally accepted",
    "image": "https://commons.wikimedia.org/wiki/Special:FilePath/Tiziano%20Vecellio%20%28tulajdon%C3%ADtva%29%20-%20Keresztel%C5%91%20Szent%20J%C3%A1nos%20-%207744%20-%20Museum%20of%20Fine%20Arts%2C%20Budapest.jpg?width=500",
    "qid": "Q50947291",
    "wikidata": "https://www.wikidata.org/wiki/Q50947291",
    "_source": {
     "source": "Wikidata",
     "url": "https://www.wikidata.org/wiki/Q50947291",
     "note": "harvested: painting by this creator with an image and a documented collection"
    },
    "creation_place": "Venice",
    "creation_lat": 45.4375,
    "creation_lon": 12.335833,
    "_overrides": {
     "creation": {
      "at": "2026-09-25",
      "source": "derived",
      "note": "creation place inferred from the painter's itinerary at this work's date (approximate)"
     }
    },
    "museum_id": "museum-of-fine-arts-budapest",
    "location_src": "Museum of Fine Arts, Budapest",
    "kind": "museum",
    "form": "painting",
    "city_src": "Budapest district XIV"
   }
  },
  {
   "type": "Feature",
   "geometry": {
    "type": "Point",
    "coordinates": [
     -1.87483,
     54.5221
    ]
   },
   "properties": {
    "painter": "Titian",
    "title": "The Rokeby Venus and Adonis",
    "year": "1550",
    "location": "Rokeby Park",
    "city": "Rokeby",
    "country": "United Kingdom",
    "attribution": "generally accepted",
    "image": "https://commons.wikimedia.org/wiki/Special:FilePath/Titian%20-%20Venus%20and%20Adonis%20NTIV%20HACH%201166206.jpg?width=500",
    "qid": "Q52209260",
    "wikidata": "https://www.wikidata.org/wiki/Q52209260",
    "_source": {
     "source": "Wikidata",
     "url": "https://www.wikidata.org/wiki/Q52209260",
     "note": "harvested: painting by this creator with an image and a documented collection"
    },
    "creation_place": "Venice",
    "creation_lat": 45.4375,
    "creation_lon": 12.335833,
    "_overrides": {
     "creation": {
      "at": "2026-09-25",
      "source": "derived",
      "note": "creation place inferred from the painter's itinerary at this work's date (approximate)"
     }
    },
    "museum_id": "rokeby-park",
    "location_src": "Rokeby Park",
    "kind": "museum",
    "form": "painting"
   }
  },
  {
   "type": "Feature",
   "geometry": {
    "type": "Point",
    "coordinates": [
     -2.03184,
     50.81096
    ]
   },
   "properties": {
    "painter": "Titian",
    "title": "Nicolò Zen (1515-1565)",
    "year": "1562",
    "location": "Kingston Lacy",
    "city": "Wimborne Minster",
    "country": "United Kingdom",
    "attribution": "generally accepted",
    "image": "https://commons.wikimedia.org/wiki/Special:FilePath/Titian%20%28c.1488-1576%29%20-%20Nicol%C3%B2%20Zen%20%281515%E2%80%931565%29%20-%201257086%20-%20National%20Trust.jpg?width=500",
    "qid": "Q52219668",
    "wikidata": "https://www.wikidata.org/wiki/Q52219668",
    "_source": {
     "source": "Wikidata",
     "url": "https://www.wikidata.org/wiki/Q52219668",
     "note": "harvested: painting by this creator with an image and a documented collection"
    },
    "creation_place": "Venice",
    "creation_lat": 45.4375,
    "creation_lon": 12.335833,
    "_overrides": {
     "creation": {
      "at": "2026-09-25",
      "source": "derived",
      "note": "creation place inferred from the painter's itinerary at this work's date (approximate)"
     }
    },
    "museum_id": "kingston-lacy",
    "location_src": "Kingston Lacy",
    "kind": "museum",
    "form": "painting"
   }
  },
  {
   "type": "Feature",
   "geometry": {
    "type": "Point",
    "coordinates": [
     -0.611,
     50.9881
    ]
   },
   "properties": {
    "painter": "Titian",
    "title": "An Unknown Cardinal",
    "year": "1545",
    "location": "Petworth House",
    "city": "Petworth",
    "country": "United Kingdom",
    "attribution": "generally accepted",
    "image": "https://commons.wikimedia.org/wiki/Special:FilePath/Titian%20%28c.1488-1576%29%20%28attributed%20to%29%20-%20Portrait%20of%20an%20Unknown%20Young%20Cardinal%20-%20486205%20-%20National%20Trust.jpg?width=500",
    "qid": "Q52252724",
    "wikidata": "https://www.wikidata.org/wiki/Q52252724",
    "_source": {
     "source": "Wikidata",
     "url": "https://www.wikidata.org/wiki/Q52252724",
     "note": "harvested: painting by this creator with an image and a documented collection"
    },
    "creation_place": "Venice",
    "creation_lat": 45.4375,
    "creation_lon": 12.335833,
    "_overrides": {
     "creation": {
      "at": "2026-09-25",
      "source": "derived",
      "note": "creation place inferred from the painter's itinerary at this work's date (approximate)"
     }
    },
    "museum_id": "petworth-house",
    "location_src": "Petworth House",
    "kind": "museum",
    "form": "painting"
   }
  },
  {
   "type": "Feature",
   "geometry": {
    "type": "Point",
    "coordinates": [
     -3.6922,
     40.4139
    ]
   },
   "properties": {
    "painter": "Titian",
    "title": "The Adoration of the Magi",
    "year": "1531",
    "location": "Museo del Prado",
    "city": "Madrid",
    "country": "Spain",
    "attribution": "generally accepted",
    "image": "https://commons.wikimedia.org/wiki/Special:FilePath/Adoraci%C3%B3n%20de%20los%20Reyes%20Magos%2C%20de%20Tiziano%20%28Museo%20del%20Prado%29.jpg?width=500",
    "qid": "Q59675894",
    "wikidata": "https://www.wikidata.org/wiki/Q59675894",
    "_source": {
     "source": "Wikidata",
     "url": "https://www.wikidata.org/wiki/Q59675894",
     "note": "harvested: painting by this creator with an image and a documented collection"
    },
    "creation_place": "Venice",
    "creation_lat": 45.4375,
    "creation_lon": 12.335833,
    "_overrides": {
     "creation": {
      "at": "2026-09-25",
      "source": "derived",
      "note": "creation place inferred from the painter's itinerary at this work's date (approximate)"
     }
    },
    "museum_id": "museo-del-prado",
    "location_src": "Museo del Prado",
    "kind": "museum",
    "form": "painting"
   }
  },
  {
   "type": "Feature",
   "geometry": {
    "type": "Point",
    "coordinates": [
     -3.6922,
     40.4139
    ]
   },
   "properties": {
    "painter": "Titian",
    "title": "Christ as the Gardener",
    "year": "1553",
    "location": "Museo del Prado",
    "city": "Madrid",
    "country": "Spain",
    "attribution": "generally accepted",
    "image": "https://commons.wikimedia.org/wiki/Special:FilePath/Christ%2C%20a%20gardener.jpg?width=500",
    "qid": "Q59676166",
    "wikidata": "https://www.wikidata.org/wiki/Q59676166",
    "_source": {
     "source": "Wikidata",
     "url": "https://www.wikidata.org/wiki/Q59676166",
     "note": "harvested: painting by this creator with an image and a documented collection"
    },
    "creation_place": "Venice",
    "creation_lat": 45.4375,
    "creation_lon": 12.335833,
    "_overrides": {
     "creation": {
      "at": "2026-09-25",
      "source": "derived",
      "note": "creation place inferred from the painter's itinerary at this work's date (approximate)"
     }
    },
    "museum_id": "museo-del-prado",
    "location_src": "Museo del Prado",
    "kind": "museum",
    "form": "painting"
   }
  },
  {
   "type": "Feature",
   "geometry": {
    "type": "Point",
    "coordinates": [
     11.35354,
     44.49771
    ]
   },
   "properties": {
    "painter": "Titian",
    "title": "Christ and the Good Thief",
    "year": "1566",
    "location": "Pinacoteca Nazionale di Bologna",
    "city": "Bologna",
    "country": "Italy",
    "attribution": "generally accepted",
    "image": "https://commons.wikimedia.org/wiki/Special:FilePath/Titian%20-%20Christ%20and%20the%20Good%20Thief%20-%20WGA22832.jpg?width=500",
    "qid": "Q60840797",
    "wikidata": "https://www.wikidata.org/wiki/Q60840797",
    "_source": {
     "source": "Wikidata",
     "url": "https://www.wikidata.org/wiki/Q60840797",
     "note": "harvested: painting by this creator with an image and a documented collection"
    },
    "creation_place": "Venice",
    "creation_lat": 45.4375,
    "creation_lon": 12.335833,
    "_overrides": {
     "creation": {
      "at": "2026-09-25",
      "source": "derived",
      "note": "creation place inferred from the painter's itinerary at this work's date (approximate)"
     }
    },
    "museum_id": "pinacoteca-nazionale-di-bologna",
    "location_src": "Pinacoteca Nazionale di Bologna",
    "kind": "museum",
    "form": "painting"
   }
  },
  {
   "type": "Feature",
   "geometry": {
    "type": "Point",
    "coordinates": [
     12.32531,
     45.43657
    ]
   },
   "properties": {
    "painter": "Titian",
    "title": "Annunciation",
    "year": "1535",
    "location": "Scuola Grande di San Rocco",
    "city": "Venice",
    "country": "Italy",
    "attribution": "generally accepted",
    "image": "https://commons.wikimedia.org/wiki/Special:FilePath/Scuola%20Grande%20di%20San%20Rocco%20%28Venice%29%20-%20Collection%20-%20Annunciazione%20del%20Tiziano.jpg?width=500",
    "qid": "Q61767320",
    "wikidata": "https://www.wikidata.org/wiki/Q61767320",
    "_source": {
     "source": "Wikidata",
     "url": "https://www.wikidata.org/wiki/Q61767320",
     "note": "harvested: painting by this creator with an image and a documented collection"
    },
    "creation_place": "Venice",
    "creation_lat": 45.4375,
    "creation_lon": 12.335833,
    "_overrides": {
     "creation": {
      "at": "2026-09-25",
      "source": "derived",
      "note": "creation place inferred from the painter's itinerary at this work's date (approximate)"
     }
    },
    "museum_id": "scuola-grande-di-san-rocco",
    "location_src": "Scuola Grande di San Rocco",
    "kind": "museum",
    "form": "painting"
   }
  },
  {
   "type": "Feature",
   "geometry": {
    "type": "Point",
    "coordinates": [
     -83.06472,
     42.35944
    ]
   },
   "properties": {
    "painter": "Titian",
    "title": "Portrait of a Bearded Man",
    "year": "1515",
    "location": "Detroit Institute of Arts",
    "city": "Detroit",
    "country": "United States",
    "attribution": "generally accepted",
    "image": "https://commons.wikimedia.org/wiki/Special:FilePath/School%20of%20Titian%20-%20Portrait%20of%20a%20Bearded%20Man%2C%20c.%201515.jpg?width=500",
    "qid": "Q64515617",
    "wikidata": "https://www.wikidata.org/wiki/Q64515617",
    "_source": {
     "source": "Wikidata",
     "url": "https://www.wikidata.org/wiki/Q64515617",
     "note": "harvested: painting by this creator with an image and a documented collection"
    },
    "creation_place": "Venice",
    "creation_lat": 45.4375,
    "creation_lon": 12.335833,
    "_overrides": {
     "creation": {
      "at": "2026-09-25",
      "source": "derived",
      "note": "creation place inferred from the painter's itinerary at this work's date (approximate)"
     }
    },
    "museum_id": "detroit-institute-of-arts",
    "location_src": "Detroit Institute of Arts",
    "kind": "museum",
    "form": "painting"
   }
  },
  {
   "type": "Feature",
   "geometry": {
    "type": "Point",
    "coordinates": [
     -83.06472,
     42.35944
    ]
   },
   "properties": {
    "painter": "Titian",
    "title": "Man Holding a Flute",
    "year": "1560",
    "location": "Detroit Institute of Arts",
    "city": "Detroit",
    "country": "United States",
    "attribution": "generally accepted",
    "image": "https://commons.wikimedia.org/wiki/Special:FilePath/Titian%20-%20Man%20Holding%20a%20Flute%2C%20ca.%20between%201560%20and%201565.jpg?width=500",
    "qid": "Q64515825",
    "wikidata": "https://www.wikidata.org/wiki/Q64515825",
    "_source": {
     "source": "Wikidata",
     "url": "https://www.wikidata.org/wiki/Q64515825",
     "note": "harvested: painting by this creator with an image and a documented collection"
    },
    "creation_place": "Venice",
    "creation_lat": 45.4375,
    "creation_lon": 12.335833,
    "_overrides": {
     "creation": {
      "at": "2026-09-25",
      "source": "derived",
      "note": "creation place inferred from the painter's itinerary at this work's date (approximate)"
     }
    },
    "museum_id": "detroit-institute-of-arts",
    "location_src": "Detroit Institute of Arts",
    "kind": "museum",
    "form": "painting"
   }
  },
  {
   "type": "Feature",
   "geometry": {
    "type": "Point",
    "coordinates": [
     -94.58096,
     39.04497
    ]
   },
   "properties": {
    "painter": "Titian",
    "title": "Antoine Perrenot de Granvelle",
    "year": "1548",
    "location": "The Nelson-Atkins Museum of Art",
    "city": "Kansas City",
    "country": "United States",
    "attribution": "generally accepted",
    "image": "https://commons.wikimedia.org/wiki/Special:FilePath/Titian%20-%20Antoine%20Perrenot%20de%20Granvelle%20-%20WGA22966.jpg?width=500",
    "qid": "Q64528257",
    "wikidata": "https://www.wikidata.org/wiki/Q64528257",
    "_source": {
     "source": "Wikidata",
     "url": "https://www.wikidata.org/wiki/Q64528257",
     "note": "harvested: painting by this creator with an image and a documented collection"
    },
    "creation_place": "Venice",
    "creation_lat": 45.4375,
    "creation_lon": 12.335833,
    "_overrides": {
     "creation": {
      "at": "2026-09-25",
      "source": "derived",
      "note": "creation place inferred from the painter's itinerary at this work's date (approximate)"
     }
    },
    "museum_id": "the-nelson-atkins-museum-of-art",
    "location_src": "The Nelson-Atkins Museum of Art",
    "kind": "museum",
    "form": "painting"
   }
  },
  {
   "type": "Feature",
   "geometry": {
    "type": "Point",
    "coordinates": [
     12.33473,
     45.43057
    ]
   },
   "properties": {
    "painter": "Titian",
    "title": "The Descent of the Holy Spirit",
    "year": "1545",
    "location": "Santa Maria della Salute",
    "city": "Venice",
    "country": "Italy",
    "attribution": "generally accepted",
    "image": "https://commons.wikimedia.org/wiki/Special:FilePath/Tiziano%20Pentecost%C3%A9s.jpg?width=500",
    "qid": "Q65128903",
    "wikidata": "https://www.wikidata.org/wiki/Q65128903",
    "_source": {
     "source": "Wikidata",
     "url": "https://www.wikidata.org/wiki/Q65128903",
     "note": "harvested: painting by this creator with an image and a documented collection"
    },
    "creation_place": "Venice",
    "creation_lat": 45.4375,
    "creation_lon": 12.335833,
    "_overrides": {
     "creation": {
      "at": "2026-09-25",
      "source": "derived",
      "note": "creation place inferred from the painter's itinerary at this work's date (approximate)"
     }
    },
    "museum_id": "santa-maria-della-salute",
    "location_src": "Santa Maria della Salute",
    "kind": "church",
    "form": "painting"
   }
  },
  {
   "type": "Feature",
   "geometry": {
    "type": "Point",
    "coordinates": [
     12.33917,
     45.43333
    ]
   },
   "properties": {
    "painter": "Titian",
    "title": "Wisdom",
    "year": "1560",
    "location": "Biblioteca Nazionale Marciana",
    "city": "Venice",
    "country": "Italy",
    "attribution": "generally accepted",
    "image": "https://commons.wikimedia.org/wiki/Special:FilePath/%28Venice%29%20Biblioteca%20Nazionale%20Marciana%20-%20Interior%20-%20Wisdom%20by%20Titien.jpg?width=500",
    "qid": "Q65130492",
    "wikidata": "https://www.wikidata.org/wiki/Q65130492",
    "_source": {
     "source": "Wikidata",
     "url": "https://www.wikidata.org/wiki/Q65130492",
     "note": "harvested: painting by this creator with an image and a documented collection"
    },
    "creation_place": "Venice",
    "creation_lat": 45.4375,
    "creation_lon": 12.335833,
    "_overrides": {
     "creation": {
      "at": "2026-09-25",
      "source": "derived",
      "note": "creation place inferred from the painter's itinerary at this work's date (approximate)"
     }
    },
    "museum_id": "biblioteca-nazionale-marciana",
    "location_src": "Biblioteca Nazionale Marciana",
    "kind": "museum",
    "form": "painting"
   }
  },
  {
   "type": "Feature",
   "geometry": {
    "type": "Point",
    "coordinates": [
     37.60603,
     55.74703
    ]
   },
   "properties": {
    "painter": "Titian",
    "title": "Portrait of Antonio Cardinal Pallavicini",
    "year": "1550",
    "location": "Pushkin Museum",
    "city": "Moscow",
    "country": "Russia",
    "attribution": "generally accepted",
    "image": "https://commons.wikimedia.org/wiki/Special:FilePath/Tiziano%20-%20Portrait%20of%20Cardinal%20Antoniotto%20Pallavicini.%201540-s.jpg?width=500",
    "qid": "Q67561470",
    "wikidata": "https://www.wikidata.org/wiki/Q67561470",
    "_source": {
     "source": "Wikidata",
     "url": "https://www.wikidata.org/wiki/Q67561470",
     "note": "harvested: painting by this creator with an image and a documented collection"
    },
    "creation_place": "Venice",
    "creation_lat": 45.4375,
    "creation_lon": 12.335833,
    "_overrides": {
     "creation": {
      "at": "2026-09-25",
      "source": "derived",
      "note": "creation place inferred from the painter's itinerary at this work's date (approximate)"
     }
    },
    "museum_id": "pushkin-museum",
    "location_src": "Pushkin Museum",
    "kind": "museum",
    "form": "painting",
    "city_src": "Khamovniki District"
   }
  },
  {
   "type": "Feature",
   "geometry": {
    "type": "Point",
    "coordinates": [
     -6.25255,
     53.34091
    ]
   },
   "properties": {
    "painter": "Titian",
    "title": "Ecce Homo",
    "year": "1559",
    "location": "National Gallery of Ireland",
    "city": "Dublin City",
    "country": "Ireland",
    "attribution": "generally accepted",
    "image": "https://commons.wikimedia.org/wiki/Special:FilePath/Tiziano%20Vecelli%20-%20Ecce%20Homo%20%28National%20Gallery%20of%20Ireland%29.jpg?width=500",
    "qid": "Q77980588",
    "wikidata": "https://www.wikidata.org/wiki/Q77980588",
    "_source": {
     "source": "Wikidata",
     "url": "https://www.wikidata.org/wiki/Q77980588",
     "note": "harvested: painting by this creator with an image and a documented collection"
    },
    "creation_place": "Venice",
    "creation_lat": 45.4375,
    "creation_lon": 12.335833,
    "_overrides": {
     "creation": {
      "at": "2026-09-25",
      "source": "derived",
      "note": "creation place inferred from the painter's itinerary at this work's date (approximate)"
     }
    },
    "museum_id": "national-gallery-of-ireland",
    "location_src": "National Gallery of Ireland",
    "kind": "museum",
    "form": "painting"
   }
  },
  {
   "type": "Feature",
   "geometry": {
    "type": "Point",
    "coordinates": [
     -90.29449,
     38.63931
    ]
   },
   "properties": {
    "painter": "Titian",
    "title": "Christ Shown to the People (Ecce Homo)",
    "year": "1573",
    "location": "Saint Louis Art Museum",
    "city": "St. Louis",
    "country": "United States",
    "attribution": "generally accepted",
    "image": "https://commons.wikimedia.org/wiki/Special:FilePath/Titian%20%28Tiziano%20Vecellio%29%20-%20Christ%20Shown%20to%20the%20People%20%28Ecce%20Homo%29%20-%2010-1936%20-%20Saint%20Louis%20Art%20Museum.jpg?width=500",
    "qid": "Q78644404",
    "wikidata": "https://www.wikidata.org/wiki/Q78644404",
    "_source": {
     "source": "Wikidata",
     "url": "https://www.wikidata.org/wiki/Q78644404",
     "note": "harvested: painting by this creator with an image and a documented collection"
    },
    "creation_place": "Venice",
    "creation_lat": 45.4375,
    "creation_lon": 12.335833,
    "_overrides": {
     "creation": {
      "at": "2026-09-25",
      "source": "derived",
      "note": "creation place inferred from the painter's itinerary at this work's date (approximate)"
     }
    },
    "museum_id": "saint-louis-art-museum",
    "location_src": "Saint Louis Art Museum",
    "kind": "museum",
    "form": "painting"
   }
  },
  {
   "type": "Feature",
   "geometry": {
    "type": "Point",
    "coordinates": [
     -82.5598,
     27.38147
    ]
   },
   "properties": {
    "painter": "Titian",
    "title": "Portrait of a Cardinal",
    "year": "1547",
    "location": "John and Mable Ringling Museum of Art",
    "city": "Sarasota",
    "country": "United States",
    "attribution": "generally accepted",
    "image": "https://commons.wikimedia.org/wiki/Special:FilePath/Attributed%20to%20Titian%20%28Italian%2C%20c.%201488-1576%29%20-%20Portrait%20of%20a%20Cardinal%20-%20SN59%20-%20John%20and%20Mable%20Ringling%20Museum%20of%20Art.jpg?width=500",
    "qid": "Q79394822",
    "wikidata": "https://www.wikidata.org/wiki/Q79394822",
    "_source": {
     "source": "Wikidata",
     "url": "https://www.wikidata.org/wiki/Q79394822",
     "note": "harvested: painting by this creator with an image and a documented collection"
    },
    "creation_place": "Venice",
    "creation_lat": 45.4375,
    "creation_lon": 12.335833,
    "_overrides": {
     "creation": {
      "at": "2026-09-25",
      "source": "derived",
      "note": "creation place inferred from the painter's itinerary at this work's date (approximate)"
     }
    },
    "museum_id": "john-and-mable-ringling-museum-of-art",
    "location_src": "John and Mable Ringling Museum of Art",
    "kind": "museum",
    "form": "painting"
   }
  },
  {
   "type": "Feature",
   "geometry": {
    "type": "Point",
    "coordinates": [
     18.07806,
     59.32861
    ]
   },
   "properties": {
    "painter": "Titian",
    "title": "Maltese Dog",
    "year": "1570",
    "location": "Nationalmuseum",
    "city": "Stockholm",
    "country": "Sweden",
    "attribution": "generally accepted",
    "image": "https://commons.wikimedia.org/wiki/Special:FilePath/Tizian%2C%20italiensk%2C%20f%C3%B6dd%20ca%201488%20eller%20-%20Malteserhund%20-%20NM%204851%20-%20Nationalmuseum.jpg?width=500",
    "qid": "Q106364543",
    "wikidata": "https://www.wikidata.org/wiki/Q106364543",
    "_source": {
     "source": "Wikidata",
     "url": "https://www.wikidata.org/wiki/Q106364543",
     "note": "harvested: painting by this creator with an image and a documented collection"
    },
    "creation_place": "Venice",
    "creation_lat": 45.4375,
    "creation_lon": 12.335833,
    "_overrides": {
     "creation": {
      "at": "2026-09-25",
      "source": "derived",
      "note": "creation place inferred from the painter's itinerary at this work's date (approximate)"
     }
    },
    "museum_id": "nationalmuseum",
    "location_src": "Nationalmuseum",
    "kind": "museum",
    "form": "painting",
    "city_src": "Stockholm Municipality"
   }
  },
  {
   "type": "Feature",
   "geometry": {
    "type": "Point",
    "coordinates": [
     14.25053,
     40.86701
    ]
   },
   "properties": {
    "painter": "Titian",
    "title": "Portrait of Charles V",
    "year": "1549",
    "location": "Museo di Capodimonte",
    "city": "Naples",
    "country": "Italy",
    "attribution": "generally accepted",
    "image": "https://commons.wikimedia.org/wiki/Special:FilePath/Titian%20%E2%80%93%20Portrait%20of%20Charles%20V%20%E2%80%93%20Google%20Art%20Project.jpg?width=500",
    "qid": "Q106649932",
    "wikidata": "https://www.wikidata.org/wiki/Q106649932",
    "_source": {
     "source": "Wikidata",
     "url": "https://www.wikidata.org/wiki/Q106649932",
     "note": "harvested: painting by this creator with an image and a documented collection"
    },
    "creation_place": "Venice",
    "creation_lat": 45.4375,
    "creation_lon": 12.335833,
    "_overrides": {
     "creation": {
      "at": "2026-09-25",
      "source": "derived",
      "note": "creation place inferred from the painter's itinerary at this work's date (approximate)"
     }
    },
    "museum_id": "museo-di-capodimonte",
    "location_src": "Museo di Capodimonte",
    "kind": "museum",
    "form": "painting"
   }
  },
  {
   "type": "Feature",
   "geometry": {
    "type": "Point",
    "coordinates": [
     14.25053,
     40.86701
    ]
   },
   "properties": {
    "painter": "Titian",
    "title": "Portrait of Pope Paul III with Camauro",
    "year": "1545",
    "location": "Museo di Capodimonte",
    "city": "Naples",
    "country": "Italy",
    "attribution": "generally accepted",
    "image": "https://commons.wikimedia.org/wiki/Special:FilePath/Portrait%20of%20Pope%20Paul%20III%20with%20Camauro%20%28by%20Titian%29%20-%20National%20Museum%20of%20Capodimonte.jpg?width=500",
    "qid": "Q106684238",
    "wikidata": "https://www.wikidata.org/wiki/Q106684238",
    "_source": {
     "source": "Wikidata",
     "url": "https://www.wikidata.org/wiki/Q106684238",
     "note": "harvested: painting by this creator with an image and a documented collection"
    },
    "creation_place": "Venice",
    "creation_lat": 45.4375,
    "creation_lon": 12.335833,
    "_overrides": {
     "creation": {
      "at": "2026-09-25",
      "source": "derived",
      "note": "creation place inferred from the painter's itinerary at this work's date (approximate)"
     }
    },
    "museum_id": "museo-di-capodimonte",
    "location_src": "Museo di Capodimonte",
    "kind": "museum",
    "form": "painting"
   }
  },
  {
   "type": "Feature",
   "geometry": {
    "type": "Point",
    "coordinates": [
     -71.11472,
     42.37417
    ]
   },
   "properties": {
    "painter": "Titian",
    "title": "An Idyll:  A Mother and a Halberdier in a Wooded Landscape",
    "year": "1507",
    "location": "Harvard Art Museums",
    "city": "Cambridge",
    "country": "United States",
    "attribution": "generally accepted",
    "image": "https://commons.wikimedia.org/wiki/Special:FilePath/Titian%20-%20An%20Idyll%20%28Harvard%20Art%20Museums%29.jpg?width=500",
    "qid": "Q106881550",
    "wikidata": "https://www.wikidata.org/wiki/Q106881550",
    "_source": {
     "source": "Wikidata",
     "url": "https://www.wikidata.org/wiki/Q106881550",
     "note": "harvested: painting by this creator with an image and a documented collection"
    },
    "creation_place": "Venice",
    "creation_lat": 45.4375,
    "creation_lon": 12.335833,
    "_overrides": {
     "creation": {
      "at": "2026-09-25",
      "source": "derived",
      "note": "creation place inferred from the painter's itinerary at this work's date (approximate)"
     }
    },
    "museum_id": "harvard-art-museums",
    "location_src": "Harvard Art Museums",
    "kind": "museum",
    "form": "painting"
   }
  },
  {
   "type": "Feature",
   "geometry": {
    "type": "Point",
    "coordinates": [
     11.25528,
     43.76833
    ]
   },
   "properties": {
    "painter": "Titian",
    "title": "Saint Margaret and the Dragon",
    "year": "1570",
    "location": "Uffizi Gallery",
    "city": "Florence",
    "country": "Italy",
    "attribution": "generally accepted",
    "image": "https://commons.wikimedia.org/wiki/Special:FilePath/Tiziano%20Vecellio%20e%20bottega%20-%20Santa%20Margherita%20d%27Antiochia%20e%20il%20drago%20-%20928%20-%20Uffizi%20Gallery.jpg?width=500",
    "qid": "Q107436244",
    "wikidata": "https://www.wikidata.org/wiki/Q107436244",
    "_source": {
     "source": "Wikidata",
     "url": "https://www.wikidata.org/wiki/Q107436244",
     "note": "harvested: painting by this creator with an image and a documented collection"
    },
    "creation_place": "Venice",
    "creation_lat": 45.4375,
    "creation_lon": 12.335833,
    "_overrides": {
     "creation": {
      "at": "2026-09-25",
      "source": "derived",
      "note": "creation place inferred from the painter's itinerary at this work's date (approximate)"
     }
    },
    "museum_id": "uffizi-gallery",
    "location_src": "Uffizi Gallery",
    "kind": "museum",
    "form": "painting"
   }
  },
  {
   "type": "Feature",
   "geometry": {
    "type": "Point",
    "coordinates": [
     13.36472,
     52.50861
    ]
   },
   "properties": {
    "painter": "Titian",
    "title": "Portrait of the Venetian Admiral Giovanni Moro",
    "year": "1538",
    "location": "Gemäldegalerie Berlin",
    "city": "Berlin",
    "country": "Germany",
    "attribution": "generally accepted",
    "image": "https://commons.wikimedia.org/wiki/Special:FilePath/Zugeschrieben%2C%20Tizian%20%281488-90%20-%201576%29%20-%20Portrait%20of%20the%20Venetian%20Admiral%20Giovanni%20Moro%20-%20161%20-%20Gem%C3%A4ldegalerie.jpg?width=500",
    "qid": "Q107436869",
    "wikidata": "https://www.wikidata.org/wiki/Q107436869",
    "_source": {
     "source": "Wikidata",
     "url": "https://www.wikidata.org/wiki/Q107436869",
     "note": "harvested: painting by this creator with an image and a documented collection"
    },
    "creation_place": "Venice",
    "creation_lat": 45.4375,
    "creation_lon": 12.335833,
    "_overrides": {
     "creation": {
      "at": "2026-09-25",
      "source": "derived",
      "note": "creation place inferred from the painter's itinerary at this work's date (approximate)"
     }
    },
    "museum_id": "gemaldegalerie-berlin",
    "location_src": "Gemäldegalerie Berlin",
    "kind": "museum",
    "form": "painting",
    "city_src": "Bezirk Mitte"
   }
  },
  {
   "type": "Feature",
   "geometry": {
    "type": "Point",
    "coordinates": [
     12.32814,
     45.43108
    ]
   },
   "properties": {
    "painter": "Titian",
    "title": "Holy Family with Saints Catherine of Alexandria and John the Baptist",
    "year": "1525",
    "location": "Gallerie dell'Accademia",
    "city": "Venice",
    "country": "Italy",
    "attribution": "generally accepted",
    "image": "https://commons.wikimedia.org/wiki/Special:FilePath/%28Venice%29%20Madonna%20col%20Bambino%20e%20san%20Giuseppe%20tra%20i%20santi%20Giovanni%20Battista%20e%20Caterina%20d%27Alessandria.jpg?width=500",
    "qid": "Q109928591",
    "wikidata": "https://www.wikidata.org/wiki/Q109928591",
    "_source": {
     "source": "Wikidata",
     "url": "https://www.wikidata.org/wiki/Q109928591",
     "note": "harvested: painting by this creator with an image and a documented collection"
    },
    "creation_place": "Venice",
    "creation_lat": 45.4375,
    "creation_lon": 12.335833,
    "_overrides": {
     "creation": {
      "at": "2026-09-25",
      "source": "derived",
      "note": "creation place inferred from the painter's itinerary at this work's date (approximate)"
     }
    },
    "museum_id": "gallerie-dell-accademia",
    "location_src": "Gallerie dell'Accademia",
    "kind": "museum",
    "form": "painting"
   }
  },
  {
   "type": "Feature",
   "geometry": {
    "type": "Point",
    "coordinates": [
     2.3358,
     48.8611
    ]
   },
   "properties": {
    "painter": "Titian",
    "title": "Study for Allegory of Marriage",
    "year": "1530",
    "location": "Louvre",
    "city": "Paris",
    "country": "France",
    "attribution": "generally accepted",
    "image": "https://commons.wikimedia.org/wiki/Special:FilePath/Titien%20%28dit%20Tiziano%20ou%20Tiziano%20Vecellio%29%20%E2%80%93%20All%C3%A9gorie%20conjugale%2C%20dit%20%C3%A0%20tort%20All%C3%A9gorie%20d%27Alphonse%20d%27Avalos%20%28%C3%A9tude%29%20%E2%80%93%20D%C3%A9partement%20des%20Peintures%2C%20Louvre.jpeg?width=500",
    "qid": "Q115673771",
    "wikidata": "https://www.wikidata.org/wiki/Q115673771",
    "_source": {
     "source": "Wikidata",
     "url": "https://www.wikidata.org/wiki/Q115673771",
     "note": "harvested: painting by this creator with an image and a documented collection"
    },
    "creation_place": "Venice",
    "creation_lat": 45.4375,
    "creation_lon": 12.335833,
    "_overrides": {
     "creation": {
      "at": "2026-09-25",
      "source": "derived",
      "note": "creation place inferred from the painter's itinerary at this work's date (approximate)"
     }
    },
    "museum_id": "louvre",
    "location_src": "Louvre",
    "kind": "museum",
    "form": "painting"
   }
  },
  {
   "type": "Feature",
   "geometry": {
    "type": "Point",
    "coordinates": [
     5.04267,
     47.3216
    ]
   },
   "properties": {
    "painter": "Titian",
    "title": "Madonna and Child with Saint Agnes and Saint John the Baptist",
    "year": "1535",
    "location": "Musée des Beaux-Arts de Dijon",
    "city": "Dijon",
    "country": "France",
    "attribution": "generally accepted",
    "image": "https://commons.wikimedia.org/wiki/Special:FilePath/Le%20Titien%20-%20La%20Vierge%2C%20l%27Enfant%2C%20sainte%20Agn%C3%A8s%20et%20saint%20Jean%20Baptiste.jpg?width=500",
    "qid": "Q115676509",
    "wikidata": "https://www.wikidata.org/wiki/Q115676509",
    "_source": {
     "source": "Wikidata",
     "url": "https://www.wikidata.org/wiki/Q115676509",
     "note": "harvested: painting by this creator with an image and a documented collection"
    },
    "creation_place": "Venice",
    "creation_lat": 45.4375,
    "creation_lon": 12.335833,
    "_overrides": {
     "creation": {
      "at": "2026-09-25",
      "source": "derived",
      "note": "creation place inferred from the painter's itinerary at this work's date (approximate)"
     }
    },
    "museum_id": "musee-des-beaux-arts-de-dijon",
    "location_src": "Musée des Beaux-Arts de Dijon",
    "kind": "museum",
    "form": "painting"
   }
  },
  {
   "type": "Feature",
   "geometry": {
    "type": "Point",
    "coordinates": [
     6.02676,
     47.2359
    ]
   },
   "properties": {
    "painter": "Titian",
    "title": "Portrait of Nicolas Perrenot de Granvelle",
    "year": "1548",
    "location": "Time museum",
    "city": "Besançon",
    "country": "France",
    "attribution": "generally accepted",
    "image": "https://commons.wikimedia.org/wiki/Special:FilePath/Le%20Titien%20%28attribu%C3%A9%20%C3%A0%29%20%E2%80%93%20Portrait%20de%20Nicolas%20Perrenot%20de%20Granvelle%20%E2%80%93%20Mus%C3%A9e%20du%20Temps%2C%20Besan%C3%A7on.jpeg?width=500",
    "qid": "Q116774690",
    "wikidata": "https://www.wikidata.org/wiki/Q116774690",
    "_source": {
     "source": "Wikidata",
     "url": "https://www.wikidata.org/wiki/Q116774690",
     "note": "harvested: painting by this creator with an image and a documented collection"
    },
    "creation_place": "Venice",
    "creation_lat": 45.4375,
    "creation_lon": 12.335833,
    "_overrides": {
     "creation": {
      "at": "2026-09-25",
      "source": "derived",
      "note": "creation place inferred from the painter's itinerary at this work's date (approximate)"
     }
    },
    "museum_id": "time-museum",
    "location_src": "Time museum",
    "kind": "museum",
    "form": "painting"
   }
  },
  {
   "type": "Feature",
   "geometry": {
    "type": "Point",
    "coordinates": [
     -4.36626,
     55.81176
    ]
   },
   "properties": {
    "painter": "Titian",
    "title": "Head of a Man",
    "year": "1509",
    "location": "Glasgow Museums Resource Centre",
    "city": "Glasgow City",
    "country": "United Kingdom",
    "attribution": "generally accepted",
    "image": "https://commons.wikimedia.org/wiki/Special:FilePath/Tiziano%2C%20cristo%20e%20l%27adultera%2C%20glasgow%2C%20figura%20tagliata%20via.jpg?width=500",
    "qid": "Q118680483",
    "wikidata": "https://www.wikidata.org/wiki/Q118680483",
    "_source": {
     "source": "Wikidata",
     "url": "https://www.wikidata.org/wiki/Q118680483",
     "note": "harvested: painting by this creator with an image and a documented collection"
    },
    "creation_place": "Venice",
    "creation_lat": 45.4375,
    "creation_lon": 12.335833,
    "_overrides": {
     "creation": {
      "at": "2026-09-25",
      "source": "derived",
      "note": "creation place inferred from the painter's itinerary at this work's date (approximate)"
     }
    },
    "museum_id": "glasgow-museums-resource-centre",
    "location_src": "Glasgow Museums Resource Centre",
    "kind": "museum",
    "form": "painting",
    "venue_of": "Glasgow Museums"
   }
  },
  {
   "type": "Feature",
   "geometry": {
    "type": "Point",
    "coordinates": [
     -1.26056,
     51.75556
    ]
   },
   "properties": {
    "painter": "Titian",
    "title": "The Triumph of Love",
    "year": "1545",
    "location": "Ashmolean Museum",
    "city": "Oxford",
    "country": "United Kingdom",
    "attribution": "generally accepted",
    "image": "https://commons.wikimedia.org/wiki/Special:FilePath/Titian%20-%20The%20Triumph%20of%20Love%2C%20c.%201543%20-%201546.jpg?width=500",
    "qid": "Q118874839",
    "wikidata": "https://www.wikidata.org/wiki/Q118874839",
    "_source": {
     "source": "Wikidata",
     "url": "https://www.wikidata.org/wiki/Q118874839",
     "note": "harvested: painting by this creator with an image and a documented collection"
    },
    "creation_place": "Venice",
    "creation_lat": 45.4375,
    "creation_lon": 12.335833,
    "_overrides": {
     "creation": {
      "at": "2026-09-25",
      "source": "derived",
      "note": "creation place inferred from the painter's itinerary at this work's date (approximate)"
     }
    },
    "museum_id": "ashmolean-museum",
    "location_src": "Ashmolean Museum",
    "kind": "museum",
    "form": "painting"
   }
  },
  {
   "type": "Feature",
   "geometry": {
    "type": "Point",
    "coordinates": [
     -0.15167,
     51.50347
    ]
   },
   "properties": {
    "painter": "Titian",
    "title": "Portrait of an unknown lady, said to be Titian's mistress",
    "year": "1550",
    "location": "Apsley House",
    "city": "City of Westminster",
    "country": "United Kingdom",
    "attribution": "generally accepted",
    "image": "https://commons.wikimedia.org/wiki/Special:FilePath/Titian%20and%20workshop%20-%20Portrait%20of%20a%20lady%2C%20known%20as%20Titian%27s%20mistress%20-%20WM.1620-1948%20-%20Apsley%20House.jpg?width=500",
    "qid": "Q118874939",
    "wikidata": "https://www.wikidata.org/wiki/Q118874939",
    "_source": {
     "source": "Wikidata",
     "url": "https://www.wikidata.org/wiki/Q118874939",
     "note": "harvested: painting by this creator with an image and a documented collection"
    },
    "creation_place": "Venice",
    "creation_lat": 45.4375,
    "creation_lon": 12.335833,
    "_overrides": {
     "creation": {
      "at": "2026-09-25",
      "source": "derived",
      "note": "creation place inferred from the painter's itinerary at this work's date (approximate)"
     }
    },
    "museum_id": "apsley-house",
    "location_src": "Apsley House",
    "kind": "museum",
    "form": "painting"
   }
  },
  {
   "type": "Feature",
   "geometry": {
    "type": "Point",
    "coordinates": [
     -1.98591,
     52.58567
    ]
   },
   "properties": {
    "painter": "Titian",
    "title": "Angel",
    "year": "1547",
    "location": "The New Art Gallery Walsall",
    "city": "Walsall",
    "country": "United Kingdom",
    "attribution": "generally accepted",
    "image": "https://commons.wikimedia.org/wiki/Special:FilePath/Attributed%20to%20Titian%20%28c.1488%E2%80%931576%29%20-%20Angel%20%28Putto%29%20-%20GR.243%20-%20The%20New%20Art%20Gallery%20Walsall.jpg?width=500",
    "qid": "Q119455186",
    "wikidata": "https://www.wikidata.org/wiki/Q119455186",
    "_source": {
     "source": "Wikidata",
     "url": "https://www.wikidata.org/wiki/Q119455186",
     "note": "harvested: painting by this creator with an image and a documented collection"
    },
    "creation_place": "Venice",
    "creation_lat": 45.4375,
    "creation_lon": 12.335833,
    "_overrides": {
     "creation": {
      "at": "2026-09-25",
      "source": "derived",
      "note": "creation place inferred from the painter's itinerary at this work's date (approximate)"
     }
    },
    "museum_id": "the-new-art-gallery-walsall",
    "location_src": "The New Art Gallery Walsall",
    "kind": "museum",
    "form": "painting"
   }
  },
  {
   "type": "Feature",
   "geometry": {
    "type": "Point",
    "coordinates": [
     4.40944,
     51.21722
    ]
   },
   "properties": {
    "painter": "Titian",
    "title": "Portrait of a Venetian admiral, probably Francesco Duodo",
    "year": "1572",
    "location": "Rubenshuis",
    "city": "Antwerp",
    "country": "Belgium",
    "attribution": "generally accepted",
    "image": "https://commons.wikimedia.org/wiki/Special:FilePath/Titiaan%20-%20Portret%20van%20een%20Venetiaanse%20admiraal%2C%20vermoedelijk%20Francesco%20Duodo%20-%20RH.LBI.2020.002%20-%20Rubenshuis.jpg?width=500",
    "qid": "Q120199477",
    "wikidata": "https://www.wikidata.org/wiki/Q120199477",
    "_source": {
     "source": "Wikidata",
     "url": "https://www.wikidata.org/wiki/Q120199477",
     "note": "harvested: painting by this creator with an image and a documented collection"
    },
    "creation_place": "Venice",
    "creation_lat": 45.4375,
    "creation_lon": 12.335833,
    "_overrides": {
     "creation": {
      "at": "2026-09-25",
      "source": "derived",
      "note": "creation place inferred from the painter's itinerary at this work's date (approximate)"
     }
    },
    "museum_id": "rubenshuis",
    "location_src": "Rubenshuis",
    "kind": "museum",
    "form": "painting"
   }
  },
  {
   "type": "Feature",
   "geometry": {
    "type": "Point",
    "coordinates": [
     -83.06472,
     42.35944
    ]
   },
   "properties": {
    "painter": "Titian",
    "title": "Detroit Trio",
    "year": "1510",
    "location": "Detroit Institute of Arts",
    "city": "Detroit",
    "country": "United States",
    "attribution": "generally accepted",
    "image": "https://commons.wikimedia.org/wiki/Special:FilePath/Titian%20-%20The%20Appeal%20-%2026.107%20-%20Detroit%20Institute%20of%20Arts.jpg?width=500",
    "qid": "Q3998923",
    "wikidata": "https://www.wikidata.org/wiki/Q3998923",
    "_source": {
     "source": "Wikidata",
     "url": "https://www.wikidata.org/wiki/Q3998923",
     "note": "harvested: painting by this creator with an image and a documented collection"
    },
    "creation_place": "Venice",
    "creation_lat": 45.4375,
    "creation_lon": 12.335833,
    "_overrides": {
     "creation": {
      "at": "2026-09-25",
      "source": "derived",
      "note": "creation place inferred from the painter's itinerary at this work's date (approximate)"
     }
    },
    "museum_id": "detroit-institute-of-arts",
    "location_src": "Detroit Institute of Arts",
    "kind": "museum",
    "form": "painting"
   }
  },
  {
   "type": "Feature",
   "geometry": {
    "type": "Point",
    "coordinates": [
     -0.15302,
     51.51745
    ]
   },
   "properties": {
    "painter": "Titian",
    "title": "Venus and Cupid",
    "year": "1510",
    "location": "Wallace Collection",
    "city": "City of Westminster",
    "country": "United Kingdom",
    "attribution": "generally accepted",
    "image": "https://commons.wikimedia.org/wiki/Special:FilePath/Ascribed%20to%20Titian%20-%20Venus%20and%20Cupid%2C%20c.1510%20-%20c.1515.jpg?width=500",
    "qid": "Q4009577",
    "wikidata": "https://www.wikidata.org/wiki/Q4009577",
    "_source": {
     "source": "Wikidata",
     "url": "https://www.wikidata.org/wiki/Q4009577",
     "note": "harvested: painting by this creator with an image and a documented collection"
    },
    "creation_place": "Venice",
    "creation_lat": 45.4375,
    "creation_lon": 12.335833,
    "_overrides": {
     "creation": {
      "at": "2026-09-25",
      "source": "derived",
      "note": "creation place inferred from the painter's itinerary at this work's date (approximate)"
     }
    },
    "museum_id": "wallace-collection",
    "location_src": "Wallace Collection",
    "kind": "museum",
    "form": "painting"
   }
  },
  {
   "type": "Feature",
   "geometry": {
    "type": "Point",
    "coordinates": [
     2.3358,
     48.8611
    ]
   },
   "properties": {
    "painter": "Titian",
    "title": "St. Jerome in Penitence",
    "year": "1531",
    "location": "Louvre",
    "city": "Paris",
    "country": "France",
    "attribution": "generally accepted",
    "image": "https://commons.wikimedia.org/wiki/Special:FilePath/Tiziano%2C%20san%20girolamo%20penitente.jpg?width=500",
    "qid": "Q3947319",
    "wikidata": "https://www.wikidata.org/wiki/Q3947319",
    "_source": {
     "source": "Wikidata",
     "url": "https://www.wikidata.org/wiki/Q3947319",
     "note": "harvested: painting by this creator with an image and a documented collection"
    },
    "creation_place": "Venice",
    "creation_lat": 45.4375,
    "creation_lon": 12.335833,
    "_overrides": {
     "creation": {
      "at": "2026-09-25",
      "source": "derived",
      "note": "creation place inferred from the painter's itinerary at this work's date (approximate)"
     }
    },
    "museum_id": "louvre",
    "location_src": "Louvre",
    "kind": "museum",
    "form": "painting"
   }
  },
  {
   "type": "Feature",
   "geometry": {
    "type": "Point",
    "coordinates": [
     11.88001,
     45.41096
    ]
   },
   "properties": {
    "painter": "Titian",
    "title": "The Legend of Polydoros",
    "year": "1506",
    "location": "Civic Museums of Padua",
    "city": "Padua",
    "country": "Italy",
    "attribution": "generally accepted",
    "image": "https://commons.wikimedia.org/wiki/Special:FilePath/Titian%20-%20The%20Legend%20of%20Polydorus%20-%201505-1510.jpg?width=500",
    "qid": "Q3954943",
    "wikidata": "https://www.wikidata.org/wiki/Q3954943",
    "_source": {
     "source": "Wikidata",
     "url": "https://www.wikidata.org/wiki/Q3954943",
     "note": "harvested: painting by this creator with an image and a documented collection"
    },
    "creation_place": "Venice",
    "creation_lat": 45.4375,
    "creation_lon": 12.335833,
    "_overrides": {
     "creation": {
      "at": "2026-09-25",
      "source": "derived",
      "note": "creation place inferred from the painter's itinerary at this work's date (approximate)"
     }
    },
    "museum_id": "civic-museums-of-padua",
    "location_src": "Civic Museums of Padua",
    "kind": "museum",
    "form": "painting"
   }
  },
  {
   "type": "Feature",
   "geometry": {
    "type": "Point",
    "coordinates": [
     12.54308,
     38.01922
    ]
   },
   "properties": {
    "painter": "Titian",
    "title": "Saint Francis Receiving the Stigmata",
    "year": "1525",
    "location": "Museo Agostino Pepoli",
    "city": "Trapani",
    "country": "Italy",
    "attribution": "generally accepted",
    "image": "https://commons.wikimedia.org/wiki/Special:FilePath/Tiziano%2C%20stimmate%20di%20san%20francesco%2C%20trapani.jpg?width=500",
    "qid": "Q3973584",
    "wikidata": "https://www.wikidata.org/wiki/Q3973584",
    "_source": {
     "source": "Wikidata",
     "url": "https://www.wikidata.org/wiki/Q3973584",
     "note": "harvested: painting by this creator with an image and a documented collection"
    },
    "creation_place": "Venice",
    "creation_lat": 45.4375,
    "creation_lon": 12.335833,
    "_overrides": {
     "creation": {
      "at": "2026-09-25",
      "source": "derived",
      "note": "creation place inferred from the painter's itinerary at this work's date (approximate)"
     }
    },
    "museum_id": "museo-agostino-pepoli",
    "location_src": "Museo Agostino Pepoli",
    "kind": "museum",
    "form": "painting"
   }
  },
  {
   "type": "Feature",
   "geometry": {
    "type": "Point",
    "coordinates": [
     16.3616,
     48.20388
    ]
   },
   "properties": {
    "painter": "Titian",
    "title": "Young Woman in a Black Dress",
    "year": "1520",
    "location": "Kunsthistorisches Museum",
    "city": "Vienna",
    "country": "Austria",
    "attribution": "generally accepted",
    "image": "https://commons.wikimedia.org/wiki/Special:FilePath/Tiziano%20-%20Giovane%20donna%20con%20veste%20nera%20%28c.%201520%29.jpg?width=500",
    "qid": "Q3766166",
    "wikidata": "https://www.wikidata.org/wiki/Q3766166",
    "_source": {
     "source": "Wikidata",
     "url": "https://www.wikidata.org/wiki/Q3766166",
     "note": "harvested: painting by this creator with an image and a documented collection"
    },
    "creation_place": "Venice",
    "creation_lat": 45.4375,
    "creation_lon": 12.335833,
    "_overrides": {
     "creation": {
      "at": "2026-09-25",
      "source": "derived",
      "note": "creation place inferred from the painter's itinerary at this work's date (approximate)"
     }
    },
    "museum_id": "kunsthistorisches-museum",
    "location_src": "Kunsthistorisches Museum",
    "kind": "museum",
    "form": "painting"
   }
  },
  {
   "type": "Feature",
   "geometry": {
    "type": "Point",
    "coordinates": [
     12.33389,
     45.44056
    ]
   },
   "properties": {
    "painter": "Titian",
    "title": "Justice",
    "year": "1508",
    "location": "Ca' d'Oro",
    "city": "Venice",
    "country": "Italy",
    "attribution": "generally accepted",
    "image": "https://commons.wikimedia.org/wiki/Special:FilePath/Tiziano%2C%20giustizia.jpg?width=500",
    "qid": "Q3771746",
    "wikidata": "https://www.wikidata.org/wiki/Q3771746",
    "_source": {
     "source": "Wikidata",
     "url": "https://www.wikidata.org/wiki/Q3771746",
     "note": "harvested: painting by this creator with an image and a documented collection"
    },
    "creation_place": "Venice",
    "creation_lat": 45.4375,
    "creation_lon": 12.335833,
    "_overrides": {
     "creation": {
      "at": "2026-09-25",
      "source": "derived",
      "note": "creation place inferred from the painter's itinerary at this work's date (approximate)"
     }
    },
    "museum_id": "ca-d-oro",
    "location_src": "Ca' d'Oro",
    "kind": "museum",
    "form": "painting"
   }
  },
  {
   "type": "Feature",
   "geometry": {
    "type": "Point",
    "coordinates": [
     4.39435,
     51.20882
    ]
   },
   "properties": {
    "painter": "Titian",
    "title": "Jacopo Pesaro, Bishop of Paphos, being presented by Pope Alexander VI to Saint Peter",
    "year": "1504",
    "location": "Royal Museum of Fine Arts Antwerp",
    "city": "Antwerp",
    "country": "Belgium",
    "attribution": "generally accepted",
    "image": "https://commons.wikimedia.org/wiki/Special:FilePath/Jacopo%20Pesaro%2C%20bisschop%20van%20Paphos%2C%20door%20paus%20Alexander%20VI%20Borgia%20voorgesteld%20aan%20de%20heilige%20Petrus%2C%20Titiaan%2C%20%281503-1510%29%2C%20Koninklijk%20Museum%20voor%20Schone%20Kunsten%20Antwerpen%2C%20357.jpg?width=500",
    "qid": "Q3805922",
    "wikidata": "https://www.wikidata.org/wiki/Q3805922",
    "_source": {
     "source": "Wikidata",
     "url": "https://www.wikidata.org/wiki/Q3805922",
     "note": "harvested: painting by this creator with an image and a documented collection"
    },
    "museum_id": "royal-museum-of-fine-arts-antwerp",
    "location_src": "Royal Museum of Fine Arts Antwerp",
    "kind": "museum",
    "form": "painting"
   }
  },
  {
   "type": "Feature",
   "geometry": {
    "type": "Point",
    "coordinates": [
     9.6758,
     45.7042
    ]
   },
   "properties": {
    "painter": "Titian",
    "title": "Lochis Madonna",
    "year": "1507",
    "location": "Accademia Carrara",
    "city": "Bergamo",
    "country": "Italy",
    "attribution": "generally accepted",
    "image": "https://commons.wikimedia.org/wiki/Special:FilePath/Vecellio%20Tiziano%20detto%20Tiziano%20%281489%20ca.%20-%201576%29%20-%20Madonna%20col%20Bambino%20in%20un%20paesaggio%20%28Madonna%20Lochis%29%20-%2081LC00232%20-%20Accademia%20Carrara.jpg?width=500",
    "qid": "Q3842413",
    "wikidata": "https://www.wikidata.org/wiki/Q3842413",
    "_source": {
     "source": "Wikidata",
     "url": "https://www.wikidata.org/wiki/Q3842413",
     "note": "harvested: painting by this creator with an image and a documented collection"
    },
    "creation_place": "Venice",
    "creation_lat": 45.4375,
    "creation_lon": 12.335833,
    "_overrides": {
     "creation": {
      "at": "2026-09-25",
      "source": "derived",
      "note": "creation place inferred from the painter's itinerary at this work's date (approximate)"
     }
    },
    "museum_id": "accademia-carrara",
    "location_src": "Accademia Carrara",
    "kind": "museum",
    "form": "painting"
   }
  },
  {
   "type": "Feature",
   "geometry": {
    "type": "Point",
    "coordinates": [
     11.57178,
     48.14958
    ]
   },
   "properties": {
    "painter": "Titian",
    "title": "Madonna and Child with St. John and a praying Donor",
    "year": "1516",
    "location": "Bavarian State Painting Collections",
    "city": "Munich",
    "country": "Germany",
    "attribution": "generally accepted",
    "image": "https://commons.wikimedia.org/wiki/Special:FilePath/Tiziano%20Vecellio%2C%20gen.%20Tizian%20%28und%20Werkstatt%29%20-%20Maria%20mit%20Kind%2C%20Johannes%20dem%20T%C3%A4ufer%20und%20einem%20Stifter%20-%20977%20-%20Bavarian%20State%20Painting%20Collections.jpg?width=500",
    "qid": "Q3842433",
    "wikidata": "https://www.wikidata.org/wiki/Q3842433",
    "_source": {
     "source": "Wikidata",
     "url": "https://www.wikidata.org/wiki/Q3842433",
     "note": "harvested: painting by this creator with an image and a documented collection"
    },
    "creation_place": "Venice",
    "creation_lat": 45.4375,
    "creation_lon": 12.335833,
    "_overrides": {
     "creation": {
      "at": "2026-09-25",
      "source": "derived",
      "note": "creation place inferred from the painter's itinerary at this work's date (approximate)"
     }
    },
    "museum_id": "bavarian-state-painting-collections",
    "location_src": "Bavarian State Painting Collections",
    "kind": "museum",
    "form": "painting"
   }
  },
  {
   "type": "Feature",
   "geometry": {
    "type": "Point",
    "coordinates": [
     12.34042,
     45.43367
    ]
   },
   "properties": {
    "painter": "Titian",
    "title": "Madonna and Child with two angels",
    "year": "1519",
    "location": "Doge's Palace",
    "city": "Venice",
    "country": "Italy",
    "attribution": "generally accepted",
    "image": "https://commons.wikimedia.org/wiki/Special:FilePath/Tiziano%20Vecellio%20%E2%80%93%20Virgin%20and%20Child%20with%20two%20Angels%20%E2%80%93%20Google%20Art%20Project.jpg?width=500",
    "qid": "Q3842506",
    "wikidata": "https://www.wikidata.org/wiki/Q3842506",
    "_source": {
     "source": "Wikidata",
     "url": "https://www.wikidata.org/wiki/Q3842506",
     "note": "harvested: painting by this creator with an image and a documented collection"
    },
    "creation_place": "Venice",
    "creation_lat": 45.4375,
    "creation_lon": 12.335833,
    "_overrides": {
     "creation": {
      "at": "2026-09-25",
      "source": "derived",
      "note": "creation place inferred from the painter's itinerary at this work's date (approximate)"
     }
    },
    "museum_id": "doge-s-palace",
    "location_src": "Doge's Palace",
    "kind": "museum",
    "form": "painting"
   }
  },
  {
   "type": "Feature",
   "geometry": {
    "type": "Point",
    "coordinates": [
     13.7369,
     51.0528
    ]
   },
   "properties": {
    "painter": "Titian",
    "title": "Madonna and Child with Four Saints",
    "year": "1518",
    "location": "Gemäldegalerie Alte Meister",
    "city": "Dresden",
    "country": "Germany",
    "attribution": "generally accepted",
    "image": "https://commons.wikimedia.org/wiki/Special:FilePath/Tizian%20%28um%201488-90-1576%29%20-%20Maria%20mit%20dem%20Kind%20und%20vier%20Heiligen%20-%20Gal.-Nr.%20168%20-%20Staatliche%20Kunstsammlungen%20Dresden.jpg?width=500",
    "qid": "Q3842565",
    "wikidata": "https://www.wikidata.org/wiki/Q3842565",
    "_source": {
     "source": "Wikidata",
     "url": "https://www.wikidata.org/wiki/Q3842565",
     "note": "harvested: painting by this creator with an image and a documented collection"
    },
    "creation_place": "Venice",
    "creation_lat": 45.4375,
    "creation_lon": 12.335833,
    "_overrides": {
     "creation": {
      "at": "2026-09-25",
      "source": "derived",
      "note": "creation place inferred from the painter's itinerary at this work's date (approximate)"
     }
    },
    "museum_id": "gemaldegalerie-alte-meister",
    "location_src": "Gemäldegalerie Alte Meister",
    "kind": "museum",
    "form": "painting"
   }
  },
  {
   "type": "Feature",
   "geometry": {
    "type": "Point",
    "coordinates": [
     12.290824,
     45.999781
    ]
   },
   "properties": {
    "painter": "Titian",
    "title": "Serravalle Altarpiece",
    "year": "1543",
    "location": "Church of the Nativity of the Holy Virgin Mary",
    "city": "Vittorio Veneto",
    "country": "Italy",
    "attribution": "generally accepted",
    "image": "https://commons.wikimedia.org/wiki/Special:FilePath/Tiziano%20Vecellio%20-%20Pala%20di%20Serravalle%20%281542-47%29.jpg?width=500",
    "qid": "Q3842591",
    "wikidata": "https://www.wikidata.org/wiki/Q3842591",
    "_source": {
     "source": "Wikidata",
     "url": "https://www.wikidata.org/wiki/Q3842591",
     "note": "harvested: painting by this creator with an image and a documented collection"
    },
    "creation_place": "Venice",
    "creation_lat": 45.4375,
    "creation_lon": 12.335833,
    "_overrides": {
     "creation": {
      "at": "2026-09-25",
      "source": "derived",
      "note": "creation place inferred from the painter's itinerary at this work's date (approximate)"
     }
    },
    "museum_id": "church-of-the-nativity-of-the-holy-virgin-mary",
    "location_src": "Church of the Nativity of the Holy Virgin Mary",
    "kind": "church",
    "form": "painting"
   }
  },
  {
   "type": "Feature",
   "geometry": {
    "type": "Point",
    "coordinates": [
     11.25528,
     43.76833
    ]
   },
   "properties": {
    "painter": "Titian",
    "title": "Madonna of the Roses",
    "year": "1530",
    "location": "Uffizi Gallery",
    "city": "Florence",
    "country": "Italy",
    "attribution": "generally accepted",
    "image": "https://commons.wikimedia.org/wiki/Special:FilePath/Vecellio%2C%20Tiziano%20-%20Madonna%20delle%20Rose%20-%20952%20-%20Uffizi%20Gallery.jpg?width=500",
    "qid": "Q3842700",
    "wikidata": "https://www.wikidata.org/wiki/Q3842700",
    "_source": {
     "source": "Wikidata",
     "url": "https://www.wikidata.org/wiki/Q3842700",
     "note": "harvested: painting by this creator with an image and a documented collection"
    },
    "creation_place": "Venice",
    "creation_lat": 45.4375,
    "creation_lon": 12.335833,
    "_overrides": {
     "creation": {
      "at": "2026-09-25",
      "source": "derived",
      "note": "creation place inferred from the painter's itinerary at this work's date (approximate)"
     }
    },
    "museum_id": "uffizi-gallery",
    "location_src": "Uffizi Gallery",
    "kind": "museum",
    "form": "painting"
   }
  },
  {
   "type": "Feature",
   "geometry": {
    "type": "Point",
    "coordinates": [
     -4.36626,
     55.81176
    ]
   },
   "properties": {
    "painter": "Titian",
    "title": "Madonna and Child with Saint Jerome and Saint Dorothy",
    "year": "1518",
    "location": "Glasgow Museums Resource Centre",
    "city": "Glasgow City",
    "country": "United Kingdom",
    "attribution": "generally accepted",
    "image": "https://commons.wikimedia.org/wiki/Special:FilePath/Attributed%20to%20Titian%20%28c.1488%E2%80%931576%29%20-%20Virgin%20and%20Child%20with%20Saints%20Dorothy%20and%20Jerome%20-%20192%20-%20Glasgow%20Museums%20Resource%20Centre.jpg?width=500",
    "qid": "Q3842770",
    "wikidata": "https://www.wikidata.org/wiki/Q3842770",
    "_source": {
     "source": "Wikidata",
     "url": "https://www.wikidata.org/wiki/Q3842770",
     "note": "harvested: painting by this creator with an image and a documented collection"
    },
    "creation_place": "Venice",
    "creation_lat": 45.4375,
    "creation_lon": 12.335833,
    "_overrides": {
     "creation": {
      "at": "2026-09-25",
      "source": "derived",
      "note": "creation place inferred from the painter's itinerary at this work's date (approximate)"
     }
    },
    "museum_id": "glasgow-museums-resource-centre",
    "location_src": "Glasgow Museums Resource Centre",
    "kind": "museum",
    "form": "painting",
    "venue_of": "Glasgow Museums"
   }
  },
  {
   "type": "Feature",
   "geometry": {
    "type": "Point",
    "coordinates": [
     12.342397222,
     45.439216666
    ]
   },
   "properties": {
    "painter": "Titian",
    "title": "The Assassination of Saint Peter Martyr",
    "year": "1528",
    "location": "Santi Giovanni e Paolo",
    "city": "Venice",
    "country": "Italy",
    "attribution": "generally accepted",
    "image": "https://commons.wikimedia.org/wiki/Special:FilePath/Dood%20van%20Petrus%20de%20Martelaar%2C%20RP-P-H-D-57.jpg?width=500",
    "qid": "Q3850314",
    "wikidata": "https://www.wikidata.org/wiki/Q3850314",
    "_source": {
     "source": "Wikidata",
     "url": "https://www.wikidata.org/wiki/Q3850314",
     "note": "harvested: painting by this creator with an image and a documented collection"
    },
    "creation_place": "Venice",
    "creation_lat": 45.4375,
    "creation_lon": 12.335833,
    "_overrides": {
     "creation": {
      "at": "2026-09-25",
      "source": "derived",
      "note": "creation place inferred from the painter's itinerary at this work's date (approximate)"
     }
    },
    "museum_id": "santi-giovanni-e-paolo",
    "location_src": "Santi Giovanni e Paolo",
    "kind": "church",
    "form": "painting"
   }
  },
  {
   "type": "Feature",
   "geometry": {
    "type": "Point",
    "coordinates": [
     11.88014,
     45.40099
    ]
   },
   "properties": {
    "painter": "Titian",
    "title": "The Miracle of the Newborn Child",
    "year": "1511",
    "location": "Scuola del Santo",
    "city": "Padua",
    "country": "Italy",
    "attribution": "generally accepted",
    "image": "https://commons.wikimedia.org/wiki/Special:FilePath/Tizian%20-%20Wunder%20des%20sprechenden%20Neugeborenen%20-%201511.jpg?width=500",
    "qid": "Q3858712",
    "wikidata": "https://www.wikidata.org/wiki/Q3858712",
    "_source": {
     "source": "Wikidata",
     "url": "https://www.wikidata.org/wiki/Q3858712",
     "note": "harvested: painting by this creator with an image and a documented collection"
    },
    "creation_place": "Venice",
    "creation_lat": 45.4375,
    "creation_lon": 12.335833,
    "_overrides": {
     "creation": {
      "at": "2026-09-25",
      "source": "derived",
      "note": "creation place inferred from the painter's itinerary at this work's date (approximate)"
     }
    },
    "museum_id": "scuola-del-santo",
    "location_src": "Scuola del Santo",
    "kind": "museum",
    "form": "painting"
   }
  },
  {
   "type": "Feature",
   "geometry": {
    "type": "Point",
    "coordinates": [
     11.88014,
     45.40099
    ]
   },
   "properties": {
    "painter": "Titian",
    "title": "Miracle of the healed foot",
    "year": "1511",
    "location": "Scuola del Santo",
    "city": "Padua",
    "country": "Italy",
    "attribution": "generally accepted",
    "image": "https://commons.wikimedia.org/wiki/Special:FilePath/Tiziano%2C%20The%20Healing%20of%20the%20Wrathful%20Son.jpg?width=500",
    "qid": "Q3858715",
    "wikidata": "https://www.wikidata.org/wiki/Q3858715",
    "_source": {
     "source": "Wikidata",
     "url": "https://www.wikidata.org/wiki/Q3858715",
     "note": "harvested: painting by this creator with an image and a documented collection"
    },
    "creation_place": "Venice",
    "creation_lat": 45.4375,
    "creation_lon": 12.335833,
    "_overrides": {
     "creation": {
      "at": "2026-09-25",
      "source": "derived",
      "note": "creation place inferred from the painter's itinerary at this work's date (approximate)"
     }
    },
    "museum_id": "scuola-del-santo",
    "location_src": "Scuola del Santo",
    "kind": "museum",
    "form": "painting"
   }
  },
  {
   "type": "Feature",
   "geometry": {
    "type": "Point",
    "coordinates": [
     11.88001,
     45.41096
    ]
   },
   "properties": {
    "painter": "Titian",
    "title": "The Birth of Adonis",
    "year": "1506",
    "location": "Civic Museums of Padua",
    "city": "Padua",
    "country": "Italy",
    "attribution": "generally accepted",
    "image": "https://commons.wikimedia.org/wiki/Special:FilePath/Tiziano%2C%20nascita%20di%20adone%2001.jpg?width=500",
    "qid": "Q3870475",
    "wikidata": "https://www.wikidata.org/wiki/Q3870475",
    "_source": {
     "source": "Wikidata",
     "url": "https://www.wikidata.org/wiki/Q3870475",
     "note": "harvested: painting by this creator with an image and a documented collection"
    },
    "creation_place": "Venice",
    "creation_lat": 45.4375,
    "creation_lon": 12.335833,
    "_overrides": {
     "creation": {
      "at": "2026-09-25",
      "source": "derived",
      "note": "creation place inferred from the painter's itinerary at this work's date (approximate)"
     }
    },
    "museum_id": "civic-museums-of-padua",
    "location_src": "Civic Museums of Padua",
    "kind": "museum",
    "form": "painting"
   }
  },
  {
   "type": "Feature",
   "geometry": {
    "type": "Point",
    "coordinates": [
     9.6758,
     45.7042
    ]
   },
   "properties": {
    "painter": "Titian",
    "title": "Orpheus and Eurydice",
    "year": "1509",
    "location": "Accademia Carrara",
    "city": "Bergamo",
    "country": "Italy",
    "attribution": "generally accepted",
    "image": "https://commons.wikimedia.org/wiki/Special:FilePath/Vecellio%20Tiziano%20detto%20Tiziano%20%281489%20ca.%20-%201576%29%20-%20Orfeo%20ed%20Euridice%20-%2081LC00179%20-%20Accademia%20Carrara.jpg?width=500",
    "qid": "Q3885620",
    "wikidata": "https://www.wikidata.org/wiki/Q3885620",
    "_source": {
     "source": "Wikidata",
     "url": "https://www.wikidata.org/wiki/Q3885620",
     "note": "harvested: painting by this creator with an image and a documented collection"
    },
    "creation_place": "Venice",
    "creation_lat": 45.4375,
    "creation_lon": 12.335833,
    "_overrides": {
     "creation": {
      "at": "2026-09-25",
      "source": "derived",
      "note": "creation place inferred from the painter's itinerary at this work's date (approximate)"
     }
    },
    "museum_id": "accademia-carrara",
    "location_src": "Accademia Carrara",
    "kind": "museum",
    "form": "painting"
   }
  },
  {
   "type": "Feature",
   "geometry": {
    "type": "Point",
    "coordinates": [
     -75.17281,
     39.96064
    ]
   },
   "properties": {
    "painter": "Titian",
    "title": "Endymion and his Flock",
    "year": "1505",
    "location": "Barnes Foundation",
    "city": "Philadelphia",
    "country": "United States",
    "attribution": "generally accepted",
    "image": "https://commons.wikimedia.org/wiki/Special:FilePath/Titian%20%28Tiziano%20Vecellio%29%20-%20Sleeping%20Shepherd%20-%20BF977%20-%20Barnes%20Foundation.jpg?width=500",
    "qid": "Q3903609",
    "wikidata": "https://www.wikidata.org/wiki/Q3903609",
    "_source": {
     "source": "Wikidata",
     "url": "https://www.wikidata.org/wiki/Q3903609",
     "note": "harvested: painting by this creator with an image and a documented collection"
    },
    "museum_id": "barnes-foundation",
    "location_src": "Barnes Foundation",
    "kind": "museum",
    "form": "painting"
   }
  },
  {
   "type": "Feature",
   "geometry": {
    "type": "Point",
    "coordinates": [
     -0.1283,
     51.5089
    ]
   },
   "properties": {
    "painter": "Titian",
    "title": "Rest on the Flight into Egypt",
    "year": "1512",
    "location": "National Gallery",
    "city": "London",
    "country": "United Kingdom",
    "attribution": "generally accepted",
    "image": "https://commons.wikimedia.org/wiki/Special:FilePath/The%20Rest%20on%20the%20Flight%20into%20Egypt%20%28by%20Titian%29%20%E2%80%93%20National%20Gallery.jpg?width=500",
    "qid": "Q3936368",
    "wikidata": "https://www.wikidata.org/wiki/Q3936368",
    "_source": {
     "source": "Wikidata",
     "url": "https://www.wikidata.org/wiki/Q3936368",
     "note": "harvested: painting by this creator with an image and a documented collection"
    },
    "creation_place": "Venice",
    "creation_lat": 45.4375,
    "creation_lon": 12.335833,
    "_overrides": {
     "creation": {
      "at": "2026-09-25",
      "source": "derived",
      "note": "creation place inferred from the painter's itinerary at this work's date (approximate)"
     }
    },
    "museum_id": "national-gallery",
    "location_src": "National Gallery",
    "kind": "museum",
    "form": "painting"
   }
  },
  {
   "type": "Feature",
   "geometry": {
    "type": "Point",
    "coordinates": [
     12.57861,
     55.68889
    ]
   },
   "properties": {
    "painter": "Titian",
    "title": "Portrait of the Venetian Painter Giovanni Bellini (?)",
    "year": "1511",
    "location": "Statens Museum for Kunst",
    "city": "Copenhagen",
    "country": "Denmark",
    "attribution": "generally accepted",
    "image": "https://commons.wikimedia.org/wiki/Special:FilePath/Portr%C3%A6t%20af%20den%20venezianske%20maler%20Giovanni%20Bellini.jpg?width=500",
    "qid": "Q3937402",
    "wikidata": "https://www.wikidata.org/wiki/Q3937402",
    "_source": {
     "source": "Wikidata",
     "url": "https://www.wikidata.org/wiki/Q3937402",
     "note": "harvested: painting by this creator with an image and a documented collection"
    },
    "creation_place": "Venice",
    "creation_lat": 45.4375,
    "creation_lon": 12.335833,
    "_overrides": {
     "creation": {
      "at": "2026-09-25",
      "source": "derived",
      "note": "creation place inferred from the painter's itinerary at this work's date (approximate)"
     }
    },
    "museum_id": "statens-museum-for-kunst",
    "location_src": "Statens Museum for Kunst",
    "kind": "museum",
    "form": "painting",
    "city_src": "Copenhagen Municipality"
   }
  },
  {
   "type": "Feature",
   "geometry": {
    "type": "Point",
    "coordinates": [
     2.3358,
     48.8611
    ]
   },
   "properties": {
    "painter": "Titian",
    "title": "Portrait of a Man, Hand on His Belt",
    "year": "1524",
    "location": "Louvre",
    "city": "Paris",
    "country": "France",
    "attribution": "generally accepted",
    "image": "https://commons.wikimedia.org/wiki/Special:FilePath/Titien%20-%20Portrait%20d%27homme%2C%20INV756.jpg?width=500",
    "qid": "Q3937403",
    "wikidata": "https://www.wikidata.org/wiki/Q3937403",
    "_source": {
     "source": "Wikidata",
     "url": "https://www.wikidata.org/wiki/Q3937403",
     "note": "harvested: painting by this creator with an image and a documented collection"
    },
    "creation_place": "Venice",
    "creation_lat": 45.4375,
    "creation_lon": 12.335833,
    "_overrides": {
     "creation": {
      "at": "2026-09-25",
      "source": "derived",
      "note": "creation place inferred from the painter's itinerary at this work's date (approximate)"
     }
    },
    "museum_id": "louvre",
    "location_src": "Louvre",
    "kind": "museum",
    "form": "painting"
   }
  },
  {
   "type": "Feature",
   "geometry": {
    "type": "Point",
    "coordinates": [
     11.25528,
     43.76833
    ]
   },
   "properties": {
    "painter": "Titian",
    "title": "Portrait of a Sick Man",
    "year": "1514",
    "location": "Uffizi Gallery",
    "city": "Florence",
    "country": "Italy",
    "attribution": "generally accepted",
    "image": "https://commons.wikimedia.org/wiki/Special:FilePath/Titian%20-%20The%20Sick%20Man%20-%20WGA22934.jpg?width=500",
    "qid": "Q3937418",
    "wikidata": "https://www.wikidata.org/wiki/Q3937418",
    "_source": {
     "source": "Wikidata",
     "url": "https://www.wikidata.org/wiki/Q3937418",
     "note": "harvested: painting by this creator with an image and a documented collection"
    },
    "creation_place": "Venice",
    "creation_lat": 45.4375,
    "creation_lon": 12.335833,
    "_overrides": {
     "creation": {
      "at": "2026-09-25",
      "source": "derived",
      "note": "creation place inferred from the painter's itinerary at this work's date (approximate)"
     }
    },
    "museum_id": "uffizi-gallery",
    "location_src": "Uffizi Gallery",
    "kind": "museum",
    "form": "painting"
   }
  },
  {
   "type": "Feature",
   "geometry": {
    "type": "Point",
    "coordinates": [
     -83.06472,
     42.35944
    ]
   },
   "properties": {
    "painter": "Titian",
    "title": "Portrait of Andrea dei Franceschi",
    "year": "1532",
    "location": "Detroit Institute of Arts",
    "city": "Detroit",
    "country": "United States",
    "attribution": "generally accepted",
    "image": "https://commons.wikimedia.org/wiki/Special:FilePath/Titian%20-%20Andrea%20dei%20Franceschi%20-%2053.362%20-%20Detroit%20Institute%20of%20Arts.jpg?width=500",
    "qid": "Q3937461",
    "wikidata": "https://www.wikidata.org/wiki/Q3937461",
    "_source": {
     "source": "Wikidata",
     "url": "https://www.wikidata.org/wiki/Q3937461",
     "note": "harvested: painting by this creator with an image and a documented collection"
    },
    "creation_place": "Venice",
    "creation_lat": 45.4375,
    "creation_lon": 12.335833,
    "_overrides": {
     "creation": {
      "at": "2026-09-25",
      "source": "derived",
      "note": "creation place inferred from the painter's itinerary at this work's date (approximate)"
     }
    },
    "museum_id": "detroit-institute-of-arts",
    "location_src": "Detroit Institute of Arts",
    "kind": "museum",
    "form": "painting"
   }
  },
  {
   "type": "Feature",
   "geometry": {
    "type": "Point",
    "coordinates": [
     -6.25255,
     53.34091
    ]
   },
   "properties": {
    "painter": "Titian",
    "title": "Portrait of Baldassare Castiglione",
    "year": "1537",
    "location": "National Gallery of Ireland",
    "city": "Dublin City",
    "country": "Ireland",
    "attribution": "generally accepted",
    "image": "https://commons.wikimedia.org/wiki/Special:FilePath/Titian%20-%20Portrait%20of%20Baldassare%20Castiglione%2C%20c.1536-1538.jpg?width=500",
    "qid": "Q3937464",
    "wikidata": "https://www.wikidata.org/wiki/Q3937464",
    "_source": {
     "source": "Wikidata",
     "url": "https://www.wikidata.org/wiki/Q3937464",
     "note": "harvested: painting by this creator with an image and a documented collection"
    },
    "creation_place": "Venice",
    "creation_lat": 45.4375,
    "creation_lon": 12.335833,
    "_overrides": {
     "creation": {
      "at": "2026-09-25",
      "source": "derived",
      "note": "creation place inferred from the painter's itinerary at this work's date (approximate)"
     }
    },
    "museum_id": "national-gallery-of-ireland",
    "location_src": "National Gallery of Ireland",
    "kind": "museum",
    "form": "painting"
   }
  },
  {
   "type": "Feature",
   "geometry": {
    "type": "Point",
    "coordinates": [
     11.25528,
     43.76833
    ]
   },
   "properties": {
    "painter": "Titian",
    "title": "Portrait of Francesco Maria della Rovere",
    "year": "1537",
    "location": "Uffizi Gallery",
    "city": "Florence",
    "country": "Italy",
    "attribution": "generally accepted",
    "image": "https://commons.wikimedia.org/wiki/Special:FilePath/Portrait%20of%20Francesco%20Maria%20della%20Rovere%2C%20Duke%20of%20Urbino%20%28by%20Titian%29%20%E2%80%93%20Galleria%20degli%20Uffizi%2C%20Florence.jpg?width=500",
    "qid": "Q3937531",
    "wikidata": "https://www.wikidata.org/wiki/Q3937531",
    "_source": {
     "source": "Wikidata",
     "url": "https://www.wikidata.org/wiki/Q3937531",
     "note": "harvested: painting by this creator with an image and a documented collection"
    },
    "creation_place": "Venice",
    "creation_lat": 45.4375,
    "creation_lon": 12.335833,
    "_overrides": {
     "creation": {
      "at": "2026-09-25",
      "source": "derived",
      "note": "creation place inferred from the painter's itinerary at this work's date (approximate)"
     }
    },
    "museum_id": "uffizi-gallery",
    "location_src": "Uffizi Gallery",
    "kind": "museum",
    "form": "painting"
   }
  },
  {
   "type": "Feature",
   "geometry": {
    "type": "Point",
    "coordinates": [
     -0.1283,
     51.5089
    ]
   },
   "properties": {
    "painter": "Titian",
    "title": "Portrait of Girolamo Fracastoro",
    "year": "1528",
    "location": "National Gallery",
    "city": "London",
    "country": "United Kingdom",
    "attribution": "generally accepted",
    "image": "https://commons.wikimedia.org/wiki/Special:FilePath/Titian%20Girolamo%20Fracastoro.jpg?width=500",
    "qid": "Q3937551",
    "wikidata": "https://www.wikidata.org/wiki/Q3937551",
    "_source": {
     "source": "Wikidata",
     "url": "https://www.wikidata.org/wiki/Q3937551",
     "note": "harvested: painting by this creator with an image and a documented collection"
    },
    "creation_place": "Venice",
    "creation_lat": 45.4375,
    "creation_lon": 12.335833,
    "_overrides": {
     "creation": {
      "at": "2026-09-25",
      "source": "derived",
      "note": "creation place inferred from the painter's itinerary at this work's date (approximate)"
     }
    },
    "museum_id": "national-gallery",
    "location_src": "National Gallery",
    "kind": "museum",
    "form": "painting"
   }
  },
  {
   "type": "Feature",
   "geometry": {
    "type": "Point",
    "coordinates": [
     11.25,
     43.7652
    ]
   },
   "properties": {
    "painter": "Titian",
    "title": "Portrait of Giulia Varano",
    "year": "1546",
    "location": "Galleria Palatina",
    "city": "Florence",
    "country": "Italy",
    "attribution": "generally accepted",
    "image": "https://commons.wikimedia.org/wiki/Special:FilePath/Titian%20-%20Giulia%20Varano%2C%20Duchess%20of%20Urbino%20-%20WGA22928.jpg?width=500",
    "qid": "Q3937553",
    "wikidata": "https://www.wikidata.org/wiki/Q3937553",
    "_source": {
     "source": "Wikidata",
     "url": "https://www.wikidata.org/wiki/Q3937553",
     "note": "harvested: painting by this creator with an image and a documented collection"
    },
    "creation_place": "Venice",
    "creation_lat": 45.4375,
    "creation_lon": 12.335833,
    "_overrides": {
     "creation": {
      "at": "2026-09-25",
      "source": "derived",
      "note": "creation place inferred from the painter's itinerary at this work's date (approximate)"
     }
    },
    "museum_id": "galleria-palatina",
    "location_src": "Galleria Palatina",
    "kind": "museum",
    "form": "painting"
   }
  },
  {
   "type": "Feature",
   "geometry": {
    "type": "Point",
    "coordinates": [
     -0.29808,
     51.45209
    ]
   },
   "properties": {
    "painter": "Titian",
    "title": "Portrait of Laura Dianti",
    "year": "1520",
    "location": "Doughty House",
    "city": "London",
    "country": "United Kingdom",
    "attribution": "generally accepted",
    "image": "https://commons.wikimedia.org/wiki/Special:FilePath/Tizian%20058.jpg?width=500",
    "qid": "Q3937592",
    "wikidata": "https://www.wikidata.org/wiki/Q3937592",
    "_source": {
     "source": "Wikidata",
     "url": "https://www.wikidata.org/wiki/Q3937592",
     "note": "harvested: painting by this creator with an image and a documented collection"
    },
    "creation_place": "Venice",
    "creation_lat": 45.4375,
    "creation_lon": 12.335833,
    "_overrides": {
     "creation": {
      "at": "2026-09-25",
      "source": "derived",
      "note": "creation place inferred from the painter's itinerary at this work's date (approximate)"
     }
    },
    "museum_id": "doughty-house",
    "location_src": "Doughty House",
    "kind": "museum",
    "form": "painting",
    "city_src": "London Borough of Richmond upon Thames"
   }
  },
  {
   "type": "Feature",
   "geometry": {
    "type": "Point",
    "coordinates": [
     10.82049,
     49.76274
    ]
   },
   "properties": {
    "painter": "Titian",
    "title": "Portrait of a Member of the House of Farnese",
    "year": "1525",
    "location": "Schloss Weißenstein",
    "city": "Bamberg Rural District",
    "country": "Germany",
    "attribution": "generally accepted",
    "image": "https://commons.wikimedia.org/wiki/Special:FilePath/Tiziano%2C%20ritratto%2C%20pommersfelden.jpg?width=500",
    "qid": "Q3937697",
    "wikidata": "https://www.wikidata.org/wiki/Q3937697",
    "_source": {
     "source": "Wikidata",
     "url": "https://www.wikidata.org/wiki/Q3937697",
     "note": "harvested: painting by this creator with an image and a documented collection"
    },
    "creation_place": "Venice",
    "creation_lat": 45.4375,
    "creation_lon": 12.335833,
    "_overrides": {
     "creation": {
      "at": "2026-09-25",
      "source": "derived",
      "note": "creation place inferred from the painter's itinerary at this work's date (approximate)"
     }
    },
    "museum_id": "schloss-wei-enstein",
    "location_src": "Schloss Weißenstein",
    "kind": "museum",
    "form": "painting"
   }
  },
  {
   "type": "Feature",
   "geometry": {
    "type": "Point",
    "coordinates": [
     -0.1283,
     51.5089
    ]
   },
   "properties": {
    "painter": "Titian",
    "title": "Portrait of a Young Man",
    "year": "1517",
    "location": "National Gallery",
    "city": "London",
    "country": "United Kingdom",
    "attribution": "generally accepted",
    "image": "https://commons.wikimedia.org/wiki/Special:FilePath/Tiziano%2C%20ritratto%20halifax.jpg?width=500",
    "qid": "Q3937708",
    "wikidata": "https://www.wikidata.org/wiki/Q3937708",
    "_source": {
     "source": "Wikidata",
     "url": "https://www.wikidata.org/wiki/Q3937708",
     "note": "harvested: painting by this creator with an image and a documented collection"
    },
    "creation_place": "Venice",
    "creation_lat": 45.4375,
    "creation_lon": 12.335833,
    "_overrides": {
     "creation": {
      "at": "2026-09-25",
      "source": "derived",
      "note": "creation place inferred from the painter's itinerary at this work's date (approximate)"
     }
    },
    "museum_id": "national-gallery",
    "location_src": "National Gallery",
    "kind": "museum",
    "form": "painting"
   }
  },
  {
   "type": "Feature",
   "geometry": {
    "type": "Point",
    "coordinates": [
     8.73833,
     41.92167
    ]
   },
   "properties": {
    "painter": "Titian",
    "title": "Portrait of a Young Man",
    "year": "1518",
    "location": "Musée Fesch",
    "city": "Ajaccio",
    "country": "France",
    "attribution": "generally accepted",
    "image": "https://commons.wikimedia.org/wiki/Special:FilePath/Ajaccio%20titien%20homme%20au%20gant.JPG?width=500",
    "qid": "Q3937709",
    "wikidata": "https://www.wikidata.org/wiki/Q3937709",
    "_source": {
     "source": "Wikidata",
     "url": "https://www.wikidata.org/wiki/Q3937709",
     "note": "harvested: painting by this creator with an image and a documented collection"
    },
    "creation_place": "Venice",
    "creation_lat": 45.4375,
    "creation_lon": 12.335833,
    "_overrides": {
     "creation": {
      "at": "2026-09-25",
      "source": "derived",
      "note": "creation place inferred from the painter's itinerary at this work's date (approximate)"
     }
    },
    "museum_id": "musee-fesch",
    "location_src": "Musée Fesch",
    "kind": "museum",
    "form": "painting"
   }
  },
  {
   "type": "Feature",
   "geometry": {
    "type": "Point",
    "coordinates": [
     8.67388,
     50.10322
    ]
   },
   "properties": {
    "painter": "Titian",
    "title": "Portrait of a Young Man",
    "year": "1510",
    "location": "Städel Museum",
    "city": "Frankfurt",
    "country": "Germany",
    "attribution": "generally accepted",
    "image": "https://commons.wikimedia.org/wiki/Special:FilePath/Portrait%20of%20a%20Young%20Man%20%28SM%201133%29.png?width=500",
    "qid": "Q3937717",
    "wikidata": "https://www.wikidata.org/wiki/Q3937717",
    "_source": {
     "source": "Wikidata",
     "url": "https://www.wikidata.org/wiki/Q3937717",
     "note": "harvested: painting by this creator with an image and a documented collection"
    },
    "creation_place": "Venice",
    "creation_lat": 45.4375,
    "creation_lon": 12.335833,
    "_overrides": {
     "creation": {
      "at": "2026-09-25",
      "source": "derived",
      "note": "creation place inferred from the painter's itinerary at this work's date (approximate)"
     }
    },
    "museum_id": "stadel-museum",
    "location_src": "Städel Museum",
    "kind": "museum",
    "form": "painting"
   }
  },
  {
   "type": "Feature",
   "geometry": {
    "type": "Point",
    "coordinates": [
     12.47189,
     41.89423
    ]
   },
   "properties": {
    "painter": "Titian",
    "title": "Portrait of a Musician",
    "year": "1513",
    "location": "Galleria Spada",
    "city": "Rome",
    "country": "Italy",
    "attribution": "generally accepted",
    "image": "https://commons.wikimedia.org/wiki/Special:FilePath/Tiziano%2C%20ritratto%20di%20musico%2C%20galleria%20spada.jpg?width=500",
    "qid": "Q3937752",
    "wikidata": "https://www.wikidata.org/wiki/Q3937752",
    "_source": {
     "source": "Wikidata",
     "url": "https://www.wikidata.org/wiki/Q3937752",
     "note": "harvested: painting by this creator with an image and a documented collection"
    },
    "creation_place": "Venice",
    "creation_lat": 45.4375,
    "creation_lon": 12.335833,
    "_overrides": {
     "creation": {
      "at": "2026-09-25",
      "source": "derived",
      "note": "creation place inferred from the painter's itinerary at this work's date (approximate)"
     }
    },
    "museum_id": "galleria-spada",
    "location_src": "Galleria Spada",
    "kind": "museum",
    "form": "painting"
   }
  },
  {
   "type": "Feature",
   "geometry": {
    "type": "Point",
    "coordinates": [
     11.25528,
     43.76833
    ]
   },
   "properties": {
    "painter": "Titian",
    "title": "Knight of Malta",
    "year": "1510",
    "location": "Uffizi Gallery",
    "city": "Florence",
    "country": "Italy",
    "attribution": "generally accepted",
    "image": "https://commons.wikimedia.org/wiki/Special:FilePath/Titian-%20Portrait%20of%20a%20Knight%20of%20Malta.jpeg?width=500",
    "qid": "Q3937761",
    "wikidata": "https://www.wikidata.org/wiki/Q3937761",
    "_source": {
     "source": "Wikidata",
     "url": "https://www.wikidata.org/wiki/Q3937761",
     "note": "harvested: painting by this creator with an image and a documented collection"
    },
    "creation_place": "Venice",
    "creation_lat": 45.4375,
    "creation_lon": 12.335833,
    "_overrides": {
     "creation": {
      "at": "2026-09-25",
      "source": "derived",
      "note": "creation place inferred from the painter's itinerary at this work's date (approximate)"
     }
    },
    "museum_id": "uffizi-gallery",
    "location_src": "Uffizi Gallery",
    "kind": "museum",
    "form": "painting"
   }
  },
  {
   "type": "Feature",
   "geometry": {
    "type": "Point",
    "coordinates": [
     -0.1283,
     51.5089
    ]
   },
   "properties": {
    "painter": "Titian",
    "title": "The Holy Family with a Shepherd",
    "year": "1510",
    "location": "National Gallery",
    "city": "London",
    "country": "United Kingdom",
    "attribution": "generally accepted",
    "image": "https://commons.wikimedia.org/wiki/Special:FilePath/Titian%20-%20The%20Holy%20Family%20with%20a%20Shepherd%20-%20Google%20Art%20Project.jpg?width=500",
    "qid": "Q3944495",
    "wikidata": "https://www.wikidata.org/wiki/Q3944495",
    "_source": {
     "source": "Wikidata",
     "url": "https://www.wikidata.org/wiki/Q3944495",
     "note": "harvested: painting by this creator with an image and a documented collection"
    },
    "creation_place": "Venice",
    "creation_lat": 45.4375,
    "creation_lon": 12.335833,
    "_overrides": {
     "creation": {
      "at": "2026-09-25",
      "source": "derived",
      "note": "creation place inferred from the painter's itinerary at this work's date (approximate)"
     }
    },
    "museum_id": "national-gallery",
    "location_src": "National Gallery",
    "kind": "museum",
    "form": "painting"
   }
  },
  {
   "type": "Feature",
   "geometry": {
    "type": "Point",
    "coordinates": [
     12.34042,
     45.43367
    ]
   },
   "properties": {
    "painter": "Titian",
    "title": "Saint Christopher",
    "year": "1523",
    "location": "Doge's Palace",
    "city": "Venice",
    "country": "Italy",
    "attribution": "generally accepted",
    "image": "https://commons.wikimedia.org/wiki/Special:FilePath/Tiziano%2C%20san%20Cristoforo.jpg?width=500",
    "qid": "Q3946910",
    "wikidata": "https://www.wikidata.org/wiki/Q3946910",
    "_source": {
     "source": "Wikidata",
     "url": "https://www.wikidata.org/wiki/Q3946910",
     "note": "harvested: painting by this creator with an image and a documented collection"
    },
    "creation_place": "Venice",
    "creation_lat": 45.4375,
    "creation_lon": 12.335833,
    "_overrides": {
     "creation": {
      "at": "2026-09-25",
      "source": "derived",
      "note": "creation place inferred from the painter's itinerary at this work's date (approximate)"
     }
    },
    "museum_id": "doge-s-palace",
    "location_src": "Doge's Palace",
    "kind": "museum",
    "form": "painting"
   }
  },
  {
   "type": "Feature",
   "geometry": {
    "type": "Point",
    "coordinates": [
     12.32984,
     45.43077
    ]
   },
   "properties": {
    "painter": "Titian",
    "title": "Saint George",
    "year": "1510",
    "location": "Cini Palace",
    "city": "Venice",
    "country": "Italy",
    "attribution": "generally accepted",
    "image": "https://commons.wikimedia.org/wiki/Special:FilePath/Tiziano%2C%20san%20giorgio%20dopo%20pulitura.jpg?width=500",
    "qid": "Q3947211",
    "wikidata": "https://www.wikidata.org/wiki/Q3947211",
    "_source": {
     "source": "Wikidata",
     "url": "https://www.wikidata.org/wiki/Q3947211",
     "note": "harvested: painting by this creator with an image and a documented collection"
    },
    "creation_place": "Venice",
    "creation_lat": 45.4375,
    "creation_lon": 12.335833,
    "_overrides": {
     "creation": {
      "at": "2026-09-25",
      "source": "derived",
      "note": "creation place inferred from the painter's itinerary at this work's date (approximate)"
     }
    },
    "museum_id": "cini-palace",
    "location_src": "Cini Palace",
    "kind": "museum",
    "form": "painting"
   }
  }
 ]
}