{
 "type": "FeatureCollection",
 "_note": "Canon from List of paintings by Sandro Botticelli (Wikipedia). Coords via MediaWiki API.",
 "features": [
  {
   "type": "Feature",
   "geometry": {
    "type": "Point",
    "coordinates": [
     8.73833333,
     41.92166667
    ]
   },
   "properties": {
    "painter": "Botticelli",
    "title": "Madonna and Child with an Angel",
    "year": "1465",
    "location": "Musée Fesch",
    "city": "Ajaccio",
    "country": "France",
    "attribution": "generally accepted",
    "image": "https://commons.wikimedia.org/wiki/Special:FilePath/Botticelli%20-%20A%20Virgem%20e%20o%20Menino%20com%20um%20anjo.jpg?width=500",
    "qid": "Q3213798",
    "wikidata": "https://www.wikidata.org/wiki/Q3213798",
    "_source": {
     "source": "Wikidata",
     "url": "https://www.wikidata.org/wiki/Q3213798",
     "note": "harvested: painting by this creator with an image and a documented collection"
    },
    "creation_place": "Florence",
    "creation_lat": 43.771389,
    "creation_lon": 11.254167,
    "_overrides": {
     "creation": {
      "at": "2026-08-24",
      "source": "derived",
      "note": "creation place inferred from the painter's itinerary at this work's date (approximate)"
     }
    },
    "dimensions": "115.2 × 70 cm",
    "medium": "Tempera on panel"
   }
  },
  {
   "type": "Feature",
   "geometry": {
    "type": "Point",
    "coordinates": [
     11.26111,
     43.77639
    ]
   },
   "properties": {
    "painter": "Botticelli",
    "title": "Virgin and Child with an Angel",
    "year": "1465–1467",
    "city": "Florence",
    "country": "Italy",
    "location": "Ospedale degli Innocenti",
    "attribution": "generally accepted",
    "medium": "Tempera on panel",
    "dimensions": "87 × 60 cm",
    "image": "https://upload.wikimedia.org/wikipedia/commons/thumb/4/43/Botticelli_Madonna.jpg/500px-Botticelli_Madonna.jpg?utm_source=en.wikipedia.org&amp;utm_campaign=parser&amp;utm_content=thumbnail",
    "notable": true,
    "wikipedia_en": "https://en.wikipedia.org/wiki/Virgin_and_Child_with_an_Angel_(Botticelli,_Florence)",
    "creation_place": "Florence",
    "creation_lat": 43.7696,
    "creation_lon": 11.2558,
    "_source": {
     "source": "Wikipedia: List of paintings by Sandro Botticelli",
     "coord": "MediaWiki coordinates API"
    },
    "museum_id": "ospedale-degli-innocenti",
    "qid": "Q580853",
    "wikidata": "https://www.wikidata.org/wiki/Q580853",
    "wga_url": "https://www.wga.hu/html/b/botticel/1early/01madonn.html"
   }
  },
  {
   "type": "Feature",
   "geometry": {
    "type": "Point",
    "coordinates": [
     11.258888888,
     43.776944444
    ]
   },
   "properties": {
    "painter": "Botticelli",
    "title": "Madonna and Child with Saint John the Baptist and Two Angels",
    "year": "1470",
    "location": "Galleria dell'Accademia",
    "city": "Florence",
    "country": "Italy",
    "attribution": "generally accepted",
    "image": "https://commons.wikimedia.org/wiki/Special:FilePath/Botticelli%2C%20The%20Virgin%20and%20Child%20with%20Two%20Angels%20and%20the%20Young%20St%20John%20the%20Baptist.jpg?width=500",
    "qid": "Q3213778",
    "wikidata": "https://www.wikidata.org/wiki/Q3213778",
    "_source": {
     "source": "Wikidata",
     "url": "https://www.wikidata.org/wiki/Q3213778",
     "note": "harvested: painting by this creator with an image and a documented collection"
    },
    "creation_place": "Florence",
    "creation_lat": 43.771389,
    "creation_lon": 11.254167,
    "_overrides": {
     "creation": {
      "at": "2026-08-24",
      "source": "derived",
      "note": "creation place inferred from the painter's itinerary at this work's date (approximate)"
     }
    },
    "dimensions": "85 × 62 cm",
    "medium": "Tempera on panel"
   }
  },
  {
   "type": "Feature",
   "geometry": {
    "type": "Point",
    "coordinates": [
     2.3358,
     48.8611
    ]
   },
   "properties": {
    "painter": "Botticelli",
    "title": "Madonna and Child",
    "year": "1465–1470",
    "city": "Paris",
    "country": "France",
    "location": "Louvre",
    "attribution": "generally accepted",
    "medium": "Tempera on panel",
    "dimensions": "73 × 50 cm",
    "image": "https://upload.wikimedia.org/wikipedia/commons/thumb/3/3f/Botticelli_louvre_5.jpg/500px-Botticelli_louvre_5.jpg?utm_source=en.wikipedia.org&amp;utm_campaign=parser&amp;utm_content=thumbnail",
    "notable": true,
    "creation_place": "Florence",
    "creation_lat": 43.7696,
    "creation_lon": 11.2558,
    "_source": {
     "source": "Wikipedia: List of paintings by Sandro Botticelli",
     "coord": "MediaWiki coordinates API"
    },
    "museum_id": "louvre",
    "qid": "Q15935036",
    "wikidata": "https://www.wikidata.org/wiki/Q15935036",
    "_overrides": {
     "qid": {
      "at": "2026-08-24",
      "source": "Wikidata reconciliation",
      "note": "matched to Q15935036 by normalised title + year (±8), same creator (merge_wd_extras)"
     }
    }
   }
  },
  {
   "type": "Feature",
   "geometry": {
    "type": "Point",
    "coordinates": [
     11.25528,
     43.76833
    ]
   },
   "properties": {
    "painter": "Botticelli",
    "title": "Madonna della Loggia",
    "year": "c. 1467",
    "city": "Florence",
    "country": "Italy",
    "location": "Uffizi Gallery",
    "attribution": "generally accepted",
    "medium": "Tempera on panel",
    "dimensions": "72 × 50 cm",
    "image": "https://upload.wikimedia.org/wikipedia/commons/thumb/b/b5/MadonnaLoggiaBotticelli.jpg/500px-MadonnaLoggiaBotticelli.jpg?utm_source=en.wikipedia.org&amp;utm_campaign=parser&amp;utm_content=thumbnail",
    "notable": true,
    "wikipedia_en": "https://en.wikipedia.org/wiki/Madonna_della_Loggia_(Botticelli)",
    "creation_place": "Florence",
    "creation_lat": 43.7696,
    "creation_lon": 11.2558,
    "_source": {
     "source": "Wikipedia: List of paintings by Sandro Botticelli",
     "coord": "MediaWiki coordinates API"
    },
    "museum_id": "uffizi-gallery",
    "qid": "Q2717478",
    "wikidata": "https://www.wikidata.org/wiki/Q2717478",
    "wga_url": "https://www.wga.hu/html/b/botticel/1early/03loggia.html"
   }
  },
  {
   "type": "Feature",
   "geometry": {
    "type": "Point",
    "coordinates": [
     2.31453,
     48.86604
    ]
   },
   "properties": {
    "painter": "Botticelli",
    "title": "Madonna and Child",
    "year": "c. 1467",
    "city": "Paris",
    "location": "Musée du Petit Palais",
    "attribution": "generally accepted",
    "medium": "Tempera on panel",
    "dimensions": "71 × 51 cm",
    "image": "https://upload.wikimedia.org/wikipedia/commons/thumb/5/5b/BotticelliMadonnaConBambinoAvignone.jpg/500px-BotticelliMadonnaConBambinoAvignone.jpg?utm_source=en.wikipedia.org&amp;utm_campaign=parser&amp;utm_content=thumbnail",
    "notable": true,
    "wikipedia_en": "https://en.wikipedia.org/wiki/Madonna_and_Child_(Botticelli,_Avignon)",
    "creation_place": "Florence",
    "creation_lat": 43.7696,
    "creation_lon": 11.2558,
    "_source": {
     "source": "Wikipedia: List of paintings by Sandro Botticelli",
     "coord": "MediaWiki coordinates API"
    },
    "museum_id": "musee-du-petit-palais",
    "country": "France",
    "qid": "Q3213780",
    "wikidata": "https://www.wikidata.org/wiki/Q3213780"
   }
  },
  {
   "type": "Feature",
   "geometry": {
    "type": "Point",
    "coordinates": [
     2.3358,
     48.8611
    ]
   },
   "properties": {
    "painter": "Botticelli",
    "title": "Madonna and Child with St. John the Baptist",
    "year": "1468",
    "city": "Paris",
    "country": "France",
    "location": "Louvre",
    "attribution": "generally accepted",
    "medium": "Tempera on panel",
    "dimensions": "90 × 67 cm",
    "image": "https://upload.wikimedia.org/wikipedia/commons/thumb/0/0f/Botticelli_04_Louvre.jpg/500px-Botticelli_04_Louvre.jpg?utm_source=en.wikipedia.org&amp;utm_campaign=parser&amp;utm_content=thumbnail",
    "notable": true,
    "creation_place": "Florence",
    "creation_lat": 43.7696,
    "creation_lon": 11.2558,
    "_source": {
     "source": "Wikipedia: List of paintings by Sandro Botticelli",
     "coord": "MediaWiki coordinates API"
    },
    "museum_id": "louvre",
    "qid": "Q134529013",
    "wikidata": "https://www.wikidata.org/wiki/Q134529013",
    "_overrides": {
     "qid": {
      "at": "2026-08-24",
      "source": "Wikidata reconciliation",
      "note": "matched to Q134529013 by normalised title + year (±8), same creator (merge_wd_extras)"
     }
    }
   }
  },
  {
   "type": "Feature",
   "geometry": {
    "type": "Point",
    "coordinates": [
     -118.1439,
     34.1475
    ]
   },
   "properties": {
    "painter": "Botticelli",
    "title": "Madonna and Child with Adoring Angel",
    "year": "c. 1468",
    "city": "Pasadena",
    "location": "Norton Simon Museum",
    "attribution": "generally accepted",
    "medium": "Tempera on panel",
    "dimensions": "88.9 × 68 cm",
    "image": "https://upload.wikimedia.org/wikipedia/commons/thumb/6/6f/Botticelli_Norton_115.jpg/500px-Botticelli_Norton_115.jpg?utm_source=en.wikipedia.org&amp;utm_campaign=parser&amp;utm_content=thumbnail",
    "notable": true,
    "creation_place": "Florence",
    "creation_lat": 43.7696,
    "creation_lon": 11.2558,
    "_source": {
     "source": "Wikipedia: List of paintings by Sandro Botticelli",
     "coord": "MediaWiki coordinates API"
    },
    "museum_id": "norton-simon-museum",
    "country": "United States"
   }
  },
  {
   "type": "Feature",
   "geometry": {
    "type": "Point",
    "coordinates": [
     14.25053,
     40.86701
    ]
   },
   "properties": {
    "painter": "Botticelli",
    "title": "Virgin and Child with Two Angels",
    "year": "c. 1468–1469",
    "city": "Naples",
    "country": "Italy",
    "location": "Museo di Capodimonte",
    "attribution": "generally accepted",
    "medium": "Tempera on panel",
    "dimensions": "100 × 71 cm",
    "image": "https://upload.wikimedia.org/wikipedia/commons/thumb/f/f2/Madonna_and_Child_and_Two_Angels_%28Botticelli%29.jpg/500px-Madonna_and_Child_and_Two_Angels_%28Botticelli%29.jpg?utm_source=en.wikipedia.org&amp;utm_campaign=parser&amp;utm_content=thumbnail",
    "notable": true,
    "wikipedia_en": "https://en.wikipedia.org/wiki/Virgin_and_Child_with_Two_Angels_(Botticelli,_Naples)",
    "creation_place": "Florence",
    "creation_lat": 43.7696,
    "creation_lon": 11.2558,
    "_source": {
     "source": "Wikipedia: List of paintings by Sandro Botticelli",
     "coord": "MediaWiki coordinates API"
    },
    "museum_id": "museo-di-capodimonte",
    "qid": "Q2268013",
    "wikidata": "https://www.wikidata.org/wiki/Q2268013",
    "wga_url": "https://www.wga.hu/html/b/botticel/1early/08madonn.html"
   }
  },
  {
   "type": "Feature",
   "geometry": {
    "type": "Point",
    "coordinates": [
     6.02,
     47.24
    ]
   },
   "properties": {
    "painter": "Botticelli",
    "title": "Virgin and Child with Two Angels",
    "year": "c. 1468–1469",
    "city": "Besançon",
    "location": "Musée des Beaux-Arts",
    "attribution": "generally accepted",
    "medium": "Tempera and oil on panel",
    "dimensions": "107 × 75 cm",
    "image": "https://upload.wikimedia.org/wikipedia/commons/thumb/9/9a/Botticelli_-_Vierge_%C3%A0_l%E2%80%99Enfant_et_deux_anges.jpg/500px-Botticelli_-_Vierge_%C3%A0_l%E2%80%99Enfant_et_deux_anges.jpg?utm_source=en.wikipedia.org&amp;utm_campaign=parser&amp;utm_content=thumbnail",
    "notable": true,
    "wikipedia_en": "https://en.wikipedia.org/wiki/Virgin_and_Child_with_Two_Angels_(Botticelli,_Strasbourg)",
    "creation_place": "Florence",
    "creation_lat": 43.7696,
    "creation_lon": 11.2558,
    "_source": {
     "source": "Wikipedia: List of paintings by Sandro Botticelli",
     "coord": "MediaWiki coordinates API"
    },
    "museum_id": "musee-des-beaux-arts",
    "qid": "Q38516820",
    "wikidata": "https://www.wikidata.org/wiki/Q38516820",
    "country": "France"
   }
  },
  {
   "type": "Feature",
   "geometry": {
    "type": "Point",
    "coordinates": [
     11.2501,
     43.7652
    ]
   },
   "properties": {
    "painter": "Botticelli",
    "title": "Portrait of a Young Man",
    "year": "c. 1469",
    "city": "Florence",
    "country": "Italy",
    "location": "Palazzo Pitti",
    "attribution": "generally accepted",
    "medium": "Tempera on panel",
    "dimensions": "51 × 33.7 cm",
    "image": "https://upload.wikimedia.org/wikipedia/commons/thumb/5/51/YoungManBotticelli.jpg/500px-YoungManBotticelli.jpg?utm_source=en.wikipedia.org&amp;utm_campaign=parser&amp;utm_content=thumbnail",
    "notable": true,
    "wikipedia_en": "https://en.wikipedia.org/wiki/Portrait_of_a_Young_Man_(Botticelli,_Pitti_Palace)",
    "creation_place": "Florence",
    "creation_lat": 43.7696,
    "creation_lon": 11.2558,
    "_source": {
     "source": "Wikipedia: List of paintings by Sandro Botticelli",
     "coord": "MediaWiki coordinates API"
    },
    "museum_id": "palazzo-pitti",
    "qid": "Q742801",
    "wikidata": "https://www.wikidata.org/wiki/Q742801",
    "wga_url": "https://www.wga.hu/html/b/botticel/7portrai/01youngm.html"
   }
  },
  {
   "type": "Feature",
   "geometry": {
    "type": "Point",
    "coordinates": [
     11.25528,
     43.76833
    ]
   },
   "properties": {
    "painter": "Botticelli",
    "title": "Madonna in Glory with Seraphim",
    "year": "1469–1470",
    "city": "Florence",
    "country": "Italy",
    "location": "Uffizi Gallery",
    "attribution": "generally accepted",
    "medium": "Tempera on panel",
    "dimensions": "120 × 65 cm",
    "image": "https://upload.wikimedia.org/wikipedia/commons/thumb/f/f7/Botticelli%2C_madonna_in_gloria_di_serafini.jpg/500px-Botticelli%2C_madonna_in_gloria_di_serafini.jpg?utm_source=en.wikipedia.org&amp;utm_campaign=parser&amp;utm_content=thumbnail",
    "notable": true,
    "wikipedia_en": "https://en.wikipedia.org/wiki/Madonna_in_Glory_with_Seraphim_(Botticelli)",
    "creation_place": "Florence",
    "creation_lat": 43.7696,
    "creation_lon": 11.2558,
    "_source": {
     "source": "Wikipedia: List of paintings by Sandro Botticelli",
     "coord": "MediaWiki coordinates API"
    },
    "museum_id": "uffizi-gallery",
    "qid": "Q3213773",
    "wikidata": "https://www.wikidata.org/wiki/Q3213773",
    "wga_url": "https://www.wga.hu/html/b/botticel/1early/06glory.html"
   }
  },
  {
   "type": "Feature",
   "geometry": {
    "type": "Point",
    "coordinates": [
     11.258888888,
     43.776944444
    ]
   },
   "properties": {
    "painter": "Botticelli",
    "title": "Virgin of the Sea",
    "year": "1470",
    "location": "Galleria dell'Accademia",
    "city": "Florence",
    "country": "Italy",
    "attribution": "generally accepted",
    "image": "https://commons.wikimedia.org/wiki/Special:FilePath/Botticelli%2C%20madonna%20del%20Mare.jpg?width=500",
    "qid": "Q3210267",
    "wikidata": "https://www.wikidata.org/wiki/Q3210267",
    "_source": {
     "source": "Wikidata",
     "url": "https://www.wikidata.org/wiki/Q3210267",
     "note": "harvested: painting by this creator with an image and a documented collection"
    },
    "creation_place": "Florence",
    "creation_lat": 43.771389,
    "creation_lon": 11.254167,
    "_overrides": {
     "creation": {
      "at": "2026-08-24",
      "source": "derived",
      "note": "creation place inferred from the painter's itinerary at this work's date (approximate)"
     }
    },
    "dimensions": "40 × 28 cm",
    "medium": "Tempera on panel"
   }
  },
  {
   "type": "Feature",
   "geometry": {
    "type": "Point",
    "coordinates": [
     11.25528,
     43.76833
    ]
   },
   "properties": {
    "painter": "Botticelli",
    "title": "Fortitude",
    "year": "1470",
    "city": "Florence",
    "country": "Italy",
    "location": "Uffizi Gallery",
    "attribution": "generally accepted",
    "medium": "Tempera on panel",
    "dimensions": "167 × 87 cm",
    "image": "https://upload.wikimedia.org/wikipedia/commons/thumb/0/01/Botticelli%2C_fortezza.jpg/500px-Botticelli%2C_fortezza.jpg?utm_source=en.wikipedia.org&amp;utm_campaign=parser&amp;utm_content=thumbnail",
    "notable": true,
    "wikipedia_en": "https://en.wikipedia.org/wiki/Fortitude_(Botticelli)",
    "creation_place": "Florence",
    "creation_lat": 43.7696,
    "creation_lon": 11.2558,
    "_source": {
     "source": "Wikipedia: List of paintings by Sandro Botticelli",
     "coord": "MediaWiki coordinates API"
    },
    "museum_id": "uffizi-gallery",
    "qid": "Q1109340",
    "wikidata": "https://www.wikidata.org/wiki/Q1109340",
    "wga_url": "https://www.wga.hu/html/b/botticel/1early/09fortit.html"
   }
  },
  {
   "type": "Feature",
   "geometry": {
    "type": "Point",
    "coordinates": [
     -0.1283,
     51.5089
    ]
   },
   "properties": {
    "painter": "Botticelli",
    "title": "Adoration of the Kings",
    "year": "c. 1470",
    "city": "London",
    "country": "United Kingdom",
    "location": "National Gallery",
    "attribution": "generally accepted",
    "medium": "Tempera on panel",
    "dimensions": "50.2 × 136 cm",
    "image": "https://upload.wikimedia.org/wikipedia/commons/thumb/b/b4/Sandro_Botticelli_-_Adoration_of_the_Magi_-_WGA2686.jpg/500px-Sandro_Botticelli_-_Adoration_of_the_Magi_-_WGA2686.jpg?utm_source=en.wikipedia.org&amp;utm_campaign=parser&amp;utm_content=thumbnail",
    "notable": true,
    "creation_place": "Florence",
    "creation_lat": 43.7696,
    "creation_lon": 11.2558,
    "_source": {
     "source": "Wikipedia: List of paintings by Sandro Botticelli",
     "coord": "MediaWiki coordinates API"
    },
    "museum_id": "national-gallery",
    "qid": "Q26493340",
    "wikidata": "https://www.wikidata.org/wiki/Q26493340",
    "_overrides": {
     "qid": {
      "at": "2026-08-24",
      "source": "Wikidata reconciliation",
      "note": "matched to Q26493340 by normalised title + year (±8), same creator (merge_wd_extras)"
     }
    }
   }
  },
  {
   "type": "Feature",
   "geometry": {
    "type": "Point",
    "coordinates": [
     2.335833,
     48.861111
    ]
   },
   "properties": {
    "painter": "Botticelli",
    "title": "Madonna and Child with Five Angels",
    "year": "1470",
    "location": "Louvre",
    "city": "",
    "country": "France",
    "attribution": "generally accepted",
    "image": "https://commons.wikimedia.org/wiki/Special:FilePath/Botticelli%20Louvre%2011.jpg?width=500",
    "qid": "Q18572522",
    "wikidata": "https://www.wikidata.org/wiki/Q18572522",
    "_source": {
     "source": "Wikidata",
     "url": "https://www.wikidata.org/wiki/Q18572522",
     "note": "harvested: painting by this creator with an image and a documented collection"
    },
    "creation_place": "Florence",
    "creation_lat": 43.771389,
    "creation_lon": 11.254167,
    "_overrides": {
     "creation": {
      "at": "2026-08-24",
      "source": "derived",
      "note": "creation place inferred from the painter's itinerary at this work's date (approximate)"
     }
    },
    "dimensions": "58 × 40 cm",
    "medium": "Tempera on panel"
   }
  },
  {
   "type": "Feature",
   "geometry": {
    "type": "Point",
    "coordinates": [
     11.25528,
     43.76833
    ]
   },
   "properties": {
    "painter": "Botticelli",
    "title": "Madonna of the Rosegarden ( Madonna del Roseto )",
    "year": "c. 1470",
    "city": "Florence",
    "country": "Italy",
    "location": "Uffizi Gallery",
    "attribution": "generally accepted",
    "medium": "Tempera on panel",
    "dimensions": "124 × 64 cm",
    "image": "https://upload.wikimedia.org/wikipedia/commons/thumb/c/ca/MadonnaRosetoBotticelli.jpg/500px-MadonnaRosetoBotticelli.jpg?utm_source=en.wikipedia.org&amp;utm_campaign=parser&amp;utm_content=thumbnail",
    "notable": true,
    "wikipedia_en": "https://en.wikipedia.org/wiki/Madonna_of_the_Rosegarden_(Botticelli)",
    "creation_place": "Florence",
    "creation_lat": 43.7696,
    "creation_lon": 11.2558,
    "_source": {
     "source": "Wikipedia: List of paintings by Sandro Botticelli",
     "coord": "MediaWiki coordinates API"
    },
    "museum_id": "uffizi-gallery",
    "qid": "Q3213801",
    "wikidata": "https://www.wikidata.org/wiki/Q3213801",
    "wga_url": "https://www.wga.hu/html/b/botticel/1early/07rosega.html"
   }
  },
  {
   "type": "Feature",
   "geometry": {
    "type": "Point",
    "coordinates": [
     11.25528,
     43.76833
    ]
   },
   "properties": {
    "painter": "Botticelli",
    "title": "Madonna and Child with Six Saints",
    "year": "c. 1470",
    "city": "Florence",
    "country": "Italy",
    "location": "Uffizi Gallery",
    "attribution": "generally accepted",
    "medium": "Tempera on panel",
    "dimensions": "170 × 194 cm",
    "image": "https://upload.wikimedia.org/wikipedia/commons/thumb/d/d3/Botticelli%2C_pala_di_sant%27ambrogio.jpg/500px-Botticelli%2C_pala_di_sant%27ambrogio.jpg?utm_source=en.wikipedia.org&amp;utm_campaign=parser&amp;utm_content=thumbnail",
    "notable": true,
    "creation_place": "Florence",
    "creation_lat": 43.7696,
    "creation_lon": 11.2558,
    "_source": {
     "source": "Wikipedia: List of paintings by Sandro Botticelli",
     "coord": "MediaWiki coordinates API"
    },
    "museum_id": "uffizi-gallery"
   }
  },
  {
   "type": "Feature",
   "geometry": {
    "type": "Point",
    "coordinates": [
     -71.05778,
     42.36028
    ]
   },
   "properties": {
    "painter": "Botticelli",
    "title": "Virgin and Child with an Angel",
    "year": "c. 1470-1474",
    "city": "Boston",
    "country": "United States",
    "location": "Isabella Stewart Gardner Museum",
    "attribution": "generally accepted",
    "medium": "Tempera on panel",
    "dimensions": "85.2 × 65 cm",
    "image": "https://upload.wikimedia.org/wikipedia/commons/thumb/f/f2/Botticelli_-_Madone_de_l%27Eucharistie.jpg/500px-Botticelli_-_Madone_de_l%27Eucharistie.jpg?utm_source=en.wikipedia.org&amp;utm_campaign=parser&amp;utm_content=thumbnail",
    "notable": true,
    "wikipedia_en": "https://en.wikipedia.org/wiki/Virgin_and_Child_with_an_Angel_(Botticelli,_Boston)",
    "creation_place": "Florence",
    "creation_lat": 43.7696,
    "creation_lon": 11.2558,
    "_source": {
     "source": "Wikipedia: List of paintings by Sandro Botticelli",
     "coord": "MediaWiki coordinates API"
    },
    "museum_id": "isabella-stewart-gardner-museum",
    "qid": "Q3210266",
    "wikidata": "https://www.wikidata.org/wiki/Q3210266",
    "wga_url": "https://www.wga.hu/html/b/botticel/1early/111madon.html"
   }
  },
  {
   "type": "Feature",
   "geometry": {
    "type": "Point",
    "coordinates": [
     -77.02,
     38.8914
    ]
   },
   "properties": {
    "painter": "Botticelli",
    "title": "Madonna and Child",
    "year": "c. 1470",
    "city": "Washington",
    "country": "United States",
    "location": "National Gallery of Art",
    "attribution": "generally accepted",
    "medium": "Tempera on panel",
    "dimensions": "74.5 × 54.5 cm",
    "image": "https://upload.wikimedia.org/wikipedia/commons/thumb/d/dd/Sandro_Botticelli_-_Madonna_and_Child%2C_c._1470.jpg/500px-Sandro_Botticelli_-_Madonna_and_Child%2C_c._1470.jpg?utm_source=en.wikipedia.org&amp;utm_campaign=parser&amp;utm_content=thumbnail",
    "notable": true,
    "creation_place": "Florence",
    "creation_lat": 43.7696,
    "creation_lon": 11.2558,
    "_source": {
     "source": "Wikipedia: List of paintings by Sandro Botticelli",
     "coord": "MediaWiki coordinates API"
    },
    "museum_id": "national-gallery-of-art"
   }
  },
  {
   "type": "Feature",
   "geometry": {
    "type": "Point",
    "coordinates": [
     11.25528,
     43.76833
    ]
   },
   "properties": {
    "painter": "Botticelli",
    "title": "The Discovery of the Body of Holofernes",
    "year": "c. 1470",
    "city": "Florence",
    "country": "Italy",
    "location": "Uffizi Gallery",
    "attribution": "generally accepted",
    "medium": "Tempera on panel",
    "dimensions": "31 × 25 cm",
    "image": "https://upload.wikimedia.org/wikipedia/commons/thumb/2/2a/Botticelli_-_Descoberta_do_corpo_de_Holofernes.jpg/500px-Botticelli_-_Descoberta_do_corpo_de_Holofernes.jpg?utm_source=en.wikipedia.org&amp;utm_campaign=parser&amp;utm_content=thumbnail",
    "notable": true,
    "wikipedia_en": "https://en.wikipedia.org/wiki/The_Discovery_of_the_Body_of_Holofernes",
    "creation_place": "Florence",
    "creation_lat": 43.7696,
    "creation_lon": 11.2558,
    "_source": {
     "source": "Wikipedia: List of paintings by Sandro Botticelli",
     "coord": "MediaWiki coordinates API"
    },
    "museum_id": "uffizi-gallery",
    "qid": "Q7885787",
    "wikidata": "https://www.wikidata.org/wiki/Q7885787"
   }
  },
  {
   "type": "Feature",
   "geometry": {
    "type": "Point",
    "coordinates": [
     11.25528,
     43.76833
    ]
   },
   "properties": {
    "painter": "Botticelli",
    "title": "The Return of Judith to Bethulia",
    "year": "1470–1472",
    "city": "Florence",
    "country": "Italy",
    "location": "Uffizi Gallery",
    "attribution": "generally accepted",
    "medium": "Tempera on panel",
    "dimensions": "31 × 24 cm",
    "image": "https://upload.wikimedia.org/wikipedia/commons/thumb/8/84/Sandro_Botticelli_-_Retour_de_Judith_1.JPG/500px-Sandro_Botticelli_-_Retour_de_Judith_1.JPG?utm_source=en.wikipedia.org&amp;utm_campaign=parser&amp;utm_content=thumbnail",
    "notable": true,
    "wikipedia_en": "https://en.wikipedia.org/wiki/The_Return_of_Judith_to_Bethulia",
    "creation_place": "Florence",
    "creation_lat": 43.7696,
    "creation_lon": 11.2558,
    "_source": {
     "source": "Wikipedia: List of paintings by Sandro Botticelli",
     "coord": "MediaWiki coordinates API"
    },
    "museum_id": "uffizi-gallery",
    "qid": "Q2267509",
    "wikidata": "https://www.wikidata.org/wiki/Q2267509"
   }
  },
  {
   "type": "Feature",
   "geometry": {
    "type": "Point",
    "coordinates": [
     -0.17194,
     51.49667
    ]
   },
   "properties": {
    "painter": "Botticelli",
    "title": "Portrait of Esmeralda Brandini",
    "year": "1470–1475",
    "city": "London",
    "country": "United Kingdom",
    "location": "Victoria and Albert Museum",
    "attribution": "generally accepted",
    "medium": "Tempera on panel",
    "dimensions": "65.7 × 41 cm",
    "image": "https://upload.wikimedia.org/wikipedia/commons/thumb/8/80/Alessandro_Botticelli_Portrait_of_a_Lady_%28Smeralda_Brandini%29.jpg/500px-Alessandro_Botticelli_Portrait_of_a_Lady_%28Smeralda_Brandini%29.jpg?utm_source=en.wikipedia.org&amp;utm_campaign=parser&amp;utm_content=thumbnail",
    "notable": true,
    "wikipedia_en": "https://en.wikipedia.org/wiki/Portrait_of_a_Lady_known_as_Esmeralda_Brandini",
    "creation_place": "Florence",
    "creation_lat": 43.7696,
    "creation_lon": 11.2558,
    "_source": {
     "source": "Wikipedia: List of paintings by Sandro Botticelli",
     "coord": "MediaWiki coordinates API"
    },
    "museum_id": "victoria-and-albert-museum",
    "qid": "Q1113861",
    "wikidata": "https://www.wikidata.org/wiki/Q1113861",
    "wga_url": "https://www.wga.hu/html/b/botticel/7portrai/02lady.html"
   }
  },
  {
   "type": "Feature",
   "geometry": {
    "type": "Point",
    "coordinates": [
     -0.128333333,
     51.508888888
    ]
   },
   "properties": {
    "painter": "Botticelli",
    "title": "Adoration of the Magi of ca. 1470-1475",
    "year": "1470",
    "location": "National Gallery",
    "city": "City of Westminster",
    "country": "United Kingdom",
    "attribution": "generally accepted",
    "image": "https://commons.wikimedia.org/wiki/Special:FilePath/Sandro%20Botticelli%20-%20Adorazione%20dei%20Magi%20-%20National%20Gallery%20London.jpg?width=500",
    "qid": "Q18749685",
    "wikidata": "https://www.wikidata.org/wiki/Q18749685",
    "_source": {
     "source": "Wikidata",
     "url": "https://www.wikidata.org/wiki/Q18749685",
     "note": "harvested: painting by this creator with an image and a documented collection"
    },
    "creation_place": "Florence",
    "creation_lat": 43.771389,
    "creation_lon": 11.254167,
    "_overrides": {
     "creation": {
      "at": "2026-08-24",
      "source": "derived",
      "note": "creation place inferred from the painter's itinerary at this work's date (approximate)"
     }
    },
    "dimensions": "diameter 130.8 cm",
    "medium": "Tempera on panel"
   }
  },
  {
   "type": "Feature",
   "geometry": {
    "type": "Point",
    "coordinates": [
     -81.03611,
     34.00583
    ]
   },
   "properties": {
    "painter": "Botticelli",
    "title": "Nativity",
    "year": "1473–1475",
    "location": "Columbia Museum of Art",
    "attribution": "generally accepted",
    "medium": "Fresco transferred to canvas",
    "dimensions": "160 × 140 cm",
    "image": "https://upload.wikimedia.org/wikipedia/commons/thumb/b/b5/Botticelli_Nativity.jpg/500px-Botticelli_Nativity.jpg?utm_source=en.wikipedia.org&amp;utm_campaign=parser&amp;utm_content=thumbnail",
    "notable": true,
    "creation_place": "Florence",
    "creation_lat": 43.7696,
    "creation_lon": 11.2558,
    "_source": {
     "source": "Wikipedia: List of paintings by Sandro Botticelli",
     "coord": "MediaWiki coordinates API"
    },
    "museum_id": "columbia-museum-of-art",
    "city": "US",
    "qid": "Q134547872",
    "wikidata": "https://www.wikidata.org/wiki/Q134547872",
    "_overrides": {
     "qid": {
      "at": "2026-08-24",
      "source": "Wikidata reconciliation",
      "note": "matched to Q134547872 by normalised title + year (±8), same creator (merge_wd_extras)"
     }
    }
   }
  },
  {
   "type": "Feature",
   "geometry": {
    "type": "Point",
    "coordinates": [
     13.3647,
     52.5086
    ]
   },
   "properties": {
    "painter": "Botticelli",
    "title": "St. Sebastian",
    "year": "1474",
    "city": "Berlin",
    "country": "Germany",
    "location": "Gemäldegalerie",
    "attribution": "generally accepted",
    "medium": "Tempera on panel",
    "dimensions": "195 × 75 cm",
    "image": "https://upload.wikimedia.org/wikipedia/commons/thumb/4/4c/Sandro_Botticelli_054.jpg/500px-Sandro_Botticelli_054.jpg?utm_source=en.wikipedia.org&amp;utm_campaign=parser&amp;utm_content=thumbnail",
    "notable": true,
    "wikipedia_en": "https://en.wikipedia.org/wiki/St._Sebastian_(Botticelli)",
    "creation_place": "Florence",
    "creation_lat": 43.7696,
    "creation_lon": 11.2558,
    "_source": {
     "source": "Wikipedia: List of paintings by Sandro Botticelli",
     "coord": "MediaWiki coordinates API"
    },
    "museum_id": "gemaldegalerie",
    "qid": "Q2303840",
    "wikidata": "https://www.wikidata.org/wiki/Q2303840"
   }
  },
  {
   "type": "Feature",
   "geometry": {
    "type": "Point",
    "coordinates": [
     11.25528,
     43.76833
    ]
   },
   "properties": {
    "painter": "Botticelli",
    "title": "Portrait of a Man with a Medal of Cosimo the Elder",
    "year": "c. 1474–1475",
    "city": "Florence",
    "country": "Italy",
    "location": "Uffizi Gallery",
    "attribution": "generally accepted",
    "medium": "Tempera on panel",
    "dimensions": "51.5 × 44 cm",
    "image": "https://upload.wikimedia.org/wikipedia/commons/thumb/b/b1/Sandro_Botticelli_-_Portrait_of_a_Man_with_a_Medal_of_Cosimo_the_Elder.jpg/500px-Sandro_Botticelli_-_Portrait_of_a_Man_with_a_Medal_of_Cosimo_the_Elder.jpg?utm_source=en.wikipedia.org&amp;utm_campaign=parser&amp;utm_content=thumbnail",
    "notable": true,
    "wikipedia_en": "https://en.wikipedia.org/wiki/Portrait_of_a_Man_with_a_Medal_of_Cosimo_the_Elder",
    "creation_place": "Florence",
    "creation_lat": 43.7696,
    "creation_lon": 11.2558,
    "_source": {
     "source": "Wikipedia: List of paintings by Sandro Botticelli",
     "coord": "MediaWiki coordinates API"
    },
    "museum_id": "uffizi-gallery",
    "qid": "Q959174",
    "wikidata": "https://www.wikidata.org/wiki/Q959174",
    "wga_url": "https://www.wga.hu/html/b/botticel/7portrai/04medal.html"
   }
  },
  {
   "type": "Feature",
   "geometry": {
    "type": "Point",
    "coordinates": [
     11.2501,
     43.7652
    ]
   },
   "properties": {
    "painter": "Botticelli",
    "title": "Portrait of a Young Woman",
    "year": "c. 1475",
    "city": "Florence",
    "country": "Italy",
    "location": "Palazzo Pitti",
    "attribution": "generally accepted",
    "medium": "Tempera on panel",
    "dimensions": "61 × 40 cm",
    "image": "https://upload.wikimedia.org/wikipedia/commons/thumb/5/5c/Sandro_Botticelli_-_Ritratto_di_giovane_donna.jpg/500px-Sandro_Botticelli_-_Ritratto_di_giovane_donna.jpg?utm_source=en.wikipedia.org&amp;utm_campaign=parser&amp;utm_content=thumbnail",
    "notable": true,
    "creation_place": "Florence",
    "creation_lat": 43.7696,
    "creation_lon": 11.2558,
    "_source": {
     "source": "Wikipedia: List of paintings by Sandro Botticelli",
     "coord": "MediaWiki coordinates API"
    },
    "museum_id": "palazzo-pitti",
    "wga_url": "https://www.wga.hu/html/b/botticel/7portrai/03youngw.html",
    "qid": "Q2405771",
    "wikidata": "https://www.wikidata.org/wiki/Q2405771",
    "_overrides": {
     "qid": {
      "at": "2026-08-24",
      "source": "Wikidata reconciliation",
      "note": "matched to Q2405771 by normalised title + year (±8), same creator (merge_wd_extras)"
     }
    }
   }
  },
  {
   "type": "Feature",
   "geometry": {
    "type": "Point",
    "coordinates": [
     11.25528,
     43.76833
    ]
   },
   "properties": {
    "painter": "Botticelli",
    "title": "Adoration of the Magi",
    "year": "c. 1475",
    "city": "Florence",
    "country": "Italy",
    "location": "Uffizi Gallery",
    "attribution": "generally accepted",
    "medium": "Tempera on panel",
    "dimensions": "111 × 134 cm",
    "image": "https://upload.wikimedia.org/wikipedia/commons/thumb/a/ab/Botticelli%2C_adorazione_dei_magi_uffizi.jpg/500px-Botticelli%2C_adorazione_dei_magi_uffizi.jpg?utm_source=en.wikipedia.org&amp;utm_campaign=parser&amp;utm_content=thumbnail",
    "notable": true,
    "wikipedia_en": "https://en.wikipedia.org/wiki/Adoration_of_the_Magi_of_1475_(Botticelli)",
    "creation_place": "Florence",
    "creation_lat": 43.7696,
    "creation_lon": 11.2558,
    "_source": {
     "source": "Wikipedia: List of paintings by Sandro Botticelli",
     "coord": "MediaWiki coordinates API"
    },
    "museum_id": "uffizi-gallery",
    "qid": "Q488825",
    "wikidata": "https://www.wikidata.org/wiki/Q488825",
    "wga_url": "https://www.wga.hu/html/b/botticel/21/20adorat.html"
   }
  },
  {
   "type": "Feature",
   "geometry": {
    "type": "Point",
    "coordinates": [
     12.4449,
     50.9919
    ]
   },
   "properties": {
    "painter": "Botticelli",
    "title": "Portrait of a Lady (with the attributes of the Saint Catherine of Alexandria)",
    "year": "1475",
    "location": "Lindenau museum",
    "city": "Altenburg",
    "country": "Germany",
    "attribution": "generally accepted",
    "image": "https://commons.wikimedia.org/wiki/Special:FilePath/Sandro%20botticelli%20lindenau.jpg?width=500",
    "qid": "Q48445147",
    "wikidata": "https://www.wikidata.org/wiki/Q48445147",
    "_source": {
     "source": "Wikidata",
     "url": "https://www.wikidata.org/wiki/Q48445147",
     "note": "harvested: painting by this creator with an image and a documented collection"
    },
    "creation_place": "Florence",
    "creation_lat": 43.771389,
    "creation_lon": 11.254167,
    "_overrides": {
     "creation": {
      "at": "2026-08-24",
      "source": "derived",
      "note": "creation place inferred from the painter's itinerary at this work's date (approximate)"
     }
    },
    "dimensions": "53.2 × 37.8 cm",
    "medium": "Tempera on panel"
   }
  },
  {
   "type": "Feature",
   "geometry": {
    "type": "Point",
    "coordinates": [
     9.6758,
     45.7042
    ]
   },
   "properties": {
    "painter": "Botticelli",
    "title": "Portrait of Giuliano de' Medici",
    "year": "c. 1475",
    "city": "Bergamo",
    "location": "Accademia Carrara",
    "attribution": "generally accepted",
    "medium": "Tempera on panel",
    "dimensions": "54 × 36 cm",
    "image": "https://upload.wikimedia.org/wikipedia/commons/thumb/5/5e/Botticelli%2C_ritratto_di_giuliano_de%27_medici_bergamo.jpg/500px-Botticelli%2C_ritratto_di_giuliano_de%27_medici_bergamo.jpg?utm_source=en.wikipedia.org&amp;utm_campaign=parser&amp;utm_content=thumbnail",
    "notable": true,
    "creation_place": "Florence",
    "creation_lat": 43.7696,
    "creation_lon": 11.2558,
    "_source": {
     "source": "Wikipedia: List of paintings by Sandro Botticelli",
     "coord": "MediaWiki coordinates API"
    },
    "museum_id": "accademia-carrara",
    "country": "Italy",
    "wga_url": "https://www.wga.hu/html/b/botticel/7portrai/06medici.html",
    "qid": "Q3399442",
    "wikidata": "https://www.wikidata.org/wiki/Q3399442",
    "_overrides": {
     "qid": {
      "at": "2026-08-24",
      "source": "Wikidata reconciliation",
      "note": "matched to Q3399442 by normalised title + year (±8), same creator (merge_wd_extras)"
     }
    }
   }
  },
  {
   "type": "Feature",
   "geometry": {
    "type": "Point",
    "coordinates": [
     -0.1283,
     51.5089
    ]
   },
   "properties": {
    "painter": "Botticelli",
    "title": "Saint Francis of Assisi with Angels",
    "year": "c. 1475–1480",
    "city": "London",
    "country": "United Kingdom",
    "location": "National Gallery",
    "attribution": "generally accepted",
    "medium": "Tempera and oil on panel",
    "dimensions": "49.5 × 31.8 cm",
    "image": "https://upload.wikimedia.org/wikipedia/commons/thumb/f/f9/Botticelli_London_101.jpg/500px-Botticelli_London_101.jpg?utm_source=en.wikipedia.org&amp;utm_campaign=parser&amp;utm_content=thumbnail",
    "notable": true,
    "creation_place": "Florence",
    "creation_lat": 43.7696,
    "creation_lon": 11.2558,
    "_source": {
     "source": "Wikipedia: List of paintings by Sandro Botticelli",
     "coord": "MediaWiki coordinates API"
    },
    "museum_id": "national-gallery",
    "qid": "Q26493330",
    "wikidata": "https://www.wikidata.org/wiki/Q26493330",
    "_overrides": {
     "qid": {
      "at": "2026-08-24",
      "source": "Wikidata reconciliation",
      "note": "matched to Q26493330 by normalised title + year (±8), same creator (merge_wd_extras)"
     }
    }
   }
  },
  {
   "type": "Feature",
   "geometry": {
    "type": "Point",
    "coordinates": [
     -87.62389,
     41.87944
    ]
   },
   "properties": {
    "painter": "Botticelli",
    "title": "Madonna and Child",
    "year": "c. 1475–1485",
    "city": "Chicago",
    "country": "United States",
    "location": "Art Institute of Chicago",
    "attribution": "generally accepted",
    "medium": "Tempera on panel",
    "dimensions": "85.8 × 59.1 cm",
    "image": "https://upload.wikimedia.org/wikipedia/commons/thumb/2/2c/Botticelli_chicago_29.jpg/500px-Botticelli_chicago_29.jpg?utm_source=en.wikipedia.org&amp;utm_campaign=parser&amp;utm_content=thumbnail",
    "notable": true,
    "creation_place": "Florence",
    "creation_lat": 43.7696,
    "creation_lon": 11.2558,
    "_source": {
     "source": "Wikipedia: List of paintings by Sandro Botticelli",
     "coord": "MediaWiki coordinates API"
    },
    "museum_id": "art-institute-of-chicago"
   }
  },
  {
   "type": "Feature",
   "geometry": {
    "type": "Point",
    "coordinates": [
     11.2493,
     43.7746
    ]
   },
   "properties": {
    "painter": "Botticelli",
    "title": "The Birth of Christ",
    "year": "1476–1477",
    "city": "Florence",
    "country": "Italy",
    "location": "Basilica of Santa Maria Novella",
    "attribution": "generally accepted",
    "medium": "Fresco",
    "dimensions": "200 × 300 cm",
    "image": "https://upload.wikimedia.org/wikipedia/commons/thumb/6/68/Botticelli%2C_adorazione_del_bambino.jpg/500px-Botticelli%2C_adorazione_del_bambino.jpg?utm_source=en.wikipedia.org&amp;utm_campaign=parser&amp;utm_content=thumbnail",
    "notable": true,
    "creation_place": "Florence",
    "creation_lat": 43.7696,
    "creation_lon": 11.2558,
    "_source": {
     "source": "Wikipedia: List of paintings by Sandro Botticelli",
     "coord": "MediaWiki coordinates API"
    },
    "museum_id": "basilica-of-santa-maria-novella",
    "wga_url": "https://www.wga.hu/html/b/botticel/21/4birth.html"
   }
  },
  {
   "type": "Feature",
   "geometry": {
    "type": "Point",
    "coordinates": [
     13.3647,
     52.5086
    ]
   },
   "properties": {
    "painter": "Botticelli",
    "title": "Madonna and Child with Eight Angels",
    "year": "c. 1478",
    "city": "Berlin",
    "country": "Germany",
    "location": "Gemäldegalerie",
    "attribution": "generally accepted",
    "medium": "Tempera on panel",
    "dimensions": "diameter 135 cm",
    "image": "https://upload.wikimedia.org/wikipedia/commons/thumb/7/74/Sandro_Botticelli_%281445_-_1510%29_-_The_Virgin_and_Child_with_singing_Angels_%28Raczy%C5%84ski_Tondo%29_-_102A_-_Gem%C3%A4ldegalerie.jpg/500px-Sandro_Botticelli_%281445_-_1510%29_-_The_Virgin_and_Child_with_singing_Angels_%28Raczy%C5%84ski_Tondo%29_-_102A_-_Gem%C3%A4ldegalerie.jpg?utm_source=en.wikipedia.org&amp;utm_campaign=parser&amp;utm_content=thumbnail",
    "notable": true,
    "creation_place": "Florence",
    "creation_lat": 43.7696,
    "creation_lon": 11.2558,
    "_source": {
     "source": "Wikipedia: List of paintings by Sandro Botticelli",
     "coord": "MediaWiki coordinates API"
    },
    "museum_id": "gemaldegalerie",
    "wga_url": "https://www.wga.hu/html/b/botticel/22/1madonna.html"
   }
  },
  {
   "type": "Feature",
   "geometry": {
    "type": "Point",
    "coordinates": [
     13.3647,
     52.5086
    ]
   },
   "properties": {
    "painter": "Botticelli",
    "title": "Portrait of Giuliano de' Medici",
    "year": "1478",
    "city": "Berlin",
    "country": "Germany",
    "location": "Gemäldegalerie",
    "attribution": "generally accepted",
    "medium": "Tempera on panel",
    "dimensions": "54 × 36 cm",
    "image": "https://upload.wikimedia.org/wikipedia/commons/thumb/e/ec/Sandro_Botticelli_-_Giuliano_de%27_Medici_%28Gem%C3%A4ldegalerie_Berlin%29.jpg/500px-Sandro_Botticelli_-_Giuliano_de%27_Medici_%28Gem%C3%A4ldegalerie_Berlin%29.jpg?utm_source=en.wikipedia.org&amp;utm_campaign=parser&amp;utm_content=thumbnail",
    "notable": true,
    "wikipedia_en": "https://en.wikipedia.org/wiki/Portrait_of_Giuliano_de%27_Medici_(Botticelli,_Berlin)",
    "creation_place": "Florence",
    "creation_lat": 43.7696,
    "creation_lon": 11.2558,
    "_source": {
     "source": "Wikipedia: List of paintings by Sandro Botticelli",
     "coord": "MediaWiki coordinates API"
    },
    "museum_id": "gemaldegalerie",
    "qid": "Q2272723",
    "wikidata": "https://www.wikidata.org/wiki/Q2272723",
    "wga_url": "https://www.wga.hu/html/b/botticel/7portrai/07medici.html"
   }
  },
  {
   "type": "Feature",
   "geometry": {
    "type": "Point",
    "coordinates": [
     -77.02,
     38.8914
    ]
   },
   "properties": {
    "painter": "Botticelli",
    "title": "Portrait of Giuliano de' Medici",
    "year": "1478–1482",
    "city": "Washington",
    "country": "United States",
    "location": "National Gallery of Art",
    "attribution": "generally accepted",
    "medium": "Tempera on panel",
    "dimensions": "75.5 × 52.5 cm",
    "image": "https://upload.wikimedia.org/wikipedia/commons/thumb/9/98/Giuliano_de%27_Medici_by_Sandro_Botticelli.jpeg/500px-Giuliano_de%27_Medici_by_Sandro_Botticelli.jpeg?utm_source=en.wikipedia.org&amp;utm_campaign=parser&amp;utm_content=thumbnail",
    "notable": true,
    "creation_place": "Florence",
    "creation_lat": 43.7696,
    "creation_lon": 11.2558,
    "_source": {
     "source": "Wikipedia: List of paintings by Sandro Botticelli",
     "coord": "MediaWiki coordinates API"
    },
    "museum_id": "national-gallery-of-art",
    "wga_url": "https://www.wga.hu/html/b/botticel/7portrai/06medici.html"
   }
  },
  {
   "type": "Feature",
   "geometry": {
    "type": "Point",
    "coordinates": [
     -77.02,
     38.8914
    ]
   },
   "properties": {
    "painter": "Botticelli",
    "title": "Adoration of the Magi",
    "year": "1478–1482",
    "city": "Washington",
    "country": "United States",
    "location": "National Gallery of Art",
    "attribution": "generally accepted",
    "medium": "Tempera on panel",
    "dimensions": "70 × 104.2 cm",
    "image": "https://upload.wikimedia.org/wikipedia/commons/thumb/2/2e/Sandro_Botticelli_-_The_Adoration_of_the_Magi_-_Google_Art_Project.jpg/500px-Sandro_Botticelli_-_The_Adoration_of_the_Magi_-_Google_Art_Project.jpg?utm_source=en.wikipedia.org&amp;utm_campaign=parser&amp;utm_content=thumbnail",
    "notable": true,
    "creation_place": "Florence",
    "creation_lat": 43.7696,
    "creation_lon": 11.2558,
    "_source": {
     "source": "Wikipedia: List of paintings by Sandro Botticelli",
     "coord": "MediaWiki coordinates API"
    },
    "museum_id": "national-gallery-of-art",
    "wga_url": "https://www.wga.hu/html/b/botticel/1early/050adora.html"
   }
  },
  {
   "type": "Feature",
   "geometry": {
    "type": "Point",
    "coordinates": [
     -73.63444,
     43.31028
    ]
   },
   "properties": {
    "painter": "Botticelli",
    "title": "The Annunciation",
    "year": "c. 1479",
    "city": "Glens Falls",
    "location": "The Hyde Collection",
    "attribution": "generally accepted",
    "medium": "Tempera on panel",
    "dimensions": "19 × 30 cm",
    "image": "https://upload.wikimedia.org/wikipedia/commons/thumb/3/3d/Sandro_Botticelli_-_Annunciation%2C_early_1490s.JPG/500px-Sandro_Botticelli_-_Annunciation%2C_early_1490s.JPG?utm_source=en.wikipedia.org&amp;utm_campaign=parser&amp;utm_content=thumbnail",
    "notable": true,
    "creation_place": "Florence",
    "creation_lat": 43.7696,
    "creation_lon": 11.2558,
    "_source": {
     "source": "Wikipedia: List of paintings by Sandro Botticelli",
     "coord": "MediaWiki coordinates API"
    },
    "museum_id": "the-hyde-collection",
    "country": "United States",
    "wga_url": "https://www.wga.hu/html/b/botticel/22/6annunci.html",
    "qid": "Q3202069",
    "wikidata": "https://www.wikidata.org/wiki/Q3202069",
    "_overrides": {
     "qid": {
      "at": "2026-08-24",
      "source": "Wikidata reconciliation",
      "note": "matched to Q3202069 by normalised title + year (±8), same creator (merge_wd_extras)"
     }
    }
   }
  },
  {
   "type": "Feature",
   "geometry": {
    "type": "Point",
    "coordinates": [
     11.25417,
     43.77139
    ]
   },
   "properties": {
    "painter": "Botticelli",
    "title": "St. Augustine",
    "year": "1480",
    "city": "Florence",
    "country": "Italy",
    "location": "Ognissanti",
    "attribution": "generally accepted",
    "medium": "Fresco",
    "dimensions": "152 × 112 cm",
    "image": "https://upload.wikimedia.org/wikipedia/commons/thumb/0/03/Sandro_Botticelli_050.jpg/500px-Sandro_Botticelli_050.jpg?utm_source=en.wikipedia.org&amp;utm_campaign=parser&amp;utm_content=thumbnail",
    "notable": true,
    "wikipedia_en": "https://en.wikipedia.org/wiki/St._Augustine_(Botticelli)",
    "creation_place": "Florence",
    "creation_lat": 43.7696,
    "creation_lon": 11.2558,
    "_source": {
     "source": "Wikipedia: List of paintings by Sandro Botticelli",
     "coord": "MediaWiki coordinates API"
    },
    "museum_id": "ognissanti",
    "qid": "Q1114329",
    "wikidata": "https://www.wikidata.org/wiki/Q1114329",
    "wga_url": "https://www.wga.hu/html/b/botticel/21/5augustu.html"
   }
  },
  {
   "type": "Feature",
   "geometry": {
    "type": "Point",
    "coordinates": [
     13.3647,
     52.5086
    ]
   },
   "properties": {
    "painter": "Botticelli",
    "title": "Portrait of a Young Woman",
    "year": "after 1480",
    "city": "Berlin",
    "country": "Germany",
    "location": "Gemäldegalerie",
    "attribution": "generally accepted",
    "medium": "Tempera on panel",
    "dimensions": "47.5 × 35 cm",
    "image": "https://upload.wikimedia.org/wikipedia/commons/thumb/d/d2/Sandro_Botticelli_066.jpg/500px-Sandro_Botticelli_066.jpg?utm_source=en.wikipedia.org&amp;utm_campaign=parser&amp;utm_content=thumbnail",
    "notable": true,
    "creation_place": "Florence",
    "creation_lat": 43.7696,
    "creation_lon": 11.2558,
    "_source": {
     "source": "Wikipedia: List of paintings by Sandro Botticelli",
     "coord": "MediaWiki coordinates API"
    },
    "museum_id": "gemaldegalerie",
    "wga_url": "https://www.wga.hu/html/b/botticel/7portrai/03youngw.html"
   }
  },
  {
   "type": "Feature",
   "geometry": {
    "type": "Point",
    "coordinates": [
     -83.0647,
     42.3594
    ]
   },
   "properties": {
    "painter": "Botticelli",
    "title": "The Resurrected Christ",
    "year": "c. 1480",
    "location": "Detroit Institute of Arts",
    "attribution": "generally accepted",
    "medium": "Paint on wood panel (transferred)",
    "dimensions": "45.7 × 29.8 cm",
    "image": "https://upload.wikimedia.org/wikipedia/commons/thumb/6/64/Botticelli_Detroit_90.jpg/500px-Botticelli_Detroit_90.jpg?utm_source=en.wikipedia.org&amp;utm_campaign=parser&amp;utm_content=thumbnail",
    "notable": true,
    "creation_place": "Florence",
    "creation_lat": 43.7696,
    "creation_lon": 11.2558,
    "_source": {
     "source": "Wikipedia: List of paintings by Sandro Botticelli",
     "coord": "MediaWiki coordinates API"
    },
    "museum_id": "detroit-institute-of-arts",
    "city": "Detroit",
    "country": "United States",
    "qid": "Q64514470",
    "wikidata": "https://www.wikidata.org/wiki/Q64514470",
    "_overrides": {
     "qid": {
      "at": "2026-08-24",
      "source": "Wikidata reconciliation",
      "note": "matched to Q64514470 by normalised title + year (±8), same creator (merge_wd_extras)"
     }
    }
   }
  },
  {
   "type": "Feature",
   "geometry": {
    "type": "Point",
    "coordinates": [
     9.19158,
     45.46866
    ]
   },
   "properties": {
    "painter": "Botticelli",
    "title": "Madonna of the Book ( Madonna del Libro )",
    "year": "c. 1480–1481",
    "city": "Milan",
    "country": "Italy",
    "location": "Museo Poldi Pezzoli",
    "attribution": "generally accepted",
    "medium": "Tempera on panel",
    "dimensions": "58 × 39.6 cm",
    "image": "https://upload.wikimedia.org/wikipedia/commons/thumb/e/ec/Sandro_Botticelli_065_E4.jpg/500px-Sandro_Botticelli_065_E4.jpg?utm_source=en.wikipedia.org&amp;utm_campaign=parser&amp;utm_content=thumbnail",
    "notable": true,
    "wikipedia_en": "https://en.wikipedia.org/wiki/Madonna_of_the_Book_(Botticelli)",
    "creation_place": "Florence",
    "creation_lat": 43.7696,
    "creation_lon": 11.2558,
    "_source": {
     "source": "Wikipedia: List of paintings by Sandro Botticelli",
     "coord": "MediaWiki coordinates API"
    },
    "museum_id": "museo-poldi-pezzoli",
    "qid": "Q2269585",
    "wikidata": "https://www.wikidata.org/wiki/Q2269585",
    "wga_url": "https://www.wga.hu/html/b/botticel/22/2libro.html"
   }
  },
  {
   "type": "Feature",
   "geometry": {
    "type": "Point",
    "coordinates": [
     -0.1283,
     51.5089
    ]
   },
   "properties": {
    "painter": "Botticelli",
    "title": "Portrait of a Young Man",
    "year": "1480–1485",
    "city": "London",
    "country": "United Kingdom",
    "location": "National Gallery",
    "attribution": "generally accepted",
    "medium": "Tempera and oil on panel",
    "dimensions": "37.5 × 28.3 cm",
    "image": "https://upload.wikimedia.org/wikipedia/commons/thumb/4/45/Sandro_Botticelli_070.jpg/500px-Sandro_Botticelli_070.jpg?utm_source=en.wikipedia.org&amp;utm_campaign=parser&amp;utm_content=thumbnail",
    "notable": true,
    "wikipedia_en": "https://en.wikipedia.org/wiki/Portrait_of_a_Young_Man_(Botticelli,_London)",
    "creation_place": "Florence",
    "creation_lat": 43.7696,
    "creation_lon": 11.2558,
    "_source": {
     "source": "Wikipedia: List of paintings by Sandro Botticelli",
     "coord": "MediaWiki coordinates API"
    },
    "museum_id": "national-gallery",
    "qid": "Q1760564",
    "wikidata": "https://www.wikidata.org/wiki/Q1760564",
    "wga_url": "https://www.wga.hu/html/b/botticel/7portrai/10youngm.html"
   }
  },
  {
   "type": "Feature",
   "geometry": {
    "type": "Point",
    "coordinates": [
     8.67388,
     50.10322
    ]
   },
   "properties": {
    "painter": "Botticelli",
    "title": "Portrait of a Young Woman",
    "year": "1480–1485",
    "city": "Frankfurt",
    "country": "Germany",
    "location": "Städel Museum",
    "attribution": "generally accepted",
    "medium": "Tempera on wood",
    "dimensions": "82 × 54 cm",
    "image": "https://upload.wikimedia.org/wikipedia/commons/thumb/2/25/Sandro_Botticelli_-_Idealized_Portrait_of_a_Lady_%28Portrait_of_Simonetta_Vespucci_as_Nymph%29_-_Google_Art_Project.jpg/500px-Sandro_Botticelli_-_Idealized_Portrait_of_a_Lady_%28Portrait_of_Simonetta_Vespucci_as_Nymph%29_-_Google_Art_Project.jpg?utm_source=en.wikipedia.org&amp;utm_campaign=parser&amp;utm_content=thumbnail",
    "notable": true,
    "wikipedia_en": "https://en.wikipedia.org/wiki/Portrait_of_a_Young_Woman_(Botticelli,_Frankfurt)",
    "creation_place": "Florence",
    "creation_lat": 43.7696,
    "creation_lon": 11.2558,
    "_source": {
     "source": "Wikipedia: List of paintings by Sandro Botticelli",
     "coord": "MediaWiki coordinates API"
    },
    "museum_id": "stadel-museum",
    "qid": "Q4373363",
    "wikidata": "https://www.wikidata.org/wiki/Q4373363",
    "wga_url": "https://www.wga.hu/html/b/botticel/7portrai/08youngw.html"
   }
  },
  {
   "type": "Feature",
   "geometry": {
    "type": "Point",
    "coordinates": [
     -77.02,
     38.891388888
    ]
   },
   "properties": {
    "painter": "Botticelli",
    "title": "The Virgin Adoring the Child",
    "year": "1490",
    "location": "Galería Nacional de Arte",
    "city": "Washington, D.C.",
    "country": "United States",
    "attribution": "generally accepted",
    "image": "https://commons.wikimedia.org/wiki/Special:FilePath/The%20Virgin%20Adoring%20the%20Child%20c1490%20Sandro%20Botticelli.jpg?width=500",
    "qid": "Q20174377",
    "wikidata": "https://www.wikidata.org/wiki/Q20174377",
    "_source": {
     "source": "Wikidata",
     "url": "https://www.wikidata.org/wiki/Q20174377",
     "note": "harvested: painting by this creator with an image and a documented collection"
    },
    "creation_place": "Florence",
    "creation_lat": 43.771389,
    "creation_lon": 11.254167,
    "_overrides": {
     "creation": {
      "at": "2026-08-24",
      "source": "derived",
      "note": "creation place inferred from the painter's itinerary at this work's date (approximate)"
     }
    },
    "dimensions": "diameter 58.9 cm",
    "medium": "Tempera on panel"
   }
  },
  {
   "type": "Feature",
   "geometry": {
    "type": "Point",
    "coordinates": [
     11.25528,
     43.76833
    ]
   },
   "properties": {
    "painter": "Botticelli",
    "title": "Annunciation",
    "year": "1481",
    "city": "Florence",
    "country": "Italy",
    "location": "Uffizi Gallery",
    "attribution": "generally accepted",
    "medium": "Fresco",
    "dimensions": "243 × 550 cm",
    "image": "https://upload.wikimedia.org/wikipedia/commons/thumb/a/a1/Botticelli_-_Annunciation%2C_1481_%28Uffizi%29.jpg/500px-Botticelli_-_Annunciation%2C_1481_%28Uffizi%29.jpg?utm_source=en.wikipedia.org&amp;utm_campaign=parser&amp;utm_content=thumbnail",
    "notable": true,
    "creation_place": "Florence",
    "creation_lat": 43.7696,
    "creation_lon": 11.2558,
    "_source": {
     "source": "Wikipedia: List of paintings by Sandro Botticelli",
     "coord": "MediaWiki coordinates API"
    },
    "museum_id": "uffizi-gallery",
    "wga_url": "https://www.wga.hu/html/b/botticel/21/6annunci.html"
   }
  },
  {
   "type": "Feature",
   "geometry": {
    "type": "Point",
    "coordinates": [
     12.45443,
     41.90296
    ]
   },
   "properties": {
    "painter": "Botticelli",
    "title": "St. Sixtus II",
    "year": "1481",
    "city": "Vatican City",
    "location": "Sistine Chapel",
    "attribution": "generally accepted",
    "medium": "Fresco",
    "dimensions": "210 × 80 cm",
    "image": "https://upload.wikimedia.org/wikipedia/commons/thumb/d/d8/Sandro_Botticelli_-_St_Sixtus_II_-_WGA2754.jpg/500px-Sandro_Botticelli_-_St_Sixtus_II_-_WGA2754.jpg?utm_source=en.wikipedia.org&amp;utm_campaign=parser&amp;utm_content=thumbnail",
    "notable": true,
    "creation_place": "Florence",
    "creation_lat": 43.7696,
    "creation_lon": 11.2558,
    "_source": {
     "source": "Wikipedia: List of paintings by Sandro Botticelli",
     "coord": "MediaWiki coordinates API"
    },
    "museum_id": "sistine-chapel",
    "country": "Vatican City",
    "wga_url": "https://www.wga.hu/html/b/botticel/4sistina/sixtus2.html"
   }
  },
  {
   "type": "Feature",
   "geometry": {
    "type": "Point",
    "coordinates": [
     12.45443,
     41.90296
    ]
   },
   "properties": {
    "painter": "Botticelli",
    "title": "Punishment of Korah, Dathan and Abiram",
    "year": "1481–1482",
    "city": "Vatican City",
    "location": "Sistine Chapel",
    "attribution": "generally accepted",
    "medium": "Fresco",
    "dimensions": "348.5 × 570 cm",
    "image": "https://upload.wikimedia.org/wikipedia/commons/thumb/3/3d/Life_of_Moses_-_Botticelli_-_Sistine_Chapel.jpg/500px-Life_of_Moses_-_Botticelli_-_Sistine_Chapel.jpg?utm_source=en.wikipedia.org&amp;utm_campaign=parser&amp;utm_content=thumbnail",
    "notable": true,
    "wikipedia_en": "https://en.wikipedia.org/wiki/Punishment_of_the_Rebels",
    "creation_place": "Florence",
    "creation_lat": 43.7696,
    "creation_lon": 11.2558,
    "_source": {
     "source": "Wikipedia: List of paintings by Sandro Botticelli",
     "coord": "MediaWiki coordinates API"
    },
    "museum_id": "sistine-chapel",
    "country": "Vatican City",
    "qid": "Q2268688",
    "wikidata": "https://www.wikidata.org/wiki/Q2268688",
    "wga_url": "https://www.wga.hu/html/b/botticel/4sistina/punishme/korah.html"
   }
  },
  {
   "type": "Feature",
   "geometry": {
    "type": "Point",
    "coordinates": [
     12.45443,
     41.90296
    ]
   },
   "properties": {
    "painter": "Botticelli",
    "title": "The Temptations of Christ",
    "year": "1481–1482",
    "city": "Vatican City",
    "location": "Sistine Chapel",
    "attribution": "generally accepted",
    "medium": "Fresco",
    "dimensions": "345 × 555 cm",
    "image": "https://upload.wikimedia.org/wikipedia/commons/thumb/e/e6/Tentaciones_de_Cristo_%28Botticelli%29.jpg/500px-Tentaciones_de_Cristo_%28Botticelli%29.jpg?utm_source=en.wikipedia.org&amp;utm_campaign=parser&amp;utm_content=thumbnail",
    "notable": true,
    "wikipedia_en": "https://en.wikipedia.org/wiki/Temptations_of_Christ_(Botticelli)",
    "creation_place": "Florence",
    "creation_lat": 43.7696,
    "creation_lon": 11.2558,
    "_source": {
     "source": "Wikipedia: List of paintings by Sandro Botticelli",
     "coord": "MediaWiki coordinates API"
    },
    "museum_id": "sistine-chapel",
    "country": "Vatican City",
    "qid": "Q1131272",
    "wikidata": "https://www.wikidata.org/wiki/Q1131272"
   }
  },
  {
   "type": "Feature",
   "geometry": {
    "type": "Point",
    "coordinates": [
     12.45443,
     41.90296
    ]
   },
   "properties": {
    "painter": "Botticelli",
    "title": "The Trials of Moses",
    "year": "1481–1482",
    "city": "Vatican City",
    "location": "Sistine Chapel",
    "attribution": "generally accepted",
    "medium": "Fresco",
    "dimensions": "348.5 × 558 cm",
    "image": "https://upload.wikimedia.org/wikipedia/commons/thumb/7/77/Eventos_de_la_vida_de_Mois%C3%A9s_%28Sandro_Botticelli%29.jpg/500px-Eventos_de_la_vida_de_Mois%C3%A9s_%28Sandro_Botticelli%29.jpg?utm_source=en.wikipedia.org&amp;utm_campaign=parser&amp;utm_content=thumbnail",
    "notable": true,
    "wikipedia_en": "https://en.wikipedia.org/wiki/The_Trials_of_Moses_(Botticelli)",
    "creation_place": "Florence",
    "creation_lat": 43.7696,
    "creation_lon": 11.2558,
    "_source": {
     "source": "Wikipedia: List of paintings by Sandro Botticelli",
     "coord": "MediaWiki coordinates API"
    },
    "museum_id": "sistine-chapel",
    "country": "Vatican City",
    "qid": "Q2268725",
    "wikidata": "https://www.wikidata.org/wiki/Q2268725"
   }
  },
  {
   "type": "Feature",
   "geometry": {
    "type": "Point",
    "coordinates": [
     11.25528,
     43.76833
    ]
   },
   "properties": {
    "painter": "Botticelli",
    "title": "Magnificat Madonna",
    "year": "1481–1485",
    "city": "Florence",
    "country": "Italy",
    "location": "Uffizi Gallery",
    "attribution": "generally accepted",
    "medium": "Tempera on panel",
    "dimensions": "diameter 118 cm",
    "image": "https://upload.wikimedia.org/wikipedia/commons/thumb/a/a5/Botticelli_Uffizi_37.jpg/500px-Botticelli_Uffizi_37.jpg?utm_source=en.wikipedia.org&amp;utm_campaign=parser&amp;utm_content=thumbnail",
    "notable": true,
    "wikipedia_en": "https://en.wikipedia.org/wiki/Madonna_of_the_Magnificat_(Botticelli)",
    "creation_place": "Florence",
    "creation_lat": 43.7696,
    "creation_lon": 11.2558,
    "_source": {
     "source": "Wikipedia: List of paintings by Sandro Botticelli",
     "coord": "MediaWiki coordinates API"
    },
    "museum_id": "uffizi-gallery",
    "qid": "Q2551625",
    "wikidata": "https://www.wikidata.org/wiki/Q2551625",
    "wga_url": "https://www.wga.hu/html/b/botticel/22/30magnif.html"
   }
  },
  {
   "type": "Feature",
   "geometry": {
    "type": "Point",
    "coordinates": [
     11.25528,
     43.76833
    ]
   },
   "properties": {
    "painter": "Botticelli",
    "title": "Spring (Primavera)",
    "year": "c. 1482",
    "city": "Florence",
    "country": "Italy",
    "location": "Uffizi Gallery",
    "attribution": "generally accepted",
    "medium": "Tempera on panel",
    "dimensions": "203 × 314 cm",
    "image": "https://upload.wikimedia.org/wikipedia/commons/thumb/3/3c/Botticelli-primavera.jpg/500px-Botticelli-primavera.jpg?utm_source=en.wikipedia.org&amp;utm_campaign=parser&amp;utm_content=thumbnail",
    "notable": true,
    "wikipedia_en": "https://en.wikipedia.org/wiki/Primavera_(painting)",
    "creation_place": "Florence",
    "creation_lat": 43.7696,
    "creation_lon": 11.2558,
    "_source": {
     "source": "Wikipedia: List of paintings by Sandro Botticelli",
     "coord": "MediaWiki coordinates API"
    },
    "museum_id": "uffizi-gallery",
    "qid": "Q549847",
    "wikidata": "https://www.wikidata.org/wiki/Q549847",
    "wga_url": "https://www.wga.hu/html/b/botticel/5allegor/12primav.html"
   }
  },
  {
   "type": "Feature",
   "geometry": {
    "type": "Point",
    "coordinates": [
     11.25528,
     43.76833
    ]
   },
   "properties": {
    "painter": "Botticelli",
    "title": "Pallas and the Centaur",
    "year": "1482–1483",
    "city": "Florence",
    "country": "Italy",
    "location": "Uffizi Gallery",
    "attribution": "generally accepted",
    "medium": "Tempera on canvas",
    "dimensions": "207 × 148 cm",
    "image": "https://upload.wikimedia.org/wikipedia/commons/thumb/2/2f/Pallasetlecentaure.jpg/500px-Pallasetlecentaure.jpg?utm_source=en.wikipedia.org&amp;utm_campaign=parser&amp;utm_content=thumbnail",
    "notable": true,
    "wikipedia_en": "https://en.wikipedia.org/wiki/Pallas_and_the_Centaur",
    "creation_place": "Florence",
    "creation_lat": 43.7696,
    "creation_lon": 11.2558,
    "_source": {
     "source": "Wikipedia: List of paintings by Sandro Botticelli",
     "coord": "MediaWiki coordinates API"
    },
    "museum_id": "uffizi-gallery",
    "qid": "Q2426058",
    "wikidata": "https://www.wikidata.org/wiki/Q2426058",
    "wga_url": "https://www.wga.hu/html/b/botticel/5allegor/21pallas.html"
   }
  },
  {
   "type": "Feature",
   "geometry": {
    "type": "Point",
    "coordinates": [
     -77.02,
     38.8914
    ]
   },
   "properties": {
    "painter": "Botticelli",
    "title": "Portrait of a Young Man",
    "year": "c. 1482–1485",
    "city": "Washington",
    "country": "United States",
    "location": "National Gallery of Art",
    "attribution": "generally accepted",
    "medium": "Tempera on panel",
    "dimensions": "43.5 × 46.2 cm",
    "image": "https://upload.wikimedia.org/wikipedia/commons/thumb/4/41/Botticelli-Portrait_of_a_Youth.jpg/500px-Botticelli-Portrait_of_a_Youth.jpg?utm_source=en.wikipedia.org&amp;utm_campaign=parser&amp;utm_content=thumbnail",
    "notable": true,
    "wikipedia_en": "https://en.wikipedia.org/wiki/Portrait_of_a_Young_Man_of_Washington_(Botticelli)",
    "creation_place": "Florence",
    "creation_lat": 43.7696,
    "creation_lon": 11.2558,
    "_source": {
     "source": "Wikipedia: List of paintings by Sandro Botticelli",
     "coord": "MediaWiki coordinates API"
    },
    "museum_id": "national-gallery-of-art",
    "qid": "Q7232336",
    "wikidata": "https://www.wikidata.org/wiki/Q7232336",
    "wga_url": "https://www.wga.hu/html/b/botticel/7portrai/11youngm.html"
   }
  },
  {
   "type": "Feature",
   "geometry": {
    "type": "Point",
    "coordinates": [
     -3.6922,
     40.4139
    ]
   },
   "properties": {
    "painter": "Botticelli",
    "title": "The Story of Nastagio degli Onesti I",
    "year": "c. 1483",
    "city": "Madrid",
    "country": "Spain",
    "location": "Museo del Prado",
    "attribution": "generally accepted",
    "medium": "Tempera on panel",
    "dimensions": "83 × 138 cm",
    "image": "https://upload.wikimedia.org/wikipedia/commons/thumb/1/16/Botticelli_Prado_103.jpg/500px-Botticelli_Prado_103.jpg?utm_source=en.wikipedia.org&amp;utm_campaign=parser&amp;utm_content=thumbnail",
    "notable": true,
    "wikipedia_en": "https://en.wikipedia.org/wiki/The_Story_of_Nastagio_Degli_Onesti,_part_one",
    "creation_place": "Florence",
    "creation_lat": 43.7696,
    "creation_lon": 11.2558,
    "_source": {
     "source": "Wikipedia: List of paintings by Sandro Botticelli",
     "coord": "MediaWiki coordinates API"
    },
    "museum_id": "museo-del-prado",
    "qid": "Q1131019",
    "wikidata": "https://www.wikidata.org/wiki/Q1131019",
    "wga_url": "https://www.wga.hu/html/b/botticel/6nastagi/nastag12.html"
   }
  },
  {
   "type": "Feature",
   "geometry": {
    "type": "Point",
    "coordinates": [
     -3.6922,
     40.4139
    ]
   },
   "properties": {
    "painter": "Botticelli",
    "title": "The Story of Nastagio degli Onesti II",
    "year": "c. 1483",
    "city": "Madrid",
    "country": "Spain",
    "location": "Museo del Prado",
    "attribution": "generally accepted",
    "medium": "Tempera on panel",
    "dimensions": "82 × 138 cm",
    "image": "https://upload.wikimedia.org/wikipedia/commons/thumb/1/1d/Botticelli_Prado_104.jpg/500px-Botticelli_Prado_104.jpg?utm_source=en.wikipedia.org&amp;utm_campaign=parser&amp;utm_content=thumbnail",
    "notable": true,
    "creation_place": "Florence",
    "creation_lat": 43.7696,
    "creation_lon": 11.2558,
    "_source": {
     "source": "Wikipedia: List of paintings by Sandro Botticelli",
     "coord": "MediaWiki coordinates API"
    },
    "museum_id": "museo-del-prado"
   }
  },
  {
   "type": "Feature",
   "geometry": {
    "type": "Point",
    "coordinates": [
     -3.6922,
     40.4139
    ]
   },
   "properties": {
    "painter": "Botticelli",
    "title": "The Story of Nastagio degli Onesti III",
    "year": "c. 1483",
    "city": "Madrid",
    "country": "Spain",
    "location": "Museo del Prado",
    "attribution": "generally accepted",
    "medium": "Tempera on panel",
    "dimensions": "84 × 142 cm",
    "image": "https://upload.wikimedia.org/wikipedia/commons/thumb/9/95/Botticelli_Prado_49.jpg/500px-Botticelli_Prado_49.jpg?utm_source=en.wikipedia.org&amp;utm_campaign=parser&amp;utm_content=thumbnail",
    "notable": true,
    "creation_place": "Florence",
    "creation_lat": 43.7696,
    "creation_lon": 11.2558,
    "_source": {
     "source": "Wikipedia: List of paintings by Sandro Botticelli",
     "coord": "MediaWiki coordinates API"
    },
    "museum_id": "museo-del-prado"
   }
  },
  {
   "type": "Feature",
   "geometry": {
    "type": "Point",
    "coordinates": [
     2.3358,
     48.8611
    ]
   },
   "properties": {
    "painter": "Botticelli",
    "title": "Venus and the Three Graces Presenting Gifts to a Young Woman",
    "year": "c. 1483–1486",
    "city": "Paris",
    "country": "France",
    "location": "Louvre",
    "attribution": "generally accepted",
    "medium": "Fresco",
    "dimensions": "211 × 283 cm",
    "image": "https://upload.wikimedia.org/wikipedia/commons/thumb/4/46/Sandro_Botticelli_-_Venus_and_the_Three_Graces_Presenting_Gifts_to_a_Young_Woman_-_WGA2778.jpg/500px-Sandro_Botticelli_-_Venus_and_the_Three_Graces_Presenting_Gifts_to_a_Young_Woman_-_WGA2778.jpg?utm_source=en.wikipedia.org&amp;utm_campaign=parser&amp;utm_content=thumbnail",
    "notable": true,
    "wikipedia_en": "https://en.wikipedia.org/wiki/Venus_and_the_Three_Graces_Presenting_Gifts_to_a_Young_Woman_(Botticelli)",
    "creation_place": "Florence",
    "creation_lat": 43.7696,
    "creation_lon": 11.2558,
    "_source": {
     "source": "Wikipedia: List of paintings by Sandro Botticelli",
     "coord": "MediaWiki coordinates API"
    },
    "museum_id": "louvre",
    "qid": "Q1114881",
    "wikidata": "https://www.wikidata.org/wiki/Q1114881",
    "wga_url": "https://www.wga.hu/html/b/botticel/5allegor/51lemmi.html"
   }
  },
  {
   "type": "Feature",
   "geometry": {
    "type": "Point",
    "coordinates": [
     2.3358,
     48.8611
    ]
   },
   "properties": {
    "painter": "Botticelli",
    "title": "A Young Man Being Introduced to the Seven Liberal Arts",
    "year": "c. 1483–1486",
    "city": "Paris",
    "country": "France",
    "location": "Louvre",
    "attribution": "generally accepted",
    "medium": "Fresco",
    "dimensions": "237 × 269 cm",
    "image": "https://upload.wikimedia.org/wikipedia/commons/thumb/0/0b/Sandro_Botticelli_028.jpg/500px-Sandro_Botticelli_028.jpg?utm_source=en.wikipedia.org&amp;utm_campaign=parser&amp;utm_content=thumbnail",
    "notable": true,
    "wikipedia_en": "https://en.wikipedia.org/wiki/A_Young_Man_Being_Introduced_to_the_Seven_Liberal_Arts_(Botticelli)",
    "creation_place": "Florence",
    "creation_lat": 43.7696,
    "creation_lon": 11.2558,
    "_source": {
     "source": "Wikipedia: List of paintings by Sandro Botticelli",
     "coord": "MediaWiki coordinates API"
    },
    "museum_id": "louvre",
    "qid": "Q6287319",
    "wikidata": "https://www.wikidata.org/wiki/Q6287319",
    "wga_url": "https://www.wga.hu/html/b/botticel/5allegor/52lemmi.html"
   }
  },
  {
   "type": "Feature",
   "geometry": {
    "type": "Point",
    "coordinates": [
     13.364722222,
     52.508611111
    ]
   },
   "properties": {
    "painter": "Botticelli",
    "title": "Madonna Bardi",
    "year": "1500",
    "location": "Gemäldegalerie Berlin",
    "city": "Bezirk Mitte",
    "country": "Germany",
    "attribution": "generally accepted",
    "image": "https://commons.wikimedia.org/wiki/Special:FilePath/Sandro%20Botticelli%20-%20Madonna%20with%20Saints%20-%20Google%20Art%20Project.jpg?width=500",
    "qid": "Q3210257",
    "wikidata": "https://www.wikidata.org/wiki/Q3210257",
    "_source": {
     "source": "Wikidata",
     "url": "https://www.wikidata.org/wiki/Q3210257",
     "note": "harvested: painting by this creator with an image and a documented collection"
    },
    "creation_place": "Florence",
    "creation_lat": 43.771389,
    "creation_lon": 11.254167,
    "_overrides": {
     "creation": {
      "at": "2026-08-24",
      "source": "derived",
      "note": "creation place inferred from the painter's itinerary at this work's date (approximate)"
     }
    },
    "dimensions": "185 × 180 cm",
    "medium": "Tempera on panel"
   }
  },
  {
   "type": "Feature",
   "geometry": {
    "type": "Point",
    "coordinates": [
     -73.9631,
     40.7794
    ]
   },
   "properties": {
    "painter": "Botticelli",
    "title": "Annunciation",
    "year": "1485",
    "city": "New York",
    "country": "United States",
    "location": "Metropolitan Museum of Art",
    "attribution": "generally accepted",
    "medium": "Tempera and gold on panel",
    "dimensions": "19.1 × 31.4 cm",
    "image": "https://upload.wikimedia.org/wikipedia/commons/thumb/1/12/Botticelli%2C_annunciazione_del_Metropolitan.jpg/500px-Botticelli%2C_annunciazione_del_Metropolitan.jpg?utm_source=en.wikipedia.org&amp;utm_campaign=parser&amp;utm_content=thumbnail",
    "notable": true,
    "creation_place": "Florence",
    "creation_lat": 43.7696,
    "creation_lon": 11.2558,
    "_source": {
     "source": "Wikipedia: List of paintings by Sandro Botticelli",
     "coord": "MediaWiki coordinates API"
    },
    "museum_id": "metropolitan-museum-of-art",
    "wga_url": "https://www.wga.hu/html/b/botticel/21/6annunci.html"
   }
  },
  {
   "type": "Feature",
   "geometry": {
    "type": "Point",
    "coordinates": [
     -0.1283,
     51.5089
    ]
   },
   "properties": {
    "painter": "Botticelli",
    "title": "Venus and Mars",
    "year": "c. 1485",
    "city": "London",
    "country": "United Kingdom",
    "location": "National Gallery",
    "attribution": "generally accepted",
    "medium": "Tempera and oil on panel",
    "dimensions": "69.2 × 173.4 cm",
    "image": "https://upload.wikimedia.org/wikipedia/commons/thumb/1/1d/Venus_and_Mars_National_Gallery.jpg/500px-Venus_and_Mars_National_Gallery.jpg?utm_source=en.wikipedia.org&amp;utm_campaign=parser&amp;utm_content=thumbnail",
    "notable": true,
    "wikipedia_en": "https://en.wikipedia.org/wiki/Venus_and_Mars_(Botticelli)",
    "creation_place": "Florence",
    "creation_lat": 43.7696,
    "creation_lon": 11.2558,
    "_source": {
     "source": "Wikipedia: List of paintings by Sandro Botticelli",
     "coord": "MediaWiki coordinates API"
    },
    "museum_id": "national-gallery",
    "qid": "Q2293953",
    "wikidata": "https://www.wikidata.org/wiki/Q2293953",
    "wga_url": "https://www.wga.hu/html/b/botticel/5allegor/41venusm.html"
   }
  },
  {
   "type": "Feature",
   "geometry": {
    "type": "Point",
    "coordinates": [
     11.25528,
     43.76833
    ]
   },
   "properties": {
    "painter": "Botticelli",
    "title": "The Birth of Venus",
    "year": "c. 1485",
    "city": "Florence",
    "country": "Italy",
    "location": "Uffizi Gallery",
    "attribution": "generally accepted",
    "medium": "Tempera on canvas",
    "dimensions": "172.5 × 278.5 cm",
    "image": "https://upload.wikimedia.org/wikipedia/commons/thumb/0/0b/Sandro_Botticelli_-_La_nascita_di_Venere_-_Google_Art_Project_-_edited.jpg/500px-Sandro_Botticelli_-_La_nascita_di_Venere_-_Google_Art_Project_-_edited.jpg?utm_source=en.wikipedia.org&amp;utm_campaign=parser&amp;utm_content=thumbnail",
    "notable": true,
    "wikipedia_en": "https://en.wikipedia.org/wiki/The_Birth_of_Venus_(Botticelli)",
    "creation_place": "Florence",
    "creation_lat": 43.7696,
    "creation_lon": 11.2558,
    "_source": {
     "source": "Wikipedia: List of paintings by Sandro Botticelli",
     "coord": "MediaWiki coordinates API"
    },
    "museum_id": "uffizi-gallery",
    "qid": "Q151047",
    "wikidata": "https://www.wikidata.org/wiki/Q151047",
    "wga_url": "https://www.wga.hu/html/b/botticel/5allegor/33birth.html"
   }
  },
  {
   "type": "Feature",
   "geometry": {
    "type": "Point",
    "coordinates": [
     12.492144,
     41.91421
    ]
   },
   "properties": {
    "painter": "Botticelli",
    "title": "Madonna and Child with six angels and Saint John the Baptist as Child",
    "year": "1489",
    "location": "Galleria Borghese",
    "city": "Roma Capitale",
    "country": "Italy",
    "attribution": "generally accepted",
    "image": "https://commons.wikimedia.org/wiki/Special:FilePath/Sandro%20Botticelli%20086.jpg?width=500",
    "qid": "Q117842982",
    "wikidata": "https://www.wikidata.org/wiki/Q117842982",
    "_source": {
     "source": "Wikidata",
     "url": "https://www.wikidata.org/wiki/Q117842982",
     "note": "harvested: painting by this creator with an image and a documented collection"
    },
    "creation_place": "Florence",
    "creation_lat": 43.771389,
    "creation_lon": 11.254167,
    "_overrides": {
     "creation": {
      "at": "2026-08-24",
      "source": "derived",
      "note": "creation place inferred from the painter's itinerary at this work's date (approximate)"
     }
    },
    "dimensions": "diameter 170 cm",
    "medium": "Tempera on panel"
   }
  },
  {
   "type": "Feature",
   "geometry": {
    "type": "Point",
    "coordinates": [
     -72.93099,
     41.30846
    ]
   },
   "properties": {
    "painter": "Botticelli",
    "title": "The Virgin and Child",
    "year": "c. 1485",
    "city": "New Haven",
    "location": "Yale University Art Gallery",
    "attribution": "generally accepted",
    "medium": "Oil on panel",
    "dimensions": "83.2 × 55.5 cm",
    "image": "https://upload.wikimedia.org/wikipedia/commons/thumb/d/d6/Alessandro_Filipepi_Botticelli_-_Virgin_and_Child_-_1871.50_-_Yale_University_Art_Gallery.jpg/500px-Alessandro_Filipepi_Botticelli_-_Virgin_and_Child_-_1871.50_-_Yale_University_Art_Gallery.jpg?utm_source=en.wikipedia.org&amp;utm_campaign=parser&amp;utm_content=thumbnail",
    "notable": true,
    "creation_place": "Florence",
    "creation_lat": 43.7696,
    "creation_lon": 11.2558,
    "_source": {
     "source": "Wikipedia: List of paintings by Sandro Botticelli",
     "coord": "MediaWiki coordinates API"
    },
    "museum_id": "yale-university-art-gallery",
    "country": "United States",
    "qid": "Q107437207",
    "wikidata": "https://www.wikidata.org/wiki/Q107437207",
    "_overrides": {
     "qid": {
      "at": "2026-08-24",
      "source": "Wikidata reconciliation",
      "note": "matched to Q107437207 by normalised title + year (±8), same creator (merge_wd_extras)"
     }
    }
   }
  },
  {
   "type": "Feature",
   "geometry": {
    "type": "Point",
    "coordinates": [
     -76.61917,
     39.32611
    ]
   },
   "properties": {
    "painter": "Botticelli",
    "title": "Madonna Adoring the Child with Five Angels",
    "year": "1485–1490",
    "location": "Baltimore Museum of Art",
    "attribution": "generally accepted",
    "medium": "Tempera on panel",
    "dimensions": "diameter 132.7 cm",
    "image": "https://upload.wikimedia.org/wikipedia/commons/thumb/e/e7/Botticelli_-_Madonna_Adoring_the_Child_with_Five_Angels_-_Baltimore_Museum_of_Art_2.jpg/500px-Botticelli_-_Madonna_Adoring_the_Child_with_Five_Angels_-_Baltimore_Museum_of_Art_2.jpg?utm_source=en.wikipedia.org&amp;utm_campaign=parser&amp;utm_content=thumbnail",
    "notable": true,
    "wikipedia_en": "https://en.wikipedia.org/wiki/Madonna_Adoring_the_Child_with_Five_Angels_(Botticelli)",
    "creation_place": "Florence",
    "creation_lat": 43.7696,
    "creation_lon": 11.2558,
    "_source": {
     "source": "Wikipedia: List of paintings by Sandro Botticelli",
     "coord": "MediaWiki coordinates API"
    },
    "museum_id": "baltimore-museum-of-art",
    "city": "Baltimore",
    "qid": "Q16161113",
    "wikidata": "https://www.wikidata.org/wiki/Q16161113"
   }
  },
  {
   "type": "Feature",
   "geometry": {
    "type": "Point",
    "coordinates": [
     -87.62389,
     41.87944
    ]
   },
   "properties": {
    "painter": "Botticelli",
    "title": "Madonna and Child",
    "year": "c. 1485–1495",
    "city": "Chicago",
    "country": "United States",
    "location": "Art Institute of Chicago",
    "attribution": "generally accepted",
    "medium": "Tempera on panel",
    "dimensions": "diameter 34.4 cm",
    "image": "https://upload.wikimedia.org/wikipedia/commons/thumb/4/4d/Botticelli_Chicago_89.jpg/500px-Botticelli_Chicago_89.jpg?utm_source=en.wikipedia.org&amp;utm_campaign=parser&amp;utm_content=thumbnail",
    "notable": true,
    "creation_place": "Florence",
    "creation_lat": 43.7696,
    "creation_lon": 11.2558,
    "_source": {
     "source": "Wikipedia: List of paintings by Sandro Botticelli",
     "coord": "MediaWiki coordinates API"
    },
    "museum_id": "art-institute-of-chicago"
   }
  },
  {
   "type": "Feature",
   "geometry": {
    "type": "Point",
    "coordinates": [
     11.25528,
     43.76833
    ]
   },
   "properties": {
    "painter": "Botticelli",
    "title": "Madonna of the Pomegranate ( Madonna della Melagrana )",
    "year": "c. 1487",
    "city": "Florence",
    "country": "Italy",
    "location": "Uffizi Gallery",
    "attribution": "generally accepted",
    "medium": "Tempera on panel",
    "dimensions": "diameter 143.5 cm",
    "image": "https://upload.wikimedia.org/wikipedia/commons/thumb/b/bc/Botticelli%2C_madonna_della_melagrana_01.jpg/500px-Botticelli%2C_madonna_della_melagrana_01.jpg?utm_source=en.wikipedia.org&amp;utm_campaign=parser&amp;utm_content=thumbnail",
    "notable": true,
    "wikipedia_en": "https://en.wikipedia.org/wiki/Madonna_of_the_Pomegranate_(Botticelli)",
    "creation_place": "Florence",
    "creation_lat": 43.7696,
    "creation_lon": 11.2558,
    "_source": {
     "source": "Wikipedia: List of paintings by Sandro Botticelli",
     "coord": "MediaWiki coordinates API"
    },
    "museum_id": "uffizi-gallery",
    "qid": "Q2269291",
    "wikidata": "https://www.wikidata.org/wiki/Q2269291",
    "wga_url": "https://www.wga.hu/html/b/botticel/22/40pomegr.html"
   }
  },
  {
   "type": "Feature",
   "geometry": {
    "type": "Point",
    "coordinates": [
     16.93361,
     52.40833
    ]
   },
   "properties": {
    "painter": "Botticelli",
    "title": "The Virgin and Child, St. John and an Angel",
    "year": "c. 1488",
    "city": "Poznań",
    "location": "National Museum",
    "attribution": "generally accepted",
    "medium": "Tempera on panel",
    "dimensions": "diameter 111–108 cm",
    "image": "https://upload.wikimedia.org/wikipedia/commons/thumb/b/ba/Botticelli_Madonna_and_Child.jpg/500px-Botticelli_Madonna_and_Child.jpg?utm_source=en.wikipedia.org&amp;utm_campaign=parser&amp;utm_content=thumbnail",
    "notable": true,
    "creation_place": "Florence",
    "creation_lat": 43.7696,
    "creation_lon": 11.2558,
    "_source": {
     "source": "Wikipedia: List of paintings by Sandro Botticelli",
     "coord": "MediaWiki coordinates API"
    },
    "museum_id": "national-museum"
   }
  },
  {
   "type": "Feature",
   "geometry": {
    "type": "Point",
    "coordinates": [
     11.25528,
     43.76833
    ]
   },
   "properties": {
    "painter": "Botticelli",
    "title": "The Virgin and Child with Four Angels and Six Saints",
    "year": "c. 1488",
    "city": "Florence",
    "country": "Italy",
    "location": "Uffizi Gallery",
    "attribution": "generally accepted",
    "medium": "Tempera on panel",
    "dimensions": "268 × 280 cm",
    "image": "https://upload.wikimedia.org/wikipedia/commons/thumb/5/52/Botticelli%2C_pala_di_san_barnaba_01.jpg/500px-Botticelli%2C_pala_di_san_barnaba_01.jpg?utm_source=en.wikipedia.org&amp;utm_campaign=parser&amp;utm_content=thumbnail",
    "notable": true,
    "creation_place": "Florence",
    "creation_lat": 43.7696,
    "creation_lon": 11.2558,
    "_source": {
     "source": "Wikipedia: List of paintings by Sandro Botticelli",
     "coord": "MediaWiki coordinates API"
    },
    "museum_id": "uffizi-gallery"
   }
  },
  {
   "type": "Feature",
   "geometry": {
    "type": "Point",
    "coordinates": [
     11.25528,
     43.76833
    ]
   },
   "properties": {
    "painter": "Botticelli",
    "title": "Vision of St. Augustine",
    "year": "c. 1488",
    "city": "Florence",
    "country": "Italy",
    "location": "Uffizi Gallery",
    "attribution": "generally accepted",
    "medium": "Tempera on panel",
    "dimensions": "20 × 38 cm",
    "image": "https://upload.wikimedia.org/wikipedia/commons/thumb/c/cd/Botticelli%2C_pala_di_san_barnaba%2C_predella_02.jpg/500px-Botticelli%2C_pala_di_san_barnaba%2C_predella_02.jpg?utm_source=en.wikipedia.org&amp;utm_campaign=parser&amp;utm_content=thumbnail",
    "notable": true,
    "creation_place": "Florence",
    "creation_lat": 43.7696,
    "creation_lon": 11.2558,
    "_source": {
     "source": "Wikipedia: List of paintings by Sandro Botticelli",
     "coord": "MediaWiki coordinates API"
    },
    "museum_id": "uffizi-gallery",
    "wga_url": "https://www.wga.hu/html/b/botticel/3barnaba/2predell.html"
   }
  },
  {
   "type": "Feature",
   "geometry": {
    "type": "Point",
    "coordinates": [
     11.25528,
     43.76833
    ]
   },
   "properties": {
    "painter": "Botticelli",
    "title": "Christ in the Sepulchre",
    "year": "c. 1488",
    "city": "Florence",
    "country": "Italy",
    "location": "Uffizi Gallery",
    "attribution": "generally accepted",
    "medium": "Tempera on panel",
    "dimensions": "21 × 41 cm",
    "image": "https://upload.wikimedia.org/wikipedia/commons/thumb/b/b2/Botticelli%2C_pala_di_san_barnaba%2C_predella_03.jpg/500px-Botticelli%2C_pala_di_san_barnaba%2C_predella_03.jpg?utm_source=en.wikipedia.org&amp;utm_campaign=parser&amp;utm_content=thumbnail",
    "notable": true,
    "creation_place": "Florence",
    "creation_lat": 43.7696,
    "creation_lon": 11.2558,
    "_source": {
     "source": "Wikipedia: List of paintings by Sandro Botticelli",
     "coord": "MediaWiki coordinates API"
    },
    "museum_id": "uffizi-gallery",
    "wga_url": "https://www.wga.hu/html/b/botticel/3barnaba/4predell.html"
   }
  },
  {
   "type": "Feature",
   "geometry": {
    "type": "Point",
    "coordinates": [
     11.25528,
     43.76833
    ]
   },
   "properties": {
    "painter": "Botticelli",
    "title": "Salome with the Head of St. John the Baptist",
    "year": "c. 1488",
    "city": "Florence",
    "country": "Italy",
    "location": "Uffizi Gallery",
    "attribution": "generally accepted",
    "medium": "Tempera on panel",
    "dimensions": "21 × 40.5 cm",
    "image": "https://upload.wikimedia.org/wikipedia/commons/thumb/0/09/Botticelli%2C_pala_di_san_barnaba%2C_predella_04.jpg/500px-Botticelli%2C_pala_di_san_barnaba%2C_predella_04.jpg?utm_source=en.wikipedia.org&amp;utm_campaign=parser&amp;utm_content=thumbnail",
    "notable": true,
    "creation_place": "Florence",
    "creation_lat": 43.7696,
    "creation_lon": 11.2558,
    "_source": {
     "source": "Wikipedia: List of paintings by Sandro Botticelli",
     "coord": "MediaWiki coordinates API"
    },
    "museum_id": "uffizi-gallery",
    "wga_url": "https://www.wga.hu/html/b/botticel/3barnaba/5predell.html"
   }
  },
  {
   "type": "Feature",
   "geometry": {
    "type": "Point",
    "coordinates": [
     11.25528,
     43.76833
    ]
   },
   "properties": {
    "painter": "Botticelli",
    "title": "Extraction of St. Ignatius' Heart",
    "year": "c. 1488",
    "city": "Florence",
    "country": "Italy",
    "location": "Uffizi Gallery",
    "attribution": "generally accepted",
    "medium": "Tempera on panel",
    "dimensions": "21 × 38 cm",
    "image": "https://upload.wikimedia.org/wikipedia/commons/thumb/5/54/Botticelli%2C_pala_di_san_barnaba%2C_predella_01.jpg/500px-Botticelli%2C_pala_di_san_barnaba%2C_predella_01.jpg?utm_source=en.wikipedia.org&amp;utm_campaign=parser&amp;utm_content=thumbnail",
    "notable": true,
    "creation_place": "Florence",
    "creation_lat": 43.7696,
    "creation_lon": 11.2558,
    "_source": {
     "source": "Wikipedia: List of paintings by Sandro Botticelli",
     "coord": "MediaWiki coordinates API"
    },
    "museum_id": "uffizi-gallery",
    "wga_url": "https://www.wga.hu/html/b/botticel/3barnaba/6predell.html"
   }
  },
  {
   "type": "Feature",
   "geometry": {
    "type": "Point",
    "coordinates": [
     11.25528,
     43.76833
    ]
   },
   "properties": {
    "painter": "Botticelli",
    "title": "Coronation of the Virgin",
    "year": "1488–1490",
    "city": "Florence",
    "country": "Italy",
    "location": "Uffizi Gallery",
    "attribution": "generally accepted",
    "medium": "Tempera on panel",
    "dimensions": "378 × 258 cm",
    "image": "https://upload.wikimedia.org/wikipedia/commons/thumb/1/16/Botticelli%2C_incoronazione_della_vergine.jpg/500px-Botticelli%2C_incoronazione_della_vergine.jpg?utm_source=en.wikipedia.org&amp;utm_campaign=parser&amp;utm_content=thumbnail",
    "notable": true,
    "creation_place": "Florence",
    "creation_lat": 43.7696,
    "creation_lon": 11.2558,
    "_source": {
     "source": "Wikipedia: List of paintings by Sandro Botticelli",
     "coord": "MediaWiki coordinates API"
    },
    "museum_id": "uffizi-gallery",
    "wga_url": "https://www.wga.hu/html/b/botticel/8smarco/11smarco.html",
    "qid": "Q1131263",
    "wikidata": "https://www.wikidata.org/wiki/Q1131263",
    "_overrides": {
     "qid": {
      "at": "2026-08-24",
      "source": "Wikidata reconciliation",
      "note": "matched to Q1131263 by normalised title + year (±8), same creator (merge_wd_extras)"
     }
    }
   }
  },
  {
   "type": "Feature",
   "geometry": {
    "type": "Point",
    "coordinates": [
     11.25528,
     43.76833
    ]
   },
   "properties": {
    "painter": "Botticelli",
    "title": "St. John on Patmos",
    "year": "1488–1490",
    "city": "Florence",
    "country": "Italy",
    "location": "Uffizi Gallery",
    "attribution": "generally accepted",
    "medium": "Tempera on panel",
    "dimensions": "21 × 268 cm",
    "image": "https://upload.wikimedia.org/wikipedia/commons/thumb/4/4e/Botticelli%2C_incoronazione_della_vergine%2C_predella_01_san_giovanni_evangelista_a_patmos.jpg/500px-Botticelli%2C_incoronazione_della_vergine%2C_predella_01_san_giovanni_evangelista_a_patmos.jpg?utm_source=en.wikipedia.org&amp;utm_campaign=parser&amp;utm_content=thumbnail",
    "notable": true,
    "creation_place": "Florence",
    "creation_lat": 43.7696,
    "creation_lon": 11.2558,
    "_source": {
     "source": "Wikipedia: List of paintings by Sandro Botticelli",
     "coord": "MediaWiki coordinates API"
    },
    "museum_id": "uffizi-gallery",
    "wga_url": "https://www.wga.hu/html/b/botticel/8smarco/21predel.html"
   }
  },
  {
   "type": "Feature",
   "geometry": {
    "type": "Point",
    "coordinates": [
     11.25528,
     43.76833
    ]
   },
   "properties": {
    "painter": "Botticelli",
    "title": "St. Augustine in His Cell",
    "year": "1488–1490",
    "city": "Florence",
    "country": "Italy",
    "location": "Uffizi Gallery",
    "attribution": "generally accepted",
    "medium": "Tempera on panel",
    "dimensions": "21 × 268 cm",
    "image": "https://upload.wikimedia.org/wikipedia/commons/thumb/7/7d/Botticelli%2C_incoronazione_della_vergine%2C_predella_03_sant%27agostino_nello_studio.jpg/500px-Botticelli%2C_incoronazione_della_vergine%2C_predella_03_sant%27agostino_nello_studio.jpg?utm_source=en.wikipedia.org&amp;utm_campaign=parser&amp;utm_content=thumbnail",
    "notable": true,
    "creation_place": "Florence",
    "creation_lat": 43.7696,
    "creation_lon": 11.2558,
    "_source": {
     "source": "Wikipedia: List of paintings by Sandro Botticelli",
     "coord": "MediaWiki coordinates API"
    },
    "museum_id": "uffizi-gallery",
    "wga_url": "https://www.wga.hu/html/b/botticel/8smarco/22predel.html"
   }
  },
  {
   "type": "Feature",
   "geometry": {
    "type": "Point",
    "coordinates": [
     11.25528,
     43.76833
    ]
   },
   "properties": {
    "painter": "Botticelli",
    "title": "Annunciation",
    "year": "1488–1490",
    "city": "Florence",
    "country": "Italy",
    "location": "Uffizi Gallery",
    "attribution": "generally accepted",
    "medium": "Tempera on panel",
    "dimensions": "21 × 268 cm",
    "image": "https://upload.wikimedia.org/wikipedia/commons/thumb/e/ee/Annonciation-Botticelli_%281489-1490%29.jpg/500px-Annonciation-Botticelli_%281489-1490%29.jpg?utm_source=en.wikipedia.org&amp;utm_campaign=parser&amp;utm_content=thumbnail",
    "notable": true,
    "creation_place": "Florence",
    "creation_lat": 43.7696,
    "creation_lon": 11.2558,
    "_source": {
     "source": "Wikipedia: List of paintings by Sandro Botticelli",
     "coord": "MediaWiki coordinates API"
    },
    "museum_id": "uffizi-gallery",
    "wga_url": "https://www.wga.hu/html/b/botticel/21/6annunci.html"
   }
  },
  {
   "type": "Feature",
   "geometry": {
    "type": "Point",
    "coordinates": [
     11.25528,
     43.76833
    ]
   },
   "properties": {
    "painter": "Botticelli",
    "title": "St. Jerome in Penitence",
    "year": "1488–1490",
    "city": "Florence",
    "country": "Italy",
    "location": "Uffizi Gallery",
    "attribution": "generally accepted",
    "medium": "Tempera on panel",
    "dimensions": "21 × 268 cm",
    "image": "https://upload.wikimedia.org/wikipedia/commons/thumb/3/3b/Botticelli%2C_incoronazione_della_vergine%2C_predella_04_san_girolamo_nel_deserto.jpg/500px-Botticelli%2C_incoronazione_della_vergine%2C_predella_04_san_girolamo_nel_deserto.jpg?utm_source=en.wikipedia.org&amp;utm_campaign=parser&amp;utm_content=thumbnail",
    "notable": true,
    "creation_place": "Florence",
    "creation_lat": 43.7696,
    "creation_lon": 11.2558,
    "_source": {
     "source": "Wikipedia: List of paintings by Sandro Botticelli",
     "coord": "MediaWiki coordinates API"
    },
    "museum_id": "uffizi-gallery",
    "wga_url": "https://www.wga.hu/html/b/botticel/8smarco/24predel.html"
   }
  },
  {
   "type": "Feature",
   "geometry": {
    "type": "Point",
    "coordinates": [
     11.25528,
     43.76833
    ]
   },
   "properties": {
    "painter": "Botticelli",
    "title": "Miracle of St. Eligius",
    "year": "1488–1490",
    "city": "Florence",
    "country": "Italy",
    "location": "Uffizi Gallery",
    "attribution": "generally accepted",
    "medium": "Tempera on panel",
    "dimensions": "21 × 268 cm",
    "image": "https://upload.wikimedia.org/wikipedia/commons/thumb/b/ba/Botticelli%2C_incoronazione_della_vergine%2C_predella_05_miracolo_di_sant%27eligio.jpg/500px-Botticelli%2C_incoronazione_della_vergine%2C_predella_05_miracolo_di_sant%27eligio.jpg?utm_source=en.wikipedia.org&amp;utm_campaign=parser&amp;utm_content=thumbnail",
    "notable": true,
    "creation_place": "Florence",
    "creation_lat": 43.7696,
    "creation_lon": 11.2558,
    "_source": {
     "source": "Wikipedia: List of paintings by Sandro Botticelli",
     "coord": "MediaWiki coordinates API"
    },
    "museum_id": "uffizi-gallery",
    "wga_url": "https://www.wga.hu/html/b/botticel/8smarco/25predel.html"
   }
  },
  {
   "type": "Feature",
   "geometry": {
    "type": "Point",
    "coordinates": [
     11.25528,
     43.76833
    ]
   },
   "properties": {
    "painter": "Botticelli",
    "title": "Cestello Annunciation",
    "year": "1489",
    "city": "Florence",
    "country": "Italy",
    "location": "Uffizi Gallery",
    "attribution": "generally accepted",
    "medium": "Tempera on panel",
    "dimensions": "150 × 156 cm",
    "image": "https://upload.wikimedia.org/wikipedia/commons/thumb/3/3d/Botticelli%2C_annunciazione_di_cestello_02.jpg/500px-Botticelli%2C_annunciazione_di_cestello_02.jpg?utm_source=en.wikipedia.org&amp;utm_campaign=parser&amp;utm_content=thumbnail",
    "notable": true,
    "wikipedia_en": "https://en.wikipedia.org/wiki/Cestello_Annunciation_(Botticelli)",
    "creation_place": "Florence",
    "creation_lat": 43.7696,
    "creation_lon": 11.2558,
    "_source": {
     "source": "Wikipedia: List of paintings by Sandro Botticelli",
     "coord": "MediaWiki coordinates API"
    },
    "museum_id": "uffizi-gallery",
    "qid": "Q2714237",
    "wikidata": "https://www.wikidata.org/wiki/Q2714237",
    "wga_url": "https://www.wga.hu/html/b/botticel/22/70cestel.html"
   }
  },
  {
   "type": "Feature",
   "geometry": {
    "type": "Point",
    "coordinates": [
     37.60603,
     55.74703
    ]
   },
   "properties": {
    "painter": "Botticelli",
    "title": "The Annunciation",
    "year": "1490",
    "city": "Moscow",
    "country": "Russia",
    "location": "Pushkin Museum",
    "attribution": "generally accepted",
    "medium": "Tempera on canvas",
    "dimensions": "45 × 13 cm each panel",
    "image": "https://upload.wikimedia.org/wikipedia/commons/thumb/b/bb/Botticelli_%28Sandro_di_Mariano_Filipepi%29_-_Annunciation_-_Google_Art_Project.jpg/500px-Botticelli_%28Sandro_di_Mariano_Filipepi%29_-_Annunciation_-_Google_Art_Project.jpg?utm_source=en.wikipedia.org&amp;utm_campaign=parser&amp;utm_content=thumbnail",
    "notable": true,
    "creation_place": "Florence",
    "creation_lat": 43.7696,
    "creation_lon": 11.2558,
    "_source": {
     "source": "Wikipedia: List of paintings by Sandro Botticelli",
     "coord": "MediaWiki coordinates API"
    },
    "museum_id": "pushkin-museum",
    "wga_url": "https://www.wga.hu/html/b/botticel/22/6annunci.html"
   }
  },
  {
   "type": "Feature",
   "geometry": {
    "type": "Point",
    "coordinates": [
     11.57,
     48.14833
    ]
   },
   "properties": {
    "painter": "Botticelli",
    "title": "Lamentation over the Dead Christ",
    "year": "c. 1490",
    "city": "Munich",
    "country": "Germany",
    "location": "Alte Pinakothek",
    "attribution": "generally accepted",
    "medium": "Tempera on panel",
    "dimensions": "140 × 207 cm",
    "image": "https://upload.wikimedia.org/wikipedia/commons/thumb/c/cd/Sandro_Botticelli_-_Lamentation_over_the_Dead_Christ_with_Saints_-_WGA2827.jpg/500px-Sandro_Botticelli_-_Lamentation_over_the_Dead_Christ_with_Saints_-_WGA2827.jpg?utm_source=en.wikipedia.org&amp;utm_campaign=parser&amp;utm_content=thumbnail",
    "notable": true,
    "creation_place": "Florence",
    "creation_lat": 43.7696,
    "creation_lon": 11.2558,
    "_source": {
     "source": "Wikipedia: List of paintings by Sandro Botticelli",
     "coord": "MediaWiki coordinates API"
    },
    "museum_id": "alte-pinakothek",
    "wga_url": "https://www.wga.hu/html/b/botticel/91late/02lament.html",
    "qid": "Q735326",
    "wikidata": "https://www.wikidata.org/wiki/Q735326",
    "_overrides": {
     "qid": {
      "at": "2026-08-24",
      "source": "Wikidata reconciliation",
      "note": "matched to Q735326 by normalised title + year (±8), same creator (merge_wd_extras)"
     }
    }
   }
  },
  {
   "type": "Feature",
   "geometry": {
    "type": "Point",
    "coordinates": [
     -3.6922,
     40.4139
    ]
   },
   "properties": {
    "painter": "Botticelli",
    "title": "Portrait of Michelle Marullo",
    "year": "c. 1490",
    "city": "Madrid",
    "country": "Spain",
    "location": "Museo del Prado",
    "attribution": "generally accepted",
    "medium": "Tempera on canvas transferred from panel",
    "dimensions": "49 × 35 cm",
    "image": "https://upload.wikimedia.org/wikipedia/commons/thumb/0/09/Sandro_Botticelli_-_Portrait_of_a_Man_-_WGA02800.jpg/500px-Sandro_Botticelli_-_Portrait_of_a_Man_-_WGA02800.jpg?utm_source=en.wikipedia.org&amp;utm_campaign=parser&amp;utm_content=thumbnail",
    "notable": true,
    "creation_place": "Florence",
    "creation_lat": 43.7696,
    "creation_lon": 11.2558,
    "_source": {
     "source": "Wikipedia: List of paintings by Sandro Botticelli",
     "coord": "MediaWiki coordinates API"
    },
    "museum_id": "museo-del-prado"
   }
  },
  {
   "type": "Feature",
   "geometry": {
    "type": "Point",
    "coordinates": [
     16.3594,
     48.2225
    ]
   },
   "properties": {
    "painter": "Botticelli",
    "title": "Madonna with Child and Two Angels",
    "year": "c. 1490",
    "city": "Vienna",
    "country": "Austria",
    "location": "Liechtenstein Museum",
    "attribution": "generally accepted",
    "medium": "Tempera on panel",
    "dimensions": "diameter 115 cm",
    "image": "https://upload.wikimedia.org/wikipedia/commons/thumb/1/1a/Sandro_Botticelli_087.jpg/500px-Sandro_Botticelli_087.jpg?utm_source=en.wikipedia.org&amp;utm_campaign=parser&amp;utm_content=thumbnail",
    "notable": true,
    "creation_place": "Florence",
    "creation_lat": 43.7696,
    "creation_lon": 11.2558,
    "_source": {
     "source": "Wikipedia: List of paintings by Sandro Botticelli",
     "coord": "MediaWiki coordinates API"
    },
    "museum_id": "liechtenstein-museum"
   }
  },
  {
   "type": "Feature",
   "geometry": {
    "type": "Point",
    "coordinates": [
     -3.19556,
     55.95083
    ]
   },
   "properties": {
    "painter": "Botticelli",
    "title": "The Virgin Adoring the Sleeping Christ Child",
    "year": "c. 1490",
    "city": "Edinburgh",
    "country": "United Kingdom",
    "location": "National Gallery of Scotland",
    "attribution": "generally accepted",
    "medium": "Tempera and gold on canvas",
    "dimensions": "122 × 80.3 cm",
    "image": "https://upload.wikimedia.org/wikipedia/commons/thumb/8/8a/Botticelli_-_The_Virgin_Adoring_the_Sleeping_Christ_Child_%28c._1485%29.jpg/500px-Botticelli_-_The_Virgin_Adoring_the_Sleeping_Christ_Child_%28c._1485%29.jpg?utm_source=en.wikipedia.org&amp;utm_campaign=parser&amp;utm_content=thumbnail",
    "notable": true,
    "creation_place": "Florence",
    "creation_lat": 43.7696,
    "creation_lon": 11.2558,
    "_source": {
     "source": "Wikipedia: List of paintings by Sandro Botticelli",
     "coord": "MediaWiki coordinates API"
    },
    "museum_id": "national-gallery-of-scotland",
    "qid": "Q27955560",
    "wikidata": "https://www.wikidata.org/wiki/Q27955560",
    "_overrides": {
     "qid": {
      "at": "2026-08-24",
      "source": "Wikidata reconciliation",
      "note": "matched to Q27955560 by normalised title + year (±8), same creator (merge_wd_extras)"
     }
    }
   }
  },
  {
   "type": "Feature",
   "geometry": {
    "type": "Point",
    "coordinates": [
     -71.1147,
     42.3742
    ]
   },
   "properties": {
    "painter": "Botticelli",
    "title": "The Virgin and Child",
    "year": "c. 1490",
    "city": "Cambridge",
    "location": "Fogg Museum",
    "attribution": "generally accepted",
    "medium": "Tempera on panel",
    "dimensions": "88.9 × 55.9 cm",
    "image": "https://upload.wikimedia.org/wikipedia/commons/thumb/b/bd/Sandro_Botticelli_%28Alessandro_Filipepi%29_-_The_Virgin_and_Child_-_1943.105_-_Fogg_Museum.jpg/500px-Sandro_Botticelli_%28Alessandro_Filipepi%29_-_The_Virgin_and_Child_-_1943.105_-_Fogg_Museum.jpg?utm_source=en.wikipedia.org&amp;utm_campaign=parser&amp;utm_content=thumbnail",
    "notable": true,
    "creation_place": "Florence",
    "creation_lat": 43.7696,
    "creation_lon": 11.2558,
    "_source": {
     "source": "Wikipedia: List of paintings by Sandro Botticelli",
     "coord": "MediaWiki coordinates API"
    },
    "museum_id": "fogg-museum",
    "country": "United States"
   }
  },
  {
   "type": "Feature",
   "geometry": {
    "type": "Point",
    "coordinates": [
     11.25528,
     43.76833
    ]
   },
   "properties": {
    "painter": "Botticelli",
    "title": "St. Augustine in His Cell",
    "year": "1490–1494",
    "city": "Florence",
    "country": "Italy",
    "location": "Uffizi Gallery",
    "attribution": "generally accepted",
    "medium": "Tempera on panel",
    "dimensions": "41 × 27 cm",
    "image": "https://upload.wikimedia.org/wikipedia/commons/thumb/c/c7/Botticelli%2C_sant%27agostino_degli_uffizi.jpg/500px-Botticelli%2C_sant%27agostino_degli_uffizi.jpg?utm_source=en.wikipedia.org&amp;utm_campaign=parser&amp;utm_content=thumbnail",
    "notable": true,
    "wikipedia_en": "https://en.wikipedia.org/wiki/St._Augustine_in_His_Cell_(Botticelli)",
    "creation_place": "Florence",
    "creation_lat": 43.7696,
    "creation_lon": 11.2558,
    "_source": {
     "source": "Wikipedia: List of paintings by Sandro Botticelli",
     "coord": "MediaWiki coordinates API"
    },
    "museum_id": "uffizi-gallery",
    "qid": "Q1114823",
    "wikidata": "https://www.wikidata.org/wiki/Q1114823",
    "wga_url": "https://www.wga.hu/html/b/botticel/91late/04august.html"
   }
  },
  {
   "type": "Feature",
   "geometry": {
    "type": "Point",
    "coordinates": [
     11.25,
     43.7652
    ]
   },
   "properties": {
    "painter": "Botticelli",
    "title": "Madonna and Child and the Young St John the Baptist",
    "year": "1505",
    "location": "Galleria Palatina",
    "city": "Florence",
    "country": "Italy",
    "attribution": "generally accepted",
    "image": "https://commons.wikimedia.org/wiki/Special:FilePath/MadonnaBambinoGiovanninoBotticelli.jpg?width=500",
    "qid": "Q3842521",
    "wikidata": "https://www.wikidata.org/wiki/Q3842521",
    "_source": {
     "source": "Wikidata",
     "url": "https://www.wikidata.org/wiki/Q3842521",
     "note": "harvested: painting by this creator with an image and a documented collection"
    },
    "creation_place": "Florence",
    "creation_lat": 43.771389,
    "creation_lon": 11.254167,
    "_overrides": {
     "creation": {
      "at": "2026-08-24",
      "source": "derived",
      "note": "creation place inferred from the painter's itinerary at this work's date (approximate)"
     }
    },
    "dimensions": "134 × 92 cm",
    "medium": "Tempera on canvas"
   }
  },
  {
   "type": "Feature",
   "geometry": {
    "type": "Point",
    "coordinates": [
     -75.181388888,
     39.965833333
    ]
   },
   "properties": {
    "painter": "Botticelli",
    "title": "Portrait of Lorenzo de' Lorenzi",
    "year": "1492",
    "location": "Philadelphia Museum of Art",
    "city": "Philadelphia",
    "country": "United States",
    "attribution": "generally accepted",
    "image": "https://commons.wikimedia.org/wiki/Special:FilePath/BOTTICELLI%20Portrait%20Lorenzo%20di%20Ser%20Piero%20Lorenzi.jpg?width=500",
    "qid": "Q20808470",
    "wikidata": "https://www.wikidata.org/wiki/Q20808470",
    "_source": {
     "source": "Wikidata",
     "url": "https://www.wikidata.org/wiki/Q20808470",
     "note": "harvested: painting by this creator with an image and a documented collection"
    },
    "creation_place": "Florence",
    "creation_lat": 43.771389,
    "creation_lon": 11.254167,
    "_overrides": {
     "creation": {
      "at": "2026-08-24",
      "source": "derived",
      "note": "creation place inferred from the painter's itinerary at this work's date (approximate)"
     }
    },
    "dimensions": "50 × 36.5 cm",
    "medium": "Tempera on panel"
   }
  },
  {
   "type": "Feature",
   "geometry": {
    "type": "Point",
    "coordinates": [
     -46.6558,
     -23.5611
    ]
   },
   "properties": {
    "painter": "Botticelli",
    "title": "Virgin and Child with the Infant John the Baptist",
    "year": "1490–1500",
    "location": "São Paulo Museum of Art",
    "attribution": "generally accepted",
    "medium": "Tempera on panel",
    "dimensions": "diameter 74 cm",
    "image": "https://upload.wikimedia.org/wikipedia/commons/thumb/9/9e/Botticelli_San_Paulo_68.jpg/500px-Botticelli_San_Paulo_68.jpg?utm_source=en.wikipedia.org&amp;utm_campaign=parser&amp;utm_content=thumbnail",
    "notable": true,
    "wikipedia_en": "https://en.wikipedia.org/wiki/Virgin_and_Child_with_the_Infant_John_the_Baptist_(Botticelli,_S%C3%A3o_Paulo)",
    "creation_place": "Florence",
    "creation_lat": 43.7696,
    "creation_lon": 11.2558,
    "_source": {
     "source": "Wikipedia: List of paintings by Sandro Botticelli",
     "coord": "MediaWiki coordinates API"
    },
    "museum_id": "sao-paulo-museum-of-art",
    "city": "São Paulo",
    "country": "Brazil",
    "qid": "Q3213785",
    "wikidata": "https://www.wikidata.org/wiki/Q3213785"
   }
  },
  {
   "type": "Feature",
   "geometry": {
    "type": "Point",
    "coordinates": [
     11.25517,
     43.79288
    ]
   },
   "properties": {
    "painter": "Botticelli",
    "title": "Madonna and Child",
    "year": "ca. 1490",
    "city": "Florence",
    "country": "Italy",
    "location": "Museo Stibbert",
    "attribution": "generally accepted",
    "medium": "Tempera on wood panel",
    "dimensions": "73.5 cm x 57.5 cm",
    "image": "https://upload.wikimedia.org/wikipedia/commons/thumb/0/0a/Madonna_and_Child_-_Botticelli.png/500px-Madonna_and_Child_-_Botticelli.png?utm_source=en.wikipedia.org&amp;utm_campaign=parser&amp;utm_content=thumbnail",
    "notable": true,
    "wikipedia_en": "https://en.wikipedia.org/wiki/Madonna_and_Child_(Botticelli,_Museo_Stibbert)",
    "creation_place": "Florence",
    "creation_lat": 43.7696,
    "creation_lon": 11.2558,
    "_source": {
     "source": "Wikipedia: List of paintings by Sandro Botticelli",
     "coord": "MediaWiki coordinates API"
    },
    "museum_id": "museo-stibbert",
    "qid": "Q140076644",
    "wikidata": "https://www.wikidata.org/wiki/Q140076644"
   }
  },
  {
   "type": "Feature",
   "geometry": {
    "type": "Point",
    "coordinates": [
     -0.11747,
     51.51175
    ]
   },
   "properties": {
    "painter": "Botticelli",
    "title": "Holy Trinity",
    "year": "1491–1493",
    "city": "London",
    "country": "United Kingdom",
    "location": "Courtauld Gallery",
    "attribution": "generally accepted",
    "medium": "Tempera on panel",
    "dimensions": "215 × 192 cm",
    "image": "https://upload.wikimedia.org/wikipedia/commons/thumb/b/b8/Botticelli_Trinity.jpg/500px-Botticelli_Trinity.jpg?utm_source=en.wikipedia.org&amp;utm_campaign=parser&amp;utm_content=thumbnail",
    "notable": true,
    "wikipedia_en": "https://en.wikipedia.org/wiki/Holy_Trinity_(Botticelli)",
    "creation_place": "Florence",
    "creation_lat": 43.7696,
    "creation_lon": 11.2558,
    "_source": {
     "source": "Wikipedia: List of paintings by Sandro Botticelli",
     "coord": "MediaWiki coordinates API"
    },
    "museum_id": "courtauld-gallery",
    "qid": "Q2416277",
    "wikidata": "https://www.wikidata.org/wiki/Q2416277",
    "wga_url": "https://www.wga.hu/html/b/botticel/91late/030trini.html"
   }
  },
  {
   "type": "Feature",
   "geometry": {
    "type": "Point",
    "coordinates": [
     9.1854,
     45.4631
    ]
   },
   "properties": {
    "painter": "Botticelli",
    "title": "The Virgin and Child with Three Angels (Madonna del Padiglione)",
    "year": "c. 1493",
    "city": "Milan",
    "country": "Italy",
    "location": "Biblioteca Ambrosiana",
    "attribution": "generally accepted",
    "medium": "Tempera on panel",
    "dimensions": "diameter 65 cm",
    "image": "https://upload.wikimedia.org/wikipedia/commons/thumb/e/e5/Sandro_Botticelli_-_The_Virgin_and_Child_with_Three_Angels_%28Madonna_del_Padiglione%29_-_WGA02836.jpg/500px-Sandro_Botticelli_-_The_Virgin_and_Child_with_Three_Angels_%28Madonna_del_Padiglione%29_-_WGA02836.jpg?utm_source=en.wikipedia.org&amp;utm_campaign=parser&amp;utm_content=thumbnail",
    "notable": true,
    "creation_place": "Florence",
    "creation_lat": 43.7696,
    "creation_lon": 11.2558,
    "_source": {
     "source": "Wikipedia: List of paintings by Sandro Botticelli",
     "coord": "MediaWiki coordinates API"
    },
    "museum_id": "biblioteca-ambrosiana",
    "wga_url": "https://www.wga.hu/html/b/botticel/91late/07padigl.html"
   }
  },
  {
   "type": "Feature",
   "geometry": {
    "type": "Point",
    "coordinates": [
     -4.29056,
     55.86861
    ]
   },
   "properties": {
    "painter": "Botticelli",
    "title": "The Annunciation",
    "year": "c. 1493",
    "city": "Glasgow",
    "country": "United Kingdom",
    "location": "Kelvingrove Art Gallery and Museum",
    "attribution": "generally accepted",
    "medium": "Tempera and gold on panel",
    "dimensions": "51 × 62 cm",
    "image": "https://upload.wikimedia.org/wikipedia/commons/thumb/2/2b/AnnunciazioneBotticelli-1490.jpg/500px-AnnunciazioneBotticelli-1490.jpg?utm_source=en.wikipedia.org&amp;utm_campaign=parser&amp;utm_content=thumbnail",
    "notable": true,
    "creation_place": "Florence",
    "creation_lat": 43.7696,
    "creation_lon": 11.2558,
    "_source": {
     "source": "Wikipedia: List of paintings by Sandro Botticelli",
     "coord": "MediaWiki coordinates API"
    },
    "museum_id": "kelvingrove-art-gallery-and-museum",
    "wga_url": "https://www.wga.hu/html/b/botticel/22/6annunci.html"
   }
  },
  {
   "type": "Feature",
   "geometry": {
    "type": "Point",
    "coordinates": [
     11.25528,
     43.76833
    ]
   },
   "properties": {
    "painter": "Botticelli",
    "title": "Calumny of Apelles",
    "year": "c. 1495",
    "city": "Florence",
    "country": "Italy",
    "location": "Uffizi Gallery",
    "attribution": "generally accepted",
    "medium": "Tempera on panel",
    "dimensions": "62 × 91 cm",
    "image": "https://upload.wikimedia.org/wikipedia/commons/thumb/1/13/Sandro_Botticelli_La_calumnia_de_Apeles.jpg/500px-Sandro_Botticelli_La_calumnia_de_Apeles.jpg?utm_source=en.wikipedia.org&amp;utm_campaign=parser&amp;utm_content=thumbnail",
    "notable": true,
    "wikipedia_en": "https://en.wikipedia.org/wiki/Calumny_of_Apelles_(Botticelli)",
    "creation_place": "Florence",
    "creation_lat": 43.7696,
    "creation_lon": 11.2558,
    "_source": {
     "source": "Wikipedia: List of paintings by Sandro Botticelli",
     "coord": "MediaWiki coordinates API"
    },
    "museum_id": "uffizi-gallery",
    "qid": "Q1217187",
    "wikidata": "https://www.wikidata.org/wiki/Q1217187",
    "wga_url": "https://www.wga.hu/html/b/botticel/90scenic/13calumn.html"
   }
  },
  {
   "type": "Feature",
   "geometry": {
    "type": "Point",
    "coordinates": [
     -73.9631,
     40.7794
    ]
   },
   "properties": {
    "painter": "Botticelli",
    "title": "Last Communion of St. Jerome",
    "year": "c. 1495",
    "city": "New York",
    "country": "United States",
    "location": "Metropolitan Museum of Art",
    "attribution": "generally accepted",
    "medium": "Tempera on panel",
    "dimensions": "34.5 × 25.4 cm",
    "image": "https://upload.wikimedia.org/wikipedia/commons/thumb/5/5d/Sandro_Botticelli_019.jpg/500px-Sandro_Botticelli_019.jpg?utm_source=en.wikipedia.org&amp;utm_campaign=parser&amp;utm_content=thumbnail",
    "notable": true,
    "wikipedia_en": "https://en.wikipedia.org/wiki/Last_Communion_of_St_Jerome_(Botticelli)",
    "creation_place": "Florence",
    "creation_lat": 43.7696,
    "creation_lon": 11.2558,
    "_source": {
     "source": "Wikipedia: List of paintings by Sandro Botticelli",
     "coord": "MediaWiki coordinates API"
    },
    "museum_id": "metropolitan-museum-of-art",
    "qid": "Q3208203",
    "wikidata": "https://www.wikidata.org/wiki/Q3208203",
    "wga_url": "https://www.wga.hu/html/b/botticel/91late/051jerom.html"
   }
  },
  {
   "type": "Feature",
   "geometry": {
    "type": "Point",
    "coordinates": [
     9.19158,
     45.46866
    ]
   },
   "properties": {
    "painter": "Botticelli",
    "title": "Lamentation over the Dead Christ",
    "year": "1495–1500",
    "city": "Milan",
    "country": "Italy",
    "location": "Museo Poldi Pezzoli",
    "attribution": "generally accepted",
    "medium": "Tempera on panel",
    "dimensions": "106 × 71 cm",
    "image": "https://upload.wikimedia.org/wikipedia/commons/thumb/7/74/Sandro_Botticelli_015.jpg/500px-Sandro_Botticelli_015.jpg?utm_source=en.wikipedia.org&amp;utm_campaign=parser&amp;utm_content=thumbnail",
    "notable": true,
    "wikipedia_en": "https://en.wikipedia.org/wiki/Lamentation_over_the_Dead_Christ_with_Saints_(Botticelli)",
    "creation_place": "Florence",
    "creation_lat": 43.7696,
    "creation_lon": 11.2558,
    "_source": {
     "source": "Wikipedia: List of paintings by Sandro Botticelli",
     "coord": "MediaWiki coordinates API"
    },
    "museum_id": "museo-poldi-pezzoli",
    "qid": "Q1115423",
    "wikidata": "https://www.wikidata.org/wiki/Q1115423",
    "wga_url": "https://www.wga.hu/html/b/botticel/91late/02lamenx.html"
   }
  },
  {
   "type": "Feature",
   "geometry": {
    "type": "Point",
    "coordinates": [
     4.8853,
     52.36
    ]
   },
   "properties": {
    "painter": "Botticelli",
    "title": "Judith Leaving the Tent of Holofernes",
    "year": "1495–1500",
    "city": "Amsterdam",
    "country": "Netherlands",
    "location": "Rijksmuseum",
    "attribution": "generally accepted",
    "medium": "Tempera on panel",
    "dimensions": "36.5 × 20 cm",
    "image": "https://upload.wikimedia.org/wikipedia/commons/thumb/c/c3/Botticelli_Rijkmuseum_80.jpg/500px-Botticelli_Rijkmuseum_80.jpg?utm_source=en.wikipedia.org&amp;utm_campaign=parser&amp;utm_content=thumbnail",
    "notable": true,
    "creation_place": "Florence",
    "creation_lat": 43.7696,
    "creation_lon": 11.2558,
    "_source": {
     "source": "Wikipedia: List of paintings by Sandro Botticelli",
     "coord": "MediaWiki coordinates API"
    },
    "museum_id": "rijksmuseum",
    "wga_url": "https://www.wga.hu/html/b/botticel/91late/11judith.html"
   }
  },
  {
   "type": "Feature",
   "geometry": {
    "type": "Point",
    "coordinates": [
     -1.9036,
     52.4803
    ]
   },
   "properties": {
    "painter": "Botticelli",
    "title": "The Descent of the Holy Ghost",
    "year": "1495–1505",
    "location": "Birmingham Museums & Art Gallery",
    "attribution": "generally accepted",
    "medium": "Oil on panel",
    "dimensions": "207 × 230 cm",
    "image": "https://upload.wikimedia.org/wikipedia/commons/thumb/4/43/Botticelli_Birmingham_88.jpg/500px-Botticelli_Birmingham_88.jpg?utm_source=en.wikipedia.org&amp;utm_campaign=parser&amp;utm_content=thumbnail",
    "notable": true,
    "creation_place": "Florence",
    "creation_lat": 43.7696,
    "creation_lon": 11.2558,
    "_source": {
     "source": "Wikipedia: List of paintings by Sandro Botticelli",
     "coord": "MediaWiki coordinates API"
    },
    "museum_id": "birmingham-museums-art-gallery",
    "qid": "Q73916251",
    "wikidata": "https://www.wikidata.org/wiki/Q73916251",
    "_overrides": {
     "qid": {
      "at": "2026-08-24",
      "source": "Wikidata reconciliation",
      "note": "matched to Q73916251 by normalised title + year (±8), same creator (merge_wd_extras)"
     }
    }
   }
  },
  {
   "type": "Feature",
   "geometry": {
    "type": "Point",
    "coordinates": [
     9.6758,
     45.7042
    ]
   },
   "properties": {
    "painter": "Botticelli",
    "title": "The Story of Virginia",
    "year": "1496–1504",
    "city": "Bergamo",
    "location": "Accademia Carrara",
    "attribution": "generally accepted",
    "medium": "Tempera on panel",
    "dimensions": "85 × 165 cm",
    "image": "https://upload.wikimedia.org/wikipedia/commons/thumb/c/c9/VirginiaBotticelli.jpg/500px-VirginiaBotticelli.jpg?utm_source=en.wikipedia.org&amp;utm_campaign=parser&amp;utm_content=thumbnail",
    "notable": true,
    "wikipedia_en": "https://en.wikipedia.org/wiki/The_Story_of_Virginia_(Botticelli)",
    "creation_place": "Florence",
    "creation_lat": 43.7696,
    "creation_lon": 11.2558,
    "_source": {
     "source": "Wikipedia: List of paintings by Sandro Botticelli",
     "coord": "MediaWiki coordinates API"
    },
    "museum_id": "accademia-carrara",
    "country": "Italy",
    "qid": "Q1115413",
    "wikidata": "https://www.wikidata.org/wiki/Q1115413",
    "wga_url": "https://www.wga.hu/html/b/botticel/90scenic/21virgin.html"
   }
  },
  {
   "type": "Feature",
   "geometry": {
    "type": "Point",
    "coordinates": [
     -71.05778,
     42.36028
    ]
   },
   "properties": {
    "painter": "Botticelli",
    "title": "The Story of Lucretia",
    "year": "1496–1504",
    "city": "Boston",
    "country": "United States",
    "location": "Isabella Stewart Gardner Museum",
    "attribution": "generally accepted",
    "medium": "Tempera on panel",
    "dimensions": "83.8 × 176.8 cm",
    "image": "https://upload.wikimedia.org/wikipedia/commons/thumb/5/5e/Suicide_lucretia.jpg/500px-Suicide_lucretia.jpg?utm_source=en.wikipedia.org&amp;utm_campaign=parser&amp;utm_content=thumbnail",
    "notable": true,
    "wikipedia_en": "https://en.wikipedia.org/wiki/The_Story_of_Lucretia_(Botticelli)",
    "creation_place": "Florence",
    "creation_lat": 43.7696,
    "creation_lon": 11.2558,
    "_source": {
     "source": "Wikipedia: List of paintings by Sandro Botticelli",
     "coord": "MediaWiki coordinates API"
    },
    "museum_id": "isabella-stewart-gardner-museum",
    "qid": "Q1115514",
    "wikidata": "https://www.wikidata.org/wiki/Q1115514",
    "wga_url": "https://www.wga.hu/html/b/botticel/90scenic/32lucret.html"
   }
  },
  {
   "type": "Feature",
   "geometry": {
    "type": "Point",
    "coordinates": [
     30.313611111,
     59.940555555
    ]
   },
   "properties": {
    "painter": "Botticelli",
    "title": "St Jerome",
    "year": "1450",
    "location": "Hermitage Museum",
    "city": "Saint Petersburg",
    "country": "Russia",
    "attribution": "generally accepted",
    "image": "https://commons.wikimedia.org/wiki/Special:FilePath/Botticelli%20Hermitage%2091.jpg?width=500",
    "qid": "Q27968293",
    "wikidata": "https://www.wikidata.org/wiki/Q27968293",
    "_source": {
     "source": "Wikidata",
     "url": "https://www.wikidata.org/wiki/Q27968293",
     "note": "harvested: painting by this creator with an image and a documented collection"
    },
    "creation_place": "Florence",
    "creation_lat": 43.771389,
    "creation_lon": 11.254167,
    "_overrides": {
     "creation": {
      "at": "2026-08-24",
      "source": "derived",
      "note": "creation place inferred from the painter's itinerary at this work's date (approximate)"
     }
    },
    "dimensions": "44.5 × 26 cm",
    "medium": "Tempera on canvas"
   }
  },
  {
   "type": "Feature",
   "geometry": {
    "type": "Point",
    "coordinates": [
     30.3136,
     59.9406
    ]
   },
   "properties": {
    "painter": "Botticelli",
    "title": "St. Dominic",
    "year": "1498–1505",
    "city": "Saint Petersburg",
    "country": "Russia",
    "location": "Hermitage Museum",
    "attribution": "generally accepted",
    "medium": "Tempera on canvas",
    "dimensions": "44.5 × 26 cm",
    "image": "https://upload.wikimedia.org/wikipedia/commons/thumb/5/5e/Botticelli_Hermitage_92.jpg/500px-Botticelli_Hermitage_92.jpg?utm_source=en.wikipedia.org&amp;utm_campaign=parser&amp;utm_content=thumbnail",
    "notable": true,
    "creation_place": "Florence",
    "creation_lat": 43.7696,
    "creation_lon": 11.2558,
    "_source": {
     "source": "Wikipedia: List of paintings by Sandro Botticelli",
     "coord": "MediaWiki coordinates API"
    },
    "museum_id": "hermitage-museum",
    "wga_url": "https://www.wga.hu/html/b/botticel/91late/032domin.html",
    "qid": "Q27968218",
    "wikidata": "https://www.wikidata.org/wiki/Q27968218",
    "_overrides": {
     "qid": {
      "at": "2026-08-24",
      "source": "Wikidata reconciliation",
      "note": "matched to Q27968218 by normalised title + year (±8), same creator (merge_wd_extras)"
     }
    }
   }
  },
  {
   "type": "Feature",
   "geometry": {
    "type": "Point",
    "coordinates": [
     -0.1283,
     51.5089
    ]
   },
   "properties": {
    "painter": "Botticelli",
    "title": "The Mystical Nativity",
    "year": "1500",
    "city": "London",
    "country": "United Kingdom",
    "location": "National Gallery",
    "attribution": "generally accepted",
    "medium": "Oil on canvas",
    "dimensions": "108.6 × 74.9 cm",
    "image": "https://upload.wikimedia.org/wikipedia/commons/thumb/f/f8/Mystic_Nativity%2C_Sandro_Botticelli.jpg/500px-Mystic_Nativity%2C_Sandro_Botticelli.jpg?utm_source=en.wikipedia.org&amp;utm_campaign=parser&amp;utm_content=thumbnail",
    "notable": true,
    "wikipedia_en": "https://en.wikipedia.org/wiki/The_Mystical_Nativity_(Botticelli)",
    "creation_place": "Florence",
    "creation_lat": 43.7696,
    "creation_lon": 11.2558,
    "_source": {
     "source": "Wikipedia: List of paintings by Sandro Botticelli",
     "coord": "MediaWiki coordinates API"
    },
    "museum_id": "national-gallery",
    "qid": "Q974674",
    "wikidata": "https://www.wikidata.org/wiki/Q974674",
    "wga_url": "https://www.wga.hu/html/b/botticel/91late/132nativi.html"
   }
  },
  {
   "type": "Feature",
   "geometry": {
    "type": "Point",
    "coordinates": [
     -3.17917,
     51.48167
    ]
   },
   "properties": {
    "painter": "Botticelli",
    "title": "Virgin and Child with a Pomegranate",
    "year": "c. 1500",
    "city": "Cardiff",
    "location": "National Museum of Wales",
    "attribution": "generally accepted",
    "medium": "Oil on panel",
    "dimensions": "64.8 × 41.9 cm",
    "notable": true,
    "creation_place": "Florence",
    "creation_lat": 43.7696,
    "creation_lon": 11.2558,
    "_source": {
     "source": "Wikipedia: List of paintings by Sandro Botticelli",
     "coord": "MediaWiki coordinates API"
    },
    "museum_id": "national-museum-of-wales",
    "qid": "Q118675987",
    "wikidata": "https://www.wikidata.org/wiki/Q118675987",
    "_overrides": {
     "qid": {
      "at": "2026-08-24",
      "source": "Wikidata reconciliation",
      "note": "matched to Q118675987 by normalised title + year (±8), same creator (merge_wd_extras)"
     }
    }
   }
  },
  {
   "type": "Feature",
   "geometry": {
    "type": "Point",
    "coordinates": [
     -71.1147,
     42.3742
    ]
   },
   "properties": {
    "painter": "Botticelli",
    "title": "Mystic Crucifixion",
    "year": "c. 1500",
    "city": "Cambridge",
    "location": "Fogg Art Museum",
    "attribution": "generally accepted",
    "medium": "Tempera and oil on canvas ( transferred from panel )",
    "dimensions": "72.39 × 51.44 cm",
    "image": "https://upload.wikimedia.org/wikipedia/commons/thumb/b/b6/Botticelli_Fogg_77.jpg/500px-Botticelli_Fogg_77.jpg?utm_source=en.wikipedia.org&amp;utm_campaign=parser&amp;utm_content=thumbnail",
    "notable": true,
    "wikipedia_en": "https://en.wikipedia.org/wiki/Mystic_Crucifixion",
    "creation_place": "Florence",
    "creation_lat": 43.7696,
    "creation_lon": 11.2558,
    "_source": {
     "source": "Wikipedia: List of paintings by Sandro Botticelli",
     "coord": "MediaWiki coordinates API"
    },
    "museum_id": "fogg-art-museum",
    "qid": "Q3005527",
    "wikidata": "https://www.wikidata.org/wiki/Q3005527",
    "wga_url": "https://www.wga.hu/html/b/botticel/91late/09crucif.html"
   }
  },
  {
   "type": "Feature",
   "geometry": {
    "type": "Point",
    "coordinates": [
     9.675609,
     45.70386
    ]
   },
   "properties": {
    "painter": "Botticelli",
    "title": "Man of Sorrows",
    "year": "1500",
    "location": "Accademia Carrara",
    "city": "Bergamo",
    "country": "Italy",
    "attribution": "generally accepted",
    "image": "https://commons.wikimedia.org/wiki/Special:FilePath/Botticelli%2001%20Accademia%20Carrara.jpg?width=500",
    "qid": "Q110714745",
    "wikidata": "https://www.wikidata.org/wiki/Q110714745",
    "_source": {
     "source": "Wikidata",
     "url": "https://www.wikidata.org/wiki/Q110714745",
     "note": "harvested: painting by this creator with an image and a documented collection"
    },
    "creation_place": "Florence",
    "creation_lat": 43.771389,
    "creation_lon": 11.254167,
    "_overrides": {
     "creation": {
      "at": "2026-08-24",
      "source": "derived",
      "note": "creation place inferred from the painter's itinerary at this work's date (approximate)"
     }
    },
    "dimensions": "47.6 × 32.3 cm",
    "medium": "Tempera on panel"
   }
  },
  {
   "type": "Feature",
   "geometry": {
    "type": "Point",
    "coordinates": [
     12.487892,
     41.898332
    ]
   },
   "properties": {
    "painter": "Botticelli",
    "title": "The Transfiguration, St Jerome and St Augustine",
    "year": "1500",
    "location": "Palazzo Pallavicini-Rospigliosi",
    "city": "Rome",
    "country": "Italy",
    "attribution": "generally accepted",
    "image": "https://commons.wikimedia.org/wiki/Special:FilePath/Botticelli%2002%20Galleria%20Pallavicini.jpg?width=500",
    "qid": "Q134548536",
    "wikidata": "https://www.wikidata.org/wiki/Q134548536",
    "_source": {
     "source": "Wikidata",
     "url": "https://www.wikidata.org/wiki/Q134548536",
     "note": "harvested: painting by this creator with an image and a documented collection"
    },
    "creation_place": "Florence",
    "creation_lat": 43.771389,
    "creation_lon": 11.254167,
    "_overrides": {
     "creation": {
      "at": "2026-08-24",
      "source": "derived",
      "note": "creation place inferred from the painter's itinerary at this work's date (approximate)"
     }
    },
    "dimensions": "27.5 × 35.5 cm",
    "medium": "Tempera on panel"
   }
  },
  {
   "type": "Feature",
   "geometry": {
    "type": "Point",
    "coordinates": [
     -3.6,
     37.175
    ]
   },
   "properties": {
    "painter": "Botticelli",
    "title": "Agony in the Garden",
    "year": "c. 1500",
    "city": "Granada",
    "location": "Royal Chapel",
    "attribution": "generally accepted",
    "medium": "Tempera on panel",
    "dimensions": "53 × 35 cm",
    "image": "https://upload.wikimedia.org/wikipedia/commons/thumb/1/1f/OrazioneOrtoBotticelli.jpg/500px-OrazioneOrtoBotticelli.jpg?utm_source=en.wikipedia.org&amp;utm_campaign=parser&amp;utm_content=thumbnail",
    "notable": true,
    "creation_place": "Florence",
    "creation_lat": 43.7696,
    "creation_lon": 11.2558,
    "_source": {
     "source": "Wikipedia: List of paintings by Sandro Botticelli",
     "coord": "MediaWiki coordinates API"
    },
    "museum_id": "royal-chapel",
    "wga_url": "https://www.wga.hu/html/b/botticel/91late/12agony.html",
    "qid": "Q3884942",
    "wikidata": "https://www.wikidata.org/wiki/Q3884942",
    "_overrides": {
     "qid": {
      "at": "2026-08-24",
      "source": "Wikidata reconciliation",
      "note": "matched to Q3884942 by normalised title + year (±8), same creator (merge_wd_extras)"
     }
    }
   }
  },
  {
   "type": "Feature",
   "geometry": {
    "type": "Point",
    "coordinates": [
     -78.70289,
     35.81019
    ]
   },
   "properties": {
    "painter": "Botticelli",
    "title": "Adoration of the Child",
    "year": "c. 1500",
    "city": "Raleigh",
    "location": "North Carolina Museum of Art",
    "attribution": "generally accepted",
    "medium": "Tempera on panel",
    "dimensions": "diameter 125.7 cm",
    "image": "https://upload.wikimedia.org/wikipedia/commons/thumb/0/08/Botticelli_NorthCarolina_87.jpg/500px-Botticelli_NorthCarolina_87.jpg?utm_source=en.wikipedia.org&amp;utm_campaign=parser&amp;utm_content=thumbnail",
    "notable": true,
    "creation_place": "Florence",
    "creation_lat": 43.7696,
    "creation_lon": 11.2558,
    "_source": {
     "source": "Wikipedia: List of paintings by Sandro Botticelli",
     "coord": "MediaWiki coordinates API"
    },
    "museum_id": "north-carolina-museum-of-art"
   }
  },
  {
   "type": "Feature",
   "geometry": {
    "type": "Point",
    "coordinates": [
     -71.05778,
     42.36028
    ]
   },
   "properties": {
    "painter": "Botticelli",
    "title": "Adoration of the Christ Child",
    "year": "c. 1500",
    "city": "Boston",
    "location": "Museum of Fine Arts",
    "attribution": "generally accepted",
    "medium": "Oil on panel",
    "dimensions": "diameter 120.7 cm",
    "image": "https://upload.wikimedia.org/wikipedia/commons/thumb/3/30/Botticelli_Houston_116.jpg/500px-Botticelli_Houston_116.jpg?utm_source=en.wikipedia.org&amp;utm_campaign=parser&amp;utm_content=thumbnail",
    "notable": true,
    "creation_place": "Florence",
    "creation_lat": 43.7696,
    "creation_lon": 11.2558,
    "_source": {
     "source": "Wikipedia: List of paintings by Sandro Botticelli",
     "coord": "MediaWiki coordinates API"
    },
    "museum_id": "museum-of-fine-arts",
    "country": "United States",
    "qid": "Q28039505",
    "wikidata": "https://www.wikidata.org/wiki/Q28039505",
    "_overrides": {
     "qid": {
      "at": "2026-08-24",
      "source": "Wikidata reconciliation",
      "note": "matched to Q28039505 by normalised title + year (±8), same creator (merge_wd_extras)"
     }
    }
   }
  },
  {
   "type": "Feature",
   "geometry": {
    "type": "Point",
    "coordinates": [
     11.25528,
     43.76833
    ]
   },
   "properties": {
    "painter": "Botticelli",
    "title": "Adoration of the Magi",
    "year": "c. 1500",
    "city": "Florence",
    "country": "Italy",
    "location": "Uffizi Gallery",
    "attribution": "generally accepted",
    "medium": "Tempera on panel",
    "dimensions": "108 × 173 cm",
    "image": "https://upload.wikimedia.org/wikipedia/commons/thumb/d/d5/Botticelli%2C_adorazione_dei_magi_uffizi_1490--1500.jpg/500px-Botticelli%2C_adorazione_dei_magi_uffizi_1490--1500.jpg?utm_source=en.wikipedia.org&amp;utm_campaign=parser&amp;utm_content=thumbnail",
    "notable": true,
    "creation_place": "Florence",
    "creation_lat": 43.7696,
    "creation_lon": 11.2558,
    "_source": {
     "source": "Wikipedia: List of paintings by Sandro Botticelli",
     "coord": "MediaWiki coordinates API"
    },
    "museum_id": "uffizi-gallery",
    "wga_url": "https://www.wga.hu/html/b/botticel/1early/050adora.html"
   }
  },
  {
   "type": "Feature",
   "geometry": {
    "type": "Point",
    "coordinates": [
     -0.1283,
     51.5089
    ]
   },
   "properties": {
    "painter": "Botticelli",
    "title": "Four Scenes from the Early Life of Saint Zenobius",
    "year": "c. 1500",
    "city": "London",
    "country": "United Kingdom",
    "location": "National Gallery",
    "attribution": "generally accepted",
    "medium": "Tempera on panel",
    "dimensions": "66.7 × 149.2 cm",
    "image": "https://upload.wikimedia.org/wikipedia/commons/thumb/b/b8/San_Zenobius_London.jpg/500px-San_Zenobius_London.jpg?utm_source=en.wikipedia.org&amp;utm_campaign=parser&amp;utm_content=thumbnail",
    "notable": true,
    "wikipedia_en": "https://en.wikipedia.org/wiki/Scenes_from_the_Life_of_Saint_Zenobius",
    "creation_place": "Florence",
    "creation_lat": 43.7696,
    "creation_lon": 11.2558,
    "_source": {
     "source": "Wikipedia: List of paintings by Sandro Botticelli",
     "coord": "MediaWiki coordinates API"
    },
    "museum_id": "national-gallery",
    "qid": "Q21813258",
    "wikidata": "https://www.wikidata.org/wiki/Q21813258"
   }
  },
  {
   "type": "Feature",
   "geometry": {
    "type": "Point",
    "coordinates": [
     -0.1283,
     51.5089
    ]
   },
   "properties": {
    "painter": "Botticelli",
    "title": "Three Miracles of Saint Zenobius",
    "year": "c. 1500",
    "city": "London",
    "country": "United Kingdom",
    "location": "National Gallery",
    "attribution": "generally accepted",
    "medium": "Tempera on panel",
    "dimensions": "64.8 × 139.7 cm",
    "image": "https://upload.wikimedia.org/wikipedia/commons/thumb/e/e7/3ZenobiusLondon.jpg/500px-3ZenobiusLondon.jpg?utm_source=en.wikipedia.org&amp;utm_campaign=parser&amp;utm_content=thumbnail",
    "notable": true,
    "wikipedia_en": "https://en.wikipedia.org/wiki/Scenes_from_the_Life_of_Saint_Zenobius",
    "creation_place": "Florence",
    "creation_lat": 43.7696,
    "creation_lon": 11.2558,
    "_source": {
     "source": "Wikipedia: List of paintings by Sandro Botticelli",
     "coord": "MediaWiki coordinates API"
    },
    "museum_id": "national-gallery",
    "qid": "Q21813258",
    "wikidata": "https://www.wikidata.org/wiki/Q21813258"
   }
  },
  {
   "type": "Feature",
   "geometry": {
    "type": "Point",
    "coordinates": [
     -73.9631,
     40.7794
    ]
   },
   "properties": {
    "painter": "Botticelli",
    "title": "Three Miracles of St. Zenobius",
    "year": "1500–1505",
    "city": "New York",
    "country": "United States",
    "location": "Metropolitan Museum of Art",
    "attribution": "generally accepted",
    "medium": "Tempera on panel",
    "dimensions": "67 × 150.5 cm",
    "image": "https://upload.wikimedia.org/wikipedia/commons/thumb/0/00/3ZenobiusNY.jpg/500px-3ZenobiusNY.jpg?utm_source=en.wikipedia.org&amp;utm_campaign=parser&amp;utm_content=thumbnail",
    "notable": true,
    "wikipedia_en": "https://en.wikipedia.org/wiki/Scenes_from_the_Life_of_Saint_Zenobius",
    "creation_place": "Florence",
    "creation_lat": 43.7696,
    "creation_lon": 11.2558,
    "_source": {
     "source": "Wikipedia: List of paintings by Sandro Botticelli",
     "coord": "MediaWiki coordinates API"
    },
    "museum_id": "metropolitan-museum-of-art",
    "qid": "Q21813258",
    "wikidata": "https://www.wikidata.org/wiki/Q21813258"
   }
  },
  {
   "type": "Feature",
   "geometry": {
    "type": "Point",
    "coordinates": [
     13.3647,
     52.5086
    ]
   },
   "properties": {
    "painter": "Botticelli",
    "title": "Last Miracle and the Death of St. Zenobius",
    "year": "1500–1505",
    "city": "Berlin",
    "country": "Germany",
    "location": "Gemäldegalerie",
    "attribution": "generally accepted",
    "medium": "Tempera on panel",
    "dimensions": "66 × 182 cm",
    "image": "https://upload.wikimedia.org/wikipedia/commons/thumb/6/6c/Sandro_Botticelli_-_Last_Miracle_and_the_Death_of_St._Zenobius_-_Google_Art_Project.jpg/500px-Sandro_Botticelli_-_Last_Miracle_and_the_Death_of_St._Zenobius_-_Google_Art_Project.jpg?utm_source=en.wikipedia.org&amp;utm_campaign=parser&amp;utm_content=thumbnail",
    "notable": true,
    "wikipedia_en": "https://en.wikipedia.org/wiki/Scenes_from_the_Life_of_Saint_Zenobius",
    "creation_place": "Florence",
    "creation_lat": 43.7696,
    "creation_lon": 11.2558,
    "_source": {
     "source": "Wikipedia: List of paintings by Sandro Botticelli",
     "coord": "MediaWiki coordinates API"
    },
    "museum_id": "gemaldegalerie",
    "qid": "Q21813258",
    "wikidata": "https://www.wikidata.org/wiki/Q21813258"
   }
  },
  {
   "type": "Feature",
   "geometry": {
    "type": "Point",
    "coordinates": [
     11.255277777,
     43.768333333
    ]
   },
   "properties": {
    "painter": "Botticelli",
    "title": "Sant'Ambrogio Altarpiece",
    "year": "1470",
    "location": "Uffizi Gallery",
    "city": "Florence",
    "country": "Italy",
    "attribution": "generally accepted",
    "image": "https://commons.wikimedia.org/wiki/Special:FilePath/Sandro%20Botticelli%20Madonna%20and%20Child%20with%20Six%20Saints%2001.jpg?width=500",
    "qid": "Q1761496",
    "wikidata": "https://www.wikidata.org/wiki/Q1761496",
    "_source": {
     "source": "Wikidata",
     "url": "https://www.wikidata.org/wiki/Q1761496",
     "note": "harvested: painting by this creator with an image and a documented collection"
    },
    "creation_place": "Florence",
    "creation_lat": 43.771389,
    "creation_lon": 11.254167,
    "_overrides": {
     "creation": {
      "at": "2026-08-24",
      "source": "derived",
      "note": "creation place inferred from the painter's itinerary at this work's date (approximate)"
     }
    }
   }
  },
  {
   "type": "Feature",
   "geometry": {
    "type": "Point",
    "coordinates": [
     11.255277777,
     43.768333333
    ]
   },
   "properties": {
    "painter": "Botticelli",
    "title": "San Barnaba Altarpiece",
    "year": "1487",
    "location": "Uffizi Gallery",
    "city": "Florence",
    "country": "Italy",
    "attribution": "generally accepted",
    "image": "https://commons.wikimedia.org/wiki/Special:FilePath/Sandro%20Botticelli%20003.jpg?width=500",
    "qid": "Q3889254",
    "wikidata": "https://www.wikidata.org/wiki/Q3889254",
    "_source": {
     "source": "Wikidata",
     "url": "https://www.wikidata.org/wiki/Q3889254",
     "note": "harvested: painting by this creator with an image and a documented collection"
    },
    "creation_place": "Florence",
    "creation_lat": 43.771389,
    "creation_lon": 11.254167,
    "_overrides": {
     "creation": {
      "at": "2026-08-24",
      "source": "derived",
      "note": "creation place inferred from the painter's itinerary at this work's date (approximate)"
     }
    }
   }
  },
  {
   "type": "Feature",
   "geometry": {
    "type": "Point",
    "coordinates": [
     -3.692222222,
     40.413888888
    ]
   },
   "properties": {
    "painter": "Botticelli",
    "title": "The Story of Nastagio Degli Onesti, part two",
    "year": "1483",
    "location": "Museo del Prado",
    "city": "Madrid",
    "country": "Spain",
    "attribution": "generally accepted",
    "image": "https://commons.wikimedia.org/wiki/Special:FilePath/Nastagio%20Degli%20Onesti%20II.jpg?width=500",
    "qid": "Q3203525",
    "wikidata": "https://www.wikidata.org/wiki/Q3203525",
    "_source": {
     "source": "Wikidata",
     "url": "https://www.wikidata.org/wiki/Q3203525",
     "note": "harvested: painting by this creator with an image and a documented collection"
    },
    "creation_place": "Florence",
    "creation_lat": 43.771389,
    "creation_lon": 11.254167,
    "_overrides": {
     "creation": {
      "at": "2026-08-24",
      "source": "derived",
      "note": "creation place inferred from the painter's itinerary at this work's date (approximate)"
     }
    }
   }
  },
  {
   "type": "Feature",
   "geometry": {
    "type": "Point",
    "coordinates": [
     -3.692222222,
     40.413888888
    ]
   },
   "properties": {
    "painter": "Botticelli",
    "title": "The Story of Nastagio Degli Onesti, part three",
    "year": "1483",
    "location": "Museo del Prado",
    "city": "Madrid",
    "country": "Spain",
    "attribution": "generally accepted",
    "image": "https://commons.wikimedia.org/wiki/Special:FilePath/Sandro%20Botticelli%20075.jpg?width=500",
    "qid": "Q3203527",
    "wikidata": "https://www.wikidata.org/wiki/Q3203527",
    "_source": {
     "source": "Wikidata",
     "url": "https://www.wikidata.org/wiki/Q3203527",
     "note": "harvested: painting by this creator with an image and a documented collection"
    },
    "creation_place": "Florence",
    "creation_lat": 43.771389,
    "creation_lon": 11.254167,
    "_overrides": {
     "creation": {
      "at": "2026-08-24",
      "source": "derived",
      "note": "creation place inferred from the painter's itinerary at this work's date (approximate)"
     }
    }
   }
  },
  {
   "type": "Feature",
   "geometry": {
    "type": "Point",
    "coordinates": [
     4.885277777,
     52.36
    ]
   },
   "properties": {
    "painter": "Botticelli",
    "title": "Judit with the Head of Holofernes",
    "year": "1498",
    "location": "Rijksmuseum",
    "city": "Amsterdam",
    "country": "Netherlands",
    "attribution": "generally accepted",
    "image": "https://commons.wikimedia.org/wiki/Special:FilePath/Judith%20met%20het%20hoofd%20van%20Holofernes%20Rijksmuseum%20SK-A-3381.jpeg?width=500",
    "qid": "Q17334272",
    "wikidata": "https://www.wikidata.org/wiki/Q17334272",
    "_source": {
     "source": "Wikidata",
     "url": "https://www.wikidata.org/wiki/Q17334272",
     "note": "harvested: painting by this creator with an image and a documented collection"
    },
    "creation_place": "Florence",
    "creation_lat": 43.771389,
    "creation_lon": 11.254167,
    "_overrides": {
     "creation": {
      "at": "2026-08-24",
      "source": "derived",
      "note": "creation place inferred from the painter's itinerary at this work's date (approximate)"
     }
    }
   }
  },
  {
   "type": "Feature",
   "geometry": {
    "type": "Point",
    "coordinates": [
     -75.181388888,
     39.965833333
    ]
   },
   "properties": {
    "painter": "Botticelli",
    "title": "The Last Moments of Saint Mary Magdalene",
    "year": "1491",
    "location": "Philadelphia Museum of Art",
    "city": "Philadelphia",
    "country": "United States",
    "attribution": "generally accepted",
    "image": "https://commons.wikimedia.org/wiki/Special:FilePath/CommunionMagdalenBotticelli.jpg?width=500",
    "qid": "Q3685504",
    "wikidata": "https://www.wikidata.org/wiki/Q3685504",
    "_source": {
     "source": "Wikidata",
     "url": "https://www.wikidata.org/wiki/Q3685504",
     "note": "harvested: painting by this creator with an image and a documented collection"
    },
    "creation_place": "Florence",
    "creation_lat": 43.771389,
    "creation_lon": 11.254167,
    "_overrides": {
     "creation": {
      "at": "2026-08-24",
      "source": "derived",
      "note": "creation place inferred from the painter's itinerary at this work's date (approximate)"
     }
    }
   }
  },
  {
   "type": "Feature",
   "geometry": {
    "type": "Point",
    "coordinates": [
     -75.181388888,
     39.965833333
    ]
   },
   "properties": {
    "painter": "Botticelli",
    "title": "The Feast in the House of Simon",
    "year": "1491",
    "location": "Philadelphia Museum of Art",
    "city": "Philadelphia",
    "country": "United States",
    "attribution": "generally accepted",
    "image": "https://commons.wikimedia.org/wiki/Special:FilePath/Botticelli%2C%20pala%20delle%20convertite%2C%20predella%2003%2C%20festa%20in%20casa%20di%20simone.jpg?width=500",
    "qid": "Q3743980",
    "wikidata": "https://www.wikidata.org/wiki/Q3743980",
    "_source": {
     "source": "Wikidata",
     "url": "https://www.wikidata.org/wiki/Q3743980",
     "note": "harvested: painting by this creator with an image and a documented collection"
    },
    "creation_place": "Florence",
    "creation_lat": 43.771389,
    "creation_lon": 11.254167,
    "_overrides": {
     "creation": {
      "at": "2026-08-24",
      "source": "derived",
      "note": "creation place inferred from the painter's itinerary at this work's date (approximate)"
     }
    }
   }
  },
  {
   "type": "Feature",
   "geometry": {
    "type": "Point",
    "coordinates": [
     -75.181388888,
     39.965833333
    ]
   },
   "properties": {
    "painter": "Botticelli",
    "title": "Saint Mary Magdalene Listening to Christ Preach",
    "year": "1491",
    "location": "Philadelphia Museum of Art",
    "city": "Philadelphia",
    "country": "United States",
    "attribution": "generally accepted",
    "image": "https://commons.wikimedia.org/wiki/Special:FilePath/Botticelli%2C%20pala%20delle%20convertite%2C%20predella%2002%2C%20Maddalena%20che%20ascolta%20la%20predica%20di%20Cristo.jpg?width=500",
    "qid": "Q3842292",
    "wikidata": "https://www.wikidata.org/wiki/Q3842292",
    "_source": {
     "source": "Wikidata",
     "url": "https://www.wikidata.org/wiki/Q3842292",
     "note": "harvested: painting by this creator with an image and a documented collection"
    },
    "creation_place": "Florence",
    "creation_lat": 43.771389,
    "creation_lon": 11.254167,
    "_overrides": {
     "creation": {
      "at": "2026-08-24",
      "source": "derived",
      "note": "creation place inferred from the painter's itinerary at this work's date (approximate)"
     }
    }
   }
  },
  {
   "type": "Feature",
   "geometry": {
    "type": "Point",
    "coordinates": [
     -75.181388888,
     39.965833333
    ]
   },
   "properties": {
    "painter": "Botticelli",
    "title": "Noli Me Tangere",
    "year": "1491",
    "location": "Philadelphia Museum of Art",
    "city": "Philadelphia",
    "country": "United States",
    "attribution": "generally accepted",
    "image": "https://commons.wikimedia.org/wiki/Special:FilePath/Sandro%20Botticelli%20%28Alessandro%20di%20Mariano%20Filipepi%29%2C%20Italian%20%28active%20Florence%20and%20Rome%29%20-%20%22Noli%20Me%20Tangere%22%20-%20Google%20Art%20Project.jpg?width=500",
    "qid": "Q3877891",
    "wikidata": "https://www.wikidata.org/wiki/Q3877891",
    "_source": {
     "source": "Wikidata",
     "url": "https://www.wikidata.org/wiki/Q3877891",
     "note": "harvested: painting by this creator with an image and a documented collection"
    },
    "creation_place": "Florence",
    "creation_lat": 43.771389,
    "creation_lon": 11.254167,
    "_overrides": {
     "creation": {
      "at": "2026-08-24",
      "source": "derived",
      "note": "creation place inferred from the painter's itinerary at this work's date (approximate)"
     }
    }
   }
  },
  {
   "type": "Feature",
   "geometry": {
    "type": "Point",
    "coordinates": [
     13.7369,
     51.0528
    ]
   },
   "properties": {
    "painter": "Botticelli",
    "title": "Last Miracle and the Death of Saint Zenobius",
    "year": "1500",
    "location": "Staatliche Kunstsammlungen Dresden",
    "city": "Dresden",
    "country": "Germany",
    "attribution": "generally accepted",
    "image": "https://commons.wikimedia.org/wiki/Special:FilePath/Sandro%20Botticelli%20-%20Last%20Miracle%20and%20the%20Death%20of%20St.%20Zenobius%20-%20Google%20Art%20Project.jpg?width=500",
    "qid": "Q919490",
    "wikidata": "https://www.wikidata.org/wiki/Q919490",
    "_source": {
     "source": "Wikidata",
     "url": "https://www.wikidata.org/wiki/Q919490",
     "note": "harvested: painting by this creator with an image and a documented collection"
    },
    "creation_place": "Florence",
    "creation_lat": 43.771389,
    "creation_lon": 11.254167,
    "_overrides": {
     "creation": {
      "at": "2026-08-24",
      "source": "derived",
      "note": "creation place inferred from the painter's itinerary at this work's date (approximate)"
     }
    }
   }
  },
  {
   "type": "Feature",
   "geometry": {
    "type": "Point",
    "coordinates": [
     -81.611666666,
     41.508888888
    ]
   },
   "properties": {
    "painter": "Botticelli",
    "title": "Virgin and Child with the Young Saint John the Baptist",
    "year": "1490",
    "location": "Cleveland Museum of Art",
    "city": "Cleveland",
    "country": "United States",
    "attribution": "generally accepted",
    "image": "https://commons.wikimedia.org/wiki/Special:FilePath/Sandro%20Botticelli%20-%20Virgin%20and%20Child%20with%20the%20Young%20Saint%20John%20the%20Baptist%20-%201970.160%20-%20Cleveland%20Museum%20of%20Art.tif?width=500",
    "qid": "Q7934011",
    "wikidata": "https://www.wikidata.org/wiki/Q7934011",
    "_source": {
     "source": "Wikidata",
     "url": "https://www.wikidata.org/wiki/Q7934011",
     "note": "harvested: painting by this creator with an image and a documented collection"
    },
    "creation_place": "Florence",
    "creation_lat": 43.771389,
    "creation_lon": 11.254167,
    "_overrides": {
     "creation": {
      "at": "2026-08-24",
      "source": "derived",
      "note": "creation place inferred from the painter's itinerary at this work's date (approximate)"
     }
    }
   }
  },
  {
   "type": "Feature",
   "geometry": {
    "type": "Point",
    "coordinates": [
     9.185952,
     45.46378
    ]
   },
   "properties": {
    "painter": "Botticelli",
    "title": "Madonna del Padiglione",
    "year": "1490",
    "location": "Pinacoteca Ambrosiana",
    "city": "Milan",
    "country": "Italy",
    "attribution": "generally accepted",
    "image": "https://commons.wikimedia.org/wiki/Special:FilePath/Sandro%20Botticelli%20059.jpg?width=500",
    "qid": "Q1114856",
    "wikidata": "https://www.wikidata.org/wiki/Q1114856",
    "_source": {
     "source": "Wikidata",
     "url": "https://www.wikidata.org/wiki/Q1114856",
     "note": "harvested: painting by this creator with an image and a documented collection"
    },
    "creation_place": "Florence",
    "creation_lat": 43.771389,
    "creation_lon": 11.254167,
    "_overrides": {
     "creation": {
      "at": "2026-08-24",
      "source": "derived",
      "note": "creation place inferred from the painter's itinerary at this work's date (approximate)"
     }
    }
   }
  },
  {
   "type": "Feature",
   "geometry": {
    "type": "Point",
    "coordinates": [
     2.485277777,
     49.193944444
    ]
   },
   "properties": {
    "painter": "Botticelli",
    "title": "Ahasuerus Chooses Esther",
    "year": "1480",
    "location": "Musée Condé",
    "city": "Chantilly",
    "country": "France",
    "attribution": "generally accepted",
    "image": "https://commons.wikimedia.org/wiki/Special:FilePath/Filippino%20Lippi%20-%20Esther%20choisie%20par%20Assu%C3%A9rus%20-%20Google%20Art%20Project.jpg?width=500",
    "qid": "Q3733423",
    "wikidata": "https://www.wikidata.org/wiki/Q3733423",
    "_source": {
     "source": "Wikidata",
     "url": "https://www.wikidata.org/wiki/Q3733423",
     "note": "harvested: painting by this creator with an image and a documented collection"
    },
    "creation_place": "Florence",
    "creation_lat": 43.771389,
    "creation_lon": 11.254167,
    "_overrides": {
     "creation": {
      "at": "2026-08-24",
      "source": "derived",
      "note": "creation place inferred from the painter's itinerary at this work's date (approximate)"
     }
    }
   }
  },
  {
   "type": "Feature",
   "geometry": {
    "type": "Point",
    "coordinates": [
     12.487892,
     41.898332
    ]
   },
   "properties": {
    "painter": "Botticelli",
    "title": "The outcast",
    "year": "1480",
    "location": "Palazzo Pallavicini-Rospigliosi",
    "city": "Rome",
    "country": "Italy",
    "attribution": "generally accepted",
    "image": "https://commons.wikimedia.org/wiki/Special:FilePath/Sandro%20Botticelli%20025.jpg?width=500",
    "qid": "Q12089202",
    "wikidata": "https://www.wikidata.org/wiki/Q12089202",
    "_source": {
     "source": "Wikidata",
     "url": "https://www.wikidata.org/wiki/Q12089202",
     "note": "harvested: painting by this creator with an image and a documented collection"
    },
    "creation_place": "Florence",
    "creation_lat": 43.771389,
    "creation_lon": 11.254167,
    "_overrides": {
     "creation": {
      "at": "2026-08-24",
      "source": "derived",
      "note": "creation place inferred from the painter's itinerary at this work's date (approximate)"
     }
    }
   }
  },
  {
   "type": "Feature",
   "geometry": {
    "type": "Point",
    "coordinates": [
     2.335833,
     48.861111
    ]
   },
   "properties": {
    "painter": "Botticelli",
    "title": "Three Scenes from the Story of Esther",
    "year": "1470",
    "location": "Louvre",
    "city": "",
    "country": "France",
    "attribution": "generally accepted",
    "image": "https://commons.wikimedia.org/wiki/Special:FilePath/Trois%20sc%C3%A8nes%20de%20l%27histoire%20d%27Esther%20-%20Filippino%20Lippi%20%3B%20Sandro%20Botticelli%20-%20Mus%C3%A9e%20du%20Louvre%20Peintures%20RF%201972%2013.jpg?width=500",
    "qid": "Q18572534",
    "wikidata": "https://www.wikidata.org/wiki/Q18572534",
    "_source": {
     "source": "Wikidata",
     "url": "https://www.wikidata.org/wiki/Q18572534",
     "note": "harvested: painting by this creator with an image and a documented collection"
    },
    "creation_place": "Florence",
    "creation_lat": 43.771389,
    "creation_lon": 11.254167,
    "_overrides": {
     "creation": {
      "at": "2026-08-24",
      "source": "derived",
      "note": "creation place inferred from the painter's itinerary at this work's date (approximate)"
     }
    }
   }
  },
  {
   "type": "Feature",
   "geometry": {
    "type": "Point",
    "coordinates": [
     11.2576,
     43.7744
    ]
   },
   "properties": {
    "painter": "Botticelli",
    "title": "The Story of Nastagio Degli Onesti, part four",
    "year": "1483",
    "location": "Palazzo Pucci",
    "city": "Florence",
    "country": "Italy",
    "attribution": "generally accepted",
    "image": "https://commons.wikimedia.org/wiki/Special:FilePath/Botticelli%2C%20nastagio4.jpg?width=500",
    "qid": "Q15141217",
    "wikidata": "https://www.wikidata.org/wiki/Q15141217",
    "_source": {
     "source": "Wikidata",
     "url": "https://www.wikidata.org/wiki/Q15141217",
     "note": "harvested: painting by this creator with an image and a documented collection"
    },
    "creation_place": "Florence",
    "creation_lat": 43.771389,
    "creation_lon": 11.254167,
    "_overrides": {
     "creation": {
      "at": "2026-08-24",
      "source": "derived",
      "note": "creation place inferred from the painter's itinerary at this work's date (approximate)"
     }
    }
   }
  },
  {
   "type": "Feature",
   "geometry": {
    "type": "Point",
    "coordinates": [
     12.329841305,
     45.430766888
    ]
   },
   "properties": {
    "painter": "Botticelli",
    "title": "Judgement of Paris",
    "year": "1486",
    "location": "Cini Palace Gallery",
    "city": "Venice",
    "country": "Italy",
    "attribution": "generally accepted",
    "image": "https://commons.wikimedia.org/wiki/Special:FilePath/Botticelli-Juicio-de-Paris.jpg?width=500",
    "qid": "Q5954551",
    "wikidata": "https://www.wikidata.org/wiki/Q5954551",
    "_source": {
     "source": "Wikidata",
     "url": "https://www.wikidata.org/wiki/Q5954551",
     "note": "harvested: painting by this creator with an image and a documented collection"
    },
    "creation_place": "Florence",
    "creation_lat": 43.771389,
    "creation_lon": 11.254167,
    "_overrides": {
     "creation": {
      "at": "2026-08-24",
      "source": "derived",
      "note": "creation place inferred from the painter's itinerary at this work's date (approximate)"
     }
    }
   }
  },
  {
   "type": "Feature",
   "geometry": {
    "type": "Point",
    "coordinates": [
     -0.126944444,
     51.519444444
    ]
   },
   "properties": {
    "painter": "Botticelli",
    "title": "Allegory of Abundance",
    "year": "1480",
    "location": "British Museum",
    "city": "London Borough of Camden",
    "country": "United Kingdom",
    "attribution": "generally accepted",
    "image": "https://commons.wikimedia.org/wiki/Special:FilePath/Jan%20Breughel%20%28II%29%20-%20Allegory%20of%20abundance.jpg?width=500",
    "qid": "Q30312526",
    "wikidata": "https://www.wikidata.org/wiki/Q30312526",
    "_source": {
     "source": "Wikidata",
     "url": "https://www.wikidata.org/wiki/Q30312526",
     "note": "harvested: painting by this creator with an image and a documented collection"
    },
    "creation_place": "Florence",
    "creation_lat": 43.771389,
    "creation_lon": 11.254167,
    "_overrides": {
     "creation": {
      "at": "2026-08-24",
      "source": "derived",
      "note": "creation place inferred from the painter's itinerary at this work's date (approximate)"
     }
    }
   }
  },
  {
   "type": "Feature",
   "geometry": {
    "type": "Point",
    "coordinates": [
     -71.094166666,
     42.339444444
    ]
   },
   "properties": {
    "painter": "Botticelli",
    "title": "Virgin and Child with Saint John the Baptist",
    "year": "1500",
    "location": "Museum of Fine Arts Boston",
    "city": "Boston",
    "country": "United States",
    "attribution": "generally accepted",
    "image": "https://commons.wikimedia.org/wiki/Special:FilePath/Botticelli%20-%20Virgin%20and%20Child%20with%20Saint%20John%20the%20Baptist%2C%20about%201500.jpg?width=500",
    "qid": "Q20560212",
    "wikidata": "https://www.wikidata.org/wiki/Q20560212",
    "_source": {
     "source": "Wikidata",
     "url": "https://www.wikidata.org/wiki/Q20560212",
     "note": "harvested: painting by this creator with an image and a documented collection"
    },
    "creation_place": "Florence",
    "creation_lat": 43.771389,
    "creation_lon": 11.254167,
    "_overrides": {
     "creation": {
      "at": "2026-08-24",
      "source": "derived",
      "note": "creation place inferred from the painter's itinerary at this work's date (approximate)"
     }
    }
   }
  },
  {
   "type": "Feature",
   "geometry": {
    "type": "Point",
    "coordinates": [
     -71.099121,
     42.33818
    ]
   },
   "properties": {
    "painter": "Botticelli",
    "title": "The Nativity",
    "year": "1483",
    "location": "Isabella Stewart Gardner Museum",
    "city": "Boston",
    "country": "United States",
    "attribution": "generally accepted",
    "image": "https://commons.wikimedia.org/wiki/Special:FilePath/Botticelli%20-%20The%20Nativity%2C%20about%201482-1485.jpg?width=500",
    "qid": "Q103832503",
    "wikidata": "https://www.wikidata.org/wiki/Q103832503",
    "_source": {
     "source": "Wikidata",
     "url": "https://www.wikidata.org/wiki/Q103832503",
     "note": "harvested: painting by this creator with an image and a documented collection"
    },
    "creation_place": "Florence",
    "creation_lat": 43.771389,
    "creation_lon": 11.254167,
    "_overrides": {
     "creation": {
      "at": "2026-08-24",
      "source": "derived",
      "note": "creation place inferred from the painter's itinerary at this work's date (approximate)"
     }
    }
   }
  },
  {
   "type": "Feature",
   "geometry": {
    "type": "Point",
    "coordinates": [
     21.024722222,
     52.231666666
    ]
   },
   "properties": {
    "painter": "Botticelli",
    "title": "Madonna and Child with St. John the Baptist and an angel",
    "year": "1480",
    "location": "National Museum in Warsaw",
    "city": "Śródmieście",
    "country": "Poland",
    "attribution": "generally accepted",
    "image": "https://commons.wikimedia.org/wiki/Special:FilePath/Botticelli%20-%20Madonna%20with%20Child%2C%20Saint%20John%20the%20Baptist%20and%20an%20Angel%20%28Warsaw%29.jpg?width=500",
    "qid": "Q21598764",
    "wikidata": "https://www.wikidata.org/wiki/Q21598764",
    "_source": {
     "source": "Wikidata",
     "url": "https://www.wikidata.org/wiki/Q21598764",
     "note": "harvested: painting by this creator with an image and a documented collection"
    },
    "creation_place": "Florence",
    "creation_lat": 43.771389,
    "creation_lon": 11.254167,
    "_overrides": {
     "creation": {
      "at": "2026-08-24",
      "source": "derived",
      "note": "creation place inferred from the painter's itinerary at this work's date (approximate)"
     }
    }
   }
  },
  {
   "type": "Feature",
   "geometry": {
    "type": "Point",
    "coordinates": [
     13.394722222,
     52.521944444
    ]
   },
   "properties": {
    "painter": "Botticelli",
    "title": "Madonna and Child with Angels Carrying Candlesticks",
    "year": "1487",
    "location": "Bode Museum",
    "city": "Bezirk Mitte",
    "country": "Germany",
    "attribution": "generally accepted",
    "image": "https://commons.wikimedia.org/wiki/Special:FilePath/Botticelli%20-%20Madonna%20dei%20Candelesi.jpg?width=500",
    "qid": "Q107287185",
    "wikidata": "https://www.wikidata.org/wiki/Q107287185",
    "_source": {
     "source": "Wikidata",
     "url": "https://www.wikidata.org/wiki/Q107287185",
     "note": "harvested: painting by this creator with an image and a documented collection"
    },
    "creation_place": "Florence",
    "creation_lat": 43.771389,
    "creation_lon": 11.254167,
    "_overrides": {
     "creation": {
      "at": "2026-08-24",
      "source": "derived",
      "note": "creation place inferred from the painter's itinerary at this work's date (approximate)"
     }
    }
   }
  },
  {
   "type": "Feature",
   "geometry": {
    "type": "Point",
    "coordinates": [
     -73.963333333,
     40.779444444
    ]
   },
   "properties": {
    "painter": "Botticelli",
    "title": "Madonna and Child with Two Angels",
    "year": "1500",
    "location": "Metropolitan Museum of Art",
    "city": "Manhattan",
    "country": "United States",
    "attribution": "generally accepted",
    "image": "https://commons.wikimedia.org/wiki/Special:FilePath/Madonna%20and%20Child%20with%20Two%20Angels%20MET%20EP256.jpg?width=500",
    "qid": "Q19911859",
    "wikidata": "https://www.wikidata.org/wiki/Q19911859",
    "_source": {
     "source": "Wikidata",
     "url": "https://www.wikidata.org/wiki/Q19911859",
     "note": "harvested: painting by this creator with an image and a documented collection"
    },
    "creation_place": "Florence",
    "creation_lat": 43.771389,
    "creation_lon": 11.254167,
    "_overrides": {
     "creation": {
      "at": "2026-08-24",
      "source": "derived",
      "note": "creation place inferred from the painter's itinerary at this work's date (approximate)"
     }
    }
   }
  },
  {
   "type": "Feature",
   "geometry": {
    "type": "Point",
    "coordinates": [
     13.364722222,
     52.508611111
    ]
   },
   "properties": {
    "painter": "Botticelli",
    "title": "Mary with the Child and Singing Angels",
    "year": "1478",
    "location": "Gemäldegalerie Berlin",
    "city": "Bezirk Mitte",
    "country": "Germany",
    "attribution": "generally accepted",
    "image": "https://commons.wikimedia.org/wiki/Special:FilePath/Sandro%20Botticelli%20-%20Mary%20with%20the%20Child%20and%20Singing%20Angels%20-%20Google%20Art%20Project.jpg?width=500",
    "qid": "Q18689334",
    "wikidata": "https://www.wikidata.org/wiki/Q18689334",
    "_source": {
     "source": "Wikidata",
     "url": "https://www.wikidata.org/wiki/Q18689334",
     "note": "harvested: painting by this creator with an image and a documented collection"
    },
    "creation_place": "Florence",
    "creation_lat": 43.771389,
    "creation_lon": 11.254167,
    "_overrides": {
     "creation": {
      "at": "2026-08-24",
      "source": "derived",
      "note": "creation place inferred from the painter's itinerary at this work's date (approximate)"
     }
    }
   }
  },
  {
   "type": "Feature",
   "geometry": {
    "type": "Point",
    "coordinates": [
     13.364722222,
     52.508611111
    ]
   },
   "properties": {
    "painter": "Botticelli",
    "title": "Virgin and Child with young st. John",
    "year": "",
    "location": "Gemäldegalerie Berlin",
    "city": "Bezirk Mitte",
    "country": "Germany",
    "attribution": "generally accepted",
    "image": "https://commons.wikimedia.org/wiki/Special:FilePath/Schule%2C%20Sandro%20Botticelli%20%281445%20-%201510%29%20-%20Virgin%20and%20Child%20with%20young%20st.%20John%20-%20I.172%20-%20Gem%C3%A4ldegalerie.jpg?width=500",
    "qid": "Q107436768",
    "wikidata": "https://www.wikidata.org/wiki/Q107436768",
    "_source": {
     "source": "Wikidata",
     "url": "https://www.wikidata.org/wiki/Q107436768",
     "note": "harvested: painting by this creator with an image and a documented collection"
    }
   }
  },
  {
   "type": "Feature",
   "geometry": {
    "type": "Point",
    "coordinates": [
     13.364722222,
     52.508611111
    ]
   },
   "properties": {
    "painter": "Botticelli",
    "title": "Annunciation to Mary",
    "year": "",
    "location": "Gemäldegalerie Berlin",
    "city": "Bezirk Mitte",
    "country": "Germany",
    "attribution": "generally accepted",
    "image": "https://commons.wikimedia.org/wiki/Special:FilePath/Werkstatt%2C%20Sandro%20Botticelli%20%281445%20-%201510%29%20-%20Annunciation%20to%20Mary%20-%201117%20-%20Gem%C3%A4ldegalerie.jpg?width=500",
    "qid": "Q107437167",
    "wikidata": "https://www.wikidata.org/wiki/Q107437167",
    "_source": {
     "source": "Wikidata",
     "url": "https://www.wikidata.org/wiki/Q107437167",
     "note": "harvested: painting by this creator with an image and a documented collection"
    }
   }
  },
  {
   "type": "Feature",
   "geometry": {
    "type": "Point",
    "coordinates": [
     13.364722222,
     52.508611111
    ]
   },
   "properties": {
    "painter": "Botticelli",
    "title": "The Virgin and Child with the Young St. John (Tondo)",
    "year": "",
    "location": "Gemäldegalerie Berlin",
    "city": "Bezirk Mitte",
    "country": "Germany",
    "attribution": "generally accepted",
    "image": "https://commons.wikimedia.org/wiki/Special:FilePath/Schule%2C%20Sandro%20Botticelli%20-%20The%20Virgin%20and%20Child%20with%20the%20Young%20St.%20John%20%28Tondo%29%20-%201582%20-%20Gem%C3%A4ldegalerie.jpg?width=500",
    "qid": "Q107441770",
    "wikidata": "https://www.wikidata.org/wiki/Q107441770",
    "_source": {
     "source": "Wikidata",
     "url": "https://www.wikidata.org/wiki/Q107441770",
     "note": "harvested: painting by this creator with an image and a documented collection"
    }
   }
  },
  {
   "type": "Feature",
   "geometry": {
    "type": "Point",
    "coordinates": [
     -0.128333333,
     51.508888888
    ]
   },
   "properties": {
    "painter": "Botticelli",
    "title": "An Allegory",
    "year": "1520",
    "location": "National Gallery",
    "city": "City of Westminster",
    "country": "United Kingdom",
    "attribution": "generally accepted",
    "image": "https://commons.wikimedia.org/wiki/Special:FilePath/Italian%20%28Florentine%29%20School%20-%20An%20Allegory%20-%20NG916%20-%20National%20Gallery.jpg?width=500",
    "qid": "Q26522588",
    "wikidata": "https://www.wikidata.org/wiki/Q26522588",
    "_source": {
     "source": "Wikidata",
     "url": "https://www.wikidata.org/wiki/Q26522588",
     "note": "harvested: painting by this creator with an image and a documented collection"
    }
   }
  },
  {
   "type": "Feature",
   "geometry": {
    "type": "Point",
    "coordinates": [
     -77.02,
     38.891388888
    ]
   },
   "properties": {
    "painter": "Botticelli",
    "title": "Madonna and Child with Angels",
    "year": "1450",
    "location": "Galería Nacional de Arte",
    "city": "Washington, D.C.",
    "country": "United States",
    "attribution": "generally accepted",
    "image": "https://commons.wikimedia.org/wiki/Special:FilePath/Botticelli%20-%20Madonna%20and%20Child%20with%20Angels%20%28Kress%2C%20Washington%29.jpg?width=500",
    "qid": "Q20173854",
    "wikidata": "https://www.wikidata.org/wiki/Q20173854",
    "_source": {
     "source": "Wikidata",
     "url": "https://www.wikidata.org/wiki/Q20173854",
     "note": "harvested: painting by this creator with an image and a documented collection"
    },
    "creation_place": "Florence",
    "creation_lat": 43.771389,
    "creation_lon": 11.254167,
    "_overrides": {
     "creation": {
      "at": "2026-08-24",
      "source": "derived",
      "note": "creation place inferred from the painter's itinerary at this work's date (approximate)"
     }
    }
   }
  },
  {
   "type": "Feature",
   "geometry": {
    "type": "Point",
    "coordinates": [
     16.365103,
     48.201253
    ]
   },
   "properties": {
    "painter": "Botticelli",
    "title": "Vierge à l'Enfant et deux anges",
    "year": "1490",
    "location": "Academy of Fine Arts Vienna",
    "city": "Vienna",
    "country": "Austria",
    "attribution": "generally accepted",
    "image": "https://commons.wikimedia.org/wiki/Special:FilePath/Sandro%20Botticelli%20-%20Virgin%20and%20Child%20with%20Two%20Angels%20-%20WGA02721.jpg?width=500",
    "qid": "Q117857264",
    "wikidata": "https://www.wikidata.org/wiki/Q117857264",
    "_source": {
     "source": "Wikidata",
     "url": "https://www.wikidata.org/wiki/Q117857264",
     "note": "harvested: painting by this creator with an image and a documented collection"
    },
    "creation_place": "Florence",
    "creation_lat": 43.771389,
    "creation_lon": 11.254167,
    "_overrides": {
     "creation": {
      "at": "2026-08-24",
      "source": "derived",
      "note": "creation place inferred from the painter's itinerary at this work's date (approximate)"
     }
    }
   }
  },
  {
   "type": "Feature",
   "geometry": {
    "type": "Point",
    "coordinates": [
     14.292,
     48.2901
    ]
   },
   "properties": {
    "painter": "Botticelli",
    "title": "Weibliches Bildnis",
    "year": "1485",
    "location": "Führermuseum",
    "city": "Linz",
    "country": "German Reich",
    "attribution": "generally accepted",
    "image": "https://commons.wikimedia.org/wiki/Special:FilePath/Sandro%20Botticelli%20%281446-1510%29%20-%20Weibliches%20Bildnis%20-%200743%20-%20F%C3%BChrermuseum.jpg?width=500",
    "qid": "Q111639719",
    "wikidata": "https://www.wikidata.org/wiki/Q111639719",
    "_source": {
     "source": "Wikidata",
     "url": "https://www.wikidata.org/wiki/Q111639719",
     "note": "harvested: painting by this creator with an image and a documented collection"
    },
    "creation_place": "Florence",
    "creation_lat": 43.771389,
    "creation_lon": 11.254167,
    "_overrides": {
     "creation": {
      "at": "2026-08-24",
      "source": "derived",
      "note": "creation place inferred from the painter's itinerary at this work's date (approximate)"
     }
    }
   }
  },
  {
   "type": "Feature",
   "geometry": {
    "type": "Point",
    "coordinates": [
     -75.181388888,
     39.965833333
    ]
   },
   "properties": {
    "painter": "Botticelli",
    "title": "Portrait of a Young Man, possibly Giuliano de' Medici",
    "year": "1467",
    "location": "Philadelphia Museum of Art",
    "city": "Philadelphia",
    "country": "United States",
    "attribution": "generally accepted",
    "image": "https://commons.wikimedia.org/wiki/Special:FilePath/Botticelli%20-%20Portrait%20of%20a%20Young%20Man%2C%20possibly%20Giuliano%20de%27%20Medici%2C%201465-1470.jpg?width=500",
    "qid": "Q20808469",
    "wikidata": "https://www.wikidata.org/wiki/Q20808469",
    "_source": {
     "source": "Wikidata",
     "url": "https://www.wikidata.org/wiki/Q20808469",
     "note": "harvested: painting by this creator with an image and a documented collection"
    },
    "creation_place": "Florence",
    "creation_lat": 43.771389,
    "creation_lon": 11.254167,
    "_overrides": {
     "creation": {
      "at": "2026-08-24",
      "source": "derived",
      "note": "creation place inferred from the painter's itinerary at this work's date (approximate)"
     }
    }
   }
  },
  {
   "type": "Feature",
   "geometry": {
    "type": "Point",
    "coordinates": [
     13.7369,
     51.0528
    ]
   },
   "properties": {
    "painter": "Botticelli",
    "title": "The Virgin and Child with the Young Saint John the Baptist",
    "year": "1497",
    "location": "Staatliche Kunstsammlungen Dresden",
    "city": "Dresden",
    "country": "Germany",
    "attribution": "generally accepted",
    "image": "https://commons.wikimedia.org/wiki/Special:FilePath/Mary%20with%20the%20Christ%20Child%20and%20John%20the%20Baptist%20-%20Botticelli%20%28SK%20Dresden%20Gal.-Nr.%208%29%2001.jpg?width=500",
    "qid": "Q50321427",
    "wikidata": "https://www.wikidata.org/wiki/Q50321427",
    "_source": {
     "source": "Wikidata",
     "url": "https://www.wikidata.org/wiki/Q50321427",
     "note": "harvested: painting by this creator with an image and a documented collection"
    },
    "creation_place": "Florence",
    "creation_lat": 43.771389,
    "creation_lon": 11.254167,
    "_overrides": {
     "creation": {
      "at": "2026-08-24",
      "source": "derived",
      "note": "creation place inferred from the painter's itinerary at this work's date (approximate)"
     }
    }
   }
  },
  {
   "type": "Feature",
   "geometry": {
    "type": "Point",
    "coordinates": [
     6.1806,
     46.2153
    ]
   },
   "properties": {
    "painter": "Botticelli",
    "title": "Portrait of Dante",
    "year": "1495",
    "location": "Bodmer Foundation",
    "city": "Cologny",
    "country": "Switzerland",
    "attribution": "generally accepted",
    "image": "https://commons.wikimedia.org/wiki/Special:FilePath/Portrait%20de%20Dante.jpg?width=500",
    "qid": "Q28497200",
    "wikidata": "https://www.wikidata.org/wiki/Q28497200",
    "_source": {
     "source": "Wikidata",
     "url": "https://www.wikidata.org/wiki/Q28497200",
     "note": "harvested: painting by this creator with an image and a documented collection"
    },
    "creation_place": "Florence",
    "creation_lat": 43.771389,
    "creation_lon": 11.254167,
    "_overrides": {
     "creation": {
      "at": "2026-08-24",
      "source": "derived",
      "note": "creation place inferred from the painter's itinerary at this work's date (approximate)"
     }
    }
   }
  },
  {
   "type": "Feature",
   "geometry": {
    "type": "Point",
    "coordinates": [
     -75.698906,
     45.429535
    ]
   },
   "properties": {
    "painter": "Botticelli",
    "title": "The Christ Child and the Infant John the Baptist",
    "year": "1490",
    "location": "National Gallery of Canada",
    "city": "Ottawa",
    "country": "Canada",
    "attribution": "generally accepted",
    "image": "https://commons.wikimedia.org/wiki/Special:FilePath/Botticelli%20-%20The%20Christ%20Child%20and%20the%20Infant%20John%20the%20Baptist%2C%20c.%201490.jpg?width=500",
    "qid": "Q59499410",
    "wikidata": "https://www.wikidata.org/wiki/Q59499410",
    "_source": {
     "source": "Wikidata",
     "url": "https://www.wikidata.org/wiki/Q59499410",
     "note": "harvested: painting by this creator with an image and a documented collection"
    },
    "creation_place": "Florence",
    "creation_lat": 43.771389,
    "creation_lon": 11.254167,
    "_overrides": {
     "creation": {
      "at": "2026-08-24",
      "source": "derived",
      "note": "creation place inferred from the painter's itinerary at this work's date (approximate)"
     }
    }
   }
  },
  {
   "type": "Feature",
   "geometry": {
    "type": "Point",
    "coordinates": [
     -75.698906,
     45.429535
    ]
   },
   "properties": {
    "painter": "Botticelli",
    "title": "Esther at the Palace Gate",
    "year": "1475",
    "location": "National Gallery of Canada",
    "city": "Ottawa",
    "country": "Canada",
    "attribution": "generally accepted",
    "image": "https://commons.wikimedia.org/wiki/Special:FilePath/Filippino%20Lippi%20-%20Sandro%20Botticelli%2C%20Workshop%20of%20-%20Esther%20at%20the%20Palace%20Gate%2C%20from%20The%20Book%20of%20Esther%2C%20c.%201475%2C%206085.jpg?width=500",
    "qid": "Q59558273",
    "wikidata": "https://www.wikidata.org/wiki/Q59558273",
    "_source": {
     "source": "Wikidata",
     "url": "https://www.wikidata.org/wiki/Q59558273",
     "note": "harvested: painting by this creator with an image and a documented collection"
    },
    "creation_place": "Florence",
    "creation_lat": 43.771389,
    "creation_lon": 11.254167,
    "_overrides": {
     "creation": {
      "at": "2026-08-24",
      "source": "derived",
      "note": "creation place inferred from the painter's itinerary at this work's date (approximate)"
     }
    }
   }
  },
  {
   "type": "Feature",
   "geometry": {
    "type": "Point",
    "coordinates": [
     -75.698906,
     45.429535
    ]
   },
   "properties": {
    "painter": "Botticelli",
    "title": "The Triumph of Mordecai",
    "year": "1475",
    "location": "National Gallery of Canada",
    "city": "Ottawa",
    "country": "Canada",
    "attribution": "generally accepted",
    "image": "https://commons.wikimedia.org/wiki/Special:FilePath/Botticelli%20-%20The%20Triumph%20of%20Mordecai%2C%20from%20The%20Book%20of%20Esther%2C%20c.%201475%2C%206086.jpg?width=500",
    "qid": "Q59558810",
    "wikidata": "https://www.wikidata.org/wiki/Q59558810",
    "_source": {
     "source": "Wikidata",
     "url": "https://www.wikidata.org/wiki/Q59558810",
     "note": "harvested: painting by this creator with an image and a documented collection"
    },
    "creation_place": "Florence",
    "creation_lat": 43.771389,
    "creation_lon": 11.254167,
    "_overrides": {
     "creation": {
      "at": "2026-08-24",
      "source": "derived",
      "note": "creation place inferred from the painter's itinerary at this work's date (approximate)"
     }
    }
   }
  },
  {
   "type": "Feature",
   "geometry": {
    "type": "Point",
    "coordinates": [
     -86.185655,
     39.826019
    ]
   },
   "properties": {
    "painter": "Botticelli",
    "title": "Madonna and Child with St. John the Baptist",
    "year": "1490",
    "location": "Museo de Arte de Indianápolis",
    "city": "Indianapolis",
    "country": "United States",
    "attribution": "generally accepted",
    "image": "https://commons.wikimedia.org/wiki/Special:FilePath/Sandro%20Botticelli%20-%20Madonna%20and%20Child%20with%20St.%20John%20the%20Baptist%20-%202014.85%20-%20Indianapolis%20Museum%20of%20Art.jpg?width=500",
    "qid": "Q27897025",
    "wikidata": "https://www.wikidata.org/wiki/Q27897025",
    "_source": {
     "source": "Wikidata",
     "url": "https://www.wikidata.org/wiki/Q27897025",
     "note": "harvested: painting by this creator with an image and a documented collection"
    },
    "creation_place": "Florence",
    "creation_lat": 43.771389,
    "creation_lon": 11.254167,
    "_overrides": {
     "creation": {
      "at": "2026-08-24",
      "source": "derived",
      "note": "creation place inferred from the painter's itinerary at this work's date (approximate)"
     }
    }
   }
  },
  {
   "type": "Feature",
   "geometry": {
    "type": "Point",
    "coordinates": [
     2.31051,
     48.87543
    ]
   },
   "properties": {
    "painter": "Botticelli",
    "title": "The Flight into Egypt",
    "year": "1510",
    "location": "Musée Jacquemart-André",
    "city": "8th arrondissement of Paris",
    "country": "France",
    "attribution": "generally accepted",
    "image": "https://commons.wikimedia.org/wiki/Special:FilePath/La%20Huida%20a%20Egipto%2C%20Sandro%20Botticelli.jpg?width=500",
    "qid": "Q117199655",
    "wikidata": "https://www.wikidata.org/wiki/Q117199655",
    "_source": {
     "source": "Wikidata",
     "url": "https://www.wikidata.org/wiki/Q117199655",
     "note": "harvested: painting by this creator with an image and a documented collection"
    },
    "creation_place": "Florence",
    "creation_lat": 43.771389,
    "creation_lon": 11.254167,
    "_overrides": {
     "creation": {
      "at": "2026-08-24",
      "source": "derived",
      "note": "creation place inferred from the painter's itinerary at this work's date (approximate)"
     }
    }
   }
  },
  {
   "type": "Feature",
   "geometry": {
    "type": "Point",
    "coordinates": [
     -83.064722222,
     42.359444444
    ]
   },
   "properties": {
    "painter": "Botticelli",
    "title": "Head of a Saint",
    "year": "1500",
    "location": "Detroit Institute of Arts",
    "city": "Detroit",
    "country": "United States",
    "attribution": "generally accepted",
    "image": "https://commons.wikimedia.org/wiki/Special:FilePath/Sandro%20Botticelli%20Head%20of%20a%20Saint.jpg?width=500",
    "qid": "Q64513869",
    "wikidata": "https://www.wikidata.org/wiki/Q64513869",
    "_source": {
     "source": "Wikidata",
     "url": "https://www.wikidata.org/wiki/Q64513869",
     "note": "harvested: painting by this creator with an image and a documented collection"
    },
    "creation_place": "Florence",
    "creation_lat": 43.771389,
    "creation_lon": 11.254167,
    "_overrides": {
     "creation": {
      "at": "2026-08-24",
      "source": "derived",
      "note": "creation place inferred from the painter's itinerary at this work's date (approximate)"
     }
    }
   }
  },
  {
   "type": "Feature",
   "geometry": {
    "type": "Point",
    "coordinates": [
     -73.2136,
     42.7078
    ]
   },
   "properties": {
    "painter": "Botticelli",
    "title": "Virgin and Child with Saint John the Baptist",
    "year": "1490",
    "location": "Clark Art Institute",
    "city": "Massachusetts",
    "country": "United States",
    "attribution": "generally accepted",
    "image": "https://commons.wikimedia.org/wiki/Special:FilePath/Sandro%20Botticelli%20-%20Madonna%20col%20Bambino%20e%20San%20Giovanni%20Battista.jpg?width=500",
    "qid": "Q117843835",
    "wikidata": "https://www.wikidata.org/wiki/Q117843835",
    "_source": {
     "source": "Wikidata",
     "url": "https://www.wikidata.org/wiki/Q117843835",
     "note": "harvested: painting by this creator with an image and a documented collection"
    },
    "creation_place": "Florence",
    "creation_lat": 43.771389,
    "creation_lon": 11.254167,
    "_overrides": {
     "creation": {
      "at": "2026-08-24",
      "source": "derived",
      "note": "creation place inferred from the painter's itinerary at this work's date (approximate)"
     }
    }
   }
  },
  {
   "type": "Feature",
   "geometry": {
    "type": "Point",
    "coordinates": [
     3.880191666,
     43.611736111
    ]
   },
   "properties": {
    "painter": "Botticelli",
    "title": "Vierge avec l'Enfant et le petit saint Jean",
    "year": "1450",
    "location": "Musée Fabre",
    "city": "Montpellier",
    "country": "France",
    "attribution": "generally accepted",
    "image": "https://commons.wikimedia.org/wiki/Special:FilePath/Botticelli-vierge%20et%20Enfant%20avec%20le%20petit%20saint%20Jean.jpg?width=500",
    "qid": "Q115670795",
    "wikidata": "https://www.wikidata.org/wiki/Q115670795",
    "_source": {
     "source": "Wikidata",
     "url": "https://www.wikidata.org/wiki/Q115670795",
     "note": "harvested: painting by this creator with an image and a documented collection"
    },
    "creation_place": "Florence",
    "creation_lat": 43.771389,
    "creation_lon": 11.254167,
    "_overrides": {
     "creation": {
      "at": "2026-08-24",
      "source": "derived",
      "note": "creation place inferred from the painter's itinerary at this work's date (approximate)"
     }
    }
   }
  },
  {
   "type": "Feature",
   "geometry": {
    "type": "Point",
    "coordinates": [
     4.80638889,
     43.95263889
    ]
   },
   "properties": {
    "painter": "Botticelli",
    "title": "Vénus et trois putti",
    "year": "1500",
    "location": "Musée du Petit Palais",
    "city": "Avignon",
    "country": "France",
    "attribution": "generally accepted",
    "image": "https://commons.wikimedia.org/wiki/Special:FilePath/Botticelli-V%C3%A9nus%20et%20trois%20putti.jpg?width=500",
    "qid": "Q29651893",
    "wikidata": "https://www.wikidata.org/wiki/Q29651893",
    "_source": {
     "source": "Wikidata",
     "url": "https://www.wikidata.org/wiki/Q29651893",
     "note": "harvested: painting by this creator with an image and a documented collection"
    },
    "creation_place": "Florence",
    "creation_lat": 43.771389,
    "creation_lon": 11.254167,
    "_overrides": {
     "creation": {
      "at": "2026-08-24",
      "source": "derived",
      "note": "creation place inferred from the painter's itinerary at this work's date (approximate)"
     }
    }
   }
  },
  {
   "type": "Feature",
   "geometry": {
    "type": "Point",
    "coordinates": [
     4.80638889,
     43.95263889
    ]
   },
   "properties": {
    "painter": "Botticelli",
    "title": "Madonna and Child with an Angel",
    "year": "1450",
    "location": "Musée du Petit Palais",
    "city": "Avignon",
    "country": "France",
    "attribution": "generally accepted",
    "image": "https://commons.wikimedia.org/wiki/Special:FilePath/Botticelli-Vierge%20et%20Enfant%20avec%20un%20ange.jpg?width=500",
    "qid": "Q116284768",
    "wikidata": "https://www.wikidata.org/wiki/Q116284768",
    "_source": {
     "source": "Wikidata",
     "url": "https://www.wikidata.org/wiki/Q116284768",
     "note": "harvested: painting by this creator with an image and a documented collection"
    },
    "creation_place": "Florence",
    "creation_lat": 43.771389,
    "creation_lon": 11.254167,
    "_overrides": {
     "creation": {
      "at": "2026-08-24",
      "source": "derived",
      "note": "creation place inferred from the painter's itinerary at this work's date (approximate)"
     }
    }
   }
  },
  {
   "type": "Feature",
   "geometry": {
    "type": "Point",
    "coordinates": [
     -3.223888888,
     55.951944444
    ]
   },
   "properties": {
    "painter": "Botticelli",
    "title": "Saint John the Baptist",
    "year": "",
    "location": "National Galleries Scotland",
    "city": "City of Edinburgh",
    "country": "United Kingdom",
    "attribution": "generally accepted",
    "image": "https://commons.wikimedia.org/wiki/Special:FilePath/Anonymous%20-%20Saint%20John%20the%20Baptist%20-%20NG%202099%20-%20National%20Galleries%20of%20Scotland.jpg?width=500",
    "qid": "Q27965124",
    "wikidata": "https://www.wikidata.org/wiki/Q27965124",
    "_source": {
     "source": "Wikidata",
     "url": "https://www.wikidata.org/wiki/Q27965124",
     "note": "harvested: painting by this creator with an image and a documented collection"
    }
   }
  },
  {
   "type": "Feature",
   "geometry": {
    "type": "Point",
    "coordinates": [
     -3.223888888,
     55.951944444
    ]
   },
   "properties": {
    "painter": "Botticelli",
    "title": "The Virgin and Saint John the Baptist Adoring the Infant Christ",
    "year": "1477",
    "location": "National Galleries Scotland",
    "city": "City of Edinburgh",
    "country": "United Kingdom",
    "attribution": "generally accepted",
    "image": "https://commons.wikimedia.org/wiki/Special:FilePath/Anonymous%20-%20The%20Virgin%20and%20Saint%20John%20the%20Baptist%20Adoring%20the%20Infant%20Christ%20-%20NG%201536%20-%20National%20Galleries%20of%20Scotland.jpg?width=500",
    "qid": "Q27971513",
    "wikidata": "https://www.wikidata.org/wiki/Q27971513",
    "_source": {
     "source": "Wikidata",
     "url": "https://www.wikidata.org/wiki/Q27971513",
     "note": "harvested: painting by this creator with an image and a documented collection"
    },
    "creation_place": "Florence",
    "creation_lat": 43.771389,
    "creation_lon": 11.254167,
    "_overrides": {
     "creation": {
      "at": "2026-08-24",
      "source": "derived",
      "note": "creation place inferred from the painter's itinerary at this work's date (approximate)"
     }
    }
   }
  },
  {
   "type": "Feature",
   "geometry": {
    "type": "Point",
    "coordinates": [
     -99.20462,
     19.44066
    ]
   },
   "properties": {
    "painter": "Botticelli",
    "title": "The Virgin and the Child in a niche",
    "year": "1477",
    "location": "Museo Soumaya",
    "city": "Mexico City",
    "country": "Mexico",
    "attribution": "generally accepted",
    "image": "https://commons.wikimedia.org/wiki/Special:FilePath/La%20Virgen%20y%20el%20Ni%C3%B1o%20en%20un%20nicho%20%28Sandro%20Botticelli%29%20%2802%29.JPG?width=500",
    "qid": "Q21705935",
    "wikidata": "https://www.wikidata.org/wiki/Q21705935",
    "_source": {
     "source": "Wikidata",
     "url": "https://www.wikidata.org/wiki/Q21705935",
     "note": "harvested: painting by this creator with an image and a documented collection"
    },
    "creation_place": "Florence",
    "creation_lat": 43.771389,
    "creation_lon": 11.254167,
    "_overrides": {
     "creation": {
      "at": "2026-08-24",
      "source": "derived",
      "note": "creation place inferred from the painter's itinerary at this work's date (approximate)"
     }
    }
   }
  },
  {
   "type": "Feature",
   "geometry": {
    "type": "Point",
    "coordinates": [
     -99.20462,
     19.44066
    ]
   },
   "properties": {
    "painter": "Botticelli",
    "title": "The Virgin and the Child with the Crown of Thorns and Three Nails",
    "year": "1477",
    "location": "Museo Soumaya",
    "city": "Mexico City",
    "country": "Mexico",
    "attribution": "generally accepted",
    "image": "https://commons.wikimedia.org/wiki/Special:FilePath/%27Madonna%20and%20Child%20with%20the%20Crown%20of%20Thorns%20and%20Three%20Nails%27%20%281480s%29%20by%20Sandro%20Boticelli%20-%20Museo%20Soumaya%20-%20Mexico%202024.jpg?width=500",
    "qid": "Q24522662",
    "wikidata": "https://www.wikidata.org/wiki/Q24522662",
    "_source": {
     "source": "Wikidata",
     "url": "https://www.wikidata.org/wiki/Q24522662",
     "note": "harvested: painting by this creator with an image and a documented collection"
    },
    "creation_place": "Florence",
    "creation_lat": 43.771389,
    "creation_lon": 11.254167,
    "_overrides": {
     "creation": {
      "at": "2026-08-24",
      "source": "derived",
      "note": "creation place inferred from the painter's itinerary at this work's date (approximate)"
     }
    }
   }
  },
  {
   "type": "Feature",
   "geometry": {
    "type": "Point",
    "coordinates": [
     -84.496944444,
     39.113888888
    ]
   },
   "properties": {
    "painter": "Botticelli",
    "title": "Judith with the Head of Holofernes",
    "year": "1470",
    "location": "Cincinnati Art Museum",
    "city": "Eden Park",
    "country": "United States",
    "attribution": "generally accepted",
    "image": "https://commons.wikimedia.org/wiki/Special:FilePath/Sandro%20Botticelli%20-%20Judith%20with%20the%20Head%20of%20Holofernes%20-%20Google%20Art%20Project.jpg?width=500",
    "qid": "Q46950491",
    "wikidata": "https://www.wikidata.org/wiki/Q46950491",
    "_source": {
     "source": "Wikidata",
     "url": "https://www.wikidata.org/wiki/Q46950491",
     "note": "harvested: painting by this creator with an image and a documented collection"
    },
    "creation_place": "Florence",
    "creation_lat": 43.771389,
    "creation_lon": 11.254167,
    "_overrides": {
     "creation": {
      "at": "2026-08-24",
      "source": "derived",
      "note": "creation place inferred from the painter's itinerary at this work's date (approximate)"
     }
    }
   }
  },
  {
   "type": "Feature",
   "geometry": {
    "type": "Point",
    "coordinates": [
     -2.6053,
     51.4561
    ]
   },
   "properties": {
    "painter": "Botticelli",
    "title": "The Madonna Adoring the Infant Christ",
    "year": "1505",
    "location": "Bristol City Museum & Art Gallery",
    "city": "City of Bristol",
    "country": "United Kingdom",
    "attribution": "generally accepted",
    "image": "https://commons.wikimedia.org/wiki/Special:FilePath/Sandro%20Botticelli%20%281444-1445-1510%29%20%28school%20of%29%20-%20The%20Madonna%20Adoring%20the%20Infant%20Christ%20-%20K1659%20-%20Bristol%20City%20Museum%20%5E%20Art%20Gallery.jpg?width=500",
    "qid": "Q118679094",
    "wikidata": "https://www.wikidata.org/wiki/Q118679094",
    "_source": {
     "source": "Wikidata",
     "url": "https://www.wikidata.org/wiki/Q118679094",
     "note": "harvested: painting by this creator with an image and a documented collection"
    },
    "creation_place": "Florence",
    "creation_lat": 43.771389,
    "creation_lon": 11.254167,
    "_overrides": {
     "creation": {
      "at": "2026-08-24",
      "source": "derived",
      "note": "creation place inferred from the painter's itinerary at this work's date (approximate)"
     }
    }
   }
  },
  {
   "type": "Feature",
   "geometry": {
    "type": "Point",
    "coordinates": [
     11.258888888,
     43.776944444
    ]
   },
   "properties": {
    "painter": "Botticelli",
    "title": "Retable of Trebbio",
    "year": "1495",
    "location": "Galleria dell'Accademia",
    "city": "Florence",
    "country": "Italy",
    "attribution": "generally accepted",
    "image": "https://commons.wikimedia.org/wiki/Special:FilePath/Botticelli%20-%20Pala%20del%20Trebbio.jpeg?width=500",
    "qid": "Q117845602",
    "wikidata": "https://www.wikidata.org/wiki/Q117845602",
    "_source": {
     "source": "Wikidata",
     "url": "https://www.wikidata.org/wiki/Q117845602",
     "note": "harvested: painting by this creator with an image and a documented collection"
    },
    "creation_place": "Florence",
    "creation_lat": 43.771389,
    "creation_lon": 11.254167,
    "_overrides": {
     "creation": {
      "at": "2026-08-24",
      "source": "derived",
      "note": "creation place inferred from the painter's itinerary at this work's date (approximate)"
     }
    }
   }
  },
  {
   "type": "Feature",
   "geometry": {
    "type": "Point",
    "coordinates": [
     -0.117712,
     51.511568
    ]
   },
   "properties": {
    "painter": "Botticelli",
    "title": "The Trinity with Saint Mary Magdalene and Saint John the Baptist, the Archangel Raphael and Tobias",
    "year": "1487",
    "location": "Courtauld Gallery",
    "city": "City of Westminster",
    "country": "United Kingdom",
    "attribution": "generally accepted",
    "image": "https://commons.wikimedia.org/wiki/Special:FilePath/Botticelli%20Trinity.jpg?width=500",
    "qid": "Q118632366",
    "wikidata": "https://www.wikidata.org/wiki/Q118632366",
    "_source": {
     "source": "Wikidata",
     "url": "https://www.wikidata.org/wiki/Q118632366",
     "note": "harvested: painting by this creator with an image and a documented collection"
    },
    "creation_place": "Florence",
    "creation_lat": 43.771389,
    "creation_lon": 11.254167,
    "_overrides": {
     "creation": {
      "at": "2026-08-24",
      "source": "derived",
      "note": "creation place inferred from the painter's itinerary at this work's date (approximate)"
     }
    }
   }
  },
  {
   "type": "Feature",
   "geometry": {
    "type": "Point",
    "coordinates": [
     9.178333333,
     47.645833333
    ]
   },
   "properties": {
    "painter": "Botticelli",
    "title": "Simonetta Vespucci as Maria Lactans",
    "year": "1490",
    "location": "Kreuzlingen",
    "city": "Kreuzlingen District",
    "country": "Switzerland",
    "attribution": "generally accepted",
    "image": "https://commons.wikimedia.org/wiki/Special:FilePath/Sandro-Botticelli-%28attributed-to%29%20Allegorical-Portrait-of-a-Woman.jpg?width=500",
    "qid": "Q73927813",
    "wikidata": "https://www.wikidata.org/wiki/Q73927813",
    "_source": {
     "source": "Wikidata",
     "url": "https://www.wikidata.org/wiki/Q73927813",
     "note": "harvested: painting by this creator with an image and a documented collection"
    },
    "creation_place": "Florence",
    "creation_lat": 43.771389,
    "creation_lon": 11.254167,
    "_overrides": {
     "creation": {
      "at": "2026-08-24",
      "source": "derived",
      "note": "creation place inferred from the painter's itinerary at this work's date (approximate)"
     }
    }
   }
  },
  {
   "type": "Feature",
   "geometry": {
    "type": "Point",
    "coordinates": [
     0.119444,
     52.200278
    ]
   },
   "properties": {
    "painter": "Botticelli",
    "title": "Fragment of a Cartoon of the 'Adoration of the Magi'",
    "year": "",
    "location": "Fitzwilliam Museum",
    "city": "Cambridge",
    "country": "United Kingdom",
    "attribution": "generally accepted",
    "image": "https://commons.wikimedia.org/wiki/Special:FilePath/Sandro%20Botticelli%20%281444-1445-1510%29%20-%20Fragment%20of%20a%20Cartoon%20of%20the%20%27Adoration%20of%20the%20Magi%27%20-%20910%20-%20Fitzwilliam%20Museum.jpg?width=500",
    "qid": "Q118680495",
    "wikidata": "https://www.wikidata.org/wiki/Q118680495",
    "_source": {
     "source": "Wikidata",
     "url": "https://www.wikidata.org/wiki/Q118680495",
     "note": "harvested: painting by this creator with an image and a documented collection"
    }
   }
  },
  {
   "type": "Feature",
   "geometry": {
    "type": "Point",
    "coordinates": [
     0.119444,
     52.200278
    ]
   },
   "properties": {
    "painter": "Botticelli",
    "title": "Two Fragments of a Cartoon of 'The Adoration of the Magi'",
    "year": "",
    "location": "Fitzwilliam Museum",
    "city": "Cambridge",
    "country": "United Kingdom",
    "attribution": "generally accepted",
    "image": "https://commons.wikimedia.org/wiki/Special:FilePath/Sandro%20Botticelli%20%281444-1445-1510%29%20-%20Two%20Fragments%20of%20a%20Cartoon%20of%20%27The%20Adoration%20of%20the%20Magi%27%20-%202888%20-%20Fitzwilliam%20Museum.jpg?width=500",
    "qid": "Q119927836",
    "wikidata": "https://www.wikidata.org/wiki/Q119927836",
    "_source": {
     "source": "Wikidata",
     "url": "https://www.wikidata.org/wiki/Q119927836",
     "note": "harvested: painting by this creator with an image and a documented collection"
    }
   }
  },
  {
   "type": "Feature",
   "geometry": {
    "type": "Point",
    "coordinates": [
     -99.20462,
     19.44066
    ]
   },
   "properties": {
    "painter": "Botticelli",
    "title": "Madonna and Child with St. John the Baptist",
    "year": "1480",
    "location": "Museo Soumaya",
    "city": "Mexico City",
    "country": "Mexico",
    "attribution": "generally accepted",
    "image": "https://commons.wikimedia.org/wiki/Special:FilePath/Sandro%20Botticelli%20y%20taller%20-%20La%20Virgen%20adorando%20al%20ni%C3%B1o%20Jes%C3%BAs%20y%20San%20Juan%20Bautista%2C%20c.%201480-90.jpg?width=500",
    "qid": "Q131613737",
    "wikidata": "https://www.wikidata.org/wiki/Q131613737",
    "_source": {
     "source": "Wikidata",
     "url": "https://www.wikidata.org/wiki/Q131613737",
     "note": "harvested: painting by this creator with an image and a documented collection"
    },
    "creation_place": "Florence",
    "creation_lat": 43.771389,
    "creation_lon": 11.254167,
    "_overrides": {
     "creation": {
      "at": "2026-08-24",
      "source": "derived",
      "note": "creation place inferred from the painter's itinerary at this work's date (approximate)"
     }
    }
   }
  },
  {
   "type": "Feature",
   "geometry": {
    "type": "Point",
    "coordinates": [
     -84.496944444,
     39.113888888
    ]
   },
   "properties": {
    "painter": "Botticelli",
    "title": "Deer and Monkeys on the reverse of Judith with the Head of Holofernes",
    "year": "",
    "location": "Cincinnati Art Museum",
    "city": "Eden Park",
    "country": "United States",
    "attribution": "generally accepted",
    "image": "https://commons.wikimedia.org/wiki/Special:FilePath/Deer%20and%20Monkeys%20on%20the%20reverse%20of%20Judith%20with%20the%20Head%20of%20Holofernes%20by%20Sandro%20Botticelli.jpg?width=500",
    "qid": "Q117442973",
    "wikidata": "https://www.wikidata.org/wiki/Q117442973",
    "_source": {
     "source": "Wikidata",
     "url": "https://www.wikidata.org/wiki/Q117442973",
     "note": "harvested: painting by this creator with an image and a documented collection"
    }
   }
  },
  {
   "type": "Feature",
   "geometry": {
    "type": "Point",
    "coordinates": [
     -75.181388888,
     39.965833333
    ]
   },
   "properties": {
    "painter": "Botticelli",
    "title": "Mary Magdalene predella",
    "year": "1425",
    "location": "Philadelphia Museum of Art",
    "city": "Philadelphia",
    "country": "United States",
    "attribution": "generally accepted",
    "image": "https://commons.wikimedia.org/wiki/Special:FilePath/Botticelli%2C%20predella%20con%20storie%20di%20maria%20maddalena%2C%201425%20ca%2C%20da%20pala%20delle%20convertite%2001.JPG?width=500",
    "qid": "Q134545198",
    "wikidata": "https://www.wikidata.org/wiki/Q134545198",
    "_source": {
     "source": "Wikidata",
     "url": "https://www.wikidata.org/wiki/Q134545198",
     "note": "harvested: painting by this creator with an image and a documented collection"
    }
   }
  },
  {
   "type": "Feature",
   "geometry": {
    "type": "Point",
    "coordinates": [
     -82.36202,
     34.87603
    ]
   },
   "properties": {
    "painter": "Botticelli",
    "title": "Madonna and Child with an Angel",
    "year": "1490",
    "location": "Bob Jones University Museum and Gallery",
    "city": "Greenville County",
    "country": "United States",
    "attribution": "generally accepted",
    "image": "https://commons.wikimedia.org/wiki/Special:FilePath/Botticelli%20-%20madonna%20and%20child%20with%20an%20angel%20-%20bob%20jones%20university.jpg?width=500",
    "qid": "Q134530268",
    "wikidata": "https://www.wikidata.org/wiki/Q134530268",
    "_source": {
     "source": "Wikidata",
     "url": "https://www.wikidata.org/wiki/Q134530268",
     "note": "harvested: painting by this creator with an image and a documented collection"
    },
    "creation_place": "Florence",
    "creation_lat": 43.771389,
    "creation_lon": 11.254167,
    "_overrides": {
     "creation": {
      "at": "2026-08-24",
      "source": "derived",
      "note": "creation place inferred from the painter's itinerary at this work's date (approximate)"
     }
    }
   }
  },
  {
   "type": "Feature",
   "geometry": {
    "type": "Point",
    "coordinates": [
     -0.117712,
     51.511568
    ]
   },
   "properties": {
    "painter": "Botticelli",
    "title": "Noli me Tangere (predella, panel three)",
    "year": "1930",
    "location": "Courtauld Gallery",
    "city": "City of Westminster",
    "country": "United Kingdom",
    "attribution": "generally accepted",
    "image": "https://commons.wikimedia.org/wiki/Special:FilePath/Sandro%20Botticelli%20%281444-1445-1510%29%20%28copy%20after%29%20-%20Noli%20me%20Tangere%20%28predella%2C%20panel%20three%29%20-%20P.1947.Lf.41.3%20-%20Courtauld%20Gallery.jpg?width=500",
    "qid": "Q119217602",
    "wikidata": "https://www.wikidata.org/wiki/Q119217602",
    "_source": {
     "source": "Wikidata",
     "url": "https://www.wikidata.org/wiki/Q119217602",
     "note": "harvested: painting by this creator with an image and a documented collection"
    }
   }
  },
  {
   "type": "Feature",
   "geometry": {
    "type": "Point",
    "coordinates": [
     -0.117712,
     51.511568
    ]
   },
   "properties": {
    "painter": "Botticelli",
    "title": "Last Moments of the Magdalene (predella, panel four)",
    "year": "1930",
    "location": "Courtauld Gallery",
    "city": "City of Westminster",
    "country": "United Kingdom",
    "attribution": "generally accepted",
    "image": "https://commons.wikimedia.org/wiki/Special:FilePath/Sandro%20Botticelli%20%281444-1445-1510%29%20-%20Last%20Moments%20of%20the%20Magdalene%20%28predella%2C%20panel%20four%29%20-%20P.1947.Lf.41.4%20-%20Courtauld%20Gallery.jpg?width=500",
    "qid": "Q119217607",
    "wikidata": "https://www.wikidata.org/wiki/Q119217607",
    "_source": {
     "source": "Wikidata",
     "url": "https://www.wikidata.org/wiki/Q119217607",
     "note": "harvested: painting by this creator with an image and a documented collection"
    }
   }
  },
  {
   "type": "Feature",
   "geometry": {
    "type": "Point",
    "coordinates": [
     -0.117712,
     51.511568
    ]
   },
   "properties": {
    "painter": "Botticelli",
    "title": "Scenes from the Life of Mary Magdalene: Modern Copy after Sandro Botticelli (four predella panels)",
    "year": "1930",
    "location": "Courtauld Gallery",
    "city": "City of Westminster",
    "country": "United Kingdom",
    "attribution": "generally accepted",
    "image": "https://commons.wikimedia.org/wiki/Special:FilePath/Sandro%20Botticelli%20%281444-1445-1510%29%20%28copy%20after%29%20-%20Scenes%20from%20the%20Life%20of%20Mary%20Magdalene%2C%20Modern%20Copy%20after%20Sandro%20Botticelli%20%28four%20predella%20panels%29%20-%20P.1947.Lf.41%20-%20Courtauld%20Gallery.jpg?width=500",
    "qid": "Q119241713",
    "wikidata": "https://www.wikidata.org/wiki/Q119241713",
    "_source": {
     "source": "Wikidata",
     "url": "https://www.wikidata.org/wiki/Q119241713",
     "note": "harvested: painting by this creator with an image and a documented collection"
    }
   }
  },
  {
   "type": "Feature",
   "geometry": {
    "type": "Point",
    "coordinates": [
     -0.117712,
     51.511568
    ]
   },
   "properties": {
    "painter": "Botticelli",
    "title": "Feast in the House of Simon (predella, panel two)",
    "year": "1930",
    "location": "Courtauld Gallery",
    "city": "City of Westminster",
    "country": "United Kingdom",
    "attribution": "generally accepted",
    "image": "https://commons.wikimedia.org/wiki/Special:FilePath/Sandro%20Botticelli%20%281444-1445-1510%29%20%28copy%20after%29%20-%20Feast%20in%20the%20House%20of%20Simon%20%28predella%2C%20panel%20two%29%20-%20P.1947.Lf.41.2%20-%20Courtauld%20Gallery.jpg?width=500",
    "qid": "Q119241811",
    "wikidata": "https://www.wikidata.org/wiki/Q119241811",
    "_source": {
     "source": "Wikidata",
     "url": "https://www.wikidata.org/wiki/Q119241811",
     "note": "harvested: painting by this creator with an image and a documented collection"
    }
   }
  },
  {
   "type": "Feature",
   "geometry": {
    "type": "Point",
    "coordinates": [
     9.695262,
     45.055412
    ]
   },
   "properties": {
    "painter": "Botticelli",
    "title": "Madonna adoring the Child with St. John the Baptist",
    "year": "1477",
    "location": "Piacenza Civic Museum",
    "city": "Piacenza",
    "country": "Italy",
    "attribution": "generally accepted",
    "image": "https://commons.wikimedia.org/wiki/Special:FilePath/Madonna%20adorante%20il%20figlio%20con%20san%20Giovannino%2C%20tondo%20Botticelli%2C%20Piacenza.jpg?width=500",
    "qid": "Q57330357",
    "wikidata": "https://www.wikidata.org/wiki/Q57330357",
    "_source": {
     "source": "Wikidata",
     "url": "https://www.wikidata.org/wiki/Q57330357",
     "note": "harvested: painting by this creator with an image and a documented collection"
    },
    "creation_place": "Florence",
    "creation_lat": 43.771389,
    "creation_lon": 11.254167,
    "_overrides": {
     "creation": {
      "at": "2026-08-24",
      "source": "derived",
      "note": "creation place inferred from the painter's itinerary at this work's date (approximate)"
     }
    }
   }
  }
 ]
}