{
 "type": "FeatureCollection",
 "_note": "Generated by scripts/build.py from Wikidata. Do not edit by hand — put manual fixes in the painter's overlay (data/overlay/*.json). Each feature carries _source (scraped base or manual addition) and, when edited, _overrides.",
 "features": [
  {
   "type": "Feature",
   "geometry": {
    "type": "Point",
    "coordinates": [
     -71.05778,
     42.36028
    ]
   },
   "properties": {
    "painter": "Mantegna",
    "title": "The Virgin and Child with Infant Saint John the Baptist and Six Female Saints",
    "year": "1498",
    "city": "Boston",
    "country": "United States",
    "location": "Isabella Stewart Gardner Museum",
    "kind": "museum",
    "attribution": "attributed",
    "status": "present",
    "medium": "Panel",
    "dimensions": "55.9 × 42.6 cm",
    "genre": "religious art",
    "image": "https://commons.wikimedia.org/wiki/Special:FilePath/Mantegna%20-%20The%20Virgin%20and%20Child%20with%20Infant%20Saint%20John%20the%20Baptist%20and%20Six%20Female%20Saints%2C%20about%201497-1500.jpg?width=420",
    "wikidata": "https://www.wikidata.org/wiki/Q103833118",
    "creation_place": "Mantua",
    "creation_lat": 45.1564,
    "creation_lon": 10.7914,
    "_source": {
     "source": "Wikidata",
     "url": "https://www.wikidata.org/wiki/Q103833118",
     "retrieved_at": "2026-08-23"
    },
    "_overrides": {
     "creation": {
      "at": "2026-08-23",
      "source": "derived from start date + Caravaggio's documented itinerary (approximate)"
     }
    },
    "museum_id": "isabella-stewart-gardner-museum",
    "qid": "Q103833118"
   }
  },
  {
   "type": "Feature",
   "geometry": {
    "type": "Point",
    "coordinates": [
     11.25528,
     43.76833
    ]
   },
   "properties": {
    "painter": "Mantegna",
    "title": "Circumcision of Jesus",
    "year": "1461",
    "city": "Florence",
    "country": "Italy",
    "location": "Uffizi Gallery",
    "kind": "museum",
    "attribution": "attributed",
    "status": "present",
    "medium": "Panel",
    "dimensions": "86 × 43 cm",
    "genre": "religious art",
    "image": "https://commons.wikimedia.org/wiki/Special:FilePath/Andrea%20Mantegna%20002.jpg?width=420",
    "wikidata": "https://www.wikidata.org/wiki/Q111821771",
    "creation_place": "Mantua",
    "creation_lat": 45.1564,
    "creation_lon": 10.7914,
    "_source": {
     "source": "Wikidata",
     "url": "https://www.wikidata.org/wiki/Q111821771",
     "retrieved_at": "2026-08-23"
    },
    "_overrides": {
     "creation": {
      "at": "2026-08-23",
      "source": "derived from start date + Caravaggio's documented itinerary (approximate)"
     }
    },
    "museum_id": "uffizi-gallery",
    "qid": "Q111821771",
    "wga_url": "https://www.wga.hu/html/m/mantegna/1/chapel3.html"
   }
  },
  {
   "type": "Feature",
   "geometry": {
    "type": "Point",
    "coordinates": [
     9.18782,
     45.47196
    ]
   },
   "properties": {
    "painter": "Mantegna",
    "title": "Madonna of the Cherubim",
    "year": "1485",
    "city": "Milan",
    "country": "Italy",
    "location": "Pinacoteca di Brera",
    "kind": "museum",
    "attribution": "generally accepted",
    "status": "present",
    "medium": "Oil on panel",
    "dimensions": "88 × 70 cm",
    "genre": "religious art",
    "image": "https://commons.wikimedia.org/wiki/Special:FilePath/Andrea%20Mantegna%20109.jpg?width=420",
    "wikipedia_es": "https://es.wikipedia.org/wiki/Virgen_con_el_Ni%C3%B1o_y_un_coro_de_querubines",
    "wikipedia_en": "https://en.wikipedia.org/wiki/Madonna_of_the_Cherubim",
    "wikipedia_it": "https://it.wikipedia.org/wiki/Madonna_col_Bambino_e_un_coro_di_cherubini",
    "wikidata": "https://www.wikidata.org/wiki/Q1150402",
    "creation_place": "Mantua",
    "creation_lat": 45.1564,
    "creation_lon": 10.7914,
    "_source": {
     "source": "Wikidata",
     "url": "https://www.wikidata.org/wiki/Q1150402",
     "retrieved_at": "2026-08-23"
    },
    "_overrides": {
     "creation": {
      "at": "2026-08-23",
      "source": "derived from start date + Caravaggio's documented itinerary (approximate)"
     }
    },
    "museum_id": "pinacoteca-di-brera",
    "qid": "Q1150402",
    "wga_url": "https://www.wga.hu/html/m/mantegna/2/cherubim.html"
   }
  },
  {
   "type": "Feature",
   "geometry": {
    "type": "Point",
    "coordinates": [
     -73.97417,
     40.77917
    ]
   },
   "properties": {
    "painter": "Mantegna",
    "title": "Crucifixion",
    "year": "1500",
    "city": "Manhattan",
    "country": "United States",
    "location": "New York Historical",
    "kind": "museum",
    "attribution": "attributed",
    "status": "present",
    "medium": "Oil on panel",
    "genre": "religious art",
    "image": "https://commons.wikimedia.org/wiki/Special:FilePath/Catalogue%20of%20the%20Gallery%20of%20Art%20of%20the%20New%20York%20Historical%20Society%20%281915%29%20%2814577716107%29.jpg?width=420",
    "wikidata": "https://www.wikidata.org/wiki/Q115608737",
    "creation_place": "Mantua",
    "creation_lat": 45.1564,
    "creation_lon": 10.7914,
    "_source": {
     "source": "Wikidata",
     "url": "https://www.wikidata.org/wiki/Q115608737",
     "retrieved_at": "2026-08-23"
    },
    "_overrides": {
     "creation": {
      "at": "2026-08-23",
      "source": "derived from start date + Caravaggio's documented itinerary (approximate)"
     }
    },
    "museum_id": "new-york-historical",
    "qid": "Q115608737"
   }
  },
  {
   "type": "Feature",
   "geometry": {
    "type": "Point",
    "coordinates": [
     11.62097,
     44.84232
    ]
   },
   "properties": {
    "painter": "Mantegna",
    "title": "Christ with the Soul of the Virgin",
    "city": "Ferrara",
    "country": "Italy",
    "location": "Pinacoteca Nazionale",
    "kind": "museum",
    "attribution": "attributed",
    "status": "present",
    "image": "https://commons.wikimedia.org/wiki/Special:FilePath/1462%20Mantegna%20Christus%20mit%20der%20Seele%20Mariens%20Pinacoteca%20Nazionale%20Ferrera%20anagoria.jpg?width=420",
    "wikidata": "https://www.wikidata.org/wiki/Q118435234",
    "_source": {
     "source": "Wikidata",
     "url": "https://www.wikidata.org/wiki/Q118435234",
     "retrieved_at": "2026-08-23"
    },
    "museum_id": "pinacoteca-nazionale",
    "qid": "Q118435234"
   }
  },
  {
   "type": "Feature",
   "geometry": {
    "type": "Point",
    "coordinates": [
     12.57861,
     55.68889
    ]
   },
   "properties": {
    "painter": "Mantegna",
    "title": "Christ as the Man of Sorrows",
    "city": "Copenhagen Municipality",
    "country": "Denmark",
    "location": "Statens Museum for Kunst",
    "kind": "museum",
    "attribution": "attributed",
    "status": "present",
    "genre": "religious art",
    "image": "https://commons.wikimedia.org/wiki/Special:FilePath/1492%20Mantegna%20Christus%20als%20Schmerzensmann%20Statens%20Museum%20for%20Kunst%2C%20Kopenhagen%20anagoria.jpg?width=420",
    "wikidata": "https://www.wikidata.org/wiki/Q118495500",
    "_source": {
     "source": "Wikidata",
     "url": "https://www.wikidata.org/wiki/Q118495500",
     "retrieved_at": "2026-08-23"
    },
    "museum_id": "statens-museum-for-kunst",
    "qid": "Q118495500"
   }
  },
  {
   "type": "Feature",
   "geometry": {
    "type": "Point",
    "coordinates": [
     -0.3375,
     51.4034
    ]
   },
   "properties": {
    "painter": "Mantegna",
    "title": "The Triumphs of Caesar II: The Bearers of Standards and Siege Equipment",
    "year": "1490",
    "city": "London Borough of Richmond upon Thames",
    "country": "United Kingdom",
    "location": "Hampton Court Palace",
    "kind": "museum",
    "attribution": "attributed",
    "status": "present",
    "image": "https://commons.wikimedia.org/wiki/Special:FilePath/1490%20Mantegna%20Der%20Triumphzug%20Caesars%20II%20Standartentr%C3%A4ger%20anagoria.jpg?width=420",
    "wikidata": "https://www.wikidata.org/wiki/Q118516800",
    "creation_place": "Mantua",
    "creation_lat": 45.1564,
    "creation_lon": 10.7914,
    "_source": {
     "source": "Wikidata",
     "url": "https://www.wikidata.org/wiki/Q118516800",
     "retrieved_at": "2026-08-23"
    },
    "_overrides": {
     "creation": {
      "at": "2026-08-23",
      "source": "derived from start date + Caravaggio's documented itinerary (approximate)"
     }
    },
    "museum_id": "hampton-court-palace",
    "qid": "Q118516800"
   }
  },
  {
   "type": "Feature",
   "geometry": {
    "type": "Point",
    "coordinates": [
     -0.3375,
     51.4034
    ]
   },
   "properties": {
    "painter": "Mantegna",
    "title": "The Triumphs of Caesar IV: The Vase-Bearers",
    "year": "1490",
    "city": "London Borough of Richmond upon Thames",
    "country": "United Kingdom",
    "location": "Hampton Court Palace",
    "kind": "museum",
    "attribution": "attributed",
    "status": "present",
    "image": "https://commons.wikimedia.org/wiki/Special:FilePath/1490%20Mantegna%20Der%20Triumphzug%20Caesars%20IV%20Vasentr%C3%A4ger%20anagoria.jpg?width=420",
    "wikidata": "https://www.wikidata.org/wiki/Q118516811",
    "creation_place": "Mantua",
    "creation_lat": 45.1564,
    "creation_lon": 10.7914,
    "_source": {
     "source": "Wikidata",
     "url": "https://www.wikidata.org/wiki/Q118516811",
     "retrieved_at": "2026-08-23"
    },
    "_overrides": {
     "creation": {
      "at": "2026-08-23",
      "source": "derived from start date + Caravaggio's documented itinerary (approximate)"
     }
    },
    "museum_id": "hampton-court-palace",
    "qid": "Q118516811"
   }
  },
  {
   "type": "Feature",
   "geometry": {
    "type": "Point",
    "coordinates": [
     -0.3375,
     51.4034
    ]
   },
   "properties": {
    "painter": "Mantegna",
    "title": "The Triumphs of Caesar V: The Elephants",
    "year": "1490",
    "city": "London Borough of Richmond upon Thames",
    "country": "United Kingdom",
    "location": "Hampton Court Palace",
    "kind": "museum",
    "attribution": "attributed",
    "status": "present",
    "image": "https://commons.wikimedia.org/wiki/Special:FilePath/1490%20Mantegna%20Der%20Triumphzug%20Caesars%20V%20Die%20Elefanten%20anagoria.jpg?width=420",
    "wikidata": "https://www.wikidata.org/wiki/Q118516826",
    "creation_place": "Mantua",
    "creation_lat": 45.1564,
    "creation_lon": 10.7914,
    "_source": {
     "source": "Wikidata",
     "url": "https://www.wikidata.org/wiki/Q118516826",
     "retrieved_at": "2026-08-23"
    },
    "_overrides": {
     "creation": {
      "at": "2026-08-23",
      "source": "derived from start date + Caravaggio's documented itinerary (approximate)"
     }
    },
    "museum_id": "hampton-court-palace",
    "qid": "Q118516826"
   }
  },
  {
   "type": "Feature",
   "geometry": {
    "type": "Point",
    "coordinates": [
     -0.11747,
     51.51175
    ]
   },
   "properties": {
    "painter": "Mantegna",
    "title": "Man of Sorrows",
    "year": "1500",
    "city": "London",
    "country": "United Kingdom",
    "location": "Courtauld Gallery",
    "kind": "museum",
    "attribution": "attributed",
    "status": "present",
    "dimensions": "42.3 × 30.3 cm",
    "genre": "religious art",
    "image": "https://commons.wikimedia.org/wiki/Special:FilePath/Andrea%20Mantegna%20%28c.1431-1506%29%20-%20Man%20of%20Sorrows%20-%20P.1978.PG.235%20-%20Courtauld%20Gallery.jpg?width=420",
    "wikidata": "https://www.wikidata.org/wiki/Q118676331",
    "creation_place": "Mantua",
    "creation_lat": 45.1564,
    "creation_lon": 10.7914,
    "_source": {
     "source": "Wikidata",
     "url": "https://www.wikidata.org/wiki/Q118676331",
     "retrieved_at": "2026-08-23"
    },
    "_overrides": {
     "creation": {
      "at": "2026-08-23",
      "source": "derived from start date + Caravaggio's documented itinerary (approximate)"
     }
    },
    "museum_id": "courtauld-gallery",
    "qid": "Q118676331"
   }
  },
  {
   "type": "Feature",
   "geometry": {
    "type": "Point",
    "coordinates": [
     -0.1269,
     51.5194
    ]
   },
   "properties": {
    "painter": "Mantegna",
    "title": "Three Studies for the Dead Christ",
    "year": "1450",
    "city": "London",
    "country": "United Kingdom",
    "location": "British Museum",
    "kind": "museum",
    "attribution": "attributed",
    "status": "present",
    "genre": "religious art",
    "image": "https://commons.wikimedia.org/wiki/Special:FilePath/1460%20Mantegna%20Drei%20Studien%20f%C3%BCr%20den%20toten%20Christus%20British%20Museum%20anagoria.jpg?width=420",
    "wikidata": "https://www.wikidata.org/wiki/Q118918559",
    "creation_place": "Padua",
    "creation_lat": 45.4064,
    "creation_lon": 11.8768,
    "_source": {
     "source": "Wikidata",
     "url": "https://www.wikidata.org/wiki/Q118918559",
     "retrieved_at": "2026-08-23"
    },
    "_overrides": {
     "creation": {
      "at": "2026-08-23",
      "source": "derived from start date + Caravaggio's documented itinerary (approximate)"
     }
    },
    "museum_id": "british-museum",
    "qid": "Q118918559"
   }
  },
  {
   "type": "Feature",
   "geometry": {
    "type": "Point",
    "coordinates": [
     9.18782,
     45.47196
    ]
   },
   "properties": {
    "painter": "Mantegna",
    "title": "Madonna with Child and angels",
    "city": "Milan",
    "country": "Italy",
    "location": "Pinacoteca di Brera",
    "kind": "museum",
    "attribution": "attributed",
    "status": "present",
    "genre": "religious art",
    "wikidata": "https://www.wikidata.org/wiki/Q119353076",
    "_source": {
     "source": "Wikidata",
     "url": "https://www.wikidata.org/wiki/Q119353076",
     "retrieved_at": "2026-08-23"
    },
    "museum_id": "pinacoteca-di-brera",
    "qid": "Q119353076"
   }
  },
  {
   "type": "Feature",
   "geometry": {
    "type": "Point",
    "coordinates": [
     2.31051,
     48.87543
    ]
   },
   "properties": {
    "painter": "Mantegna",
    "title": "Ecce Homo",
    "year": "1500",
    "city": "Paris",
    "country": "France",
    "location": "Musée Jacquemart André",
    "kind": "museum",
    "attribution": "generally accepted",
    "status": "present",
    "medium": "Canvas",
    "dimensions": "54 × 72 cm",
    "genre": "religious art",
    "image": "https://commons.wikimedia.org/wiki/Special:FilePath/Ecce-homo%20Mantegna.jpg?width=420",
    "wikipedia_es": "https://es.wikipedia.org/wiki/Ecce_Homo_(Andrea_Mantegna)",
    "wikipedia_en": "https://en.wikipedia.org/wiki/Ecce_Homo_(Mantegna)",
    "wikipedia_it": "https://it.wikipedia.org/wiki/Ecce_Homo_(Mantegna)",
    "wikidata": "https://www.wikidata.org/wiki/Q1239065",
    "creation_place": "Mantua",
    "creation_lat": 45.1564,
    "creation_lon": 10.7914,
    "_source": {
     "source": "Wikidata",
     "url": "https://www.wikidata.org/wiki/Q1239065",
     "retrieved_at": "2026-08-23"
    },
    "_overrides": {
     "creation": {
      "at": "2026-08-23",
      "source": "derived from start date + Caravaggio's documented itinerary (approximate)"
     }
    },
    "museum_id": "musee-jacquemart-andre",
    "qid": "Q1239065"
   }
  },
  {
   "type": "Feature",
   "geometry": {
    "type": "Point",
    "coordinates": [
     10.7988,
     45.16034
    ]
   },
   "properties": {
    "painter": "Mantegna",
    "title": "Ceiling Oculus",
    "year": "1469",
    "city": "Mantua",
    "country": "Italy",
    "location": "Palazzo Ducale Mantua",
    "kind": "museum",
    "attribution": "attributed",
    "status": "present",
    "medium": "Fresco",
    "image": "https://commons.wikimedia.org/wiki/Special:FilePath/Andrea%20Mantegna%20-%20Ceiling%20Oculus%20-%20WGA14023.jpg?width=420",
    "wikidata": "https://www.wikidata.org/wiki/Q125753676",
    "creation_place": "Mantua",
    "creation_lat": 45.1564,
    "creation_lon": 10.7914,
    "_source": {
     "source": "Wikidata",
     "url": "https://www.wikidata.org/wiki/Q125753676",
     "retrieved_at": "2026-08-23"
    },
    "_overrides": {
     "creation": {
      "at": "2026-08-23",
      "source": "derived from start date + Caravaggio's documented itinerary (approximate)"
     }
    },
    "museum_id": "palazzo-ducale-mantua",
    "qid": "Q125753676",
    "wga_url": "https://www.wga.hu/html/m/mantegna/07/3sposi01a.html"
   }
  },
  {
   "type": "Feature",
   "geometry": {
    "type": "Point",
    "coordinates": [
     11.62097,
     44.84232
    ]
   },
   "properties": {
    "painter": "Mantegna",
    "title": "Christ Welcoming the Virgin in Heaven",
    "year": "1460",
    "city": "Ferrara",
    "country": "Italy",
    "location": "Pinacoteca Nazionale",
    "kind": "museum",
    "attribution": "attributed",
    "status": "present",
    "medium": "Oil on panel",
    "image": "https://commons.wikimedia.org/wiki/Special:FilePath/Andrea%20Mantegna%20-%20Christ%20Welcoming%20the%20Virgin%20in%20Heaven%20-%20WGA13958.jpg?width=420",
    "wikidata": "https://www.wikidata.org/wiki/Q125758347",
    "creation_place": "Mantua",
    "creation_lat": 45.1564,
    "creation_lon": 10.7914,
    "_source": {
     "source": "Wikidata",
     "url": "https://www.wikidata.org/wiki/Q125758347",
     "retrieved_at": "2026-08-23"
    },
    "_overrides": {
     "creation": {
      "at": "2026-08-23",
      "source": "derived from start date + Caravaggio's documented itinerary (approximate)"
     }
    },
    "museum_id": "pinacoteca-nazionale",
    "qid": "Q125758347",
    "wga_url": "https://www.wga.hu/html/m/mantegna/1/christ.html"
   }
  },
  {
   "type": "Feature",
   "geometry": {
    "type": "Point",
    "coordinates": [
     10.7988,
     45.16034
    ]
   },
   "properties": {
    "painter": "Mantegna",
    "title": "Grotesque Selbstporträt",
    "year": "1469",
    "city": "Mantua",
    "country": "Italy",
    "location": "Palazzo Ducale Mantua",
    "kind": "museum",
    "attribution": "attributed",
    "status": "present",
    "image": "https://commons.wikimedia.org/wiki/Special:FilePath/Andrea%20Mantegna%20-%20Grotesque%20Self-Portrait%20-%20WGA14017.jpg?width=420",
    "wikidata": "https://www.wikidata.org/wiki/Q125758355",
    "creation_place": "Mantua",
    "creation_lat": 45.1564,
    "creation_lon": 10.7914,
    "_source": {
     "source": "Wikidata",
     "url": "https://www.wikidata.org/wiki/Q125758355",
     "retrieved_at": "2026-08-23"
    },
    "_overrides": {
     "creation": {
      "at": "2026-08-23",
      "source": "derived from start date + Caravaggio's documented itinerary (approximate)"
     }
    },
    "museum_id": "palazzo-ducale-mantua",
    "qid": "Q125758355",
    "wga_url": "https://www.wga.hu/html/m/mantegna/3/2sposi11.html"
   }
  },
  {
   "type": "Feature",
   "geometry": {
    "type": "Point",
    "coordinates": [
     -118.475,
     34.0775
    ]
   },
   "properties": {
    "painter": "Mantegna",
    "title": "Two Standing Male Figures (recto); A Man Reclining and Other Studies (verso)",
    "year": "1456",
    "city": "Los Angeles",
    "country": "United States",
    "location": "Getty Center",
    "kind": "museum",
    "attribution": "attributed",
    "status": "present",
    "image": "https://commons.wikimedia.org/wiki/Special:FilePath/Andrea%20mantegna%2C%20attr.%2C%20due%20figure%20in%20piedi%2C%201456%20circa.JPG?width=420",
    "wikidata": "https://www.wikidata.org/wiki/Q125758395",
    "creation_place": "Padua",
    "creation_lat": 45.4064,
    "creation_lon": 11.8768,
    "_source": {
     "source": "Wikidata",
     "url": "https://www.wikidata.org/wiki/Q125758395",
     "retrieved_at": "2026-08-23"
    },
    "_overrides": {
     "creation": {
      "at": "2026-08-23",
      "source": "derived from start date + Caravaggio's documented itinerary (approximate)"
     }
    },
    "museum_id": "getty-center",
    "qid": "Q125758395"
   }
  },
  {
   "type": "Feature",
   "geometry": {
    "type": "Point",
    "coordinates": [
     10.7988,
     45.16034
    ]
   },
   "properties": {
    "painter": "Mantegna",
    "title": "Camera picta - The Meeting",
    "year": "1450",
    "city": "Mantua",
    "country": "Italy",
    "location": "Palazzo Ducale Mantua",
    "kind": "museum",
    "attribution": "attributed",
    "status": "present",
    "medium": "Fresco",
    "image": "https://commons.wikimedia.org/wiki/Special:FilePath/Andrea%20Mantegna%20115.jpg?width=420",
    "wikidata": "https://www.wikidata.org/wiki/Q125759296",
    "creation_place": "Padua",
    "creation_lat": 45.4064,
    "creation_lon": 11.8768,
    "_source": {
     "source": "Wikidata",
     "url": "https://www.wikidata.org/wiki/Q125759296",
     "retrieved_at": "2026-08-23"
    },
    "_overrides": {
     "creation": {
      "at": "2026-08-23",
      "source": "derived from start date + Caravaggio's documented itinerary (approximate)"
     }
    },
    "museum_id": "palazzo-ducale-mantua",
    "qid": "Q125759296",
    "wga_url": "https://www.wga.hu/html/m/mantegna/07/2sposi03.html"
   }
  },
  {
   "type": "Feature",
   "geometry": {
    "type": "Point",
    "coordinates": [
     10.87917,
     43.75861
    ]
   },
   "properties": {
    "painter": "Mantegna",
    "title": "pala del preziosissimo sangue",
    "year": "1505",
    "city": "Cerreto Guidi",
    "country": "Italy",
    "location": "Villa Medici",
    "kind": "museum",
    "attribution": "attributed",
    "status": "present",
    "genre": "religious art",
    "image": "https://commons.wikimedia.org/wiki/Special:FilePath/Andrea%20mantegna%20e%20collaboratori%2C%20pala%20del%20preziosissimo%20sangue%2C%201500-10%20ca.%2003.JPG?width=420",
    "wikidata": "https://www.wikidata.org/wiki/Q125790850",
    "creation_place": "Mantua",
    "creation_lat": 45.1564,
    "creation_lon": 10.7914,
    "_source": {
     "source": "Wikidata",
     "url": "https://www.wikidata.org/wiki/Q125790850",
     "retrieved_at": "2026-08-23"
    },
    "_overrides": {
     "creation": {
      "at": "2026-08-23",
      "source": "derived from start date + Caravaggio's documented itinerary (approximate)"
     }
    },
    "museum_id": "villa-medici",
    "qid": "Q125790850"
   }
  },
  {
   "type": "Feature",
   "geometry": {
    "type": "Point",
    "coordinates": [
     10.8,
     45.16111
    ]
   },
   "properties": {
    "painter": "Mantegna",
    "title": "Camera picta, East Wall",
    "city": "Mantua",
    "country": "Italy",
    "location": "Camera degli Sposi",
    "kind": "museum",
    "attribution": "attributed",
    "status": "present",
    "medium": "Fresco painting",
    "wikidata": "https://www.wikidata.org/wiki/Q131561677",
    "_source": {
     "source": "Wikidata",
     "url": "https://www.wikidata.org/wiki/Q131561677",
     "retrieved_at": "2026-08-23"
    },
    "museum_id": "camera-degli-sposi",
    "qid": "Q131561677"
   }
  },
  {
   "type": "Feature",
   "geometry": {
    "type": "Point",
    "coordinates": [
     10.979167,
     45.4425
    ]
   },
   "properties": {
    "painter": "Mantegna",
    "title": "Central panel of altarpiece of San Zeno",
    "city": "Verona",
    "country": "Italy",
    "location": "Basilica of San Zeno",
    "kind": "church",
    "attribution": "attributed",
    "status": "present",
    "wikidata": "https://www.wikidata.org/wiki/Q132247331",
    "_source": {
     "source": "Wikidata",
     "url": "https://www.wikidata.org/wiki/Q132247331",
     "retrieved_at": "2026-08-23"
    },
    "museum_id": "basilica-of-san-zeno",
    "qid": "Q132247331"
   }
  },
  {
   "type": "Feature",
   "geometry": {
    "type": "Point",
    "coordinates": [
     -0.1283,
     51.5089
    ]
   },
   "properties": {
    "painter": "Mantegna",
    "title": "The Virgin and Child with the Magdalen and Saint John the Baptist",
    "year": "1497",
    "city": "London",
    "country": "United Kingdom",
    "location": "National Gallery",
    "kind": "museum",
    "attribution": "generally accepted",
    "status": "present",
    "medium": "Canvas",
    "dimensions": "136 × 114 cm",
    "genre": "religious art",
    "image": "https://commons.wikimedia.org/wiki/Special:FilePath/Andrea%20Mantegna%20-%20The%20Virgin%20and%20Child%20with%20the%20Magdalen%20and%20St.%20John%20the%20Baptist%20-%20c.%201490-1505.jpg?width=420",
    "wikipedia_es": "https://es.wikipedia.org/wiki/La_Virgen_y_el_Ni%C3%B1o_con_santa_Mar%C3%ADa_Magdalena_y_san_Juan_Bautista_(Mantegna)",
    "wikipedia_it": "https://it.wikipedia.org/wiki/Madonna_col_Bambino_tra_i_santi_Giovanni_Battista_e_Maria_Maddalena_(Mantegna)",
    "wikidata": "https://www.wikidata.org/wiki/Q1751164",
    "creation_place": "Mantua",
    "creation_lat": 45.1564,
    "creation_lon": 10.7914,
    "_source": {
     "source": "Wikidata",
     "url": "https://www.wikidata.org/wiki/Q1751164",
     "retrieved_at": "2026-08-23"
    },
    "_overrides": {
     "creation": {
      "at": "2026-08-23",
      "source": "derived from start date + Caravaggio's documented itinerary (approximate)"
     }
    },
    "museum_id": "national-gallery",
    "qid": "Q1751164"
   }
  },
  {
   "type": "Feature",
   "geometry": {
    "type": "Point",
    "coordinates": [
     2.3358,
     48.8611
    ]
   },
   "properties": {
    "painter": "Mantegna",
    "title": "St. Sebastian",
    "year": "1480",
    "country": "France",
    "location": "Louvre",
    "kind": "museum",
    "attribution": "generally accepted",
    "status": "present",
    "medium": "Oil on canvas",
    "dimensions": "255 × 140 cm",
    "genre": "religious art",
    "image": "https://commons.wikimedia.org/wiki/Special:FilePath/Andrea%20Mantegna%20088.jpg?width=420",
    "wikipedia_it": "https://it.wikipedia.org/wiki/San_Sebastiano_(Mantegna_Parigi)",
    "wikidata": "https://www.wikidata.org/wiki/Q18565594",
    "creation_place": "Mantua",
    "creation_lat": 45.1564,
    "creation_lon": 10.7914,
    "_source": {
     "source": "Wikidata",
     "url": "https://www.wikidata.org/wiki/Q18565594",
     "retrieved_at": "2026-08-23"
    },
    "_overrides": {
     "creation": {
      "at": "2026-08-23",
      "source": "derived from start date + Caravaggio's documented itinerary (approximate)"
     }
    },
    "museum_id": "louvre",
    "city": "Paris",
    "qid": "Q18565594",
    "wga_url": "https://www.wga.hu/html/m/mantegna/1/stsebast.html"
   }
  },
  {
   "type": "Feature",
   "geometry": {
    "type": "Point",
    "coordinates": [
     11.25528,
     43.76833
    ]
   },
   "properties": {
    "painter": "Mantegna",
    "title": "Triptych",
    "year": "1464",
    "city": "Florence",
    "country": "Italy",
    "location": "Uffizi Gallery",
    "kind": "museum",
    "attribution": "generally accepted",
    "status": "present",
    "medium": "Panel",
    "dimensions": "86 × 161.5 cm",
    "genre": "religious art",
    "image": "https://commons.wikimedia.org/wiki/Special:FilePath/Andrea%20Mantegna%20-%20Trittico%20-%20Google%20Art%20Project.jpg?width=420",
    "wikipedia_es": "https://es.wikipedia.org/wiki/Tr%C3%ADptico_de_los_Uffizi",
    "wikipedia_it": "https://it.wikipedia.org/wiki/Trittico_degli_Uffizi",
    "wikidata": "https://www.wikidata.org/wiki/Q18683109",
    "creation_place": "Mantua",
    "creation_lat": 45.1564,
    "creation_lon": 10.7914,
    "_source": {
     "source": "Wikidata",
     "url": "https://www.wikidata.org/wiki/Q18683109",
     "retrieved_at": "2026-08-23"
    },
    "_overrides": {
     "creation": {
      "at": "2026-08-23",
      "source": "derived from start date + Caravaggio's documented itinerary (approximate)"
     }
    },
    "museum_id": "uffizi-gallery",
    "qid": "Q18683109"
   }
  },
  {
   "type": "Feature",
   "geometry": {
    "type": "Point",
    "coordinates": [
     10.979167,
     45.4425
    ]
   },
   "properties": {
    "painter": "Mantegna",
    "title": "San Zeno Altarpiece",
    "year": "1457-1460",
    "city": "Verona",
    "country": "Italy",
    "location": "Basilica of San Zeno",
    "kind": "church",
    "attribution": "generally accepted",
    "status": "present",
    "medium": "Panel",
    "dimensions": "480 × 450 cm",
    "genre": "religious art",
    "image": "https://commons.wikimedia.org/wiki/Special:FilePath/Verone%20-%20San%20Zeno%20-%20Retable%20de%20Mantegna..jpg?width=420",
    "wikipedia_es": "https://es.wikipedia.org/wiki/Retablo_de_San_Zen%C3%B3n",
    "wikipedia_en": "https://en.wikipedia.org/wiki/San_Zeno_Altarpiece_(Mantegna)",
    "wikipedia_it": "https://it.wikipedia.org/wiki/Pala_di_San_Zeno",
    "wikidata": "https://www.wikidata.org/wiki/Q2066739",
    "creation_place": "Padua",
    "creation_lat": 45.4064,
    "creation_lon": 11.8768,
    "_source": {
     "source": "Wikidata",
     "url": "https://www.wikidata.org/wiki/Q2066739",
     "retrieved_at": "2026-08-23"
    },
    "_overrides": {
     "creation": {
      "at": "2026-08-23",
      "source": "derived from start date + Caravaggio's documented itinerary (approximate)"
     }
    },
    "museum_id": "basilica-of-san-zeno",
    "qid": "Q2066739"
   }
  },
  {
   "type": "Feature",
   "geometry": {
    "type": "Point",
    "coordinates": [
     11.25528,
     43.76833
    ]
   },
   "properties": {
    "painter": "Mantegna",
    "title": "Adoration of the Magi",
    "year": "1463",
    "city": "Florence",
    "country": "Italy",
    "location": "Uffizi Gallery",
    "kind": "museum",
    "attribution": "generally accepted",
    "status": "present",
    "medium": "Panel",
    "dimensions": "86 × 162 cm",
    "genre": "religious art",
    "image": "https://commons.wikimedia.org/wiki/Special:FilePath/Andrea%20Mantegna%20001.jpg?width=420",
    "wikipedia_en": "https://en.wikipedia.org/wiki/Adoration_of_the_Magi_(Mantegna)",
    "wikidata": "https://www.wikidata.org/wiki/Q2405395",
    "creation_place": "Mantua",
    "creation_lat": 45.1564,
    "creation_lon": 10.7914,
    "_source": {
     "source": "Wikidata",
     "url": "https://www.wikidata.org/wiki/Q2405395",
     "retrieved_at": "2026-08-23"
    },
    "_overrides": {
     "creation": {
      "at": "2026-08-23",
      "source": "derived from start date + Caravaggio's documented itinerary (approximate)"
     }
    },
    "museum_id": "uffizi-gallery",
    "qid": "Q2405395",
    "wga_url": "https://www.wga.hu/html/m/mantegna/1/chapel11.html"
   }
  },
  {
   "type": "Feature",
   "geometry": {
    "type": "Point",
    "coordinates": [
     2.3358,
     48.8611
    ]
   },
   "properties": {
    "painter": "Mantegna",
    "title": "Triumph of the Virtues",
    "year": "1487",
    "country": "France",
    "location": "Louvre",
    "kind": "museum",
    "attribution": "generally accepted",
    "status": "present",
    "medium": "Canvas",
    "dimensions": "160 × 192 cm",
    "genre": "mythological painting",
    "image": "https://commons.wikimedia.org/wiki/Special:FilePath/VicesVertusMantegna.jpg?width=420",
    "wikipedia_es": "https://es.wikipedia.org/wiki/Triunfo_de_la_Virtud",
    "wikipedia_en": "https://en.wikipedia.org/wiki/Triumph_of_the_Virtues_(Mantegna)",
    "wikipedia_it": "https://it.wikipedia.org/wiki/Trionfo_della_Virt%C3%B9",
    "wikidata": "https://www.wikidata.org/wiki/Q2413789",
    "creation_place": "Mantua",
    "creation_lat": 45.1564,
    "creation_lon": 10.7914,
    "_source": {
     "source": "Wikidata",
     "url": "https://www.wikidata.org/wiki/Q2413789",
     "retrieved_at": "2026-08-23"
    },
    "_overrides": {
     "creation": {
      "at": "2026-08-23",
      "source": "derived from start date + Caravaggio's documented itinerary (approximate)"
     }
    },
    "museum_id": "louvre",
    "city": "Paris",
    "qid": "Q2413789",
    "wga_url": "https://www.wga.hu/html/m/mantegna/2/pallas.html"
   }
  },
  {
   "type": "Feature",
   "geometry": {
    "type": "Point",
    "coordinates": [
     -0.1283,
     51.5089
    ]
   },
   "properties": {
    "painter": "Mantegna",
    "title": "The Maries at the Sepulchre",
    "year": "1505",
    "city": "London",
    "country": "United Kingdom",
    "location": "National Gallery",
    "kind": "museum",
    "attribution": "attributed",
    "status": "present",
    "dimensions": "42.5 × 31.1 cm",
    "genre": "religious art",
    "image": "https://commons.wikimedia.org/wiki/Special:FilePath/Andrea%20Mantegna%20%28c.1431-1506%29%20%28imitator%20of%29%20-%20The%20Maries%20at%20the%20Sepulchre%20-%20NG1381%20-%20National%20Gallery.jpg?width=420",
    "wikidata": "https://www.wikidata.org/wiki/Q26492748",
    "creation_place": "Mantua",
    "creation_lat": 45.1564,
    "creation_lon": 10.7914,
    "_source": {
     "source": "Wikidata",
     "url": "https://www.wikidata.org/wiki/Q26492748",
     "retrieved_at": "2026-08-23"
    },
    "_overrides": {
     "creation": {
      "at": "2026-08-23",
      "source": "derived from start date + Caravaggio's documented itinerary (approximate)"
     }
    },
    "museum_id": "national-gallery",
    "qid": "Q26492748"
   }
  },
  {
   "type": "Feature",
   "geometry": {
    "type": "Point",
    "coordinates": [
     -0.1283,
     51.5089
    ]
   },
   "properties": {
    "painter": "Mantegna",
    "title": "The Resurrection",
    "year": "1505",
    "city": "London",
    "country": "United Kingdom",
    "location": "National Gallery",
    "kind": "museum",
    "attribution": "attributed",
    "status": "present",
    "dimensions": "42.5 × 31.1 cm",
    "genre": "religious art",
    "image": "https://commons.wikimedia.org/wiki/Special:FilePath/Andrea%20Mantegna%20%28c.1431-1506%29%20%28imitator%20of%29%20-%20The%20Resurrection%20-%20NG1106%20-%20National%20Gallery.jpg?width=420",
    "wikidata": "https://www.wikidata.org/wiki/Q26530926",
    "creation_place": "Mantua",
    "creation_lat": 45.1564,
    "creation_lon": 10.7914,
    "_source": {
     "source": "Wikidata",
     "url": "https://www.wikidata.org/wiki/Q26530926",
     "retrieved_at": "2026-08-23"
    },
    "_overrides": {
     "creation": {
      "at": "2026-08-23",
      "source": "derived from start date + Caravaggio's documented itinerary (approximate)"
     }
    },
    "museum_id": "national-gallery",
    "qid": "Q26530926"
   }
  },
  {
   "type": "Feature",
   "geometry": {
    "type": "Point",
    "coordinates": [
     -0.1283,
     51.5089
    ]
   },
   "properties": {
    "painter": "Mantegna",
    "title": "Noli me Tangere",
    "year": "1505",
    "city": "London",
    "country": "United Kingdom",
    "location": "National Gallery",
    "kind": "museum",
    "attribution": "attributed",
    "status": "present",
    "dimensions": "42.5 × 31.1 cm",
    "genre": "religious art",
    "image": "https://commons.wikimedia.org/wiki/Special:FilePath/Andrea%20Mantegna%20%28c.1431-1506%29%20%28imitator%20of%29%20-%20Noli%20me%20Tangere%20-%20NG639%20-%20National%20Gallery.jpg?width=420",
    "wikidata": "https://www.wikidata.org/wiki/Q26678247",
    "creation_place": "Mantua",
    "creation_lat": 45.1564,
    "creation_lon": 10.7914,
    "_source": {
     "source": "Wikidata",
     "url": "https://www.wikidata.org/wiki/Q26678247",
     "retrieved_at": "2026-08-23"
    },
    "_overrides": {
     "creation": {
      "at": "2026-08-23",
      "source": "derived from start date + Caravaggio's documented itinerary (approximate)"
     }
    },
    "museum_id": "national-gallery",
    "qid": "Q26678247"
   }
  },
  {
   "type": "Feature",
   "geometry": {
    "type": "Point",
    "coordinates": [
     16.3616,
     48.20388
    ]
   },
   "properties": {
    "painter": "Mantegna",
    "title": "Sacrifice of Isaac",
    "year": "1492",
    "city": "Vienna",
    "country": "Austria",
    "location": "Kunsthistorisches Museum",
    "kind": "museum",
    "attribution": "attributed",
    "status": "present",
    "genre": "religious art",
    "image": "https://commons.wikimedia.org/wiki/Special:FilePath/Mantegna%2C%20sacrificio%20di%20isacco.jpg?width=420",
    "wikidata": "https://www.wikidata.org/wiki/Q27982635",
    "creation_place": "Mantua",
    "creation_lat": 45.1564,
    "creation_lon": 10.7914,
    "_source": {
     "source": "Wikidata",
     "url": "https://www.wikidata.org/wiki/Q27982635",
     "retrieved_at": "2026-08-23"
    },
    "_overrides": {
     "creation": {
      "at": "2026-08-23",
      "source": "derived from start date + Caravaggio's documented itinerary (approximate)"
     }
    },
    "museum_id": "kunsthistorisches-museum",
    "qid": "Q27982635"
   }
  },
  {
   "type": "Feature",
   "geometry": {
    "type": "Point",
    "coordinates": [
     16.3616,
     48.20388
    ]
   },
   "properties": {
    "painter": "Mantegna",
    "title": "Q27982636",
    "year": "1492",
    "city": "Vienna",
    "country": "Austria",
    "location": "Kunsthistorisches Museum",
    "kind": "museum",
    "attribution": "attributed",
    "status": "present",
    "genre": "religious art",
    "image": "https://commons.wikimedia.org/wiki/Special:FilePath/Mantegna%20-%20David%20mit%20dem%20Haupt%20des%20Goliath%2C%20um%201490-1495.jpg?width=420",
    "wikidata": "https://www.wikidata.org/wiki/Q27982636",
    "creation_place": "Mantua",
    "creation_lat": 45.1564,
    "creation_lon": 10.7914,
    "_source": {
     "source": "Wikidata",
     "url": "https://www.wikidata.org/wiki/Q27982636",
     "retrieved_at": "2026-08-23"
    },
    "_overrides": {
     "creation": {
      "at": "2026-08-23",
      "source": "derived from start date + Caravaggio's documented itinerary (approximate)"
     }
    },
    "museum_id": "kunsthistorisches-museum",
    "qid": "Q27982636"
   }
  },
  {
   "type": "Feature",
   "geometry": {
    "type": "Point",
    "coordinates": [
     -0.3375,
     51.4034
    ]
   },
   "properties": {
    "painter": "Mantegna",
    "title": "The Triumphs of Caesar: 1. The Picture-Bearers",
    "year": "1488",
    "city": "London Borough of Richmond upon Thames",
    "country": "United Kingdom",
    "location": "Hampton Court Palace",
    "kind": "museum",
    "attribution": "attributed",
    "status": "present",
    "medium": "Canvas",
    "dimensions": "270.3 × 280.7 cm",
    "image": "https://commons.wikimedia.org/wiki/Special:FilePath/Andrea%20Mantegna%20%281431-1506%29%20-%20The%20Triumphs%20of%20Caesar%2C%201.%20The%20Picture-Bearers%20-%20RCIN%20403958%20-%20Royal%20Collection.jpg?width=420",
    "wikidata": "https://www.wikidata.org/wiki/Q28027826",
    "creation_place": "Mantua",
    "creation_lat": 45.1564,
    "creation_lon": 10.7914,
    "_source": {
     "source": "Wikidata",
     "url": "https://www.wikidata.org/wiki/Q28027826",
     "retrieved_at": "2026-08-23"
    },
    "_overrides": {
     "creation": {
      "at": "2026-08-23",
      "source": "derived from start date + Caravaggio's documented itinerary (approximate)"
     }
    },
    "museum_id": "hampton-court-palace",
    "qid": "Q28027826",
    "wga_url": "https://www.wga.hu/html/m/mantegna/2/triumphs.html"
   }
  },
  {
   "type": "Feature",
   "geometry": {
    "type": "Point",
    "coordinates": [
     -0.3375,
     51.4034
    ]
   },
   "properties": {
    "painter": "Mantegna",
    "title": "The Triumphs of Caesar: 2. The Bearers of Standards and Siege Equipment",
    "year": "1488",
    "city": "London Borough of Richmond upon Thames",
    "country": "United Kingdom",
    "location": "Hampton Court Palace",
    "kind": "museum",
    "attribution": "attributed",
    "status": "present",
    "medium": "Canvas",
    "dimensions": "270.3 × 281.1 cm",
    "genre": "history painting",
    "image": "https://commons.wikimedia.org/wiki/Special:FilePath/Andrea%20Mantegna%20%281431-1506%29%20-%20The%20Triumphs%20of%20Caesar%2C%202.%20The%20Bearers%20of%20Standards%20and%20Siege%20Equipment%20-%20RCIN%20403959%20-%20Royal%20Collection.jpg?width=420",
    "wikidata": "https://www.wikidata.org/wiki/Q28027827",
    "creation_place": "Mantua",
    "creation_lat": 45.1564,
    "creation_lon": 10.7914,
    "_source": {
     "source": "Wikidata",
     "url": "https://www.wikidata.org/wiki/Q28027827",
     "retrieved_at": "2026-08-23"
    },
    "_overrides": {
     "creation": {
      "at": "2026-08-23",
      "source": "derived from start date + Caravaggio's documented itinerary (approximate)"
     }
    },
    "museum_id": "hampton-court-palace",
    "qid": "Q28027827"
   }
  },
  {
   "type": "Feature",
   "geometry": {
    "type": "Point",
    "coordinates": [
     -0.3375,
     51.4034
    ]
   },
   "properties": {
    "painter": "Mantegna",
    "title": "The Triumphs of Caesar: 3. The Bearers of Trophies and Bullion",
    "year": "1488",
    "city": "London Borough of Richmond upon Thames",
    "country": "United Kingdom",
    "location": "Hampton Court Palace",
    "kind": "museum",
    "attribution": "attributed",
    "status": "present",
    "medium": "Canvas",
    "dimensions": "270.3 × 280.5 cm",
    "genre": "history painting",
    "image": "https://commons.wikimedia.org/wiki/Special:FilePath/Andrea%20Mantegna%20%281431-1506%29%20-%20The%20Triumphs%20of%20Caesar%2C%203.%20The%20Bearers%20of%20Trophies%20and%20Bullion%20-%20RCIN%20403960%20-%20Royal%20Collection.jpg?width=420",
    "wikidata": "https://www.wikidata.org/wiki/Q28027828",
    "creation_place": "Mantua",
    "creation_lat": 45.1564,
    "creation_lon": 10.7914,
    "_source": {
     "source": "Wikidata",
     "url": "https://www.wikidata.org/wiki/Q28027828",
     "retrieved_at": "2026-08-23"
    },
    "_overrides": {
     "creation": {
      "at": "2026-08-23",
      "source": "derived from start date + Caravaggio's documented itinerary (approximate)"
     }
    },
    "museum_id": "hampton-court-palace",
    "qid": "Q28027828"
   }
  },
  {
   "type": "Feature",
   "geometry": {
    "type": "Point",
    "coordinates": [
     -2.70414,
     52.1677
    ]
   },
   "properties": {
    "painter": "Mantegna",
    "title": "The Triumphs of Caesar: 4. The Vase-Bearers",
    "year": "1488",
    "city": "Hope under Dinmore",
    "country": "United Kingdom",
    "location": "Hampton Castle",
    "kind": "museum",
    "attribution": "attributed",
    "status": "present",
    "dimensions": "269.5 × 280 cm",
    "image": "https://commons.wikimedia.org/wiki/Special:FilePath/Andrea%20Mantegna%20%281431-1506%29%20-%20The%20Triumphs%20of%20Caesar%2C%204.%20The%20Vase-Bearers%20-%20RCIN%20403961%20-%20Royal%20Collection.jpg?width=420",
    "wikidata": "https://www.wikidata.org/wiki/Q28029283",
    "creation_place": "Mantua",
    "creation_lat": 45.1564,
    "creation_lon": 10.7914,
    "_source": {
     "source": "Wikidata",
     "url": "https://www.wikidata.org/wiki/Q28029283",
     "retrieved_at": "2026-08-23"
    },
    "_overrides": {
     "creation": {
      "at": "2026-08-23",
      "source": "derived from start date + Caravaggio's documented itinerary (approximate)"
     }
    },
    "museum_id": "hampton-castle",
    "qid": "Q28029283"
   }
  },
  {
   "type": "Feature",
   "geometry": {
    "type": "Point",
    "coordinates": [
     -2.70414,
     52.1677
    ]
   },
   "properties": {
    "painter": "Mantegna",
    "title": "The Triumphs of Caesar: 5. The Elephants",
    "year": "1488",
    "city": "Hope under Dinmore",
    "country": "United Kingdom",
    "location": "Hampton Castle",
    "kind": "museum",
    "attribution": "attributed",
    "status": "present",
    "dimensions": "270 × 280.7 cm",
    "image": "https://commons.wikimedia.org/wiki/Special:FilePath/Andrea%20Mantegna%20%281431-1506%29%20-%20The%20Triumphs%20of%20Caesar%2C%205.%20The%20Elephants%20-%20RCIN%20403962%20-%20Royal%20Collection.jpg?width=420",
    "wikidata": "https://www.wikidata.org/wiki/Q28029284",
    "creation_place": "Mantua",
    "creation_lat": 45.1564,
    "creation_lon": 10.7914,
    "_source": {
     "source": "Wikidata",
     "url": "https://www.wikidata.org/wiki/Q28029284",
     "retrieved_at": "2026-08-23"
    },
    "_overrides": {
     "creation": {
      "at": "2026-08-23",
      "source": "derived from start date + Caravaggio's documented itinerary (approximate)"
     }
    },
    "museum_id": "hampton-castle",
    "qid": "Q28029284"
   }
  },
  {
   "type": "Feature",
   "geometry": {
    "type": "Point",
    "coordinates": [
     -2.70414,
     52.1677
    ]
   },
   "properties": {
    "painter": "Mantegna",
    "title": "The Triumphs of Caesar: 6. The Corselet-Bearers",
    "year": "1488",
    "city": "Hope under Dinmore",
    "country": "United Kingdom",
    "location": "Hampton Castle",
    "kind": "museum",
    "attribution": "attributed",
    "status": "present",
    "dimensions": "270.8 × 280.4 cm",
    "image": "https://commons.wikimedia.org/wiki/Special:FilePath/Andrea%20Mantegna%20%281431-1506%29%20-%20The%20Triumphs%20of%20Caesar%2C%206.%20The%20Corselet-Bearers%20-%20RCIN%20403963%20-%20Royal%20Collection.jpg?width=420",
    "wikidata": "https://www.wikidata.org/wiki/Q28029286",
    "creation_place": "Mantua",
    "creation_lat": 45.1564,
    "creation_lon": 10.7914,
    "_source": {
     "source": "Wikidata",
     "url": "https://www.wikidata.org/wiki/Q28029286",
     "retrieved_at": "2026-08-23"
    },
    "_overrides": {
     "creation": {
      "at": "2026-08-23",
      "source": "derived from start date + Caravaggio's documented itinerary (approximate)"
     }
    },
    "museum_id": "hampton-castle",
    "qid": "Q28029286"
   }
  },
  {
   "type": "Feature",
   "geometry": {
    "type": "Point",
    "coordinates": [
     -2.70414,
     52.1677
    ]
   },
   "properties": {
    "painter": "Mantegna",
    "title": "The Triumphs of Caesar: 7. The Captives",
    "year": "1488",
    "city": "Hope under Dinmore",
    "country": "United Kingdom",
    "location": "Hampton Castle",
    "kind": "museum",
    "attribution": "attributed",
    "status": "present",
    "dimensions": "270 × 280.2 cm",
    "image": "https://commons.wikimedia.org/wiki/Special:FilePath/Andrea%20Mantegna%20%281431-1506%29%20-%20The%20Triumphs%20of%20Caesar%2C%207.%20The%20Captives%20-%20RCIN%20403964%20-%20Royal%20Collection.jpg?width=420",
    "wikidata": "https://www.wikidata.org/wiki/Q28029288",
    "creation_place": "Mantua",
    "creation_lat": 45.1564,
    "creation_lon": 10.7914,
    "_source": {
     "source": "Wikidata",
     "url": "https://www.wikidata.org/wiki/Q28029288",
     "retrieved_at": "2026-08-23"
    },
    "_overrides": {
     "creation": {
      "at": "2026-08-23",
      "source": "derived from start date + Caravaggio's documented itinerary (approximate)"
     }
    },
    "museum_id": "hampton-castle",
    "qid": "Q28029288"
   }
  },
  {
   "type": "Feature",
   "geometry": {
    "type": "Point",
    "coordinates": [
     -2.70414,
     52.1677
    ]
   },
   "properties": {
    "painter": "Mantegna",
    "title": "The Triumphs of Caesar: 8. The Musicians",
    "year": "1488",
    "city": "Hope under Dinmore",
    "country": "United Kingdom",
    "location": "Hampton Castle",
    "kind": "museum",
    "attribution": "attributed",
    "status": "present",
    "dimensions": "270.2 × 280.5 cm",
    "image": "https://commons.wikimedia.org/wiki/Special:FilePath/Andrea%20Mantegna%20%281431-1506%29%20-%20The%20Triumphs%20of%20Caesar%2C%208.%20The%20Musicians%20-%20RCIN%20403965%20-%20Royal%20Collection.jpg?width=420",
    "wikidata": "https://www.wikidata.org/wiki/Q28029289",
    "creation_place": "Mantua",
    "creation_lat": 45.1564,
    "creation_lon": 10.7914,
    "_source": {
     "source": "Wikidata",
     "url": "https://www.wikidata.org/wiki/Q28029289",
     "retrieved_at": "2026-08-23"
    },
    "_overrides": {
     "creation": {
      "at": "2026-08-23",
      "source": "derived from start date + Caravaggio's documented itinerary (approximate)"
     }
    },
    "museum_id": "hampton-castle",
    "qid": "Q28029289"
   }
  },
  {
   "type": "Feature",
   "geometry": {
    "type": "Point",
    "coordinates": [
     -2.70414,
     52.1677
    ]
   },
   "properties": {
    "painter": "Mantegna",
    "title": "The Triumphs of Caesar: 9. Caesar on his Chariot",
    "year": "1488",
    "city": "Hope under Dinmore",
    "country": "United Kingdom",
    "location": "Hampton Castle",
    "kind": "museum",
    "attribution": "attributed",
    "status": "present",
    "medium": "Canvas",
    "dimensions": "270.4 × 280.7 cm",
    "image": "https://commons.wikimedia.org/wiki/Special:FilePath/Andrea%20Mantegna%20%281431-1506%29%20-%20The%20Triumphs%20of%20Caesar%2C%209.%20Caesar%20on%20his%20Chariot%20-%20RCIN%20403966%20-%20Royal%20Collection.jpg?width=420",
    "wikidata": "https://www.wikidata.org/wiki/Q28029290",
    "creation_place": "Mantua",
    "creation_lat": 45.1564,
    "creation_lon": 10.7914,
    "_source": {
     "source": "Wikidata",
     "url": "https://www.wikidata.org/wiki/Q28029290",
     "retrieved_at": "2026-08-23"
    },
    "_overrides": {
     "creation": {
      "at": "2026-08-23",
      "source": "derived from start date + Caravaggio's documented itinerary (approximate)"
     }
    },
    "museum_id": "hampton-castle",
    "qid": "Q28029290"
   }
  },
  {
   "type": "Feature",
   "geometry": {
    "type": "Point",
    "coordinates": [
     -0.1283,
     51.5089
    ]
   },
   "properties": {
    "painter": "Mantegna",
    "title": "The Introduction of the Cult of Cybele at Rome",
    "year": "1505",
    "city": "London",
    "country": "United Kingdom",
    "location": "National Gallery",
    "kind": "museum",
    "attribution": "generally accepted",
    "status": "present",
    "medium": "Oil on panel",
    "dimensions": "73.5 × 268 cm",
    "genre": "history painting",
    "image": "https://commons.wikimedia.org/wiki/Special:FilePath/Mantegna%2C%20introduzione%20del%20culto%20di%20cibele%20a%20roma.jpg?width=420",
    "wikipedia_es": "https://es.wikipedia.org/wiki/Introducci%C3%B3n_del_culto_de_Cibeles_en_Roma",
    "wikipedia_en": "https://en.wikipedia.org/wiki/The_Introduction_of_the_Cult_of_Cybele_at_Rome",
    "wikipedia_it": "https://it.wikipedia.org/wiki/Introduzione_del_culto_di_Cibele_a_Roma",
    "wikidata": "https://www.wikidata.org/wiki/Q3204269",
    "creation_place": "Mantua",
    "creation_lat": 45.1564,
    "creation_lon": 10.7914,
    "_source": {
     "source": "Wikidata",
     "url": "https://www.wikidata.org/wiki/Q3204269",
     "retrieved_at": "2026-08-23"
    },
    "_overrides": {
     "creation": {
      "at": "2026-08-23",
      "source": "derived from start date + Caravaggio's documented itinerary (approximate)"
     }
    },
    "museum_id": "national-gallery",
    "qid": "Q3204269"
   }
  },
  {
   "type": "Feature",
   "geometry": {
    "type": "Point",
    "coordinates": [
     11.25528,
     43.76833
    ]
   },
   "properties": {
    "painter": "Mantegna",
    "title": "Madonna of the Caves",
    "year": "1489",
    "city": "Florence",
    "country": "Italy",
    "location": "Uffizi Gallery",
    "kind": "museum",
    "attribution": "generally accepted",
    "status": "present",
    "medium": "Panel",
    "dimensions": "29 × 21.5 cm",
    "genre": "religious art",
    "image": "https://commons.wikimedia.org/wiki/Special:FilePath/Andrea%20Mantegna%2C%20Madonna%20of%20the%20Caves%2C%201489%2C%20Uffizi.jpg?width=420",
    "wikipedia_es": "https://es.wikipedia.org/wiki/Madonna_de_la_Cantera",
    "wikipedia_en": "https://en.wikipedia.org/wiki/Madonna_of_the_Caves",
    "wikipedia_it": "https://it.wikipedia.org/wiki/Madonna_delle_Cave",
    "wikidata": "https://www.wikidata.org/wiki/Q3210265",
    "creation_place": "Mantua",
    "creation_lat": 45.1564,
    "creation_lon": 10.7914,
    "_source": {
     "source": "Wikidata",
     "url": "https://www.wikidata.org/wiki/Q3210265",
     "retrieved_at": "2026-08-23"
    },
    "_overrides": {
     "creation": {
      "at": "2026-08-23",
      "source": "derived from start date + Caravaggio's documented itinerary (approximate)"
     }
    },
    "museum_id": "uffizi-gallery",
    "qid": "Q3210265"
   }
  },
  {
   "type": "Feature",
   "geometry": {
    "type": "Point",
    "coordinates": [
     13.36472,
     52.50861
    ]
   },
   "properties": {
    "painter": "Mantegna",
    "title": "Presentation at the Temple",
    "year": "1400",
    "city": "Bezirk Mitte",
    "country": "Germany",
    "location": "Gemäldegalerie Berlin",
    "kind": "museum",
    "attribution": "generally accepted",
    "status": "present",
    "medium": "Canvas",
    "dimensions": "77.1 × 94.4 cm",
    "genre": "religious art",
    "image": "https://commons.wikimedia.org/wiki/Special:FilePath/Andrea%20Mantegna%20%28um%201431%20-%201506%29%20-%20The%20Presentation%20at%20the%20Temple%20-%2029%20-%20Gem%C3%A4ldegalerie.jpg?width=420",
    "wikipedia_es": "https://es.wikipedia.org/wiki/Presentaci%C3%B3n_en_el_Templo_(Andrea_Mantegna)",
    "wikipedia_en": "https://en.wikipedia.org/wiki/Presentation_at_the_Temple_(Mantegna)",
    "wikipedia_it": "https://it.wikipedia.org/wiki/Presentazione_al_Tempio_(Mantegna)",
    "wikidata": "https://www.wikidata.org/wiki/Q3212033",
    "_source": {
     "source": "Wikidata",
     "url": "https://www.wikidata.org/wiki/Q3212033",
     "retrieved_at": "2026-08-23"
    },
    "museum_id": "gemaldegalerie-berlin",
    "qid": "Q3212033",
    "wga_url": "https://www.wga.hu/html/m/mantegna/06/1presen.html"
   }
  },
  {
   "type": "Feature",
   "geometry": {
    "type": "Point",
    "coordinates": [
     11.62106,
     44.84162
    ]
   },
   "properties": {
    "painter": "Mantegna",
    "title": "Christ with the soul of the Virgin",
    "year": "1460-1462",
    "city": "Ferrara",
    "country": "Italy",
    "location": "Palazzo dei Diamanti",
    "kind": "museum",
    "attribution": "generally accepted",
    "status": "present",
    "medium": "Panel",
    "dimensions": "28 × 18 cm",
    "genre": "religious art",
    "image": "https://commons.wikimedia.org/wiki/Special:FilePath/Andrea%20mantegna%2C%20cristo%20con%20l%27animula%20della%20madonna%2C%201462%2C%2003.jpg?width=420",
    "wikipedia_es": "https://es.wikipedia.org/wiki/Cristo_llevando_el_alma_de_la_Virgen",
    "wikipedia_en": "https://en.wikipedia.org/wiki/Christ_Bearing_the_Soul_of_the_Virgin",
    "wikipedia_it": "https://it.wikipedia.org/wiki/Cristo_con_l%27animula_della_Madonna",
    "wikidata": "https://www.wikidata.org/wiki/Q3221334",
    "creation_place": "Mantua",
    "creation_lat": 45.1564,
    "creation_lon": 10.7914,
    "_source": {
     "source": "Wikidata",
     "url": "https://www.wikidata.org/wiki/Q3221334",
     "retrieved_at": "2026-08-23"
    },
    "_overrides": {
     "creation": {
      "at": "2026-08-23",
      "source": "derived from start date + Caravaggio's documented itinerary (approximate)"
     }
    },
    "museum_id": "palazzo-dei-diamanti",
    "qid": "Q3221334"
   }
  },
  {
   "type": "Feature",
   "geometry": {
    "type": "Point",
    "coordinates": [
     12.57861,
     55.68889
    ]
   },
   "properties": {
    "painter": "Mantegna",
    "title": "Christ as the Suffering Redeemer",
    "year": "1488",
    "city": "Copenhagen Municipality",
    "country": "Denmark",
    "location": "Statens Museum for Kunst",
    "kind": "museum",
    "attribution": "generally accepted",
    "status": "present",
    "medium": "Wood",
    "dimensions": "136 × 96.7 cm",
    "genre": "religious art",
    "image": "https://commons.wikimedia.org/wiki/Special:FilePath/Kristus%20som%20den%20lidende%20frelser.jpg?width=420",
    "wikipedia_es": "https://es.wikipedia.org/wiki/Cristo_como_Redentor_Sufriente",
    "wikipedia_en": "https://en.wikipedia.org/wiki/Christ_as_the_Suffering_Redeemer_(Mantegna)",
    "wikipedia_it": "https://it.wikipedia.org/wiki/Cristo_in_piet%C3%A0_sorretto_da_due_angeli_(Mantegna)",
    "wikidata": "https://www.wikidata.org/wiki/Q3221348",
    "creation_place": "Mantua",
    "creation_lat": 45.1564,
    "creation_lon": 10.7914,
    "_source": {
     "source": "Wikidata",
     "url": "https://www.wikidata.org/wiki/Q3221348",
     "retrieved_at": "2026-08-23"
    },
    "_overrides": {
     "creation": {
      "at": "2026-08-23",
      "source": "derived from start date + Caravaggio's documented itinerary (approximate)"
     }
    },
    "museum_id": "statens-museum-for-kunst",
    "qid": "Q3221348"
   }
  },
  {
   "type": "Feature",
   "geometry": {
    "type": "Point",
    "coordinates": [
     2.3358,
     48.8611
    ]
   },
   "properties": {
    "painter": "Mantegna",
    "title": "Parnassus",
    "year": "1500",
    "country": "France",
    "location": "Louvre",
    "kind": "museum",
    "attribution": "generally accepted",
    "status": "present",
    "medium": "Oil on canvas",
    "dimensions": "159 × 192 cm",
    "genre": "mythological painting",
    "image": "https://commons.wikimedia.org/wiki/Special:FilePath/La%20Parnasse%2C%20by%20Andrea%20Mantegna%2C%20from%20C2RMF%20retouched.jpg?width=420",
    "wikipedia_es": "https://es.wikipedia.org/wiki/Parnaso_(Mantegna)",
    "wikipedia_en": "https://en.wikipedia.org/wiki/Parnassus_(Mantegna)",
    "wikipedia_it": "https://it.wikipedia.org/wiki/Parnaso_(Mantegna)",
    "wikidata": "https://www.wikidata.org/wiki/Q3225258",
    "creation_place": "Mantua",
    "creation_lat": 45.1564,
    "creation_lon": 10.7914,
    "_source": {
     "source": "Wikidata",
     "url": "https://www.wikidata.org/wiki/Q3225258",
     "retrieved_at": "2026-08-23"
    },
    "_overrides": {
     "creation": {
      "at": "2026-08-23",
      "source": "derived from start date + Caravaggio's documented itinerary (approximate)"
     }
    },
    "museum_id": "louvre",
    "city": "Paris",
    "qid": "Q3225258",
    "wga_url": "https://www.wga.hu/html/m/mantegna/2/parnassu.html"
   }
  },
  {
   "type": "Feature",
   "geometry": {
    "type": "Point",
    "coordinates": [
     -77.02,
     38.8914
    ]
   },
   "properties": {
    "painter": "Mantegna",
    "title": "Portrait of a Man",
    "year": "1460",
    "city": "Washington",
    "country": "United States",
    "location": "National Gallery of Art",
    "kind": "museum",
    "attribution": "generally accepted",
    "status": "present",
    "medium": "Tempera",
    "dimensions": "24.2 × 19.1 cm",
    "genre": "portrait",
    "image": "https://commons.wikimedia.org/wiki/Special:FilePath/Andrea%20Mantegna%20-%20Portrait%20d%27homme.jpg?width=420",
    "wikipedia_en": "https://en.wikipedia.org/wiki/Portrait_of_a_Man_(Mantegna)",
    "wikipedia_it": "https://it.wikipedia.org/wiki/Ritratto_virile_(Mantegna)",
    "wikidata": "https://www.wikidata.org/wiki/Q3399399",
    "creation_place": "Mantua",
    "creation_lat": 45.1564,
    "creation_lon": 10.7914,
    "_source": {
     "source": "Wikidata",
     "url": "https://www.wikidata.org/wiki/Q3399399",
     "retrieved_at": "2026-08-23"
    },
    "_overrides": {
     "creation": {
      "at": "2026-08-23",
      "source": "derived from start date + Caravaggio's documented itinerary (approximate)"
     }
    },
    "museum_id": "national-gallery-of-art",
    "qid": "Q3399399",
    "wga_url": "https://www.wga.hu/html/m/mantegna/08/1portrai.html"
   }
  },
  {
   "type": "Feature",
   "geometry": {
    "type": "Point",
    "coordinates": [
     9.18028,
     45.46972
    ]
   },
   "properties": {
    "painter": "Mantegna",
    "title": "Trivulzio Madonna",
    "year": "1497",
    "city": "Milan",
    "country": "Italy",
    "location": "Pinacoteca del Castello Sforzesco",
    "kind": "museum",
    "attribution": "generally accepted",
    "status": "present",
    "medium": "Canvas",
    "dimensions": "287 × 214 cm",
    "genre": "religious art",
    "image": "https://commons.wikimedia.org/wiki/Special:FilePath/Andrea%20Mantegna%20-%20Madonna%20in%20Glory%20with%20St.%20John%20the%20Baptist%2C%20St.%20Gregory%20the%20Great%2C%20St.%20Benedict%20and%20St.%20Jerome%20-%201497.jpg?width=420",
    "wikipedia_es": "https://es.wikipedia.org/wiki/Madonna_Trivulzio",
    "wikipedia_en": "https://en.wikipedia.org/wiki/Trivulzio_Madonna",
    "wikipedia_it": "https://it.wikipedia.org/wiki/Pala_Trivulzio",
    "wikidata": "https://www.wikidata.org/wiki/Q3428040",
    "creation_place": "Mantua",
    "creation_lat": 45.1564,
    "creation_lon": 10.7914,
    "_source": {
     "source": "Wikidata",
     "url": "https://www.wikidata.org/wiki/Q3428040",
     "retrieved_at": "2026-08-23"
    },
    "_overrides": {
     "creation": {
      "at": "2026-08-23",
      "source": "derived from start date + Caravaggio's documented itinerary (approximate)"
     }
    },
    "museum_id": "pinacoteca-del-castello-sforzesco",
    "qid": "Q3428040"
   }
  },
  {
   "type": "Feature",
   "geometry": {
    "type": "Point",
    "coordinates": [
     -46.6558,
     -23.5611
    ]
   },
   "properties": {
    "painter": "Mantegna",
    "title": "Saint Jerome in the desert",
    "year": "1449",
    "city": "São Paulo",
    "country": "Brazil",
    "location": "São Paulo Museum of Art",
    "kind": "museum",
    "attribution": "generally accepted",
    "status": "present",
    "medium": "Panel",
    "dimensions": "51 × 40 cm",
    "genre": "religious art",
    "image": "https://commons.wikimedia.org/wiki/Special:FilePath/Mantegna%2C%20Andrea%20-%20Saint%20Jerome%20in%20the%20desert%20-%20MASP.jpg?width=420",
    "wikipedia_en": "https://en.wikipedia.org/wiki/Saint_Jerome_in_the_Wilderness_(Mantegna)",
    "wikipedia_it": "https://it.wikipedia.org/wiki/San_Girolamo_(Mantegna)",
    "wikidata": "https://www.wikidata.org/wiki/Q3463920",
    "creation_place": "Padua",
    "creation_lat": 45.4064,
    "creation_lon": 11.8768,
    "_source": {
     "source": "Wikidata",
     "url": "https://www.wikidata.org/wiki/Q3463920",
     "retrieved_at": "2026-08-23"
    },
    "_overrides": {
     "creation": {
      "at": "2026-08-23",
      "source": "derived from start date + Caravaggio's documented itinerary (approximate)"
     }
    },
    "museum_id": "sao-paulo-museum-of-art",
    "qid": "Q3463920"
   }
  },
  {
   "type": "Feature",
   "geometry": {
    "type": "Point",
    "coordinates": [
     -118.475,
     34.0775
    ]
   },
   "properties": {
    "painter": "Mantegna",
    "title": "The Adoration of the Magi",
    "year": "1495",
    "city": "Los Angeles",
    "country": "United States",
    "location": "Getty Center",
    "kind": "museum",
    "attribution": "generally accepted",
    "status": "present",
    "medium": "Canvas",
    "dimensions": "486 × 656 cm",
    "genre": "religious art",
    "image": "https://commons.wikimedia.org/wiki/Special:FilePath/Mantegna%20Magi.jpg?width=420",
    "wikipedia_es": "https://es.wikipedia.org/wiki/Adoraci%C3%B3n_de_los_Magos_(Andrea_Mantegna)",
    "wikipedia_it": "https://it.wikipedia.org/wiki/Adorazione_dei_Magi_(Mantegna)",
    "wikidata": "https://www.wikidata.org/wiki/Q3605538",
    "creation_place": "Mantua",
    "creation_lat": 45.1564,
    "creation_lon": 10.7914,
    "_source": {
     "source": "Wikidata",
     "url": "https://www.wikidata.org/wiki/Q3605538",
     "retrieved_at": "2026-08-23"
    },
    "_overrides": {
     "creation": {
      "at": "2026-08-23",
      "source": "derived from start date + Caravaggio's documented itinerary (approximate)"
     }
    },
    "museum_id": "getty-center",
    "qid": "Q3605538",
    "wga_url": "https://www.wga.hu/html/m/mantegna/2/magi.html"
   }
  },
  {
   "type": "Feature",
   "geometry": {
    "type": "Point",
    "coordinates": [
     -73.9631,
     40.7794
    ]
   },
   "properties": {
    "painter": "Mantegna",
    "title": "Adoration of the Shepherds",
    "year": "1450",
    "city": "New York",
    "country": "United States",
    "location": "Metropolitan Museum of Art",
    "kind": "museum",
    "attribution": "generally accepted",
    "status": "present",
    "medium": "Canvas",
    "dimensions": "40 × 55.6 cm",
    "genre": "religious art",
    "image": "https://commons.wikimedia.org/wiki/Special:FilePath/Andrea%20Mantegna%20The%20Adoration%20of%20the%20Shepherds.jpg?width=420",
    "wikipedia_es": "https://es.wikipedia.org/wiki/Adoraci%C3%B3n_de_los_Pastores_(Andrea_Mantegna)",
    "wikipedia_en": "https://en.wikipedia.org/wiki/Adoration_of_the_Shepherds_(Mantegna)",
    "wikipedia_it": "https://it.wikipedia.org/wiki/Adorazione_dei_pastori_(Mantegna)",
    "wikidata": "https://www.wikidata.org/wiki/Q3605556",
    "creation_place": "Padua",
    "creation_lat": 45.4064,
    "creation_lon": 11.8768,
    "_source": {
     "source": "Wikidata",
     "url": "https://www.wikidata.org/wiki/Q3605556",
     "retrieved_at": "2026-08-23"
    },
    "_overrides": {
     "creation": {
      "at": "2026-08-23",
      "source": "derived from start date + Caravaggio's documented itinerary (approximate)"
     }
    },
    "museum_id": "metropolitan-museum-of-art",
    "qid": "Q3605556",
    "wga_url": "https://www.wga.hu/html/m/mantegna/1/adoratio.html"
   }
  },
  {
   "type": "Feature",
   "geometry": {
    "type": "Point",
    "coordinates": [
     10.794469,
     45.159011
    ]
   },
   "properties": {
    "painter": "Mantegna",
    "title": "Baptism of Christ",
    "year": "1506",
    "city": "Mantua",
    "country": "Italy",
    "location": "Basilica of Sant'Andrea",
    "kind": "church",
    "attribution": "generally accepted",
    "status": "present",
    "medium": "Canvas",
    "dimensions": "228 × 175 cm",
    "genre": "religious art",
    "image": "https://commons.wikimedia.org/wiki/Special:FilePath/Mantegna%2C%20battesimo%20di%20cristo%2C%201506.jpg?width=420",
    "wikipedia_en": "https://en.wikipedia.org/wiki/Baptism_of_Christ_(Mantegna)",
    "wikipedia_it": "https://it.wikipedia.org/wiki/Battesimo_di_Cristo_(Mantegna)",
    "wikidata": "https://www.wikidata.org/wiki/Q3636744",
    "creation_place": "Mantua",
    "creation_lat": 45.1564,
    "creation_lon": 10.7914,
    "_source": {
     "source": "Wikidata",
     "url": "https://www.wikidata.org/wiki/Q3636744",
     "retrieved_at": "2026-08-23"
    },
    "_overrides": {
     "creation": {
      "at": "2026-08-23",
      "source": "derived from start date + Caravaggio's documented itinerary (approximate)"
     }
    },
    "museum_id": "basilica-of-sant-andrea",
    "qid": "Q3636744"
   }
  },
  {
   "type": "Feature",
   "geometry": {
    "type": "Point",
    "coordinates": [
     10.78019,
     44.77036
    ]
   },
   "properties": {
    "painter": "Mantegna",
    "title": "Christ the Redeemer",
    "year": "1493",
    "city": "Correggio",
    "country": "Italy",
    "location": "Civic Museum il Correggio",
    "kind": "museum",
    "attribution": "generally accepted",
    "status": "present",
    "medium": "Canvas",
    "dimensions": "53 × 43 cm",
    "genre": "religious art",
    "image": "https://commons.wikimedia.org/wiki/Special:FilePath/Mantegna%2C%20redentore%20a%20correggio.jpg?width=420",
    "wikipedia_en": "https://en.wikipedia.org/wiki/Christ_the_Redeemer_(Mantegna)",
    "wikipedia_it": "https://it.wikipedia.org/wiki/Cristo_Redentore_(Mantegna)",
    "wikidata": "https://www.wikidata.org/wiki/Q3697586",
    "creation_place": "Mantua",
    "creation_lat": 45.1564,
    "creation_lon": 10.7914,
    "_source": {
     "source": "Wikidata",
     "url": "https://www.wikidata.org/wiki/Q3697586",
     "retrieved_at": "2026-08-23"
    },
    "_overrides": {
     "creation": {
      "at": "2026-08-23",
      "source": "derived from start date + Caravaggio's documented itinerary (approximate)"
     }
    },
    "museum_id": "civic-museum-il-correggio",
    "qid": "Q3697586"
   }
  },
  {
   "type": "Feature",
   "geometry": {
    "type": "Point",
    "coordinates": [
     10.99278,
     45.43861
    ]
   },
   "properties": {
    "painter": "Mantegna",
    "title": "Crucifixion",
    "year": "1456-1457",
    "city": "Province of Verona",
    "country": "Italy",
    "location": "Verona",
    "kind": "museum",
    "attribution": "generally accepted",
    "status": "present",
    "medium": "Oil on panel",
    "dimensions": "76 × 96 cm",
    "genre": "religious art",
    "image": "https://commons.wikimedia.org/wiki/Special:FilePath/Crucifixion%20-%20Andrea%20Mantegna%20-%20Louvre%20INV%20368.jpg?width=420",
    "wikipedia_en": "https://en.wikipedia.org/wiki/Crucifixion_(Mantegna)",
    "wikipedia_it": "https://it.wikipedia.org/wiki/Crocifissione_(Mantegna)",
    "wikidata": "https://www.wikidata.org/wiki/Q3698197",
    "creation_place": "Padua",
    "creation_lat": 45.4064,
    "creation_lon": 11.8768,
    "_source": {
     "source": "Wikidata",
     "url": "https://www.wikidata.org/wiki/Q3698197",
     "retrieved_at": "2026-08-23"
    },
    "_overrides": {
     "creation": {
      "at": "2026-08-23",
      "source": "derived from start date + Caravaggio's documented itinerary (approximate)"
     }
    },
    "museum_id": "verona",
    "qid": "Q3698197",
    "wga_url": "https://www.wga.hu/html/m/mantegna/1/sanzenop.html"
   }
  },
  {
   "type": "Feature",
   "geometry": {
    "type": "Point",
    "coordinates": [
     -73.5801,
     45.4987
    ]
   },
   "properties": {
    "painter": "Mantegna",
    "title": "Dido",
    "year": "1495",
    "city": "Montreal",
    "country": "Canada",
    "location": "Montreal Museum of Fine Arts",
    "kind": "museum",
    "attribution": "generally accepted",
    "status": "present",
    "medium": "Panel",
    "dimensions": "65.3 × 31.4 cm",
    "genre": "mythological painting",
    "image": "https://commons.wikimedia.org/wiki/Special:FilePath/Mantegna%2C%20didone.jpg?width=420",
    "wikipedia_it": "https://it.wikipedia.org/wiki/Didone_(Mantegna)",
    "wikidata": "https://www.wikidata.org/wiki/Q3707031",
    "creation_place": "Mantua",
    "creation_lat": 45.1564,
    "creation_lon": 10.7914,
    "_source": {
     "source": "Wikidata",
     "url": "https://www.wikidata.org/wiki/Q3707031",
     "retrieved_at": "2026-08-23"
    },
    "_overrides": {
     "creation": {
      "at": "2026-08-23",
      "source": "derived from start date + Caravaggio's documented itinerary (approximate)"
     }
    },
    "museum_id": "montreal-museum-of-fine-arts",
    "qid": "Q3707031"
   }
  },
  {
   "type": "Feature",
   "geometry": {
    "type": "Point",
    "coordinates": [
     -77.02,
     38.8914
    ]
   },
   "properties": {
    "painter": "Mantegna",
    "title": "Infant Savior",
    "year": "1455",
    "city": "Washington",
    "country": "United States",
    "location": "National Gallery of Art",
    "kind": "museum",
    "attribution": "generally accepted",
    "status": "present",
    "medium": "Canvas",
    "dimensions": "70.2 × 34.3 cm",
    "genre": "religious art",
    "image": "https://commons.wikimedia.org/wiki/Special:FilePath/Mantegna%2C%20bambino%20benedicente%2C%20washington.jpg?width=420",
    "wikipedia_en": "https://en.wikipedia.org/wiki/Christ_Child_Blessing",
    "wikipedia_it": "https://it.wikipedia.org/wiki/Ges%C3%B9_bambino_benedicente",
    "wikidata": "https://www.wikidata.org/wiki/Q3761425",
    "creation_place": "Padua",
    "creation_lat": 45.4064,
    "creation_lon": 11.8768,
    "_source": {
     "source": "Wikidata",
     "url": "https://www.wikidata.org/wiki/Q3761425",
     "retrieved_at": "2026-08-23"
    },
    "_overrides": {
     "creation": {
      "at": "2026-08-23",
      "source": "derived from start date + Caravaggio's documented itinerary (approximate)"
     }
    },
    "museum_id": "national-gallery-of-art",
    "qid": "Q3761425"
   }
  },
  {
   "type": "Feature",
   "geometry": {
    "type": "Point",
    "coordinates": [
     -73.5801,
     45.4987
    ]
   },
   "properties": {
    "painter": "Mantegna",
    "title": "Judith",
    "year": "1495",
    "city": "Montreal",
    "country": "Canada",
    "location": "Montreal Museum of Fine Arts",
    "kind": "museum",
    "attribution": "generally accepted",
    "status": "present",
    "medium": "Tempera, walnut panel",
    "dimensions": "65 × 31 cm",
    "genre": "religious art",
    "image": "https://commons.wikimedia.org/wiki/Special:FilePath/Mantegna%2C%20giuditta%20di%20montreal.jpg?width=420",
    "wikipedia_it": "https://it.wikipedia.org/wiki/Giuditta_(Mantegna)",
    "wikidata": "https://www.wikidata.org/wiki/Q3769156",
    "creation_place": "Mantua",
    "creation_lat": 45.1564,
    "creation_lon": 10.7914,
    "_source": {
     "source": "Wikidata",
     "url": "https://www.wikidata.org/wiki/Q3769156",
     "retrieved_at": "2026-08-23"
    },
    "_overrides": {
     "creation": {
      "at": "2026-08-23",
      "source": "derived from start date + Caravaggio's documented itinerary (approximate)"
     }
    },
    "museum_id": "montreal-museum-of-fine-arts",
    "qid": "Q3769156"
   }
  },
  {
   "type": "Feature",
   "geometry": {
    "type": "Point",
    "coordinates": [
     -6.25255,
     53.34091
    ]
   },
   "properties": {
    "painter": "Mantegna",
    "title": "Judith with the Head of Holofernes",
    "year": "1497",
    "city": "Dublin",
    "country": "Ireland",
    "location": "National Gallery of Ireland",
    "kind": "museum",
    "attribution": "generally accepted",
    "status": "present",
    "medium": "Panel",
    "dimensions": "48.1 × 36.7 cm",
    "genre": "religious art",
    "image": "https://commons.wikimedia.org/wiki/Special:FilePath/Mantegna%2C%20giuditta%20di%20dublino.jpg?width=420",
    "wikipedia_en": "https://en.wikipedia.org/wiki/Judith_with_the_Head_of_Holofernes_(Mantegna,_Dublin)",
    "wikipedia_it": "https://it.wikipedia.org/wiki/Giuditta_con_la_testa_di_Oloferne_(Mantegna)",
    "wikidata": "https://www.wikidata.org/wiki/Q3769174",
    "creation_place": "Mantua",
    "creation_lat": 45.1564,
    "creation_lon": 10.7914,
    "_source": {
     "source": "Wikidata",
     "url": "https://www.wikidata.org/wiki/Q3769174",
     "retrieved_at": "2026-08-23"
    },
    "_overrides": {
     "creation": {
      "at": "2026-08-23",
      "source": "derived from start date + Caravaggio's documented itinerary (approximate)"
     }
    },
    "museum_id": "national-gallery-of-ireland",
    "qid": "Q3769174"
   }
  },
  {
   "type": "Feature",
   "geometry": {
    "type": "Point",
    "coordinates": [
     -77.02,
     38.8914
    ]
   },
   "properties": {
    "painter": "Mantegna",
    "title": "Judith and Holofernes",
    "year": "1495",
    "city": "Washington",
    "country": "United States",
    "location": "National Gallery of Art",
    "kind": "museum",
    "attribution": "generally accepted",
    "status": "present",
    "medium": "Oil on panel",
    "dimensions": "30.1 × 18.1 cm",
    "genre": "religious art",
    "image": "https://commons.wikimedia.org/wiki/Special:FilePath/Andrea%20Mantegna%20099.jpg?width=420",
    "wikipedia_es": "https://es.wikipedia.org/wiki/Judit_y_su_sirvienta_con_la_cabeza_de_Holofernes",
    "wikipedia_en": "https://en.wikipedia.org/wiki/Judith_with_the_Head_of_Holofernes_(Mantegna,_Washington)",
    "wikipedia_it": "https://it.wikipedia.org/wiki/Giuditta_e_l%27ancella_con_la_testa_di_Oloferne",
    "wikidata": "https://www.wikidata.org/wiki/Q3769182",
    "creation_place": "Mantua",
    "creation_lat": 45.1564,
    "creation_lon": 10.7914,
    "_source": {
     "source": "Wikidata",
     "url": "https://www.wikidata.org/wiki/Q3769182",
     "retrieved_at": "2026-08-23"
    },
    "_overrides": {
     "creation": {
      "at": "2026-08-23",
      "source": "derived from start date + Caravaggio's documented itinerary (approximate)"
     }
    },
    "museum_id": "national-gallery-of-art",
    "qid": "Q3769182",
    "wga_url": "https://www.wga.hu/html/m/mantegna/2/judith.html"
   }
  },
  {
   "type": "Feature",
   "geometry": {
    "type": "Point",
    "coordinates": [
     -73.9631,
     40.7794
    ]
   },
   "properties": {
    "painter": "Mantegna",
    "title": "The Holy Family with Saint Mary Magdalen",
    "year": "1495",
    "city": "New York",
    "country": "United States",
    "location": "Metropolitan Museum of Art",
    "kind": "museum",
    "attribution": "generally accepted",
    "status": "present",
    "medium": "Tempera",
    "dimensions": "22.5 × 18 cm",
    "genre": "religious art",
    "image": "https://commons.wikimedia.org/wiki/Special:FilePath/The%20Holy%20Family%20with%20Saint%20Mary%20Magdalen%20MET%20DP213852.jpg?width=420",
    "wikipedia_es": "https://es.wikipedia.org/wiki/Madonna_Altman",
    "wikipedia_en": "https://en.wikipedia.org/wiki/Altman_Madonna",
    "wikipedia_it": "https://it.wikipedia.org/wiki/Madonna_Altman",
    "wikidata": "https://www.wikidata.org/wiki/Q3842383",
    "creation_place": "Mantua",
    "creation_lat": 45.1564,
    "creation_lon": 10.7914,
    "_source": {
     "source": "Wikidata",
     "url": "https://www.wikidata.org/wiki/Q3842383",
     "retrieved_at": "2026-08-23"
    },
    "_overrides": {
     "creation": {
      "at": "2026-08-23",
      "source": "derived from start date + Caravaggio's documented itinerary (approximate)"
     }
    },
    "museum_id": "metropolitan-museum-of-art",
    "qid": "Q3842383"
   }
  },
  {
   "type": "Feature",
   "geometry": {
    "type": "Point",
    "coordinates": [
     -73.9631,
     40.7794
    ]
   },
   "properties": {
    "painter": "Mantegna",
    "title": "Virgin and Child",
    "year": "1460",
    "city": "New York",
    "country": "United States",
    "location": "Metropolitan Museum of Art",
    "kind": "museum",
    "attribution": "generally accepted",
    "status": "present",
    "medium": "Panel",
    "dimensions": "44.1 × 28.6 cm",
    "genre": "religious art",
    "image": "https://commons.wikimedia.org/wiki/Special:FilePath/Mantegna%2C%20madonna%20butler.jpg?width=420",
    "wikipedia_en": "https://en.wikipedia.org/wiki/Butler_Madonna",
    "wikipedia_it": "https://it.wikipedia.org/wiki/Madonna_Butler",
    "wikidata": "https://www.wikidata.org/wiki/Q3842392",
    "creation_place": "Mantua",
    "creation_lat": 45.1564,
    "creation_lon": 10.7914,
    "_source": {
     "source": "Wikidata",
     "url": "https://www.wikidata.org/wiki/Q3842392",
     "retrieved_at": "2026-08-23"
    },
    "_overrides": {
     "creation": {
      "at": "2026-08-23",
      "source": "derived from start date + Caravaggio's documented itinerary (approximate)"
     }
    },
    "museum_id": "metropolitan-museum-of-art",
    "qid": "Q3842392"
   }
  },
  {
   "type": "Feature",
   "geometry": {
    "type": "Point",
    "coordinates": [
     9.19158,
     45.46866
    ]
   },
   "properties": {
    "painter": "Mantegna",
    "title": "Virgin and Child",
    "year": "1490",
    "city": "Milan",
    "country": "Italy",
    "location": "Museo Poldi Pezzoli",
    "kind": "museum",
    "attribution": "generally accepted",
    "status": "present",
    "medium": "Tempera",
    "dimensions": "45.2 × 35.5 cm",
    "genre": "religious art",
    "image": "https://commons.wikimedia.org/wiki/Special:FilePath/Mantegna%2C%20madonna%20poldi%20pezzoli.jpg?width=420",
    "wikipedia_es": "https://es.wikipedia.org/wiki/Madonna_Poldi_Pezzoli",
    "wikipedia_en": "https://en.wikipedia.org/wiki/Poldi_Pezzoli_Madonna",
    "wikipedia_it": "https://it.wikipedia.org/wiki/Madonna_Poldi_Pezzoli",
    "wikidata": "https://www.wikidata.org/wiki/Q3842421",
    "creation_place": "Mantua",
    "creation_lat": 45.1564,
    "creation_lon": 10.7914,
    "_source": {
     "source": "Wikidata",
     "url": "https://www.wikidata.org/wiki/Q3842421",
     "retrieved_at": "2026-08-23"
    },
    "_overrides": {
     "creation": {
      "at": "2026-08-23",
      "source": "derived from start date + Caravaggio's documented itinerary (approximate)"
     }
    },
    "museum_id": "museo-poldi-pezzoli",
    "qid": "Q3842421",
    "wga_url": "https://www.wga.hu/html/m/mantegna/2/virgin_c.html"
   }
  },
  {
   "type": "Feature",
   "geometry": {
    "type": "Point",
    "coordinates": [
     2.31051,
     48.87543
    ]
   },
   "properties": {
    "painter": "Mantegna",
    "title": "Madonna with child and three saints",
    "year": "1490",
    "city": "Paris",
    "country": "France",
    "location": "Musée Jacquemart André",
    "kind": "museum",
    "attribution": "generally accepted",
    "status": "present",
    "medium": "Oil on canvas",
    "dimensions": "61 × 44 cm",
    "genre": "religious art",
    "image": "https://commons.wikimedia.org/wiki/Special:FilePath/Andrea%20Mantegna%20-%20La%20Vierge%20et%20l%27Enfant.jpg?width=420",
    "wikipedia_en": "https://en.wikipedia.org/wiki/Madonna_and_Child_with_Three_Saints_(Mantegna)",
    "wikipedia_it": "https://it.wikipedia.org/wiki/Madonna_col_Bambino,_due_santi_e_una_santa",
    "wikidata": "https://www.wikidata.org/wiki/Q3842434",
    "creation_place": "Mantua",
    "creation_lat": 45.1564,
    "creation_lon": 10.7914,
    "_source": {
     "source": "Wikidata",
     "url": "https://www.wikidata.org/wiki/Q3842434",
     "retrieved_at": "2026-08-23"
    },
    "_overrides": {
     "creation": {
      "at": "2026-08-23",
      "source": "derived from start date + Caravaggio's documented itinerary (approximate)"
     }
    },
    "museum_id": "musee-jacquemart-andre",
    "qid": "Q3842434"
   }
  },
  {
   "type": "Feature",
   "geometry": {
    "type": "Point",
    "coordinates": [
     9.6758,
     45.7042
    ]
   },
   "properties": {
    "painter": "Mantegna",
    "title": "Virgin and Child",
    "year": "1490",
    "city": "Bergamo",
    "country": "Italy",
    "location": "Accademia Carrara",
    "kind": "museum",
    "attribution": "generally accepted",
    "status": "present",
    "medium": "Canvas",
    "dimensions": "43 × 31 cm",
    "genre": "religious art",
    "image": "https://commons.wikimedia.org/wiki/Special:FilePath/Mantegna%2C%20madonna%20dell%27accademia%20carrara%20di%20bergamo.jpg?width=420",
    "wikipedia_es": "https://es.wikipedia.org/wiki/Virgen_con_el_Ni%C3%B1o_(Mantegna,_B%C3%A9rgamo)",
    "wikipedia_en": "https://en.wikipedia.org/wiki/Madonna_and_Child_(Mantegna,_Bergamo)",
    "wikipedia_it": "https://it.wikipedia.org/wiki/Madonna_col_Bambino_(Mantegna_Bergamo)",
    "wikidata": "https://www.wikidata.org/wiki/Q3842487",
    "creation_place": "Mantua",
    "creation_lat": 45.1564,
    "creation_lon": 10.7914,
    "_source": {
     "source": "Wikidata",
     "url": "https://www.wikidata.org/wiki/Q3842487",
     "retrieved_at": "2026-08-23"
    },
    "_overrides": {
     "creation": {
      "at": "2026-08-23",
      "source": "derived from start date + Caravaggio's documented itinerary (approximate)"
     }
    },
    "museum_id": "accademia-carrara",
    "qid": "Q3842487",
    "wga_url": "https://www.wga.hu/html/m/mantegna/2/madonna.html"
   }
  },
  {
   "type": "Feature",
   "geometry": {
    "type": "Point",
    "coordinates": [
     13.39472,
     52.52194
    ]
   },
   "properties": {
    "painter": "Mantegna",
    "title": "Madonna and sleeping child",
    "year": "1457",
    "city": "Berlin",
    "country": "Germany",
    "location": "Bode Museum",
    "kind": "museum",
    "attribution": "generally accepted",
    "status": "present",
    "medium": "Canvas",
    "dimensions": "48.4 × 32.2 cm",
    "genre": "religious art",
    "image": "https://commons.wikimedia.org/wiki/Special:FilePath/Andrea%20Mantegna%20108.jpg?width=420",
    "wikipedia_es": "https://es.wikipedia.org/wiki/Virgen_con_el_Ni%C3%B1o_dormido_(Andrea_Mantegna)",
    "wikipedia_en": "https://en.wikipedia.org/wiki/Madonna_with_Sleeping_Child_(Mantegna)",
    "wikipedia_it": "https://it.wikipedia.org/wiki/Madonna_col_Bambino_dormiente_(Mantegna)",
    "wikidata": "https://www.wikidata.org/wiki/Q3842501",
    "creation_place": "Padua",
    "creation_lat": 45.4064,
    "creation_lon": 11.8768,
    "_source": {
     "source": "Wikidata",
     "url": "https://www.wikidata.org/wiki/Q3842501",
     "retrieved_at": "2026-08-23"
    },
    "_overrides": {
     "creation": {
      "at": "2026-08-23",
      "source": "derived from start date + Caravaggio's documented itinerary (approximate)"
     }
    },
    "museum_id": "bode-museum",
    "qid": "Q3842501",
    "wga_url": "https://www.wga.hu/html/m/mantegna/1/virgin_c.html"
   }
  },
  {
   "type": "Feature",
   "geometry": {
    "type": "Point",
    "coordinates": [
     2.31051,
     48.87543
    ]
   },
   "properties": {
    "painter": "Mantegna",
    "title": "Madonna and Child with saints Jerome and Louis",
    "year": "1455",
    "city": "Paris",
    "country": "France",
    "location": "Musée Jacquemart André",
    "kind": "museum",
    "attribution": "generally accepted",
    "status": "present",
    "medium": "Panel",
    "dimensions": "67 × 43 cm",
    "genre": "religious art",
    "image": "https://commons.wikimedia.org/wiki/Special:FilePath/Mantegna%2C%20Madonna%20col%20Bambino%20e%20i%20santi%20Gerolamo%20e%20Ludovico%2C%201455%20circa.jpg?width=420",
    "wikipedia_es": "https://es.wikipedia.org/wiki/Virgen_con_el_Ni%C3%B1o_con_San_Jer%C3%B3nimo_y_San_Luis_de_Tolosa",
    "wikipedia_en": "https://en.wikipedia.org/wiki/Madonna_and_Child_with_Saint_Jerome_and_Saint_Louis_of_Toulouse",
    "wikipedia_it": "https://it.wikipedia.org/wiki/Madonna_col_Bambino_e_i_santi_Girolamo_e_Ludovico",
    "wikidata": "https://www.wikidata.org/wiki/Q3842511",
    "creation_place": "Padua",
    "creation_lat": 45.4064,
    "creation_lon": 11.8768,
    "_source": {
     "source": "Wikidata",
     "url": "https://www.wikidata.org/wiki/Q3842511",
     "retrieved_at": "2026-08-23"
    },
    "_overrides": {
     "creation": {
      "at": "2026-08-23",
      "source": "derived from start date + Caravaggio's documented itinerary (approximate)"
     }
    },
    "museum_id": "musee-jacquemart-andre",
    "qid": "Q3842511"
   }
  },
  {
   "type": "Feature",
   "geometry": {
    "type": "Point",
    "coordinates": [
     7.68618,
     45.07412
    ]
   },
   "properties": {
    "painter": "Mantegna",
    "title": "Virgin and Child with Saints",
    "year": "1500",
    "city": "Turin",
    "country": "Italy",
    "location": "Galleria Sabauda",
    "kind": "museum",
    "attribution": "generally accepted",
    "status": "present",
    "medium": "Panel",
    "dimensions": "61.5 × 87.5 cm",
    "genre": "religious art",
    "image": "https://commons.wikimedia.org/wiki/Special:FilePath/Mantegna%2C%20madonna%20e%20santi%2C%20galleria%20sabauda.jpg?width=420",
    "wikipedia_en": "https://en.wikipedia.org/wiki/Madonna_and_Child_with_Saints_(Mantegna)",
    "wikipedia_it": "https://it.wikipedia.org/wiki/Madonna_col_Bambino_e_santi_(Mantegna)",
    "wikidata": "https://www.wikidata.org/wiki/Q3842529",
    "creation_place": "Mantua",
    "creation_lat": 45.1564,
    "creation_lon": 10.7914,
    "_source": {
     "source": "Wikidata",
     "url": "https://www.wikidata.org/wiki/Q3842529",
     "retrieved_at": "2026-08-23"
    },
    "_overrides": {
     "creation": {
      "at": "2026-08-23",
      "source": "derived from start date + Caravaggio's documented itinerary (approximate)"
     }
    },
    "museum_id": "galleria-sabauda",
    "qid": "Q3842529"
   }
  },
  {
   "type": "Feature",
   "geometry": {
    "type": "Point",
    "coordinates": [
     11.879788,
     45.410566
    ]
   },
   "properties": {
    "painter": "Mantegna",
    "title": "Martyrdom and transport of the decapitated body of St. Christopher",
    "year": "1454",
    "city": "Padua",
    "country": "Italy",
    "location": "Church of the Eremitani",
    "kind": "church",
    "attribution": "generally accepted",
    "status": "present",
    "medium": "Fresco",
    "genre": "religious art",
    "image": "https://commons.wikimedia.org/wiki/Special:FilePath/Cappella%20Ovetari.jpg?width=420",
    "wikipedia_it": "https://it.wikipedia.org/wiki/Martirio_e_trasporto_del_corpo_decapitato_di_san_Cristoforo",
    "wikidata": "https://www.wikidata.org/wiki/Q3850320",
    "creation_place": "Padua",
    "creation_lat": 45.4064,
    "creation_lon": 11.8768,
    "_source": {
     "source": "Wikidata",
     "url": "https://www.wikidata.org/wiki/Q3850320",
     "retrieved_at": "2026-08-23"
    },
    "_overrides": {
     "creation": {
      "at": "2026-08-23",
      "source": "derived from start date + Caravaggio's documented itinerary (approximate)"
     }
    },
    "museum_id": "church-of-the-eremitani",
    "qid": "Q3850320"
   }
  },
  {
   "type": "Feature",
   "geometry": {
    "type": "Point",
    "coordinates": [
     0.6949,
     47.3952
    ]
   },
   "properties": {
    "painter": "Mantegna",
    "title": "Agony in the Garden",
    "year": "1459",
    "city": "Tours",
    "country": "France",
    "location": "Musée des Beaux-Arts de Tours",
    "kind": "museum",
    "attribution": "generally accepted",
    "status": "present",
    "medium": "Panel",
    "dimensions": "71.1 × 93.7 cm",
    "genre": "religious art",
    "image": "https://commons.wikimedia.org/wiki/Special:FilePath/Andrea%20Mantegna%20022.jpg?width=420",
    "wikipedia_es": "https://es.wikipedia.org/wiki/Oraci%C3%B3n_en_el_huerto_(Andrea_Mantegna,_Tours)",
    "wikipedia_en": "https://en.wikipedia.org/wiki/Agony_in_the_Garden_(Mantegna,_Tours)",
    "wikipedia_it": "https://it.wikipedia.org/wiki/Orazione_nell%27orto_(Mantegna_Tours)",
    "wikidata": "https://www.wikidata.org/wiki/Q3884943",
    "creation_place": "Padua",
    "creation_lat": 45.4064,
    "creation_lon": 11.8768,
    "_source": {
     "source": "Wikidata",
     "url": "https://www.wikidata.org/wiki/Q3884943",
     "retrieved_at": "2026-08-23"
    },
    "_overrides": {
     "creation": {
      "at": "2026-08-23",
      "source": "derived from start date + Caravaggio's documented itinerary (approximate)"
     }
    },
    "museum_id": "musee-des-beaux-arts-de-tours",
    "qid": "Q3884943"
   }
  },
  {
   "type": "Feature",
   "geometry": {
    "type": "Point",
    "coordinates": [
     -0.1283,
     51.5089
    ]
   },
   "properties": {
    "painter": "Mantegna",
    "title": "The Agony in the Garden",
    "year": "1450",
    "city": "London",
    "country": "United Kingdom",
    "location": "National Gallery",
    "kind": "museum",
    "attribution": "generally accepted",
    "status": "present",
    "medium": "Panel",
    "dimensions": "62.9 × 80 cm",
    "genre": "religious art",
    "image": "https://commons.wikimedia.org/wiki/Special:FilePath/Andrea%20Mantegna%20036.jpg?width=420",
    "wikipedia_es": "https://es.wikipedia.org/wiki/Cristo_en_el_Monte_de_los_Olivos_(Mantegna)",
    "wikipedia_en": "https://en.wikipedia.org/wiki/Agony_in_the_Garden_(Mantegna,_London)",
    "wikipedia_it": "https://it.wikipedia.org/wiki/Orazione_nell%27orto_(Mantegna_Londra)",
    "wikidata": "https://www.wikidata.org/wiki/Q3884945",
    "creation_place": "Padua",
    "creation_lat": 45.4064,
    "creation_lon": 11.8768,
    "_source": {
     "source": "Wikidata",
     "url": "https://www.wikidata.org/wiki/Q3884945",
     "retrieved_at": "2026-08-23"
    },
    "_overrides": {
     "creation": {
      "at": "2026-08-23",
      "source": "derived from start date + Caravaggio's documented itinerary (approximate)"
     }
    },
    "museum_id": "national-gallery",
    "qid": "Q3884945",
    "wga_url": "https://www.wga.hu/html/m/mantegna/03/7agony.html"
   }
  },
  {
   "type": "Feature",
   "geometry": {
    "type": "Point",
    "coordinates": [
     9.19158,
     45.46866
    ]
   },
   "properties": {
    "painter": "Mantegna",
    "title": "Profile of a Man (Mantegna)",
    "year": "1460",
    "city": "Milan",
    "country": "Italy",
    "location": "Museo Poldi Pezzoli",
    "kind": "museum",
    "attribution": "generally accepted",
    "status": "present",
    "medium": "Panel",
    "dimensions": "32.3 × 28.8 cm",
    "genre": "portrait",
    "image": "https://commons.wikimedia.org/wiki/Special:FilePath/Andrea%20Mantegna%20114.jpg?width=420",
    "wikipedia_es": "https://es.wikipedia.org/wiki/Retrato_de_un_hombre_anciano",
    "wikipedia_en": "https://en.wikipedia.org/wiki/Profile_of_a_Man_(Mantegna)",
    "wikipedia_it": "https://it.wikipedia.org/wiki/Profilo_d%27uomo",
    "wikidata": "https://www.wikidata.org/wiki/Q3922632",
    "creation_place": "Mantua",
    "creation_lat": 45.1564,
    "creation_lon": 10.7914,
    "_source": {
     "source": "Wikidata",
     "url": "https://www.wikidata.org/wiki/Q3922632",
     "retrieved_at": "2026-08-23"
    },
    "_overrides": {
     "creation": {
      "at": "2026-08-23",
      "source": "derived from start date + Caravaggio's documented itinerary (approximate)"
     }
    },
    "museum_id": "museo-poldi-pezzoli",
    "qid": "Q3922632",
    "wga_url": "https://www.wga.hu/html/m/mantegna/03/2portrai.html"
   }
  },
  {
   "type": "Feature",
   "geometry": {
    "type": "Point",
    "coordinates": [
     2.3358,
     48.8611
    ]
   },
   "properties": {
    "painter": "Mantegna",
    "title": "The Reign of Comus",
    "year": "1506",
    "country": "France",
    "location": "Louvre",
    "kind": "museum",
    "attribution": "generally accepted",
    "status": "present",
    "medium": "Canvas",
    "dimensions": "152 × 238 cm",
    "genre": "allegory, mythological painting",
    "image": "https://commons.wikimedia.org/wiki/Special:FilePath/Costacomus.jpg?width=420",
    "wikipedia_en": "https://en.wikipedia.org/wiki/Reign_of_Comus_(Lorenzo_Costa)",
    "wikipedia_it": "https://it.wikipedia.org/wiki/Regno_di_Como",
    "wikidata": "https://www.wikidata.org/wiki/Q3932055",
    "creation_place": "Mantua",
    "creation_lat": 45.1564,
    "creation_lon": 10.7914,
    "_source": {
     "source": "Wikidata",
     "url": "https://www.wikidata.org/wiki/Q3932055",
     "retrieved_at": "2026-08-23"
    },
    "_overrides": {
     "creation": {
      "at": "2026-08-23",
      "source": "derived from start date + Caravaggio's documented itinerary (approximate)"
     }
    },
    "museum_id": "louvre",
    "city": "Paris",
    "qid": "Q3932055"
   }
  },
  {
   "type": "Feature",
   "geometry": {
    "type": "Point",
    "coordinates": [
     0.6949,
     47.3952
    ]
   },
   "properties": {
    "painter": "Mantegna",
    "title": "The Resurrection",
    "year": "1459",
    "city": "Tours",
    "country": "France",
    "location": "Musée des Beaux-Arts de Tours",
    "kind": "museum",
    "attribution": "generally accepted",
    "status": "present",
    "medium": "Panel",
    "dimensions": "71.1 × 94 cm",
    "genre": "religious art",
    "image": "https://commons.wikimedia.org/wiki/Special:FilePath/Mantegna%2C%20Andrea%20-%20La%20R%C3%A9surrection%20-%201457-1459.jpg?width=420",
    "wikipedia_en": "https://en.wikipedia.org/wiki/Resurrection_(Mantegna,_Tours)",
    "wikipedia_it": "https://it.wikipedia.org/wiki/Resurrezione_(Mantegna)",
    "wikidata": "https://www.wikidata.org/wiki/Q3933557",
    "creation_place": "Padua",
    "creation_lat": 45.4064,
    "creation_lon": 11.8768,
    "_source": {
     "source": "Wikidata",
     "url": "https://www.wikidata.org/wiki/Q3933557",
     "retrieved_at": "2026-08-23"
    },
    "_overrides": {
     "creation": {
      "at": "2026-08-23",
      "source": "derived from start date + Caravaggio's documented itinerary (approximate)"
     }
    },
    "museum_id": "musee-des-beaux-arts-de-tours",
    "qid": "Q3933557"
   }
  },
  {
   "type": "Feature",
   "geometry": {
    "type": "Point",
    "coordinates": [
     13.36472,
     52.50861
    ]
   },
   "properties": {
    "painter": "Mantegna",
    "title": "Portrait of Cardinal Ludovico Trevisan",
    "year": "1457",
    "city": "Bezirk Mitte",
    "country": "Germany",
    "location": "Gemäldegalerie Berlin",
    "kind": "museum",
    "attribution": "generally accepted",
    "status": "present",
    "medium": "Paint, poplar panel, tempera",
    "dimensions": "45.5 × 34.8 cm",
    "genre": "portrait",
    "image": "https://commons.wikimedia.org/wiki/Special:FilePath/Andrea%20Mantegna%20-%20Cardinal%20Lodovico%20Trevisano%20-%20Google%20Art%20Project.jpg?width=420",
    "wikipedia_es": "https://es.wikipedia.org/wiki/Retrato_del_cardenal_Ludovico_Trevisano",
    "wikipedia_en": "https://en.wikipedia.org/wiki/Portrait_of_Cardinal_Ludovico_Trevisan",
    "wikipedia_it": "https://it.wikipedia.org/wiki/Ritratto_del_cardinale_Ludovico_Trevisan",
    "wikidata": "https://www.wikidata.org/wiki/Q3937431",
    "creation_place": "Padua",
    "creation_lat": 45.4064,
    "creation_lon": 11.8768,
    "_source": {
     "source": "Wikidata",
     "url": "https://www.wikidata.org/wiki/Q3937431",
     "retrieved_at": "2026-08-23"
    },
    "_overrides": {
     "creation": {
      "at": "2026-08-23",
      "source": "derived from start date + Caravaggio's documented itinerary (approximate)"
     }
    },
    "museum_id": "gemaldegalerie-berlin",
    "qid": "Q3937431",
    "wga_url": "https://www.wga.hu/html/m/mantegna/1/cardinal.html"
   }
  },
  {
   "type": "Feature",
   "geometry": {
    "type": "Point",
    "coordinates": [
     11.25528,
     43.76833
    ]
   },
   "properties": {
    "painter": "Mantegna",
    "title": "Portrait of Carlo de' Medici",
    "year": "1466",
    "city": "Florence",
    "country": "Italy",
    "location": "Uffizi Gallery",
    "kind": "museum",
    "attribution": "generally accepted",
    "status": "present",
    "medium": "Panel",
    "dimensions": "41 × 30 cm",
    "genre": "portrait",
    "image": "https://commons.wikimedia.org/wiki/Special:FilePath/Andrea%20Mantegna%20110.jpg?width=420",
    "wikipedia_en": "https://en.wikipedia.org/wiki/Portrait_of_Carlo_de%27_Medici",
    "wikipedia_it": "https://it.wikipedia.org/wiki/Ritratto_di_Carlo_de%27_Medici",
    "wikidata": "https://www.wikidata.org/wiki/Q3937495",
    "creation_place": "Mantua",
    "creation_lat": 45.1564,
    "creation_lon": 10.7914,
    "_source": {
     "source": "Wikidata",
     "url": "https://www.wikidata.org/wiki/Q3937495",
     "retrieved_at": "2026-08-23"
    },
    "_overrides": {
     "creation": {
      "at": "2026-08-23",
      "source": "derived from start date + Caravaggio's documented itinerary (approximate)"
     }
    },
    "museum_id": "uffizi-gallery",
    "qid": "Q3937495",
    "wga_url": "https://www.wga.hu/html/m/mantegna/06/6medici.html"
   }
  },
  {
   "type": "Feature",
   "geometry": {
    "type": "Point",
    "coordinates": [
     14.25053,
     40.86701
    ]
   },
   "properties": {
    "painter": "Mantegna",
    "title": "Portrait of Francesco Gonzaga",
    "year": "1461",
    "city": "Naples",
    "country": "Italy",
    "location": "Museo di Capodimonte",
    "kind": "museum",
    "attribution": "generally accepted",
    "status": "present",
    "medium": "Canvas",
    "dimensions": "25 × 18 cm",
    "genre": "portrait",
    "image": "https://commons.wikimedia.org/wiki/Special:FilePath/Andrea%20Mantegna%20111.jpg?width=420",
    "wikipedia_en": "https://en.wikipedia.org/wiki/Portrait_of_Francesco_Gonzaga",
    "wikipedia_it": "https://it.wikipedia.org/wiki/Ritratto_di_Francesco_Gonzaga",
    "wikidata": "https://www.wikidata.org/wiki/Q3937533",
    "creation_place": "Mantua",
    "creation_lat": 45.1564,
    "creation_lon": 10.7914,
    "_source": {
     "source": "Wikidata",
     "url": "https://www.wikidata.org/wiki/Q3937533",
     "retrieved_at": "2026-08-23"
    },
    "_overrides": {
     "creation": {
      "at": "2026-08-23",
      "source": "derived from start date + Caravaggio's documented itinerary (approximate)"
     }
    },
    "museum_id": "museo-di-capodimonte",
    "qid": "Q3937533",
    "wga_url": "https://www.wga.hu/html/m/mantegna/06/3gonzaga.html"
   }
  },
  {
   "type": "Feature",
   "geometry": {
    "type": "Point",
    "coordinates": [
     2.31453,
     48.86604
    ]
   },
   "properties": {
    "painter": "Mantegna",
    "title": "Madonna and Child with Saints",
    "year": "1490",
    "city": "Paris",
    "country": "France",
    "location": "Petit Palais",
    "kind": "museum",
    "attribution": "generally accepted",
    "status": "present",
    "medium": "Oil on canvas",
    "dimensions": "73.3 × 44.6 cm",
    "genre": "religious art",
    "image": "https://commons.wikimedia.org/wiki/Special:FilePath/Mantegna%2C%20Sacra%20Famiglia%20con%20Imperator%20mundi.jpg?width=420",
    "wikipedia_en": "https://en.wikipedia.org/wiki/Holy_Family_with_Christ_as_Imperator_mundi",
    "wikipedia_it": "https://it.wikipedia.org/wiki/Sacra_Famiglia_con_Ges%C3%B9_come_Imperator_mundi",
    "wikidata": "https://www.wikidata.org/wiki/Q3944464",
    "creation_place": "Mantua",
    "creation_lat": 45.1564,
    "creation_lon": 10.7914,
    "_source": {
     "source": "Wikidata",
     "url": "https://www.wikidata.org/wiki/Q3944464",
     "retrieved_at": "2026-08-23"
    },
    "_overrides": {
     "creation": {
      "at": "2026-08-23",
      "source": "derived from start date + Caravaggio's documented itinerary (approximate)"
     }
    },
    "museum_id": "petit-palais",
    "qid": "Q3944464"
   }
  },
  {
   "type": "Feature",
   "geometry": {
    "type": "Point",
    "coordinates": [
     -97.365,
     32.74861
    ]
   },
   "properties": {
    "painter": "Mantegna",
    "title": "The Madonna and Child with Saints Joseph, Elizabeth, and John the Baptist",
    "year": "1485",
    "city": "Fort Worth",
    "country": "United States",
    "location": "Museo d'arte Kimbell",
    "kind": "museum",
    "attribution": "generally accepted",
    "status": "present",
    "medium": "Oil on canvas",
    "dimensions": "62.9 × 51.3 cm",
    "genre": "religious art",
    "image": "https://commons.wikimedia.org/wiki/Special:FilePath/Andrea%20Mantegna%20-%20The%20Madonna%20and%20Child%20with%20Saints%20Joseph%2C%20Elizabeth%2C%20and%20John%20the%20Baptist%20-%20Google%20Art%20Project.jpg?width=420",
    "wikipedia_en": "https://en.wikipedia.org/wiki/The_Madonna_and_Child_with_Saints_Joseph,_Elizabeth,_and_John_the_Baptist",
    "wikipedia_it": "https://it.wikipedia.org/wiki/Sacra_Famiglia_con_i_santi_Elisabetta_e_Giovanni_Battista",
    "wikidata": "https://www.wikidata.org/wiki/Q3944468",
    "creation_place": "Mantua",
    "creation_lat": 45.1564,
    "creation_lon": 10.7914,
    "_source": {
     "source": "Wikidata",
     "url": "https://www.wikidata.org/wiki/Q3944468",
     "retrieved_at": "2026-08-23"
    },
    "_overrides": {
     "creation": {
      "at": "2026-08-23",
      "source": "derived from start date + Caravaggio's documented itinerary (approximate)"
     }
    },
    "museum_id": "museo-d-arte-kimbell",
    "qid": "Q3944468"
   }
  },
  {
   "type": "Feature",
   "geometry": {
    "type": "Point",
    "coordinates": [
     -0.1283,
     51.5089
    ]
   },
   "properties": {
    "painter": "Mantegna",
    "title": "The Holy Family with Saint John",
    "year": "1500",
    "city": "London",
    "country": "United Kingdom",
    "location": "National Gallery",
    "kind": "museum",
    "attribution": "generally accepted",
    "status": "present",
    "medium": "Canvas",
    "dimensions": "71.1 × 50.8 cm",
    "genre": "religious art",
    "image": "https://commons.wikimedia.org/wiki/Special:FilePath/Mantegna%2C%20Sacra%20Famiglia%20con%20san%20Giovannino%2C%20londra.jpg?width=420",
    "wikipedia_en": "https://en.wikipedia.org/wiki/Holy_Family_with_the_Infant_Saint_John_the_Baptist_(Mantegna)",
    "wikipedia_it": "https://it.wikipedia.org/wiki/Sacra_Famiglia_con_san_Giovannino_(Mantegna)",
    "wikidata": "https://www.wikidata.org/wiki/Q3944484",
    "creation_place": "Mantua",
    "creation_lat": 45.1564,
    "creation_lon": 10.7914,
    "_source": {
     "source": "Wikidata",
     "url": "https://www.wikidata.org/wiki/Q3944484",
     "retrieved_at": "2026-08-23"
    },
    "_overrides": {
     "creation": {
      "at": "2026-08-23",
      "source": "derived from start date + Caravaggio's documented itinerary (approximate)"
     }
    },
    "museum_id": "national-gallery",
    "qid": "Q3944484"
   }
  },
  {
   "type": "Feature",
   "geometry": {
    "type": "Point",
    "coordinates": [
     9.41611,
     51.315
    ]
   },
   "properties": {
    "painter": "Mantegna",
    "title": "Holy Family with St. Elizabeth and St. John the Baptist as a Child",
    "year": "1495",
    "city": "Kassel",
    "country": "Germany",
    "location": "Gemäldegalerie Alte Meister",
    "kind": "museum",
    "attribution": "generally accepted",
    "status": "present",
    "medium": "Oil on canvas",
    "dimensions": "750 × 615 cm",
    "genre": "religious art",
    "image": "https://commons.wikimedia.org/wiki/Special:FilePath/Andrea%20Mantegna%20-%20The%20Holy%20Family%20-%20Google%20Art%20Project.jpg?width=420",
    "wikipedia_es": "https://es.wikipedia.org/wiki/Sagrada_Familia_con_los_santos_Isabel_y_Juan_Bautista",
    "wikipedia_en": "https://en.wikipedia.org/wiki/Holy_Family_with_Saints_Anne_and_John_the_Baptist_(Mantegna)",
    "wikipedia_it": "https://it.wikipedia.org/wiki/Sacra_Famiglia_con_sant%27Anna_e_san_Giovannino",
    "wikidata": "https://www.wikidata.org/wiki/Q3944493",
    "creation_place": "Mantua",
    "creation_lat": 45.1564,
    "creation_lon": 10.7914,
    "_source": {
     "source": "Wikidata",
     "url": "https://www.wikidata.org/wiki/Q3944493",
     "retrieved_at": "2026-08-23"
    },
    "_overrides": {
     "creation": {
      "at": "2026-08-23",
      "source": "derived from start date + Caravaggio's documented itinerary (approximate)"
     }
    },
    "museum_id": "gemaldegalerie-alte-meister",
    "qid": "Q3944493",
    "wga_url": "https://www.wga.hu/html/m/mantegna/2/holyfami.html"
   }
  },
  {
   "type": "Feature",
   "geometry": {
    "type": "Point",
    "coordinates": [
     10.98778,
     45.44
    ]
   },
   "properties": {
    "painter": "Mantegna",
    "title": "The Holy Family and Mary Magdalene",
    "year": "1495",
    "city": "Verona",
    "country": "Italy",
    "location": "Castelvecchio Museum",
    "kind": "museum",
    "attribution": "generally accepted",
    "status": "present",
    "medium": "Canvas",
    "dimensions": "76 × 55.5 cm",
    "genre": "religious art",
    "image": "https://commons.wikimedia.org/wiki/Special:FilePath/Andrea%20mantegna%2C%20sacra%20famiglia%20con%20una%20santa%20%28verona%2C%20castelvecchio%29%2000%2C0.jpg?width=420",
    "wikipedia_en": "https://en.wikipedia.org/wiki/Holy_Family_with_a_Female_Saint_(Mantegna)",
    "wikipedia_it": "https://it.wikipedia.org/wiki/Sacra_Famiglia_con_una_santa_(Mantegna)",
    "wikidata": "https://www.wikidata.org/wiki/Q3944497",
    "creation_place": "Mantua",
    "creation_lat": 45.1564,
    "creation_lon": 10.7914,
    "_source": {
     "source": "Wikidata",
     "url": "https://www.wikidata.org/wiki/Q3944497",
     "retrieved_at": "2026-08-23"
    },
    "_overrides": {
     "creation": {
      "at": "2026-08-23",
      "source": "derived from start date + Caravaggio's documented itinerary (approximate)"
     }
    },
    "museum_id": "castelvecchio-museum",
    "qid": "Q3944497"
   }
  },
  {
   "type": "Feature",
   "geometry": {
    "type": "Point",
    "coordinates": [
     10.794469,
     45.159011
    ]
   },
   "properties": {
    "painter": "Mantegna",
    "title": "Holy Family and the Family of Saint John the Baptist",
    "year": "1504",
    "city": "Mantua",
    "country": "Italy",
    "location": "Basilica of Sant'Andrea",
    "kind": "church",
    "attribution": "generally accepted",
    "status": "present",
    "dimensions": "40 × 169 cm",
    "genre": "religious art",
    "image": "https://commons.wikimedia.org/wiki/Special:FilePath/Mantegna%2C%20sacra%20famiglia%20e%20famiglia%20del%20Battista%2C%20mantova.jpg?width=420",
    "wikipedia_es": "https://es.wikipedia.org/wiki/La_Sagrada_Familia_y_la_familia_de_San_Juan_Bautista",
    "wikipedia_en": "https://en.wikipedia.org/wiki/The_Holy_Family_and_the_Family_of_Saint_John_the_Baptist",
    "wikipedia_it": "https://it.wikipedia.org/wiki/Sacra_Famiglia_e_famiglia_del_Battista",
    "wikidata": "https://www.wikidata.org/wiki/Q3944501",
    "creation_place": "Mantua",
    "creation_lat": 45.1564,
    "creation_lon": 10.7914,
    "_source": {
     "source": "Wikidata",
     "url": "https://www.wikidata.org/wiki/Q3944501",
     "retrieved_at": "2026-08-23"
    },
    "_overrides": {
     "creation": {
      "at": "2026-08-23",
      "source": "derived from start date + Caravaggio's documented itinerary (approximate)"
     }
    },
    "museum_id": "basilica-of-sant-andrea",
    "qid": "Q3944501"
   }
  },
  {
   "type": "Feature",
   "geometry": {
    "type": "Point",
    "coordinates": [
     9.18782,
     45.47196
    ]
   },
   "properties": {
    "painter": "Mantegna",
    "title": "Saint Bernardino of Siena Between Two Angels",
    "year": "1469",
    "city": "Milan",
    "country": "Italy",
    "location": "Pinacoteca di Brera",
    "kind": "museum",
    "attribution": "generally accepted",
    "status": "present",
    "medium": "Canvas",
    "dimensions": "385 × 220 cm",
    "genre": "religious art",
    "image": "https://commons.wikimedia.org/wiki/Special:FilePath/Mantegna%2C%20san%20bernardino%20tra%20angeli.jpg?width=420",
    "wikipedia_en": "https://en.wikipedia.org/wiki/Saint_Bernardino_of_Siena_Between_Two_Angels",
    "wikipedia_it": "https://it.wikipedia.org/wiki/San_Bernardino_da_Siena_tra_due_angeli",
    "wikidata": "https://www.wikidata.org/wiki/Q3946841",
    "creation_place": "Mantua",
    "creation_lat": 45.1564,
    "creation_lon": 10.7914,
    "_source": {
     "source": "Wikidata",
     "url": "https://www.wikidata.org/wiki/Q3946841",
     "retrieved_at": "2026-08-23"
    },
    "_overrides": {
     "creation": {
      "at": "2026-08-23",
      "source": "derived from start date + Caravaggio's documented itinerary (approximate)"
     }
    },
    "museum_id": "pinacoteca-di-brera",
    "qid": "Q3946841"
   }
  },
  {
   "type": "Feature",
   "geometry": {
    "type": "Point",
    "coordinates": [
     12.32814,
     45.43108
    ]
   },
   "properties": {
    "painter": "Mantegna",
    "title": "Saint George",
    "year": "1460",
    "city": "Venice",
    "country": "Italy",
    "location": "Gallerie dell'Accademia",
    "kind": "museum",
    "attribution": "generally accepted",
    "status": "present",
    "medium": "Panel",
    "dimensions": "66 × 32 cm",
    "genre": "religious art",
    "image": "https://commons.wikimedia.org/wiki/Special:FilePath/Accademia%20-%20San%20Giorgio%20di%20Andrea%20Mantegna%20Cat.588.jpg?width=420",
    "wikipedia_es": "https://es.wikipedia.org/wiki/San_Jorge_(Mantegna)",
    "wikipedia_en": "https://en.wikipedia.org/wiki/Saint_George_(Mantegna)",
    "wikipedia_it": "https://it.wikipedia.org/wiki/San_Giorgio_(Mantegna)",
    "wikidata": "https://www.wikidata.org/wiki/Q3947210",
    "creation_place": "Mantua",
    "creation_lat": 45.1564,
    "creation_lon": 10.7914,
    "_source": {
     "source": "Wikidata",
     "url": "https://www.wikidata.org/wiki/Q3947210",
     "retrieved_at": "2026-08-23"
    },
    "_overrides": {
     "creation": {
      "at": "2026-08-23",
      "source": "derived from start date + Caravaggio's documented itinerary (approximate)"
     }
    },
    "museum_id": "gallerie-dell-accademia",
    "qid": "Q3947210",
    "wga_url": "https://www.wga.hu/html/m/mantegna/1/s_george.html"
   }
  },
  {
   "type": "Feature",
   "geometry": {
    "type": "Point",
    "coordinates": [
     12.33389,
     45.44056
    ]
   },
   "properties": {
    "painter": "Mantegna",
    "title": "St. Sebastian",
    "year": "1506",
    "city": "Venice",
    "country": "Italy",
    "location": "Ca' d'Oro",
    "kind": "museum",
    "attribution": "generally accepted",
    "status": "present",
    "medium": "Oil on canvas",
    "dimensions": "213 × 95 cm",
    "genre": "religious art",
    "image": "https://commons.wikimedia.org/wiki/Special:FilePath/St%20Sebastian%203%20Mantegna.jpg?width=420",
    "wikipedia_it": "https://it.wikipedia.org/wiki/San_Sebastiano_(Mantegna_Venezia)",
    "wikidata": "https://www.wikidata.org/wiki/Q3947946",
    "creation_place": "Mantua",
    "creation_lat": 45.1564,
    "creation_lon": 10.7914,
    "_source": {
     "source": "Wikidata",
     "url": "https://www.wikidata.org/wiki/Q3947946",
     "retrieved_at": "2026-08-23"
    },
    "_overrides": {
     "creation": {
      "at": "2026-08-23",
      "source": "derived from start date + Caravaggio's documented itinerary (approximate)"
     }
    },
    "museum_id": "ca-d-oro",
    "qid": "Q3947946",
    "wga_url": "https://www.wga.hu/html/m/mantegna/2/sebastia.html"
   }
  },
  {
   "type": "Feature",
   "geometry": {
    "type": "Point",
    "coordinates": [
     16.3616,
     48.20388
    ]
   },
   "properties": {
    "painter": "Mantegna",
    "title": "Saint Sebastian",
    "year": "1450",
    "city": "Vienna",
    "country": "Austria",
    "location": "Kunsthistorisches Museum",
    "kind": "museum",
    "attribution": "generally accepted",
    "status": "present",
    "medium": "Poplar wood, tempera",
    "dimensions": "68 × 30 cm",
    "genre": "religious art",
    "image": "https://commons.wikimedia.org/wiki/Special:FilePath/Andrea%20Mantegna%2C%20Kunsthistorisches%20Museum%20Wien%2C%20Gem%C3%A4ldegalerie%20-%20Hl.%20Sebastian%20-%20GG%20301%20-%20Kunsthistorisches%20Museum.jpg?width=420",
    "wikipedia_it": "https://it.wikipedia.org/wiki/San_Sebastiano_(Mantegna_Vienna)",
    "wikidata": "https://www.wikidata.org/wiki/Q3947948",
    "creation_place": "Padua",
    "creation_lat": 45.4064,
    "creation_lon": 11.8768,
    "_source": {
     "source": "Wikidata",
     "url": "https://www.wikidata.org/wiki/Q3947948",
     "retrieved_at": "2026-08-23"
    },
    "_overrides": {
     "creation": {
      "at": "2026-08-23",
      "source": "derived from start date + Caravaggio's documented itinerary (approximate)"
     }
    },
    "museum_id": "kunsthistorisches-museum",
    "qid": "Q3947948",
    "wga_url": "https://www.wga.hu/html/m/mantegna/1/sebastia.html"
   }
  },
  {
   "type": "Feature",
   "geometry": {
    "type": "Point",
    "coordinates": [
     -0.1283,
     51.5089
    ]
   },
   "properties": {
    "painter": "Mantegna",
    "title": "Samson and Delilah",
    "year": "1495",
    "city": "London",
    "country": "United Kingdom",
    "location": "National Gallery",
    "kind": "museum",
    "attribution": "generally accepted",
    "status": "present",
    "medium": "Canvas",
    "dimensions": "47 × 36.8 cm",
    "genre": "religious art",
    "image": "https://commons.wikimedia.org/wiki/Special:FilePath/Andrea%20Mantegna%20042.jpg?width=420",
    "wikipedia_es": "https://es.wikipedia.org/wiki/Sans%C3%B3n_y_Dalila_(Mantegna)",
    "wikipedia_en": "https://en.wikipedia.org/wiki/Samson_and_Delilah_(Mantegna)",
    "wikipedia_it": "https://it.wikipedia.org/wiki/Sansone_e_Dalila_(Mantegna)",
    "wikidata": "https://www.wikidata.org/wiki/Q3948606",
    "creation_place": "Mantua",
    "creation_lat": 45.1564,
    "creation_lon": 10.7914,
    "_source": {
     "source": "Wikidata",
     "url": "https://www.wikidata.org/wiki/Q3948606",
     "retrieved_at": "2026-08-23"
    },
    "_overrides": {
     "creation": {
      "at": "2026-08-23",
      "source": "derived from start date + Caravaggio's documented itinerary (approximate)"
     }
    },
    "museum_id": "national-gallery",
    "qid": "Q3948606"
   }
  },
  {
   "type": "Feature",
   "geometry": {
    "type": "Point",
    "coordinates": [
     14.25053,
     40.86701
    ]
   },
   "properties": {
    "painter": "Mantegna",
    "title": "Saint Euphemia",
    "year": "1454",
    "city": "Naples",
    "country": "Italy",
    "location": "Museo di Capodimonte",
    "kind": "museum",
    "attribution": "generally accepted",
    "status": "present",
    "medium": "Canvas",
    "dimensions": "171 × 78 cm",
    "genre": "religious art",
    "image": "https://commons.wikimedia.org/wiki/Special:FilePath/Andrea%20Mantegna%20-%20St.%20Euphemia%20-%201454.jpg?width=420",
    "wikipedia_es": "https://es.wikipedia.org/wiki/Santa_Eufemia_(Mantegna)",
    "wikipedia_en": "https://en.wikipedia.org/wiki/Saint_Euphemia_(Mantegna)",
    "wikipedia_it": "https://it.wikipedia.org/wiki/Sant%27Eufemia_(Mantegna)",
    "wikidata": "https://www.wikidata.org/wiki/Q3948849",
    "creation_place": "Padua",
    "creation_lat": 45.4064,
    "creation_lon": 11.8768,
    "_source": {
     "source": "Wikidata",
     "url": "https://www.wikidata.org/wiki/Q3948849",
     "retrieved_at": "2026-08-23"
    },
    "_overrides": {
     "creation": {
      "at": "2026-08-23",
      "source": "derived from start date + Caravaggio's documented itinerary (approximate)"
     }
    },
    "museum_id": "museo-di-capodimonte",
    "qid": "Q3948849"
   }
  },
  {
   "type": "Feature",
   "geometry": {
    "type": "Point",
    "coordinates": [
     11.88001,
     45.41096
    ]
   },
   "properties": {
    "painter": "Mantegna",
    "title": "Serafino",
    "year": "1449",
    "city": "Padua",
    "country": "Italy",
    "location": "Civic Museums of Padua",
    "kind": "museum",
    "attribution": "generally accepted",
    "status": "present",
    "medium": "Fresco",
    "genre": "religious art",
    "image": "https://commons.wikimedia.org/wiki/Special:FilePath/Mantegna%2C%20serafino%2C%20da%20cappella%20ovetari.jpg?width=420",
    "wikipedia_it": "https://it.wikipedia.org/wiki/Serafino_(Mantegna)",
    "wikidata": "https://www.wikidata.org/wiki/Q3955724",
    "creation_place": "Padua",
    "creation_lat": 45.4064,
    "creation_lon": 11.8768,
    "_source": {
     "source": "Wikidata",
     "url": "https://www.wikidata.org/wiki/Q3955724",
     "retrieved_at": "2026-08-23"
    },
    "_overrides": {
     "creation": {
      "at": "2026-08-23",
      "source": "derived from start date + Caravaggio's documented itinerary (approximate)"
     }
    },
    "museum_id": "civic-museums-of-padua",
    "qid": "Q3955724"
   }
  },
  {
   "type": "Feature",
   "geometry": {
    "type": "Point",
    "coordinates": [
     -84.4969,
     39.1139
    ]
   },
   "properties": {
    "painter": "Mantegna",
    "title": "A Sibyl and a Prophet",
    "year": "1495",
    "city": "Eden Park",
    "country": "United States",
    "location": "Cincinnati Art Museum",
    "kind": "museum",
    "attribution": "generally accepted",
    "status": "present",
    "dimensions": "56.2 × 48.6 cm",
    "genre": "mythological painting",
    "image": "https://commons.wikimedia.org/wiki/Special:FilePath/Andrea%20Mantegna%20-%20A%20Sibyl%20and%20a%20Prophet%20-%20Google%20Art%20Project.jpg?width=420",
    "wikipedia_en": "https://en.wikipedia.org/wiki/Sibyl_and_Prophet",
    "wikipedia_it": "https://it.wikipedia.org/wiki/Sibilla_e_profeta",
    "wikidata": "https://www.wikidata.org/wiki/Q3960017",
    "creation_place": "Mantua",
    "creation_lat": 45.1564,
    "creation_lon": 10.7914,
    "_source": {
     "source": "Wikidata",
     "url": "https://www.wikidata.org/wiki/Q3960017",
     "retrieved_at": "2026-08-23"
    },
    "_overrides": {
     "creation": {
      "at": "2026-08-23",
      "source": "derived from start date + Caravaggio's documented itinerary (approximate)"
     }
    },
    "museum_id": "cincinnati-art-museum",
    "qid": "Q3960017"
   }
  },
  {
   "type": "Feature",
   "geometry": {
    "type": "Point",
    "coordinates": [
     -0.1283,
     51.5089
    ]
   },
   "properties": {
    "painter": "Mantegna",
    "title": "A Woman Drinking",
    "year": "1495",
    "city": "London",
    "country": "United Kingdom",
    "location": "National Gallery",
    "kind": "museum",
    "attribution": "generally accepted",
    "status": "present",
    "dimensions": "72.1 × 19.8 cm",
    "image": "https://commons.wikimedia.org/wiki/Special:FilePath/Mantegna%2C%20sofonisba.jpg?width=420",
    "wikipedia_it": "https://it.wikipedia.org/wiki/Sofonisba_(Mantegna)",
    "wikidata": "https://www.wikidata.org/wiki/Q3963987",
    "creation_place": "Mantua",
    "creation_lat": 45.1564,
    "creation_lon": 10.7914,
    "_source": {
     "source": "Wikidata",
     "url": "https://www.wikidata.org/wiki/Q3963987",
     "retrieved_at": "2026-08-23"
    },
    "_overrides": {
     "creation": {
      "at": "2026-08-23",
      "source": "derived from start date + Caravaggio's documented itinerary (approximate)"
     }
    },
    "museum_id": "national-gallery",
    "qid": "Q3963987"
   }
  },
  {
   "type": "Feature",
   "geometry": {
    "type": "Point",
    "coordinates": [
     -0.1283,
     51.5089
    ]
   },
   "properties": {
    "painter": "Mantegna",
    "title": "The Vestal Virgin Tuccia with a sieve",
    "year": "1495",
    "city": "London",
    "country": "United Kingdom",
    "location": "National Gallery",
    "kind": "museum",
    "attribution": "generally accepted",
    "status": "present",
    "dimensions": "72.5 × 23 cm",
    "image": "https://commons.wikimedia.org/wiki/Special:FilePath/Mantegna%2C%20tuccia.jpg?width=420",
    "wikipedia_it": "https://it.wikipedia.org/wiki/Tuccia_(Mantegna)",
    "wikidata": "https://www.wikidata.org/wiki/Q4000154",
    "creation_place": "Mantua",
    "creation_lat": 45.1564,
    "creation_lon": 10.7914,
    "_source": {
     "source": "Wikidata",
     "url": "https://www.wikidata.org/wiki/Q4000154",
     "retrieved_at": "2026-08-23"
    },
    "_overrides": {
     "creation": {
      "at": "2026-08-23",
      "source": "derived from start date + Caravaggio's documented itinerary (approximate)"
     }
    },
    "museum_id": "national-gallery",
    "qid": "Q4000154"
   }
  },
  {
   "type": "Feature",
   "geometry": {
    "type": "Point",
    "coordinates": [
     8.67388,
     50.10322
    ]
   },
   "properties": {
    "painter": "Mantegna",
    "title": "Saint Mark",
    "year": "1449",
    "city": "Frankfurt",
    "country": "Germany",
    "location": "Städel Museum",
    "kind": "museum",
    "attribution": "generally accepted",
    "status": "present",
    "medium": "Canvas",
    "dimensions": "82 × 64.3 cm",
    "genre": "religious art",
    "image": "https://commons.wikimedia.org/wiki/Special:FilePath/Andrea%20Mantegna%20-%20St.%20Mark%20the%20Evangelist%20-%20Google%20Art%20Project.jpg?width=420",
    "wikipedia_en": "https://en.wikipedia.org/wiki/Saint_Mark_(Mantegna)",
    "wikipedia_it": "https://it.wikipedia.org/wiki/San_Marco_(Mantegna)",
    "wikidata": "https://www.wikidata.org/wiki/Q534108",
    "creation_place": "Padua",
    "creation_lat": 45.4064,
    "creation_lon": 11.8768,
    "_source": {
     "source": "Wikidata",
     "url": "https://www.wikidata.org/wiki/Q534108",
     "retrieved_at": "2026-08-23"
    },
    "_overrides": {
     "creation": {
      "at": "2026-08-23",
      "source": "derived from start date + Caravaggio's documented itinerary (approximate)"
     }
    },
    "museum_id": "stadel-museum",
    "qid": "Q534108"
   }
  },
  {
   "type": "Feature",
   "geometry": {
    "type": "Point",
    "coordinates": [
     9.6758,
     45.7042
    ]
   },
   "properties": {
    "painter": "Mantegna",
    "title": "The Resurrection of Christ",
    "year": "1492-1505",
    "city": "Bergamo",
    "country": "Italy",
    "location": "Accademia Carrara",
    "kind": "museum",
    "attribution": "generally accepted",
    "status": "present",
    "dimensions": "48 × 37 cm",
    "genre": "religious art",
    "image": "https://commons.wikimedia.org/wiki/Special:FilePath/Resurrection%20%28Andrea%20Mantegna%29.jpg?width=420",
    "wikipedia_en": "https://en.wikipedia.org/wiki/Resurrection_of_Christ_(Mantegna)",
    "wikipedia_it": "https://it.wikipedia.org/wiki/Resurrezione_di_Cristo_(Mantegna_Bergamo)",
    "wikidata": "https://www.wikidata.org/wiki/Q53996506",
    "creation_place": "Mantua",
    "creation_lat": 45.1564,
    "creation_lon": 10.7914,
    "_source": {
     "source": "Wikidata",
     "url": "https://www.wikidata.org/wiki/Q53996506",
     "retrieved_at": "2026-08-23"
    },
    "_overrides": {
     "creation": {
      "at": "2026-08-23",
      "source": "derived from start date + Caravaggio's documented itinerary (approximate)"
     }
    },
    "museum_id": "accademia-carrara",
    "qid": "Q53996506"
   }
  },
  {
   "type": "Feature",
   "geometry": {
    "type": "Point",
    "coordinates": [
     9.18782,
     45.47196
    ]
   },
   "properties": {
    "painter": "Mantegna",
    "title": "Lamentation of Christ",
    "year": "1483",
    "city": "Milan",
    "country": "Italy",
    "location": "Pinacoteca di Brera",
    "kind": "museum",
    "attribution": "generally accepted",
    "status": "present",
    "medium": "Canvas",
    "dimensions": "68 × 81 cm",
    "genre": "religious art",
    "image": "https://commons.wikimedia.org/wiki/Special:FilePath/Lamentaci%C3%B3n%20sobre%20Cristo%20muerto%2C%20por%20Andrea%20Mantegna.jpg?width=420",
    "wikipedia_es": "https://es.wikipedia.org/wiki/Lamentaci%C3%B3n_sobre_Cristo_muerto_(Mantegna)",
    "wikipedia_en": "https://en.wikipedia.org/wiki/Lamentation_of_Christ_(Mantegna)",
    "wikipedia_it": "https://it.wikipedia.org/wiki/Cristo_morto_(Mantegna)",
    "wikidata": "https://www.wikidata.org/wiki/Q546297",
    "creation_place": "Mantua",
    "creation_lat": 45.1564,
    "creation_lon": 10.7914,
    "_source": {
     "source": "Wikidata",
     "url": "https://www.wikidata.org/wiki/Q546297",
     "retrieved_at": "2026-08-23"
    },
    "_overrides": {
     "creation": {
      "at": "2026-08-23",
      "source": "derived from start date + Caravaggio's documented itinerary (approximate)"
     }
    },
    "museum_id": "pinacoteca-di-brera",
    "qid": "Q546297",
    "wga_url": "https://www.wga.hu/html/m/mantegna/2/dead_chr.html"
   }
  },
  {
   "type": "Feature",
   "geometry": {
    "type": "Point",
    "coordinates": [
     12.5,
     42.5
    ]
   },
   "properties": {
    "painter": "Mantegna",
    "title": "Saint James Led to His Execution",
    "year": "1453-1455",
    "country": "Italy",
    "location": "Italy",
    "kind": "museum",
    "attribution": "generally accepted",
    "status": "present",
    "genre": "religious art",
    "image": "https://commons.wikimedia.org/wiki/Special:FilePath/St.%20James%20led%20to%20his%20execution.jpg?width=420",
    "wikipedia_en": "https://en.wikipedia.org/wiki/Saint_James_Led_to_His_Execution",
    "wikidata": "https://www.wikidata.org/wiki/Q7588508",
    "creation_place": "Padua",
    "creation_lat": 45.4064,
    "creation_lon": 11.8768,
    "_source": {
     "source": "Wikidata",
     "url": "https://www.wikidata.org/wiki/Q7588508",
     "retrieved_at": "2026-08-23"
    },
    "_overrides": {
     "creation": {
      "at": "2026-08-23",
      "source": "derived from start date + Caravaggio's documented itinerary (approximate)"
     }
    },
    "museum_id": "italy",
    "qid": "Q7588508"
   }
  },
  {
   "type": "Feature",
   "geometry": {
    "type": "Point",
    "coordinates": [
     -3.6922,
     40.4139
    ]
   },
   "properties": {
    "painter": "Mantegna",
    "title": "Death of the Virgin",
    "year": "1462",
    "city": "Madrid",
    "country": "Spain",
    "location": "Museo del Prado",
    "kind": "museum",
    "attribution": "generally accepted",
    "status": "present",
    "medium": "Panel",
    "dimensions": "54.5 × 42 cm",
    "genre": "religious art",
    "image": "https://commons.wikimedia.org/wiki/Special:FilePath/Andrea%20Mantegna%20047.jpg?width=420",
    "wikipedia_es": "https://es.wikipedia.org/wiki/Tr%C3%A1nsito_de_la_Virgen_(Mantegna)",
    "wikipedia_en": "https://en.wikipedia.org/wiki/Death_of_the_Virgin_(Mantegna)",
    "wikipedia_it": "https://it.wikipedia.org/wiki/Morte_della_Vergine_(Mantegna)",
    "wikidata": "https://www.wikidata.org/wiki/Q959537",
    "creation_place": "Mantua",
    "creation_lat": 45.1564,
    "creation_lon": 10.7914,
    "_source": {
     "source": "Wikidata",
     "url": "https://www.wikidata.org/wiki/Q959537",
     "retrieved_at": "2026-08-23"
    },
    "_overrides": {
     "creation": {
      "at": "2026-08-23",
      "source": "derived from start date + Caravaggio's documented itinerary (approximate)"
     }
    },
    "museum_id": "museo-del-prado",
    "qid": "Q959537",
    "wga_url": "https://www.wga.hu/html/m/mantegna/1/death_vx.html"
   }
  },
  {
   "type": "Feature",
   "geometry": {
    "type": "Point",
    "coordinates": [
     2.3358,
     48.8611
    ]
   },
   "properties": {
    "painter": "Mantegna",
    "title": "Madonna della Vittoria",
    "year": "1495",
    "country": "France",
    "location": "Louvre",
    "kind": "museum",
    "attribution": "generally accepted",
    "status": "present",
    "medium": "Oil on canvas",
    "dimensions": "285 × 168 cm",
    "genre": "religious art",
    "image": "https://commons.wikimedia.org/wiki/Special:FilePath/La%20Vierge%20de%20la%20Victoire%20-%20Andrea%20Mantegna%20-%20Mus%C3%A9e%20du%20Louvre%20Peintures%20INV%20369%20%3B%20MR%20337.jpg?width=420",
    "wikipedia_es": "https://es.wikipedia.org/wiki/Madonna_de_la_Victoria",
    "wikipedia_en": "https://en.wikipedia.org/wiki/Madonna_della_Vittoria",
    "wikipedia_it": "https://it.wikipedia.org/wiki/Madonna_della_Vittoria",
    "wikidata": "https://www.wikidata.org/wiki/Q965822",
    "creation_place": "Mantua",
    "creation_lat": 45.1564,
    "creation_lon": 10.7914,
    "_source": {
     "source": "Wikidata",
     "url": "https://www.wikidata.org/wiki/Q965822",
     "retrieved_at": "2026-08-23"
    },
    "_overrides": {
     "creation": {
      "at": "2026-08-23",
      "source": "derived from start date + Caravaggio's documented itinerary (approximate)"
     }
    },
    "museum_id": "louvre",
    "city": "Paris",
    "qid": "Q965822",
    "wga_url": "https://www.wga.hu/html/m/mantegna/2/mvictory.html"
   }
  }
 ]
}