{
 "type": "FeatureCollection",
 "_note": "Canon from List of paintings by Nicolas Poussin (Wikipedia). Coords via MediaWiki API.",
 "features": [
  {
   "type": "Feature",
   "geometry": {
    "type": "Point",
    "coordinates": [
     4.835,
     45.7675
    ]
   },
   "properties": {
    "painter": "Nicolas Poussin",
    "title": "Saint Denis the Areopagite crowned by an angel",
    "year": "1620–1621 c.",
    "city": "Lyon",
    "country": "France",
    "location": "musée des beaux-arts",
    "attribution": "generally accepted",
    "dimensions": "173 x 108 cm",
    "image": "https://upload.wikimedia.org/wikipedia/commons/thumb/e/e1/Saint_Denis_l%27Ar%C3%A9opagite_couronn%C3%A9_par_un_ange_-_Poussin_-_MBA_Rouen.jpg/500px-Saint_Denis_l%27Ar%C3%A9opagite_couronn%C3%A9_par_un_ange_-_Poussin_-_MBA_Rouen.jpg?utm_source=en.wikipedia.org&amp;utm_campaign=parser&amp;utm_content=thumbnail",
    "notable": true,
    "_source": {
     "source": "Wikipedia: List of paintings by Nicolas Poussin",
     "coord": "MediaWiki coordinates API"
    },
    "museum_id": "musee-des-beaux-arts-2"
   }
  },
  {
   "type": "Feature",
   "geometry": {
    "type": "Point",
    "coordinates": [
     4.835,
     45.7675
    ]
   },
   "properties": {
    "painter": "Nicolas Poussin",
    "title": "The Death of Chione",
    "year": "1622",
    "city": "Lyon",
    "location": "musée des beaux-arts",
    "attribution": "attributed",
    "dimensions": "109,5 x 159,5 cm",
    "image": "https://upload.wikimedia.org/wikipedia/commons/thumb/5/50/Nicolas_Poussin-La_Mort_de_Chion%C3%A9.jpg/500px-Nicolas_Poussin-La_Mort_de_Chion%C3%A9.jpg?utm_source=en.wikipedia.org&amp;utm_campaign=parser&amp;utm_content=thumbnail",
    "notable": true,
    "_source": {
     "source": "Wikipedia: List of paintings by Nicolas Poussin",
     "coord": "MediaWiki coordinates API"
    },
    "museum_id": "musee-des-beaux-arts-2",
    "country": "France"
   }
  },
  {
   "type": "Feature",
   "geometry": {
    "type": "Point",
    "coordinates": [
     4.51268,
     50.8617
    ]
   },
   "properties": {
    "painter": "Nicolas Poussin",
    "title": "Death of the Virgin",
    "year": "1623",
    "city": "Sterrebeek",
    "location": "Sint-Pancratiuskerk church",
    "attribution": "copy",
    "dimensions": "202 x 137 cm",
    "image": "https://upload.wikimedia.org/wikipedia/commons/thumb/2/21/La_Mort_de_la_Vierge_-_Nicolas_Poussin_-_1623.jpg/500px-La_Mort_de_la_Vierge_-_Nicolas_Poussin_-_1623.jpg?utm_source=en.wikipedia.org&amp;utm_campaign=parser&amp;utm_content=thumbnail",
    "notable": true,
    "_source": {
     "source": "Wikipedia: List of paintings by Nicolas Poussin",
     "coord": "MediaWiki coordinates API"
    },
    "museum_id": "sint-pancratiuskerk-church"
   }
  },
  {
   "type": "Feature",
   "geometry": {
    "type": "Point",
    "coordinates": [
     13.73466,
     51.05338
    ]
   },
   "properties": {
    "painter": "Nicolas Poussin",
    "title": "Moses left by the river",
    "year": "1624 c.",
    "city": "Dresden",
    "country": "Germany",
    "location": "Gemäldegalerie Alte Meister",
    "attribution": "generally accepted",
    "dimensions": "145 x 196 cm",
    "image": "https://upload.wikimedia.org/wikipedia/commons/thumb/8/87/Exposition_de_Mo%C3%AFse_-_Poussin_-_Gem%C3%A4ldegalerie_Alte_Meister_Dresden.jpg/500px-Exposition_de_Mo%C3%AFse_-_Poussin_-_Gem%C3%A4ldegalerie_Alte_Meister_Dresden.jpg?utm_source=en.wikipedia.org&amp;utm_campaign=parser&amp;utm_content=thumbnail",
    "notable": true,
    "creation_place": "Rome",
    "creation_lat": 41.9028,
    "creation_lon": 12.4964,
    "_source": {
     "source": "Wikipedia: List of paintings by Nicolas Poussin",
     "coord": "MediaWiki coordinates API"
    },
    "museum_id": "gemaldegalerie-alte-meister"
   }
  },
  {
   "type": "Feature",
   "geometry": {
    "type": "Point",
    "coordinates": [
     12.48278,
     41.89333
    ]
   },
   "properties": {
    "painter": "Nicolas Poussin",
    "title": "Triumph of a poet or Triumph of Ovid",
    "year": "1624–1625 c.",
    "city": "Rome",
    "country": "Italy",
    "location": "Palazzo Corsini",
    "attribution": "generally accepted",
    "dimensions": "148 x 176 cm",
    "image": "https://upload.wikimedia.org/wikipedia/commons/thumb/d/da/Triomphe_d%27Ovide_-_Poussin_-_Palazzo_Corsini.jpg/500px-Triomphe_d%27Ovide_-_Poussin_-_Palazzo_Corsini.jpg?utm_source=en.wikipedia.org&amp;utm_campaign=parser&amp;utm_content=thumbnail",
    "notable": true,
    "creation_place": "Rome",
    "creation_lat": 41.9028,
    "creation_lon": 12.4964,
    "_source": {
     "source": "Wikipedia: List of paintings by Nicolas Poussin",
     "coord": "MediaWiki coordinates API"
    },
    "museum_id": "palazzo-corsini"
   }
  },
  {
   "type": "Feature",
   "geometry": {
    "type": "Point",
    "coordinates": [
     -0.08639,
     51.44611
    ]
   },
   "properties": {
    "painter": "Nicolas Poussin",
    "title": "Rinaldo and Armida",
    "year": "1624–1625 c. (or 1630 ?)",
    "city": "London",
    "country": "United Kingdom",
    "location": "Dulwich Picture Gallery",
    "attribution": "generally accepted",
    "dimensions": "80 x 107 cm",
    "image": "https://upload.wikimedia.org/wikipedia/commons/thumb/c/c4/Rinaldo_and_armida_1629.jpg/500px-Rinaldo_and_armida_1629.jpg?utm_source=en.wikipedia.org&amp;utm_campaign=parser&amp;utm_content=thumbnail",
    "notable": true,
    "creation_place": "Rome",
    "creation_lat": 41.9028,
    "creation_lon": 12.4964,
    "_source": {
     "source": "Wikipedia: List of paintings by Nicolas Poussin",
     "coord": "MediaWiki coordinates API"
    },
    "museum_id": "dulwich-picture-gallery"
   }
  },
  {
   "type": "Feature",
   "geometry": {
    "type": "Point",
    "coordinates": [
     -1.08,
     53.96
    ]
   },
   "properties": {
    "painter": "Nicolas Poussin",
    "title": "Cephalus and Aurora",
    "year": "1624–1625 c.",
    "city": "Hovingham Hall",
    "location": "York",
    "attribution": "generally accepted",
    "dimensions": "79 x 152 cm",
    "image": "https://upload.wikimedia.org/wikipedia/commons/thumb/e/e1/C%C3%A9phale_et_l%27Aurore_-_Poussin_-_HovinghamHall.jpg/500px-C%C3%A9phale_et_l%27Aurore_-_Poussin_-_HovinghamHall.jpg?utm_source=en.wikipedia.org&amp;utm_campaign=parser&amp;utm_content=thumbnail",
    "notable": true,
    "creation_place": "Rome",
    "creation_lat": 41.9028,
    "creation_lon": 12.4964,
    "_source": {
     "source": "Wikipedia: List of paintings by Nicolas Poussin",
     "coord": "MediaWiki coordinates API"
    },
    "museum_id": "york"
   }
  },
  {
   "type": "Feature",
   "geometry": {
    "type": "Point",
    "coordinates": [
     -97.365,
     32.7486
    ]
   },
   "properties": {
    "painter": "Nicolas Poussin",
    "title": "Venus and Adonis",
    "year": "1624–1625 c.",
    "city": "Fort Worth",
    "country": "United States",
    "location": "Kimbell Art Museum",
    "attribution": "generally accepted",
    "dimensions": "98.5 x 134.6 cm",
    "image": "https://upload.wikimedia.org/wikipedia/commons/thumb/6/62/%27Venus_and_Adonis%27%2C_oil_on_canvas_painting_by_Nicolas_Poussin%2C_c._1628-29%2C_Kimbell_Art_Museum.jpg/500px-%27Venus_and_Adonis%27%2C_oil_on_canvas_painting_by_Nicolas_Poussin%2C_c._1628-29%2C_Kimbell_Art_Museum.jpg?utm_source=en.wikipedia.org&amp;utm_campaign=parser&amp;utm_content=thumbnail",
    "notable": true,
    "creation_place": "Rome",
    "creation_lat": 41.9028,
    "creation_lon": 12.4964,
    "_source": {
     "source": "Wikipedia: List of paintings by Nicolas Poussin",
     "coord": "MediaWiki coordinates API"
    },
    "museum_id": "kimbell-art-museum"
   }
  },
  {
   "type": "Feature",
   "geometry": {
    "type": "Point",
    "coordinates": [
     12.4877,
     41.8984
    ]
   },
   "properties": {
    "painter": "Nicolas Poussin",
    "title": "Child with a cornucopia",
    "year": "1624–1625 c.",
    "city": "Rome",
    "country": "Italy",
    "location": "Palazzo Pallavicini-Rospigliosi",
    "attribution": "generally accepted",
    "dimensions": "54,8 x 51,8",
    "notable": true,
    "creation_place": "Rome",
    "creation_lat": 41.9028,
    "creation_lon": 12.4964,
    "_source": {
     "source": "Wikipedia: List of paintings by Nicolas Poussin",
     "coord": "MediaWiki coordinates API"
    },
    "museum_id": "palazzo-pallavicini-rospigliosi"
   }
  },
  {
   "type": "Feature",
   "geometry": {
    "type": "Point",
    "coordinates": [
     13.73466,
     51.05338
    ]
   },
   "properties": {
    "painter": "Nicolas Poussin",
    "title": "Sleeping Venus with Cupid or Venus espied by shepherds",
    "year": "1624–1626 c.",
    "city": "Dresden",
    "country": "Germany",
    "location": "Gemäldegalerie Alte Meister",
    "attribution": "disputed",
    "dimensions": "71 x 96 cm",
    "image": "https://upload.wikimedia.org/wikipedia/commons/thumb/b/b9/V%C3%A9nus_dormant_avec_l%27Amour_-_1627-1628%2C_Dresde%2C_Gem%C3%A4ldegalerie.jpg/500px-V%C3%A9nus_dormant_avec_l%27Amour_-_1627-1628%2C_Dresde%2C_Gem%C3%A4ldegalerie.jpg?utm_source=en.wikipedia.org&amp;utm_campaign=parser&amp;utm_content=thumbnail",
    "notable": true,
    "creation_place": "Rome",
    "creation_lat": 41.9028,
    "creation_lon": 12.4964,
    "_source": {
     "source": "Wikipedia: List of paintings by Nicolas Poussin",
     "coord": "MediaWiki coordinates API"
    },
    "museum_id": "gemaldegalerie-alte-meister"
   }
  },
  {
   "type": "Feature",
   "geometry": {
    "type": "Point",
    "coordinates": [
     2.33333,
     48.85694
    ]
   },
   "properties": {
    "painter": "Nicolas Poussin",
    "title": "Mercury, Herse and Aglaulus",
    "year": "1624–1626 c.",
    "city": "Paris",
    "country": "France",
    "location": "École nationale supérieure des Beaux-Arts",
    "attribution": "generally accepted",
    "dimensions": "53,5 x 77,5 cm",
    "image": "https://upload.wikimedia.org/wikipedia/commons/thumb/3/35/Poussin_Mercure_Hers%C3%A9_et_Aglaure_ENSBA.jpg/500px-Poussin_Mercure_Hers%C3%A9_et_Aglaure_ENSBA.jpg?utm_source=en.wikipedia.org&amp;utm_campaign=parser&amp;utm_content=thumbnail",
    "notable": true,
    "creation_place": "Rome",
    "creation_lat": 41.9028,
    "creation_lon": 12.4964,
    "_source": {
     "source": "Wikipedia: List of paintings by Nicolas Poussin",
     "coord": "MediaWiki coordinates API"
    },
    "museum_id": "ecole-nationale-superieure-des-beaux-arts"
   }
  },
  {
   "type": "Feature",
   "geometry": {
    "type": "Point",
    "coordinates": [
     37.60603,
     55.74703
    ]
   },
   "properties": {
    "painter": "Nicolas Poussin",
    "title": "Rinaldo and Armida",
    "year": "1625 c.",
    "city": "Moscow",
    "country": "Russia",
    "location": "Pushkin Museum",
    "attribution": "generally accepted",
    "dimensions": "95 x 133 cm",
    "image": "https://upload.wikimedia.org/wikipedia/commons/thumb/7/77/Nicolas_Poussin_075.jpg/500px-Nicolas_Poussin_075.jpg?utm_source=en.wikipedia.org&amp;utm_campaign=parser&amp;utm_content=thumbnail",
    "notable": true,
    "creation_place": "Rome",
    "creation_lat": 41.9028,
    "creation_lon": 12.4964,
    "_source": {
     "source": "Wikipedia: List of paintings by Nicolas Poussin",
     "coord": "MediaWiki coordinates API"
    },
    "museum_id": "pushkin-museum"
   }
  },
  {
   "type": "Feature",
   "geometry": {
    "type": "Point",
    "coordinates": [
     12.45277,
     41.90573
    ]
   },
   "properties": {
    "painter": "Nicolas Poussin",
    "title": "Gideon's Battle against the Midianites",
    "year": "1625–1626 c.",
    "city": "Vatican City",
    "country": "Vatican City",
    "location": "Pinacoteca Vaticana",
    "attribution": "generally accepted",
    "dimensions": "98 x 137 cm",
    "image": "https://upload.wikimedia.org/wikipedia/commons/thumb/8/8d/Poussin_La_Victoire_de_G%C3%A9d%C3%A9on_contre_les_Madianite.jpg/500px-Poussin_La_Victoire_de_G%C3%A9d%C3%A9on_contre_les_Madianite.jpg?utm_source=en.wikipedia.org&amp;utm_campaign=parser&amp;utm_content=thumbnail",
    "notable": true,
    "creation_place": "Rome",
    "creation_lat": 41.9028,
    "creation_lon": 12.4964,
    "_source": {
     "source": "Wikipedia: List of paintings by Nicolas Poussin",
     "coord": "MediaWiki coordinates API"
    },
    "museum_id": "pinacoteca-vaticana"
   }
  },
  {
   "type": "Feature",
   "geometry": {
    "type": "Point",
    "coordinates": [
     37.60603,
     55.74703
    ]
   },
   "properties": {
    "painter": "Nicolas Poussin",
    "title": "Joshua's Victory over the Amorites",
    "year": "1625–1626",
    "city": "Moscow",
    "country": "Russia",
    "location": "Pushkin Museum",
    "attribution": "generally accepted",
    "dimensions": "97,5 x 134 cm",
    "image": "https://upload.wikimedia.org/wikipedia/commons/thumb/0/06/Poussin_-_Josu%C3%A9_et_les_Amorites_Moscou.jpg/500px-Poussin_-_Josu%C3%A9_et_les_Amorites_Moscou.jpg?utm_source=en.wikipedia.org&amp;utm_campaign=parser&amp;utm_content=thumbnail",
    "notable": true,
    "creation_place": "Rome",
    "creation_lat": 41.9028,
    "creation_lon": 12.4964,
    "_source": {
     "source": "Wikipedia: List of paintings by Nicolas Poussin",
     "coord": "MediaWiki coordinates API"
    },
    "museum_id": "pushkin-museum"
   }
  },
  {
   "type": "Feature",
   "geometry": {
    "type": "Point",
    "coordinates": [
     30.3136,
     59.9406
    ]
   },
   "properties": {
    "painter": "Nicolas Poussin",
    "title": "Joshua's Victory over the Amalekites",
    "year": "1625–1626",
    "city": "Saint Petersburg",
    "location": "Hermitage Museum",
    "attribution": "generally accepted",
    "dimensions": "97,5 x 134 cm",
    "image": "https://upload.wikimedia.org/wikipedia/commons/thumb/1/17/Poussin_Nicolas_-_The_Victory_of_Joshua_over_the_Amalekites_copy.jpg/500px-Poussin_Nicolas_-_The_Victory_of_Joshua_over_the_Amalekites_copy.jpg?utm_source=en.wikipedia.org&amp;utm_campaign=parser&amp;utm_content=thumbnail",
    "notable": true,
    "creation_place": "Rome",
    "creation_lat": 41.9028,
    "creation_lon": 12.4964,
    "_source": {
     "source": "Wikipedia: List of paintings by Nicolas Poussin",
     "coord": "MediaWiki coordinates API"
    },
    "museum_id": "hermitage-museum",
    "country": "Russia"
   }
  },
  {
   "type": "Feature",
   "geometry": {
    "type": "Point",
    "coordinates": [
     -3.6922,
     40.4139
    ]
   },
   "properties": {
    "painter": "Nicolas Poussin",
    "title": "Bacchanale or Bacchus and Ariadne",
    "year": "1625–1626",
    "city": "Madrid",
    "country": "Spain",
    "location": "Museo del Prado",
    "attribution": "rejected",
    "dimensions": "122 x 169 cm",
    "image": "https://upload.wikimedia.org/wikipedia/commons/thumb/b/b2/Bacchanale_-_Poussin_-_mus%C3%A9e_du_Prado.jpg/500px-Bacchanale_-_Poussin_-_mus%C3%A9e_du_Prado.jpg?utm_source=en.wikipedia.org&amp;utm_campaign=parser&amp;utm_content=thumbnail",
    "notable": true,
    "creation_place": "Rome",
    "creation_lat": 41.9028,
    "creation_lon": 12.4964,
    "_source": {
     "source": "Wikipedia: List of paintings by Nicolas Poussin",
     "coord": "MediaWiki coordinates API"
    },
    "museum_id": "museo-del-prado"
   }
  },
  {
   "type": "Feature",
   "geometry": {
    "type": "Point",
    "coordinates": [
     -0.1283,
     51.5089
    ]
   },
   "properties": {
    "painter": "Nicolas Poussin",
    "title": "Cephalus and Aurora",
    "year": "1625–1626 c.",
    "city": "London",
    "country": "United Kingdom",
    "location": "National Gallery",
    "attribution": "generally accepted",
    "dimensions": "96,9 x 131,3 cm",
    "image": "https://upload.wikimedia.org/wikipedia/commons/thumb/1/12/Nicolas_Poussin_-_Cephalus_and_Aurora_-_Google_Art_Project.jpg/500px-Nicolas_Poussin_-_Cephalus_and_Aurora_-_Google_Art_Project.jpg?utm_source=en.wikipedia.org&amp;utm_campaign=parser&amp;utm_content=thumbnail",
    "notable": true,
    "creation_place": "Rome",
    "creation_lat": 41.9028,
    "creation_lon": 12.4964,
    "_source": {
     "source": "Wikipedia: List of paintings by Nicolas Poussin",
     "coord": "MediaWiki coordinates API"
    },
    "museum_id": "national-gallery"
   }
  },
  {
   "type": "Feature",
   "geometry": {
    "type": "Point",
    "coordinates": [
     -71.40721,
     41.82678
    ]
   },
   "properties": {
    "painter": "Nicolas Poussin",
    "title": "Venus and Adonis",
    "year": "1625–1626 (vers)",
    "city": "Providence (Rhode Island)",
    "location": "Rhode Island School of Design Museum of Art",
    "attribution": "generally accepted",
    "dimensions": "75 x 100 cm",
    "image": "https://upload.wikimedia.org/wikipedia/commons/thumb/5/5a/Poussin_-_Venus_et_Adonis_-_Poussin_-_RISofD_Museum_of_Art.jpg/500px-Poussin_-_Venus_et_Adonis_-_Poussin_-_RISofD_Museum_of_Art.jpg?utm_source=en.wikipedia.org&amp;utm_campaign=parser&amp;utm_content=thumbnail",
    "notable": true,
    "creation_place": "Rome",
    "creation_lat": 41.9028,
    "creation_lon": 12.4964,
    "_source": {
     "source": "Wikipedia: List of paintings by Nicolas Poussin",
     "coord": "MediaWiki coordinates API"
    },
    "museum_id": "rhode-island-school-of-design-museum-of-art"
   }
  },
  {
   "type": "Feature",
   "geometry": {
    "type": "Point",
    "coordinates": [
     -46.63333,
     -23.55
    ]
   },
   "properties": {
    "painter": "Nicolas Poussin",
    "title": "Landscape with nymph and satyr or Amor Omnia Vincit",
    "year": "1625–1627 c.",
    "city": "São Paulo",
    "country": "United States",
    "location": "Museum of Art",
    "attribution": "rejected",
    "dimensions": "97 x 127,5 cm",
    "image": "https://upload.wikimedia.org/wikipedia/commons/thumb/a/a0/Nymphs_and_a_Satyr_%28Amor_Vincit_Omnia%29_-_Nicolas_Poussin_-_Cleveland_MofA.jpg/500px-Nymphs_and_a_Satyr_%28Amor_Vincit_Omnia%29_-_Nicolas_Poussin_-_Cleveland_MofA.jpg?utm_source=en.wikipedia.org&amp;utm_campaign=parser&amp;utm_content=thumbnail",
    "notable": true,
    "creation_place": "Rome",
    "creation_lat": 41.9028,
    "creation_lon": 12.4964,
    "_source": {
     "source": "Wikipedia: List of paintings by Nicolas Poussin",
     "coord": "MediaWiki coordinates API"
    },
    "museum_id": "museum-of-art"
   }
  },
  {
   "type": "Feature",
   "geometry": {
    "type": "Point",
    "coordinates": [
     2.48528,
     49.19389
    ]
   },
   "properties": {
    "painter": "Nicolas Poussin",
    "title": "Numa Pompilius and the nymph Egeria",
    "year": "1625–1628 c.",
    "city": "Chantilly",
    "location": "Musée Condé",
    "attribution": "generally accepted",
    "dimensions": "100 x 75 cm",
    "image": "https://upload.wikimedia.org/wikipedia/commons/thumb/e/e4/Midas_transformant_en_or_le_rameau_d%27une_yeuse_-_Poussin_-_mus%C3%A9e_Cond%C3%A9.jpg/500px-Midas_transformant_en_or_le_rameau_d%27une_yeuse_-_Poussin_-_mus%C3%A9e_Cond%C3%A9.jpg?utm_source=en.wikipedia.org&amp;utm_campaign=parser&amp;utm_content=thumbnail",
    "notable": true,
    "creation_place": "Rome",
    "creation_lat": 41.9028,
    "creation_lon": 12.4964,
    "_source": {
     "source": "Wikipedia: List of paintings by Nicolas Poussin",
     "coord": "MediaWiki coordinates API"
    },
    "museum_id": "musee-conde",
    "country": "France"
   }
  },
  {
   "type": "Feature",
   "geometry": {
    "type": "Point",
    "coordinates": [
     2.48528,
     49.19389
    ]
   },
   "properties": {
    "painter": "Nicolas Poussin",
    "title": "The Massacre of the Innocents",
    "year": "1625–1629 c.",
    "city": "Chantilly",
    "location": "Musée Condé",
    "attribution": "generally accepted",
    "dimensions": "147 x 171 cm",
    "image": "https://upload.wikimedia.org/wikipedia/commons/thumb/9/9f/Nicolas_Poussin_-_Le_massacre_des_Innocents_-_Google_Art_Project.jpg/500px-Nicolas_Poussin_-_Le_massacre_des_Innocents_-_Google_Art_Project.jpg?utm_source=en.wikipedia.org&amp;utm_campaign=parser&amp;utm_content=thumbnail",
    "notable": true,
    "creation_place": "Rome",
    "creation_lat": 41.9028,
    "creation_lon": 12.4964,
    "_source": {
     "source": "Wikipedia: List of paintings by Nicolas Poussin",
     "coord": "MediaWiki coordinates API"
    },
    "museum_id": "musee-conde",
    "country": "France"
   }
  },
  {
   "type": "Feature",
   "geometry": {
    "type": "Point",
    "coordinates": [
     -0.36361,
     49.18139
    ]
   },
   "properties": {
    "painter": "Nicolas Poussin",
    "title": "Venus weeping for Adonis",
    "year": "1626",
    "city": "Caen",
    "location": "musée des Beaux-Arts",
    "attribution": "generally accepted",
    "dimensions": "57 x 128 cm",
    "image": "https://upload.wikimedia.org/wikipedia/commons/thumb/e/ec/Poussin_-_V%C3%A9nus_pleurant_Adonis_-_mus%C3%A9e_de_Caen.jpg/500px-Poussin_-_V%C3%A9nus_pleurant_Adonis_-_mus%C3%A9e_de_Caen.jpg?utm_source=en.wikipedia.org&amp;utm_campaign=parser&amp;utm_content=thumbnail",
    "notable": true,
    "creation_place": "Rome",
    "creation_lat": 41.9028,
    "creation_lon": 12.4964,
    "_source": {
     "source": "Wikipedia: List of paintings by Nicolas Poussin",
     "coord": "MediaWiki coordinates API"
    },
    "museum_id": "musee-des-beaux-arts-2-2"
   }
  },
  {
   "type": "Feature",
   "geometry": {
    "type": "Point",
    "coordinates": [
     35.2042,
     31.7725
    ]
   },
   "properties": {
    "painter": "Nicolas Poussin",
    "title": "The Destruction of the Temple in Jerusalem",
    "year": "1626",
    "city": "Jerusalem",
    "location": "Israel Museum",
    "attribution": "generally accepted",
    "dimensions": "145,8 x 194 cm",
    "image": "https://upload.wikimedia.org/wikipedia/commons/thumb/9/9c/La_Destruction_du_temple_de_J%C3%A9rusalem_-_Nicolas_Poussin_-_Israel_Museum.jpg/500px-La_Destruction_du_temple_de_J%C3%A9rusalem_-_Nicolas_Poussin_-_Israel_Museum.jpg?utm_source=en.wikipedia.org&amp;utm_campaign=parser&amp;utm_content=thumbnail",
    "notable": true,
    "creation_place": "Rome",
    "creation_lat": 41.9028,
    "creation_lon": 12.4964,
    "_source": {
     "source": "Wikipedia: List of paintings by Nicolas Poussin",
     "coord": "MediaWiki coordinates API"
    },
    "museum_id": "israel-museum",
    "country": "Israel"
   }
  },
  {
   "type": "Feature",
   "geometry": {
    "type": "Point",
    "coordinates": [
     3.88019,
     43.61174
    ]
   },
   "properties": {
    "painter": "Nicolas Poussin",
    "title": "View of Grottaferrata , made up of Venus and Adonis and Landscape with a river god",
    "year": "1626 c.",
    "city": "Montpellier",
    "location": "Musée Fabre",
    "attribution": "generally accepted",
    "dimensions": "77 x 202 cm (74,5 x 112 cm + 77 x 88 cm)",
    "image": "https://upload.wikimedia.org/wikipedia/commons/thumb/f/f1/Vue_de_Grottaferrata_avec_V%C3%A9nus_et_Adonis-_Poussin_-Montpellier.jpg/500px-Vue_de_Grottaferrata_avec_V%C3%A9nus_et_Adonis-_Poussin_-Montpellier.jpg?utm_source=en.wikipedia.org&amp;utm_campaign=parser&amp;utm_content=thumbnail",
    "notable": true,
    "creation_place": "Rome",
    "creation_lat": 41.9028,
    "creation_lon": 12.4964,
    "_source": {
     "source": "Wikipedia: List of paintings by Nicolas Poussin",
     "coord": "MediaWiki coordinates API"
    },
    "museum_id": "musee-fabre",
    "country": "France"
   }
  },
  {
   "type": "Feature",
   "geometry": {
    "type": "Point",
    "coordinates": [
     11.57,
     48.14833
    ]
   },
   "properties": {
    "painter": "Nicolas Poussin",
    "title": "Apollo and Daphne",
    "year": "1626 c.",
    "city": "Munich",
    "country": "Germany",
    "location": "Alte Pinakothek",
    "attribution": "generally accepted",
    "dimensions": "97 x 131 cm",
    "image": "https://upload.wikimedia.org/wikipedia/commons/thumb/f/ff/Nicolas_Poussin_-_Apollo_and_Daphne_-_WGA18261.jpg/500px-Nicolas_Poussin_-_Apollo_and_Daphne_-_WGA18261.jpg?utm_source=en.wikipedia.org&amp;utm_campaign=parser&amp;utm_content=thumbnail",
    "notable": true,
    "creation_place": "Rome",
    "creation_lat": 41.9028,
    "creation_lon": 12.4964,
    "_source": {
     "source": "Wikipedia: List of paintings by Nicolas Poussin",
     "coord": "MediaWiki coordinates API"
    },
    "museum_id": "alte-pinakothek"
   }
  },
  {
   "type": "Feature",
   "geometry": {
    "type": "Point",
    "coordinates": [
     12.48953,
     41.90278
    ]
   },
   "properties": {
    "painter": "Nicolas Poussin",
    "title": "Children's bacchanal",
    "year": "1626",
    "city": "Rome",
    "country": "Italy",
    "location": "Galleria Nazionale d'Arte Antica",
    "attribution": "generally accepted",
    "dimensions": "56 x 76 cm",
    "image": "https://upload.wikimedia.org/wikipedia/commons/thumb/7/76/Bacchanale_d%27enfants_-_Nicolas_Poussin_-_Palazzo_Barberini.jpg/500px-Bacchanale_d%27enfants_-_Nicolas_Poussin_-_Palazzo_Barberini.jpg?utm_source=en.wikipedia.org&amp;utm_campaign=parser&amp;utm_content=thumbnail",
    "notable": true,
    "creation_place": "Rome",
    "creation_lat": 41.9028,
    "creation_lon": 12.4964,
    "_source": {
     "source": "Wikipedia: List of paintings by Nicolas Poussin",
     "coord": "MediaWiki coordinates API"
    },
    "museum_id": "galleria-nazionale-d-arte-antica"
   }
  },
  {
   "type": "Feature",
   "geometry": {
    "type": "Point",
    "coordinates": [
     12.48953,
     41.90278
    ]
   },
   "properties": {
    "painter": "Nicolas Poussin",
    "title": "Children's bacchanal",
    "year": "1626",
    "city": "Rome",
    "country": "Italy",
    "location": "Galleria Nazionale d'Arte Antica",
    "attribution": "generally accepted",
    "dimensions": "74 x 85 cm",
    "image": "https://upload.wikimedia.org/wikipedia/commons/thumb/b/be/Nicolas_Poussin_-_Bacchanal_of_Putti_-_WGA18262.jpg/500px-Nicolas_Poussin_-_Bacchanal_of_Putti_-_WGA18262.jpg?utm_source=en.wikipedia.org&amp;utm_campaign=parser&amp;utm_content=thumbnail",
    "notable": true,
    "creation_place": "Rome",
    "creation_lat": 41.9028,
    "creation_lon": 12.4964,
    "_source": {
     "source": "Wikipedia: List of paintings by Nicolas Poussin",
     "coord": "MediaWiki coordinates API"
    },
    "museum_id": "galleria-nazionale-d-arte-antica"
   }
  },
  {
   "type": "Feature",
   "geometry": {
    "type": "Point",
    "coordinates": [
     11.57,
     48.14833
    ]
   },
   "properties": {
    "painter": "Nicolas Poussin",
    "title": "Lamentation over the dead Christ",
    "year": "1626",
    "city": "Munich",
    "country": "Germany",
    "location": "Alte Pinakothek",
    "attribution": "generally accepted",
    "dimensions": "102 x 148 cm",
    "image": "https://upload.wikimedia.org/wikipedia/commons/thumb/7/7b/Lamentation_of_Christ_by_Nicolas_Poussin_%281628%29_-_Alte_Pinakothek_-_Munich_-_Germany_2017.jpg/500px-Lamentation_of_Christ_by_Nicolas_Poussin_%281628%29_-_Alte_Pinakothek_-_Munich_-_Germany_2017.jpg?utm_source=en.wikipedia.org&amp;utm_campaign=parser&amp;utm_content=thumbnail",
    "notable": true,
    "creation_place": "Rome",
    "creation_lat": 41.9028,
    "creation_lon": 12.4964,
    "_source": {
     "source": "Wikipedia: List of paintings by Nicolas Poussin",
     "coord": "MediaWiki coordinates API"
    },
    "museum_id": "alte-pinakothek"
   }
  },
  {
   "type": "Feature",
   "geometry": {
    "type": "Point",
    "coordinates": [
     8.54111,
     47.37444
    ]
   },
   "properties": {
    "painter": "Nicolas Poussin",
    "title": "Venus surprised by satyrs",
    "year": "1626",
    "city": "Zurich",
    "location": "Kunsthaus",
    "attribution": "rejected",
    "dimensions": "77 x 100 cm",
    "image": "https://upload.wikimedia.org/wikipedia/commons/thumb/1/18/Poussin%2C_Nicolas_-_Schlafende_Venus%2C_von_Satyr_%C3%BCberrascht_-_1626.jpg/500px-Poussin%2C_Nicolas_-_Schlafende_Venus%2C_von_Satyr_%C3%BCberrascht_-_1626.jpg?utm_source=en.wikipedia.org&amp;utm_campaign=parser&amp;utm_content=thumbnail",
    "notable": true,
    "creation_place": "Rome",
    "creation_lat": 41.9028,
    "creation_lon": 12.4964,
    "_source": {
     "source": "Wikipedia: List of paintings by Nicolas Poussin",
     "coord": "MediaWiki coordinates API"
    },
    "museum_id": "kunsthaus"
   }
  },
  {
   "type": "Feature",
   "geometry": {
    "type": "Point",
    "coordinates": [
     30.3136,
     59.9406
    ]
   },
   "properties": {
    "painter": "Nicolas Poussin",
    "title": "Descent from the cross or The deposition from the cross",
    "year": "1626 c.",
    "city": "Saint Petersburg",
    "location": "Hermitage Museum",
    "attribution": "generally accepted",
    "dimensions": "119 × 98 cm",
    "image": "https://upload.wikimedia.org/wikipedia/commons/thumb/b/b2/Nicolas_Poussin_-_Descente_de_croix.jpg/500px-Nicolas_Poussin_-_Descente_de_croix.jpg?utm_source=en.wikipedia.org&amp;utm_campaign=parser&amp;utm_content=thumbnail",
    "notable": true,
    "creation_place": "Rome",
    "creation_lat": 41.9028,
    "creation_lon": 12.4964,
    "_source": {
     "source": "Wikipedia: List of paintings by Nicolas Poussin",
     "coord": "MediaWiki coordinates API"
    },
    "museum_id": "hermitage-museum",
    "country": "Russia"
   }
  },
  {
   "type": "Feature",
   "geometry": {
    "type": "Point",
    "coordinates": [
     2.48528,
     49.19389
    ]
   },
   "properties": {
    "painter": "Nicolas Poussin",
    "title": "The Infancy of Bacchus",
    "year": "1626 c.",
    "city": "Chantilly",
    "location": "Musée Condé",
    "attribution": "generally accepted",
    "dimensions": "135 x 168 cm",
    "image": "https://upload.wikimedia.org/wikipedia/commons/thumb/b/b8/L%27Enfance_de_Bacchus_-_Poussin_-_mus%C3%A9e_Cond%C3%A9.jpg/500px-L%27Enfance_de_Bacchus_-_Poussin_-_mus%C3%A9e_Cond%C3%A9.jpg?utm_source=en.wikipedia.org&amp;utm_campaign=parser&amp;utm_content=thumbnail",
    "notable": true,
    "creation_place": "Rome",
    "creation_lat": 41.9028,
    "creation_lon": 12.4964,
    "_source": {
     "source": "Wikipedia: List of paintings by Nicolas Poussin",
     "coord": "MediaWiki coordinates API"
    },
    "museum_id": "musee-conde",
    "country": "France"
   }
  },
  {
   "type": "Feature",
   "geometry": {
    "type": "Point",
    "coordinates": [
     13.3647,
     52.5086
    ]
   },
   "properties": {
    "painter": "Nicolas Poussin",
    "title": "Helios and Phaeton with Saturn and the Four Seasons or Apollo loaning his chariot to Phaeton",
    "year": "1626–1627 c.",
    "city": "Berlin",
    "country": "Germany",
    "location": "Gemäldegalerie",
    "attribution": "generally accepted",
    "dimensions": "122 x 153 cm",
    "image": "https://upload.wikimedia.org/wikipedia/commons/thumb/e/e3/Nicolas_Poussin_-_Helios_and_Phaeton_with_Saturn_and_the_Four_Seasons.jpg/500px-Nicolas_Poussin_-_Helios_and_Phaeton_with_Saturn_and_the_Four_Seasons.jpg?utm_source=en.wikipedia.org&amp;utm_campaign=parser&amp;utm_content=thumbnail",
    "notable": true,
    "creation_place": "Rome",
    "creation_lat": 41.9028,
    "creation_lon": 12.4964,
    "_source": {
     "source": "Wikipedia: List of paintings by Nicolas Poussin",
     "coord": "MediaWiki coordinates API"
    },
    "museum_id": "gemaldegalerie"
   }
  },
  {
   "type": "Feature",
   "geometry": {
    "type": "Point",
    "coordinates": [
     2.3358,
     48.8611
    ]
   },
   "properties": {
    "painter": "Nicolas Poussin",
    "title": "The Nurture of Bacchus or A Little Bacchanal",
    "year": "1626–1627 c.",
    "city": "Paris",
    "country": "France",
    "location": "Louvre",
    "attribution": "rejected",
    "dimensions": "97 x 136 cm",
    "image": "https://upload.wikimedia.org/wikipedia/commons/thumb/e/ea/Nicolas_Poussin_-_The_Nurture_of_Bacchus_-_WGA18285.jpg/500px-Nicolas_Poussin_-_The_Nurture_of_Bacchus_-_WGA18285.jpg?utm_source=en.wikipedia.org&amp;utm_campaign=parser&amp;utm_content=thumbnail",
    "notable": true,
    "creation_place": "Rome",
    "creation_lat": 41.9028,
    "creation_lon": 12.4964,
    "_source": {
     "source": "Wikipedia: List of paintings by Nicolas Poussin",
     "coord": "MediaWiki coordinates API"
    },
    "museum_id": "louvre"
   }
  },
  {
   "type": "Feature",
   "geometry": {
    "type": "Point",
    "coordinates": [
     -0.1283,
     51.5089
    ]
   },
   "properties": {
    "painter": "Nicolas Poussin",
    "title": "The Nurture of Bacchus or The Infancy of Bacchus",
    "year": "1626–1627 c.",
    "city": "London",
    "country": "United Kingdom",
    "location": "National Gallery",
    "attribution": "generally accepted",
    "dimensions": "75 x 97 cm",
    "image": "https://upload.wikimedia.org/wikipedia/commons/thumb/2/24/La_Nourriture_de_Bacchus_-_Nicolas_Poussin_-_National_Gallery_London.jpg/500px-La_Nourriture_de_Bacchus_-_Nicolas_Poussin_-_National_Gallery_London.jpg?utm_source=en.wikipedia.org&amp;utm_campaign=parser&amp;utm_content=thumbnail",
    "notable": true,
    "creation_place": "Rome",
    "creation_lat": 41.9028,
    "creation_lon": 12.4964,
    "_source": {
     "source": "Wikipedia: List of paintings by Nicolas Poussin",
     "coord": "MediaWiki coordinates API"
    },
    "museum_id": "national-gallery"
   }
  },
  {
   "type": "Feature",
   "geometry": {
    "type": "Point",
    "coordinates": [
     -0.1275,
     51.50722
    ]
   },
   "properties": {
    "painter": "Nicolas Poussin",
    "title": "Venus and Mercury , made up of Venus and Mercury (image, left) and Concert of loves",
    "year": "1626–1627 c.",
    "city": "London",
    "country": "United Kingdom",
    "location": "Dulwich Picture Gallery and Paris",
    "attribution": "generally accepted",
    "dimensions": "78 x 85 cm et 57 x 51 cm",
    "image": "https://upload.wikimedia.org/wikipedia/commons/thumb/0/06/Venus_et_Mercure_-_Poussin_-_Dulwich_PG.jpg/500px-Venus_et_Mercure_-_Poussin_-_Dulwich_PG.jpg?utm_source=en.wikipedia.org&amp;utm_campaign=parser&amp;utm_content=thumbnail",
    "notable": true,
    "creation_place": "Rome",
    "creation_lat": 41.9028,
    "creation_lon": 12.4964,
    "_source": {
     "source": "Wikipedia: List of paintings by Nicolas Poussin",
     "coord": "MediaWiki coordinates API"
    },
    "museum_id": "dulwich-picture-gallery-and-paris"
   }
  },
  {
   "type": "Feature",
   "geometry": {
    "type": "Point",
    "coordinates": [
     -0.1375,
     50.82083
    ]
   },
   "properties": {
    "painter": "Nicolas Poussin",
    "title": "Virgin and Child",
    "year": "1626–1627 c.",
    "city": "Preston Manor",
    "location": "Brighton",
    "attribution": "generally accepted",
    "dimensions": "58,5 x 49,5 cm",
    "image": "https://upload.wikimedia.org/wikipedia/commons/thumb/a/a2/Vierge_%C3%A0_l%27enfant_-_Poussin_-_Preston_Manor.jpg/500px-Vierge_%C3%A0_l%27enfant_-_Poussin_-_Preston_Manor.jpg?utm_source=en.wikipedia.org&amp;utm_campaign=parser&amp;utm_content=thumbnail",
    "notable": true,
    "creation_place": "Rome",
    "creation_lat": 41.9028,
    "creation_lon": 12.4964,
    "_source": {
     "source": "Wikipedia: List of paintings by Nicolas Poussin",
     "coord": "MediaWiki coordinates API"
    },
    "museum_id": "brighton"
   }
  },
  {
   "type": "Feature",
   "geometry": {
    "type": "Point",
    "coordinates": [
     -1.62306,
     49.63722
    ]
   },
   "properties": {
    "painter": "Nicolas Poussin",
    "title": "Piéta",
    "year": "1626–1627 c.",
    "city": "Cherbourg-en-Cotentin",
    "location": "Musée Thomas-Henry",
    "attribution": "generally accepted",
    "dimensions": "57,5 x 48,5 cm",
    "image": "https://upload.wikimedia.org/wikipedia/commons/thumb/9/97/Nicolas_Poussin_and_Daniel_Seghers_-_Piet%C3%A0_-_Mus%C3%A9e_Thomas-Henry.jpg/500px-Nicolas_Poussin_and_Daniel_Seghers_-_Piet%C3%A0_-_Mus%C3%A9e_Thomas-Henry.jpg?utm_source=en.wikipedia.org&amp;utm_campaign=parser&amp;utm_content=thumbnail",
    "notable": true,
    "creation_place": "Rome",
    "creation_lat": 41.9028,
    "creation_lon": 12.4964,
    "_source": {
     "source": "Wikipedia: List of paintings by Nicolas Poussin",
     "coord": "MediaWiki coordinates API"
    },
    "museum_id": "musee-thomas-henry",
    "country": "France"
   }
  },
  {
   "type": "Feature",
   "geometry": {
    "type": "Point",
    "coordinates": [
     18.0781,
     59.3286
    ]
   },
   "properties": {
    "painter": "Nicolas Poussin",
    "title": "Bacchus-Apollo or Bacchus and Erigone",
    "year": "1626–1627 c. (or c. 1628 ?)",
    "city": "Stockholm",
    "country": "Sweden",
    "location": "Nationalmuseum",
    "attribution": "generally accepted",
    "dimensions": "98 x 73,5 cm",
    "image": "https://upload.wikimedia.org/wikipedia/commons/thumb/4/42/Bacchus-Appolon_-_Poussin_-_Stockholm_Nationalmuseum.jpg/500px-Bacchus-Appolon_-_Poussin_-_Stockholm_Nationalmuseum.jpg?utm_source=en.wikipedia.org&amp;utm_campaign=parser&amp;utm_content=thumbnail",
    "notable": true,
    "creation_place": "Rome",
    "creation_lat": 41.9028,
    "creation_lon": 12.4964,
    "_source": {
     "source": "Wikipedia: List of paintings by Nicolas Poussin",
     "coord": "MediaWiki coordinates API"
    },
    "museum_id": "nationalmuseum"
   }
  },
  {
   "type": "Feature",
   "geometry": {
    "type": "Point",
    "coordinates": [
     -3.6922,
     40.4139
    ]
   },
   "properties": {
    "painter": "Nicolas Poussin",
    "title": "Bacchic scene or Nymph and satyr drinking",
    "year": "1626–1628",
    "city": "Madrid",
    "country": "Spain",
    "location": "Museo del Prado",
    "attribution": "copy",
    "dimensions": "74 x 60 cm",
    "image": "https://upload.wikimedia.org/wikipedia/commons/thumb/0/02/Nymphe_et_satyre_buvant_-_Poussin_-_Museo_del_Prado.jpg/500px-Nymphe_et_satyre_buvant_-_Poussin_-_Museo_del_Prado.jpg?utm_source=en.wikipedia.org&amp;utm_campaign=parser&amp;utm_content=thumbnail",
    "notable": true,
    "creation_place": "Rome",
    "creation_lat": 41.9028,
    "creation_lon": 12.4964,
    "_source": {
     "source": "Wikipedia: List of paintings by Nicolas Poussin",
     "coord": "MediaWiki coordinates API"
    },
    "museum_id": "museo-del-prado"
   }
  },
  {
   "type": "Feature",
   "geometry": {
    "type": "Point",
    "coordinates": [
     37.60603,
     55.74703
    ]
   },
   "properties": {
    "painter": "Nicolas Poussin",
    "title": "Bacchic scene or Nymph and satyr drinking",
    "year": "1626–1628",
    "city": "Moscow",
    "country": "Russia",
    "location": "Pushkin Museum",
    "attribution": "copy",
    "dimensions": "77 x 62 cm",
    "image": "https://upload.wikimedia.org/wikipedia/commons/thumb/7/7f/Nymphe_et_satyr_-_Nicolas_Poussin_-_Mus%C3%A9e_Pouchkine_Moscou.jpg/500px-Nymphe_et_satyr_-_Nicolas_Poussin_-_Mus%C3%A9e_Pouchkine_Moscou.jpg?utm_source=en.wikipedia.org&amp;utm_campaign=parser&amp;utm_content=thumbnail",
    "notable": true,
    "creation_place": "Rome",
    "creation_lat": 41.9028,
    "creation_lon": 12.4964,
    "_source": {
     "source": "Wikipedia: List of paintings by Nicolas Poussin",
     "coord": "MediaWiki coordinates API"
    },
    "museum_id": "pushkin-museum"
   }
  },
  {
   "type": "Feature",
   "geometry": {
    "type": "Point",
    "coordinates": [
     -73.9631,
     40.7794
    ]
   },
   "properties": {
    "painter": "Nicolas Poussin",
    "title": "Midas washing himself in the source of the river Pactolus",
    "year": "1626–1628 c.",
    "city": "New York",
    "country": "United States",
    "location": "Metropolitan Museum of Art",
    "attribution": "generally accepted",
    "dimensions": "97,5 x 72,5 cm",
    "image": "https://upload.wikimedia.org/wikipedia/commons/thumb/1/13/Midas_Washing_at_the_Source_of_the_Pactolus_MET_DP123854.jpg/500px-Midas_Washing_at_the_Source_of_the_Pactolus_MET_DP123854.jpg?utm_source=en.wikipedia.org&amp;utm_campaign=parser&amp;utm_content=thumbnail",
    "notable": true,
    "creation_place": "Rome",
    "creation_lat": 41.9028,
    "creation_lon": 12.4964,
    "_source": {
     "source": "Wikipedia: List of paintings by Nicolas Poussin",
     "coord": "MediaWiki coordinates API"
    },
    "museum_id": "metropolitan-museum-of-art"
   }
  },
  {
   "type": "Feature",
   "geometry": {
    "type": "Point",
    "coordinates": [
     8.73833,
     41.92167
    ]
   },
   "properties": {
    "painter": "Nicolas Poussin",
    "title": "Midas at the source of the Pactolus",
    "year": "1626–1628 c.",
    "city": "Ajaccio",
    "location": "Musée Fesch",
    "attribution": "generally accepted",
    "dimensions": "50 x 66 cm",
    "image": "https://upload.wikimedia.org/wikipedia/commons/thumb/7/7e/Midas_%C3%A0_la_source_du_fleuve_Pactole_Ajaccio_Palais_Fech-Mus%C3%A9e_des_Beaux-Arts.jpg/500px-Midas_%C3%A0_la_source_du_fleuve_Pactole_Ajaccio_Palais_Fech-Mus%C3%A9e_des_Beaux-Arts.jpg?utm_source=en.wikipedia.org&amp;utm_campaign=parser&amp;utm_content=thumbnail",
    "notable": true,
    "creation_place": "Rome",
    "creation_lat": 41.9028,
    "creation_lon": 12.4964,
    "_source": {
     "source": "Wikipedia: List of paintings by Nicolas Poussin",
     "coord": "MediaWiki coordinates API"
    },
    "museum_id": "musee-fesch"
   }
  },
  {
   "type": "Feature",
   "geometry": {
    "type": "Point",
    "coordinates": [
     -0.1283,
     51.5089
    ]
   },
   "properties": {
    "painter": "Nicolas Poussin",
    "title": "Sleeping nymph surprised by satyrs or Venus surprised by satyrs",
    "year": "1627",
    "city": "London",
    "country": "United Kingdom",
    "location": "National Gallery",
    "attribution": "rejected",
    "dimensions": "66 x 50,8 cm",
    "image": "https://upload.wikimedia.org/wikipedia/commons/thumb/d/dd/Poussin_-_Nymphes_satyres.jpg/500px-Poussin_-_Nymphes_satyres.jpg?utm_source=en.wikipedia.org&amp;utm_campaign=parser&amp;utm_content=thumbnail",
    "notable": true,
    "creation_place": "Rome",
    "creation_lat": 41.9028,
    "creation_lon": 12.4964,
    "_source": {
     "source": "Wikipedia: List of paintings by Nicolas Poussin",
     "coord": "MediaWiki coordinates API"
    },
    "museum_id": "national-gallery"
   }
  },
  {
   "type": "Feature",
   "geometry": {
    "type": "Point",
    "coordinates": [
     9.74011,
     52.3655
    ]
   },
   "properties": {
    "painter": "Nicolas Poussin",
    "title": "The Poet's Inspiration or The Inspiration of Anacreon",
    "year": "1627 c.",
    "city": "Hanover",
    "location": "Niedersächsisches Landesmuseum Hannover",
    "attribution": "generally accepted",
    "dimensions": "94 x 69,5 cm",
    "image": "https://upload.wikimedia.org/wikipedia/commons/thumb/1/13/Nicolas_Poussin_-_L%27Inspiration_du_po%C3%A8te_%28Nieders%C3%A4chsisches_Landesmuseum%29.jpg/500px-Nicolas_Poussin_-_L%27Inspiration_du_po%C3%A8te_%28Nieders%C3%A4chsisches_Landesmuseum%29.jpg?utm_source=en.wikipedia.org&amp;utm_campaign=parser&amp;utm_content=thumbnail",
    "notable": true,
    "creation_place": "Rome",
    "creation_lat": 41.9028,
    "creation_lon": 12.4964,
    "_source": {
     "source": "Wikipedia: List of paintings by Nicolas Poussin",
     "coord": "MediaWiki coordinates API"
    },
    "museum_id": "niedersachsisches-landesmuseum-hannover"
   }
  },
  {
   "type": "Feature",
   "geometry": {
    "type": "Point",
    "coordinates": [
     -6.25255,
     53.34091
    ]
   },
   "properties": {
    "painter": "Nicolas Poussin",
    "title": "Acis and Galatea",
    "year": "1627–1628",
    "city": "Dublin",
    "country": "Ireland",
    "location": "National Gallery of Ireland",
    "attribution": "generally accepted",
    "dimensions": "97 x 135 cm",
    "image": "https://upload.wikimedia.org/wikipedia/commons/thumb/7/78/Poussin_-_Acis_et_Galat%C3%A9e_-_National_Gallery_Dublin.jpg/500px-Poussin_-_Acis_et_Galat%C3%A9e_-_National_Gallery_Dublin.jpg?utm_source=en.wikipedia.org&amp;utm_campaign=parser&amp;utm_content=thumbnail",
    "notable": true,
    "creation_place": "Rome",
    "creation_lat": 41.9028,
    "creation_lon": 12.4964,
    "_source": {
     "source": "Wikipedia: List of paintings by Nicolas Poussin",
     "coord": "MediaWiki coordinates API"
    },
    "museum_id": "national-gallery-of-ireland"
   }
  },
  {
   "type": "Feature",
   "geometry": {
    "type": "Point",
    "coordinates": [
     -1.61,
     53.22778
    ]
   },
   "properties": {
    "painter": "Nicolas Poussin",
    "title": "The shepherds of Arcadia (Et in Arcadia ego)",
    "year": "1627–1628",
    "city": "Chatsworth House",
    "location": "Devonshire Collection",
    "attribution": "generally accepted",
    "dimensions": "101 x 82 cm",
    "image": "https://upload.wikimedia.org/wikipedia/commons/thumb/4/46/Nicolas_Poussin_-_Et_in_Arcadia_ego_%28premi%C3%A8re_version%29.jpg/500px-Nicolas_Poussin_-_Et_in_Arcadia_ego_%28premi%C3%A8re_version%29.jpg?utm_source=en.wikipedia.org&amp;utm_campaign=parser&amp;utm_content=thumbnail",
    "notable": true,
    "creation_place": "Rome",
    "creation_lat": 41.9028,
    "creation_lon": 12.4964,
    "_source": {
     "source": "Wikipedia: List of paintings by Nicolas Poussin",
     "coord": "MediaWiki coordinates API"
    },
    "museum_id": "devonshire-collection"
   }
  },
  {
   "type": "Feature",
   "geometry": {
    "type": "Point",
    "coordinates": [
     2.3358,
     48.8611
    ]
   },
   "properties": {
    "painter": "Nicolas Poussin",
    "title": "Bacchanal with guitar player or The Great Bacchanal",
    "year": "1627–1628",
    "city": "Paris",
    "country": "France",
    "location": "Louvre",
    "attribution": "generally accepted",
    "dimensions": "121 × 175 cm",
    "image": "https://upload.wikimedia.org/wikipedia/commons/thumb/9/99/Nicolas_Poussin_-_La_Grande_Bacchanale.jpg/500px-Nicolas_Poussin_-_La_Grande_Bacchanale.jpg?utm_source=en.wikipedia.org&amp;utm_campaign=parser&amp;utm_content=thumbnail",
    "notable": true,
    "creation_place": "Rome",
    "creation_lat": 41.9028,
    "creation_lon": 12.4964,
    "_source": {
     "source": "Wikipedia: List of paintings by Nicolas Poussin",
     "coord": "MediaWiki coordinates API"
    },
    "museum_id": "louvre"
   }
  },
  {
   "type": "Feature",
   "geometry": {
    "type": "Point",
    "coordinates": [
     2.3358,
     48.8611
    ]
   },
   "properties": {
    "painter": "Nicolas Poussin",
    "title": "Echo and Narcissus",
    "year": "1628",
    "city": "Paris",
    "country": "France",
    "location": "Louvre",
    "attribution": "generally accepted",
    "dimensions": "74 x 100 cm",
    "image": "https://upload.wikimedia.org/wikipedia/commons/thumb/d/d3/Nicolas_Poussin%2C_Eco_e_Narciso_%28ca._1629-1630%29%2C_Museo_del_Louvre%2C_Parigi..jpg/500px-Nicolas_Poussin%2C_Eco_e_Narciso_%28ca._1629-1630%29%2C_Museo_del_Louvre%2C_Parigi..jpg?utm_source=en.wikipedia.org&amp;utm_campaign=parser&amp;utm_content=thumbnail",
    "notable": true,
    "creation_place": "Rome",
    "creation_lat": 41.9028,
    "creation_lon": 12.4964,
    "_source": {
     "source": "Wikipedia: List of paintings by Nicolas Poussin",
     "coord": "MediaWiki coordinates API"
    },
    "museum_id": "louvre"
   }
  },
  {
   "type": "Feature",
   "geometry": {
    "type": "Point",
    "coordinates": [
     -83.04583,
     42.33167
    ]
   },
   "properties": {
    "painter": "Nicolas Poussin",
    "title": "The Death of Germanicus",
    "year": "1628",
    "city": "Detroit",
    "location": "Institute of Arts",
    "attribution": "generally accepted",
    "dimensions": "146 x 195 cm",
    "image": "https://upload.wikimedia.org/wikipedia/commons/thumb/5/5b/Germanicus_Death.jpg/500px-Germanicus_Death.jpg?utm_source=en.wikipedia.org&amp;utm_campaign=parser&amp;utm_content=thumbnail",
    "notable": true,
    "creation_place": "Rome",
    "creation_lat": 41.9028,
    "creation_lon": 12.4964,
    "_source": {
     "source": "Wikipedia: List of paintings by Nicolas Poussin",
     "coord": "MediaWiki coordinates API"
    },
    "museum_id": "institute-of-arts",
    "country": "United States"
   }
  },
  {
   "type": "Feature",
   "geometry": {
    "type": "Point",
    "coordinates": [
     2.3358,
     48.8611
    ]
   },
   "properties": {
    "painter": "Nicolas Poussin",
    "title": "The Triumph of Flora",
    "year": "1628",
    "city": "Paris",
    "country": "France",
    "location": "Louvre",
    "attribution": "generally accepted",
    "dimensions": "165 x 241 cm",
    "image": "https://upload.wikimedia.org/wikipedia/commons/thumb/9/9f/Nicolas_Poussin_-_Le_Triomphe_de_Flore.jpg/500px-Nicolas_Poussin_-_Le_Triomphe_de_Flore.jpg?utm_source=en.wikipedia.org&amp;utm_campaign=parser&amp;utm_content=thumbnail",
    "notable": true,
    "creation_place": "Rome",
    "creation_lat": 41.9028,
    "creation_lon": 12.4964,
    "_source": {
     "source": "Wikipedia: List of paintings by Nicolas Poussin",
     "coord": "MediaWiki coordinates API"
    },
    "museum_id": "louvre"
   }
  },
  {
   "type": "Feature",
   "geometry": {
    "type": "Point",
    "coordinates": [
     2.31453,
     48.86604
    ]
   },
   "properties": {
    "painter": "Nicolas Poussin",
    "title": "The Massacre of the Innocents",
    "year": "1628",
    "city": "Avignon",
    "country": "France",
    "location": "Musée du Petit Palais",
    "attribution": "rejected",
    "dimensions": "97 x 132 cm",
    "image": "https://upload.wikimedia.org/wikipedia/commons/thumb/f/f8/Le_Massacre_des_innocents_-_Nicolas_Poussin_-_Petit_Palais_-_1626-1627.jpg/500px-Le_Massacre_des_innocents_-_Nicolas_Poussin_-_Petit_Palais_-_1626-1627.jpg?utm_source=en.wikipedia.org&amp;utm_campaign=parser&amp;utm_content=thumbnail",
    "notable": true,
    "creation_place": "Rome",
    "creation_lat": 41.9028,
    "creation_lon": 12.4964,
    "_source": {
     "source": "Wikipedia: List of paintings by Nicolas Poussin",
     "coord": "MediaWiki coordinates API"
    },
    "museum_id": "musee-du-petit-palais"
   }
  },
  {
   "type": "Feature",
   "geometry": {
    "type": "Point",
    "coordinates": [
     -75.695,
     45.42472
    ]
   },
   "properties": {
    "painter": "Nicolas Poussin",
    "title": "The Martyrdom of Saint Erasmus",
    "year": "1628–1629",
    "city": "Ottawa",
    "location": "National Museum of Canada",
    "attribution": "generally accepted",
    "dimensions": "99 x 74 cm",
    "image": "https://upload.wikimedia.org/wikipedia/commons/thumb/9/96/Martyr_de_saint_Erasme-Modello_-_Poussin_-_MBACanada.jpg/500px-Martyr_de_saint_Erasme-Modello_-_Poussin_-_MBACanada.jpg?utm_source=en.wikipedia.org&amp;utm_campaign=parser&amp;utm_content=thumbnail",
    "notable": true,
    "creation_place": "Rome",
    "creation_lat": 41.9028,
    "creation_lon": 12.4964,
    "_source": {
     "source": "Wikipedia: List of paintings by Nicolas Poussin",
     "coord": "MediaWiki coordinates API"
    },
    "museum_id": "national-museum-of-canada"
   }
  },
  {
   "type": "Feature",
   "geometry": {
    "type": "Point",
    "coordinates": [
     12.45277,
     41.90573
    ]
   },
   "properties": {
    "painter": "Nicolas Poussin",
    "title": "The Martyrdom of Saint Erasmus",
    "year": "1628–1629",
    "city": "Vatican City",
    "country": "Vatican City",
    "location": "Pinacoteca Vaticana",
    "attribution": "generally accepted",
    "dimensions": "320 x 186 cm",
    "image": "https://upload.wikimedia.org/wikipedia/commons/thumb/3/30/Nicolas_Poussin_-_Le_Martyre_de_Saint_%C3%89rasme.jpg/500px-Nicolas_Poussin_-_Le_Martyre_de_Saint_%C3%89rasme.jpg?utm_source=en.wikipedia.org&amp;utm_campaign=parser&amp;utm_content=thumbnail",
    "notable": true,
    "creation_place": "Rome",
    "creation_lat": 41.9028,
    "creation_lon": 12.4964,
    "_source": {
     "source": "Wikipedia: List of paintings by Nicolas Poussin",
     "coord": "MediaWiki coordinates API"
    },
    "museum_id": "pinacoteca-vaticana"
   }
  },
  {
   "type": "Feature",
   "geometry": {
    "type": "Point",
    "coordinates": [
     11.57,
     48.14833
    ]
   },
   "properties": {
    "painter": "Nicolas Poussin",
    "title": "Midas before Bacchus",
    "year": "1628–1629",
    "city": "Munich",
    "country": "Germany",
    "location": "Alte Pinakothek",
    "attribution": "generally accepted",
    "dimensions": "98 x 130 cm",
    "image": "https://upload.wikimedia.org/wikipedia/commons/thumb/7/73/Nicolas_Poussin_-_Midas_and_Bacchus_-_WGA18272.jpg/500px-Nicolas_Poussin_-_Midas_and_Bacchus_-_WGA18272.jpg?utm_source=en.wikipedia.org&amp;utm_campaign=parser&amp;utm_content=thumbnail",
    "notable": true,
    "creation_place": "Rome",
    "creation_lat": 41.9028,
    "creation_lon": 12.4964,
    "_source": {
     "source": "Wikipedia: List of paintings by Nicolas Poussin",
     "coord": "MediaWiki coordinates API"
    },
    "museum_id": "alte-pinakothek"
   }
  },
  {
   "type": "Feature",
   "geometry": {
    "type": "Point",
    "coordinates": [
     -83.04583,
     42.33167
    ]
   },
   "properties": {
    "painter": "Nicolas Poussin",
    "title": "Diana and Endymion",
    "year": "1628–1630 (vers)",
    "city": "Detroit",
    "country": "United States",
    "location": "Institute of Arts",
    "attribution": "generally accepted",
    "dimensions": "122 x 169 cm",
    "image": "https://upload.wikimedia.org/wikipedia/commons/thumb/e/e3/Diane_et_Endymion_1630_Detroit_Institute_of_Art.jpg/500px-Diane_et_Endymion_1630_Detroit_Institute_of_Art.jpg?utm_source=en.wikipedia.org&amp;utm_campaign=parser&amp;utm_content=thumbnail",
    "notable": true,
    "creation_place": "Rome",
    "creation_lat": 41.9028,
    "creation_lon": 12.4964,
    "_source": {
     "source": "Wikipedia: List of paintings by Nicolas Poussin",
     "coord": "MediaWiki coordinates API"
    },
    "museum_id": "institute-of-arts"
   }
  },
  {
   "type": "Feature",
   "geometry": {
    "type": "Point",
    "coordinates": [
     4.0347,
     49.2628
    ]
   },
   "properties": {
    "painter": "Nicolas Poussin",
    "title": "Mars and Venus",
    "year": "1628–1630 c.",
    "city": "Reims",
    "country": "United States",
    "location": "Museum of Fine Arts",
    "attribution": "generally accepted",
    "dimensions": "155 x 213 cm",
    "image": "https://upload.wikimedia.org/wikipedia/commons/thumb/e/e0/Nicolas_Poussin_mars_and_venera.jpg/500px-Nicolas_Poussin_mars_and_venera.jpg?utm_source=en.wikipedia.org&amp;utm_campaign=parser&amp;utm_content=thumbnail",
    "notable": true,
    "creation_place": "Rome",
    "creation_lat": 41.9028,
    "creation_lon": 12.4964,
    "_source": {
     "source": "Wikipedia: List of paintings by Nicolas Poussin",
     "coord": "MediaWiki coordinates API"
    },
    "museum_id": "museum-of-fine-arts"
   }
  },
  {
   "type": "Feature",
   "geometry": {
    "type": "Point",
    "coordinates": [
     2.3358,
     48.8611
    ]
   },
   "properties": {
    "painter": "Nicolas Poussin",
    "title": "The Inspiration of the Poet",
    "year": "1629",
    "city": "Paris",
    "country": "France",
    "location": "Louvre",
    "attribution": "generally accepted",
    "dimensions": "183 x 213 cm",
    "image": "https://upload.wikimedia.org/wikipedia/commons/thumb/4/44/L%27Inspiration_du_po%C3%A8te_-_circa_1629_-_Nicolas_Poussin_-_Louvre_-_RF_1774.jpg/500px-L%27Inspiration_du_po%C3%A8te_-_circa_1629_-_Nicolas_Poussin_-_Louvre_-_RF_1774.jpg?utm_source=en.wikipedia.org&amp;utm_campaign=parser&amp;utm_content=thumbnail",
    "notable": true,
    "creation_place": "Rome",
    "creation_lat": 41.9028,
    "creation_lon": 12.4964,
    "_source": {
     "source": "Wikipedia: List of paintings by Nicolas Poussin",
     "coord": "MediaWiki coordinates API"
    },
    "museum_id": "louvre"
   }
  },
  {
   "type": "Feature",
   "geometry": {
    "type": "Point",
    "coordinates": [
     2.3358,
     48.8611
    ]
   },
   "properties": {
    "painter": "Nicolas Poussin",
    "title": "Saint James the Great's vision of the Virgin Mary",
    "year": "1629–1630 c.",
    "city": "Paris",
    "country": "France",
    "location": "Louvre",
    "attribution": "generally accepted",
    "dimensions": "301 × 242 cm",
    "image": "https://upload.wikimedia.org/wikipedia/commons/thumb/9/9c/Nicolas_Poussin_-_L%27Apparition_de_la_Vierge_%C3%A0_saint_Jacques_le_Majeur.jpg/500px-Nicolas_Poussin_-_L%27Apparition_de_la_Vierge_%C3%A0_saint_Jacques_le_Majeur.jpg?utm_source=en.wikipedia.org&amp;utm_campaign=parser&amp;utm_content=thumbnail",
    "notable": true,
    "creation_place": "Rome",
    "creation_lat": 41.9028,
    "creation_lon": 12.4964,
    "_source": {
     "source": "Wikipedia: List of paintings by Nicolas Poussin",
     "coord": "MediaWiki coordinates API"
    },
    "museum_id": "louvre"
   }
  },
  {
   "type": "Feature",
   "geometry": {
    "type": "Point",
    "coordinates": [
     8.4,
     49.0119
    ]
   },
   "properties": {
    "painter": "Nicolas Poussin",
    "title": "Holy Family with St John the Baptist",
    "year": "1629–1630",
    "city": "Karlsruhe",
    "country": "Germany",
    "location": "Staatliche Kunsthalle",
    "attribution": "generally accepted",
    "dimensions": "101 x 75,5 cm",
    "image": "https://upload.wikimedia.org/wikipedia/commons/thumb/c/c9/Sainte_Famille_avec_st_Jean_Baptiste_-_Poussin_-_Karlsruhe.jpg/500px-Sainte_Famille_avec_st_Jean_Baptiste_-_Poussin_-_Karlsruhe.jpg?utm_source=en.wikipedia.org&amp;utm_campaign=parser&amp;utm_content=thumbnail",
    "notable": true,
    "creation_place": "Rome",
    "creation_lat": 41.9028,
    "creation_lon": 12.4964,
    "_source": {
     "source": "Wikipedia: List of paintings by Nicolas Poussin",
     "coord": "MediaWiki coordinates API"
    },
    "museum_id": "staatliche-kunsthalle"
   }
  },
  {
   "type": "Feature",
   "geometry": {
    "type": "Point",
    "coordinates": [
     -46.63333,
     -23.55
    ]
   },
   "properties": {
    "painter": "Nicolas Poussin",
    "title": "Moses sweetening the bitter waters of Marah",
    "year": "1629–1630 (vers)",
    "city": "São Paulo",
    "location": "Museum of Art",
    "attribution": "generally accepted",
    "dimensions": "152 x 210 cm",
    "image": "https://upload.wikimedia.org/wikipedia/commons/thumb/2/22/Mo%C3%AFse_adoucissant_les_eaux_de_Marah_-_Poussin_-_BaltimoreMA.jpg/500px-Mo%C3%AFse_adoucissant_les_eaux_de_Marah_-_Poussin_-_BaltimoreMA.jpg?utm_source=en.wikipedia.org&amp;utm_campaign=parser&amp;utm_content=thumbnail",
    "notable": true,
    "creation_place": "Rome",
    "creation_lat": 41.9028,
    "creation_lon": 12.4964,
    "_source": {
     "source": "Wikipedia: List of paintings by Nicolas Poussin",
     "coord": "MediaWiki coordinates API"
    },
    "museum_id": "museum-of-art",
    "country": "United States"
   }
  },
  {
   "type": "Feature",
   "geometry": {
    "type": "Point",
    "coordinates": [
     -0.08639,
     51.44611
    ]
   },
   "properties": {
    "painter": "Nicolas Poussin",
    "title": "The Return from Egypt",
    "year": "1629–1630 c.",
    "city": "London",
    "country": "United Kingdom",
    "location": "Dulwich Picture Gallery",
    "attribution": "generally accepted",
    "dimensions": "112 x 94 cm",
    "image": "https://upload.wikimedia.org/wikipedia/commons/thumb/d/d4/Le_Retour_d%27Egypte_-_Poussin_-_Dulwich_PG.jpg/500px-Le_Retour_d%27Egypte_-_Poussin_-_Dulwich_PG.jpg?utm_source=en.wikipedia.org&amp;utm_campaign=parser&amp;utm_content=thumbnail",
    "notable": true,
    "creation_place": "Rome",
    "creation_lat": 41.9028,
    "creation_lon": 12.4964,
    "_source": {
     "source": "Wikipedia: List of paintings by Nicolas Poussin",
     "coord": "MediaWiki coordinates API"
    },
    "museum_id": "dulwich-picture-gallery"
   }
  },
  {
   "type": "Feature",
   "geometry": {
    "type": "Point",
    "coordinates": [
     -73.9631,
     40.7794
    ]
   },
   "properties": {
    "painter": "Nicolas Poussin",
    "title": "The Holy Family or The Rest on the Flight into Egypt",
    "year": "1629–1630 c.",
    "city": "New York",
    "country": "United States",
    "location": "Metropolitan Museum of Art",
    "attribution": "generally accepted",
    "dimensions": "76 x 63 cm",
    "image": "https://upload.wikimedia.org/wikipedia/commons/thumb/4/4a/The_Rest_on_the_Flight_into_Egypt_MET_DT4169.jpg/500px-The_Rest_on_the_Flight_into_Egypt_MET_DT4169.jpg?utm_source=en.wikipedia.org&amp;utm_campaign=parser&amp;utm_content=thumbnail",
    "notable": true,
    "creation_place": "Rome",
    "creation_lat": 41.9028,
    "creation_lon": 12.4964,
    "_source": {
     "source": "Wikipedia: List of paintings by Nicolas Poussin",
     "coord": "MediaWiki coordinates API"
    },
    "museum_id": "metropolitan-museum-of-art"
   }
  },
  {
   "type": "Feature",
   "geometry": {
    "type": "Point",
    "coordinates": [
     -3.6922,
     40.4139
    ]
   },
   "properties": {
    "painter": "Nicolas Poussin",
    "title": "The Triumph of David or David the victor",
    "year": "1629–1630 c.",
    "city": "Madrid",
    "country": "Spain",
    "location": "Museo del Prado",
    "attribution": "generally accepted",
    "dimensions": "100 x 130 cm",
    "image": "https://upload.wikimedia.org/wikipedia/commons/thumb/c/c0/Le_Triomphe_de_David_1630_Madrid%2C_mus%C3%A9e_du_Prado.jpg/500px-Le_Triomphe_de_David_1630_Madrid%2C_mus%C3%A9e_du_Prado.jpg?utm_source=en.wikipedia.org&amp;utm_campaign=parser&amp;utm_content=thumbnail",
    "notable": true,
    "creation_place": "Rome",
    "creation_lat": 41.9028,
    "creation_lon": 12.4964,
    "_source": {
     "source": "Wikipedia: List of paintings by Nicolas Poussin",
     "coord": "MediaWiki coordinates API"
    },
    "museum_id": "museo-del-prado"
   }
  },
  {
   "type": "Feature",
   "geometry": {
    "type": "Point",
    "coordinates": [
     8.72861,
     47.49889
    ]
   },
   "properties": {
    "painter": "Nicolas Poussin",
    "title": "The Rest on the Flight into Egypt",
    "year": "1630 c.",
    "city": "Winterthour",
    "location": "Musée Oskar Reinhart « Am Römerholz »",
    "attribution": "generally accepted",
    "dimensions": "88 x 67 cm",
    "image": "https://upload.wikimedia.org/wikipedia/commons/thumb/6/6f/Le_Repos_pendant_la_fuite_en_%C3%89gypte_-_Poussin_-_Winterthur.jpg/500px-Le_Repos_pendant_la_fuite_en_%C3%89gypte_-_Poussin_-_Winterthur.jpg?utm_source=en.wikipedia.org&amp;utm_campaign=parser&amp;utm_content=thumbnail",
    "notable": true,
    "creation_place": "Rome",
    "creation_lat": 41.9028,
    "creation_lon": 12.4964,
    "_source": {
     "source": "Wikipedia: List of paintings by Nicolas Poussin",
     "coord": "MediaWiki coordinates API"
    },
    "museum_id": "musee-oskar-reinhart-am-romerholz"
   }
  },
  {
   "type": "Feature",
   "geometry": {
    "type": "Point",
    "coordinates": [
     -77.02,
     38.8914
    ]
   },
   "properties": {
    "painter": "Nicolas Poussin",
    "title": "The Assumption of the Virgin",
    "year": "1630–1632 c.",
    "city": "Washington",
    "country": "United States",
    "location": "National Gallery of Art",
    "attribution": "rejected",
    "dimensions": "134,4 × 98,1 cm",
    "image": "https://upload.wikimedia.org/wikipedia/commons/thumb/b/b3/Nicolas_Poussin_-_The_Assumption_of_the_Virgin.JPG/500px-Nicolas_Poussin_-_The_Assumption_of_the_Virgin.JPG?utm_source=en.wikipedia.org&amp;utm_campaign=parser&amp;utm_content=thumbnail",
    "notable": true,
    "creation_place": "Rome",
    "creation_lat": 41.9028,
    "creation_lon": 12.4964,
    "_source": {
     "source": "Wikipedia: List of paintings by Nicolas Poussin",
     "coord": "MediaWiki coordinates API"
    },
    "museum_id": "national-gallery-of-art"
   }
  },
  {
   "type": "Feature",
   "geometry": {
    "type": "Point",
    "coordinates": [
     30.3136,
     59.9406
    ]
   },
   "properties": {
    "painter": "Nicolas Poussin",
    "title": "Children and dogs",
    "year": "1630–1633 c.",
    "city": "Saint Petersburg",
    "location": "Hermitage Museum",
    "attribution": "generally accepted",
    "dimensions": "67,5 x 50 cm",
    "notable": true,
    "creation_place": "Rome",
    "creation_lat": 41.9028,
    "creation_lon": 12.4964,
    "_source": {
     "source": "Wikipedia: List of paintings by Nicolas Poussin",
     "coord": "MediaWiki coordinates API"
    },
    "museum_id": "hermitage-museum",
    "country": "Russia"
   }
  },
  {
   "type": "Feature",
   "geometry": {
    "type": "Point",
    "coordinates": [
     2.3358,
     48.8611
    ]
   },
   "properties": {
    "painter": "Nicolas Poussin",
    "title": "The Plague of Ashdod or The Philistines struck by plague",
    "year": "1631",
    "city": "Paris",
    "country": "France",
    "location": "Louvre",
    "attribution": "generally accepted",
    "dimensions": "148 x 198 cm",
    "image": "https://upload.wikimedia.org/wikipedia/commons/thumb/d/de/Plague_in_Ashod.jpg/500px-Plague_in_Ashod.jpg?utm_source=en.wikipedia.org&amp;utm_campaign=parser&amp;utm_content=thumbnail",
    "notable": true,
    "creation_place": "Rome",
    "creation_lat": 41.9028,
    "creation_lon": 12.4964,
    "_source": {
     "source": "Wikipedia: List of paintings by Nicolas Poussin",
     "coord": "MediaWiki coordinates API"
    },
    "museum_id": "louvre"
   }
  },
  {
   "type": "Feature",
   "geometry": {
    "type": "Point",
    "coordinates": [
     30.3136,
     59.9406
    ]
   },
   "properties": {
    "painter": "Nicolas Poussin",
    "title": "Nymph riding a goat or Venus, faun and putti",
    "year": "1631 c.",
    "city": "Saint Petersburg",
    "location": "Hermitage Museum",
    "attribution": "generally accepted",
    "dimensions": "72 x 56 cm",
    "image": "https://upload.wikimedia.org/wikipedia/commons/thumb/4/46/Nymphe_chevauchant_un_bouc_-_Nicolas_Poussin_-_The_Hermitage_Museum.jpg/500px-Nymphe_chevauchant_un_bouc_-_Nicolas_Poussin_-_The_Hermitage_Museum.jpg?utm_source=en.wikipedia.org&amp;utm_campaign=parser&amp;utm_content=thumbnail",
    "notable": true,
    "creation_place": "Rome",
    "creation_lat": 41.9028,
    "creation_lon": 12.4964,
    "_source": {
     "source": "Wikipedia: List of paintings by Nicolas Poussin",
     "coord": "MediaWiki coordinates API"
    },
    "museum_id": "hermitage-museum",
    "country": "Russia"
   }
  },
  {
   "type": "Feature",
   "geometry": {
    "type": "Point",
    "coordinates": [
     30.3136,
     59.9406
    ]
   },
   "properties": {
    "painter": "Nicolas Poussin",
    "title": "Children and putti playing",
    "year": "1631 c.",
    "city": "Saint Petersburg",
    "location": "Hermitage Museum",
    "attribution": "generally accepted",
    "dimensions": "95 x 72 cm",
    "image": "https://upload.wikimedia.org/wikipedia/commons/thumb/9/98/Jeux_d%27enfants_et_putti_-_Nicolas_Poussin_-_Hermitage.jpg/500px-Jeux_d%27enfants_et_putti_-_Nicolas_Poussin_-_Hermitage.jpg?utm_source=en.wikipedia.org&amp;utm_campaign=parser&amp;utm_content=thumbnail",
    "notable": true,
    "creation_place": "Rome",
    "creation_lat": 41.9028,
    "creation_lon": 12.4964,
    "_source": {
     "source": "Wikipedia: List of paintings by Nicolas Poussin",
     "coord": "MediaWiki coordinates API"
    },
    "museum_id": "hermitage-museum",
    "country": "Russia"
   }
  },
  {
   "type": "Feature",
   "geometry": {
    "type": "Point",
    "coordinates": [
     13.73466,
     51.05338
    ]
   },
   "properties": {
    "painter": "Nicolas Poussin",
    "title": "The Empire of Flora or The Garden of Flora or The flower garden",
    "year": "1631",
    "city": "Dresden",
    "country": "Germany",
    "location": "Gemäldegalerie Alte Meister",
    "attribution": "generally accepted",
    "dimensions": "131 x 181 cm",
    "image": "https://upload.wikimedia.org/wikipedia/commons/thumb/5/50/Poussin%2C_Nicolas_-_The_Empire_of_Flora_-_1631.jpg/500px-Poussin%2C_Nicolas_-_The_Empire_of_Flora_-_1631.jpg?utm_source=en.wikipedia.org&amp;utm_campaign=parser&amp;utm_content=thumbnail",
    "notable": true,
    "creation_place": "Rome",
    "creation_lat": 41.9028,
    "creation_lon": 12.4964,
    "_source": {
     "source": "Wikipedia: List of paintings by Nicolas Poussin",
     "coord": "MediaWiki coordinates API"
    },
    "museum_id": "gemaldegalerie-alte-meister"
   }
  },
  {
   "type": "Feature",
   "geometry": {
    "type": "Point",
    "coordinates": [
     30.3136,
     59.9406
    ]
   },
   "properties": {
    "painter": "Nicolas Poussin",
    "title": "Tancred and Erminia",
    "year": "1631",
    "city": "Saint Petersburg",
    "location": "Hermitage Museum",
    "attribution": "generally accepted",
    "dimensions": "98 x 147 cm",
    "image": "https://upload.wikimedia.org/wikipedia/commons/thumb/f/f5/Nicolas_Poussin_080.jpg/500px-Nicolas_Poussin_080.jpg?utm_source=en.wikipedia.org&amp;utm_campaign=parser&amp;utm_content=thumbnail",
    "notable": true,
    "creation_place": "Rome",
    "creation_lat": 41.9028,
    "creation_lon": 12.4964,
    "_source": {
     "source": "Wikipedia: List of paintings by Nicolas Poussin",
     "coord": "MediaWiki coordinates API"
    },
    "museum_id": "hermitage-museum",
    "country": "Russia"
   }
  },
  {
   "type": "Feature",
   "geometry": {
    "type": "Point",
    "coordinates": [
     -3.6922,
     40.4139
    ]
   },
   "properties": {
    "painter": "Nicolas Poussin",
    "title": "Parnassus or Apollo and the muses",
    "year": "1631–1632",
    "city": "Madrid",
    "country": "Spain",
    "location": "Museo del Prado",
    "attribution": "generally accepted",
    "dimensions": "145 x 197 cm",
    "image": "https://upload.wikimedia.org/wikipedia/commons/thumb/3/3f/El_Parnaso_%28Poussin%29.jpg/500px-El_Parnaso_%28Poussin%29.jpg?utm_source=en.wikipedia.org&amp;utm_campaign=parser&amp;utm_content=thumbnail",
    "notable": true,
    "creation_place": "Rome",
    "creation_lat": 41.9028,
    "creation_lon": 12.4964,
    "_source": {
     "source": "Wikipedia: List of paintings by Nicolas Poussin",
     "coord": "MediaWiki coordinates API"
    },
    "museum_id": "museo-del-prado"
   }
  },
  {
   "type": "Feature",
   "geometry": {
    "type": "Point",
    "coordinates": [
     -0.08639,
     51.44611
    ]
   },
   "properties": {
    "painter": "Nicolas Poussin",
    "title": "The Triumph of David",
    "year": "1631–1633 c.",
    "city": "London",
    "country": "United Kingdom",
    "location": "Dulwich Picture Gallery",
    "attribution": "generally accepted",
    "dimensions": "117 x 146 cm",
    "image": "https://upload.wikimedia.org/wikipedia/commons/thumb/e/ea/Le_Triomphe_de_David_-_Poussin_-_Dulwich.jpg/500px-Le_Triomphe_de_David_-_Poussin_-_Dulwich.jpg?utm_source=en.wikipedia.org&amp;utm_campaign=parser&amp;utm_content=thumbnail",
    "notable": true,
    "creation_place": "Rome",
    "creation_lat": 41.9028,
    "creation_lon": 12.4964,
    "_source": {
     "source": "Wikipedia: List of paintings by Nicolas Poussin",
     "coord": "MediaWiki coordinates API"
    },
    "museum_id": "dulwich-picture-gallery"
   }
  },
  {
   "type": "Feature",
   "geometry": {
    "type": "Point",
    "coordinates": [
     -0.1283,
     51.5089
    ]
   },
   "properties": {
    "painter": "Nicolas Poussin",
    "title": "Bacchanal before a herm",
    "year": "1632–1633",
    "city": "London",
    "country": "United Kingdom",
    "location": "National Gallery",
    "attribution": "generally accepted",
    "dimensions": "98 x 142,8 cm",
    "image": "https://upload.wikimedia.org/wikipedia/commons/thumb/4/41/Nicolas_Poussin_-_Bacchanale_devant_une_statue_de_Pan.jpg/500px-Nicolas_Poussin_-_Bacchanale_devant_une_statue_de_Pan.jpg?utm_source=en.wikipedia.org&amp;utm_campaign=parser&amp;utm_content=thumbnail",
    "notable": true,
    "creation_place": "Rome",
    "creation_lat": 41.9028,
    "creation_lon": 12.4964,
    "_source": {
     "source": "Wikipedia: List of paintings by Nicolas Poussin",
     "coord": "MediaWiki coordinates API"
    },
    "museum_id": "national-gallery"
   }
  },
  {
   "type": "Feature",
   "geometry": {
    "type": "Point",
    "coordinates": [
     -46.63333,
     -23.55
    ]
   },
   "properties": {
    "painter": "Nicolas Poussin",
    "title": "The Return from Egypt",
    "year": "1632–1633",
    "city": "São Paulo",
    "country": "United States",
    "location": "Museum of Art",
    "attribution": "generally accepted",
    "dimensions": "134 x 99 cm",
    "image": "https://upload.wikimedia.org/wikipedia/commons/thumb/e/ef/Le_Retour_d%27Egypte_-_Poussin_-_Cleveland_MuseumofArt.jpg/500px-Le_Retour_d%27Egypte_-_Poussin_-_Cleveland_MuseumofArt.jpg?utm_source=en.wikipedia.org&amp;utm_campaign=parser&amp;utm_content=thumbnail",
    "notable": true,
    "creation_place": "Rome",
    "creation_lat": 41.9028,
    "creation_lon": 12.4964,
    "_source": {
     "source": "Wikipedia: List of paintings by Nicolas Poussin",
     "coord": "MediaWiki coordinates API"
    },
    "museum_id": "museum-of-art"
   }
  },
  {
   "type": "Feature",
   "geometry": {
    "type": "Point",
    "coordinates": [
     -0.08639,
     51.44611
    ]
   },
   "properties": {
    "painter": "Nicolas Poussin",
    "title": "The miraculous translation of saint Rita of Cascia or The Virgin protecting Spoleto",
    "year": "1633 c.",
    "city": "London",
    "country": "United Kingdom",
    "location": "Dulwich Picture Gallery",
    "attribution": "generally accepted",
    "dimensions": "48 x 37 cm",
    "image": "https://upload.wikimedia.org/wikipedia/commons/thumb/3/3a/La_Translation_miraculeuse_de_sainte_Rita_de_Cascia_-_Poussin_-_DulwichPG.jpg/500px-La_Translation_miraculeuse_de_sainte_Rita_de_Cascia_-_Poussin_-_DulwichPG.jpg?utm_source=en.wikipedia.org&amp;utm_campaign=parser&amp;utm_content=thumbnail",
    "notable": true,
    "creation_place": "Rome",
    "creation_lat": 41.9028,
    "creation_lon": 12.4964,
    "_source": {
     "source": "Wikipedia: List of paintings by Nicolas Poussin",
     "coord": "MediaWiki coordinates API"
    },
    "museum_id": "dulwich-picture-gallery"
   }
  },
  {
   "type": "Feature",
   "geometry": {
    "type": "Point",
    "coordinates": [
     13.73466,
     51.05338
    ]
   },
   "properties": {
    "painter": "Nicolas Poussin",
    "title": "Adoration of the Magi",
    "year": "1633",
    "city": "Dresden",
    "country": "Germany",
    "location": "Gemäldegalerie Alte Meister",
    "attribution": "generally accepted",
    "dimensions": "160 x 182 cm",
    "image": "https://upload.wikimedia.org/wikipedia/commons/thumb/6/61/L%27Adoration_des_mages%2C_1633%2C_Dresde%2C_Gem%C3%A4ldegalerie.jpg/500px-L%27Adoration_des_mages%2C_1633%2C_Dresde%2C_Gem%C3%A4ldegalerie.jpg?utm_source=en.wikipedia.org&amp;utm_campaign=parser&amp;utm_content=thumbnail",
    "notable": true,
    "creation_place": "Rome",
    "creation_lat": 41.9028,
    "creation_lon": 12.4964,
    "_source": {
     "source": "Wikipedia: List of paintings by Nicolas Poussin",
     "coord": "MediaWiki coordinates API"
    },
    "museum_id": "gemaldegalerie-alte-meister"
   }
  },
  {
   "type": "Feature",
   "geometry": {
    "type": "Point",
    "coordinates": [
     -0.1283,
     51.5089
    ]
   },
   "properties": {
    "painter": "Nicolas Poussin",
    "title": "Adoration of the Shepherds",
    "year": "1633–1634",
    "city": "London",
    "country": "United Kingdom",
    "location": "National Gallery",
    "attribution": "generally accepted",
    "dimensions": "98 x 74 cm",
    "image": "https://upload.wikimedia.org/wikipedia/commons/thumb/c/cf/L%27Adoration_des_bergers%2C_1633%2C_Londres%2C_National_Gallery.jpg/500px-L%27Adoration_des_bergers%2C_1633%2C_Londres%2C_National_Gallery.jpg?utm_source=en.wikipedia.org&amp;utm_campaign=parser&amp;utm_content=thumbnail",
    "notable": true,
    "creation_place": "Rome",
    "creation_lat": 41.9028,
    "creation_lon": 12.4964,
    "_source": {
     "source": "Wikipedia: List of paintings by Nicolas Poussin",
     "coord": "MediaWiki coordinates API"
    },
    "museum_id": "national-gallery"
   }
  },
  {
   "type": "Feature",
   "geometry": {
    "type": "Point",
    "coordinates": [
     -0.153,
     51.5175
    ]
   },
   "properties": {
    "painter": "Nicolas Poussin",
    "title": "A Dance to the Music of Time",
    "year": "1633–1634 c.",
    "city": "London",
    "country": "United Kingdom",
    "location": "Wallace Collection",
    "attribution": "generally accepted",
    "dimensions": "83 x 105 cm",
    "image": "https://upload.wikimedia.org/wikipedia/commons/thumb/f/f1/The_dance_to_the_music_of_time_c._1640.jpg/500px-The_dance_to_the_music_of_time_c._1640.jpg?utm_source=en.wikipedia.org&amp;utm_campaign=parser&amp;utm_content=thumbnail",
    "notable": true,
    "creation_place": "Rome",
    "creation_lat": 41.9028,
    "creation_lon": 12.4964,
    "_source": {
     "source": "Wikipedia: List of paintings by Nicolas Poussin",
     "coord": "MediaWiki coordinates API"
    },
    "museum_id": "wallace-collection"
   }
  },
  {
   "type": "Feature",
   "geometry": {
    "type": "Point",
    "coordinates": [
     2.3358,
     48.8611
    ]
   },
   "properties": {
    "painter": "Nicolas Poussin",
    "title": "The Rape of the Sabine Women",
    "year": "1633–1634 or 1637–1638",
    "city": "Paris",
    "country": "France",
    "location": "Louvre",
    "attribution": "generally accepted",
    "dimensions": "159 x 206 cm",
    "image": "https://upload.wikimedia.org/wikipedia/commons/thumb/d/df/L%27Enl%C3%A8vement_des_Sabines_%E2%80%93_Nicolas_Poussin_%E2%80%93_Mus%C3%A9e_du_Louvre%2C_INV_7290_%E2%80%93_Q3110586.jpg/500px-L%27Enl%C3%A8vement_des_Sabines_%E2%80%93_Nicolas_Poussin_%E2%80%93_Mus%C3%A9e_du_Louvre%2C_INV_7290_%E2%80%93_Q3110586.jpg?utm_source=en.wikipedia.org&amp;utm_campaign=parser&amp;utm_content=thumbnail",
    "notable": true,
    "creation_place": "Rome",
    "creation_lat": 41.9028,
    "creation_lon": 12.4964,
    "_source": {
     "source": "Wikipedia: List of paintings by Nicolas Poussin",
     "coord": "MediaWiki coordinates API"
    },
    "museum_id": "louvre"
   }
  },
  {
   "type": "Feature",
   "geometry": {
    "type": "Point",
    "coordinates": [
     -118.475,
     34.0775
    ]
   },
   "properties": {
    "painter": "Nicolas Poussin",
    "title": "Saint John baptising in the Jordan or Saint John baptising the people",
    "year": "1633–1634 c.",
    "city": "Los Angeles",
    "country": "United States",
    "location": "Getty Center",
    "attribution": "generally accepted",
    "dimensions": "95 x 120 cm",
    "image": "https://upload.wikimedia.org/wikipedia/commons/thumb/2/2c/Saint_Jean_baptisant_dans_le_Jourdain_-_Getty_-_1630s.jpg/500px-Saint_Jean_baptisant_dans_le_Jourdain_-_Getty_-_1630s.jpg?utm_source=en.wikipedia.org&amp;utm_campaign=parser&amp;utm_content=thumbnail",
    "notable": true,
    "creation_place": "Rome",
    "creation_lat": 41.9028,
    "creation_lon": 12.4964,
    "_source": {
     "source": "Wikipedia: List of paintings by Nicolas Poussin",
     "coord": "MediaWiki coordinates API"
    },
    "museum_id": "getty-center"
   }
  },
  {
   "type": "Feature",
   "geometry": {
    "type": "Point",
    "coordinates": [
     -73.9631,
     40.7794
    ]
   },
   "properties": {
    "painter": "Nicolas Poussin",
    "title": "Rinaldo's Companions",
    "year": "1633–1634 c.",
    "city": "New York",
    "country": "United States",
    "location": "Metropolitan Museum of Art",
    "attribution": "generally accepted",
    "dimensions": "119 x 101 cm",
    "image": "https://upload.wikimedia.org/wikipedia/commons/thumb/d/d8/The_Companions_of_Rinaldo.jpg/500px-The_Companions_of_Rinaldo.jpg?utm_source=en.wikipedia.org&amp;utm_campaign=parser&amp;utm_content=thumbnail",
    "notable": true,
    "creation_place": "Rome",
    "creation_lat": 41.9028,
    "creation_lon": 12.4964,
    "_source": {
     "source": "Wikipedia: List of paintings by Nicolas Poussin",
     "coord": "MediaWiki coordinates API"
    },
    "museum_id": "metropolitan-museum-of-art"
   }
  },
  {
   "type": "Feature",
   "geometry": {
    "type": "Point",
    "coordinates": [
     4.0347,
     49.2628
    ]
   },
   "properties": {
    "painter": "Nicolas Poussin",
    "title": "Landscape with a man frightened by a snake",
    "year": "1633–1635 c.",
    "city": "Reims",
    "location": "Museum of Fine Arts",
    "attribution": "generally accepted",
    "dimensions": "65 x 76 cm",
    "image": "https://upload.wikimedia.org/wikipedia/commons/thumb/d/d8/Poussin_-_Paysage_avec_un_homme_effray%C3%A9_par_un_serpent_-_MBA_Montr%C3%A9al.jpg/500px-Poussin_-_Paysage_avec_un_homme_effray%C3%A9_par_un_serpent_-_MBA_Montr%C3%A9al.jpg?utm_source=en.wikipedia.org&amp;utm_campaign=parser&amp;utm_content=thumbnail",
    "notable": true,
    "creation_place": "Rome",
    "creation_lat": 41.9028,
    "creation_lon": 12.4964,
    "_source": {
     "source": "Wikipedia: List of paintings by Nicolas Poussin",
     "coord": "MediaWiki coordinates API"
    },
    "museum_id": "museum-of-fine-arts",
    "country": "United States"
   }
  },
  {
   "type": "Feature",
   "geometry": {
    "type": "Point",
    "coordinates": [
     -9.15417,
     38.73667
    ]
   },
   "properties": {
    "painter": "Nicolas Poussin",
    "title": "Children playing",
    "year": "1633–1635 c.",
    "city": "Lisbon",
    "country": "Portugal",
    "location": "Museu Calouste Gulbenkian",
    "attribution": "generally accepted",
    "dimensions": "52 x 39 cm",
    "notable": true,
    "creation_place": "Rome",
    "creation_lat": 41.9028,
    "creation_lon": 12.4964,
    "_source": {
     "source": "Wikipedia: List of paintings by Nicolas Poussin",
     "coord": "MediaWiki coordinates API"
    },
    "museum_id": "museu-calouste-gulbenkian"
   }
  },
  {
   "type": "Feature",
   "geometry": {
    "type": "Point",
    "coordinates": [
     -79.39278,
     43.65361
    ]
   },
   "properties": {
    "painter": "Nicolas Poussin",
    "title": "Venus presenting arms to Aeneas",
    "year": "1633–1635 c.",
    "city": "Toronto",
    "location": "Art Gallery of Ontario",
    "attribution": "generally accepted",
    "dimensions": "107 x 133 cm",
    "image": "https://upload.wikimedia.org/wikipedia/commons/thumb/0/00/V%C3%A9nus_montrant_ses_armes_%C3%A0_%C3%89n%C3%A9e_-_Nicolas_Poussin_-_Toronto_AGO.jpg/500px-V%C3%A9nus_montrant_ses_armes_%C3%A0_%C3%89n%C3%A9e_-_Nicolas_Poussin_-_Toronto_AGO.jpg?utm_source=en.wikipedia.org&amp;utm_campaign=parser&amp;utm_content=thumbnail",
    "notable": true,
    "creation_place": "Rome",
    "creation_lat": 41.9028,
    "creation_lon": 12.4964,
    "_source": {
     "source": "Wikipedia: List of paintings by Nicolas Poussin",
     "coord": "MediaWiki coordinates API"
    },
    "museum_id": "art-gallery-of-ontario",
    "country": "Canada"
   }
  },
  {
   "type": "Feature",
   "geometry": {
    "type": "Point",
    "coordinates": [
     -1.92773,
     52.45042
    ]
   },
   "properties": {
    "painter": "Nicolas Poussin",
    "title": "Tancred and Erminia",
    "year": "1634 c. (or 1638–1639)",
    "city": "Edgbaston",
    "location": "Barber Institute of Fine Arts",
    "attribution": "generally accepted",
    "dimensions": "75 x 100 cm",
    "image": "https://upload.wikimedia.org/wikipedia/commons/thumb/0/00/Poussin%2C_Tancred_and_Erminia.jpg/500px-Poussin%2C_Tancred_and_Erminia.jpg?utm_source=en.wikipedia.org&amp;utm_campaign=parser&amp;utm_content=thumbnail",
    "notable": true,
    "creation_place": "Rome",
    "creation_lat": 41.9028,
    "creation_lon": 12.4964,
    "_source": {
     "source": "Wikipedia: List of paintings by Nicolas Poussin",
     "coord": "MediaWiki coordinates API"
    },
    "museum_id": "barber-institute-of-fine-arts",
    "country": "United Kingdom"
   }
  },
  {
   "type": "Feature",
   "geometry": {
    "type": "Point",
    "coordinates": [
     -73.9631,
     40.7794
    ]
   },
   "properties": {
    "painter": "Nicolas Poussin",
    "title": "The Rape of the Sabine Women",
    "year": "1634",
    "city": "New York",
    "country": "United States",
    "location": "Metropolitan Museum of Art",
    "attribution": "generally accepted",
    "dimensions": "154,5 x 210 cm",
    "image": "https://upload.wikimedia.org/wikipedia/commons/thumb/9/91/The_Abduction_of_the_Sabine_Women_MET_46_160.jpg/500px-The_Abduction_of_the_Sabine_Women_MET_46_160.jpg?utm_source=en.wikipedia.org&amp;utm_campaign=parser&amp;utm_content=thumbnail",
    "notable": true,
    "creation_place": "Rome",
    "creation_lat": 41.9028,
    "creation_lon": 12.4964,
    "_source": {
     "source": "Wikipedia: List of paintings by Nicolas Poussin",
     "coord": "MediaWiki coordinates API"
    },
    "museum_id": "metropolitan-museum-of-art"
   }
  },
  {
   "type": "Feature",
   "geometry": {
    "type": "Point",
    "coordinates": [
     144.96889,
     -37.8225
    ]
   },
   "properties": {
    "painter": "Nicolas Poussin",
    "title": "The Crossing of the Red Sea",
    "year": "1634",
    "city": "Melbourne",
    "location": "National Gallery of Victoria",
    "attribution": "generally accepted",
    "dimensions": "155,6 x 215,3 cm",
    "image": "https://upload.wikimedia.org/wikipedia/commons/thumb/7/7d/Nicolas_Poussin_-_Le_Passage_de_la_mer_Rouge.jpg/500px-Nicolas_Poussin_-_Le_Passage_de_la_mer_Rouge.jpg?utm_source=en.wikipedia.org&amp;utm_campaign=parser&amp;utm_content=thumbnail",
    "notable": true,
    "creation_place": "Rome",
    "creation_lat": 41.9028,
    "creation_lon": 12.4964,
    "_source": {
     "source": "Wikipedia: List of paintings by Nicolas Poussin",
     "coord": "MediaWiki coordinates API"
    },
    "museum_id": "national-gallery-of-victoria",
    "country": "Australia"
   }
  },
  {
   "type": "Feature",
   "geometry": {
    "type": "Point",
    "coordinates": [
     -0.1283,
     51.5089
    ]
   },
   "properties": {
    "painter": "Nicolas Poussin",
    "title": "The Adoration of the Golden Calf",
    "year": "1634",
    "city": "London",
    "country": "United Kingdom",
    "location": "National Gallery",
    "attribution": "generally accepted",
    "dimensions": "154 x 214 cm",
    "image": "https://upload.wikimedia.org/wikipedia/commons/thumb/e/e4/Nicolas_Poussin_-_L%27Adoration_du_Veau_d%27or.jpg/500px-Nicolas_Poussin_-_L%27Adoration_du_Veau_d%27or.jpg?utm_source=en.wikipedia.org&amp;utm_campaign=parser&amp;utm_content=thumbnail",
    "notable": true,
    "creation_place": "Rome",
    "creation_lat": 41.9028,
    "creation_lon": 12.4964,
    "_source": {
     "source": "Wikipedia: List of paintings by Nicolas Poussin",
     "coord": "MediaWiki coordinates API"
    },
    "museum_id": "national-gallery"
   }
  },
  {
   "type": "Feature",
   "geometry": {
    "type": "Point",
    "coordinates": [
     2.3358,
     48.8611
    ]
   },
   "properties": {
    "painter": "Nicolas Poussin",
    "title": "The young Pyrrhus saved",
    "year": "1634",
    "city": "Paris",
    "country": "France",
    "location": "Louvre",
    "attribution": "generally accepted",
    "dimensions": "116 x 160 cm",
    "image": "https://upload.wikimedia.org/wikipedia/commons/thumb/a/a2/Le_jeune_Pyrrhus_sauv%C3%A9_-_1634_-_Nicolas_Poussin_-_Louvre_-_INV_7292_%3B_MR_2334.jpg/500px-Le_jeune_Pyrrhus_sauv%C3%A9_-_1634_-_Nicolas_Poussin_-_Louvre_-_INV_7292_%3B_MR_2334.jpg?utm_source=en.wikipedia.org&amp;utm_campaign=parser&amp;utm_content=thumbnail",
    "notable": true,
    "creation_place": "Rome",
    "creation_lat": 41.9028,
    "creation_lon": 12.4964,
    "_source": {
     "source": "Wikipedia: List of paintings by Nicolas Poussin",
     "coord": "MediaWiki coordinates API"
    },
    "museum_id": "louvre"
   }
  },
  {
   "type": "Feature",
   "geometry": {
    "type": "Point",
    "coordinates": [
     -3.6922,
     40.4139
    ]
   },
   "properties": {
    "painter": "Nicolas Poussin",
    "title": "Landscape with ruins or Landscape with an ancient tomb and two figures",
    "year": "1634 c.",
    "city": "Madrid",
    "country": "Spain",
    "location": "Museo del Prado",
    "attribution": "generally accepted",
    "dimensions": "72 x 98 cm",
    "image": "https://upload.wikimedia.org/wikipedia/commons/thumb/3/34/Paysage_avec_ruines_-_Poussin_-_Museo_del_Prado.jpg/500px-Paysage_avec_ruines_-_Poussin_-_Museo_del_Prado.jpg?utm_source=en.wikipedia.org&amp;utm_campaign=parser&amp;utm_content=thumbnail",
    "notable": true,
    "creation_place": "Rome",
    "creation_lat": 41.9028,
    "creation_lon": 12.4964,
    "_source": {
     "source": "Wikipedia: List of paintings by Nicolas Poussin",
     "coord": "MediaWiki coordinates API"
    },
    "museum_id": "museo-del-prado"
   }
  },
  {
   "type": "Feature",
   "geometry": {
    "type": "Point",
    "coordinates": [
     2.3358,
     48.8611
    ]
   },
   "properties": {
    "painter": "Nicolas Poussin",
    "title": "Saint John baptising the people",
    "year": "1634–1635",
    "city": "Paris",
    "country": "France",
    "location": "Louvre",
    "attribution": "generally accepted",
    "dimensions": "94 x 120 cm",
    "image": "https://upload.wikimedia.org/wikipedia/commons/thumb/c/cb/Nicolas_Poussin_-_St_John_the_Baptist_Baptizes_the_People_-_WGA18294.jpg/500px-Nicolas_Poussin_-_St_John_the_Baptist_Baptizes_the_People_-_WGA18294.jpg?utm_source=en.wikipedia.org&amp;utm_campaign=parser&amp;utm_content=thumbnail",
    "notable": true,
    "creation_place": "Rome",
    "creation_lat": 41.9028,
    "creation_lon": 12.4964,
    "_source": {
     "source": "Wikipedia: List of paintings by Nicolas Poussin",
     "coord": "MediaWiki coordinates API"
    },
    "museum_id": "louvre"
   }
  },
  {
   "type": "Feature",
   "geometry": {
    "type": "Point",
    "coordinates": [
     -46.63333,
     -23.55
    ]
   },
   "properties": {
    "painter": "Nicolas Poussin",
    "title": "Hymen disguised as a woman at a sacrifice to Priapus or Dance in honour of Priapus",
    "year": "1634–1638 c.",
    "city": "São Paulo",
    "location": "Museum of Art",
    "attribution": "generally accepted",
    "dimensions": "167 x 376 cm",
    "image": "https://upload.wikimedia.org/wikipedia/commons/thumb/5/51/Poussin_-_hymenaeus01.jpg/500px-Poussin_-_hymenaeus01.jpg?utm_source=en.wikipedia.org&amp;utm_campaign=parser&amp;utm_content=thumbnail",
    "notable": true,
    "creation_place": "Rome",
    "creation_lat": 41.9028,
    "creation_lon": 12.4964,
    "_source": {
     "source": "Wikipedia: List of paintings by Nicolas Poussin",
     "coord": "MediaWiki coordinates API"
    },
    "museum_id": "museum-of-art",
    "country": "United States"
   }
  },
  {
   "type": "Feature",
   "geometry": {
    "type": "Point",
    "coordinates": [
     -3.6922,
     40.4139
    ]
   },
   "properties": {
    "painter": "Nicolas Poussin",
    "title": "The Hunt of Meleager and Atalanta or Leaving for a hunt",
    "year": "1634–1638",
    "city": "Madrid",
    "country": "Spain",
    "location": "Museo del Prado",
    "attribution": "generally accepted",
    "dimensions": "160 x 360 cm",
    "image": "https://upload.wikimedia.org/wikipedia/commons/thumb/5/51/La_chasse_de_M%C3%A9l%C3%A9agre%2C_Madrid%2C_mus%C3%A9e_du_Prado.jpg/500px-La_chasse_de_M%C3%A9l%C3%A9agre%2C_Madrid%2C_mus%C3%A9e_du_Prado.jpg?utm_source=en.wikipedia.org&amp;utm_campaign=parser&amp;utm_content=thumbnail",
    "notable": true,
    "creation_place": "Rome",
    "creation_lat": 41.9028,
    "creation_lon": 12.4964,
    "_source": {
     "source": "Wikipedia: List of paintings by Nicolas Poussin",
     "coord": "MediaWiki coordinates API"
    },
    "museum_id": "museo-del-prado"
   }
  },
  {
   "type": "Feature",
   "geometry": {
    "type": "Point",
    "coordinates": [
     -3.6922,
     40.4139
    ]
   },
   "properties": {
    "painter": "Nicolas Poussin",
    "title": "Saint Cecilia",
    "year": "1635 c.",
    "city": "Madrid",
    "country": "Spain",
    "location": "Museo del Prado",
    "attribution": "rejected",
    "dimensions": "117,7 cm x 89 cm",
    "image": "https://upload.wikimedia.org/wikipedia/commons/thumb/e/ed/Nicolas_Poussin_-_Sainte_C%C3%A9cile.jpg/500px-Nicolas_Poussin_-_Sainte_C%C3%A9cile.jpg?utm_source=en.wikipedia.org&amp;utm_campaign=parser&amp;utm_content=thumbnail",
    "notable": true,
    "creation_place": "Rome",
    "creation_lat": 41.9028,
    "creation_lon": 12.4964,
    "_source": {
     "source": "Wikipedia: List of paintings by Nicolas Poussin",
     "coord": "MediaWiki coordinates API"
    },
    "museum_id": "museo-del-prado"
   }
  },
  {
   "type": "Feature",
   "geometry": {
    "type": "Point",
    "coordinates": [
     16.3616,
     48.20388
    ]
   },
   "properties": {
    "painter": "Nicolas Poussin",
    "title": "The Destruction of the Temple in Jerusalem or The Capture of Jerusalem",
    "year": "1638",
    "city": "Vienna",
    "country": "Austria",
    "location": "Kunsthistorisches Museum",
    "attribution": "generally accepted",
    "dimensions": "147 x 198 cm",
    "image": "https://upload.wikimedia.org/wikipedia/commons/thumb/c/cc/Nicolas_Poussin_082.jpg/500px-Nicolas_Poussin_082.jpg?utm_source=en.wikipedia.org&amp;utm_campaign=parser&amp;utm_content=thumbnail",
    "notable": true,
    "creation_place": "Rome",
    "creation_lat": 41.9028,
    "creation_lon": 12.4964,
    "_source": {
     "source": "Wikipedia: List of paintings by Nicolas Poussin",
     "coord": "MediaWiki coordinates API"
    },
    "museum_id": "kunsthistorisches-museum"
   }
  },
  {
   "type": "Feature",
   "geometry": {
    "type": "Point",
    "coordinates": [
     -46.63333,
     -23.55
    ]
   },
   "properties": {
    "painter": "Nicolas Poussin",
    "title": "The Triumph of Neptune or The Birth of Venus (Richelieu Bacchanals I)",
    "year": "1635 or 1636",
    "city": "São Paulo",
    "country": "United States",
    "location": "Museum of Art",
    "attribution": "generally accepted",
    "dimensions": "97,2 × 108 cm",
    "image": "https://upload.wikimedia.org/wikipedia/commons/thumb/3/38/Nicolas_Poussin%2C_French_-_The_Birth_of_Venus_-_Google_Art_Project.jpg/500px-Nicolas_Poussin%2C_French_-_The_Birth_of_Venus_-_Google_Art_Project.jpg?utm_source=en.wikipedia.org&amp;utm_campaign=parser&amp;utm_content=thumbnail",
    "notable": true,
    "creation_place": "Rome",
    "creation_lat": 41.9028,
    "creation_lon": 12.4964,
    "_source": {
     "source": "Wikipedia: List of paintings by Nicolas Poussin",
     "coord": "MediaWiki coordinates API"
    },
    "museum_id": "museum-of-art"
   }
  },
  {
   "type": "Feature",
   "geometry": {
    "type": "Point",
    "coordinates": [
     -0.1283,
     51.5089
    ]
   },
   "properties": {
    "painter": "Nicolas Poussin",
    "title": "The Triumph of Silenus (Richelieu Bacchanals II)",
    "year": "1637",
    "city": "London",
    "country": "United Kingdom",
    "location": "National Gallery",
    "attribution": "copy",
    "dimensions": "143,5 x 121,3 cm",
    "image": "https://upload.wikimedia.org/wikipedia/commons/thumb/8/8b/Le_Triomphe_de_Sil%C3%A8ne_-_Nicolas_Poussin_-_National_Gallery_London.jpg/500px-Le_Triomphe_de_Sil%C3%A8ne_-_Nicolas_Poussin_-_National_Gallery_London.jpg?utm_source=en.wikipedia.org&amp;utm_campaign=parser&amp;utm_content=thumbnail",
    "notable": true,
    "creation_place": "Rome",
    "creation_lat": 41.9028,
    "creation_lon": 12.4964,
    "_source": {
     "source": "Wikipedia: List of paintings by Nicolas Poussin",
     "coord": "MediaWiki coordinates API"
    },
    "museum_id": "national-gallery"
   }
  },
  {
   "type": "Feature",
   "geometry": {
    "type": "Point",
    "coordinates": [
     -0.1283,
     51.5089
    ]
   },
   "properties": {
    "painter": "Nicolas Poussin",
    "title": "The Triumph of Pan (Richelieu Bacchanals III)",
    "year": "1635–1636",
    "city": "London",
    "country": "United Kingdom",
    "location": "National Gallery",
    "attribution": "generally accepted",
    "dimensions": "134 x 145 cm",
    "image": "https://upload.wikimedia.org/wikipedia/commons/thumb/f/f7/Poussin_The_Triumph_of_Pan.jpg/500px-Poussin_The_Triumph_of_Pan.jpg?utm_source=en.wikipedia.org&amp;utm_campaign=parser&amp;utm_content=thumbnail",
    "notable": true,
    "creation_place": "Rome",
    "creation_lat": 41.9028,
    "creation_lon": 12.4964,
    "_source": {
     "source": "Wikipedia: List of paintings by Nicolas Poussin",
     "coord": "MediaWiki coordinates API"
    },
    "museum_id": "national-gallery"
   }
  },
  {
   "type": "Feature",
   "geometry": {
    "type": "Point",
    "coordinates": [
     -94.58084,
     39.04531
    ]
   },
   "properties": {
    "painter": "Nicolas Poussin",
    "title": "The Triumph of Bacchus (Richelieu Bacchanals IV)",
    "year": "1635–1636",
    "city": "Kansas City",
    "country": "United States",
    "location": "Nelson-Atkins Museum of Art",
    "attribution": "copy",
    "dimensions": "128,3 x 151,1 cm",
    "image": "https://upload.wikimedia.org/wikipedia/commons/thumb/4/44/Le_Triomphe_de_Bacchus%2C_1635_-_1636%2C_Kansas_City%2C_The_Nelson-Atkins_Museum_of_Arts.jpg/500px-Le_Triomphe_de_Bacchus%2C_1635_-_1636%2C_Kansas_City%2C_The_Nelson-Atkins_Museum_of_Arts.jpg?utm_source=en.wikipedia.org&amp;utm_campaign=parser&amp;utm_content=thumbnail",
    "notable": true,
    "creation_place": "Rome",
    "creation_lat": 41.9028,
    "creation_lon": 12.4964,
    "_source": {
     "source": "Wikipedia: List of paintings by Nicolas Poussin",
     "coord": "MediaWiki coordinates API"
    },
    "museum_id": "nelson-atkins-museum-of-art"
   }
  },
  {
   "type": "Feature",
   "geometry": {
    "type": "Point",
    "coordinates": [
     -0.78256,
     52.8945
    ]
   },
   "properties": {
    "painter": "Nicolas Poussin",
    "title": "The Seven Sacraments I : Marriage (2)",
    "year": "1636–1640 c.",
    "city": "Leicestershire",
    "location": "Belvoir Castle",
    "attribution": "generally accepted",
    "dimensions": "95,5 x 121 cm",
    "image": "https://upload.wikimedia.org/wikipedia/commons/thumb/e/e2/Seven_Sacraments_-_Marriage_I_%28c1637-1640%29_Nicolas_Poussin.jpg/500px-Seven_Sacraments_-_Marriage_I_%28c1637-1640%29_Nicolas_Poussin.jpg?utm_source=en.wikipedia.org&amp;utm_campaign=parser&amp;utm_content=thumbnail",
    "notable": true,
    "creation_place": "Rome",
    "creation_lat": 41.9028,
    "creation_lon": 12.4964,
    "_source": {
     "source": "Wikipedia: List of paintings by Nicolas Poussin",
     "coord": "MediaWiki coordinates API"
    },
    "museum_id": "belvoir-castle"
   }
  },
  {
   "type": "Feature",
   "geometry": {
    "type": "Point",
    "coordinates": [
     0.11944,
     52.20028
    ]
   },
   "properties": {
    "painter": "Nicolas Poussin",
    "title": "The Seven Sacraments I : Extreme unction (3)",
    "year": "1636-1640 c.",
    "city": "Cambridge",
    "location": "Fitzwilliam Museum",
    "attribution": "generally accepted",
    "dimensions": "95,5 x 121 cm",
    "image": "https://upload.wikimedia.org/wikipedia/commons/thumb/1/12/L%27Extr%C3%AAme_onction_I%2C_vers_1640%2C_Grantham%2C_Belvoir_Castle.jpg/500px-L%27Extr%C3%AAme_onction_I%2C_vers_1640%2C_Grantham%2C_Belvoir_Castle.jpg?utm_source=en.wikipedia.org&amp;utm_campaign=parser&amp;utm_content=thumbnail",
    "notable": true,
    "creation_place": "Rome",
    "creation_lat": 41.9028,
    "creation_lon": 12.4964,
    "_source": {
     "source": "Wikipedia: List of paintings by Nicolas Poussin",
     "coord": "MediaWiki coordinates API"
    },
    "museum_id": "fitzwilliam-museum",
    "country": "United Kingdom"
   }
  },
  {
   "type": "Feature",
   "geometry": {
    "type": "Point",
    "coordinates": [
     -0.78256,
     52.8945
    ]
   },
   "properties": {
    "painter": "Nicolas Poussin",
    "title": "The Seven Sacraments I : Confirmation (4)",
    "year": "1636-1640 (vers)",
    "city": "Leicestershire",
    "location": "Belvoir Castle",
    "attribution": "generally accepted",
    "dimensions": "95,5 x 121 cm",
    "image": "https://upload.wikimedia.org/wikipedia/commons/thumb/f/fb/Seven_Sacraments_-_Confirmation_I_%281637-1640%29_Nicolas_Poussin.jpg/500px-Seven_Sacraments_-_Confirmation_I_%281637-1640%29_Nicolas_Poussin.jpg?utm_source=en.wikipedia.org&amp;utm_campaign=parser&amp;utm_content=thumbnail",
    "notable": true,
    "creation_place": "Rome",
    "creation_lat": 41.9028,
    "creation_lon": 12.4964,
    "_source": {
     "source": "Wikipedia: List of paintings by Nicolas Poussin",
     "coord": "MediaWiki coordinates API"
    },
    "museum_id": "belvoir-castle"
   }
  },
  {
   "type": "Feature",
   "geometry": {
    "type": "Point",
    "coordinates": [
     -97.365,
     32.7486
    ]
   },
   "properties": {
    "painter": "Nicolas Poussin",
    "title": "The Seven Sacraments I : The Commissioning (5) (or Ordination )",
    "year": "1636–1640 c.",
    "city": "Fort Worth",
    "country": "United States",
    "location": "Kimbell Art Museum",
    "attribution": "generally accepted",
    "dimensions": "95,5 x 121 cm",
    "image": "https://upload.wikimedia.org/wikipedia/commons/thumb/7/75/%27Ordination%27_by_Nicolas_Poussin%2C_1630s.jpg/500px-%27Ordination%27_by_Nicolas_Poussin%2C_1630s.jpg?utm_source=en.wikipedia.org&amp;utm_campaign=parser&amp;utm_content=thumbnail",
    "notable": true,
    "creation_place": "Rome",
    "creation_lat": 41.9028,
    "creation_lon": 12.4964,
    "_source": {
     "source": "Wikipedia: List of paintings by Nicolas Poussin",
     "coord": "MediaWiki coordinates API"
    },
    "museum_id": "kimbell-art-museum"
   }
  },
  {
   "type": "Feature",
   "geometry": {
    "type": "Point",
    "coordinates": [
     -0.1283,
     51.5089
    ]
   },
   "properties": {
    "painter": "Nicolas Poussin",
    "title": "The Seven Sacraments I : The Eucharist (6)",
    "year": "1636-1640 c.",
    "city": "London",
    "country": "United Kingdom",
    "location": "National Gallery",
    "attribution": "generally accepted",
    "dimensions": "95,5 x 121 cm",
    "image": "https://upload.wikimedia.org/wikipedia/commons/thumb/2/21/Seven_Sacraments_-_Eucharist_I_%281637-1640%29_Nicholas_Poussin.jpg/500px-Seven_Sacraments_-_Eucharist_I_%281637-1640%29_Nicholas_Poussin.jpg?utm_source=en.wikipedia.org&amp;utm_campaign=parser&amp;utm_content=thumbnail",
    "notable": true,
    "creation_place": "Rome",
    "creation_lat": 41.9028,
    "creation_lon": 12.4964,
    "_source": {
     "source": "Wikipedia: List of paintings by Nicolas Poussin",
     "coord": "MediaWiki coordinates API"
    },
    "museum_id": "national-gallery"
   }
  },
  {
   "type": "Feature",
   "geometry": {
    "type": "Point",
    "coordinates": [
     -77.02,
     38.8914
    ]
   },
   "properties": {
    "painter": "Nicolas Poussin",
    "title": "The Seven Sacraments I : Baptism or The Baptism of Christ (7)",
    "year": "1636–1642",
    "city": "Washington",
    "country": "United States",
    "location": "National Gallery of Art",
    "attribution": "generally accepted",
    "dimensions": "95,5 × 121 cm",
    "image": "https://upload.wikimedia.org/wikipedia/commons/thumb/c/c5/Nicolas_Poussin_081.jpg/500px-Nicolas_Poussin_081.jpg?utm_source=en.wikipedia.org&amp;utm_campaign=parser&amp;utm_content=thumbnail",
    "notable": true,
    "creation_place": "Rome",
    "creation_lat": 41.9028,
    "creation_lon": 12.4964,
    "_source": {
     "source": "Wikipedia: List of paintings by Nicolas Poussin",
     "coord": "MediaWiki coordinates API"
    },
    "museum_id": "national-gallery-of-art"
   }
  },
  {
   "type": "Feature",
   "geometry": {
    "type": "Point",
    "coordinates": [
     -0.08639,
     51.44611
    ]
   },
   "properties": {
    "painter": "Nicolas Poussin",
    "title": "The Feeding of Jupiter or The Infancy of Jupiter",
    "year": "1636–1637 c.",
    "city": "London",
    "country": "United Kingdom",
    "location": "Dulwich Picture Gallery",
    "attribution": "generally accepted",
    "dimensions": "96,2 x 119,6 cm",
    "image": "https://upload.wikimedia.org/wikipedia/commons/thumb/c/ca/La_Nourriture_de_Jupiter_-_Poussin_-_DulwichPG.jpg/500px-La_Nourriture_de_Jupiter_-_Poussin_-_DulwichPG.jpg?utm_source=en.wikipedia.org&amp;utm_campaign=parser&amp;utm_content=thumbnail",
    "notable": true,
    "creation_place": "Rome",
    "creation_lat": 41.9028,
    "creation_lon": 12.4964,
    "_source": {
     "source": "Wikipedia: List of paintings by Nicolas Poussin",
     "coord": "MediaWiki coordinates API"
    },
    "museum_id": "dulwich-picture-gallery"
   }
  },
  {
   "type": "Feature",
   "geometry": {
    "type": "Point",
    "coordinates": [
     13.3647,
     52.5086
    ]
   },
   "properties": {
    "painter": "Nicolas Poussin",
    "title": "Landscape with Juno and Argus",
    "year": "1636–1637 c.",
    "city": "Berlin",
    "country": "Germany",
    "location": "Gemäldegalerie",
    "attribution": "generally accepted",
    "dimensions": "120 x 195 cm",
    "image": "https://upload.wikimedia.org/wikipedia/commons/thumb/b/b2/Paysage_avec_Junon_et_Argus_-_Poussin_-_Gem%C3%A4ldegalerie_Berlin.jpg/500px-Paysage_avec_Junon_et_Argus_-_Poussin_-_Gem%C3%A4ldegalerie_Berlin.jpg?utm_source=en.wikipedia.org&amp;utm_campaign=parser&amp;utm_content=thumbnail",
    "notable": true,
    "creation_place": "Rome",
    "creation_lat": 41.9028,
    "creation_lon": 12.4964,
    "_source": {
     "source": "Wikipedia: List of paintings by Nicolas Poussin",
     "coord": "MediaWiki coordinates API"
    },
    "museum_id": "gemaldegalerie"
   }
  },
  {
   "type": "Feature",
   "geometry": {
    "type": "Point",
    "coordinates": [
     2.3358,
     48.8611
    ]
   },
   "properties": {
    "painter": "Nicolas Poussin",
    "title": "Camillus hands over the schoolmaster of Falerii to his pupils",
    "year": "1637",
    "city": "Paris",
    "country": "France",
    "location": "Louvre",
    "attribution": "generally accepted",
    "dimensions": "252 x 265 cm",
    "image": "https://upload.wikimedia.org/wikipedia/commons/thumb/c/ce/Camille_livre_le_ma%C3%AEtre_d%27%C3%A9cole_de_Fal%C3%A9ries_%C3%A0_ses_%C3%A9coliers_-_Nicolas_Poussin_-_Louvre.jpg/500px-Camille_livre_le_ma%C3%AEtre_d%27%C3%A9cole_de_Fal%C3%A9ries_%C3%A0_ses_%C3%A9coliers_-_Nicolas_Poussin_-_Louvre.jpg?utm_source=en.wikipedia.org&amp;utm_campaign=parser&amp;utm_content=thumbnail",
    "notable": true,
    "creation_place": "Rome",
    "creation_lat": 41.9028,
    "creation_lon": 12.4964,
    "_source": {
     "source": "Wikipedia: List of paintings by Nicolas Poussin",
     "coord": "MediaWiki coordinates API"
    },
    "museum_id": "louvre"
   }
  },
  {
   "type": "Feature",
   "geometry": {
    "type": "Point",
    "coordinates": [
     13.73466,
     51.05338
    ]
   },
   "properties": {
    "painter": "Nicolas Poussin",
    "title": "Pan and Syrinx or Syrinx pursued by Pan and turned into a reed",
    "year": "1637",
    "city": "Dresden",
    "country": "Germany",
    "location": "Gemäldegalerie Alte Meister",
    "attribution": "generally accepted",
    "dimensions": "106,5 x 82 cm",
    "image": "https://upload.wikimedia.org/wikipedia/commons/thumb/0/06/Nicolas_Poussin_-_Pan_et_Syrinx.jpg/500px-Nicolas_Poussin_-_Pan_et_Syrinx.jpg?utm_source=en.wikipedia.org&amp;utm_campaign=parser&amp;utm_content=thumbnail",
    "notable": true,
    "creation_place": "Rome",
    "creation_lat": 41.9028,
    "creation_lon": 12.4964,
    "_source": {
     "source": "Wikipedia: List of paintings by Nicolas Poussin",
     "coord": "MediaWiki coordinates API"
    },
    "museum_id": "gemaldegalerie-alte-meister"
   }
  },
  {
   "type": "Feature",
   "geometry": {
    "type": "Point",
    "coordinates": [
     -3.6922,
     40.4139
    ]
   },
   "properties": {
    "painter": "Nicolas Poussin",
    "title": "Landscape with Saint Jerome",
    "year": "1637–1638",
    "city": "Madrid",
    "country": "Spain",
    "location": "Museo del Prado",
    "attribution": "generally accepted",
    "dimensions": "155 x 234 cm",
    "image": "https://upload.wikimedia.org/wikipedia/commons/thumb/a/a1/Paysage_avec_saint_J%C3%A9r%C3%B4me%2C_Madrid%2C_mus%C3%A9e_du_Prado.jpg/500px-Paysage_avec_saint_J%C3%A9r%C3%B4me%2C_Madrid%2C_mus%C3%A9e_du_Prado.jpg?utm_source=en.wikipedia.org&amp;utm_campaign=parser&amp;utm_content=thumbnail",
    "notable": true,
    "creation_place": "Rome",
    "creation_lat": 41.9028,
    "creation_lon": 12.4964,
    "_source": {
     "source": "Wikipedia: List of paintings by Nicolas Poussin",
     "coord": "MediaWiki coordinates API"
    },
    "museum_id": "museo-del-prado"
   }
  },
  {
   "type": "Feature",
   "geometry": {
    "type": "Point",
    "coordinates": [
     -0.1283,
     51.5089
    ]
   },
   "properties": {
    "painter": "Nicolas Poussin",
    "title": "Landscape with a man drinking",
    "year": "1637–1638 c.",
    "city": "London",
    "country": "United Kingdom",
    "location": "National Gallery",
    "attribution": "generally accepted",
    "dimensions": "63 x 78 cm",
    "image": "https://upload.wikimedia.org/wikipedia/commons/thumb/5/53/Paysage_avec_homme_buvant_-_Poussin_-_National_Gallery_London.jpg/500px-Paysage_avec_homme_buvant_-_Poussin_-_National_Gallery_London.jpg?utm_source=en.wikipedia.org&amp;utm_campaign=parser&amp;utm_content=thumbnail",
    "notable": true,
    "creation_place": "Rome",
    "creation_lat": 41.9028,
    "creation_lon": 12.4964,
    "_source": {
     "source": "Wikipedia: List of paintings by Nicolas Poussin",
     "coord": "MediaWiki coordinates API"
    },
    "museum_id": "national-gallery"
   }
  },
  {
   "type": "Feature",
   "geometry": {
    "type": "Point",
    "coordinates": [
     -0.1283,
     51.5089
    ]
   },
   "properties": {
    "painter": "Nicolas Poussin",
    "title": "Landscape with resting travellers",
    "year": "1637–1638 c.",
    "city": "London",
    "country": "United Kingdom",
    "location": "National Gallery",
    "attribution": "generally accepted",
    "dimensions": "63 x 75 cm",
    "image": "https://upload.wikimedia.org/wikipedia/commons/thumb/9/9d/Paysage_avec_des_voyageurs_au_repos_-_Poussin_-_National_Gallery_London.jpg/500px-Paysage_avec_des_voyageurs_au_repos_-_Poussin_-_National_Gallery_London.jpg?utm_source=en.wikipedia.org&amp;utm_campaign=parser&amp;utm_content=thumbnail",
    "notable": true,
    "creation_place": "Rome",
    "creation_lat": 41.9028,
    "creation_lon": 12.4964,
    "_source": {
     "source": "Wikipedia: List of paintings by Nicolas Poussin",
     "coord": "MediaWiki coordinates API"
    },
    "museum_id": "national-gallery"
   }
  },
  {
   "type": "Feature",
   "geometry": {
    "type": "Point",
    "coordinates": [
     2.3358,
     48.8611
    ]
   },
   "properties": {
    "painter": "Nicolas Poussin",
    "title": "The Israelites gathering manna in the desert",
    "year": "1637–1639",
    "city": "Paris",
    "country": "France",
    "location": "Louvre",
    "attribution": "generally accepted",
    "dimensions": "149 x 200 cm",
    "image": "https://upload.wikimedia.org/wikipedia/commons/thumb/4/4b/Poussin%2C_Nicolas_-_The_Jews_Gathering_the_Manna_in_the_Desert_-1637_-_1639.jpg/500px-Poussin%2C_Nicolas_-_The_Jews_Gathering_the_Manna_in_the_Desert_-1637_-_1639.jpg?utm_source=en.wikipedia.org&amp;utm_campaign=parser&amp;utm_content=thumbnail",
    "notable": true,
    "creation_place": "Rome",
    "creation_lat": 41.9028,
    "creation_lon": 12.4964,
    "_source": {
     "source": "Wikipedia: List of paintings by Nicolas Poussin",
     "coord": "MediaWiki coordinates API"
    },
    "museum_id": "louvre"
   }
  },
  {
   "type": "Feature",
   "geometry": {
    "type": "Point",
    "coordinates": [
     2.3358,
     48.8611
    ]
   },
   "properties": {
    "painter": "Nicolas Poussin",
    "title": "Finding of Moses",
    "year": "1638",
    "city": "Paris",
    "country": "France",
    "location": "Louvre",
    "attribution": "generally accepted",
    "dimensions": "93 x 121 cm",
    "image": "https://upload.wikimedia.org/wikipedia/commons/thumb/9/93/Poussin_finding_of_moses_1638.jpg/500px-Poussin_finding_of_moses_1638.jpg?utm_source=en.wikipedia.org&amp;utm_campaign=parser&amp;utm_content=thumbnail",
    "notable": true,
    "creation_place": "Rome",
    "creation_lat": 41.9028,
    "creation_lon": 12.4964,
    "_source": {
     "source": "Wikipedia: List of paintings by Nicolas Poussin",
     "coord": "MediaWiki coordinates API"
    },
    "museum_id": "louvre"
   }
  },
  {
   "type": "Feature",
   "geometry": {
    "type": "Point",
    "coordinates": [
     2.48528,
     49.19389
    ]
   },
   "properties": {
    "painter": "Nicolas Poussin",
    "title": "Theseus rediscovering his father's sword",
    "year": "1638 c.",
    "city": "Chantilly",
    "location": "Musée Condé",
    "attribution": "generally accepted",
    "dimensions": "98 x 134 cm",
    "image": "https://upload.wikimedia.org/wikipedia/commons/thumb/a/a2/Th%C3%A9s%C3%A9e_retrouve_l%27%C3%A9p%C3%A9e_de_son_p%C3%A8re_-_Poussin_-_c1638.jpg/500px-Th%C3%A9s%C3%A9e_retrouve_l%27%C3%A9p%C3%A9e_de_son_p%C3%A8re_-_Poussin_-_c1638.jpg?utm_source=en.wikipedia.org&amp;utm_campaign=parser&amp;utm_content=thumbnail",
    "notable": true,
    "creation_place": "Rome",
    "creation_lat": 41.9028,
    "creation_lon": 12.4964,
    "_source": {
     "source": "Wikipedia: List of paintings by Nicolas Poussin",
     "coord": "MediaWiki coordinates API"
    },
    "museum_id": "musee-conde",
    "country": "France"
   }
  },
  {
   "type": "Feature",
   "geometry": {
    "type": "Point",
    "coordinates": [
     2.3358,
     48.8611
    ]
   },
   "properties": {
    "painter": "Nicolas Poussin",
    "title": "The Shepherds of Arcadia ( Et in Arcadia ego )",
    "year": "1638–1639",
    "city": "Paris",
    "country": "France",
    "location": "Louvre",
    "attribution": "generally accepted",
    "dimensions": "85 x 121 cm",
    "image": "https://upload.wikimedia.org/wikipedia/commons/thumb/d/df/Nicolas_Poussin_-_Et_in_Arcadia_ego_%28deuxi%C3%A8me_version%29.jpg/500px-Nicolas_Poussin_-_Et_in_Arcadia_ego_%28deuxi%C3%A8me_version%29.jpg?utm_source=en.wikipedia.org&amp;utm_campaign=parser&amp;utm_content=thumbnail",
    "notable": true,
    "creation_place": "Rome",
    "creation_lat": 41.9028,
    "creation_lon": 12.4964,
    "_source": {
     "source": "Wikipedia: List of paintings by Nicolas Poussin",
     "coord": "MediaWiki coordinates API"
    },
    "museum_id": "louvre"
   }
  },
  {
   "type": "Feature",
   "geometry": {
    "type": "Point",
    "coordinates": [
     7.68612,
     45.07405
    ]
   },
   "properties": {
    "painter": "Nicolas Poussin",
    "title": "Saint Margaret",
    "year": "1638–1640 c.",
    "city": "Turin",
    "country": "Italy",
    "location": "Sabauda Gallery",
    "attribution": "generally accepted",
    "dimensions": "220 x 145 cm",
    "image": "https://upload.wikimedia.org/wikipedia/commons/thumb/1/1a/Poussin_-_Sainte_Marguerite_-_Galleria_Sabauda.jpg/500px-Poussin_-_Sainte_Marguerite_-_Galleria_Sabauda.jpg?utm_source=en.wikipedia.org&amp;utm_campaign=parser&amp;utm_content=thumbnail",
    "notable": true,
    "creation_place": "Rome",
    "creation_lat": 41.9028,
    "creation_lon": 12.4964,
    "_source": {
     "source": "Wikipedia: List of paintings by Nicolas Poussin",
     "coord": "MediaWiki coordinates API"
    },
    "museum_id": "sabauda-gallery"
   }
  },
  {
   "type": "Feature",
   "geometry": {
    "type": "Point",
    "coordinates": [
     4.835,
     45.7675
    ]
   },
   "properties": {
    "painter": "Nicolas Poussin",
    "title": "Venus presenting arms to Aeneas",
    "year": "1639",
    "city": "Lyon",
    "country": "France",
    "location": "musée des beaux-arts",
    "attribution": "generally accepted",
    "dimensions": "105 x 142 cm",
    "image": "https://upload.wikimedia.org/wikipedia/commons/thumb/c/c8/Nicolas_Poussin_-_Venus_Presenting_Arms_to_Aeneas_-_WGA18308.jpg/500px-Nicolas_Poussin_-_Venus_Presenting_Arms_to_Aeneas_-_WGA18308.jpg?utm_source=en.wikipedia.org&amp;utm_campaign=parser&amp;utm_content=thumbnail",
    "notable": true,
    "creation_place": "Rome",
    "creation_lat": 41.9028,
    "creation_lon": 12.4964,
    "_source": {
     "source": "Wikipedia: List of paintings by Nicolas Poussin",
     "coord": "MediaWiki coordinates API"
    },
    "museum_id": "musee-des-beaux-arts-2"
   }
  },
  {
   "type": "Feature",
   "geometry": {
    "type": "Point",
    "coordinates": [
     13.3647,
     52.5086
    ]
   },
   "properties": {
    "painter": "Nicolas Poussin",
    "title": "Jupiter suckled by the goat Amalthea or The Feeding of Jupiter",
    "year": "1640",
    "city": "Berlin",
    "country": "Germany",
    "location": "Gemäldegalerie",
    "attribution": "generally accepted",
    "dimensions": "97 × 133 cm",
    "image": "https://upload.wikimedia.org/wikipedia/commons/thumb/9/95/Nicolas_Poussin_-_Jupiter_enfant_nourri_par_la_ch%C3%A8vre_Amalth%C3%A9e.jpg/500px-Nicolas_Poussin_-_Jupiter_enfant_nourri_par_la_ch%C3%A8vre_Amalth%C3%A9e.jpg?utm_source=en.wikipedia.org&amp;utm_campaign=parser&amp;utm_content=thumbnail",
    "notable": true,
    "creation_place": "Paris",
    "creation_lat": 48.8566,
    "creation_lon": 2.3522,
    "_source": {
     "source": "Wikipedia: List of paintings by Nicolas Poussin",
     "coord": "MediaWiki coordinates API"
    },
    "museum_id": "gemaldegalerie"
   }
  },
  {
   "type": "Feature",
   "geometry": {
    "type": "Point",
    "coordinates": [
     37.60603,
     55.74703
    ]
   },
   "properties": {
    "painter": "Nicolas Poussin",
    "title": "The Continence of Scipio",
    "year": "1640",
    "city": "Moscow",
    "country": "Russia",
    "location": "Pushkin Museum",
    "attribution": "generally accepted",
    "dimensions": "114 x 163 cm",
    "image": "https://upload.wikimedia.org/wikipedia/commons/thumb/a/a2/Nicolas_Poussin_-_La_Continence_de_Scipion.jpg/500px-Nicolas_Poussin_-_La_Continence_de_Scipion.jpg?utm_source=en.wikipedia.org&amp;utm_campaign=parser&amp;utm_content=thumbnail",
    "notable": true,
    "creation_place": "Paris",
    "creation_lat": 48.8566,
    "creation_lon": 2.3522,
    "_source": {
     "source": "Wikipedia: List of paintings by Nicolas Poussin",
     "coord": "MediaWiki coordinates API"
    },
    "museum_id": "pushkin-museum"
   }
  },
  {
   "type": "Feature",
   "geometry": {
    "type": "Point",
    "coordinates": [
     13.3647,
     52.5086
    ]
   },
   "properties": {
    "painter": "Nicolas Poussin",
    "title": "Landscape with saint Matthew",
    "year": "1640",
    "city": "Berlin",
    "country": "Germany",
    "location": "Gemäldegalerie",
    "attribution": "generally accepted",
    "dimensions": "99 x 135 cm",
    "image": "https://upload.wikimedia.org/wikipedia/commons/thumb/0/04/Nicolas_Poussin_-_Paysage_avec_saint_Matthieu.jpg/500px-Nicolas_Poussin_-_Paysage_avec_saint_Matthieu.jpg?utm_source=en.wikipedia.org&amp;utm_campaign=parser&amp;utm_content=thumbnail",
    "notable": true,
    "creation_place": "Paris",
    "creation_lat": 48.8566,
    "creation_lon": 2.3522,
    "_source": {
     "source": "Wikipedia: List of paintings by Nicolas Poussin",
     "coord": "MediaWiki coordinates API"
    },
    "museum_id": "gemaldegalerie"
   }
  },
  {
   "type": "Feature",
   "geometry": {
    "type": "Point",
    "coordinates": [
     -87.62389,
     41.87944
    ]
   },
   "properties": {
    "painter": "Nicolas Poussin",
    "title": "Landscape with saint John on Patmos",
    "year": "1640",
    "city": "Chicago",
    "country": "United States",
    "location": "Art Institute of Chicago",
    "attribution": "generally accepted",
    "dimensions": "102 x 133 cm",
    "image": "https://upload.wikimedia.org/wikipedia/commons/thumb/0/07/Poussin_-_Paysage_avec_saint_Jean_%C3%A0_Patmos_-_Chicago_Art_Institute.jpg/500px-Poussin_-_Paysage_avec_saint_Jean_%C3%A0_Patmos_-_Chicago_Art_Institute.jpg?utm_source=en.wikipedia.org&amp;utm_campaign=parser&amp;utm_content=thumbnail",
    "notable": true,
    "creation_place": "Paris",
    "creation_lat": 48.8566,
    "creation_lon": 2.3522,
    "_source": {
     "source": "Wikipedia: List of paintings by Nicolas Poussin",
     "coord": "MediaWiki coordinates API"
    },
    "museum_id": "art-institute-of-chicago"
   }
  },
  {
   "type": "Feature",
   "geometry": {
    "type": "Point",
    "coordinates": [
     2.3358,
     48.8611
    ]
   },
   "properties": {
    "painter": "Nicolas Poussin",
    "title": "The Institution of the Eucharist or Jesus Christ instituting the Eucharist",
    "year": "1641",
    "city": "Paris",
    "country": "France",
    "location": "Louvre",
    "attribution": "generally accepted",
    "dimensions": "325 x 250 cm",
    "image": "https://upload.wikimedia.org/wikipedia/commons/thumb/6/6d/Nicolas_Poussin_-_The_Institution_of_the_Eucharist_-_WGA18310.jpg/500px-Nicolas_Poussin_-_The_Institution_of_the_Eucharist_-_WGA18310.jpg?utm_source=en.wikipedia.org&amp;utm_campaign=parser&amp;utm_content=thumbnail",
    "notable": true,
    "creation_place": "Paris",
    "creation_lat": 48.8566,
    "creation_lon": 2.3522,
    "_source": {
     "source": "Wikipedia: List of paintings by Nicolas Poussin",
     "coord": "MediaWiki coordinates API"
    },
    "museum_id": "louvre"
   }
  },
  {
   "type": "Feature",
   "geometry": {
    "type": "Point",
    "coordinates": [
     2.3358,
     48.8611
    ]
   },
   "properties": {
    "painter": "Nicolas Poussin",
    "title": "Time and Truth or dit aussi Time defending Truth against the attacks of Envy and Discord",
    "year": "1641",
    "city": "Paris",
    "country": "France",
    "location": "Louvre",
    "attribution": "generally accepted",
    "dimensions": "297 cm in diameter",
    "image": "https://upload.wikimedia.org/wikipedia/commons/thumb/2/2e/Nicolas_Poussin_-_Le_Temps_soustrait_la_V%C3%A9rit%C3%A9_aux_atteintes_de_l%27Envie_et_de_la_Discorde.jpg/500px-Nicolas_Poussin_-_Le_Temps_soustrait_la_V%C3%A9rit%C3%A9_aux_atteintes_de_l%27Envie_et_de_la_Discorde.jpg?utm_source=en.wikipedia.org&amp;utm_campaign=parser&amp;utm_content=thumbnail",
    "notable": true,
    "creation_place": "Paris",
    "creation_lat": 48.8566,
    "creation_lon": 2.3522,
    "_source": {
     "source": "Wikipedia: List of paintings by Nicolas Poussin",
     "coord": "MediaWiki coordinates API"
    },
    "museum_id": "louvre"
   }
  },
  {
   "type": "Feature",
   "geometry": {
    "type": "Point",
    "coordinates": [
     2.3358,
     48.8611
    ]
   },
   "properties": {
    "painter": "Nicolas Poussin",
    "title": "The Miracle of saint Francis Xavier or Saint Francis Xavier bringing back to life the daughter of an inhabitant of Cangoxima in Japan",
    "year": "1641–1642",
    "city": "Paris",
    "country": "France",
    "location": "Louvre",
    "attribution": "generally accepted",
    "dimensions": "444 x 234 cm",
    "image": "https://upload.wikimedia.org/wikipedia/commons/thumb/e/ec/Poussin_Miracle_de_saint_Fran%C3%A7ois_Xavier_Louvre.jpg/500px-Poussin_Miracle_de_saint_Fran%C3%A7ois_Xavier_Louvre.jpg?utm_source=en.wikipedia.org&amp;utm_campaign=parser&amp;utm_content=thumbnail",
    "notable": true,
    "creation_place": "Paris",
    "creation_lat": 48.8566,
    "creation_lon": 2.3522,
    "_source": {
     "source": "Wikipedia: List of paintings by Nicolas Poussin",
     "coord": "MediaWiki coordinates API"
    },
    "museum_id": "louvre"
   }
  },
  {
   "type": "Feature",
   "geometry": {
    "type": "Point",
    "coordinates": [
     -83.04583,
     42.33167
    ]
   },
   "properties": {
    "painter": "Nicolas Poussin",
    "title": "Holy Family",
    "year": "1641–1642",
    "city": "Detroit",
    "country": "United States",
    "location": "Institute of Arts",
    "attribution": "generally accepted",
    "dimensions": "71 x 55,5 cm",
    "image": "https://upload.wikimedia.org/wikipedia/commons/thumb/d/d9/Sainte_Famille_-_Poussin_-_DetroitIA.jpg/500px-Sainte_Famille_-_Poussin_-_DetroitIA.jpg?utm_source=en.wikipedia.org&amp;utm_campaign=parser&amp;utm_content=thumbnail",
    "notable": true,
    "creation_place": "Paris",
    "creation_lat": 48.8566,
    "creation_lon": 2.3522,
    "_source": {
     "source": "Wikipedia: List of paintings by Nicolas Poussin",
     "coord": "MediaWiki coordinates API"
    },
    "museum_id": "institute-of-arts"
   }
  },
  {
   "type": "Feature",
   "geometry": {
    "type": "Point",
    "coordinates": [
     -82.54361,
     27.35833
    ]
   },
   "properties": {
    "painter": "Nicolas Poussin",
    "title": "Saint Paul's ascension to heaven",
    "year": "1643",
    "city": "Florida",
    "location": "Sarasota",
    "attribution": "generally accepted",
    "dimensions": "41,5 x 30 cm",
    "image": "https://upload.wikimedia.org/wikipedia/commons/thumb/d/dd/Ravissement_de_saint_Paul_-_Poussin_-_J%26MRinglingMuseumofArt.jpg/500px-Ravissement_de_saint_Paul_-_Poussin_-_J%26MRinglingMuseumofArt.jpg?utm_source=en.wikipedia.org&amp;utm_campaign=parser&amp;utm_content=thumbnail",
    "notable": true,
    "creation_place": "Rome",
    "creation_lat": 41.9028,
    "creation_lon": 12.4964,
    "_source": {
     "source": "Wikipedia: List of paintings by Nicolas Poussin",
     "coord": "MediaWiki coordinates API"
    },
    "museum_id": "sarasota"
   }
  },
  {
   "type": "Feature",
   "geometry": {
    "type": "Point",
    "coordinates": [
     -3.19556,
     55.95083
    ]
   },
   "properties": {
    "painter": "Nicolas Poussin",
    "title": "The Seven Sacraments II : Confirmation (2)",
    "year": "1645",
    "city": "Edinburgh",
    "country": "United Kingdom",
    "location": "National Gallery of Scotland",
    "attribution": "generally accepted",
    "dimensions": "117 x 178 cm",
    "image": "https://upload.wikimedia.org/wikipedia/commons/thumb/c/cb/Seven_Sacraments_-_Confirmation_II_%281645%29_Nicolas_Poussin.jpg/500px-Seven_Sacraments_-_Confirmation_II_%281645%29_Nicolas_Poussin.jpg?utm_source=en.wikipedia.org&amp;utm_campaign=parser&amp;utm_content=thumbnail",
    "notable": true,
    "creation_place": "Rome",
    "creation_lat": 41.9028,
    "creation_lon": 12.4964,
    "_source": {
     "source": "Wikipedia: List of paintings by Nicolas Poussin",
     "coord": "MediaWiki coordinates API"
    },
    "museum_id": "national-gallery-of-scotland"
   }
  },
  {
   "type": "Feature",
   "geometry": {
    "type": "Point",
    "coordinates": [
     -3.19556,
     55.95083
    ]
   },
   "properties": {
    "painter": "Nicolas Poussin",
    "title": "The Seven Sacraments II : Baptism (3)",
    "year": "1646",
    "city": "Edinburgh",
    "country": "United Kingdom",
    "location": "National Gallery of Scotland",
    "attribution": "generally accepted",
    "dimensions": "117 x 178 cm",
    "image": "https://upload.wikimedia.org/wikipedia/commons/thumb/b/b9/Seven_Sacraments_-_Baptism_%28II%29_1646_Nicolas_Poussin.jpg/500px-Seven_Sacraments_-_Baptism_%28II%29_1646_Nicolas_Poussin.jpg?utm_source=en.wikipedia.org&amp;utm_campaign=parser&amp;utm_content=thumbnail",
    "notable": true,
    "creation_place": "Rome",
    "creation_lat": 41.9028,
    "creation_lon": 12.4964,
    "_source": {
     "source": "Wikipedia: List of paintings by Nicolas Poussin",
     "coord": "MediaWiki coordinates API"
    },
    "museum_id": "national-gallery-of-scotland"
   }
  },
  {
   "type": "Feature",
   "geometry": {
    "type": "Point",
    "coordinates": [
     -3.19556,
     55.95083
    ]
   },
   "properties": {
    "painter": "Nicolas Poussin",
    "title": "The Seven Sacraments II : Confession (4)",
    "year": "1647",
    "city": "Edinburgh",
    "country": "United Kingdom",
    "location": "National Gallery of Scotland",
    "attribution": "generally accepted",
    "dimensions": "117 x 178 cm",
    "image": "https://upload.wikimedia.org/wikipedia/commons/thumb/2/2c/Nicolas_Poussin_077.jpg/500px-Nicolas_Poussin_077.jpg?utm_source=en.wikipedia.org&amp;utm_campaign=parser&amp;utm_content=thumbnail",
    "notable": true,
    "creation_place": "Rome",
    "creation_lat": 41.9028,
    "creation_lon": 12.4964,
    "_source": {
     "source": "Wikipedia: List of paintings by Nicolas Poussin",
     "coord": "MediaWiki coordinates API"
    },
    "museum_id": "national-gallery-of-scotland"
   }
  },
  {
   "type": "Feature",
   "geometry": {
    "type": "Point",
    "coordinates": [
     -3.19556,
     55.95083
    ]
   },
   "properties": {
    "painter": "Nicolas Poussin",
    "title": "The Seven Sacraments II : Ordination or Commissioning (5)",
    "year": "1647",
    "city": "Edinburgh",
    "country": "United Kingdom",
    "location": "National Gallery of Scotland",
    "attribution": "generally accepted",
    "dimensions": "117 x 178 cm",
    "image": "https://upload.wikimedia.org/wikipedia/commons/thumb/9/98/Seven_Sacraments_-_Ordination_II_%281647%29_Nicolas_Poussin.jpg/500px-Seven_Sacraments_-_Ordination_II_%281647%29_Nicolas_Poussin.jpg?utm_source=en.wikipedia.org&amp;utm_campaign=parser&amp;utm_content=thumbnail",
    "notable": true,
    "creation_place": "Rome",
    "creation_lat": 41.9028,
    "creation_lon": 12.4964,
    "_source": {
     "source": "Wikipedia: List of paintings by Nicolas Poussin",
     "coord": "MediaWiki coordinates API"
    },
    "museum_id": "national-gallery-of-scotland"
   }
  },
  {
   "type": "Feature",
   "geometry": {
    "type": "Point",
    "coordinates": [
     -3.19556,
     55.95083
    ]
   },
   "properties": {
    "painter": "Nicolas Poussin",
    "title": "The Seven Sacraments II : Eucharist (6)",
    "year": "1647",
    "city": "Edinburgh",
    "country": "United Kingdom",
    "location": "National Gallery of Scotland",
    "attribution": "generally accepted",
    "dimensions": "117 x 178 cm",
    "image": "https://upload.wikimedia.org/wikipedia/commons/thumb/5/57/Seven_Sacraments_-_Holy_Eucharist_II_%281647%29_-_Poussin_-_NGofScotland.jpg/500px-Seven_Sacraments_-_Holy_Eucharist_II_%281647%29_-_Poussin_-_NGofScotland.jpg?utm_source=en.wikipedia.org&amp;utm_campaign=parser&amp;utm_content=thumbnail",
    "notable": true,
    "creation_place": "Rome",
    "creation_lat": 41.9028,
    "creation_lon": 12.4964,
    "_source": {
     "source": "Wikipedia: List of paintings by Nicolas Poussin",
     "coord": "MediaWiki coordinates API"
    },
    "museum_id": "national-gallery-of-scotland"
   }
  },
  {
   "type": "Feature",
   "geometry": {
    "type": "Point",
    "coordinates": [
     -3.19556,
     55.95083
    ]
   },
   "properties": {
    "painter": "Nicolas Poussin",
    "title": "The Seven Sacraments II : Marriage (7)",
    "year": "1647–1648",
    "city": "Edinburgh",
    "country": "United Kingdom",
    "location": "National Gallery of Scotland",
    "attribution": "generally accepted",
    "dimensions": "117 x 178 cm",
    "image": "https://upload.wikimedia.org/wikipedia/commons/thumb/7/7e/Seven_Sacraments_-_Marriage_II_%281647-1648%29_Nicolas_Poussin.jpg/500px-Seven_Sacraments_-_Marriage_II_%281647-1648%29_Nicolas_Poussin.jpg?utm_source=en.wikipedia.org&amp;utm_campaign=parser&amp;utm_content=thumbnail",
    "notable": true,
    "creation_place": "Rome",
    "creation_lat": 41.9028,
    "creation_lon": 12.4964,
    "_source": {
     "source": "Wikipedia: List of paintings by Nicolas Poussin",
     "coord": "MediaWiki coordinates API"
    },
    "museum_id": "national-gallery-of-scotland"
   }
  },
  {
   "type": "Feature",
   "geometry": {
    "type": "Point",
    "coordinates": [
     -72.67417,
     41.7625
    ]
   },
   "properties": {
    "painter": "Nicolas Poussin",
    "title": "Crucifixion or Calvary",
    "year": "1645–1646",
    "city": "Wadsworth Atheneum",
    "location": "Hartford (Connecticut)",
    "attribution": "generally accepted",
    "dimensions": "148 x 218 cm",
    "image": "https://upload.wikimedia.org/wikipedia/commons/thumb/5/52/Crucifixion_-_Poussin_-_WadsworthAtheneum.jpg/500px-Crucifixion_-_Poussin_-_WadsworthAtheneum.jpg?utm_source=en.wikipedia.org&amp;utm_campaign=parser&amp;utm_content=thumbnail",
    "notable": true,
    "creation_place": "Rome",
    "creation_lat": 41.9028,
    "creation_lon": 12.4964,
    "_source": {
     "source": "Wikipedia: List of paintings by Nicolas Poussin",
     "coord": "MediaWiki coordinates API"
    },
    "museum_id": "hartford-connecticut"
   }
  },
  {
   "type": "Feature",
   "geometry": {
    "type": "Point",
    "coordinates": [
     2.3358,
     48.8611
    ]
   },
   "properties": {
    "painter": "Nicolas Poussin",
    "title": "Moses changing Aaron's rod into a snake",
    "year": "1645–1648 c.",
    "city": "Paris",
    "country": "France",
    "location": "Louvre",
    "attribution": "generally accepted",
    "dimensions": "92 x 128 cm",
    "image": "https://upload.wikimedia.org/wikipedia/commons/thumb/b/bf/Mo%C3%AFse_changeant_en_serpent_la_verge_d%27Aaron_-_1646-1647_-_Nicolas_Poussin_-_Louvre_-_INV_7274_%3B_MR_2318.jpg/500px-Mo%C3%AFse_changeant_en_serpent_la_verge_d%27Aaron_-_1646-1647_-_Nicolas_Poussin_-_Louvre_-_INV_7274_%3B_MR_2318.jpg?utm_source=en.wikipedia.org&amp;utm_campaign=parser&amp;utm_content=thumbnail",
    "notable": true,
    "creation_place": "Rome",
    "creation_lat": 41.9028,
    "creation_lon": 12.4964,
    "_source": {
     "source": "Wikipedia: List of paintings by Nicolas Poussin",
     "coord": "MediaWiki coordinates API"
    },
    "museum_id": "louvre"
   }
  },
  {
   "type": "Feature",
   "geometry": {
    "type": "Point",
    "coordinates": [
     2.3358,
     48.8611
    ]
   },
   "properties": {
    "painter": "Nicolas Poussin",
    "title": "The infant Moses trampling pharaoh's crown",
    "year": "1645–1648 c.",
    "city": "Paris",
    "country": "France",
    "location": "Louvre",
    "attribution": "generally accepted",
    "dimensions": "92 x 128 cm",
    "image": "https://upload.wikimedia.org/wikipedia/commons/thumb/9/9c/Mo%C3%AFse_enfant_foulant_aux_pieds_la_couronne_de_Pharaon_-_1647-1647_-_Nicolas_Poussin_-_Louvre_-_INV_7273_%3B_MR_2317.jpg/500px-Mo%C3%AFse_enfant_foulant_aux_pieds_la_couronne_de_Pharaon_-_1647-1647_-_Nicolas_Poussin_-_Louvre_-_INV_7273_%3B_MR_2317.jpg?utm_source=en.wikipedia.org&amp;utm_campaign=parser&amp;utm_content=thumbnail",
    "notable": true,
    "creation_place": "Rome",
    "creation_lat": 41.9028,
    "creation_lon": 12.4964,
    "_source": {
     "source": "Wikipedia: List of paintings by Nicolas Poussin",
     "coord": "MediaWiki coordinates API"
    },
    "museum_id": "louvre"
   }
  },
  {
   "type": "Feature",
   "geometry": {
    "type": "Point",
    "coordinates": [
     2.3358,
     48.8611
    ]
   },
   "properties": {
    "painter": "Nicolas Poussin",
    "title": "Moses saved from the river",
    "year": "1647",
    "city": "Paris",
    "country": "France",
    "location": "Louvre",
    "attribution": "generally accepted",
    "dimensions": "120 x 195 cm",
    "image": "https://upload.wikimedia.org/wikipedia/commons/thumb/9/9b/Mo%C3%AFse_sauv%C3%A9_des_eaux_%281647%29_-_Nicolas_Poussin_-_Louvre.jpg/500px-Mo%C3%AFse_sauv%C3%A9_des_eaux_%281647%29_-_Nicolas_Poussin_-_Louvre.jpg?utm_source=en.wikipedia.org&amp;utm_campaign=parser&amp;utm_content=thumbnail",
    "notable": true,
    "creation_place": "Rome",
    "creation_lat": 41.9028,
    "creation_lon": 12.4964,
    "_source": {
     "source": "Wikipedia: List of paintings by Nicolas Poussin",
     "coord": "MediaWiki coordinates API"
    },
    "museum_id": "louvre"
   }
  },
  {
   "type": "Feature",
   "geometry": {
    "type": "Point",
    "coordinates": [
     -46.63333,
     -23.55
    ]
   },
   "properties": {
    "painter": "Nicolas Poussin",
    "title": "Holy Family or Madonna on the stairs",
    "year": "1648",
    "city": "São Paulo",
    "country": "United States",
    "location": "Museum of Art",
    "attribution": "copy",
    "dimensions": "118 x 197 cm",
    "image": "https://upload.wikimedia.org/wikipedia/commons/thumb/c/cc/The_Holy_Family_on_the_Steps.jpg/500px-The_Holy_Family_on_the_Steps.jpg?utm_source=en.wikipedia.org&amp;utm_campaign=parser&amp;utm_content=thumbnail",
    "notable": true,
    "creation_place": "Rome",
    "creation_lat": 41.9028,
    "creation_lon": 12.4964,
    "_source": {
     "source": "Wikipedia: List of paintings by Nicolas Poussin",
     "coord": "MediaWiki coordinates API"
    },
    "museum_id": "museum-of-art"
   }
  },
  {
   "type": "Feature",
   "geometry": {
    "type": "Point",
    "coordinates": [
     2.3358,
     48.8611
    ]
   },
   "properties": {
    "painter": "Nicolas Poussin",
    "title": "Eleazer and Rebecca",
    "year": "1648",
    "city": "Paris",
    "country": "France",
    "location": "Louvre",
    "attribution": "generally accepted",
    "dimensions": "118 x 197 cm",
    "image": "https://upload.wikimedia.org/wikipedia/commons/thumb/3/30/Nicolas_Poussin_073.jpg/500px-Nicolas_Poussin_073.jpg?utm_source=en.wikipedia.org&amp;utm_campaign=parser&amp;utm_content=thumbnail",
    "notable": true,
    "creation_place": "Rome",
    "creation_lat": 41.9028,
    "creation_lon": 12.4964,
    "_source": {
     "source": "Wikipedia: List of paintings by Nicolas Poussin",
     "coord": "MediaWiki coordinates API"
    },
    "museum_id": "louvre"
   }
  },
  {
   "type": "Feature",
   "geometry": {
    "type": "Point",
    "coordinates": [
     -3.17917,
     51.48167
    ]
   },
   "properties": {
    "painter": "Nicolas Poussin",
    "title": "Landscape with the funeral of Phocion",
    "year": "1648",
    "city": "Cardiff",
    "location": "National Museum of Wales",
    "attribution": "generally accepted",
    "dimensions": "117,5 x 178 cm",
    "image": "https://upload.wikimedia.org/wikipedia/commons/thumb/2/2f/Nicolas_Poussin_-_Paysage_avec_l%27enterrement_de_Phocion_.jpg/500px-Nicolas_Poussin_-_Paysage_avec_l%27enterrement_de_Phocion_.jpg?utm_source=en.wikipedia.org&amp;utm_campaign=parser&amp;utm_content=thumbnail",
    "notable": true,
    "creation_place": "Rome",
    "creation_lat": 41.9028,
    "creation_lon": 12.4964,
    "_source": {
     "source": "Wikipedia: List of paintings by Nicolas Poussin",
     "coord": "MediaWiki coordinates API"
    },
    "museum_id": "national-museum-of-wales"
   }
  },
  {
   "type": "Feature",
   "geometry": {
    "type": "Point",
    "coordinates": [
     -2.97972,
     53.41
    ]
   },
   "properties": {
    "painter": "Nicolas Poussin",
    "title": "Landscape with the Ashes of Phocion",
    "year": "1648",
    "city": "Liverpool",
    "location": "Walker Art Gallery",
    "attribution": "generally accepted",
    "dimensions": "116 x 178,5 cm",
    "image": "https://upload.wikimedia.org/wikipedia/commons/thumb/8/81/The_ashes_of_phocion_collected_by_his_widow_1648.jpg/500px-The_ashes_of_phocion_collected_by_his_widow_1648.jpg?utm_source=en.wikipedia.org&amp;utm_campaign=parser&amp;utm_content=thumbnail",
    "notable": true,
    "creation_place": "Rome",
    "creation_lat": 41.9028,
    "creation_lon": 12.4964,
    "_source": {
     "source": "Wikipedia: List of paintings by Nicolas Poussin",
     "coord": "MediaWiki coordinates API"
    },
    "museum_id": "walker-art-gallery",
    "country": "United Kingdom"
   }
  },
  {
   "type": "Feature",
   "geometry": {
    "type": "Point",
    "coordinates": [
     -0.1283,
     51.5089
    ]
   },
   "properties": {
    "painter": "Nicolas Poussin",
    "title": "Landscape with a Man Killed by a Snake or The effects of terror",
    "year": "1648",
    "city": "London",
    "country": "United Kingdom",
    "location": "National Gallery",
    "attribution": "generally accepted",
    "dimensions": "119 x 198,5 cm",
    "image": "https://upload.wikimedia.org/wikipedia/commons/thumb/7/7e/Nicolas_Poussin_-_Landscape_with_a_Man_Killed_by_a_Snake_-_WGA18320.jpg/500px-Nicolas_Poussin_-_Landscape_with_a_Man_Killed_by_a_Snake_-_WGA18320.jpg?utm_source=en.wikipedia.org&amp;utm_campaign=parser&amp;utm_content=thumbnail",
    "notable": true,
    "creation_place": "Rome",
    "creation_lat": 41.9028,
    "creation_lon": 12.4964,
    "_source": {
     "source": "Wikipedia: List of paintings by Nicolas Poussin",
     "coord": "MediaWiki coordinates API"
    },
    "museum_id": "national-gallery"
   }
  },
  {
   "type": "Feature",
   "geometry": {
    "type": "Point",
    "coordinates": [
     2.3358,
     48.8611
    ]
   },
   "properties": {
    "painter": "Nicolas Poussin",
    "title": "Landscape with Orpheus and Eurydice or Orpheus and Eurydice",
    "year": "1648",
    "city": "Paris",
    "country": "France",
    "location": "Louvre",
    "attribution": "generally accepted",
    "dimensions": "120 x 200 cm",
    "image": "https://upload.wikimedia.org/wikipedia/commons/thumb/7/73/Nicolas_Poussin_-_Paysage_avec_Orph%C3%A9e_et_Eurydice.jpg/500px-Nicolas_Poussin_-_Paysage_avec_Orph%C3%A9e_et_Eurydice.jpg?utm_source=en.wikipedia.org&amp;utm_campaign=parser&amp;utm_content=thumbnail",
    "notable": true,
    "creation_place": "Rome",
    "creation_lat": 41.9028,
    "creation_lon": 12.4964,
    "_source": {
     "source": "Wikipedia: List of paintings by Nicolas Poussin",
     "coord": "MediaWiki coordinates API"
    },
    "museum_id": "louvre"
   }
  },
  {
   "type": "Feature",
   "geometry": {
    "type": "Point",
    "coordinates": [
     2.3358,
     48.8611
    ]
   },
   "properties": {
    "painter": "Nicolas Poussin",
    "title": "Landscape with Diogenes or Diogenes throwing away his bowl",
    "year": "1648",
    "city": "Paris",
    "country": "France",
    "location": "Louvre",
    "attribution": "generally accepted",
    "dimensions": "160 x 221 cm",
    "image": "https://upload.wikimedia.org/wikipedia/commons/thumb/7/71/Poussin%2C_Nicolas_-_Landscape_with_Diogenes_-_c._1647.jpg/500px-Poussin%2C_Nicolas_-_Landscape_with_Diogenes_-_c._1647.jpg?utm_source=en.wikipedia.org&amp;utm_campaign=parser&amp;utm_content=thumbnail",
    "notable": true,
    "creation_place": "Rome",
    "creation_lat": 41.9028,
    "creation_lon": 12.4964,
    "_source": {
     "source": "Wikipedia: List of paintings by Nicolas Poussin",
     "coord": "MediaWiki coordinates API"
    },
    "museum_id": "louvre"
   }
  },
  {
   "type": "Feature",
   "geometry": {
    "type": "Point",
    "coordinates": [
     2.3358,
     48.8611
    ]
   },
   "properties": {
    "painter": "Nicolas Poussin",
    "title": "The Judgement of Solomon",
    "year": "1649",
    "city": "Paris",
    "country": "France",
    "location": "Louvre",
    "attribution": "generally accepted",
    "dimensions": "101 x 150 cm",
    "image": "https://upload.wikimedia.org/wikipedia/commons/thumb/0/07/Le_Jugement_de_Salomon_-_1649_-_Nicolas_Poussin_-_Louvre_-_INV_7277_%3B_MR_2316.jpg/500px-Le_Jugement_de_Salomon_-_1649_-_Nicolas_Poussin_-_Louvre_-_INV_7277_%3B_MR_2316.jpg?utm_source=en.wikipedia.org&amp;utm_campaign=parser&amp;utm_content=thumbnail",
    "notable": true,
    "creation_place": "Rome",
    "creation_lat": 41.9028,
    "creation_lon": 12.4964,
    "_source": {
     "source": "Wikipedia: List of paintings by Nicolas Poussin",
     "coord": "MediaWiki coordinates API"
    },
    "museum_id": "louvre"
   }
  },
  {
   "type": "Feature",
   "geometry": {
    "type": "Point",
    "coordinates": [
     30.3136,
     59.9406
    ]
   },
   "properties": {
    "painter": "Nicolas Poussin",
    "title": "The striking of the rock or Moses Striking Water from the Rock",
    "year": "1649",
    "city": "Saint Petersburg",
    "location": "Hermitage Museum",
    "attribution": "generally accepted",
    "dimensions": "150 × 196 cm",
    "image": "https://upload.wikimedia.org/wikipedia/commons/thumb/e/ed/Poussin%2C_Nicolas_-_Moses_Striking_Water_from_the_Rock_-_1649.jpg/500px-Poussin%2C_Nicolas_-_Moses_Striking_Water_from_the_Rock_-_1649.jpg?utm_source=en.wikipedia.org&amp;utm_campaign=parser&amp;utm_content=thumbnail",
    "notable": true,
    "creation_place": "Rome",
    "creation_lat": 41.9028,
    "creation_lon": 12.4964,
    "_source": {
     "source": "Wikipedia: List of paintings by Nicolas Poussin",
     "coord": "MediaWiki coordinates API"
    },
    "museum_id": "hermitage-museum",
    "country": "Russia"
   }
  },
  {
   "type": "Feature",
   "geometry": {
    "type": "Point",
    "coordinates": [
     13.3647,
     52.5086
    ]
   },
   "properties": {
    "painter": "Nicolas Poussin",
    "title": "Self portrait",
    "year": "1649",
    "city": "Berlin",
    "country": "Germany",
    "location": "Gemäldegalerie",
    "attribution": "generally accepted",
    "dimensions": "78 x 65 cm",
    "image": "https://upload.wikimedia.org/wikipedia/commons/thumb/0/0c/Nicolas_Poussin_079.jpg/500px-Nicolas_Poussin_079.jpg?utm_source=en.wikipedia.org&amp;utm_campaign=parser&amp;utm_content=thumbnail",
    "notable": true,
    "creation_place": "Rome",
    "creation_lat": 41.9028,
    "creation_lon": 12.4964,
    "_source": {
     "source": "Wikipedia: List of paintings by Nicolas Poussin",
     "coord": "MediaWiki coordinates API"
    },
    "museum_id": "gemaldegalerie"
   }
  },
  {
   "type": "Feature",
   "geometry": {
    "type": "Point",
    "coordinates": [
     2.3358,
     48.8611
    ]
   },
   "properties": {
    "painter": "Nicolas Poussin",
    "title": "Self portrait",
    "year": "1649–1650",
    "city": "Paris",
    "country": "France",
    "location": "Louvre",
    "attribution": "generally accepted",
    "dimensions": "98 x 74 cm",
    "image": "https://upload.wikimedia.org/wikipedia/commons/thumb/d/d9/Nicolas_Poussin_078.jpg/500px-Nicolas_Poussin_078.jpg?utm_source=en.wikipedia.org&amp;utm_campaign=parser&amp;utm_content=thumbnail",
    "notable": true,
    "creation_place": "Rome",
    "creation_lat": 41.9028,
    "creation_lon": 12.4964,
    "_source": {
     "source": "Wikipedia: List of paintings by Nicolas Poussin",
     "coord": "MediaWiki coordinates API"
    },
    "museum_id": "louvre"
   }
  },
  {
   "type": "Feature",
   "geometry": {
    "type": "Point",
    "coordinates": [
     2.3358,
     48.8611
    ]
   },
   "properties": {
    "painter": "Nicolas Poussin",
    "title": "Assumption of the Virgin",
    "year": "1649–1650",
    "city": "Paris",
    "country": "France",
    "location": "Louvre",
    "attribution": "generally accepted",
    "dimensions": "57 x 40 cm",
    "image": "https://upload.wikimedia.org/wikipedia/commons/thumb/5/50/Nicolas_Poussin_-_The_Assumption_of_the_Virgin_-_WGA18331.jpg/500px-Nicolas_Poussin_-_The_Assumption_of_the_Virgin_-_WGA18331.jpg?utm_source=en.wikipedia.org&amp;utm_campaign=parser&amp;utm_content=thumbnail",
    "notable": true,
    "creation_place": "Rome",
    "creation_lat": 41.9028,
    "creation_lon": 12.4964,
    "_source": {
     "source": "Wikipedia: List of paintings by Nicolas Poussin",
     "coord": "MediaWiki coordinates API"
    },
    "museum_id": "louvre"
   }
  },
  {
   "type": "Feature",
   "geometry": {
    "type": "Point",
    "coordinates": [
     2.3358,
     48.8611
    ]
   },
   "properties": {
    "painter": "Nicolas Poussin",
    "title": "Saint Paul's ascension into heaven",
    "year": "1649–1650",
    "city": "Paris",
    "country": "France",
    "location": "Louvre",
    "attribution": "generally accepted",
    "dimensions": "148 x 120 cm",
    "image": "https://upload.wikimedia.org/wikipedia/commons/thumb/1/15/Le_Ravissement_de_saint_Paul_-_Nicolas_Poussin_-_Mus%C3%A9e_du_Louvre_Peintures_INV_7288_%3B_MR_2325.jpg/500px-Le_Ravissement_de_saint_Paul_-_Nicolas_Poussin_-_Mus%C3%A9e_du_Louvre_Peintures_INV_7288_%3B_MR_2325.jpg?utm_source=en.wikipedia.org&amp;utm_campaign=parser&amp;utm_content=thumbnail",
    "notable": true,
    "creation_place": "Rome",
    "creation_lat": 41.9028,
    "creation_lon": 12.4964,
    "_source": {
     "source": "Wikipedia: List of paintings by Nicolas Poussin",
     "coord": "MediaWiki coordinates API"
    },
    "museum_id": "louvre"
   }
  },
  {
   "type": "Feature",
   "geometry": {
    "type": "Point",
    "coordinates": [
     -75.69891,
     45.42954
    ]
   },
   "properties": {
    "painter": "Nicolas Poussin",
    "title": "Landscape with a woman washing her feet",
    "year": "1650",
    "city": "Ottawa",
    "location": "National Gallery of Canada",
    "attribution": "copy",
    "dimensions": "114 x 175 cm",
    "image": "https://upload.wikimedia.org/wikipedia/commons/thumb/5/53/Paysage_avec_une_femme_se_lavant_les_pieds_-_Poussin_-_MBACanada.jpg/500px-Paysage_avec_une_femme_se_lavant_les_pieds_-_Poussin_-_MBACanada.jpg?utm_source=en.wikipedia.org&amp;utm_campaign=parser&amp;utm_content=thumbnail",
    "notable": true,
    "creation_place": "Rome",
    "creation_lat": 41.9028,
    "creation_lon": 12.4964,
    "_source": {
     "source": "Wikipedia: List of paintings by Nicolas Poussin",
     "coord": "MediaWiki coordinates API"
    },
    "museum_id": "national-gallery-of-canada",
    "country": "Canada"
   }
  },
  {
   "type": "Feature",
   "geometry": {
    "type": "Point",
    "coordinates": [
     2.3358,
     48.8611
    ]
   },
   "properties": {
    "painter": "Nicolas Poussin",
    "title": "The Blind Men at Jericho or Christ healing the blind",
    "year": "1650",
    "city": "Paris",
    "country": "France",
    "location": "Louvre",
    "attribution": "generally accepted",
    "dimensions": "119 x 176 cm",
    "image": "https://upload.wikimedia.org/wikipedia/commons/thumb/8/8f/Les_Aveugles_de_J%C3%A9richo_-_1650_-_Nicolas_Poussin_-_Louvre_-_INV_7281_%3B_MR_2320.jpg/500px-Les_Aveugles_de_J%C3%A9richo_-_1650_-_Nicolas_Poussin_-_Louvre_-_INV_7281_%3B_MR_2320.jpg?utm_source=en.wikipedia.org&amp;utm_campaign=parser&amp;utm_content=thumbnail",
    "notable": true,
    "creation_place": "Rome",
    "creation_lat": 41.9028,
    "creation_lon": 12.4964,
    "_source": {
     "source": "Wikipedia: List of paintings by Nicolas Poussin",
     "coord": "MediaWiki coordinates API"
    },
    "museum_id": "louvre"
   }
  },
  {
   "type": "Feature",
   "geometry": {
    "type": "Point",
    "coordinates": [
     -71.1147,
     42.3742
    ]
   },
   "properties": {
    "painter": "Nicolas Poussin",
    "title": "Holy Family",
    "year": "1650–c. 1651",
    "city": "Cambridge",
    "location": "Fogg Art Museum",
    "attribution": "generally accepted",
    "dimensions": "97,8 × 129,5 cm",
    "image": "https://upload.wikimedia.org/wikipedia/commons/thumb/7/7e/Nicolas_Poussin_-_Sainte_Famille_%28aux_neuf_figures%29.jpg/500px-Nicolas_Poussin_-_Sainte_Famille_%28aux_neuf_figures%29.jpg?utm_source=en.wikipedia.org&amp;utm_campaign=parser&amp;utm_content=thumbnail",
    "notable": true,
    "creation_place": "Rome",
    "creation_lat": 41.9028,
    "creation_lon": 12.4964,
    "_source": {
     "source": "Wikipedia: List of paintings by Nicolas Poussin",
     "coord": "MediaWiki coordinates API"
    },
    "museum_id": "fogg-art-museum"
   }
  },
  {
   "type": "Feature",
   "geometry": {
    "type": "Point",
    "coordinates": [
     2.3358,
     48.8611
    ]
   },
   "properties": {
    "painter": "Nicolas Poussin",
    "title": "The Holy Family with Saint John and Saint Elisabeth in a landscape",
    "year": "c. 1650",
    "city": "Paris",
    "country": "France",
    "location": "Louvre",
    "attribution": "generally accepted",
    "dimensions": "94 x 122 cm",
    "image": "https://upload.wikimedia.org/wikipedia/commons/thumb/7/7a/La_Sainte_Famille_avec_saint_Jean_et_sainte_%C3%89lisabeth_dans_un_paysage_-_1650-1651_-_Nicolas_Poussin_-_Louvre_-_INV_7280_%3B_MR_2341.jpg/500px-La_Sainte_Famille_avec_saint_Jean_et_sainte_%C3%89lisabeth_dans_un_paysage_-_1650-1651_-_Nicolas_Poussin_-_Louvre_-_INV_7280_%3B_MR_2341.jpg?utm_source=en.wikipedia.org&amp;utm_campaign=parser&amp;utm_content=thumbnail",
    "notable": true,
    "creation_place": "Rome",
    "creation_lat": 41.9028,
    "creation_lon": 12.4964,
    "_source": {
     "source": "Wikipedia: List of paintings by Nicolas Poussin",
     "coord": "MediaWiki coordinates API"
    },
    "museum_id": "louvre"
   }
  },
  {
   "type": "Feature",
   "geometry": {
    "type": "Point",
    "coordinates": [
     -3.17917,
     51.48167
    ]
   },
   "properties": {
    "painter": "Nicolas Poussin",
    "title": "Moses saved from the river",
    "year": "1651",
    "city": "Cardiff",
    "location": "National Museum of Wales / London",
    "attribution": "generally accepted",
    "dimensions": "116 x 177,5 cm",
    "image": "https://upload.wikimedia.org/wikipedia/commons/thumb/f/fc/Poussin%2C_Finding_of_Moses%2C_1651.jpg/500px-Poussin%2C_Finding_of_Moses%2C_1651.jpg?utm_source=en.wikipedia.org&amp;utm_campaign=parser&amp;utm_content=thumbnail",
    "notable": true,
    "creation_place": "Rome",
    "creation_lat": 41.9028,
    "creation_lon": 12.4964,
    "_source": {
     "source": "Wikipedia: List of paintings by Nicolas Poussin",
     "coord": "MediaWiki coordinates API"
    },
    "museum_id": "national-museum-of-wales-london"
   }
  },
  {
   "type": "Feature",
   "geometry": {
    "type": "Point",
    "coordinates": [
     8.67388,
     50.10322
    ]
   },
   "properties": {
    "painter": "Nicolas Poussin",
    "title": "Stormy Landscape with Pyramus and Thisbe",
    "year": "1651",
    "city": "Frankfurt",
    "country": "Germany",
    "location": "Städel Museum",
    "attribution": "generally accepted",
    "dimensions": "192 x 273 cm",
    "image": "https://upload.wikimedia.org/wikipedia/commons/thumb/7/76/Nicolas_Poussin_-_Stormy_Landscape_with_Pyramus_and_Thisbe_-_WGA18334.jpg/500px-Nicolas_Poussin_-_Stormy_Landscape_with_Pyramus_and_Thisbe_-_WGA18334.jpg?utm_source=en.wikipedia.org&amp;utm_campaign=parser&amp;utm_content=thumbnail",
    "notable": true,
    "creation_place": "Rome",
    "creation_lat": 41.9028,
    "creation_lon": 12.4964,
    "_source": {
     "source": "Wikipedia: List of paintings by Nicolas Poussin",
     "coord": "MediaWiki coordinates API"
    },
    "museum_id": "stadel-museum"
   }
  },
  {
   "type": "Feature",
   "geometry": {
    "type": "Point",
    "coordinates": [
     -118.475,
     34.0775
    ]
   },
   "properties": {
    "painter": "Nicolas Poussin",
    "title": "Landscape in calm weather or Calm time",
    "year": "1651",
    "city": "Los Angeles",
    "country": "United States",
    "location": "Getty Center",
    "attribution": "generally accepted",
    "dimensions": "99 x 132 cm",
    "image": "https://upload.wikimedia.org/wikipedia/commons/thumb/8/8d/Paysage_par_temps_calme_-_Poussin_-_GettyCenter.jpg/500px-Paysage_par_temps_calme_-_Poussin_-_GettyCenter.jpg?utm_source=en.wikipedia.org&amp;utm_campaign=parser&amp;utm_content=thumbnail",
    "notable": true,
    "creation_place": "Rome",
    "creation_lat": 41.9028,
    "creation_lon": 12.4964,
    "_source": {
     "source": "Wikipedia: List of paintings by Nicolas Poussin",
     "coord": "MediaWiki coordinates API"
    },
    "museum_id": "getty-center"
   }
  },
  {
   "type": "Feature",
   "geometry": {
    "type": "Point",
    "coordinates": [
     4.835,
     45.7675
    ]
   },
   "properties": {
    "painter": "Nicolas Poussin",
    "title": "The Storm",
    "year": "c. 1651",
    "city": "Lyon",
    "country": "France",
    "location": "musée des beaux-arts",
    "attribution": "generally accepted",
    "dimensions": "99 x 132 cm",
    "image": "https://upload.wikimedia.org/wikipedia/commons/thumb/5/58/Poussin-L%E2%80%99Orage-Rouen.jpg/500px-Poussin-L%E2%80%99Orage-Rouen.jpg?utm_source=en.wikipedia.org&amp;utm_campaign=parser&amp;utm_content=thumbnail",
    "notable": true,
    "creation_place": "Rome",
    "creation_lat": 41.9028,
    "creation_lon": 12.4964,
    "_source": {
     "source": "Wikipedia: List of paintings by Nicolas Poussin",
     "coord": "MediaWiki coordinates API"
    },
    "museum_id": "musee-des-beaux-arts-2"
   }
  },
  {
   "type": "Feature",
   "geometry": {
    "type": "Point",
    "coordinates": [
     -3.6922,
     40.4139
    ]
   },
   "properties": {
    "painter": "Nicolas Poussin",
    "title": "Ideal landscape or Landscape with buildings or Landscape with three men",
    "year": "1651–1653",
    "city": "Madrid",
    "country": "Spain",
    "location": "Museo del Prado",
    "attribution": "generally accepted",
    "dimensions": "120 × 187 cm",
    "image": "https://upload.wikimedia.org/wikipedia/commons/thumb/1/1e/Nicolas_Poussin_-_Paysage_id%C3%A9al.jpg/500px-Nicolas_Poussin_-_Paysage_id%C3%A9al.jpg?utm_source=en.wikipedia.org&amp;utm_campaign=parser&amp;utm_content=thumbnail",
    "notable": true,
    "creation_place": "Rome",
    "creation_lat": 41.9028,
    "creation_lon": 12.4964,
    "_source": {
     "source": "Wikipedia: List of paintings by Nicolas Poussin",
     "coord": "MediaWiki coordinates API"
    },
    "museum_id": "museo-del-prado"
   }
  },
  {
   "type": "Feature",
   "geometry": {
    "type": "Point",
    "coordinates": [
     4.0347,
     49.2628
    ]
   },
   "properties": {
    "painter": "Nicolas Poussin",
    "title": "Achilles on Skyros or Achilles among the daughters of Lycomedes",
    "year": "1651–c. 1653",
    "city": "Reims",
    "country": "United States",
    "location": "Museum of Fine Arts",
    "attribution": "generally accepted",
    "dimensions": "97,5 x 131,1 cm",
    "image": "https://upload.wikimedia.org/wikipedia/commons/thumb/e/ec/Poussin_Achille_parmi_les_filles_de_Lycom%C3%A8de_Boston.jpg/500px-Poussin_Achille_parmi_les_filles_de_Lycom%C3%A8de_Boston.jpg?utm_source=en.wikipedia.org&amp;utm_campaign=parser&amp;utm_content=thumbnail",
    "notable": true,
    "creation_place": "Rome",
    "creation_lat": 41.9028,
    "creation_lon": 12.4964,
    "_source": {
     "source": "Wikipedia: List of paintings by Nicolas Poussin",
     "coord": "MediaWiki coordinates API"
    },
    "museum_id": "museum-of-fine-arts"
   }
  },
  {
   "type": "Feature",
   "geometry": {
    "type": "Point",
    "coordinates": [
     1.42056,
     49.24556
    ]
   },
   "properties": {
    "painter": "Nicolas Poussin",
    "title": "Coriolanus",
    "year": "1652–c. 1653",
    "city": "Les Andelys",
    "location": "Musée Nicolas Poussin",
    "attribution": "generally accepted",
    "dimensions": "112 x 198,5 cm",
    "image": "https://upload.wikimedia.org/wikipedia/commons/thumb/7/7c/Poussin_Coriolan_Les_Andelys.jpg/500px-Poussin_Coriolan_Les_Andelys.jpg?utm_source=en.wikipedia.org&amp;utm_campaign=parser&amp;utm_content=thumbnail",
    "notable": true,
    "creation_place": "Rome",
    "creation_lat": 41.9028,
    "creation_lon": 12.4964,
    "_source": {
     "source": "Wikipedia: List of paintings by Nicolas Poussin",
     "coord": "MediaWiki coordinates API"
    },
    "museum_id": "musee-nicolas-poussin"
   }
  },
  {
   "type": "Feature",
   "geometry": {
    "type": "Point",
    "coordinates": [
     12.57861,
     55.68889
    ]
   },
   "properties": {
    "painter": "Nicolas Poussin",
    "title": "The Will of Eudamidas",
    "year": "c. 1653",
    "city": "Copenhagen Municipality",
    "location": "Statens Museum for Kunst",
    "attribution": "generally accepted",
    "dimensions": "110,5 x 138,5 cm",
    "image": "https://upload.wikimedia.org/wikipedia/commons/thumb/4/4a/Eudamidas%27_testamente.jpg/500px-Eudamidas%27_testamente.jpg?utm_source=en.wikipedia.org&amp;utm_campaign=parser&amp;utm_content=thumbnail",
    "notable": true,
    "creation_place": "Rome",
    "creation_lat": 41.9028,
    "creation_lon": 12.4964,
    "_source": {
     "source": "Wikipedia: List of paintings by Nicolas Poussin",
     "coord": "MediaWiki coordinates API"
    },
    "museum_id": "statens-museum-for-kunst",
    "country": "Denmark"
   }
  },
  {
   "type": "Feature",
   "geometry": {
    "type": "Point",
    "coordinates": [
     2.3358,
     48.8611
    ]
   },
   "properties": {
    "painter": "Nicolas Poussin",
    "title": "Christ and the woman taken in adultery",
    "year": "c. 1653",
    "city": "Paris",
    "country": "France",
    "location": "Louvre",
    "attribution": "generally accepted",
    "dimensions": "121 x 195 cm",
    "image": "https://upload.wikimedia.org/wikipedia/commons/thumb/6/60/Le_Christ_et_la_femme_adult%C3%A8re_-_1653_-_Nicolas_Poussin_-_Louvre_-_INV_7282_%3B_MR_2321.jpg/500px-Le_Christ_et_la_femme_adult%C3%A8re_-_1653_-_Nicolas_Poussin_-_Louvre_-_INV_7282_%3B_MR_2321.jpg?utm_source=en.wikipedia.org&amp;utm_campaign=parser&amp;utm_content=thumbnail",
    "notable": true,
    "creation_place": "Rome",
    "creation_lat": 41.9028,
    "creation_lon": 12.4964,
    "_source": {
     "source": "Wikipedia: List of paintings by Nicolas Poussin",
     "coord": "MediaWiki coordinates API"
    },
    "museum_id": "louvre"
   }
  },
  {
   "type": "Feature",
   "geometry": {
    "type": "Point",
    "coordinates": [
     -3.6922,
     40.4139
    ]
   },
   "properties": {
    "painter": "Nicolas Poussin",
    "title": "Noli Me Tangere",
    "year": "1653",
    "city": "Madrid",
    "country": "Spain",
    "location": "Museo del Prado",
    "attribution": "generally accepted",
    "dimensions": "47 x 39 cm",
    "image": "https://upload.wikimedia.org/wikipedia/commons/thumb/5/5a/Noli_me_tangere_-_Poussin_-_Museo_del_Prado.jpg/500px-Noli_me_tangere_-_Poussin_-_Museo_del_Prado.jpg?utm_source=en.wikipedia.org&amp;utm_campaign=parser&amp;utm_content=thumbnail",
    "notable": true,
    "creation_place": "Rome",
    "creation_lat": 41.9028,
    "creation_lon": 12.4964,
    "_source": {
     "source": "Wikipedia: List of paintings by Nicolas Poussin",
     "coord": "MediaWiki coordinates API"
    },
    "museum_id": "museo-del-prado"
   }
  },
  {
   "type": "Feature",
   "geometry": {
    "type": "Point",
    "coordinates": [
     11.57178,
     48.14958
    ]
   },
   "properties": {
    "painter": "Nicolas Poussin",
    "title": "Nativity",
    "year": "c. 1653",
    "city": "Oberschleissheim , now the schloss Schleissheim",
    "location": "Bayerische Staatsgemäldesammlungen",
    "attribution": "generally accepted",
    "dimensions": "46 x 39,5 cm",
    "image": "https://upload.wikimedia.org/wikipedia/commons/thumb/8/83/Nativit%C3%A9_-_Poussin_-_Alte_Pinakothek_M%C3%BCnchen.jpg/500px-Nativit%C3%A9_-_Poussin_-_Alte_Pinakothek_M%C3%BCnchen.jpg?utm_source=en.wikipedia.org&amp;utm_campaign=parser&amp;utm_content=thumbnail",
    "notable": true,
    "creation_place": "Rome",
    "creation_lat": 41.9028,
    "creation_lon": 12.4964,
    "_source": {
     "source": "Wikipedia: List of paintings by Nicolas Poussin",
     "coord": "MediaWiki coordinates API"
    },
    "museum_id": "bayerische-staatsgemaldesammlungen"
   }
  },
  {
   "type": "Feature",
   "geometry": {
    "type": "Point",
    "coordinates": [
     -1.26056,
     51.75556
    ]
   },
   "properties": {
    "painter": "Nicolas Poussin",
    "title": "Moses exposed by the river",
    "year": "1654",
    "city": "Oxford",
    "country": "United Kingdom",
    "location": "Ashmolean Museum",
    "attribution": "generally accepted",
    "dimensions": "150 x 204 cm",
    "image": "https://upload.wikimedia.org/wikipedia/commons/thumb/b/b1/Moise_expos%C3%A9_sur_les_eaux_-_AshmoleanMuseum.jpg/500px-Moise_expos%C3%A9_sur_les_eaux_-_AshmoleanMuseum.jpg?utm_source=en.wikipedia.org&amp;utm_campaign=parser&amp;utm_content=thumbnail",
    "notable": true,
    "creation_place": "Rome",
    "creation_lat": 41.9028,
    "creation_lon": 12.4964,
    "_source": {
     "source": "Wikipedia: List of paintings by Nicolas Poussin",
     "coord": "MediaWiki coordinates API"
    },
    "museum_id": "ashmolean-museum"
   }
  },
  {
   "type": "Feature",
   "geometry": {
    "type": "Point",
    "coordinates": [
     2.3358,
     48.8611
    ]
   },
   "properties": {
    "painter": "Nicolas Poussin",
    "title": "The Death of Saphire (or Saphira )",
    "year": "1654–1656",
    "city": "Paris",
    "country": "France",
    "location": "Louvre",
    "attribution": "generally accepted",
    "dimensions": "122 × 199 cm",
    "image": "https://upload.wikimedia.org/wikipedia/commons/thumb/5/54/La_mort_de_Saphire_-_circa_1653_-_Nicolas_Poussin_-_Louvre_-_INV_7286_%3B_MR_2322.jpg/500px-La_mort_de_Saphire_-_circa_1653_-_Nicolas_Poussin_-_Louvre_-_INV_7286_%3B_MR_2322.jpg?utm_source=en.wikipedia.org&amp;utm_campaign=parser&amp;utm_content=thumbnail",
    "notable": true,
    "creation_place": "Rome",
    "creation_lat": 41.9028,
    "creation_lon": 12.4964,
    "_source": {
     "source": "Wikipedia: List of paintings by Nicolas Poussin",
     "coord": "MediaWiki coordinates API"
    },
    "museum_id": "louvre"
   }
  },
  {
   "type": "Feature",
   "geometry": {
    "type": "Point",
    "coordinates": [
     30.3136,
     59.9406
    ]
   },
   "properties": {
    "painter": "Nicolas Poussin",
    "title": "Esther before Ahasuerus",
    "year": "1655",
    "city": "Saint Petersburg",
    "location": "Hermitage Museum",
    "attribution": "generally accepted",
    "dimensions": "119 x 155 cm",
    "image": "https://upload.wikimedia.org/wikipedia/commons/thumb/7/74/Esther_devant_Assu%C3%A9rus_-_Poussin_-_Hermitage.jpg/500px-Esther_devant_Assu%C3%A9rus_-_Poussin_-_Hermitage.jpg?utm_source=en.wikipedia.org&amp;utm_campaign=parser&amp;utm_content=thumbnail",
    "notable": true,
    "creation_place": "Rome",
    "creation_lat": 41.9028,
    "creation_lon": 12.4964,
    "_source": {
     "source": "Wikipedia: List of paintings by Nicolas Poussin",
     "coord": "MediaWiki coordinates API"
    },
    "museum_id": "hermitage-museum",
    "country": "Russia"
   }
  },
  {
   "type": "Feature",
   "geometry": {
    "type": "Point",
    "coordinates": [
     30.3136,
     59.9406
    ]
   },
   "properties": {
    "painter": "Nicolas Poussin",
    "title": "Holy Family",
    "year": "1655",
    "city": "Saint Petersburg",
    "location": "Hermitage Museum",
    "attribution": "generally accepted",
    "dimensions": "172 x 133,5 cm",
    "image": "https://upload.wikimedia.org/wikipedia/commons/thumb/b/b4/Nicolas_Poussin_-_The_Holy_Family_with_St_Elizabeth_and_John_the_Baptist_-_WGA18338.jpg/500px-Nicolas_Poussin_-_The_Holy_Family_with_St_Elizabeth_and_John_the_Baptist_-_WGA18338.jpg?utm_source=en.wikipedia.org&amp;utm_campaign=parser&amp;utm_content=thumbnail",
    "notable": true,
    "creation_place": "Rome",
    "creation_lat": 41.9028,
    "creation_lon": 12.4964,
    "_source": {
     "source": "Wikipedia: List of paintings by Nicolas Poussin",
     "coord": "MediaWiki coordinates API"
    },
    "museum_id": "hermitage-museum",
    "country": "Russia"
   }
  },
  {
   "type": "Feature",
   "geometry": {
    "type": "Point",
    "coordinates": [
     -82.55916,
     27.38307
    ]
   },
   "properties": {
    "painter": "Nicolas Poussin",
    "title": "Sainte Famille",
    "year": "1655",
    "city": "Sarasota",
    "location": "John and Mable Ringling Museum of Art",
    "attribution": "generally accepted",
    "dimensions": "198 x 128 cm",
    "image": "https://upload.wikimedia.org/wikipedia/commons/thumb/1/1b/Sainte_Famille_-_Poussin_-_J%26MRinglingMuseumofArt.jpg/500px-Sainte_Famille_-_Poussin_-_J%26MRinglingMuseumofArt.jpg?utm_source=en.wikipedia.org&amp;utm_campaign=parser&amp;utm_content=thumbnail",
    "notable": true,
    "creation_place": "Rome",
    "creation_lat": 41.9028,
    "creation_lon": 12.4964,
    "_source": {
     "source": "Wikipedia: List of paintings by Nicolas Poussin",
     "coord": "MediaWiki coordinates API"
    },
    "museum_id": "john-and-mable-ringling-museum-of-art",
    "country": "United States"
   }
  },
  {
   "type": "Feature",
   "geometry": {
    "type": "Point",
    "coordinates": [
     -73.9631,
     40.7794
    ]
   },
   "properties": {
    "painter": "Nicolas Poussin",
    "title": "Saints Peter and John healing the lame man",
    "year": "1655",
    "city": "New York",
    "country": "United States",
    "location": "Metropolitan Museum of Art",
    "attribution": "generally accepted",
    "dimensions": "126 x 165 cm",
    "image": "https://upload.wikimedia.org/wikipedia/commons/thumb/e/e8/Saints_Peter_and_John_Healing_the_Lame_Man_MET_DP340180.jpg/500px-Saints_Peter_and_John_Healing_the_Lame_Man_MET_DP340180.jpg?utm_source=en.wikipedia.org&amp;utm_campaign=parser&amp;utm_content=thumbnail",
    "notable": true,
    "creation_place": "Rome",
    "creation_lat": 41.9028,
    "creation_lon": 12.4964,
    "_source": {
     "source": "Wikipedia: List of paintings by Nicolas Poussin",
     "coord": "MediaWiki coordinates API"
    },
    "museum_id": "metropolitan-museum-of-art"
   }
  },
  {
   "type": "Feature",
   "geometry": {
    "type": "Point",
    "coordinates": [
     2.3358,
     48.8611
    ]
   },
   "properties": {
    "painter": "Nicolas Poussin",
    "title": "Holy Family with saints John, Elisabeth and Joseph praying",
    "year": "1655",
    "city": "Paris",
    "country": "France",
    "location": "Louvre",
    "attribution": "generally accepted",
    "dimensions": "68 x 51 cm",
    "image": "https://upload.wikimedia.org/wikipedia/commons/thumb/4/48/La_Sainte_Famille_avec_saint_Jean%2C_sainte_Elisabeth_et_saint_Joseph_priant_-_Nicolas_Poussin_-_Louvre.jpg/500px-La_Sainte_Famille_avec_saint_Jean%2C_sainte_Elisabeth_et_saint_Joseph_priant_-_Nicolas_Poussin_-_Louvre.jpg?utm_source=en.wikipedia.org&amp;utm_campaign=parser&amp;utm_content=thumbnail",
    "notable": true,
    "creation_place": "Rome",
    "creation_lat": 41.9028,
    "creation_lon": 12.4964,
    "_source": {
     "source": "Wikipedia: List of paintings by Nicolas Poussin",
     "coord": "MediaWiki coordinates API"
    },
    "museum_id": "louvre"
   }
  },
  {
   "type": "Feature",
   "geometry": {
    "type": "Point",
    "coordinates": [
     -46.63333,
     -23.55
    ]
   },
   "properties": {
    "painter": "Nicolas Poussin",
    "title": "Saint John baptising Christ",
    "year": "1655–1657",
    "city": "São Paulo",
    "country": "United States",
    "location": "Museum of Art",
    "attribution": "generally accepted",
    "dimensions": "92 x 129 cm",
    "image": "https://upload.wikimedia.org/wikipedia/commons/thumb/3/34/Saint_Jean_baptisant_le_Christ_-_Poussin_-_Philadelphie_Museum_of_Art.jpg/500px-Saint_Jean_baptisant_le_Christ_-_Poussin_-_Philadelphie_Museum_of_Art.jpg?utm_source=en.wikipedia.org&amp;utm_campaign=parser&amp;utm_content=thumbnail",
    "notable": true,
    "creation_place": "Rome",
    "creation_lat": 41.9028,
    "creation_lon": 12.4964,
    "_source": {
     "source": "Wikipedia: List of paintings by Nicolas Poussin",
     "coord": "MediaWiki coordinates API"
    },
    "museum_id": "museum-of-art"
   }
  },
  {
   "type": "Feature",
   "geometry": {
    "type": "Point",
    "coordinates": [
     30.30861,
     59.9375
    ]
   },
   "properties": {
    "painter": "Nicolas Poussin",
    "title": "The Rest on the Flight into Egypt",
    "year": "1655–1657",
    "city": "Saint Petersburg",
    "country": "Russia",
    "location": "Hermitage",
    "attribution": "generally accepted",
    "dimensions": "105 × 145 cm",
    "image": "https://upload.wikimedia.org/wikipedia/commons/thumb/6/62/Nicolas_Poussin_076.jpg/500px-Nicolas_Poussin_076.jpg?utm_source=en.wikipedia.org&amp;utm_campaign=parser&amp;utm_content=thumbnail",
    "notable": true,
    "creation_place": "Rome",
    "creation_lat": 41.9028,
    "creation_lon": 12.4964,
    "_source": {
     "source": "Wikipedia: List of paintings by Nicolas Poussin",
     "coord": "MediaWiki coordinates API"
    },
    "museum_id": "hermitage"
   }
  },
  {
   "type": "Feature",
   "geometry": {
    "type": "Point",
    "coordinates": [
     -77.47471,
     37.55642
    ]
   },
   "properties": {
    "painter": "Nicolas Poussin",
    "title": "Achilles on Skyros",
    "year": "1656",
    "city": "Richmond",
    "location": "Virginia Museum of Fine Arts",
    "attribution": "rejected",
    "dimensions": "100,33 x 133,35 cm",
    "image": "https://upload.wikimedia.org/wikipedia/commons/thumb/7/75/Poussin_-_1656_-_Achilles_on_Skyros.jpg/500px-Poussin_-_1656_-_Achilles_on_Skyros.jpg?utm_source=en.wikipedia.org&amp;utm_campaign=parser&amp;utm_content=thumbnail",
    "notable": true,
    "creation_place": "Rome",
    "creation_lat": 41.9028,
    "creation_lon": 12.4964,
    "_source": {
     "source": "Wikipedia: List of paintings by Nicolas Poussin",
     "coord": "MediaWiki coordinates API"
    },
    "museum_id": "virginia-museum-of-fine-arts",
    "country": "United States"
   }
  },
  {
   "type": "Feature",
   "geometry": {
    "type": "Point",
    "coordinates": [
     -71.1147,
     42.3742
    ]
   },
   "properties": {
    "painter": "Nicolas Poussin",
    "title": "The Birth of Bacchus",
    "year": "1657",
    "city": "Cambridge",
    "location": "Fogg Art Museum",
    "attribution": "generally accepted",
    "dimensions": "123 x 179 cm",
    "image": "https://upload.wikimedia.org/wikipedia/commons/thumb/f/f0/Nicolas_Poussin_-_The_Infant_Bacchus_Entrusted_to_the_Nymphs_of_Nysa%2C_The_Death_of_Echo_and_Narcissus_-_1942.167_-_Fogg_Museum.jpg/500px-Nicolas_Poussin_-_The_Infant_Bacchus_Entrusted_to_the_Nymphs_of_Nysa%2C_The_Death_of_Echo_and_Narcissus_-_1942.167_-_Fogg_Museum.jpg?utm_source=en.wikipedia.org&amp;utm_campaign=parser&amp;utm_content=thumbnail",
    "notable": true,
    "creation_place": "Rome",
    "creation_lat": 41.9028,
    "creation_lon": 12.4964,
    "_source": {
     "source": "Wikipedia: List of paintings by Nicolas Poussin",
     "coord": "MediaWiki coordinates API"
    },
    "museum_id": "fogg-art-museum"
   }
  },
  {
   "type": "Feature",
   "geometry": {
    "type": "Point",
    "coordinates": [
     -0.1283,
     51.5089
    ]
   },
   "properties": {
    "painter": "Nicolas Poussin",
    "title": "Annunciation",
    "year": "1657",
    "city": "London",
    "country": "United Kingdom",
    "location": "National Gallery",
    "attribution": "generally accepted",
    "dimensions": "105,8 x 103,9 cm",
    "image": "https://upload.wikimedia.org/wikipedia/commons/thumb/5/55/L%27Annonciation%2C_vers_1655%2C_Londres%2C_National_Gallery.jpg/500px-L%27Annonciation%2C_vers_1655%2C_Londres%2C_National_Gallery.jpg?utm_source=en.wikipedia.org&amp;utm_campaign=parser&amp;utm_content=thumbnail",
    "notable": true,
    "creation_place": "Rome",
    "creation_lat": 41.9028,
    "creation_lon": 12.4964,
    "_source": {
     "source": "Wikipedia: List of paintings by Nicolas Poussin",
     "coord": "MediaWiki coordinates API"
    },
    "museum_id": "national-gallery"
   }
  },
  {
   "type": "Feature",
   "geometry": {
    "type": "Point",
    "coordinates": [
     2.3358,
     48.8611
    ]
   },
   "properties": {
    "painter": "Nicolas Poussin",
    "title": "The vision of saint Frances of Rome or Saint Frances of Rome announcing the end of the plague to Rome",
    "year": "1657 c.",
    "city": "Paris",
    "country": "France",
    "location": "Louvre",
    "attribution": "generally accepted",
    "dimensions": "125 x 102 cm",
    "image": "https://upload.wikimedia.org/wikipedia/commons/thumb/3/3a/La_Vision_de_sainte_Fran%C3%A7oise_Romaine_-_1657-1658_-_Nicolas_Poussin_-_Louvre_-_RF_1999_1.jpg/500px-La_Vision_de_sainte_Fran%C3%A7oise_Romaine_-_1657-1658_-_Nicolas_Poussin_-_Louvre_-_RF_1999_1.jpg?utm_source=en.wikipedia.org&amp;utm_campaign=parser&amp;utm_content=thumbnail",
    "notable": true,
    "creation_place": "Rome",
    "creation_lat": 41.9028,
    "creation_lon": 12.4964,
    "_source": {
     "source": "Wikipedia: List of paintings by Nicolas Poussin",
     "coord": "MediaWiki coordinates API"
    },
    "museum_id": "louvre"
   }
  },
  {
   "type": "Feature",
   "geometry": {
    "type": "Point",
    "coordinates": [
     4.835,
     45.7675
    ]
   },
   "properties": {
    "painter": "Nicolas Poussin",
    "title": "The Flight into Egypt or resting on the journey",
    "year": "1657–1658",
    "city": "Lyon",
    "location": "musée des beaux-arts",
    "attribution": "generally accepted",
    "dimensions": "146 x 216 cm",
    "image": "https://upload.wikimedia.org/wikipedia/commons/thumb/2/2c/Poussin-Fuite_en_Egypte-MBA-Lyon.jpg/500px-Poussin-Fuite_en_Egypte-MBA-Lyon.jpg?utm_source=en.wikipedia.org&amp;utm_campaign=parser&amp;utm_content=thumbnail",
    "notable": true,
    "creation_place": "Rome",
    "creation_lat": 41.9028,
    "creation_lon": 12.4964,
    "_source": {
     "source": "Wikipedia: List of paintings by Nicolas Poussin",
     "coord": "MediaWiki coordinates API"
    },
    "museum_id": "musee-des-beaux-arts-2",
    "country": "France"
   }
  },
  {
   "type": "Feature",
   "geometry": {
    "type": "Point",
    "coordinates": [
     -6.25255,
     53.34091
    ]
   },
   "properties": {
    "painter": "Nicolas Poussin",
    "title": "Lamentation over the dead Christ",
    "year": "1657–1658 c.",
    "city": "Dublin",
    "country": "Ireland",
    "location": "National Gallery of Ireland",
    "attribution": "generally accepted",
    "dimensions": "94 x 130 cm",
    "image": "https://upload.wikimedia.org/wikipedia/commons/thumb/8/88/La_Lamentation_sur_le_Christ_mort_-_Poussin_-_National_Gallery_of_Ireland.jpg/500px-La_Lamentation_sur_le_Christ_mort_-_Poussin_-_National_Gallery_of_Ireland.jpg?utm_source=en.wikipedia.org&amp;utm_campaign=parser&amp;utm_content=thumbnail",
    "notable": true,
    "creation_place": "Rome",
    "creation_lat": 41.9028,
    "creation_lon": 12.4964,
    "_source": {
     "source": "Wikipedia: List of paintings by Nicolas Poussin",
     "coord": "MediaWiki coordinates API"
    },
    "museum_id": "national-gallery-of-ireland"
   }
  },
  {
   "type": "Feature",
   "geometry": {
    "type": "Point",
    "coordinates": [
     30.3136,
     59.9406
    ]
   },
   "properties": {
    "painter": "Nicolas Poussin",
    "title": "Queen Zenobia found on the banks of the river Arax",
    "year": "1657–1660",
    "city": "Saint Petersburg",
    "location": "Hermitage Museum",
    "attribution": "generally accepted",
    "dimensions": "156 x 194,5 cm",
    "image": "https://upload.wikimedia.org/wikipedia/commons/thumb/a/a6/Nicolas_Poussin-_Queen_Zenobia_Found_on_the_Banks_of_the_Arax.JPG/500px-Nicolas_Poussin-_Queen_Zenobia_Found_on_the_Banks_of_the_Arax.JPG?utm_source=en.wikipedia.org&amp;utm_campaign=parser&amp;utm_content=thumbnail",
    "notable": true,
    "creation_place": "Rome",
    "creation_lat": 41.9028,
    "creation_lon": 12.4964,
    "_source": {
     "source": "Wikipedia: List of paintings by Nicolas Poussin",
     "coord": "MediaWiki coordinates API"
    },
    "museum_id": "hermitage-museum",
    "country": "Russia"
   }
  },
  {
   "type": "Feature",
   "geometry": {
    "type": "Point",
    "coordinates": [
     -73.9631,
     40.7794
    ]
   },
   "properties": {
    "painter": "Nicolas Poussin",
    "title": "Blind Orion Searching for the Rising Sun",
    "year": "1658",
    "city": "New York",
    "country": "United States",
    "location": "Metropolitan Museum of Art",
    "attribution": "generally accepted",
    "dimensions": "119 x 182,9 cm",
    "image": "https://upload.wikimedia.org/wikipedia/commons/thumb/b/b4/Orion_aveugle_cherchant_le_soleil.jpg/500px-Orion_aveugle_cherchant_le_soleil.jpg?utm_source=en.wikipedia.org&amp;utm_campaign=parser&amp;utm_content=thumbnail",
    "notable": true,
    "creation_place": "Rome",
    "creation_lat": 41.9028,
    "creation_lon": 12.4964,
    "_source": {
     "source": "Wikipedia: List of paintings by Nicolas Poussin",
     "coord": "MediaWiki coordinates API"
    },
    "museum_id": "metropolitan-museum-of-art"
   }
  },
  {
   "type": "Feature",
   "geometry": {
    "type": "Point",
    "coordinates": [
     2.48528,
     49.19389
    ]
   },
   "properties": {
    "painter": "Nicolas Poussin",
    "title": "Landscape with Two Nymphs",
    "year": "1659 c.",
    "city": "Chantilly",
    "location": "Musée Condé",
    "attribution": "generally accepted",
    "dimensions": "118 x 179 cm",
    "image": "https://upload.wikimedia.org/wikipedia/commons/thumb/2/2d/Nicolas_Poussin_-_Paysage_aux_deux_nymphes.jpg/500px-Nicolas_Poussin_-_Paysage_aux_deux_nymphes.jpg?utm_source=en.wikipedia.org&amp;utm_campaign=parser&amp;utm_content=thumbnail",
    "notable": true,
    "creation_place": "Rome",
    "creation_lat": 41.9028,
    "creation_lon": 12.4964,
    "_source": {
     "source": "Wikipedia: List of paintings by Nicolas Poussin",
     "coord": "MediaWiki coordinates API"
    },
    "museum_id": "musee-conde",
    "country": "France"
   }
  },
  {
   "type": "Feature",
   "geometry": {
    "type": "Point",
    "coordinates": [
     37.60603,
     55.74703
    ]
   },
   "properties": {
    "painter": "Nicolas Poussin",
    "title": "Landscape with Hercules and Cacus",
    "year": "1659–1661 c.",
    "city": "Moscow",
    "country": "Russia",
    "location": "Pushkin Museum",
    "attribution": "generally accepted",
    "dimensions": "156,5 x 202 cm",
    "image": "https://upload.wikimedia.org/wikipedia/commons/thumb/a/aa/Paysage_avec_Hercule_et_Cacus_-_Poussin_-_Mus%C3%A9e_Pouchkine_Moscou.jpg/500px-Paysage_avec_Hercule_et_Cacus_-_Poussin_-_Mus%C3%A9e_Pouchkine_Moscou.jpg?utm_source=en.wikipedia.org&amp;utm_campaign=parser&amp;utm_content=thumbnail",
    "notable": true,
    "creation_place": "Rome",
    "creation_lat": 41.9028,
    "creation_lon": 12.4964,
    "_source": {
     "source": "Wikipedia: List of paintings by Nicolas Poussin",
     "coord": "MediaWiki coordinates API"
    },
    "museum_id": "pushkin-museum"
   }
  },
  {
   "type": "Feature",
   "geometry": {
    "type": "Point",
    "coordinates": [
     2.3358,
     48.8611
    ]
   },
   "properties": {
    "painter": "Nicolas Poussin",
    "title": "The Four Seasons : Spring or Adam and Eve or The earthly paradise",
    "year": "1660–1664",
    "city": "Paris",
    "country": "France",
    "location": "Louvre",
    "attribution": "generally accepted",
    "dimensions": "116 x 160 cm",
    "image": "https://upload.wikimedia.org/wikipedia/commons/thumb/b/b0/Nicolas_Poussin_-_Le_Printemps.jpg/500px-Nicolas_Poussin_-_Le_Printemps.jpg?utm_source=en.wikipedia.org&amp;utm_campaign=parser&amp;utm_content=thumbnail",
    "notable": true,
    "creation_place": "Rome",
    "creation_lat": 41.9028,
    "creation_lon": 12.4964,
    "_source": {
     "source": "Wikipedia: List of paintings by Nicolas Poussin",
     "coord": "MediaWiki coordinates API"
    },
    "museum_id": "louvre"
   }
  },
  {
   "type": "Feature",
   "geometry": {
    "type": "Point",
    "coordinates": [
     2.3358,
     48.8611
    ]
   },
   "properties": {
    "painter": "Nicolas Poussin",
    "title": "The Four Seasons : Summer or Ruth and Boaz",
    "year": "1660–1664",
    "city": "Paris",
    "country": "France",
    "location": "Louvre",
    "attribution": "generally accepted",
    "dimensions": "116 x 160 cm",
    "image": "https://upload.wikimedia.org/wikipedia/commons/thumb/a/a2/Nicolas_Poussin_-_L%27%C3%A9t%C3%A9_ou_Ruth_et_Booz%2C_1660-64.jpg/500px-Nicolas_Poussin_-_L%27%C3%A9t%C3%A9_ou_Ruth_et_Booz%2C_1660-64.jpg?utm_source=en.wikipedia.org&amp;utm_campaign=parser&amp;utm_content=thumbnail",
    "notable": true,
    "creation_place": "Rome",
    "creation_lat": 41.9028,
    "creation_lon": 12.4964,
    "_source": {
     "source": "Wikipedia: List of paintings by Nicolas Poussin",
     "coord": "MediaWiki coordinates API"
    },
    "museum_id": "louvre"
   }
  },
  {
   "type": "Feature",
   "geometry": {
    "type": "Point",
    "coordinates": [
     2.3358,
     48.8611
    ]
   },
   "properties": {
    "painter": "Nicolas Poussin",
    "title": "The Four Seasons : Autumn or The grapes of the promised land or The Grapes of Canaan",
    "year": "1660–1664",
    "city": "Paris",
    "country": "France",
    "location": "Louvre",
    "attribution": "generally accepted",
    "dimensions": "116 x 160 cm",
    "image": "https://upload.wikimedia.org/wikipedia/commons/thumb/8/8d/Four-seasons-autumn.jpg/500px-Four-seasons-autumn.jpg?utm_source=en.wikipedia.org&amp;utm_campaign=parser&amp;utm_content=thumbnail",
    "notable": true,
    "creation_place": "Rome",
    "creation_lat": 41.9028,
    "creation_lon": 12.4964,
    "_source": {
     "source": "Wikipedia: List of paintings by Nicolas Poussin",
     "coord": "MediaWiki coordinates API"
    },
    "museum_id": "louvre"
   }
  },
  {
   "type": "Feature",
   "geometry": {
    "type": "Point",
    "coordinates": [
     2.3358,
     48.8611
    ]
   },
   "properties": {
    "painter": "Nicolas Poussin",
    "title": "The Four Seasons : Winter or The Flood",
    "year": "1660–1664",
    "city": "Paris",
    "country": "France",
    "location": "Louvre",
    "attribution": "generally accepted",
    "dimensions": "116 x 160 cm",
    "image": "https://upload.wikimedia.org/wikipedia/commons/thumb/2/29/Poussin%2C_Nicolas_-_L%27Hiver_ou_Le_D%C3%A9luge_-_1660-1664.jpg/500px-Poussin%2C_Nicolas_-_L%27Hiver_ou_Le_D%C3%A9luge_-_1660-1664.jpg?utm_source=en.wikipedia.org&amp;utm_campaign=parser&amp;utm_content=thumbnail",
    "notable": true,
    "creation_place": "Rome",
    "creation_lat": 41.9028,
    "creation_lon": 12.4964,
    "_source": {
     "source": "Wikipedia: List of paintings by Nicolas Poussin",
     "coord": "MediaWiki coordinates API"
    },
    "museum_id": "louvre"
   }
  },
  {
   "type": "Feature",
   "geometry": {
    "type": "Point",
    "coordinates": [
     0.11944,
     52.20028
    ]
   },
   "properties": {
    "painter": "Nicolas Poussin",
    "title": "Eleazar and Rebecca",
    "year": "1660–1665 c.",
    "city": "Cambridge",
    "location": "Fitzwilliam Museum",
    "attribution": "generally accepted",
    "dimensions": "96,5 x 138 cm",
    "image": "https://upload.wikimedia.org/wikipedia/commons/thumb/3/34/%C3%89li%C3%A9zer_et_Rebecca_-_Poussin_-_Fitzwilliam_Museum.jpg/500px-%C3%89li%C3%A9zer_et_Rebecca_-_Poussin_-_Fitzwilliam_Museum.jpg?utm_source=en.wikipedia.org&amp;utm_campaign=parser&amp;utm_content=thumbnail",
    "notable": true,
    "creation_place": "Rome",
    "creation_lat": 41.9028,
    "creation_lon": 12.4964,
    "_source": {
     "source": "Wikipedia: List of paintings by Nicolas Poussin",
     "coord": "MediaWiki coordinates API"
    },
    "museum_id": "fitzwilliam-museum",
    "country": "United Kingdom"
   }
  },
  {
   "type": "Feature",
   "geometry": {
    "type": "Point",
    "coordinates": [
     12.48953,
     41.90278
    ]
   },
   "properties": {
    "painter": "Nicolas Poussin",
    "title": "Landscape with Hagar and the Angel",
    "year": "1660–1665 c.",
    "city": "Rome",
    "country": "Italy",
    "location": "Galleria Nazionale d'Arte Antica",
    "attribution": "generally accepted",
    "dimensions": "100 x 75 cm",
    "image": "https://upload.wikimedia.org/wikipedia/commons/thumb/8/8e/Nicolas_Poussin_-_Hagar_and_the_Angel_-_WGA18339.jpg/500px-Nicolas_Poussin_-_Hagar_and_the_Angel_-_WGA18339.jpg?utm_source=en.wikipedia.org&amp;utm_campaign=parser&amp;utm_content=thumbnail",
    "notable": true,
    "creation_place": "Rome",
    "creation_lat": 41.9028,
    "creation_lon": 12.4964,
    "_source": {
     "source": "Wikipedia: List of paintings by Nicolas Poussin",
     "coord": "MediaWiki coordinates API"
    },
    "museum_id": "galleria-nazionale-d-arte-antica"
   }
  },
  {
   "type": "Feature",
   "geometry": {
    "type": "Point",
    "coordinates": [
     2.3358,
     48.8611
    ]
   },
   "properties": {
    "painter": "Nicolas Poussin",
    "title": "Apollo and Daphne or Apollo in love with Daphne",
    "year": "1664",
    "city": "Paris",
    "country": "France",
    "location": "Louvre",
    "attribution": "generally accepted",
    "dimensions": "155 x 200 cm",
    "image": "https://upload.wikimedia.org/wikipedia/commons/thumb/d/d9/Nicolas_Poussin_-_Apollo_and_Daphne_-_WGA18345.jpg/500px-Nicolas_Poussin_-_Apollo_and_Daphne_-_WGA18345.jpg?utm_source=en.wikipedia.org&amp;utm_campaign=parser&amp;utm_content=thumbnail",
    "notable": true,
    "creation_place": "Rome",
    "creation_lat": 41.9028,
    "creation_lon": 12.4964,
    "_source": {
     "source": "Wikipedia: List of paintings by Nicolas Poussin",
     "coord": "MediaWiki coordinates API"
    },
    "museum_id": "louvre"
   }
  }
 ]
}