{
 "type": "FeatureCollection",
 "_note": "Generated by scripts/build.py from Wikidata. Do not edit by hand — put manual fixes in the painter's overlay (data/overlay/*.json). Each feature carries _source (scraped base or manual addition) and, when edited, _overrides.",
 "features": [
  {
   "type": "Feature",
   "geometry": {
    "type": "Point",
    "coordinates": [
     14.25053,
     40.86701
    ]
   },
   "properties": {
    "painter": "Ribera",
    "title": "Trinitas terrestris con santi e l'Eterno Padre",
    "year": "1630",
    "city": "Naples",
    "country": "Italy",
    "location": "Museo di Capodimonte",
    "kind": "museum",
    "attribution": "generally accepted",
    "status": "present",
    "medium": "Oil on canvas",
    "dimensions": "393 × 262 cm",
    "genre": "religious art",
    "image": "https://commons.wikimedia.org/wiki/Special:FilePath/Trinitas%20Terrestris%3B%20Ribera%20%28Capodimonte%29.jpg?width=420",
    "wikipedia_es": "https://es.wikipedia.org/wiki/Trinitas_terrestris_con_los_santos_y_el_Padre_Eterno",
    "wikipedia_en": "https://en.wikipedia.org/wiki/The_Earthly_Trinity_with_Saints_and_God_the_Father",
    "wikipedia_it": "https://it.wikipedia.org/wiki/Trinitas_terrestris_con_santi_e_l%27Eterno_Padre",
    "wikidata": "https://www.wikidata.org/wiki/Q102223204",
    "creation_place": "Naples",
    "creation_lat": 40.8518,
    "creation_lon": 14.2681,
    "_source": {
     "source": "Wikidata",
     "url": "https://www.wikidata.org/wiki/Q102223204",
     "retrieved_at": "2026-08-19"
    },
    "_overrides": {
     "creation": {
      "at": "2026-08-19",
      "source": "derived from start date + Caravaggio's documented itinerary (approximate)"
     }
    },
    "museum_id": "museo-di-capodimonte"
   }
  },
  {
   "type": "Feature",
   "geometry": {
    "type": "Point",
    "coordinates": [
     -72.67309,
     41.76371
    ]
   },
   "properties": {
    "painter": "Ribera",
    "title": "The sense of taste",
    "year": "1613",
    "city": "Hartford",
    "country": "United States",
    "location": "Wadsworth Atheneum Museum of Art",
    "kind": "museum",
    "attribution": "attributed",
    "status": "present",
    "medium": "Oil on canvas",
    "dimensions": "117 × 88 cm",
    "image": "https://commons.wikimedia.org/wiki/Special:FilePath/Jos%C3%A9%20de%20Ribera%20-%20Sense%20of%20Taste%20-%20WGA19357.jpg?width=420",
    "wikidata": "https://www.wikidata.org/wiki/Q105436934",
    "creation_place": "Valencia",
    "creation_lat": 39.4699,
    "creation_lon": -0.3763,
    "_source": {
     "source": "Wikidata",
     "url": "https://www.wikidata.org/wiki/Q105436934",
     "retrieved_at": "2026-08-19"
    },
    "_overrides": {
     "creation": {
      "at": "2026-08-19",
      "source": "derived from start date + Caravaggio's documented itinerary (approximate)"
     }
    },
    "museum_id": "wadsworth-atheneum-museum-of-art"
   }
  },
  {
   "type": "Feature",
   "geometry": {
    "type": "Point",
    "coordinates": [
     -4.25,
     55.86111
    ]
   },
   "properties": {
    "painter": "Ribera",
    "title": "Jacob looking after the Flock of Laban",
    "year": "1635",
    "city": "Glasgow City",
    "country": "United Kingdom",
    "location": "Glasgow",
    "kind": "museum",
    "attribution": "attributed",
    "status": "present",
    "medium": "Oil on canvas",
    "dimensions": "61.2 × 45.8 cm",
    "genre": "religious art",
    "image": "https://commons.wikimedia.org/wiki/Special:FilePath/Jusepe%20de%20Ribera%20%281591-1652%29%20%28copy%20after%29%20-%20Jacob%20Looking%20after%20the%20Flock%20of%20Laban%20-%20GLAHA-43794%20-%20Hunterian%20Museum%20and%20Art%20Gallery.jpg?width=420",
    "wikidata": "https://www.wikidata.org/wiki/Q105582409",
    "creation_place": "Naples",
    "creation_lat": 40.8518,
    "creation_lon": 14.2681,
    "_source": {
     "source": "Wikidata",
     "url": "https://www.wikidata.org/wiki/Q105582409",
     "retrieved_at": "2026-08-19"
    },
    "_overrides": {
     "creation": {
      "at": "2026-08-19",
      "source": "derived from start date + Caravaggio's documented itinerary (approximate)"
     }
    },
    "museum_id": "glasgow"
   }
  },
  {
   "type": "Feature",
   "geometry": {
    "type": "Point",
    "coordinates": [
     -73.94651,
     40.83352
    ]
   },
   "properties": {
    "painter": "Ribera",
    "title": "Saint Paul",
    "year": "1630",
    "city": "New York City",
    "country": "United States",
    "location": "Hispanic Society of America",
    "kind": "museum",
    "attribution": "attributed",
    "status": "present",
    "medium": "Oil on canvas",
    "dimensions": "125 × 99 cm",
    "genre": "religious art",
    "image": "https://commons.wikimedia.org/wiki/Special:FilePath/Jusepe%20de%20Ribera%20-%20Saint%20Paul%20-%20A77%20-%20Hispanic%20Society%20of%20America.jpg?width=420",
    "wikidata": "https://www.wikidata.org/wiki/Q105607375",
    "creation_place": "Naples",
    "creation_lat": 40.8518,
    "creation_lon": 14.2681,
    "_source": {
     "source": "Wikidata",
     "url": "https://www.wikidata.org/wiki/Q105607375",
     "retrieved_at": "2026-08-19"
    },
    "_overrides": {
     "creation": {
      "at": "2026-08-19",
      "source": "derived from start date + Caravaggio's documented itinerary (approximate)"
     }
    },
    "museum_id": "hispanic-society-of-america"
   }
  },
  {
   "type": "Feature",
   "geometry": {
    "type": "Point",
    "coordinates": [
     30.3136,
     59.9406
    ]
   },
   "properties": {
    "painter": "Ribera",
    "title": "Saint Jerome in the Desert",
    "year": "1650",
    "city": "Saint Petersburg",
    "country": "Russia",
    "location": "Hermitage Museum",
    "kind": "museum",
    "attribution": "attributed",
    "status": "present",
    "medium": "Oil on canvas",
    "genre": "religious art",
    "wikidata": "https://www.wikidata.org/wiki/Q106353528",
    "creation_place": "Naples",
    "creation_lat": 40.8518,
    "creation_lon": 14.2681,
    "_source": {
     "source": "Wikidata",
     "url": "https://www.wikidata.org/wiki/Q106353528",
     "retrieved_at": "2026-08-19"
    },
    "_overrides": {
     "creation": {
      "at": "2026-08-19",
      "source": "derived from start date + Caravaggio's documented itinerary (approximate)"
     }
    },
    "museum_id": "hermitage-museum"
   }
  },
  {
   "type": "Feature",
   "geometry": {
    "type": "Point",
    "coordinates": [
     -4.77478,
     37.88125
    ]
   },
   "properties": {
    "painter": "Ribera",
    "title": "Descanso en la huida a Egipto",
    "year": "1645",
    "city": "Córdoba",
    "country": "Spain",
    "location": "Museum of Fine Arts of Córdoba",
    "kind": "museum",
    "attribution": "attributed",
    "status": "present",
    "medium": "Oil on canvas",
    "dimensions": "257 × 208 cm",
    "genre": "religious art",
    "image": "https://commons.wikimedia.org/wiki/Special:FilePath/Descanso%20en%20la%20huida%20a%20Egipto%20-%20Jos%C3%A9%20de%20Ribera.jpg?width=420",
    "wikidata": "https://www.wikidata.org/wiki/Q106368713",
    "creation_place": "Naples",
    "creation_lat": 40.8518,
    "creation_lon": 14.2681,
    "_source": {
     "source": "Wikidata",
     "url": "https://www.wikidata.org/wiki/Q106368713",
     "retrieved_at": "2026-08-19"
    },
    "_overrides": {
     "creation": {
      "at": "2026-08-19",
      "source": "derived from start date + Caravaggio's documented itinerary (approximate)"
     }
    },
    "museum_id": "museum-of-fine-arts-of-cordoba"
   }
  },
  {
   "type": "Feature",
   "geometry": {
    "type": "Point",
    "coordinates": [
     5.7324,
     45.1945
    ]
   },
   "properties": {
    "painter": "Ribera",
    "title": "Q106606321",
    "year": "1629",
    "city": "Grenoble",
    "country": "France",
    "location": "Museum of Grenoble",
    "kind": "museum",
    "attribution": "attributed",
    "status": "present",
    "medium": "Oil on canvas",
    "dimensions": "115 × 180 cm",
    "genre": "religious art",
    "image": "https://commons.wikimedia.org/wiki/Special:FilePath/Jos%C3%A9%20de%20Ribera%20-%20Saint%20Barth%C3%A9l%C3%A9my.jpg?width=420",
    "wikidata": "https://www.wikidata.org/wiki/Q106606321",
    "creation_place": "Naples",
    "creation_lat": 40.8518,
    "creation_lon": 14.2681,
    "_source": {
     "source": "Wikidata",
     "url": "https://www.wikidata.org/wiki/Q106606321",
     "retrieved_at": "2026-08-19"
    },
    "_overrides": {
     "creation": {
      "at": "2026-08-19",
      "source": "derived from start date + Caravaggio's documented itinerary (approximate)"
     }
    },
    "museum_id": "museum-of-grenoble"
   }
  },
  {
   "type": "Feature",
   "geometry": {
    "type": "Point",
    "coordinates": [
     2.35527,
     43.2125
    ]
   },
   "properties": {
    "painter": "Ribera",
    "title": "The tears of St. Peter",
    "year": "1700",
    "city": "Carcassonne",
    "country": "France",
    "location": "Musée des Beaux-Arts de Carcassonne",
    "kind": "museum",
    "attribution": "attributed",
    "status": "present",
    "medium": "Oil on canvas",
    "dimensions": "66 × 53 cm",
    "genre": "religious art",
    "image": "https://commons.wikimedia.org/wiki/Special:FilePath/Beaux-Arts%20de%20Carcassonne%20-%20Les%20larmes%20de%20Saint-Pierre%20-%20Juseppe%20Ribera%20Joconde04400000395.jpg?width=420",
    "wikidata": "https://www.wikidata.org/wiki/Q106649546",
    "_source": {
     "source": "Wikidata",
     "url": "https://www.wikidata.org/wiki/Q106649546",
     "retrieved_at": "2026-08-19"
    },
    "museum_id": "musee-des-beaux-arts-de-carcassonne"
   }
  },
  {
   "type": "Feature",
   "geometry": {
    "type": "Point",
    "coordinates": [
     -0.371,
     39.479
    ]
   },
   "properties": {
    "painter": "Ribera",
    "title": "S. Sebastian attended by S. Irene",
    "year": "1650",
    "city": "Valencia",
    "country": "Spain",
    "location": "Museu de Belles Arts de València",
    "kind": "museum",
    "attribution": "attributed",
    "status": "present",
    "medium": "Oil on canvas",
    "dimensions": "208 × 157 cm",
    "image": "https://commons.wikimedia.org/wiki/Special:FilePath/Ribera-san%20sebastian-valencia.jpg?width=420",
    "wikidata": "https://www.wikidata.org/wiki/Q106690390",
    "creation_place": "Naples",
    "creation_lat": 40.8518,
    "creation_lon": 14.2681,
    "_source": {
     "source": "Wikidata",
     "url": "https://www.wikidata.org/wiki/Q106690390",
     "retrieved_at": "2026-08-19"
    },
    "_overrides": {
     "creation": {
      "at": "2026-08-19",
      "source": "derived from start date + Caravaggio's documented itinerary (approximate)"
     }
    },
    "museum_id": "museu-de-belles-arts-de-valencia"
   }
  },
  {
   "type": "Feature",
   "geometry": {
    "type": "Point",
    "coordinates": [
     -0.1517,
     51.5035
    ]
   },
   "properties": {
    "painter": "Ribera",
    "title": "Hecate: Procession to a Witches Sabbath",
    "year": "1620",
    "city": "London",
    "country": "United Kingdom",
    "location": "Apsley House",
    "kind": "museum",
    "attribution": "attributed",
    "status": "present",
    "medium": "Oil on copper",
    "dimensions": "34.3 × 65.5 cm",
    "image": "https://commons.wikimedia.org/wiki/Special:FilePath/Jusepe%20de%20Ribera%20-%20Hecate%2C%20Procession%20to%20a%20Witches%20Sabbath.jpg?width=420",
    "wikidata": "https://www.wikidata.org/wiki/Q106712624",
    "creation_place": "Naples",
    "creation_lat": 40.8518,
    "creation_lon": 14.2681,
    "_source": {
     "source": "Wikidata",
     "url": "https://www.wikidata.org/wiki/Q106712624",
     "retrieved_at": "2026-08-19"
    },
    "_overrides": {
     "creation": {
      "at": "2026-08-19",
      "source": "derived from start date + Caravaggio's documented itinerary (approximate)"
     }
    },
    "museum_id": "apsley-house"
   }
  },
  {
   "type": "Feature",
   "geometry": {
    "type": "Point",
    "coordinates": [
     -0.1517,
     51.5035
    ]
   },
   "properties": {
    "painter": "Ribera",
    "title": "Saint James the Great",
    "year": "1630",
    "city": "London",
    "country": "United Kingdom",
    "location": "Apsley House",
    "kind": "museum",
    "attribution": "attributed",
    "status": "present",
    "medium": "Oil on canvas",
    "dimensions": "45 × 101 cm",
    "genre": "religious art",
    "image": "https://commons.wikimedia.org/wiki/Special:FilePath/Jos%C3%A9%20de%20Ribera%20-%20Santiago%20el%20Mayor%20%28ca.%201630%29.jpg?width=420",
    "wikidata": "https://www.wikidata.org/wiki/Q106714489",
    "creation_place": "Naples",
    "creation_lat": 40.8518,
    "creation_lon": 14.2681,
    "_source": {
     "source": "Wikidata",
     "url": "https://www.wikidata.org/wiki/Q106714489",
     "retrieved_at": "2026-08-19"
    },
    "_overrides": {
     "creation": {
      "at": "2026-08-19",
      "source": "derived from start date + Caravaggio's documented itinerary (approximate)"
     }
    },
    "museum_id": "apsley-house"
   }
  },
  {
   "type": "Feature",
   "geometry": {
    "type": "Point",
    "coordinates": [
     13.36472,
     52.50861
    ]
   },
   "properties": {
    "painter": "Ribera",
    "title": "Q107436704",
    "city": "Bezirk Mitte",
    "country": "Germany",
    "location": "Gemäldegalerie Berlin",
    "kind": "museum",
    "attribution": "attributed",
    "status": "present",
    "medium": "Oil on canvas",
    "wikidata": "https://www.wikidata.org/wiki/Q107436704",
    "_source": {
     "source": "Wikidata",
     "url": "https://www.wikidata.org/wiki/Q107436704",
     "retrieved_at": "2026-08-19"
    },
    "museum_id": "gemaldegalerie-berlin"
   }
  },
  {
   "type": "Feature",
   "geometry": {
    "type": "Point",
    "coordinates": [
     13.36472,
     52.50861
    ]
   },
   "properties": {
    "painter": "Ribera",
    "title": "Q107436719",
    "city": "Bezirk Mitte",
    "country": "Germany",
    "location": "Gemäldegalerie Berlin",
    "kind": "museum",
    "attribution": "attributed",
    "status": "present",
    "medium": "Oil on canvas",
    "genre": "religious art",
    "wikidata": "https://www.wikidata.org/wiki/Q107436719",
    "_source": {
     "source": "Wikidata",
     "url": "https://www.wikidata.org/wiki/Q107436719",
     "retrieved_at": "2026-08-19"
    },
    "museum_id": "gemaldegalerie-berlin"
   }
  },
  {
   "type": "Feature",
   "geometry": {
    "type": "Point",
    "coordinates": [
     13.36472,
     52.50861
    ]
   },
   "properties": {
    "painter": "Ribera",
    "title": "Saint Sebastian",
    "year": "1637",
    "city": "Bezirk Mitte",
    "country": "Germany",
    "location": "Gemäldegalerie Berlin",
    "kind": "museum",
    "attribution": "attributed",
    "status": "present",
    "medium": "Oil on canvas",
    "genre": "religious art",
    "image": "https://commons.wikimedia.org/wiki/Special:FilePath/Jusepe%20de%20Ribera%20%281591%20-%201652%29%20-%20Saint%20Sebastian%20-%20405B%20-%20Gem%C3%A4ldegalerie.jpg?width=420",
    "wikidata": "https://www.wikidata.org/wiki/Q107436948",
    "creation_place": "Naples",
    "creation_lat": 40.8518,
    "creation_lon": 14.2681,
    "_source": {
     "source": "Wikidata",
     "url": "https://www.wikidata.org/wiki/Q107436948",
     "retrieved_at": "2026-08-19"
    },
    "_overrides": {
     "creation": {
      "at": "2026-08-19",
      "source": "derived from start date + Caravaggio's documented itinerary (approximate)"
     }
    },
    "museum_id": "gemaldegalerie-berlin"
   }
  },
  {
   "type": "Feature",
   "geometry": {
    "type": "Point",
    "coordinates": [
     13.36472,
     52.50861
    ]
   },
   "properties": {
    "painter": "Ribera",
    "title": "The Martyrdom of Saint Bartholomew",
    "year": "1675",
    "city": "Bezirk Mitte",
    "country": "Germany",
    "location": "Gemäldegalerie Berlin",
    "kind": "museum",
    "attribution": "attributed",
    "status": "present",
    "medium": "Oil on canvas",
    "image": "https://commons.wikimedia.org/wiki/Special:FilePath/Kopie%20nach%2C%20Jusepe%20de%20Ribera%20%281591%20-%201652%29%20-%20The%20Martyrdom%20of%20Saint%20Bartholomew%20-%20416%20-%20Gem%C3%A4ldegalerie.jpg?width=420",
    "wikidata": "https://www.wikidata.org/wiki/Q107436956",
    "_source": {
     "source": "Wikidata",
     "url": "https://www.wikidata.org/wiki/Q107436956",
     "retrieved_at": "2026-08-19"
    },
    "museum_id": "gemaldegalerie-berlin"
   }
  },
  {
   "type": "Feature",
   "geometry": {
    "type": "Point",
    "coordinates": [
     13.36472,
     52.50861
    ]
   },
   "properties": {
    "painter": "Ribera",
    "title": "Q107437264",
    "city": "Bezirk Mitte",
    "country": "Germany",
    "location": "Gemäldegalerie Berlin",
    "kind": "museum",
    "attribution": "attributed",
    "status": "present",
    "medium": "Oil on canvas",
    "genre": "religious art",
    "wikidata": "https://www.wikidata.org/wiki/Q107437264",
    "_source": {
     "source": "Wikidata",
     "url": "https://www.wikidata.org/wiki/Q107437264",
     "retrieved_at": "2026-08-19"
    },
    "museum_id": "gemaldegalerie-berlin"
   }
  },
  {
   "type": "Feature",
   "geometry": {
    "type": "Point",
    "coordinates": [
     13.36472,
     52.50861
    ]
   },
   "properties": {
    "painter": "Ribera",
    "title": "Q107441500",
    "city": "Bezirk Mitte",
    "country": "Germany",
    "location": "Gemäldegalerie Berlin",
    "kind": "museum",
    "attribution": "attributed",
    "status": "present",
    "medium": "Oil on canvas",
    "genre": "religious art",
    "wikidata": "https://www.wikidata.org/wiki/Q107441500",
    "_source": {
     "source": "Wikidata",
     "url": "https://www.wikidata.org/wiki/Q107441500",
     "retrieved_at": "2026-08-19"
    },
    "museum_id": "gemaldegalerie-berlin"
   }
  },
  {
   "type": "Feature",
   "geometry": {
    "type": "Point",
    "coordinates": [
     -2.10271,
     57.14819
    ]
   },
   "properties": {
    "painter": "Ribera",
    "title": "The Hermit",
    "city": "Aberdeen City",
    "country": "United Kingdom",
    "location": "Aberdeen Archives, Gallery and Museums collections",
    "kind": "museum",
    "attribution": "attributed",
    "status": "present",
    "medium": "Oil on canvas",
    "dimensions": "66.9 × 44.5 cm",
    "image": "https://commons.wikimedia.org/wiki/Special:FilePath/The%20Hermit%20-%20Jusepe%20de%20Ribera%20-%20ABDAG003931.jpg?width=420",
    "wikidata": "https://www.wikidata.org/wiki/Q110683953",
    "_source": {
     "source": "Wikidata",
     "url": "https://www.wikidata.org/wiki/Q110683953",
     "retrieved_at": "2026-08-19"
    },
    "museum_id": "aberdeen-archives-gallery-and-museums-collections"
   }
  },
  {
   "type": "Feature",
   "geometry": {
    "type": "Point",
    "coordinates": [
     -3.70071,
     40.41779
    ]
   },
   "properties": {
    "painter": "Ribera",
    "title": "Q110938447",
    "city": "Madrid",
    "country": "Spain",
    "location": "Royal Academy of Fine Arts of San Fernando",
    "kind": "museum",
    "attribution": "attributed",
    "status": "present",
    "wikidata": "https://www.wikidata.org/wiki/Q110938447",
    "_source": {
     "source": "Wikidata",
     "url": "https://www.wikidata.org/wiki/Q110938447",
     "retrieved_at": "2026-08-19"
    },
    "museum_id": "royal-academy-of-fine-arts-of-san-fernando"
   }
  },
  {
   "type": "Feature",
   "geometry": {
    "type": "Point",
    "coordinates": [
     14.292,
     48.2901
    ]
   },
   "properties": {
    "painter": "Ribera",
    "title": "Portrait of a man with pen",
    "year": "1613",
    "city": "Linz",
    "country": "German Reich",
    "location": "Führermuseum",
    "kind": "museum",
    "attribution": "attributed",
    "status": "present",
    "medium": "Oil on canvas",
    "dimensions": "110 × 87 cm",
    "genre": "portrait",
    "image": "https://commons.wikimedia.org/wiki/Special:FilePath/Jusepe%20de%29%20Art%20des%20Ribera%20%28Ribera%20%281588-1652%29%20-%20Halbfigur%20eines%20Philosophen%2C%20ein%20Schriftst%C3%BCck%20und%20Federkiel%20haltend%20-%203203%20-%20F%C3%BChrermuseum.jpg?width=420",
    "wikidata": "https://www.wikidata.org/wiki/Q111648587",
    "creation_place": "Valencia",
    "creation_lat": 39.4699,
    "creation_lon": -0.3763,
    "_source": {
     "source": "Wikidata",
     "url": "https://www.wikidata.org/wiki/Q111648587",
     "retrieved_at": "2026-08-19"
    },
    "_overrides": {
     "creation": {
      "at": "2026-08-19",
      "source": "derived from start date + Caravaggio's documented itinerary (approximate)"
     }
    },
    "museum_id": "fuhrermuseum"
   }
  },
  {
   "type": "Feature",
   "geometry": {
    "type": "Point",
    "coordinates": [
     14.292,
     48.2901
    ]
   },
   "properties": {
    "painter": "Ribera",
    "title": "Portrait of sitting old man, half - length ( plulocaphes)",
    "year": "1613",
    "city": "Linz",
    "country": "German Reich",
    "location": "Führermuseum",
    "kind": "museum",
    "attribution": "attributed",
    "status": "present",
    "dimensions": "127 × 94 cm",
    "genre": "portrait",
    "image": "https://commons.wikimedia.org/wiki/Special:FilePath/Jusepe%20de%29%20Art%20des%20Ribera%20%28Ribera%20%281588-1652%29%20-%20Halbfigur%20eines%20Philosophen%20mit%20einem%20Folianten%20-%203204%20-%20F%C3%BChrermuseum.jpg?width=420",
    "wikidata": "https://www.wikidata.org/wiki/Q111648588",
    "creation_place": "Valencia",
    "creation_lat": 39.4699,
    "creation_lon": -0.3763,
    "_source": {
     "source": "Wikidata",
     "url": "https://www.wikidata.org/wiki/Q111648588",
     "retrieved_at": "2026-08-19"
    },
    "_overrides": {
     "creation": {
      "at": "2026-08-19",
      "source": "derived from start date + Caravaggio's documented itinerary (approximate)"
     }
    },
    "museum_id": "fuhrermuseum"
   }
  },
  {
   "type": "Feature",
   "geometry": {
    "type": "Point",
    "coordinates": [
     2.3358,
     48.8611
    ]
   },
   "properties": {
    "painter": "Ribera",
    "title": "Q111651219",
    "year": "1640",
    "country": "France",
    "location": "Louvre",
    "kind": "museum",
    "attribution": "attributed",
    "status": "present",
    "medium": "Oil on canvas",
    "dimensions": "130 × 103 cm",
    "genre": "religious art",
    "image": "https://commons.wikimedia.org/wiki/Special:FilePath/Ribera%20-%20Saint%20J%C3%A9r%C3%B4me%20p%C3%A9nitent%2C%20MNR329.jpg?width=420",
    "wikidata": "https://www.wikidata.org/wiki/Q111651219",
    "creation_place": "Naples",
    "creation_lat": 40.8518,
    "creation_lon": 14.2681,
    "_source": {
     "source": "Wikidata",
     "url": "https://www.wikidata.org/wiki/Q111651219",
     "retrieved_at": "2026-08-19"
    },
    "_overrides": {
     "creation": {
      "at": "2026-08-19",
      "source": "derived from start date + Caravaggio's documented itinerary (approximate)"
     }
    },
    "museum_id": "louvre",
    "city": "Paris"
   }
  },
  {
   "type": "Feature",
   "geometry": {
    "type": "Point",
    "coordinates": [
     -4.14778,
     40.58917
    ]
   },
   "properties": {
    "painter": "Ribera",
    "title": "Jacob Tending His Flock",
    "year": "1634",
    "city": "San Lorenzo de El Escorial",
    "country": "Spain",
    "location": "Royal Monastery of San Lorenzo de El Escorial",
    "kind": "museum",
    "attribution": "attributed",
    "status": "present",
    "medium": "Oil on canvas",
    "dimensions": "179 × 233 cm",
    "genre": "religious art",
    "image": "https://commons.wikimedia.org/wiki/Special:FilePath/Jacob%20y%20el%20reba%C3%B1o%20de%20Lab%C3%A1n%2C%20de%20Jos%C3%A9%20de%20Ribera%20%28Monasterio%20de%20El%20Escorial%29.jpg?width=420",
    "wikidata": "https://www.wikidata.org/wiki/Q111821904",
    "creation_place": "Naples",
    "creation_lat": 40.8518,
    "creation_lon": 14.2681,
    "_source": {
     "source": "Wikidata",
     "url": "https://www.wikidata.org/wiki/Q111821904",
     "retrieved_at": "2026-08-19"
    },
    "_overrides": {
     "creation": {
      "at": "2026-08-19",
      "source": "derived from start date + Caravaggio's documented itinerary (approximate)"
     }
    },
    "museum_id": "royal-monastery-of-san-lorenzo-de-el-escorial"
   }
  },
  {
   "type": "Feature",
   "geometry": {
    "type": "Point",
    "coordinates": [
     14.2407,
     40.8431
    ]
   },
   "properties": {
    "painter": "Ribera",
    "title": "Saint Bruno Receiving the Rule",
    "year": "1643",
    "city": "Naples",
    "country": "Italy",
    "location": "Museo Nazionale di San Martino",
    "kind": "museum",
    "attribution": "generally accepted",
    "status": "present",
    "medium": "Oil on copper",
    "dimensions": "38 × 27 cm",
    "genre": "Christian painting",
    "image": "https://commons.wikimedia.org/wiki/Special:FilePath/Jos%C3%A9%20de%20Ribera%20-%20Vision%20of%20St%20Bruno%20-%20WGA19392.jpg?width=420",
    "wikipedia_es": "https://es.wikipedia.org/wiki/San_Bruno_recibe_la_regla",
    "wikipedia_en": "https://en.wikipedia.org/wiki/Saint_Bruno_Receiving_the_Rule",
    "wikipedia_it": "https://it.wikipedia.org/wiki/San_Bruno_riceve_la_Regola",
    "wikidata": "https://www.wikidata.org/wiki/Q112045236",
    "creation_place": "Naples",
    "creation_lat": 40.8518,
    "creation_lon": 14.2681,
    "_source": {
     "source": "Wikidata",
     "url": "https://www.wikidata.org/wiki/Q112045236",
     "retrieved_at": "2026-08-19"
    },
    "_overrides": {
     "creation": {
      "at": "2026-08-19",
      "source": "derived from start date + Caravaggio's documented itinerary (approximate)"
     }
    },
    "museum_id": "museo-nazionale-di-san-martino"
   }
  },
  {
   "type": "Feature",
   "geometry": {
    "type": "Point",
    "coordinates": [
     14.25053,
     40.86701
    ]
   },
   "properties": {
    "painter": "Ribera",
    "title": "Saint Jerome",
    "year": "1651",
    "city": "Naples",
    "country": "Italy",
    "location": "Museo di Capodimonte",
    "kind": "museum",
    "attribution": "generally accepted",
    "status": "present",
    "medium": "Oil on canvas",
    "dimensions": "125 × 100 cm",
    "genre": "religious art",
    "image": "https://commons.wikimedia.org/wiki/Special:FilePath/Jos%C3%A9%20de%20Ribera%20039.jpg?width=420",
    "wikipedia_es": "https://es.wikipedia.org/wiki/San_Jer%C3%B3nimo_(Ribera,_San_Martino)",
    "wikipedia_en": "https://en.wikipedia.org/wiki/Saint_Jerome_(Ribera)",
    "wikipedia_it": "https://it.wikipedia.org/wiki/San_Girolamo_(Ribera_San_Martino)",
    "wikidata": "https://www.wikidata.org/wiki/Q112045366",
    "creation_place": "Naples",
    "creation_lat": 40.8518,
    "creation_lon": 14.2681,
    "_source": {
     "source": "Wikidata",
     "url": "https://www.wikidata.org/wiki/Q112045366",
     "retrieved_at": "2026-08-19"
    },
    "_overrides": {
     "creation": {
      "at": "2026-08-19",
      "source": "derived from start date + Caravaggio's documented itinerary (approximate)"
     }
    },
    "museum_id": "museo-di-capodimonte"
   }
  },
  {
   "type": "Feature",
   "geometry": {
    "type": "Point",
    "coordinates": [
     14.2407,
     40.8431
    ]
   },
   "properties": {
    "painter": "Ribera",
    "title": "Saint Sebastian",
    "year": "1651",
    "city": "Naples",
    "country": "Italy",
    "location": "Museo Nazionale di San Martino",
    "kind": "museum",
    "attribution": "generally accepted",
    "status": "present",
    "medium": "Oil on canvas",
    "dimensions": "121 × 100 cm",
    "genre": "religious art",
    "image": "https://commons.wikimedia.org/wiki/Special:FilePath/Jos%C3%A9%20de%20Ribera%20044.jpg?width=420",
    "wikipedia_es": "https://es.wikipedia.org/wiki/San_Sebasti%C3%A1n_(Ribera,_N%C3%A1poles)",
    "wikipedia_en": "https://en.wikipedia.org/wiki/Saint_Sebastian_(Ribera,_Naples)",
    "wikipedia_it": "https://it.wikipedia.org/wiki/San_Sebastiano_(Ribera_Napoli)",
    "wikidata": "https://www.wikidata.org/wiki/Q112045368",
    "creation_place": "Naples",
    "creation_lat": 40.8518,
    "creation_lon": 14.2681,
    "_source": {
     "source": "Wikidata",
     "url": "https://www.wikidata.org/wiki/Q112045368",
     "retrieved_at": "2026-08-19"
    },
    "_overrides": {
     "creation": {
      "at": "2026-08-19",
      "source": "derived from start date + Caravaggio's documented itinerary (approximate)"
     }
    },
    "museum_id": "museo-nazionale-di-san-martino"
   }
  },
  {
   "type": "Feature",
   "geometry": {
    "type": "Point",
    "coordinates": [
     14.26071,
     40.84891
    ]
   },
   "properties": {
    "painter": "Ribera",
    "title": "Testa del Battista",
    "year": "1646",
    "city": "Naples",
    "country": "Italy",
    "location": "Filangieri Civic Museum",
    "kind": "museum",
    "attribution": "generally accepted",
    "status": "present",
    "medium": "Oil on canvas",
    "image": "https://commons.wikimedia.org/wiki/Special:FilePath/Testa%20del%20Battista%20-%20Jusepe%20de%20Ribera%20%28Naples%29.jpg?width=420",
    "wikipedia_it": "https://it.wikipedia.org/wiki/Testa_del_Battista_(Ribera_Napoli)",
    "wikidata": "https://www.wikidata.org/wiki/Q112045374",
    "creation_place": "Naples",
    "creation_lat": 40.8518,
    "creation_lon": 14.2681,
    "_source": {
     "source": "Wikidata",
     "url": "https://www.wikidata.org/wiki/Q112045374",
     "retrieved_at": "2026-08-19"
    },
    "_overrides": {
     "creation": {
      "at": "2026-08-19",
      "source": "derived from start date + Caravaggio's documented itinerary (approximate)"
     }
    },
    "museum_id": "filangieri-civic-museum"
   }
  },
  {
   "type": "Feature",
   "geometry": {
    "type": "Point",
    "coordinates": [
     14.2512,
     40.85157
    ]
   },
   "properties": {
    "painter": "Ribera",
    "title": "San Girolamo che legge",
    "city": "Naples",
    "country": "Italy",
    "location": "Naples Academy of Fine Arts",
    "kind": "museum",
    "attribution": "generally accepted",
    "status": "present",
    "image": "https://commons.wikimedia.org/wiki/Special:FilePath/GallerieAccademiaBelleArtiNaples17-crop.jpg?width=420",
    "wikipedia_it": "https://it.wikipedia.org/wiki/San_Girolamo_che_legge_(Ribera_Napoli)",
    "wikidata": "https://www.wikidata.org/wiki/Q112124754",
    "_source": {
     "source": "Wikidata",
     "url": "https://www.wikidata.org/wiki/Q112124754",
     "retrieved_at": "2026-08-19"
    },
    "museum_id": "naples-academy-of-fine-arts"
   }
  },
  {
   "type": "Feature",
   "geometry": {
    "type": "Point",
    "coordinates": [
     2.2953,
     49.8905
    ]
   },
   "properties": {
    "painter": "Ribera",
    "title": "Le Miracle de saint Donat",
    "year": "1652",
    "city": "Amiens",
    "country": "France",
    "location": "Musée de Picardie",
    "kind": "museum",
    "attribution": "attributed",
    "status": "present",
    "medium": "Oil on canvas",
    "dimensions": "194 × 155 cm",
    "genre": "religious art",
    "image": "https://commons.wikimedia.org/wiki/Special:FilePath/Jusepe%20de%20Ribera%2C%20the%20wonder%20of%20Donatus%20of%20Arezzo.JPG?width=420",
    "wikidata": "https://www.wikidata.org/wiki/Q113012939",
    "creation_place": "Naples",
    "creation_lat": 40.8518,
    "creation_lon": 14.2681,
    "_source": {
     "source": "Wikidata",
     "url": "https://www.wikidata.org/wiki/Q113012939",
     "retrieved_at": "2026-08-19"
    },
    "_overrides": {
     "creation": {
      "at": "2026-08-19",
      "source": "derived from start date + Caravaggio's documented itinerary (approximate)"
     }
    },
    "museum_id": "musee-de-picardie"
   }
  },
  {
   "type": "Feature",
   "geometry": {
    "type": "Point",
    "coordinates": [
     14.39694,
     50.08889
    ]
   },
   "properties": {
    "painter": "Ribera",
    "title": "Saint Jerome",
    "year": "1646",
    "city": "Hradčany",
    "country": "Czech Republic",
    "location": "Schwarzenberg Palace",
    "kind": "museum",
    "attribution": "attributed",
    "status": "present",
    "medium": "Oil on canvas",
    "dimensions": "146 × 198 cm",
    "genre": "religious art",
    "image": "https://commons.wikimedia.org/wiki/Special:FilePath/Jos%C3%A9%20de%20Ribera%20-%20St%20Jerome.JPG?width=420",
    "wikidata": "https://www.wikidata.org/wiki/Q114207355",
    "creation_place": "Naples",
    "creation_lat": 40.8518,
    "creation_lon": 14.2681,
    "_source": {
     "source": "Wikidata",
     "url": "https://www.wikidata.org/wiki/Q114207355",
     "retrieved_at": "2026-08-19"
    },
    "_overrides": {
     "creation": {
      "at": "2026-08-19",
      "source": "derived from start date + Caravaggio's documented itinerary (approximate)"
     }
    },
    "museum_id": "schwarzenberg-palace"
   }
  },
  {
   "type": "Feature",
   "geometry": {
    "type": "Point",
    "coordinates": [
     -3.6922,
     40.4139
    ]
   },
   "properties": {
    "painter": "Ribera",
    "title": "The raising of Lazarus",
    "year": "1616",
    "city": "Madrid",
    "country": "Spain",
    "location": "Museo del Prado",
    "kind": "museum",
    "attribution": "attributed",
    "status": "present",
    "medium": "Oil on canvas",
    "dimensions": "171 × 289 cm",
    "genre": "religious art",
    "wikidata": "https://www.wikidata.org/wiki/Q114904600",
    "creation_place": "Naples",
    "creation_lat": 40.8518,
    "creation_lon": 14.2681,
    "_source": {
     "source": "Wikidata",
     "url": "https://www.wikidata.org/wiki/Q114904600",
     "retrieved_at": "2026-08-19"
    },
    "_overrides": {
     "creation": {
      "at": "2026-08-19",
      "source": "derived from start date + Caravaggio's documented itinerary (approximate)"
     }
    },
    "museum_id": "museo-del-prado"
   }
  },
  {
   "type": "Feature",
   "geometry": {
    "type": "Point",
    "coordinates": [
     4.83361,
     45.76694
    ]
   },
   "properties": {
    "painter": "Ribera",
    "title": "Q115675481",
    "year": "1650",
    "city": "Lyon",
    "country": "France",
    "location": "Museum of Fine Arts of Lyon",
    "kind": "museum",
    "attribution": "attributed",
    "status": "present",
    "medium": "Canvas",
    "dimensions": "117 × 92 cm",
    "genre": "religious art",
    "wikidata": "https://www.wikidata.org/wiki/Q115675481",
    "creation_place": "Naples",
    "creation_lat": 40.8518,
    "creation_lon": 14.2681,
    "_source": {
     "source": "Wikidata",
     "url": "https://www.wikidata.org/wiki/Q115675481",
     "retrieved_at": "2026-08-19"
    },
    "_overrides": {
     "creation": {
      "at": "2026-08-19",
      "source": "derived from start date + Caravaggio's documented itinerary (approximate)"
     }
    },
    "museum_id": "museum-of-fine-arts-of-lyon"
   }
  },
  {
   "type": "Feature",
   "geometry": {
    "type": "Point",
    "coordinates": [
     2.2953,
     49.8905
    ]
   },
   "properties": {
    "painter": "Ribera",
    "title": "Saint Jean-Baptiste enfant avec l'Agneau",
    "year": "1630",
    "city": "Amiens",
    "country": "France",
    "location": "Musée de Picardie",
    "kind": "museum",
    "attribution": "attributed",
    "status": "present",
    "medium": "Oil paint",
    "dimensions": "126.8 × 97.9 cm",
    "genre": "religious art",
    "image": "https://commons.wikimedia.org/wiki/Special:FilePath/Ribera%20%28atelier%29%20-%20Saint%20Jean-Baptiste%20enfant%20avec%20l%27Agneau%2C%201630%2C%20M.P.Lav.1894-243.jpg?width=420",
    "wikidata": "https://www.wikidata.org/wiki/Q116559328",
    "creation_place": "Naples",
    "creation_lat": 40.8518,
    "creation_lon": 14.2681,
    "_source": {
     "source": "Wikidata",
     "url": "https://www.wikidata.org/wiki/Q116559328",
     "retrieved_at": "2026-08-19"
    },
    "_overrides": {
     "creation": {
      "at": "2026-08-19",
      "source": "derived from start date + Caravaggio's documented itinerary (approximate)"
     }
    },
    "museum_id": "musee-de-picardie"
   }
  },
  {
   "type": "Feature",
   "geometry": {
    "type": "Point",
    "coordinates": [
     2.2953,
     49.8905
    ]
   },
   "properties": {
    "painter": "Ribera",
    "title": "Plato",
    "year": "1630",
    "city": "Amiens",
    "country": "France",
    "location": "Musée de Picardie",
    "kind": "museum",
    "attribution": "attributed",
    "status": "present",
    "medium": "Oil paint",
    "dimensions": "118.9 × 92 cm",
    "genre": "historiated portrait",
    "image": "https://commons.wikimedia.org/wiki/Special:FilePath/Ribera-Platon-Amiens.jpg?width=420",
    "wikidata": "https://www.wikidata.org/wiki/Q116563362",
    "creation_place": "Naples",
    "creation_lat": 40.8518,
    "creation_lon": 14.2681,
    "_source": {
     "source": "Wikidata",
     "url": "https://www.wikidata.org/wiki/Q116563362",
     "retrieved_at": "2026-08-19"
    },
    "_overrides": {
     "creation": {
      "at": "2026-08-19",
      "source": "derived from start date + Caravaggio's documented itinerary (approximate)"
     }
    },
    "museum_id": "musee-de-picardie"
   }
  },
  {
   "type": "Feature",
   "geometry": {
    "type": "Point",
    "coordinates": [
     2.2953,
     49.8905
    ]
   },
   "properties": {
    "painter": "Ribera",
    "title": "Saint François de Paule",
    "year": "1650",
    "city": "Amiens",
    "country": "France",
    "location": "Musée de Picardie",
    "kind": "museum",
    "attribution": "attributed",
    "status": "present",
    "medium": "Oil paint",
    "dimensions": "76 × 65.6 cm",
    "genre": "historiated portrait",
    "wikidata": "https://www.wikidata.org/wiki/Q116569592",
    "creation_place": "Naples",
    "creation_lat": 40.8518,
    "creation_lon": 14.2681,
    "_source": {
     "source": "Wikidata",
     "url": "https://www.wikidata.org/wiki/Q116569592",
     "retrieved_at": "2026-08-19"
    },
    "_overrides": {
     "creation": {
      "at": "2026-08-19",
      "source": "derived from start date + Caravaggio's documented itinerary (approximate)"
     }
    },
    "museum_id": "musee-de-picardie"
   }
  },
  {
   "type": "Feature",
   "geometry": {
    "type": "Point",
    "coordinates": [
     -1.675,
     48.10944
    ]
   },
   "properties": {
    "painter": "Ribera",
    "title": "Q116789726",
    "year": "1609",
    "city": "Rennes",
    "country": "France",
    "location": "Musée des Beaux-Arts de Rennes",
    "kind": "museum",
    "attribution": "attributed",
    "status": "present",
    "medium": "Oil on canvas",
    "dimensions": "111.2 × 88.6 cm",
    "genre": "religious art",
    "image": "https://commons.wikimedia.org/wiki/Special:FilePath/Ribera-Saint%20Jude%20Thadd%C3%A9e-Rennes%2C%20MBA.jpg?width=420",
    "wikidata": "https://www.wikidata.org/wiki/Q116789726",
    "creation_place": "Valencia",
    "creation_lat": 39.4699,
    "creation_lon": -0.3763,
    "_source": {
     "source": "Wikidata",
     "url": "https://www.wikidata.org/wiki/Q116789726",
     "retrieved_at": "2026-08-19"
    },
    "_overrides": {
     "creation": {
      "at": "2026-08-19",
      "source": "derived from start date + Caravaggio's documented itinerary (approximate)"
     }
    },
    "museum_id": "musee-des-beaux-arts-de-rennes"
   }
  },
  {
   "type": "Feature",
   "geometry": {
    "type": "Point",
    "coordinates": [
     -3.70071,
     40.41779
    ]
   },
   "properties": {
    "painter": "Ribera",
    "title": "Ecce homo",
    "year": "1620",
    "city": "Madrid",
    "country": "Spain",
    "location": "Royal Academy of Fine Arts of San Fernando",
    "kind": "museum",
    "attribution": "attributed",
    "status": "present",
    "medium": "Oil on canvas",
    "dimensions": "97 × 81 cm",
    "genre": "religious art",
    "image": "https://commons.wikimedia.org/wiki/Special:FilePath/Ecce%20Homo%2C%20de%20Jos%C3%A9%20de%20Ribera%20%28Real%20Academia%20de%20Bellas%20Artes%20de%20San%20Fernando%29.JPG?width=420",
    "wikidata": "https://www.wikidata.org/wiki/Q116981089",
    "creation_place": "Naples",
    "creation_lat": 40.8518,
    "creation_lon": 14.2681,
    "_source": {
     "source": "Wikidata",
     "url": "https://www.wikidata.org/wiki/Q116981089",
     "retrieved_at": "2026-08-19"
    },
    "_overrides": {
     "creation": {
      "at": "2026-08-19",
      "source": "derived from start date + Caravaggio's documented itinerary (approximate)"
     }
    },
    "museum_id": "royal-academy-of-fine-arts-of-san-fernando"
   }
  },
  {
   "type": "Feature",
   "geometry": {
    "type": "Point",
    "coordinates": [
     -3.70071,
     40.41779
    ]
   },
   "properties": {
    "painter": "Ribera",
    "title": "Aparición del Niño Jesús a San Antonio de Padua",
    "year": "1629",
    "city": "Madrid",
    "country": "Spain",
    "location": "Royal Academy of Fine Arts of San Fernando",
    "kind": "museum",
    "attribution": "attributed",
    "status": "present",
    "medium": "Oil on canvas",
    "dimensions": "262 × 200 cm",
    "image": "https://commons.wikimedia.org/wiki/Special:FilePath/Aparici%C3%B3n%20del%20Ni%C3%B1o%20Jes%C3%BAs%20a%20San%20Antonio%20de%20Padua%2C%20de%20Jos%C3%A9%20de%20Ribera%20%28Real%20Academia%20de%20Bellas%20Artes%20de%20San%20Fernando%29.JPG?width=420",
    "wikidata": "https://www.wikidata.org/wiki/Q117488177",
    "creation_place": "Naples",
    "creation_lat": 40.8518,
    "creation_lon": 14.2681,
    "_source": {
     "source": "Wikidata",
     "url": "https://www.wikidata.org/wiki/Q117488177",
     "retrieved_at": "2026-08-19"
    },
    "_overrides": {
     "creation": {
      "at": "2026-08-19",
      "source": "derived from start date + Caravaggio's documented itinerary (approximate)"
     }
    },
    "museum_id": "royal-academy-of-fine-arts-of-san-fernando"
   }
  },
  {
   "type": "Feature",
   "geometry": {
    "type": "Point",
    "coordinates": [
     3.88019,
     43.61174
    ]
   },
   "properties": {
    "painter": "Ribera",
    "title": "Saint Paul",
    "year": "1650",
    "city": "Montpellier",
    "country": "France",
    "location": "Musée Fabre",
    "kind": "museum",
    "attribution": "attributed",
    "status": "present",
    "medium": "Oil on canvas",
    "dimensions": "40.5 × 32.5 cm",
    "genre": "portrait",
    "wikidata": "https://www.wikidata.org/wiki/Q117750867",
    "creation_place": "Naples",
    "creation_lat": 40.8518,
    "creation_lon": 14.2681,
    "_source": {
     "source": "Wikidata",
     "url": "https://www.wikidata.org/wiki/Q117750867",
     "retrieved_at": "2026-08-19"
    },
    "_overrides": {
     "creation": {
      "at": "2026-08-19",
      "source": "derived from start date + Caravaggio's documented itinerary (approximate)"
     }
    },
    "museum_id": "musee-fabre"
   }
  },
  {
   "type": "Feature",
   "geometry": {
    "type": "Point",
    "coordinates": [
     19.07678,
     47.51587
    ]
   },
   "properties": {
    "painter": "Ribera",
    "title": "Martyrdom of Saint Andrew",
    "year": "1628",
    "city": "Zugló",
    "country": "Hungary",
    "location": "Museum of Fine Arts, Budapest",
    "kind": "museum",
    "attribution": "generally accepted",
    "status": "present",
    "medium": "Oil on canvas",
    "dimensions": "206.1 × 177.7 cm",
    "genre": "religious art",
    "image": "https://commons.wikimedia.org/wiki/Special:FilePath/JOS%C3%89%20DE%20RIBERA%20-%20Martirio%20de%20San%20Andr%C3%A9s%20%28Museo%20de%20Bellas%20Artes%20de%20Budapest%2C%201628.%20%C3%93leo%20sobre%20lienzo%2C%20209%20x%20183%20cm%29.jpg?width=420",
    "wikipedia_en": "https://en.wikipedia.org/wiki/The_Martyrdom_of_Saint_Andrew_(Ribera)",
    "wikipedia_it": "https://it.wikipedia.org/wiki/Martirio_di_sant%27Andrea_(Ribera)",
    "wikidata": "https://www.wikidata.org/wiki/Q11787907",
    "creation_place": "Naples",
    "creation_lat": 40.8518,
    "creation_lon": 14.2681,
    "_source": {
     "source": "Wikidata",
     "url": "https://www.wikidata.org/wiki/Q11787907",
     "retrieved_at": "2026-08-19"
    },
    "_overrides": {
     "creation": {
      "at": "2026-08-19",
      "source": "derived from start date + Caravaggio's documented itinerary (approximate)"
     }
    },
    "museum_id": "museum-of-fine-arts-budapest-2"
   }
  },
  {
   "type": "Feature",
   "geometry": {
    "type": "Point",
    "coordinates": [
     -1.91528,
     54.54194
    ]
   },
   "properties": {
    "painter": "Ribera",
    "title": "A Levitation of St Francis",
    "city": "Barnard Castle",
    "country": "United Kingdom",
    "location": "Bowes Museum",
    "kind": "museum",
    "attribution": "attributed",
    "status": "present",
    "medium": "Oil on canvas",
    "dimensions": "100 × 81.6 cm",
    "image": "https://commons.wikimedia.org/wiki/Special:FilePath/Jusepe%20de%20Ribera%20%281591-1652%29%20%28after%29%20-%20A%20Levitation%20of%20St%20Francis%20-%20B.M.21%20-%20Bowes%20Museum.jpg?width=420",
    "wikidata": "https://www.wikidata.org/wiki/Q118876934",
    "_source": {
     "source": "Wikidata",
     "url": "https://www.wikidata.org/wiki/Q118876934",
     "retrieved_at": "2026-08-19"
    },
    "museum_id": "bowes-museum"
   }
  },
  {
   "type": "Feature",
   "geometry": {
    "type": "Point",
    "coordinates": [
     -3.17713,
     51.48558
    ]
   },
   "properties": {
    "painter": "Ribera",
    "title": "The Vision of Saint Jerome",
    "year": "1620",
    "city": "Cardiff",
    "country": "Wales",
    "location": "National Museum Cardiff",
    "kind": "museum",
    "attribution": "attributed",
    "status": "present",
    "medium": "Oil on canvas",
    "dimensions": "203.5 × 153.4 cm",
    "image": "https://commons.wikimedia.org/wiki/Special:FilePath/Ribera%20%28follower%20of%29%20-%20The%20Vision%20of%20Saint%20Jerome%2C%20c.1620.jpg?width=420",
    "wikidata": "https://www.wikidata.org/wiki/Q118879259",
    "creation_place": "Naples",
    "creation_lat": 40.8518,
    "creation_lon": 14.2681,
    "_source": {
     "source": "Wikidata",
     "url": "https://www.wikidata.org/wiki/Q118879259",
     "retrieved_at": "2026-08-19"
    },
    "_overrides": {
     "creation": {
      "at": "2026-08-19",
      "source": "derived from start date + Caravaggio's documented itinerary (approximate)"
     }
    },
    "museum_id": "national-museum-cardiff"
   }
  },
  {
   "type": "Feature",
   "geometry": {
    "type": "Point",
    "coordinates": [
     -4.29056,
     55.86861
    ]
   },
   "properties": {
    "painter": "Ribera",
    "title": "Saint Peter Repentant",
    "year": "1628",
    "city": "Glasgow",
    "country": "United Kingdom",
    "location": "Kelvingrove Art Gallery and Museum",
    "kind": "museum",
    "attribution": "attributed",
    "status": "present",
    "medium": "Oil on canvas",
    "dimensions": "124 × 97.8 cm",
    "genre": "religious art",
    "image": "https://commons.wikimedia.org/wiki/Special:FilePath/Ribera%20%28studio%20of%29%20-%20Saint%20Peter%20Repentant%2C%201628%2C%201075.jpg?width=420",
    "wikidata": "https://www.wikidata.org/wiki/Q118885794",
    "creation_place": "Naples",
    "creation_lat": 40.8518,
    "creation_lon": 14.2681,
    "_source": {
     "source": "Wikidata",
     "url": "https://www.wikidata.org/wiki/Q118885794",
     "retrieved_at": "2026-08-19"
    },
    "_overrides": {
     "creation": {
      "at": "2026-08-19",
      "source": "derived from start date + Caravaggio's documented itinerary (approximate)"
     }
    },
    "museum_id": "kelvingrove-art-gallery-and-museum"
   }
  },
  {
   "type": "Feature",
   "geometry": {
    "type": "Point",
    "coordinates": [
     -1.46679,
     53.37971
    ]
   },
   "properties": {
    "painter": "Ribera",
    "title": "Head of an Apostle",
    "year": "1635",
    "city": "Sheffield",
    "country": "United Kingdom",
    "location": "Sheffield Galleries and Museums Trust",
    "kind": "museum",
    "attribution": "attributed",
    "status": "present",
    "medium": "Oil on canvas",
    "dimensions": "42 × 23 cm",
    "image": "https://commons.wikimedia.org/wiki/Special:FilePath/Jusepe%20de%20Ribera%20%281591-1652%29%20%28attributed%20to%29%20-%20Head%20of%20an%20Apostle%20-%20VIS.2293%20-%20Sheffield%20Galleries%20and%20Museums%20Trust.jpg?width=420",
    "wikidata": "https://www.wikidata.org/wiki/Q118886454",
    "creation_place": "Naples",
    "creation_lat": 40.8518,
    "creation_lon": 14.2681,
    "_source": {
     "source": "Wikidata",
     "url": "https://www.wikidata.org/wiki/Q118886454",
     "retrieved_at": "2026-08-19"
    },
    "_overrides": {
     "creation": {
      "at": "2026-08-19",
      "source": "derived from start date + Caravaggio's documented itinerary (approximate)"
     }
    },
    "museum_id": "sheffield-galleries-and-museums-trust"
   }
  },
  {
   "type": "Feature",
   "geometry": {
    "type": "Point",
    "coordinates": [
     -0.33912,
     53.7434
    ]
   },
   "properties": {
    "painter": "Ribera",
    "title": "A Philosopher",
    "year": "1630",
    "city": "Kingston upon Hull",
    "country": "United Kingdom",
    "location": "Ferens Art Gallery",
    "kind": "museum",
    "attribution": "attributed",
    "status": "present",
    "medium": "Oil on canvas",
    "dimensions": "116 × 90 cm",
    "image": "https://commons.wikimedia.org/wiki/Special:FilePath/Ribera%20-%20A%20Philosopher%2C%201630%E2%80%931632.jpg?width=420",
    "wikidata": "https://www.wikidata.org/wiki/Q118887230",
    "creation_place": "Naples",
    "creation_lat": 40.8518,
    "creation_lon": 14.2681,
    "_source": {
     "source": "Wikidata",
     "url": "https://www.wikidata.org/wiki/Q118887230",
     "retrieved_at": "2026-08-19"
    },
    "_overrides": {
     "creation": {
      "at": "2026-08-19",
      "source": "derived from start date + Caravaggio's documented itinerary (approximate)"
     }
    },
    "museum_id": "ferens-art-gallery"
   }
  },
  {
   "type": "Feature",
   "geometry": {
    "type": "Point",
    "coordinates": [
     -0.1517,
     51.5035
    ]
   },
   "properties": {
    "painter": "Ribera",
    "title": "Saint John the Baptist",
    "year": "1650",
    "city": "London",
    "country": "United Kingdom",
    "location": "Apsley House",
    "kind": "museum",
    "attribution": "attributed",
    "status": "present",
    "medium": "Oil on canvas",
    "dimensions": "103 × 76 cm",
    "genre": "religious art",
    "image": "https://commons.wikimedia.org/wiki/Special:FilePath/San%20Juan%20Bautista%20de%20Jos%C3%A9%20Ribera.jpg?width=420",
    "wikidata": "https://www.wikidata.org/wiki/Q118896343",
    "creation_place": "Naples",
    "creation_lat": 40.8518,
    "creation_lon": 14.2681,
    "_source": {
     "source": "Wikidata",
     "url": "https://www.wikidata.org/wiki/Q118896343",
     "retrieved_at": "2026-08-19"
    },
    "_overrides": {
     "creation": {
      "at": "2026-08-19",
      "source": "derived from start date + Caravaggio's documented itinerary (approximate)"
     }
    },
    "museum_id": "apsley-house"
   }
  },
  {
   "type": "Feature",
   "geometry": {
    "type": "Point",
    "coordinates": [
     -2.3586,
     51.3826
    ]
   },
   "properties": {
    "painter": "Ribera",
    "title": "Saint Agnes and the Lamb",
    "year": "1651",
    "city": "Bath",
    "country": "United Kingdom",
    "location": "Victoria Art Gallery",
    "kind": "museum",
    "attribution": "attributed",
    "status": "present",
    "medium": "Oil on canvas",
    "dimensions": "95.3 × 69 cm",
    "image": "https://commons.wikimedia.org/wiki/Special:FilePath/Jusepe%20de%20Ribera%20%281591-1652%29%20%28attributed%20to%29%20-%20Saint%20Agnes%20and%20the%20Lamb%20-%20BATVG%20%2C%20P%20%2C%201919.4%20-%20Victoria%20Art%20Gallery.jpg?width=420",
    "wikidata": "https://www.wikidata.org/wiki/Q118897321",
    "creation_place": "Naples",
    "creation_lat": 40.8518,
    "creation_lon": 14.2681,
    "_source": {
     "source": "Wikidata",
     "url": "https://www.wikidata.org/wiki/Q118897321",
     "retrieved_at": "2026-08-19"
    },
    "_overrides": {
     "creation": {
      "at": "2026-08-19",
      "source": "derived from start date + Caravaggio's documented itinerary (approximate)"
     }
    },
    "museum_id": "victoria-art-gallery"
   }
  },
  {
   "type": "Feature",
   "geometry": {
    "type": "Point",
    "coordinates": [
     -0.472,
     51.2573
    ]
   },
   "properties": {
    "painter": "Ribera",
    "title": "Bust Study for Saint James of Compostella",
    "city": "East Clandon",
    "country": "United Kingdom",
    "location": "Hatchlands Park",
    "kind": "museum",
    "attribution": "attributed",
    "status": "present",
    "medium": "Oil on canvas",
    "dimensions": "59 × 48.5 cm",
    "image": "https://commons.wikimedia.org/wiki/Special:FilePath/Jusepe%20de%20Ribera%20%281591-1652%29%20-%20Bust%20Study%20for%20Saint%20James%20of%20Compostella%20-%201166236%20CC541%20-%20Hatchlands%20Park.jpg?width=420",
    "wikidata": "https://www.wikidata.org/wiki/Q119801258",
    "_source": {
     "source": "Wikidata",
     "url": "https://www.wikidata.org/wiki/Q119801258",
     "retrieved_at": "2026-08-19"
    },
    "museum_id": "hatchlands-park"
   }
  },
  {
   "type": "Feature",
   "geometry": {
    "type": "Point",
    "coordinates": [
     0.90305,
     51.89059
    ]
   },
   "properties": {
    "painter": "Ribera",
    "title": "Man Restringing a Guitar",
    "country": "United Kingdom",
    "location": "Colchester and Ipswich Museums Service",
    "kind": "museum",
    "attribution": "attributed",
    "status": "present",
    "medium": "Oil on canvas",
    "dimensions": "89 × 71 cm",
    "image": "https://commons.wikimedia.org/wiki/Special:FilePath/Jusepe%20de%20Ribera%20%281591-1652%29%20-%20Man%20Restringing%20a%20Guitar%20-%20R.1960-173%20-%20Colchester%20and%20Ipswich%20Museums%20Service.jpg?width=420",
    "wikidata": "https://www.wikidata.org/wiki/Q119801260",
    "_source": {
     "source": "Wikidata",
     "url": "https://www.wikidata.org/wiki/Q119801260",
     "retrieved_at": "2026-08-19"
    },
    "museum_id": "colchester-and-ipswich-museums-service"
   }
  },
  {
   "type": "Feature",
   "geometry": {
    "type": "Point",
    "coordinates": [
     -4.13762,
     50.3745
    ]
   },
   "properties": {
    "painter": "Ribera",
    "title": "Astronomer in His Study",
    "city": "Plymouth",
    "country": "United Kingdom",
    "location": "The Box",
    "kind": "museum",
    "attribution": "attributed",
    "status": "present",
    "medium": "Oil on canvas",
    "dimensions": "180 × 127 cm",
    "image": "https://commons.wikimedia.org/wiki/Special:FilePath/Jusepe%20de%20Ribera%20%281591-1652%29%20%28attributed%20to%29%20-%20Astronomer%20in%20His%20Study%20-%20PLYMG.1937.66%20-%20The%20Box.jpg?width=420",
    "wikidata": "https://www.wikidata.org/wiki/Q119801261",
    "_source": {
     "source": "Wikidata",
     "url": "https://www.wikidata.org/wiki/Q119801261",
     "retrieved_at": "2026-08-19"
    },
    "museum_id": "the-box"
   }
  },
  {
   "type": "Feature",
   "geometry": {
    "type": "Point",
    "coordinates": [
     -4.36626,
     55.81176
    ]
   },
   "properties": {
    "painter": "Ribera",
    "title": "Head of a Male Saint with a Sword in His Hand",
    "city": "Glasgow City",
    "country": "United Kingdom",
    "location": "Glasgow Museums Resource Centre",
    "kind": "museum",
    "attribution": "attributed",
    "status": "present",
    "medium": "Oil on canvas",
    "dimensions": "77.5 × 59.7 cm",
    "wikidata": "https://www.wikidata.org/wiki/Q119801264",
    "_source": {
     "source": "Wikidata",
     "url": "https://www.wikidata.org/wiki/Q119801264",
     "retrieved_at": "2026-08-19"
    },
    "museum_id": "glasgow-museums-resource-centre"
   }
  },
  {
   "type": "Feature",
   "geometry": {
    "type": "Point",
    "coordinates": [
     -1.08639,
     53.96306
    ]
   },
   "properties": {
    "painter": "Ribera",
    "title": "Christ Nailed to the Cross",
    "city": "York",
    "country": "United Kingdom",
    "location": "York Art Gallery",
    "kind": "museum",
    "attribution": "attributed",
    "status": "present",
    "medium": "Oil on canvas",
    "dimensions": "68.5 × 61.5 cm",
    "genre": "religious art",
    "image": "https://commons.wikimedia.org/wiki/Special:FilePath/Jusepe%20de%20Ribera%20%281591-1652%29%20%28copy%20after%29%20-%20Christ%20Nailed%20to%20the%20Cross%20-%20YORAG%20%2C%20790%20-%20York%20Art%20Gallery.jpg?width=420",
    "wikidata": "https://www.wikidata.org/wiki/Q119862764",
    "_source": {
     "source": "Wikidata",
     "url": "https://www.wikidata.org/wiki/Q119862764",
     "retrieved_at": "2026-08-19"
    },
    "museum_id": "york-art-gallery"
   }
  },
  {
   "type": "Feature",
   "geometry": {
    "type": "Point",
    "coordinates": [
     -2.54085,
     49.45897
    ]
   },
   "properties": {
    "painter": "Ribera",
    "title": "Saint Francis of Paola (1416–1507)",
    "city": "Saint Peter Port",
    "country": "Guernsey",
    "location": "Guernsey Museum and Art Gallery",
    "kind": "museum",
    "attribution": "attributed",
    "status": "present",
    "medium": "Oil on canvas",
    "dimensions": "74 × 61 cm",
    "genre": "portrait",
    "image": "https://commons.wikimedia.org/wiki/Special:FilePath/Jusepe%20de%20Ribera%20%281591-1652%29%20%28after%29%20-%20Saint%20Francis%20of%20Paola%20%281416%E2%80%931507%29%20-%20GUELI%20%2C%20GMAG%205895%20-%20Guernsey%20Museum%20and%20Art%20Gallery.jpg?width=420",
    "wikidata": "https://www.wikidata.org/wiki/Q119864289",
    "_source": {
     "source": "Wikidata",
     "url": "https://www.wikidata.org/wiki/Q119864289",
     "retrieved_at": "2026-08-19"
    },
    "museum_id": "guernsey-museum-and-art-gallery"
   }
  },
  {
   "type": "Feature",
   "geometry": {
    "type": "Point",
    "coordinates": [
     -4.3075,
     55.83083
    ]
   },
   "properties": {
    "painter": "Ribera",
    "title": "Christ Disputing with the Doctors",
    "city": "Glasgow",
    "country": "United Kingdom",
    "location": "Burrell Collection",
    "kind": "museum",
    "attribution": "attributed",
    "status": "present",
    "medium": "Oil on canvas",
    "dimensions": "108 × 80 cm",
    "genre": "religious art",
    "image": "https://commons.wikimedia.org/wiki/Special:FilePath/Ribera%20%28studio%20of%29%20-%20Christ%20Disputing%20with%20the%20Doctors%2C%2035.605.jpg?width=420",
    "wikidata": "https://www.wikidata.org/wiki/Q119890256",
    "_source": {
     "source": "Wikidata",
     "url": "https://www.wikidata.org/wiki/Q119890256",
     "retrieved_at": "2026-08-19"
    },
    "museum_id": "burrell-collection"
   }
  },
  {
   "type": "Feature",
   "geometry": {
    "type": "Point",
    "coordinates": [
     -0.13389,
     51.52594
    ]
   },
   "properties": {
    "painter": "Ribera",
    "title": "The Martyrdom of Saint Bartholomew",
    "city": "London Borough of Camden",
    "country": "United Kingdom",
    "location": "Wellcome Collection",
    "kind": "museum",
    "attribution": "attributed",
    "status": "present",
    "medium": "Oil on copper",
    "dimensions": "36.3 × 29.2 cm",
    "image": "https://commons.wikimedia.org/wiki/Special:FilePath/Jusepe%20de%20Ribera%20%281591-1652%29%20%28after%29%20-%20The%20Martyrdom%20of%20Saint%20Bartholomew%20-%2044807i%20-%20Wellcome%20Collection.jpg?width=420",
    "wikidata": "https://www.wikidata.org/wiki/Q119931910",
    "_source": {
     "source": "Wikidata",
     "url": "https://www.wikidata.org/wiki/Q119931910",
     "retrieved_at": "2026-08-19"
    },
    "museum_id": "wellcome-collection"
   }
  },
  {
   "type": "Feature",
   "geometry": {
    "type": "Point",
    "coordinates": [
     1.18122,
     51.08018
    ]
   },
   "properties": {
    "painter": "Ribera",
    "title": "St Francis of Assisi",
    "city": "Folkestone and Hythe",
    "country": "United Kingdom",
    "location": "Folkestone Museum",
    "kind": "museum",
    "attribution": "attributed",
    "status": "present",
    "medium": "Oil on canvas",
    "dimensions": "104 × 83 cm",
    "genre": "religious art",
    "wikidata": "https://www.wikidata.org/wiki/Q119950892",
    "_source": {
     "source": "Wikidata",
     "url": "https://www.wikidata.org/wiki/Q119950892",
     "retrieved_at": "2026-08-19"
    },
    "museum_id": "folkestone-museum"
   }
  },
  {
   "type": "Feature",
   "geometry": {
    "type": "Point",
    "coordinates": [
     -3.4283,
     56.3983
    ]
   },
   "properties": {
    "painter": "Ribera",
    "title": "Saint Andrew",
    "city": "Perth and Kinross",
    "country": "United Kingdom",
    "location": "Perth Art Gallery",
    "kind": "museum",
    "attribution": "attributed",
    "status": "present",
    "medium": "Oil on canvas",
    "dimensions": "129.5 × 101 cm",
    "genre": "religious art",
    "image": "https://commons.wikimedia.org/wiki/Special:FilePath/Jusepe%20de%20Ribera%20%281591-1652%29%20-%20Saint%20Andrew%20-%201-194%20-%20Perth%20Art%20Gallery.jpg?width=420",
    "wikidata": "https://www.wikidata.org/wiki/Q119950894",
    "_source": {
     "source": "Wikidata",
     "url": "https://www.wikidata.org/wiki/Q119950894",
     "retrieved_at": "2026-08-19"
    },
    "museum_id": "perth-art-gallery"
   }
  },
  {
   "type": "Feature",
   "geometry": {
    "type": "Point",
    "coordinates": [
     16.9289,
     52.40865
    ]
   },
   "properties": {
    "painter": "Ribera",
    "title": "St. John the Baptist.",
    "year": "1630",
    "city": "Poznań",
    "country": "Poland",
    "location": "National Museum in Poznań",
    "kind": "museum",
    "attribution": "attributed",
    "status": "present",
    "medium": "Oil on canvas",
    "image": "https://commons.wikimedia.org/wiki/Special:FilePath/Ribera%20St.%20John%20the%20Baptist.jpg?width=420",
    "wikidata": "https://www.wikidata.org/wiki/Q120185384",
    "creation_place": "Naples",
    "creation_lat": 40.8518,
    "creation_lon": 14.2681,
    "_source": {
     "source": "Wikidata",
     "url": "https://www.wikidata.org/wiki/Q120185384",
     "retrieved_at": "2026-08-19"
    },
    "_overrides": {
     "creation": {
      "at": "2026-08-19",
      "source": "derived from start date + Caravaggio's documented itinerary (approximate)"
     }
    },
    "museum_id": "national-museum-in-poznan"
   }
  },
  {
   "type": "Feature",
   "geometry": {
    "type": "Point",
    "coordinates": [
     21.00228,
     52.24215
    ]
   },
   "properties": {
    "painter": "Ribera",
    "title": "A Philosopher.",
    "year": "1630",
    "city": "Śródmieście",
    "country": "Poland",
    "location": "Museum of John Paul II Collection",
    "kind": "museum",
    "attribution": "attributed",
    "status": "present",
    "medium": "Oil on canvas",
    "dimensions": "95 × 71.5 cm",
    "image": "https://commons.wikimedia.org/wiki/Special:FilePath/Ribera%20Philosopher.jpg?width=420",
    "wikidata": "https://www.wikidata.org/wiki/Q120292597",
    "creation_place": "Naples",
    "creation_lat": 40.8518,
    "creation_lon": 14.2681,
    "_source": {
     "source": "Wikidata",
     "url": "https://www.wikidata.org/wiki/Q120292597",
     "retrieved_at": "2026-08-19"
    },
    "_overrides": {
     "creation": {
      "at": "2026-08-19",
      "source": "derived from start date + Caravaggio's documented itinerary (approximate)"
     }
    },
    "museum_id": "museum-of-john-paul-ii-collection"
   }
  },
  {
   "type": "Feature",
   "geometry": {
    "type": "Point",
    "coordinates": [
     16.9289,
     52.40865
    ]
   },
   "properties": {
    "painter": "Ribera",
    "title": "St. Augustine with a boy.",
    "year": "1637",
    "city": "Poznań",
    "country": "Poland",
    "location": "National Museum in Poznań",
    "kind": "museum",
    "attribution": "attributed",
    "status": "present",
    "medium": "Oil on canvas",
    "dimensions": "126 × 102 cm",
    "image": "https://commons.wikimedia.org/wiki/Special:FilePath/Ribera%20St.%20Augustine.jpg?width=420",
    "wikidata": "https://www.wikidata.org/wiki/Q120334108",
    "creation_place": "Naples",
    "creation_lat": 40.8518,
    "creation_lon": 14.2681,
    "_source": {
     "source": "Wikidata",
     "url": "https://www.wikidata.org/wiki/Q120334108",
     "retrieved_at": "2026-08-19"
    },
    "_overrides": {
     "creation": {
      "at": "2026-08-19",
      "source": "derived from start date + Caravaggio's documented itinerary (approximate)"
     }
    },
    "museum_id": "national-museum-in-poznan"
   }
  },
  {
   "type": "Feature",
   "geometry": {
    "type": "Point",
    "coordinates": [
     19.0184,
     50.2507
    ]
   },
   "properties": {
    "painter": "Ribera",
    "title": "Study of an old man's head (head of a monk).",
    "year": "1640",
    "city": "Katowice",
    "country": "Poland",
    "location": "Archdiocesan Museum in Katowice",
    "kind": "museum",
    "attribution": "attributed",
    "status": "present",
    "medium": "Oil on canvas",
    "dimensions": "58 × 47 cm",
    "image": "https://commons.wikimedia.org/wiki/Special:FilePath/Ribera%20Study%20of%20an%20old%20man.jpg?width=420",
    "wikidata": "https://www.wikidata.org/wiki/Q120489449",
    "creation_place": "Naples",
    "creation_lat": 40.8518,
    "creation_lon": 14.2681,
    "_source": {
     "source": "Wikidata",
     "url": "https://www.wikidata.org/wiki/Q120489449",
     "retrieved_at": "2026-08-19"
    },
    "_overrides": {
     "creation": {
      "at": "2026-08-19",
      "source": "derived from start date + Caravaggio's documented itinerary (approximate)"
     }
    },
    "museum_id": "archdiocesan-museum-in-katowice"
   }
  },
  {
   "type": "Feature",
   "geometry": {
    "type": "Point",
    "coordinates": [
     -3.71431,
     40.41795
    ]
   },
   "properties": {
    "painter": "Ribera",
    "title": "Reiterporträt des Juan José de Austria (1629-1679)",
    "year": "1648",
    "city": "Madrid",
    "country": "Spain",
    "location": "Royal Palace of Madrid",
    "kind": "museum",
    "attribution": "attributed",
    "status": "present",
    "medium": "Oil on canvas",
    "image": "https://commons.wikimedia.org/wiki/Special:FilePath/Juanjosedeaustriaribera.jpg?width=420",
    "wikidata": "https://www.wikidata.org/wiki/Q120635958",
    "creation_place": "Naples",
    "creation_lat": 40.8518,
    "creation_lon": 14.2681,
    "_source": {
     "source": "Wikidata",
     "url": "https://www.wikidata.org/wiki/Q120635958",
     "retrieved_at": "2026-08-19"
    },
    "_overrides": {
     "creation": {
      "at": "2026-08-19",
      "source": "derived from start date + Caravaggio's documented itinerary (approximate)"
     }
    },
    "museum_id": "royal-palace-of-madrid"
   }
  },
  {
   "type": "Feature",
   "geometry": {
    "type": "Point",
    "coordinates": [
     5.58037,
     50.64623
    ]
   },
   "properties": {
    "painter": "Ribera",
    "title": "Q120685358",
    "year": "1700",
    "city": "Liège",
    "country": "Belgium",
    "location": "Liege Fine Arts Museum",
    "kind": "museum",
    "attribution": "attributed",
    "status": "present",
    "medium": "Oil on canvas",
    "dimensions": "74 × 98 cm",
    "wikidata": "https://www.wikidata.org/wiki/Q120685358",
    "_source": {
     "source": "Wikidata",
     "url": "https://www.wikidata.org/wiki/Q120685358",
     "retrieved_at": "2026-08-19"
    },
    "museum_id": "liege-fine-arts-museum"
   }
  },
  {
   "type": "Feature",
   "geometry": {
    "type": "Point",
    "coordinates": [
     30.3136,
     59.9406
    ]
   },
   "properties": {
    "painter": "Ribera",
    "title": "Allegory of History",
    "year": "1615",
    "city": "Saint Petersburg",
    "country": "Russia",
    "location": "Hermitage Museum",
    "kind": "museum",
    "attribution": "attributed",
    "status": "present",
    "medium": "Oil on canvas",
    "dimensions": "113 × 81 cm",
    "genre": "allegory",
    "image": "https://commons.wikimedia.org/wiki/Special:FilePath/%D0%90%D0%BB%D0%BB%D0%B5%D0%B3%D0%BE%D1%80%D0%B8%D1%8F%20%D0%98%D1%81%D1%82%D0%BE%D1%80%D0%B8%D0%B8.jpg?width=420",
    "wikidata": "https://www.wikidata.org/wiki/Q12110642",
    "creation_place": "Valencia",
    "creation_lat": 39.4699,
    "creation_lon": -0.3763,
    "_source": {
     "source": "Wikidata",
     "url": "https://www.wikidata.org/wiki/Q12110642",
     "retrieved_at": "2026-08-19"
    },
    "_overrides": {
     "creation": {
      "at": "2026-08-19",
      "source": "derived from start date + Caravaggio's documented itinerary (approximate)"
     }
    },
    "museum_id": "hermitage-museum"
   }
  },
  {
   "type": "Feature",
   "geometry": {
    "type": "Point",
    "coordinates": [
     30.3136,
     59.9406
    ]
   },
   "properties": {
    "painter": "Ribera",
    "title": "St Sebastian Cured by St Irene",
    "year": "1628",
    "city": "Saint Petersburg",
    "country": "Russia",
    "location": "Hermitage Museum",
    "kind": "museum",
    "attribution": "attributed",
    "status": "present",
    "medium": "Oil on canvas",
    "dimensions": "156.5 × 188 cm",
    "genre": "religious art",
    "image": "https://commons.wikimedia.org/wiki/Special:FilePath/Ribera-sebastian%20atendido%20irene.jpg?width=420",
    "wikidata": "https://www.wikidata.org/wiki/Q12150994",
    "creation_place": "Naples",
    "creation_lat": 40.8518,
    "creation_lon": 14.2681,
    "_source": {
     "source": "Wikidata",
     "url": "https://www.wikidata.org/wiki/Q12150994",
     "retrieved_at": "2026-08-19"
    },
    "_overrides": {
     "creation": {
      "at": "2026-08-19",
      "source": "derived from start date + Caravaggio's documented itinerary (approximate)"
     }
    },
    "museum_id": "hermitage-museum"
   }
  },
  {
   "type": "Feature",
   "geometry": {
    "type": "Point",
    "coordinates": [
     -9.16072,
     38.7053
    ]
   },
   "properties": {
    "painter": "Ribera",
    "title": "Q124341842",
    "year": "1626",
    "city": "Estrela",
    "country": "Portugal",
    "location": "National Museum of Ancient Art",
    "kind": "museum",
    "attribution": "attributed",
    "status": "present",
    "genre": "religious art",
    "image": "https://commons.wikimedia.org/wiki/Special:FilePath/O%20Arrependimento%20de%20S%C3%A3o%20Pedro%2C%20Jos%C3%A9%20de%20Ribera%2C%20MNAA%2001.jpg?width=420",
    "wikidata": "https://www.wikidata.org/wiki/Q124341842",
    "creation_place": "Naples",
    "creation_lat": 40.8518,
    "creation_lon": 14.2681,
    "_source": {
     "source": "Wikidata",
     "url": "https://www.wikidata.org/wiki/Q124341842",
     "retrieved_at": "2026-08-19"
    },
    "_overrides": {
     "creation": {
      "at": "2026-08-19",
      "source": "derived from start date + Caravaggio's documented itinerary (approximate)"
     }
    },
    "museum_id": "national-museum-of-ancient-art"
   }
  },
  {
   "type": "Feature",
   "geometry": {
    "type": "Point",
    "coordinates": [
     1.48807,
     48.44874
    ]
   },
   "properties": {
    "painter": "Ribera",
    "title": "Q124435344",
    "year": "1700",
    "city": "Chartres",
    "country": "France",
    "location": "Musée des Beaux-Arts de Chartres",
    "kind": "museum",
    "attribution": "attributed",
    "status": "present",
    "medium": "Oil on canvas",
    "dimensions": "http://www.wikidata.org/.well-known/genid/06a26c598fb30b9d69e27480aacb64a2 × http://www.wikidata.org/.well-known/genid/5b7ad64bf4f9406cc37ee763b7bffab9 cm",
    "genre": "religious art",
    "image": "https://commons.wikimedia.org/wiki/Special:FilePath/Ecole%20italienne%20entourage%20de%20Joseph%20de%20Ribera%20Saint%20Fran%C3%A7ois%20d%27Assise%20en%20pri%C3%A8re%20mus%C3%A9e%20des%20Beaux-Arts%20de%20Chartresachat%201860%20inv.%20944.jpg?width=420",
    "wikidata": "https://www.wikidata.org/wiki/Q124435344",
    "_source": {
     "source": "Wikidata",
     "url": "https://www.wikidata.org/wiki/Q124435344",
     "retrieved_at": "2026-08-19"
    },
    "museum_id": "musee-des-beaux-arts-de-chartres"
   }
  },
  {
   "type": "Feature",
   "geometry": {
    "type": "Point",
    "coordinates": [
     12.46659,
     41.89333
    ]
   },
   "properties": {
    "painter": "Ribera",
    "title": "Venus and Adonis",
    "year": "1637",
    "city": "Rome",
    "country": "Italy",
    "location": "Galleria Nazionale d'Arte Antica di Palazzo Corsini",
    "kind": "museum",
    "attribution": "attributed",
    "status": "present",
    "medium": "Oil on canvas",
    "dimensions": "179 × 262 cm",
    "genre": "mythological painting",
    "image": "https://commons.wikimedia.org/wiki/Special:FilePath/Jos%C3%A9%20de%20Ribera%20-%20Venus%20y%20Adonis%20%281637%29.jpg?width=420",
    "wikidata": "https://www.wikidata.org/wiki/Q124478748",
    "creation_place": "Naples",
    "creation_lat": 40.8518,
    "creation_lon": 14.2681,
    "_source": {
     "source": "Wikidata",
     "url": "https://www.wikidata.org/wiki/Q124478748",
     "retrieved_at": "2026-08-19"
    },
    "_overrides": {
     "creation": {
      "at": "2026-08-19",
      "source": "derived from start date + Caravaggio's documented itinerary (approximate)"
     }
    },
    "museum_id": "galleria-nazionale-d-arte-antica-di-palazzo-corsini"
   }
  },
  {
   "type": "Feature",
   "geometry": {
    "type": "Point",
    "coordinates": [
     -99.14321,
     19.43726
    ]
   },
   "properties": {
    "painter": "Ribera",
    "title": "Allegory of Sight",
    "year": "1615",
    "city": "Cuauhtémoc",
    "country": "Mexico",
    "location": "Franz Mayer Museum",
    "kind": "museum",
    "attribution": "attributed",
    "status": "present",
    "medium": "Oil on canvas",
    "genre": "allegory",
    "image": "https://commons.wikimedia.org/wiki/Special:FilePath/Allegory%20of%20Sight%20Jose%20de%20Ribera.jpg?width=420",
    "wikidata": "https://www.wikidata.org/wiki/Q124866293",
    "creation_place": "Valencia",
    "creation_lat": 39.4699,
    "creation_lon": -0.3763,
    "_source": {
     "source": "Wikidata",
     "url": "https://www.wikidata.org/wiki/Q124866293",
     "retrieved_at": "2026-08-19"
    },
    "_overrides": {
     "creation": {
      "at": "2026-08-19",
      "source": "derived from start date + Caravaggio's documented itinerary (approximate)"
     }
    },
    "museum_id": "franz-mayer-museum"
   }
  },
  {
   "type": "Feature",
   "geometry": {
    "type": "Point",
    "coordinates": [
     -0.371,
     39.479
    ]
   },
   "properties": {
    "painter": "Ribera",
    "title": "San Sebastián atendido por santa Irene y su criada",
    "city": "Valencia",
    "country": "Spain",
    "location": "Museu de Belles Arts de València",
    "kind": "museum",
    "attribution": "attributed",
    "status": "present",
    "wikidata": "https://www.wikidata.org/wiki/Q125330028",
    "_source": {
     "source": "Wikidata",
     "url": "https://www.wikidata.org/wiki/Q125330028",
     "retrieved_at": "2026-08-19"
    },
    "museum_id": "museu-de-belles-arts-de-valencia"
   }
  },
  {
   "type": "Feature",
   "geometry": {
    "type": "Point",
    "coordinates": [
     8.93182,
     44.41154
    ]
   },
   "properties": {
    "painter": "Ribera",
    "title": "Saint Francis receives the Seven Privileges from the Angel",
    "city": "Genoa",
    "country": "Italy",
    "location": "Palazzo Bianco",
    "kind": "museum",
    "attribution": "attributed",
    "status": "present",
    "wikidata": "https://www.wikidata.org/wiki/Q125775011",
    "_source": {
     "source": "Wikidata",
     "url": "https://www.wikidata.org/wiki/Q125775011",
     "retrieved_at": "2026-08-19"
    },
    "museum_id": "palazzo-bianco"
   }
  },
  {
   "type": "Feature",
   "geometry": {
    "type": "Point",
    "coordinates": [
     6.0231,
     47.2402
    ]
   },
   "properties": {
    "painter": "Ribera",
    "title": "Q130646807",
    "city": "Besancon",
    "country": "France",
    "location": "Musée des Beaux-Arts et d'Archéologie de Besançon",
    "kind": "museum",
    "attribution": "attributed",
    "status": "present",
    "medium": "Oil on canvas",
    "dimensions": "118 × 92.8 cm",
    "genre": "portrait",
    "image": "https://commons.wikimedia.org/wiki/Special:FilePath/L%27Architecte%20-%20Jusepe%20de%20Ribera%20-%20MBAB%20896.1.119.jpg?width=420",
    "wikidata": "https://www.wikidata.org/wiki/Q130646807",
    "_source": {
     "source": "Wikidata",
     "url": "https://www.wikidata.org/wiki/Q130646807",
     "retrieved_at": "2026-08-19"
    },
    "museum_id": "musee-des-beaux-arts-et-d-archeologie-de-besancon"
   }
  },
  {
   "type": "Feature",
   "geometry": {
    "type": "Point",
    "coordinates": [
     -75.181,
     39.966
    ]
   },
   "properties": {
    "painter": "Ribera",
    "title": "Saint James the Great",
    "year": "1650",
    "city": "Philadelphia",
    "country": "United States",
    "location": "Philadelphia Museum of Art",
    "kind": "museum",
    "attribution": "attributed",
    "status": "present",
    "genre": "religious art",
    "image": "https://commons.wikimedia.org/wiki/Special:FilePath/Attributed%20to%20Ribera%20-%20Saint%20James%20the%20Great%2C%20Cat.%20811.jpg?width=420",
    "wikidata": "https://www.wikidata.org/wiki/Q130711130",
    "creation_place": "Naples",
    "creation_lat": 40.8518,
    "creation_lon": 14.2681,
    "_source": {
     "source": "Wikidata",
     "url": "https://www.wikidata.org/wiki/Q130711130",
     "retrieved_at": "2026-08-19"
    },
    "_overrides": {
     "creation": {
      "at": "2026-08-19",
      "source": "derived from start date + Caravaggio's documented itinerary (approximate)"
     }
    },
    "museum_id": "philadelphia-museum-of-art"
   }
  },
  {
   "type": "Feature",
   "geometry": {
    "type": "Point",
    "coordinates": [
     7.68618,
     45.07412
    ]
   },
   "properties": {
    "painter": "Ribera",
    "title": "Flagellation of Christ",
    "year": "1616",
    "city": "Turin",
    "country": "Italy",
    "location": "Galleria Sabauda",
    "kind": "museum",
    "attribution": "attributed",
    "status": "present",
    "genre": "religious art",
    "image": "https://commons.wikimedia.org/wiki/Special:FilePath/Attribuito%20a%20Ribera%20-%20Cristo%20flagellato%2C%20ca.%201616%20-%20ca.%201618%2C%2095.png?width=420",
    "wikidata": "https://www.wikidata.org/wiki/Q130724268",
    "creation_place": "Naples",
    "creation_lat": 40.8518,
    "creation_lon": 14.2681,
    "_source": {
     "source": "Wikidata",
     "url": "https://www.wikidata.org/wiki/Q130724268",
     "retrieved_at": "2026-08-19"
    },
    "_overrides": {
     "creation": {
      "at": "2026-08-19",
      "source": "derived from start date + Caravaggio's documented itinerary (approximate)"
     }
    },
    "museum_id": "galleria-sabauda"
   }
  },
  {
   "type": "Feature",
   "geometry": {
    "type": "Point",
    "coordinates": [
     6.95861,
     50.9375
    ]
   },
   "properties": {
    "painter": "Ribera",
    "title": "Saint Paul the Hermit",
    "year": "1647",
    "city": "Altstadt-Nord",
    "country": "Germany",
    "location": "Wallraf-Richartz Museum",
    "kind": "museum",
    "attribution": "attributed",
    "status": "present",
    "medium": "Oil on canvas",
    "dimensions": "130 × 104 cm",
    "genre": "religious art",
    "image": "https://commons.wikimedia.org/wiki/Special:FilePath/Ribera%20-%20Paulus%20Eremita%20St.%20Paulus%2C%20der%20Eremit%2C%201647%2C%20WRM%202553%20%28cropped%29.jpg?width=420",
    "wikidata": "https://www.wikidata.org/wiki/Q131625694",
    "creation_place": "Naples",
    "creation_lat": 40.8518,
    "creation_lon": 14.2681,
    "_source": {
     "source": "Wikidata",
     "url": "https://www.wikidata.org/wiki/Q131625694",
     "retrieved_at": "2026-08-19"
    },
    "_overrides": {
     "creation": {
      "at": "2026-08-19",
      "source": "derived from start date + Caravaggio's documented itinerary (approximate)"
     }
    },
    "museum_id": "wallraf-richartz-museum"
   }
  },
  {
   "type": "Feature",
   "geometry": {
    "type": "Point",
    "coordinates": [
     7.68618,
     45.07412
    ]
   },
   "properties": {
    "painter": "Ribera",
    "title": "St. Jerome",
    "city": "Turin",
    "country": "Italy",
    "location": "Galleria Sabauda",
    "kind": "museum",
    "attribution": "attributed",
    "status": "present",
    "genre": "religious art",
    "image": "https://commons.wikimedia.org/wiki/Special:FilePath/Bottega%20di%20Ribera%20-%20San%20Gerolamo%2C%20post%201640%20-%20ante%201647%2C%20101.png?width=420",
    "wikidata": "https://www.wikidata.org/wiki/Q134521129",
    "_source": {
     "source": "Wikidata",
     "url": "https://www.wikidata.org/wiki/Q134521129",
     "retrieved_at": "2026-08-19"
    },
    "museum_id": "galleria-sabauda"
   }
  },
  {
   "type": "Feature",
   "geometry": {
    "type": "Point",
    "coordinates": [
     -3.70071,
     40.41779
    ]
   },
   "properties": {
    "painter": "Ribera",
    "title": "Cabeza de San Juan Bautista",
    "year": "1644",
    "city": "Madrid",
    "country": "Spain",
    "location": "Royal Academy of Fine Arts of San Fernando",
    "kind": "museum",
    "attribution": "attributed",
    "status": "present",
    "medium": "Oil on canvas",
    "dimensions": "60 × 73 cm",
    "genre": "religious art",
    "image": "https://commons.wikimedia.org/wiki/Special:FilePath/Cabeza%20de%20San%20Juan%20Bautista%2C%20de%20Jos%C3%A9%20de%20Ribera%20%28Real%20Academia%20de%20Bellas%20Artes%20de%20San%20Fernando%29.JPG?width=420",
    "wikidata": "https://www.wikidata.org/wiki/Q135826807",
    "creation_place": "Naples",
    "creation_lat": 40.8518,
    "creation_lon": 14.2681,
    "_source": {
     "source": "Wikidata",
     "url": "https://www.wikidata.org/wiki/Q135826807",
     "retrieved_at": "2026-08-19"
    },
    "_overrides": {
     "creation": {
      "at": "2026-08-19",
      "source": "derived from start date + Caravaggio's documented itinerary (approximate)"
     }
    },
    "museum_id": "royal-academy-of-fine-arts-of-san-fernando"
   }
  },
  {
   "type": "Feature",
   "geometry": {
    "type": "Point",
    "coordinates": [
     -1.4722,
     43.4922
    ]
   },
   "properties": {
    "painter": "Ribera",
    "title": "Q136805759",
    "year": "1638",
    "city": "Bayonne",
    "country": "France",
    "location": "Musée Bonnat-Helleu",
    "kind": "museum",
    "attribution": "attributed",
    "status": "present",
    "medium": "Oil on canvas",
    "dimensions": "103 × 84 cm",
    "genre": "figure painting",
    "image": "https://commons.wikimedia.org/wiki/Special:FilePath/Ribera%20-%20Femme%20d%C3%A9sesp%C3%A9r%C3%A9e%2C%20s%27arrachant%20les%20cheveux%2C%201638.jpg?width=420",
    "wikidata": "https://www.wikidata.org/wiki/Q136805759",
    "creation_place": "Naples",
    "creation_lat": 40.8518,
    "creation_lon": 14.2681,
    "_source": {
     "source": "Wikidata",
     "url": "https://www.wikidata.org/wiki/Q136805759",
     "retrieved_at": "2026-08-19"
    },
    "_overrides": {
     "creation": {
      "at": "2026-08-19",
      "source": "derived from start date + Caravaggio's documented itinerary (approximate)"
     }
    },
    "museum_id": "musee-bonnat-helleu"
   }
  },
  {
   "type": "Feature",
   "geometry": {
    "type": "Point",
    "coordinates": [
     3.57205,
     47.8004
    ]
   },
   "properties": {
    "painter": "Ribera",
    "title": "Q136831233",
    "city": "Auxerre",
    "country": "France",
    "location": "musée Saint-Germain",
    "kind": "museum",
    "attribution": "attributed",
    "status": "present",
    "medium": "Oil on canvas",
    "dimensions": "63.5 × 50.5 cm",
    "image": "https://commons.wikimedia.org/wiki/Special:FilePath/Ribera%20%28attribu%C3%A9%29%20-%20Une%20fileuse%2C%201835.1.10%20%3B%20835.1.10.jpg?width=420",
    "wikidata": "https://www.wikidata.org/wiki/Q136831233",
    "_source": {
     "source": "Wikidata",
     "url": "https://www.wikidata.org/wiki/Q136831233",
     "retrieved_at": "2026-08-19"
    },
    "museum_id": "musee-saint-germain"
   }
  },
  {
   "type": "Feature",
   "geometry": {
    "type": "Point",
    "coordinates": [
     13.40507,
     42.35369
    ]
   },
   "properties": {
    "painter": "Ribera",
    "title": "Magdalene in meditation of the skull",
    "year": "1630",
    "city": "L'Aquila",
    "country": "Italy",
    "location": "National Museum of Abruzzo",
    "kind": "museum",
    "attribution": "generally accepted",
    "status": "present",
    "medium": "Oil on canvas",
    "image": "https://commons.wikimedia.org/wiki/Special:FilePath/Jusepe%20de%20ribera%2C%20maddalena%20in%20meditazione%20del%20teschio%2C%201630%20ca.jpg?width=420",
    "wikipedia_it": "https://it.wikipedia.org/wiki/Maddalena_in_meditazione_del_teschio",
    "wikidata": "https://www.wikidata.org/wiki/Q136838432",
    "creation_place": "Naples",
    "creation_lat": 40.8518,
    "creation_lon": 14.2681,
    "_source": {
     "source": "Wikidata",
     "url": "https://www.wikidata.org/wiki/Q136838432",
     "retrieved_at": "2026-08-19"
    },
    "_overrides": {
     "creation": {
      "at": "2026-08-19",
      "source": "derived from start date + Caravaggio's documented itinerary (approximate)"
     }
    },
    "museum_id": "national-museum-of-abruzzo"
   }
  },
  {
   "type": "Feature",
   "geometry": {
    "type": "Point",
    "coordinates": [
     2.25639,
     50.7497
    ]
   },
   "properties": {
    "painter": "Ribera",
    "title": "Q137274268",
    "year": "1612",
    "city": "Saint-Omer",
    "country": "France",
    "location": "Musée de l'hôtel Sandelin",
    "kind": "museum",
    "attribution": "attributed",
    "status": "present",
    "medium": "Oil on canvas",
    "dimensions": "122 × 171 cm",
    "genre": "genre art",
    "image": "https://commons.wikimedia.org/wiki/Special:FilePath/La%20Dispute%20des%20philosophes%2C%20par%20Jos%C3%A9%20de%20Ribera.jpg?width=420",
    "wikidata": "https://www.wikidata.org/wiki/Q137274268",
    "creation_place": "Valencia",
    "creation_lat": 39.4699,
    "creation_lon": -0.3763,
    "_source": {
     "source": "Wikidata",
     "url": "https://www.wikidata.org/wiki/Q137274268",
     "retrieved_at": "2026-08-19"
    },
    "_overrides": {
     "creation": {
      "at": "2026-08-19",
      "source": "derived from start date + Caravaggio's documented itinerary (approximate)"
     }
    },
    "museum_id": "musee-de-l-hotel-sandelin"
   }
  },
  {
   "type": "Feature",
   "geometry": {
    "type": "Point",
    "coordinates": [
     12.48953,
     41.90278
    ]
   },
   "properties": {
    "painter": "Ribera",
    "title": "Saint Gregory the Great",
    "year": "1614",
    "city": "Rome",
    "country": "Italy",
    "location": "Galleria Nazionale d'Arte Antica",
    "kind": "museum",
    "attribution": "attributed",
    "status": "present",
    "medium": "Oil on canvas",
    "dimensions": "102 × 73 cm",
    "image": "https://commons.wikimedia.org/wiki/Special:FilePath/Carlo%20Saraceni%20-%20St%20Gregory%20the%20Great%20-%20WGA20833.jpg?width=420",
    "wikidata": "https://www.wikidata.org/wiki/Q137462200",
    "creation_place": "Valencia",
    "creation_lat": 39.4699,
    "creation_lon": -0.3763,
    "_source": {
     "source": "Wikidata",
     "url": "https://www.wikidata.org/wiki/Q137462200",
     "retrieved_at": "2026-08-19"
    },
    "_overrides": {
     "creation": {
      "at": "2026-08-19",
      "source": "derived from start date + Caravaggio's documented itinerary (approximate)"
     }
    },
    "museum_id": "galleria-nazionale-d-arte-antica"
   }
  },
  {
   "type": "Feature",
   "geometry": {
    "type": "Point",
    "coordinates": [
     5.39387,
     43.30441
    ]
   },
   "properties": {
    "painter": "Ribera",
    "title": "Q138414477",
    "year": "1601",
    "city": "Marseille",
    "country": "France",
    "location": "Musée des beaux-arts de Marseille",
    "kind": "museum",
    "attribution": "attributed",
    "status": "present",
    "dimensions": "73 × 60 cm",
    "genre": "portrait",
    "wikidata": "https://www.wikidata.org/wiki/Q138414477",
    "creation_place": "Valencia",
    "creation_lat": 39.4699,
    "creation_lon": -0.3763,
    "_source": {
     "source": "Wikidata",
     "url": "https://www.wikidata.org/wiki/Q138414477",
     "retrieved_at": "2026-08-19"
    },
    "_overrides": {
     "creation": {
      "at": "2026-08-19",
      "source": "derived from start date + Caravaggio's documented itinerary (approximate)"
     }
    },
    "museum_id": "musee-des-beaux-arts-de-marseille"
   }
  },
  {
   "type": "Feature",
   "geometry": {
    "type": "Point",
    "coordinates": [
     5.39387,
     43.30441
    ]
   },
   "properties": {
    "painter": "Ribera",
    "title": "Q138416120",
    "year": "1601",
    "city": "Marseille",
    "country": "France",
    "location": "Musée des beaux-arts de Marseille",
    "kind": "museum",
    "attribution": "attributed",
    "status": "present",
    "dimensions": "210 × 145 cm",
    "wikidata": "https://www.wikidata.org/wiki/Q138416120",
    "creation_place": "Valencia",
    "creation_lat": 39.4699,
    "creation_lon": -0.3763,
    "_source": {
     "source": "Wikidata",
     "url": "https://www.wikidata.org/wiki/Q138416120",
     "retrieved_at": "2026-08-19"
    },
    "_overrides": {
     "creation": {
      "at": "2026-08-19",
      "source": "derived from start date + Caravaggio's documented itinerary (approximate)"
     }
    },
    "museum_id": "musee-des-beaux-arts-de-marseille"
   }
  },
  {
   "type": "Feature",
   "geometry": {
    "type": "Point",
    "coordinates": [
     12.49214,
     41.91421
    ]
   },
   "properties": {
    "painter": "Ribera",
    "title": "A Beggar",
    "year": "1610",
    "city": "Rome",
    "country": "Italy",
    "location": "Galleria Borghese",
    "kind": "museum",
    "attribution": "attributed",
    "status": "present",
    "medium": "Oil paint",
    "dimensions": "110 × 78 cm",
    "image": "https://commons.wikimedia.org/wiki/Special:FilePath/Jusepe%20de%20Ribera%2C%20Un%20mendiant%2C%20Galleria%20Borghese%2C%20Rome.jpg?width=420",
    "wikidata": "https://www.wikidata.org/wiki/Q138828326",
    "creation_place": "Valencia",
    "creation_lat": 39.4699,
    "creation_lon": -0.3763,
    "_source": {
     "source": "Wikidata",
     "url": "https://www.wikidata.org/wiki/Q138828326",
     "retrieved_at": "2026-08-19"
    },
    "_overrides": {
     "creation": {
      "at": "2026-08-19",
      "source": "derived from start date + Caravaggio's documented itinerary (approximate)"
     }
    },
    "museum_id": "galleria-borghese"
   }
  },
  {
   "type": "Feature",
   "geometry": {
    "type": "Point",
    "coordinates": [
     1.35167,
     44.01694
    ]
   },
   "properties": {
    "painter": "Ribera",
    "title": "Q138828520",
    "city": "Montauban",
    "country": "France",
    "location": "Musée Ingres Bourdelle",
    "kind": "museum",
    "attribution": "attributed",
    "status": "present",
    "medium": "Oil on canvas",
    "dimensions": "116 × 95 cm",
    "image": "https://commons.wikimedia.org/wiki/Special:FilePath/Mus%C3%A9e%20Ingres-Bourdelle%20-%20Un%20saint%20guerrier%20v1610%20-%20Jos%C3%A9%20de%20Ribera%20-%20Joconde06070000449.jpg?width=420",
    "wikidata": "https://www.wikidata.org/wiki/Q138828520",
    "_source": {
     "source": "Wikidata",
     "url": "https://www.wikidata.org/wiki/Q138828520",
     "retrieved_at": "2026-08-19"
    },
    "museum_id": "musee-ingres-bourdelle"
   }
  },
  {
   "type": "Feature",
   "geometry": {
    "type": "Point",
    "coordinates": [
     11.27775,
     43.75954
    ]
   },
   "properties": {
    "painter": "Ribera",
    "title": "Q138828606",
    "year": "1612",
    "city": "Florence",
    "country": "Italy",
    "location": "Fondazione Roberto Longhi",
    "kind": "museum",
    "attribution": "attributed",
    "status": "present",
    "medium": "Oil paint",
    "image": "https://commons.wikimedia.org/wiki/Special:FilePath/Jusepe%20Ribera%2C%20San%20Tommaso.jpg?width=420",
    "wikidata": "https://www.wikidata.org/wiki/Q138828606",
    "creation_place": "Valencia",
    "creation_lat": 39.4699,
    "creation_lon": -0.3763,
    "_source": {
     "source": "Wikidata",
     "url": "https://www.wikidata.org/wiki/Q138828606",
     "retrieved_at": "2026-08-19"
    },
    "_overrides": {
     "creation": {
      "at": "2026-08-19",
      "source": "derived from start date + Caravaggio's documented itinerary (approximate)"
     }
    },
    "museum_id": "fondazione-roberto-longhi"
   }
  },
  {
   "type": "Feature",
   "geometry": {
    "type": "Point",
    "coordinates": [
     11.27775,
     43.75954
    ]
   },
   "properties": {
    "painter": "Ribera",
    "title": "Saint Bartholomew",
    "year": "1612",
    "city": "Florence",
    "country": "Italy",
    "location": "Fondazione Roberto Longhi",
    "kind": "museum",
    "attribution": "attributed",
    "status": "present",
    "medium": "Oil on canvas",
    "dimensions": "126 × 97 cm",
    "genre": "religious art",
    "image": "https://commons.wikimedia.org/wiki/Special:FilePath/Jusepe%20Ribera%2C%20San%20Bartolomeo%20%281613%29.%20Collection%20of%20the%20Fondazione%20Roberto%20Longhi%2C%20Florence.jpg?width=420",
    "wikidata": "https://www.wikidata.org/wiki/Q138835852",
    "creation_place": "Valencia",
    "creation_lat": 39.4699,
    "creation_lon": -0.3763,
    "_source": {
     "source": "Wikidata",
     "url": "https://www.wikidata.org/wiki/Q138835852",
     "retrieved_at": "2026-08-19"
    },
    "_overrides": {
     "creation": {
      "at": "2026-08-19",
      "source": "derived from start date + Caravaggio's documented itinerary (approximate)"
     }
    },
    "museum_id": "fondazione-roberto-longhi"
   }
  },
  {
   "type": "Feature",
   "geometry": {
    "type": "Point",
    "coordinates": [
     12.49214,
     41.91421
    ]
   },
   "properties": {
    "painter": "Ribera",
    "title": "Solomon's Judgement",
    "year": "1609",
    "city": "Rome",
    "country": "Italy",
    "location": "Galleria Borghese",
    "kind": "museum",
    "attribution": "attributed",
    "status": "present",
    "medium": "Oil on canvas",
    "dimensions": "153 × 201 cm",
    "genre": "religious art",
    "image": "https://commons.wikimedia.org/wiki/Special:FilePath/Juicio%20de%20Salom%C3%B3n.jpg?width=420",
    "wikidata": "https://www.wikidata.org/wiki/Q138836770",
    "creation_place": "Valencia",
    "creation_lat": 39.4699,
    "creation_lon": -0.3763,
    "_source": {
     "source": "Wikidata",
     "url": "https://www.wikidata.org/wiki/Q138836770",
     "retrieved_at": "2026-08-19"
    },
    "_overrides": {
     "creation": {
      "at": "2026-08-19",
      "source": "derived from start date + Caravaggio's documented itinerary (approximate)"
     }
    },
    "museum_id": "galleria-borghese"
   }
  },
  {
   "type": "Feature",
   "geometry": {
    "type": "Point",
    "coordinates": [
     -0.371,
     39.479
    ]
   },
   "properties": {
    "painter": "Ribera",
    "title": "Heraclitus",
    "year": "1630",
    "city": "Valencia",
    "country": "Spain",
    "location": "Museu de Belles Arts de València",
    "kind": "museum",
    "attribution": "attributed",
    "status": "present",
    "medium": "Oil on canvas",
    "dimensions": "118.5 × 93.4 cm",
    "image": "https://commons.wikimedia.org/wiki/Special:FilePath/Ribera-heraclito-valencia.jpg?width=420",
    "wikidata": "https://www.wikidata.org/wiki/Q138840251",
    "creation_place": "Naples",
    "creation_lat": 40.8518,
    "creation_lon": 14.2681,
    "_source": {
     "source": "Wikidata",
     "url": "https://www.wikidata.org/wiki/Q138840251",
     "retrieved_at": "2026-08-19"
    },
    "_overrides": {
     "creation": {
      "at": "2026-08-19",
      "source": "derived from start date + Caravaggio's documented itinerary (approximate)"
     }
    },
    "museum_id": "museu-de-belles-arts-de-valencia"
   }
  },
  {
   "type": "Feature",
   "geometry": {
    "type": "Point",
    "coordinates": [
     -0.371,
     39.479
    ]
   },
   "properties": {
    "painter": "Ribera",
    "title": "Pythagoras",
    "year": "1630",
    "city": "Valencia",
    "country": "Spain",
    "location": "Museu de Belles Arts de València",
    "kind": "museum",
    "attribution": "attributed",
    "status": "present",
    "medium": "Oil on canvas",
    "dimensions": "118.6 × 93.5 cm",
    "image": "https://commons.wikimedia.org/wiki/Special:FilePath/Ribera-Pit%C3%A1goras-MBAV.jpg?width=420",
    "wikidata": "https://www.wikidata.org/wiki/Q138840267",
    "creation_place": "Naples",
    "creation_lat": 40.8518,
    "creation_lon": 14.2681,
    "_source": {
     "source": "Wikidata",
     "url": "https://www.wikidata.org/wiki/Q138840267",
     "retrieved_at": "2026-08-19"
    },
    "_overrides": {
     "creation": {
      "at": "2026-08-19",
      "source": "derived from start date + Caravaggio's documented itinerary (approximate)"
     }
    },
    "museum_id": "museu-de-belles-arts-de-valencia"
   }
  },
  {
   "type": "Feature",
   "geometry": {
    "type": "Point",
    "coordinates": [
     -66.61694,
     18.00389
    ]
   },
   "properties": {
    "painter": "Ribera",
    "title": "Saint Paul",
    "year": "1630",
    "city": "Ponce",
    "country": "Puerto Rico",
    "location": "Museo de Arte de Ponce",
    "kind": "museum",
    "attribution": "attributed",
    "status": "present",
    "medium": "Oil paint",
    "genre": "religious art",
    "image": "https://commons.wikimedia.org/wiki/Special:FilePath/Jos%C3%A9%20de%20Ribera%20-%20San%20Pablo.jpg?width=420",
    "wikidata": "https://www.wikidata.org/wiki/Q140030277",
    "creation_place": "Naples",
    "creation_lat": 40.8518,
    "creation_lon": 14.2681,
    "_source": {
     "source": "Wikidata",
     "url": "https://www.wikidata.org/wiki/Q140030277",
     "retrieved_at": "2026-08-19"
    },
    "_overrides": {
     "creation": {
      "at": "2026-08-19",
      "source": "derived from start date + Caravaggio's documented itinerary (approximate)"
     }
    },
    "museum_id": "museo-de-arte-de-ponce"
   }
  },
  {
   "type": "Feature",
   "geometry": {
    "type": "Point",
    "coordinates": [
     -66.61694,
     18.00389
    ]
   },
   "properties": {
    "painter": "Ribera",
    "title": "Saint Jerome Writing",
    "year": "1648",
    "city": "Ponce",
    "country": "Puerto Rico",
    "location": "Museo de Arte de Ponce",
    "kind": "museum",
    "attribution": "attributed",
    "status": "present",
    "medium": "Oil paint",
    "genre": "religious art",
    "wikidata": "https://www.wikidata.org/wiki/Q140043847",
    "creation_place": "Naples",
    "creation_lat": 40.8518,
    "creation_lon": 14.2681,
    "_source": {
     "source": "Wikidata",
     "url": "https://www.wikidata.org/wiki/Q140043847",
     "retrieved_at": "2026-08-19"
    },
    "_overrides": {
     "creation": {
      "at": "2026-08-19",
      "source": "derived from start date + Caravaggio's documented itinerary (approximate)"
     }
    },
    "museum_id": "museo-de-arte-de-ponce"
   }
  },
  {
   "type": "Feature",
   "geometry": {
    "type": "Point",
    "coordinates": [
     -79.39278,
     43.65361
    ]
   },
   "properties": {
    "painter": "Ribera",
    "title": "Q140435662",
    "city": "Toronto",
    "country": "Canada",
    "location": "Art Gallery of Ontario",
    "kind": "museum",
    "attribution": "attributed",
    "status": "present",
    "wikidata": "https://www.wikidata.org/wiki/Q140435662",
    "_source": {
     "source": "Wikidata",
     "url": "https://www.wikidata.org/wiki/Q140435662",
     "retrieved_at": "2026-08-19"
    },
    "museum_id": "art-gallery-of-ontario"
   }
  },
  {
   "type": "Feature",
   "geometry": {
    "type": "Point",
    "coordinates": [
     -5.666867,
     40.964694
    ]
   },
   "properties": {
    "painter": "Ribera",
    "title": "Main altarpiece of the church of La Purísima, Salamanca",
    "year": "1635",
    "city": "Salamanca",
    "country": "Spain",
    "location": "Iglesia de las Agustinas Recoletas",
    "kind": "church",
    "attribution": "attributed",
    "status": "present",
    "medium": "Oil on canvas",
    "dimensions": "502 × 329 cm",
    "genre": "religious art",
    "image": "https://commons.wikimedia.org/wiki/Special:FilePath/DSC00124%20-%20Salamanca%20-%20Convento%20de%20las%20Agustinas%20e%20Iglesia%20de%20la%20Purisima.jpg?width=420",
    "wikidata": "https://www.wikidata.org/wiki/Q140473969",
    "creation_place": "Naples",
    "creation_lat": 40.8518,
    "creation_lon": 14.2681,
    "_source": {
     "source": "Wikidata",
     "url": "https://www.wikidata.org/wiki/Q140473969",
     "retrieved_at": "2026-08-19"
    },
    "_overrides": {
     "creation": {
      "at": "2026-08-19",
      "source": "derived from start date + Caravaggio's documented itinerary (approximate)"
     }
    },
    "museum_id": "iglesia-de-las-agustinas-recoletas"
   }
  },
  {
   "type": "Feature",
   "geometry": {
    "type": "Point",
    "coordinates": [
     -3.6922,
     40.4139
    ]
   },
   "properties": {
    "painter": "Ribera",
    "title": "Isaac and Jacob",
    "year": "1637",
    "city": "Madrid",
    "country": "Spain",
    "location": "Museo del Prado",
    "kind": "museum",
    "attribution": "generally accepted",
    "status": "present",
    "medium": "Oil on canvas",
    "dimensions": "110 × 291.5 cm",
    "genre": "religious art",
    "image": "https://commons.wikimedia.org/wiki/Special:FilePath/Ribera%20-%20Isaac%20y%20Jacob%2C%20P001118.jpg?width=420",
    "wikipedia_es": "https://es.wikipedia.org/wiki/Isaac_y_Jacob_(Ribera)",
    "wikipedia_en": "https://en.wikipedia.org/wiki/Isaac_and_Jacob",
    "wikidata": "https://www.wikidata.org/wiki/Q15906986",
    "creation_place": "Naples",
    "creation_lat": 40.8518,
    "creation_lon": 14.2681,
    "_source": {
     "source": "Wikidata",
     "url": "https://www.wikidata.org/wiki/Q15906986",
     "retrieved_at": "2026-08-19"
    },
    "_overrides": {
     "creation": {
      "at": "2026-08-19",
      "source": "derived from start date + Caravaggio's documented itinerary (approximate)"
     }
    },
    "museum_id": "museo-del-prado"
   }
  },
  {
   "type": "Feature",
   "geometry": {
    "type": "Point",
    "coordinates": [
     3.88019,
     43.61174
    ]
   },
   "properties": {
    "painter": "Ribera",
    "title": "Saint Mary of Egypt",
    "year": "1641",
    "city": "Montpellier",
    "country": "France",
    "location": "Musée Fabre",
    "kind": "museum",
    "attribution": "generally accepted",
    "status": "present",
    "medium": "Oil on canvas",
    "dimensions": "132 × 108 cm",
    "genre": "religious art",
    "image": "https://commons.wikimedia.org/wiki/Special:FilePath/Ribera-marie-%C3%A9gyptienne-mus%C3%A9e-Fabre.jpg?width=420",
    "wikipedia_es": "https://es.wikipedia.org/wiki/Santa_Mar%C3%ADa_Egipc%C3%ADaca_(Ribera,_Montpellier)",
    "wikipedia_en": "https://en.wikipedia.org/wiki/Saint_Mary_of_Egypt_(Ribera)",
    "wikipedia_it": "https://it.wikipedia.org/wiki/Santa_Maria_Egiziaca_(Ribera_Montpellier)",
    "wikidata": "https://www.wikidata.org/wiki/Q15917669",
    "creation_place": "Naples",
    "creation_lat": 40.8518,
    "creation_lon": 14.2681,
    "_source": {
     "source": "Wikidata",
     "url": "https://www.wikidata.org/wiki/Q15917669",
     "retrieved_at": "2026-08-19"
    },
    "_overrides": {
     "creation": {
      "at": "2026-08-19",
      "source": "derived from start date + Caravaggio's documented itinerary (approximate)"
     }
    },
    "museum_id": "musee-fabre"
   }
  },
  {
   "type": "Feature",
   "geometry": {
    "type": "Point",
    "coordinates": [
     -3.6922,
     40.4139
    ]
   },
   "properties": {
    "painter": "Ribera",
    "title": "Ixion",
    "year": "1632",
    "city": "Madrid",
    "country": "Spain",
    "location": "Museo del Prado",
    "kind": "museum",
    "attribution": "generally accepted",
    "status": "present",
    "medium": "Oil on canvas",
    "dimensions": "220 × 301 cm",
    "genre": "mythological painting",
    "image": "https://commons.wikimedia.org/wiki/Special:FilePath/Ixion%20by%20Jusepe%20de%20Ribera%20%281632%29.jpg?width=420",
    "wikipedia_es": "https://es.wikipedia.org/wiki/Ixi%C3%B3n_(Ribera)",
    "wikipedia_en": "https://en.wikipedia.org/wiki/Ixion_(Ribera)",
    "wikidata": "https://www.wikidata.org/wiki/Q16070027",
    "creation_place": "Naples",
    "creation_lat": 40.8518,
    "creation_lon": 14.2681,
    "_source": {
     "source": "Wikidata",
     "url": "https://www.wikidata.org/wiki/Q16070027",
     "retrieved_at": "2026-08-19"
    },
    "_overrides": {
     "creation": {
      "at": "2026-08-19",
      "source": "derived from start date + Caravaggio's documented itinerary (approximate)"
     }
    },
    "museum_id": "museo-del-prado"
   }
  },
  {
   "type": "Feature",
   "geometry": {
    "type": "Point",
    "coordinates": [
     14.48088,
     40.69472
    ]
   },
   "properties": {
    "painter": "Ribera",
    "title": "Deposition of Christ",
    "city": "Castellammare di Stabia",
    "country": "Italy",
    "location": "Co-Cathedral of Saint Mary of the Assumption and Saint Catellus of Castellamare",
    "kind": "church",
    "attribution": "generally accepted",
    "status": "present",
    "genre": "religious art",
    "image": "https://commons.wikimedia.org/wiki/Special:FilePath/Jusepe%20de%20ribera%20e%20bottega%2C%20compianto%20sul%20cristo%20deposto%2C%201616-20%20ca.%2001.jpg?width=420",
    "wikipedia_en": "https://en.wikipedia.org/wiki/Deposition_of_Christ_(Ribera)",
    "wikipedia_it": "https://it.wikipedia.org/wiki/Deposizione_di_Cristo_(Ribera)",
    "wikidata": "https://www.wikidata.org/wiki/Q17266109",
    "_source": {
     "source": "Wikidata",
     "url": "https://www.wikidata.org/wiki/Q17266109",
     "retrieved_at": "2026-08-19"
    },
    "museum_id": "co-cathedral-of-saint-mary-of-the-assumption-and-saint-catel"
   }
  },
  {
   "type": "Feature",
   "geometry": {
    "type": "Point",
    "coordinates": [
     14.48088,
     40.69472
    ]
   },
   "properties": {
    "painter": "Ribera",
    "title": "Adoration of the shepherds",
    "year": "1650",
    "city": "Castellammare di Stabia",
    "country": "Italy",
    "location": "Co-Cathedral of Saint Mary of the Assumption and Saint Catellus of Castellamare",
    "kind": "church",
    "attribution": "generally accepted",
    "status": "present",
    "medium": "Oil on canvas",
    "genre": "religious art",
    "image": "https://commons.wikimedia.org/wiki/Special:FilePath/Jusepe%20de%20Ribera%20%28bottega%29%2C%20adorazione%20dei%20pastori%20di%20castellammare%20di%20stabia%2C%201650%20ca.%2001.jpg?width=420",
    "wikipedia_es": "https://es.wikipedia.org/wiki/Adoraci%C3%B3n_de_los_pastores_(Ribera,_Castellammare_di_Stabia)",
    "wikipedia_en": "https://en.wikipedia.org/wiki/Adoration_of_the_Shepherds_(Ribera,_Castellammare_di_Stabia)",
    "wikipedia_it": "https://it.wikipedia.org/wiki/Adorazione_dei_pastori_(Ribera_Castellammare_di_Stabia)",
    "wikidata": "https://www.wikidata.org/wiki/Q17620085",
    "creation_place": "Naples",
    "creation_lat": 40.8518,
    "creation_lon": 14.2681,
    "_source": {
     "source": "Wikidata",
     "url": "https://www.wikidata.org/wiki/Q17620085",
     "retrieved_at": "2026-08-19"
    },
    "_overrides": {
     "creation": {
      "at": "2026-08-19",
      "source": "derived from start date + Caravaggio's documented itinerary (approximate)"
     }
    },
    "museum_id": "co-cathedral-of-saint-mary-of-the-assumption-and-saint-catel"
   }
  },
  {
   "type": "Feature",
   "geometry": {
    "type": "Point",
    "coordinates": [
     14.25053,
     40.86701
    ]
   },
   "properties": {
    "painter": "Ribera",
    "title": "Drunken Silenus",
    "year": "1626",
    "city": "Naples",
    "country": "Italy",
    "location": "Museo di Capodimonte",
    "kind": "museum",
    "attribution": "generally accepted",
    "status": "present",
    "medium": "Oil on canvas",
    "dimensions": "185 × 229 cm",
    "image": "https://commons.wikimedia.org/wiki/Special:FilePath/Sileno%20ebrio%2C%20por%20Jos%C3%A9%20de%20Ribera.jpg?width=420",
    "wikipedia_es": "https://es.wikipedia.org/wiki/Sileno_ebrio",
    "wikipedia_en": "https://en.wikipedia.org/wiki/Drunken_Silenus_(Ribera)",
    "wikipedia_it": "https://it.wikipedia.org/wiki/Sileno_ebbro_(Ribera)",
    "wikidata": "https://www.wikidata.org/wiki/Q17652393",
    "creation_place": "Naples",
    "creation_lat": 40.8518,
    "creation_lon": 14.2681,
    "_source": {
     "source": "Wikidata",
     "url": "https://www.wikidata.org/wiki/Q17652393",
     "retrieved_at": "2026-08-19"
    },
    "_overrides": {
     "creation": {
      "at": "2026-08-19",
      "source": "derived from start date + Caravaggio's documented itinerary (approximate)"
     }
    },
    "museum_id": "museo-di-capodimonte"
   }
  },
  {
   "type": "Feature",
   "geometry": {
    "type": "Point",
    "coordinates": [
     6.18234,
     48.69346
    ]
   },
   "properties": {
    "painter": "Ribera",
    "title": "Baptism of Christ",
    "year": "1643",
    "city": "Nancy",
    "country": "France",
    "location": "Museum of Fine Arts of Nancy",
    "kind": "museum",
    "attribution": "generally accepted",
    "status": "present",
    "medium": "Oil on canvas",
    "dimensions": "235 × 160 cm",
    "genre": "religious art",
    "image": "https://commons.wikimedia.org/wiki/Special:FilePath/Jos%C3%A9%20de%20Ribera%20063.jpg?width=420",
    "wikipedia_en": "https://en.wikipedia.org/wiki/Baptism_of_Christ_(Ribera)",
    "wikidata": "https://www.wikidata.org/wiki/Q18043247",
    "creation_place": "Naples",
    "creation_lat": 40.8518,
    "creation_lon": 14.2681,
    "_source": {
     "source": "Wikidata",
     "url": "https://www.wikidata.org/wiki/Q18043247",
     "retrieved_at": "2026-08-19"
    },
    "_overrides": {
     "creation": {
      "at": "2026-08-19",
      "source": "derived from start date + Caravaggio's documented itinerary (approximate)"
     }
    },
    "museum_id": "museum-of-fine-arts-of-nancy"
   }
  },
  {
   "type": "Feature",
   "geometry": {
    "type": "Point",
    "coordinates": [
     -3.6922,
     40.4139
    ]
   },
   "properties": {
    "painter": "Ribera",
    "title": "Democritus",
    "year": "1630",
    "city": "Madrid",
    "country": "Spain",
    "location": "Museo del Prado",
    "kind": "museum",
    "attribution": "generally accepted",
    "status": "present",
    "medium": "Oil on canvas",
    "dimensions": "125 × 81 cm",
    "genre": "portrait",
    "image": "https://commons.wikimedia.org/wiki/Special:FilePath/%28Toulouse%29%20D%C3%A9mocrite%20%281630%29%20-%20Jusepe%20de%20Ribera%20-%20Madrid%2C%20Museo%20Nacional%20del%20Prado.jpg?width=420",
    "wikipedia_es": "https://es.wikipedia.org/wiki/Arqu%C3%ADmedes_(Ribera)",
    "wikipedia_en": "https://en.wikipedia.org/wiki/Democritus_(Ribera)",
    "wikipedia_it": "https://it.wikipedia.org/wiki/Democrito_(Ribera)",
    "wikidata": "https://www.wikidata.org/wiki/Q18170716",
    "creation_place": "Naples",
    "creation_lat": 40.8518,
    "creation_lon": 14.2681,
    "_source": {
     "source": "Wikidata",
     "url": "https://www.wikidata.org/wiki/Q18170716",
     "retrieved_at": "2026-08-19"
    },
    "_overrides": {
     "creation": {
      "at": "2026-08-19",
      "source": "derived from start date + Caravaggio's documented itinerary (approximate)"
     }
    },
    "museum_id": "museo-del-prado"
   }
  },
  {
   "type": "Feature",
   "geometry": {
    "type": "Point",
    "coordinates": [
     -99.2046,
     19.4407
    ]
   },
   "properties": {
    "painter": "Ribera",
    "title": "The Penitent St. Peter",
    "year": "1635",
    "city": "Mexico City",
    "country": "Mexico",
    "location": "Museo Soumaya",
    "kind": "museum",
    "attribution": "generally accepted",
    "status": "present",
    "medium": "Oil on canvas",
    "genre": "religious art",
    "image": "https://commons.wikimedia.org/wiki/Special:FilePath/%27Saint%20Peter%20Penitent%27%20%281630s%29%20by%20Jose%20de%20Ribera%20%28Il%20Espa%C3%B1oleto%29%20-%20Museo%20Soumaya%20-%20Mexico%202024.jpg?width=420",
    "wikipedia_es": "https://es.wikipedia.org/wiki/San_Pedro_en_penitencia_(Jos%C3%A9_de_Ribera)",
    "wikipedia_en": "https://en.wikipedia.org/wiki/Saint_Peter_in_Penitence_(Ribera)",
    "wikipedia_it": "https://it.wikipedia.org/wiki/San_Pietro_penitente_(Ribera_Citt%C3%A0_del_Messico)",
    "wikidata": "https://www.wikidata.org/wiki/Q18203233",
    "creation_place": "Naples",
    "creation_lat": 40.8518,
    "creation_lon": 14.2681,
    "_source": {
     "source": "Wikidata",
     "url": "https://www.wikidata.org/wiki/Q18203233",
     "retrieved_at": "2026-08-19"
    },
    "_overrides": {
     "creation": {
      "at": "2026-08-19",
      "source": "derived from start date + Caravaggio's documented itinerary (approximate)"
     }
    },
    "museum_id": "museo-soumaya"
   }
  },
  {
   "type": "Feature",
   "geometry": {
    "type": "Point",
    "coordinates": [
     -3.6922,
     40.4139
    ]
   },
   "properties": {
    "painter": "Ribera",
    "title": "The Blind Sculptor",
    "year": "1632",
    "city": "Madrid",
    "country": "Spain",
    "location": "Museo del Prado",
    "kind": "museum",
    "attribution": "generally accepted",
    "status": "present",
    "medium": "Oil on canvas",
    "dimensions": "125 × 98 cm",
    "genre": "allegory",
    "image": "https://commons.wikimedia.org/wiki/Special:FilePath/Ribera-escultor%20ciego.jpg?width=420",
    "wikipedia_es": "https://es.wikipedia.org/wiki/El_escultor_ciego",
    "wikipedia_en": "https://en.wikipedia.org/wiki/The_Blind_Sculptor",
    "wikipedia_it": "https://it.wikipedia.org/wiki/Allegoria_del_tatto",
    "wikidata": "https://www.wikidata.org/wiki/Q18222990",
    "creation_place": "Naples",
    "creation_lat": 40.8518,
    "creation_lon": 14.2681,
    "_source": {
     "source": "Wikidata",
     "url": "https://www.wikidata.org/wiki/Q18222990",
     "retrieved_at": "2026-08-19"
    },
    "_overrides": {
     "creation": {
      "at": "2026-08-19",
      "source": "derived from start date + Caravaggio's documented itinerary (approximate)"
     }
    },
    "museum_id": "museo-del-prado"
   }
  },
  {
   "type": "Feature",
   "geometry": {
    "type": "Point",
    "coordinates": [
     -3.6922,
     40.4139
    ]
   },
   "properties": {
    "painter": "Ribera",
    "title": "Tityos",
    "year": "1632",
    "city": "Madrid",
    "country": "Spain",
    "location": "Museo del Prado",
    "kind": "museum",
    "attribution": "generally accepted",
    "status": "present",
    "medium": "Oil on canvas",
    "dimensions": "227 × 301 cm",
    "genre": "mythological painting",
    "image": "https://commons.wikimedia.org/wiki/Special:FilePath/Ribera-ticio.jpg?width=420",
    "wikipedia_es": "https://es.wikipedia.org/wiki/Ticio_(Ribera)",
    "wikipedia_en": "https://en.wikipedia.org/wiki/Tityos_(Ribera)",
    "wikidata": "https://www.wikidata.org/wiki/Q18225106",
    "creation_place": "Naples",
    "creation_lat": 40.8518,
    "creation_lon": 14.2681,
    "_source": {
     "source": "Wikidata",
     "url": "https://www.wikidata.org/wiki/Q18225106",
     "retrieved_at": "2026-08-19"
    },
    "_overrides": {
     "creation": {
      "at": "2026-08-19",
      "source": "derived from start date + Caravaggio's documented itinerary (approximate)"
     }
    },
    "museum_id": "museo-del-prado"
   }
  },
  {
   "type": "Feature",
   "geometry": {
    "type": "Point",
    "coordinates": [
     -86.81007,
     33.52222
    ]
   },
   "properties": {
    "painter": "Ribera",
    "title": "Saint Bartholomew",
    "year": "1630",
    "city": "Birmingham",
    "country": "United States",
    "location": "Birmingham Museum of Art",
    "kind": "museum",
    "attribution": "attributed",
    "status": "present",
    "medium": "Oil on canvas",
    "dimensions": "28.5 × 23.1 cm",
    "genre": "religious art",
    "image": "https://commons.wikimedia.org/wiki/Special:FilePath/Ribera%20-%20Saint%20Bartholomew%2C%20about%201630.jpg?width=420",
    "wikidata": "https://www.wikidata.org/wiki/Q18573460",
    "creation_place": "Naples",
    "creation_lat": 40.8518,
    "creation_lon": 14.2681,
    "_source": {
     "source": "Wikidata",
     "url": "https://www.wikidata.org/wiki/Q18573460",
     "retrieved_at": "2026-08-19"
    },
    "_overrides": {
     "creation": {
      "at": "2026-08-19",
      "source": "derived from start date + Caravaggio's documented itinerary (approximate)"
     }
    },
    "museum_id": "birmingham-museum-of-art"
   }
  },
  {
   "type": "Feature",
   "geometry": {
    "type": "Point",
    "coordinates": [
     -76.6165,
     39.29642
    ]
   },
   "properties": {
    "painter": "Ribera",
    "title": "Saint Paul the Hermit",
    "year": "1638",
    "city": "Baltimore",
    "country": "United States",
    "location": "Walters Art Museum",
    "kind": "museum",
    "attribution": "attributed",
    "status": "present",
    "medium": "Oil on canvas",
    "dimensions": "132.7 × 106.7 cm",
    "genre": "religious art",
    "image": "https://commons.wikimedia.org/wiki/Special:FilePath/Jusepe%20de%20Ribera%20-%20Saint%20Paul%20the%20Hermit%20-%20Walters%2037278.jpg?width=420",
    "wikidata": "https://www.wikidata.org/wiki/Q18749022",
    "creation_place": "Naples",
    "creation_lat": 40.8518,
    "creation_lon": 14.2681,
    "_source": {
     "source": "Wikidata",
     "url": "https://www.wikidata.org/wiki/Q18749022",
     "retrieved_at": "2026-08-19"
    },
    "_overrides": {
     "creation": {
      "at": "2026-08-19",
      "source": "derived from start date + Caravaggio's documented itinerary (approximate)"
     }
    },
    "museum_id": "walters-art-museum"
   }
  },
  {
   "type": "Feature",
   "geometry": {
    "type": "Point",
    "coordinates": [
     2.3358,
     48.8611
    ]
   },
   "properties": {
    "painter": "Ribera",
    "title": "Deposition of Christ",
    "year": "1628",
    "country": "France",
    "location": "Louvre",
    "kind": "museum",
    "attribution": "attributed",
    "status": "present",
    "medium": "Oil on canvas",
    "dimensions": "127 × 182 cm",
    "genre": "religious art",
    "image": "https://commons.wikimedia.org/wiki/Special:FilePath/Ribera%20-%20La%20D%C3%A9position%20du%20Christ%2C%20MI736.jpg?width=420",
    "wikidata": "https://www.wikidata.org/wiki/Q18925610",
    "creation_place": "Naples",
    "creation_lat": 40.8518,
    "creation_lon": 14.2681,
    "_source": {
     "source": "Wikidata",
     "url": "https://www.wikidata.org/wiki/Q18925610",
     "retrieved_at": "2026-08-19"
    },
    "_overrides": {
     "creation": {
      "at": "2026-08-19",
      "source": "derived from start date + Caravaggio's documented itinerary (approximate)"
     }
    },
    "museum_id": "louvre",
    "city": "Paris"
   }
  },
  {
   "type": "Feature",
   "geometry": {
    "type": "Point",
    "coordinates": [
     2.3358,
     48.8611
    ]
   },
   "properties": {
    "painter": "Ribera",
    "title": "Saint Paul the Hermit",
    "year": "1642",
    "country": "France",
    "location": "Louvre",
    "kind": "museum",
    "attribution": "attributed",
    "status": "present",
    "medium": "Oil on canvas",
    "dimensions": "197 × 153 cm",
    "genre": "religious art",
    "image": "https://commons.wikimedia.org/wiki/Special:FilePath/Saint%20Paul%20ermite%2C%20par%20Jos%C3%A9%20de%20Ribera.jpg?width=420",
    "wikidata": "https://www.wikidata.org/wiki/Q18925619",
    "creation_place": "Naples",
    "creation_lat": 40.8518,
    "creation_lon": 14.2681,
    "_source": {
     "source": "Wikidata",
     "url": "https://www.wikidata.org/wiki/Q18925619",
     "retrieved_at": "2026-08-19"
    },
    "_overrides": {
     "creation": {
      "at": "2026-08-19",
      "source": "derived from start date + Caravaggio's documented itinerary (approximate)"
     }
    },
    "museum_id": "louvre",
    "city": "Paris"
   }
  },
  {
   "type": "Feature",
   "geometry": {
    "type": "Point",
    "coordinates": [
     1.72936,
     41.22139
    ]
   },
   "properties": {
    "painter": "Ribera",
    "title": "Saint Philipp",
    "year": "1630",
    "city": "Vilanova i la Geltrú",
    "country": "Spain",
    "location": "Biblioteca Museu Víctor Balaguer",
    "kind": "museum",
    "attribution": "attributed",
    "status": "present",
    "medium": "Oil on canvas",
    "image": "https://commons.wikimedia.org/wiki/Special:FilePath/BMVB%20-%20Josep%20de%20Ribera%20-%20Sant%20Felip%20-%208603.jpg?width=420",
    "wikidata": "https://www.wikidata.org/wiki/Q19162887",
    "creation_place": "Naples",
    "creation_lat": 40.8518,
    "creation_lon": 14.2681,
    "_source": {
     "source": "Wikidata",
     "url": "https://www.wikidata.org/wiki/Q19162887",
     "retrieved_at": "2026-08-19"
    },
    "_overrides": {
     "creation": {
      "at": "2026-08-19",
      "source": "derived from start date + Caravaggio's documented itinerary (approximate)"
     }
    },
    "museum_id": "biblioteca-museu-victor-balaguer"
   }
  },
  {
   "type": "Feature",
   "geometry": {
    "type": "Point",
    "coordinates": [
     -73.5801,
     45.4987
    ]
   },
   "properties": {
    "painter": "Ribera",
    "title": "San Giuseppe",
    "year": "1635",
    "city": "Montreal",
    "country": "Canada",
    "location": "Montreal Museum of Fine Arts",
    "kind": "museum",
    "attribution": "generally accepted",
    "status": "present",
    "genre": "religious art",
    "image": "https://commons.wikimedia.org/wiki/Special:FilePath/StJosephRibera.jpg?width=420",
    "wikipedia_it": "https://it.wikipedia.org/wiki/San_Giuseppe_(Ribera_Montr%C3%A9al)",
    "wikidata": "https://www.wikidata.org/wiki/Q19788073",
    "creation_place": "Naples",
    "creation_lat": 40.8518,
    "creation_lon": 14.2681,
    "_source": {
     "source": "Wikidata",
     "url": "https://www.wikidata.org/wiki/Q19788073",
     "retrieved_at": "2026-08-19"
    },
    "_overrides": {
     "creation": {
      "at": "2026-08-19",
      "source": "derived from start date + Caravaggio's documented itinerary (approximate)"
     }
    },
    "museum_id": "montreal-museum-of-fine-arts"
   }
  },
  {
   "type": "Feature",
   "geometry": {
    "type": "Point",
    "coordinates": [
     -73.96375,
     40.67131
    ]
   },
   "properties": {
    "painter": "Ribera",
    "title": "Saint Joseph with the Flowering Rod",
    "year": "1630",
    "city": "Brooklyn",
    "country": "United States",
    "location": "Brooklyn Museum",
    "kind": "museum",
    "attribution": "generally accepted",
    "status": "present",
    "medium": "Oil on panel",
    "dimensions": "116.8 × 90.8 cm",
    "genre": "religious art",
    "image": "https://commons.wikimedia.org/wiki/Special:FilePath/Brooklyn%20Museum%20-%20Saint%20Joseph%20with%20the%20Flowering%20Rod%20-%20Jusepe%20de%20Ribera%20-%20overall.jpg?width=420",
    "wikipedia_it": "https://it.wikipedia.org/wiki/San_Giuseppe_(Ribera_New_York)",
    "wikidata": "https://www.wikidata.org/wiki/Q19858197",
    "creation_place": "Naples",
    "creation_lat": 40.8518,
    "creation_lon": 14.2681,
    "_source": {
     "source": "Wikidata",
     "url": "https://www.wikidata.org/wiki/Q19858197",
     "retrieved_at": "2026-08-19"
    },
    "_overrides": {
     "creation": {
      "at": "2026-08-19",
      "source": "derived from start date + Caravaggio's documented itinerary (approximate)"
     }
    },
    "museum_id": "brooklyn-museum"
   }
  },
  {
   "type": "Feature",
   "geometry": {
    "type": "Point",
    "coordinates": [
     -73.9631,
     40.7794
    ]
   },
   "properties": {
    "painter": "Ribera",
    "title": "The Tears of Saint Peter",
    "year": "1612",
    "city": "New York",
    "country": "United States",
    "location": "Metropolitan Museum of Art",
    "kind": "museum",
    "attribution": "attributed",
    "status": "present",
    "medium": "Oil on canvas",
    "dimensions": "161.9 × 114.3 cm",
    "genre": "religious art",
    "image": "https://commons.wikimedia.org/wiki/Special:FilePath/The%20Tears%20of%20Saint%20Peter%20MET%20DP286357.jpg?width=420",
    "wikidata": "https://www.wikidata.org/wiki/Q19911506",
    "creation_place": "Valencia",
    "creation_lat": 39.4699,
    "creation_lon": -0.3763,
    "_source": {
     "source": "Wikidata",
     "url": "https://www.wikidata.org/wiki/Q19911506",
     "retrieved_at": "2026-08-19"
    },
    "_overrides": {
     "creation": {
      "at": "2026-08-19",
      "source": "derived from start date + Caravaggio's documented itinerary (approximate)"
     }
    },
    "museum_id": "metropolitan-museum-of-art"
   }
  },
  {
   "type": "Feature",
   "geometry": {
    "type": "Point",
    "coordinates": [
     -73.9631,
     40.7794
    ]
   },
   "properties": {
    "painter": "Ribera",
    "title": "The Holy Family with Saints Anne and Catherine of Alexandria",
    "year": "1648",
    "city": "New York",
    "country": "United States",
    "location": "Metropolitan Museum of Art",
    "kind": "museum",
    "attribution": "generally accepted",
    "status": "present",
    "medium": "Oil on canvas",
    "dimensions": "209.6 × 154.3 cm",
    "genre": "religious art",
    "image": "https://commons.wikimedia.org/wiki/Special:FilePath/La%20Sagrada%20Familia%2C%20por%20Jos%C3%A9%20de%20Ribera.jpg?width=420",
    "wikipedia_en": "https://en.wikipedia.org/wiki/The_Holy_Family_with_Saints_Anne_and_Catherine_of_Alexandria",
    "wikidata": "https://www.wikidata.org/wiki/Q19911538",
    "creation_place": "Naples",
    "creation_lat": 40.8518,
    "creation_lon": 14.2681,
    "_source": {
     "source": "Wikidata",
     "url": "https://www.wikidata.org/wiki/Q19911538",
     "retrieved_at": "2026-08-19"
    },
    "_overrides": {
     "creation": {
      "at": "2026-08-19",
      "source": "derived from start date + Caravaggio's documented itinerary (approximate)"
     }
    },
    "museum_id": "metropolitan-museum-of-art"
   }
  },
  {
   "type": "Feature",
   "geometry": {
    "type": "Point",
    "coordinates": [
     -3.69493,
     40.41604
    ]
   },
   "properties": {
    "painter": "Ribera",
    "title": "Pietà",
    "year": "1633",
    "city": "Madrid",
    "country": "Spain",
    "location": "Thyssen-Bornemisza Museum",
    "kind": "museum",
    "attribution": "generally accepted",
    "status": "present",
    "medium": "Oil on canvas",
    "dimensions": "157 × 210 cm",
    "genre": "religious art",
    "image": "https://commons.wikimedia.org/wiki/Special:FilePath/Jos%C3%A9%20de%20Ribera%20-%20La%20Piedad.jpg?width=420",
    "wikipedia_es": "https://es.wikipedia.org/wiki/La_Piedad_(Ribera,_Museo_Thyssen,_Madrid)",
    "wikipedia_en": "https://en.wikipedia.org/wiki/Piet%C3%A0_(Ribera,_Madrid)",
    "wikipedia_it": "https://it.wikipedia.org/wiki/Piet%C3%A0_(Ribera_Madrid)",
    "wikidata": "https://www.wikidata.org/wiki/Q20017050",
    "creation_place": "Naples",
    "creation_lat": 40.8518,
    "creation_lon": 14.2681,
    "_source": {
     "source": "Wikidata",
     "url": "https://www.wikidata.org/wiki/Q20017050",
     "retrieved_at": "2026-08-19"
    },
    "_overrides": {
     "creation": {
      "at": "2026-08-19",
      "source": "derived from start date + Caravaggio's documented itinerary (approximate)"
     }
    },
    "museum_id": "thyssen-bornemisza-museum"
   }
  },
  {
   "type": "Feature",
   "geometry": {
    "type": "Point",
    "coordinates": [
     -77.02,
     38.8914
    ]
   },
   "properties": {
    "painter": "Ribera",
    "title": "The Martyrdom of Saint Bartholomew",
    "year": "1634",
    "city": "Washington",
    "country": "United States",
    "location": "National Gallery of Art",
    "kind": "museum",
    "attribution": "generally accepted",
    "status": "present",
    "medium": "Oil on canvas",
    "dimensions": "104 × 113 cm",
    "genre": "religious art",
    "image": "https://commons.wikimedia.org/wiki/Special:FilePath/Jusepe%20de%20Ribera%2C%20The%20Martyrdom%20of%20Saint%20Bartholomew%2C%201634.jpg?width=420",
    "wikipedia_en": "https://en.wikipedia.org/wiki/The_Martyrdom_of_Saint_Bartholomew_(Ribera,_1634)",
    "wikidata": "https://www.wikidata.org/wiki/Q20177130",
    "creation_place": "Naples",
    "creation_lat": 40.8518,
    "creation_lon": 14.2681,
    "_source": {
     "source": "Wikidata",
     "url": "https://www.wikidata.org/wiki/Q20177130",
     "retrieved_at": "2026-08-19"
    },
    "_overrides": {
     "creation": {
      "at": "2026-08-19",
      "source": "derived from start date + Caravaggio's documented itinerary (approximate)"
     }
    },
    "museum_id": "national-gallery-of-art"
   }
  },
  {
   "type": "Feature",
   "geometry": {
    "type": "Point",
    "coordinates": [
     -118.475,
     34.0775
    ]
   },
   "properties": {
    "painter": "Ribera",
    "title": "Euclid",
    "year": "1630",
    "city": "Los Angeles",
    "country": "United States",
    "location": "Getty Center",
    "kind": "museum",
    "attribution": "attributed",
    "status": "present",
    "medium": "Oil on canvas",
    "dimensions": "1251 × 924 cm",
    "genre": "portrait",
    "image": "https://commons.wikimedia.org/wiki/Special:FilePath/Jusepe%20de%20Ribera%20-%20Euclid%20-%202001.26%20-%20J.%20Paul%20Getty%20Museum.jpg?width=420",
    "wikidata": "https://www.wikidata.org/wiki/Q20179460",
    "creation_place": "Naples",
    "creation_lat": 40.8518,
    "creation_lon": 14.2681,
    "_source": {
     "source": "Wikidata",
     "url": "https://www.wikidata.org/wiki/Q20179460",
     "retrieved_at": "2026-08-19"
    },
    "_overrides": {
     "creation": {
      "at": "2026-08-19",
      "source": "derived from start date + Caravaggio's documented itinerary (approximate)"
     }
    },
    "museum_id": "getty-center"
   }
  },
  {
   "type": "Feature",
   "geometry": {
    "type": "Point",
    "coordinates": [
     -87.62389,
     41.87944
    ]
   },
   "properties": {
    "painter": "Ribera",
    "title": "Penitent Saint Peter",
    "year": "1630",
    "city": "Chicago",
    "country": "United States",
    "location": "Art Institute of Chicago",
    "kind": "museum",
    "attribution": "attributed",
    "status": "present",
    "medium": "Oil on canvas",
    "genre": "religious art",
    "image": "https://commons.wikimedia.org/wiki/Special:FilePath/Jusepe%20de%20Ribera%20-%20Penitent%20Saint%20Peter%20-%201993.60%20-%20Art%20Institute%20of%20Chicago.jpg?width=420",
    "wikidata": "https://www.wikidata.org/wiki/Q20268799",
    "creation_place": "Naples",
    "creation_lat": 40.8518,
    "creation_lon": 14.2681,
    "_source": {
     "source": "Wikidata",
     "url": "https://www.wikidata.org/wiki/Q20268799",
     "retrieved_at": "2026-08-19"
    },
    "_overrides": {
     "creation": {
      "at": "2026-08-19",
      "source": "derived from start date + Caravaggio's documented itinerary (approximate)"
     }
    },
    "museum_id": "art-institute-of-chicago"
   }
  },
  {
   "type": "Feature",
   "geometry": {
    "type": "Point",
    "coordinates": [
     12.57861,
     55.68889
    ]
   },
   "properties": {
    "painter": "Ribera",
    "title": "St Jerome",
    "city": "Copenhagen Municipality",
    "country": "Denmark",
    "location": "Statens Museum for Kunst",
    "kind": "museum",
    "attribution": "attributed",
    "status": "present",
    "medium": "Oil on canvas",
    "dimensions": "1150 × 925 cm",
    "genre": "religious art",
    "image": "https://commons.wikimedia.org/wiki/Special:FilePath/Giuseppe%20Ribera%20-%20St%20Jerome%20-%20KMSsp53%20-%20Statens%20Museum%20for%20Kunst.jpg?width=420",
    "wikidata": "https://www.wikidata.org/wiki/Q20354224",
    "_source": {
     "source": "Wikidata",
     "url": "https://www.wikidata.org/wiki/Q20354224",
     "retrieved_at": "2026-08-19"
    },
    "museum_id": "statens-museum-for-kunst"
   }
  },
  {
   "type": "Feature",
   "geometry": {
    "type": "Point",
    "coordinates": [
     12.57861,
     55.68889
    ]
   },
   "properties": {
    "painter": "Ribera",
    "title": "Saint Onufrius",
    "year": "1700",
    "city": "Copenhagen Municipality",
    "country": "Denmark",
    "location": "Statens Museum for Kunst",
    "kind": "museum",
    "attribution": "attributed",
    "status": "present",
    "dimensions": "910 × 705 cm",
    "genre": "portrait",
    "image": "https://commons.wikimedia.org/wiki/Special:FilePath/Giuseppe%20Ribera%20-%20Den%20hellige%20Onufrius%20-%20KMSsp52%20-%20Statens%20Museum%20for%20Kunst.jpg?width=420",
    "wikidata": "https://www.wikidata.org/wiki/Q20354556",
    "_source": {
     "source": "Wikidata",
     "url": "https://www.wikidata.org/wiki/Q20354556",
     "retrieved_at": "2026-08-19"
    },
    "museum_id": "statens-museum-for-kunst"
   }
  },
  {
   "type": "Feature",
   "geometry": {
    "type": "Point",
    "coordinates": [
     144.96889,
     -37.8225
    ]
   },
   "properties": {
    "painter": "Ribera",
    "title": "Martyrdom of St Lawrence",
    "year": "1620",
    "city": "Melbourne",
    "country": "Australia",
    "location": "National Gallery of Victoria",
    "kind": "museum",
    "attribution": "attributed",
    "status": "present",
    "medium": "Oil on canvas",
    "dimensions": "2062 × 1545 cm",
    "image": "https://commons.wikimedia.org/wiki/Special:FilePath/Jusepe%20de%20Ribera%20-%20Martyrdom%20of%20St%20Lawrence%20-%20Google%20Art%20Project.jpg?width=420",
    "wikidata": "https://www.wikidata.org/wiki/Q20426600",
    "creation_place": "Naples",
    "creation_lat": 40.8518,
    "creation_lon": 14.2681,
    "_source": {
     "source": "Wikidata",
     "url": "https://www.wikidata.org/wiki/Q20426600",
     "retrieved_at": "2026-08-19"
    },
    "_overrides": {
     "creation": {
      "at": "2026-08-19",
      "source": "derived from start date + Caravaggio's documented itinerary (approximate)"
     }
    },
    "museum_id": "national-gallery-of-victoria"
   }
  },
  {
   "type": "Feature",
   "geometry": {
    "type": "Point",
    "coordinates": [
     12.57861,
     55.68889
    ]
   },
   "properties": {
    "painter": "Ribera",
    "title": "Sitting Person Conversing One Standing",
    "year": "1629",
    "city": "Copenhagen Municipality",
    "country": "Denmark",
    "location": "Statens Museum for Kunst",
    "kind": "museum",
    "attribution": "attributed",
    "status": "present",
    "medium": "Oil on canvas",
    "dimensions": "1325 × 975 cm",
    "image": "https://commons.wikimedia.org/wiki/Special:FilePath/Giuseppe%20Ribera%20-%20Sitting%20Person%20Conversing%20One%20Standing%20-%20KMSst28%20-%20Statens%20Museum%20for%20Kunst.jpg?width=420",
    "wikidata": "https://www.wikidata.org/wiki/Q20491418",
    "creation_place": "Naples",
    "creation_lat": 40.8518,
    "creation_lon": 14.2681,
    "_source": {
     "source": "Wikidata",
     "url": "https://www.wikidata.org/wiki/Q20491418",
     "retrieved_at": "2026-08-19"
    },
    "_overrides": {
     "creation": {
      "at": "2026-08-19",
      "source": "derived from start date + Caravaggio's documented itinerary (approximate)"
     }
    },
    "museum_id": "statens-museum-for-kunst"
   }
  },
  {
   "type": "Feature",
   "geometry": {
    "type": "Point",
    "coordinates": [
     -3.6922,
     40.4139
    ]
   },
   "properties": {
    "painter": "Ribera",
    "title": "Jacob’s Dream",
    "year": "1639",
    "city": "Madrid",
    "country": "Spain",
    "location": "Museo del Prado",
    "kind": "museum",
    "attribution": "generally accepted",
    "status": "present",
    "medium": "Oil on canvas",
    "dimensions": "179 × 233 cm",
    "genre": "religious art",
    "image": "https://commons.wikimedia.org/wiki/Special:FilePath/El%20sue%C3%B1o%20de%20Jacob%2C%20by%20Jos%C3%A9%20de%20Ribera%2C%20from%20Prado%20in%20Google%20Earth.jpg?width=420",
    "wikipedia_es": "https://es.wikipedia.org/wiki/El_sue%C3%B1o_de_Jacob_(Ribera)",
    "wikipedia_en": "https://en.wikipedia.org/wiki/Jacob%27s_Dream",
    "wikipedia_it": "https://it.wikipedia.org/wiki/Sogno_di_Giacobbe_(Ribera)",
    "wikidata": "https://www.wikidata.org/wiki/Q2052008",
    "creation_place": "Naples",
    "creation_lat": 40.8518,
    "creation_lon": 14.2681,
    "_source": {
     "source": "Wikidata",
     "url": "https://www.wikidata.org/wiki/Q2052008",
     "retrieved_at": "2026-08-19"
    },
    "_overrides": {
     "creation": {
      "at": "2026-08-19",
      "source": "derived from start date + Caravaggio's documented itinerary (approximate)"
     }
    },
    "museum_id": "museo-del-prado"
   }
  },
  {
   "type": "Feature",
   "geometry": {
    "type": "Point",
    "coordinates": [
     12.57861,
     55.68889
    ]
   },
   "properties": {
    "painter": "Ribera",
    "title": "Two Tramps",
    "year": "1727",
    "city": "Copenhagen Municipality",
    "country": "Denmark",
    "location": "Statens Museum for Kunst",
    "kind": "museum",
    "attribution": "attributed",
    "status": "present",
    "medium": "Oil on canvas",
    "image": "https://commons.wikimedia.org/wiki/Special:FilePath/Giuseppe%20Ribera%20-%20Two%20Tramps%20-%20KMSst517%20-%20Statens%20Museum%20for%20Kunst.jpg?width=420",
    "wikidata": "https://www.wikidata.org/wiki/Q20536569",
    "_source": {
     "source": "Wikidata",
     "url": "https://www.wikidata.org/wiki/Q20536569",
     "retrieved_at": "2026-08-19"
    },
    "museum_id": "statens-museum-for-kunst"
   }
  },
  {
   "type": "Feature",
   "geometry": {
    "type": "Point",
    "coordinates": [
     -71.09417,
     42.33944
    ]
   },
   "properties": {
    "painter": "Ribera",
    "title": "The Geographer",
    "city": "Boston",
    "country": "United States",
    "location": "Museum of Fine Arts Boston",
    "kind": "museum",
    "attribution": "attributed",
    "status": "present",
    "medium": "Oil on canvas",
    "dimensions": "128 × 95.5 cm",
    "genre": "portrait",
    "image": "https://commons.wikimedia.org/wiki/Special:FilePath/Jusepe%20de%20Ribera%20-%20The%20Geographer%20-%2099.315%20-%20Museum%20of%20Fine%20Arts.jpg?width=420",
    "wikidata": "https://www.wikidata.org/wiki/Q20540970",
    "_source": {
     "source": "Wikidata",
     "url": "https://www.wikidata.org/wiki/Q20540970",
     "retrieved_at": "2026-08-19"
    },
    "museum_id": "museum-of-fine-arts-boston"
   }
  },
  {
   "type": "Feature",
   "geometry": {
    "type": "Point",
    "coordinates": [
     -71.09417,
     42.33944
    ]
   },
   "properties": {
    "painter": "Ribera",
    "title": "Saint Onophrius",
    "year": "1642",
    "city": "Boston",
    "country": "United States",
    "location": "Museum of Fine Arts Boston",
    "kind": "museum",
    "attribution": "attributed",
    "status": "present",
    "medium": "Oil on canvas",
    "dimensions": "129.5 × 101.3 cm",
    "genre": "religious art",
    "image": "https://commons.wikimedia.org/wiki/Special:FilePath/Jusepe%20de%20Ribera%20-%20Saint%20Onophrius%20-%2036.891%20-%20Museum%20of%20Fine%20Arts.jpg?width=420",
    "wikidata": "https://www.wikidata.org/wiki/Q20540973",
    "creation_place": "Naples",
    "creation_lat": 40.8518,
    "creation_lon": 14.2681,
    "_source": {
     "source": "Wikidata",
     "url": "https://www.wikidata.org/wiki/Q20540973",
     "retrieved_at": "2026-08-19"
    },
    "_overrides": {
     "creation": {
      "at": "2026-08-19",
      "source": "derived from start date + Caravaggio's documented itinerary (approximate)"
     }
    },
    "museum_id": "museum-of-fine-arts-boston"
   }
  },
  {
   "type": "Feature",
   "geometry": {
    "type": "Point",
    "coordinates": [
     -71.09417,
     42.33944
    ]
   },
   "properties": {
    "painter": "Ribera",
    "title": "Saint Andrew",
    "city": "Boston",
    "country": "United States",
    "location": "Museum of Fine Arts Boston",
    "kind": "museum",
    "attribution": "attributed",
    "status": "present",
    "medium": "Oil on canvas",
    "dimensions": "69.9 × 55.9 cm",
    "genre": "religious art",
    "image": "https://commons.wikimedia.org/wiki/Special:FilePath/Jusepe%20de%20Ribera%20-%20Saint%20Andrew%20-%201991.776%20-%20Museum%20of%20Fine%20Arts.jpg?width=420",
    "wikidata": "https://www.wikidata.org/wiki/Q20540977",
    "_source": {
     "source": "Wikidata",
     "url": "https://www.wikidata.org/wiki/Q20540977",
     "retrieved_at": "2026-08-19"
    },
    "museum_id": "museum-of-fine-arts-boston"
   }
  },
  {
   "type": "Feature",
   "geometry": {
    "type": "Point",
    "coordinates": [
     24.93291,
     60.16251
    ]
   },
   "properties": {
    "painter": "Ribera",
    "title": "Ecce Homo",
    "year": "1644",
    "city": "Helsinki",
    "country": "Finland",
    "location": "Sinebrychoff Art Museum",
    "kind": "museum",
    "attribution": "attributed",
    "status": "present",
    "medium": "Oil on canvas",
    "dimensions": "67.5 × 50.5 cm",
    "genre": "religious art",
    "image": "https://commons.wikimedia.org/wiki/Special:FilePath/Jusepe%20de%20ribera%2C%20ecce%20homo%2C%201644%2C%2001.JPG?width=420",
    "wikidata": "https://www.wikidata.org/wiki/Q20792731",
    "creation_place": "Naples",
    "creation_lat": 40.8518,
    "creation_lon": 14.2681,
    "_source": {
     "source": "Wikidata",
     "url": "https://www.wikidata.org/wiki/Q20792731",
     "retrieved_at": "2026-08-19"
    },
    "_overrides": {
     "creation": {
      "at": "2026-08-19",
      "source": "derived from start date + Caravaggio's documented itinerary (approximate)"
     }
    },
    "museum_id": "sinebrychoff-art-museum"
   }
  },
  {
   "type": "Feature",
   "geometry": {
    "type": "Point",
    "coordinates": [
     -75.181,
     39.966
    ]
   },
   "properties": {
    "painter": "Ribera",
    "title": "Virgin and Child",
    "year": "1646",
    "city": "Philadelphia",
    "country": "United States",
    "location": "Philadelphia Museum of Art",
    "kind": "museum",
    "attribution": "attributed",
    "status": "present",
    "medium": "Oil on canvas",
    "genre": "religious art",
    "image": "https://commons.wikimedia.org/wiki/Special:FilePath/Jusepe%20de%20ribera%2C%20madonna%20col%20bambino%2C%201646%20ca.%2002.JPG?width=420",
    "wikidata": "https://www.wikidata.org/wiki/Q20809920",
    "creation_place": "Naples",
    "creation_lat": 40.8518,
    "creation_lon": 14.2681,
    "_source": {
     "source": "Wikidata",
     "url": "https://www.wikidata.org/wiki/Q20809920",
     "retrieved_at": "2026-08-19"
    },
    "_overrides": {
     "creation": {
      "at": "2026-08-19",
      "source": "derived from start date + Caravaggio's documented itinerary (approximate)"
     }
    },
    "museum_id": "philadelphia-museum-of-art"
   }
  },
  {
   "type": "Feature",
   "geometry": {
    "type": "Point",
    "coordinates": [
     -118.3592,
     34.0633
    ]
   },
   "properties": {
    "painter": "Ribera",
    "title": "A Philosopher",
    "year": "1637",
    "city": "Los Angeles",
    "country": "United States",
    "location": "Los Angeles County Museum of Art",
    "kind": "museum",
    "attribution": "attributed",
    "status": "present",
    "medium": "Oil on canvas",
    "dimensions": "124.3 × 99.1 cm",
    "genre": "portrait",
    "image": "https://commons.wikimedia.org/wiki/Special:FilePath/A%20Philosopher%20LACMA%20M.91.125.2.jpg?width=420",
    "wikidata": "https://www.wikidata.org/wiki/Q20878982",
    "creation_place": "Naples",
    "creation_lat": 40.8518,
    "creation_lon": 14.2681,
    "_source": {
     "source": "Wikidata",
     "url": "https://www.wikidata.org/wiki/Q20878982",
     "retrieved_at": "2026-08-19"
    },
    "_overrides": {
     "creation": {
      "at": "2026-08-19",
      "source": "derived from start date + Caravaggio's documented itinerary (approximate)"
     }
    },
    "museum_id": "los-angeles-county-museum-of-art"
   }
  },
  {
   "type": "Feature",
   "geometry": {
    "type": "Point",
    "coordinates": [
     2.3358,
     48.8611
    ]
   },
   "properties": {
    "painter": "Ribera",
    "title": "Saint John the Evangelist",
    "year": "1607",
    "country": "France",
    "location": "Louvre",
    "kind": "museum",
    "attribution": "attributed",
    "status": "present",
    "medium": "Oil on canvas",
    "dimensions": "105 × 83 cm",
    "genre": "religious art",
    "image": "https://commons.wikimedia.org/wiki/Special:FilePath/Saint%20Jean%20l%27%C3%89vang%C3%A9liste%2C%20par%20Jos%C3%A9%20de%20Ribera.jpg?width=420",
    "wikidata": "https://www.wikidata.org/wiki/Q20964038",
    "creation_place": "Valencia",
    "creation_lat": 39.4699,
    "creation_lon": -0.3763,
    "_source": {
     "source": "Wikidata",
     "url": "https://www.wikidata.org/wiki/Q20964038",
     "retrieved_at": "2026-08-19"
    },
    "_overrides": {
     "creation": {
      "at": "2026-08-19",
      "source": "derived from start date + Caravaggio's documented itinerary (approximate)"
     }
    },
    "museum_id": "louvre",
    "city": "Paris"
   }
  },
  {
   "type": "Feature",
   "geometry": {
    "type": "Point",
    "coordinates": [
     4.39435,
     51.20882
    ]
   },
   "properties": {
    "painter": "Ribera",
    "title": "Saint Joseph",
    "year": "1638",
    "city": "Antwerp",
    "country": "Belgium",
    "location": "Royal Museum of Fine Arts Antwerp",
    "kind": "museum",
    "attribution": "attributed",
    "status": "present",
    "medium": "Oil on canvas",
    "dimensions": "84 × 62 cm",
    "genre": "religious art",
    "image": "https://commons.wikimedia.org/wiki/Special:FilePath/Jusepe%20Ribera%20-%20Heilige%20Jozef%20-%20887%20-%20Royal%20Museum%20of%20Fine%20Arts%20Antwerp.tiff?width=420",
    "wikidata": "https://www.wikidata.org/wiki/Q21617409",
    "creation_place": "Naples",
    "creation_lat": 40.8518,
    "creation_lon": 14.2681,
    "_source": {
     "source": "Wikidata",
     "url": "https://www.wikidata.org/wiki/Q21617409",
     "retrieved_at": "2026-08-19"
    },
    "_overrides": {
     "creation": {
      "at": "2026-08-19",
      "source": "derived from start date + Caravaggio's documented itinerary (approximate)"
     }
    },
    "museum_id": "royal-museum-of-fine-arts-antwerp"
   }
  },
  {
   "type": "Feature",
   "geometry": {
    "type": "Point",
    "coordinates": [
     -3.69493,
     40.41604
    ]
   },
   "properties": {
    "painter": "Ribera",
    "title": "Saint Jerome in penitence",
    "city": "Madrid",
    "country": "Spain",
    "location": "Thyssen-Bornemisza Museum",
    "kind": "museum",
    "attribution": "attributed",
    "status": "present",
    "genre": "religious art",
    "image": "https://commons.wikimedia.org/wiki/Special:FilePath/Ribera%20-%20San%20Jer%C3%B3nimo%20penitente%2C%201634%2C%20INV.%20335%20%281981.33%29.jpg?width=420",
    "wikidata": "https://www.wikidata.org/wiki/Q21711507",
    "_source": {
     "source": "Wikidata",
     "url": "https://www.wikidata.org/wiki/Q21711507",
     "retrieved_at": "2026-08-19"
    },
    "museum_id": "thyssen-bornemisza-museum"
   }
  },
  {
   "type": "Feature",
   "geometry": {
    "type": "Point",
    "coordinates": [
     30.3136,
     59.9406
    ]
   },
   "properties": {
    "painter": "Ribera",
    "title": "The Virgin Mary Mourning",
    "year": "1650",
    "city": "Saint Petersburg",
    "country": "Russia",
    "location": "Hermitage Museum",
    "kind": "museum",
    "attribution": "attributed",
    "status": "present",
    "medium": "Oil on canvas",
    "dimensions": "74 × 60.5 cm",
    "genre": "religious art",
    "image": "https://commons.wikimedia.org/wiki/Special:FilePath/Jusepe%20de%20Ribera%20-%20Mater%20Dolorosa%20-%20Hermitage.jpg?width=420",
    "wikidata": "https://www.wikidata.org/wiki/Q21725298",
    "creation_place": "Naples",
    "creation_lat": 40.8518,
    "creation_lon": 14.2681,
    "_source": {
     "source": "Wikidata",
     "url": "https://www.wikidata.org/wiki/Q21725298",
     "retrieved_at": "2026-08-19"
    },
    "_overrides": {
     "creation": {
      "at": "2026-08-19",
      "source": "derived from start date + Caravaggio's documented itinerary (approximate)"
     }
    },
    "museum_id": "hermitage-museum"
   }
  },
  {
   "type": "Feature",
   "geometry": {
    "type": "Point",
    "coordinates": [
     30.3136,
     59.9406
    ]
   },
   "properties": {
    "painter": "Ribera",
    "title": "St Francis of Paola",
    "year": "1636",
    "city": "Saint Petersburg",
    "country": "Russia",
    "location": "Hermitage Museum",
    "kind": "museum",
    "attribution": "attributed",
    "status": "present",
    "medium": "Oil on canvas",
    "dimensions": "72.5 × 58.5 cm",
    "genre": "religious art",
    "wikidata": "https://www.wikidata.org/wiki/Q21727680",
    "creation_place": "Naples",
    "creation_lat": 40.8518,
    "creation_lon": 14.2681,
    "_source": {
     "source": "Wikidata",
     "url": "https://www.wikidata.org/wiki/Q21727680",
     "retrieved_at": "2026-08-19"
    },
    "_overrides": {
     "creation": {
      "at": "2026-08-19",
      "source": "derived from start date + Caravaggio's documented itinerary (approximate)"
     }
    },
    "museum_id": "hermitage-museum"
   }
  },
  {
   "type": "Feature",
   "geometry": {
    "type": "Point",
    "coordinates": [
     30.3136,
     59.9406
    ]
   },
   "properties": {
    "painter": "Ribera",
    "title": "Penitent St Peter",
    "year": "1627",
    "city": "Saint Petersburg",
    "country": "Russia",
    "location": "Hermitage Museum",
    "kind": "museum",
    "attribution": "attributed",
    "status": "present",
    "medium": "Oil on canvas",
    "dimensions": "75 × 63.5 cm",
    "genre": "religious art",
    "image": "https://commons.wikimedia.org/wiki/Special:FilePath/Jos%C3%A9%20de%20Ribera%20-%20St%20Peter%20-%20WGA19372.jpg?width=420",
    "wikidata": "https://www.wikidata.org/wiki/Q21727934",
    "creation_place": "Naples",
    "creation_lat": 40.8518,
    "creation_lon": 14.2681,
    "_source": {
     "source": "Wikidata",
     "url": "https://www.wikidata.org/wiki/Q21727934",
     "retrieved_at": "2026-08-19"
    },
    "_overrides": {
     "creation": {
      "at": "2026-08-19",
      "source": "derived from start date + Caravaggio's documented itinerary (approximate)"
     }
    },
    "museum_id": "hermitage-museum"
   }
  },
  {
   "type": "Feature",
   "geometry": {
    "type": "Point",
    "coordinates": [
     30.3136,
     59.9406
    ]
   },
   "properties": {
    "painter": "Ribera",
    "title": "St Jerome and the Angel",
    "year": "1626",
    "city": "Saint Petersburg",
    "country": "Russia",
    "location": "Hermitage Museum",
    "kind": "museum",
    "attribution": "attributed",
    "status": "present",
    "medium": "Oil on canvas",
    "dimensions": "185 × 133 cm",
    "genre": "religious art",
    "image": "https://commons.wikimedia.org/wiki/Special:FilePath/Ribera%20-%20St%20Jerome%20and%20the%20Angel%2C%201626%2C%20%D0%93%D0%AD-311.jpg?width=420",
    "wikidata": "https://www.wikidata.org/wiki/Q21730811",
    "creation_place": "Naples",
    "creation_lat": 40.8518,
    "creation_lon": 14.2681,
    "_source": {
     "source": "Wikidata",
     "url": "https://www.wikidata.org/wiki/Q21730811",
     "retrieved_at": "2026-08-19"
    },
    "_overrides": {
     "creation": {
      "at": "2026-08-19",
      "source": "derived from start date + Caravaggio's documented itinerary (approximate)"
     }
    },
    "museum_id": "hermitage-museum"
   }
  },
  {
   "type": "Feature",
   "geometry": {
    "type": "Point",
    "coordinates": [
     21.02472,
     52.23167
    ]
   },
   "properties": {
    "painter": "Ribera",
    "title": "Head of an old man.",
    "year": "1640",
    "city": "Śródmieście",
    "country": "Poland",
    "location": "National Museum in Warsaw",
    "kind": "museum",
    "attribution": "attributed",
    "status": "present",
    "medium": "Oil on canvas",
    "dimensions": "64 × 50.5 cm",
    "genre": "portrait",
    "image": "https://commons.wikimedia.org/wiki/Special:FilePath/Ribera%20Head%20of%20an%20old%20man.jpg?width=420",
    "wikidata": "https://www.wikidata.org/wiki/Q22085984",
    "creation_place": "Naples",
    "creation_lat": 40.8518,
    "creation_lon": 14.2681,
    "_source": {
     "source": "Wikidata",
     "url": "https://www.wikidata.org/wiki/Q22085984",
     "retrieved_at": "2026-08-19"
    },
    "_overrides": {
     "creation": {
      "at": "2026-08-19",
      "source": "derived from start date + Caravaggio's documented itinerary (approximate)"
     }
    },
    "museum_id": "national-museum-in-warsaw"
   }
  },
  {
   "type": "Feature",
   "geometry": {
    "type": "Point",
    "coordinates": [
     21.02472,
     52.23167
    ]
   },
   "properties": {
    "painter": "Ribera",
    "title": "Saint Sebastian",
    "year": "1700",
    "city": "Śródmieście",
    "country": "Poland",
    "location": "National Museum in Warsaw",
    "kind": "museum",
    "attribution": "attributed",
    "status": "present",
    "medium": "Oil on canvas",
    "dimensions": "142.5 × 187.5 cm",
    "genre": "religious art",
    "image": "https://commons.wikimedia.org/wiki/Special:FilePath/Jusepe%20de%20Ribera%20-%20Martyrdom%20of%20St.%20Sebastian%20-%20M.Ob.650%20-%20National%20Museum%20in%20Warsaw.jpg?width=420",
    "wikidata": "https://www.wikidata.org/wiki/Q22133398",
    "_source": {
     "source": "Wikidata",
     "url": "https://www.wikidata.org/wiki/Q22133398",
     "retrieved_at": "2026-08-19"
    },
    "museum_id": "national-museum-in-warsaw"
   }
  },
  {
   "type": "Feature",
   "geometry": {
    "type": "Point",
    "coordinates": [
     -5.100957,
     37.237608
    ]
   },
   "properties": {
    "painter": "Ribera",
    "title": "Calvario",
    "year": "1618",
    "city": "Osuna",
    "country": "Spain",
    "location": "Collegiate Church of Osuna",
    "kind": "church",
    "attribution": "generally accepted",
    "status": "present",
    "medium": "Oil on canvas",
    "dimensions": "336 × 230 cm",
    "genre": "religious art",
    "image": "https://commons.wikimedia.org/wiki/Special:FilePath/Calvario%20%28Ribera%29.jpg?width=420",
    "wikipedia_es": "https://es.wikipedia.org/wiki/El_Calvario_(Ribera)",
    "wikipedia_it": "https://it.wikipedia.org/wiki/Calvario_(Ribera)",
    "wikidata": "https://www.wikidata.org/wiki/Q22965617",
    "creation_place": "Naples",
    "creation_lat": 40.8518,
    "creation_lon": 14.2681,
    "_source": {
     "source": "Wikidata",
     "url": "https://www.wikidata.org/wiki/Q22965617",
     "retrieved_at": "2026-08-19"
    },
    "_overrides": {
     "creation": {
      "at": "2026-08-19",
      "source": "derived from start date + Caravaggio's documented itinerary (approximate)"
     }
    },
    "museum_id": "collegiate-church-of-osuna"
   }
  },
  {
   "type": "Feature",
   "geometry": {
    "type": "Point",
    "coordinates": [
     139.77585,
     35.71536
    ]
   },
   "properties": {
    "painter": "Ribera",
    "title": "Philosopher Crates",
    "year": "1636",
    "city": "Ueno-kōen",
    "country": "Japan",
    "location": "National Museum of Western Art",
    "kind": "museum",
    "attribution": "attributed",
    "status": "present",
    "medium": "Oil on canvas",
    "dimensions": "1240 × 985 cm",
    "image": "https://commons.wikimedia.org/wiki/Special:FilePath/Jusepe%20de%20Ribera%20-%20Philosopher%20Crates%20-%20Google%20Art%20Project.jpg?width=420",
    "wikidata": "https://www.wikidata.org/wiki/Q23949030",
    "creation_place": "Naples",
    "creation_lat": 40.8518,
    "creation_lon": 14.2681,
    "_source": {
     "source": "Wikidata",
     "url": "https://www.wikidata.org/wiki/Q23949030",
     "retrieved_at": "2026-08-19"
    },
    "_overrides": {
     "creation": {
      "at": "2026-08-19",
      "source": "derived from start date + Caravaggio's documented itinerary (approximate)"
     }
    },
    "museum_id": "national-museum-of-western-art"
   }
  },
  {
   "type": "Feature",
   "geometry": {
    "type": "Point",
    "coordinates": [
     2.3358,
     48.8611
    ]
   },
   "properties": {
    "painter": "Ribera",
    "title": "The Clubfoot",
    "year": "1642",
    "country": "France",
    "location": "Louvre",
    "kind": "museum",
    "attribution": "generally accepted",
    "status": "present",
    "medium": "Oil on canvas",
    "dimensions": "164 × 93.5 cm",
    "genre": "portrait",
    "image": "https://commons.wikimedia.org/wiki/Special:FilePath/El%20patizambo%2C%20por%20Jos%C3%A9%20de%20Ribera.jpg?width=420",
    "wikipedia_es": "https://es.wikipedia.org/wiki/El_pie_varo",
    "wikipedia_en": "https://en.wikipedia.org/wiki/The_Clubfoot",
    "wikipedia_it": "https://it.wikipedia.org/wiki/Lo_storpio_(Ribera)",
    "wikidata": "https://www.wikidata.org/wiki/Q24118",
    "creation_place": "Naples",
    "creation_lat": 40.8518,
    "creation_lon": 14.2681,
    "_source": {
     "source": "Wikidata",
     "url": "https://www.wikidata.org/wiki/Q24118",
     "retrieved_at": "2026-08-19"
    },
    "_overrides": {
     "creation": {
      "at": "2026-08-19",
      "source": "derived from start date + Caravaggio's documented itinerary (approximate)"
     }
    },
    "museum_id": "louvre",
    "city": "Paris"
   }
  },
  {
   "type": "Feature",
   "geometry": {
    "type": "Point",
    "coordinates": [
     11.27775,
     43.75954
    ]
   },
   "properties": {
    "painter": "Ribera",
    "title": "Saint Jude",
    "year": "1610",
    "city": "Florence",
    "country": "Italy",
    "location": "Fondazione Roberto Longhi",
    "kind": "museum",
    "attribution": "attributed",
    "status": "present",
    "medium": "Oil on canvas",
    "dimensions": "126 × 97 cm",
    "genre": "religious art",
    "image": "https://commons.wikimedia.org/wiki/Special:FilePath/Saint%20Jude%20Thadd%C3%A9e%20-%20Jos%C3%A9%20de%20Ribera%20-%20Q24258873.jpg?width=420",
    "wikidata": "https://www.wikidata.org/wiki/Q24258873",
    "creation_place": "Valencia",
    "creation_lat": 39.4699,
    "creation_lon": -0.3763,
    "_source": {
     "source": "Wikidata",
     "url": "https://www.wikidata.org/wiki/Q24258873",
     "retrieved_at": "2026-08-19"
    },
    "_overrides": {
     "creation": {
      "at": "2026-08-19",
      "source": "derived from start date + Caravaggio's documented itinerary (approximate)"
     }
    },
    "museum_id": "fondazione-roberto-longhi"
   }
  },
  {
   "type": "Feature",
   "geometry": {
    "type": "Point",
    "coordinates": [
     11.27775,
     43.75954
    ]
   },
   "properties": {
    "painter": "Ribera",
    "title": "Saint Philip",
    "year": "1610",
    "city": "Florence",
    "country": "Italy",
    "location": "Fondazione Roberto Longhi",
    "kind": "museum",
    "attribution": "attributed",
    "status": "present",
    "medium": "Oil on canvas",
    "dimensions": "126 × 97 cm",
    "genre": "religious art",
    "image": "https://commons.wikimedia.org/wiki/Special:FilePath/Saint%20Philippe%20-%20Jos%C3%A9%20de%20Ribera%20-%20Q24258875.jpg?width=420",
    "wikidata": "https://www.wikidata.org/wiki/Q24258875",
    "creation_place": "Valencia",
    "creation_lat": 39.4699,
    "creation_lon": -0.3763,
    "_source": {
     "source": "Wikidata",
     "url": "https://www.wikidata.org/wiki/Q24258875",
     "retrieved_at": "2026-08-19"
    },
    "_overrides": {
     "creation": {
      "at": "2026-08-19",
      "source": "derived from start date + Caravaggio's documented itinerary (approximate)"
     }
    },
    "museum_id": "fondazione-roberto-longhi"
   }
  },
  {
   "type": "Feature",
   "geometry": {
    "type": "Point",
    "coordinates": [
     13.37111,
     38.11667
    ]
   },
   "properties": {
    "painter": "Ribera",
    "title": "San Paolo Eremita",
    "year": "1639",
    "city": "Palermo",
    "country": "Italy",
    "location": "Palazzo Abatellis",
    "kind": "museum",
    "attribution": "generally accepted",
    "status": "present",
    "dimensions": "130 × 103 cm",
    "genre": "religious art",
    "image": "https://commons.wikimedia.org/wiki/Special:FilePath/San%20Paolo%20eremita%20-%20De%20Ribera.jpg?width=420",
    "wikipedia_it": "https://it.wikipedia.org/wiki/San_Paolo_Eremita_(Ribera)",
    "wikidata": "https://www.wikidata.org/wiki/Q24579992",
    "creation_place": "Naples",
    "creation_lat": 40.8518,
    "creation_lon": 14.2681,
    "_source": {
     "source": "Wikidata",
     "url": "https://www.wikidata.org/wiki/Q24579992",
     "retrieved_at": "2026-08-19"
    },
    "_overrides": {
     "creation": {
      "at": "2026-08-19",
      "source": "derived from start date + Caravaggio's documented itinerary (approximate)"
     }
    },
    "museum_id": "palazzo-abatellis"
   }
  },
  {
   "type": "Feature",
   "geometry": {
    "type": "Point",
    "coordinates": [
     13.37111,
     38.11667
    ]
   },
   "properties": {
    "painter": "Ribera",
    "title": "Sant'Agostino che sfoglia un libro",
    "year": "1614",
    "city": "Palermo",
    "country": "Italy",
    "location": "Palazzo Abatellis",
    "kind": "museum",
    "attribution": "generally accepted",
    "status": "present",
    "dimensions": "127 × 102.5 cm",
    "genre": "religious art",
    "image": "https://commons.wikimedia.org/wiki/Special:FilePath/Sant%27Agostino%20-%20De%20Ribera.jpg?width=420",
    "wikipedia_it": "https://it.wikipedia.org/wiki/Sant%27Agostino_che_sfoglia_un_libro",
    "wikidata": "https://www.wikidata.org/wiki/Q24580366",
    "creation_place": "Valencia",
    "creation_lat": 39.4699,
    "creation_lon": -0.3763,
    "_source": {
     "source": "Wikidata",
     "url": "https://www.wikidata.org/wiki/Q24580366",
     "retrieved_at": "2026-08-19"
    },
    "_overrides": {
     "creation": {
      "at": "2026-08-19",
      "source": "derived from start date + Caravaggio's documented itinerary (approximate)"
     }
    },
    "museum_id": "palazzo-abatellis"
   }
  },
  {
   "type": "Feature",
   "geometry": {
    "type": "Point",
    "coordinates": [
     -82.2168,
     41.2937
    ]
   },
   "properties": {
    "painter": "Ribera",
    "title": "Blind Beggar and his Boy",
    "year": "1632",
    "city": "Ohio",
    "country": "United States",
    "location": "Allen Memorial Art Museum",
    "kind": "museum",
    "attribution": "attributed",
    "status": "present",
    "medium": "Oil on canvas",
    "dimensions": "124.5 × 101.7 cm",
    "image": "https://commons.wikimedia.org/wiki/Special:FilePath/Jose%20de%20Ribera%20%281591-1652%29%2C%20Blind%20Beggar%20and%20his%20Boy%2C%20ca.1632%2C%20Allen%20Memorial%20Museum%2C%20Oberlin%20College%2C%20Ohio%2C%20US.jpg?width=420",
    "wikidata": "https://www.wikidata.org/wiki/Q25432421",
    "creation_place": "Naples",
    "creation_lat": 40.8518,
    "creation_lon": 14.2681,
    "_source": {
     "source": "Wikidata",
     "url": "https://www.wikidata.org/wiki/Q25432421",
     "retrieved_at": "2026-08-19"
    },
    "_overrides": {
     "creation": {
      "at": "2026-08-19",
      "source": "derived from start date + Caravaggio's documented itinerary (approximate)"
     }
    },
    "museum_id": "allen-memorial-art-museum"
   }
  },
  {
   "type": "Feature",
   "geometry": {
    "type": "Point",
    "coordinates": [
     -0.1283,
     51.5089
    ]
   },
   "properties": {
    "painter": "Ribera",
    "title": "Jacob with the Flock of Laban",
    "year": "1638",
    "city": "London",
    "country": "United Kingdom",
    "location": "National Gallery",
    "kind": "museum",
    "attribution": "attributed",
    "status": "present",
    "medium": "Oil on canvas",
    "dimensions": "132 × 118 cm",
    "genre": "religious art",
    "image": "https://commons.wikimedia.org/wiki/Special:FilePath/Jusepe%20de%20Ribera%20%281591-1652%29%20-%20Jacob%20with%20the%20Flock%20of%20Laban%20-%20NG244%20-%20National%20Gallery.jpg?width=420",
    "wikidata": "https://www.wikidata.org/wiki/Q26492655",
    "creation_place": "Naples",
    "creation_lat": 40.8518,
    "creation_lon": 14.2681,
    "_source": {
     "source": "Wikidata",
     "url": "https://www.wikidata.org/wiki/Q26492655",
     "retrieved_at": "2026-08-19"
    },
    "_overrides": {
     "creation": {
      "at": "2026-08-19",
      "source": "derived from start date + Caravaggio's documented itinerary (approximate)"
     }
    },
    "museum_id": "national-gallery"
   }
  },
  {
   "type": "Feature",
   "geometry": {
    "type": "Point",
    "coordinates": [
     -0.1283,
     51.5089
    ]
   },
   "properties": {
    "painter": "Ribera",
    "title": "An Apostle",
    "year": "1617",
    "city": "London",
    "country": "United Kingdom",
    "location": "National Gallery",
    "kind": "museum",
    "attribution": "attributed",
    "status": "present",
    "medium": "Oil on canvas",
    "dimensions": "62 × 49.5 cm",
    "genre": "religious art",
    "image": "https://commons.wikimedia.org/wiki/Special:FilePath/Jusepe%20de%20Ribera%20%281591-1652%29%20-%20An%20Apostle%20-%20NG6577%20-%20National%20Gallery.jpg?width=420",
    "wikidata": "https://www.wikidata.org/wiki/Q26507808",
    "creation_place": "Naples",
    "creation_lat": 40.8518,
    "creation_lon": 14.2681,
    "_source": {
     "source": "Wikidata",
     "url": "https://www.wikidata.org/wiki/Q26507808",
     "retrieved_at": "2026-08-19"
    },
    "_overrides": {
     "creation": {
      "at": "2026-08-19",
      "source": "derived from start date + Caravaggio's documented itinerary (approximate)"
     }
    },
    "museum_id": "national-gallery"
   }
  },
  {
   "type": "Feature",
   "geometry": {
    "type": "Point",
    "coordinates": [
     -0.1283,
     51.5089
    ]
   },
   "properties": {
    "painter": "Ribera",
    "title": "The Lamentation over the Dead Christ",
    "year": "1622",
    "city": "London",
    "country": "United Kingdom",
    "location": "National Gallery",
    "kind": "museum",
    "attribution": "attributed",
    "status": "present",
    "medium": "Oil on canvas",
    "dimensions": "129.5 × 181 cm",
    "genre": "religious art",
    "image": "https://commons.wikimedia.org/wiki/Special:FilePath/Jusepe%20de%20Ribera%20%281591-1652%29%20-%20The%20Lamentation%20over%20the%20Dead%20Christ%20-%20NG235%20-%20National%20Gallery.jpg?width=420",
    "wikidata": "https://www.wikidata.org/wiki/Q26693521",
    "creation_place": "Naples",
    "creation_lat": 40.8518,
    "creation_lon": 14.2681,
    "_source": {
     "source": "Wikidata",
     "url": "https://www.wikidata.org/wiki/Q26693521",
     "retrieved_at": "2026-08-19"
    },
    "_overrides": {
     "creation": {
      "at": "2026-08-19",
      "source": "derived from start date + Caravaggio's documented itinerary (approximate)"
     }
    },
    "museum_id": "national-gallery"
   }
  },
  {
   "type": "Feature",
   "geometry": {
    "type": "Point",
    "coordinates": [
     -3.6922,
     40.4139
    ]
   },
   "properties": {
    "painter": "Ribera",
    "title": "The Immaculate Conception",
    "year": "1601-1630",
    "city": "Madrid",
    "country": "Spain",
    "location": "Museo del Prado",
    "kind": "museum",
    "attribution": "attributed",
    "status": "present",
    "medium": "Oil on canvas",
    "dimensions": "220 × 160 cm",
    "genre": "religious art",
    "image": "https://commons.wikimedia.org/wiki/Special:FilePath/Ribera-inmaculada.jpg?width=420",
    "wikidata": "https://www.wikidata.org/wiki/Q27698909",
    "creation_place": "Valencia",
    "creation_lat": 39.4699,
    "creation_lon": -0.3763,
    "_source": {
     "source": "Wikidata",
     "url": "https://www.wikidata.org/wiki/Q27698909",
     "retrieved_at": "2026-08-19"
    },
    "_overrides": {
     "creation": {
      "at": "2026-08-19",
      "source": "derived from start date + Caravaggio's documented itinerary (approximate)"
     }
    },
    "museum_id": "museo-del-prado"
   }
  },
  {
   "type": "Feature",
   "geometry": {
    "type": "Point",
    "coordinates": [
     -3.6922,
     40.4139
    ]
   },
   "properties": {
    "painter": "Ribera",
    "title": "The Immaculate Conception",
    "year": "1647",
    "city": "Madrid",
    "country": "Spain",
    "location": "Museo del Prado",
    "kind": "museum",
    "attribution": "attributed",
    "status": "present",
    "medium": "Oil on canvas",
    "dimensions": "258 × 177 cm",
    "genre": "religious art",
    "image": "https://commons.wikimedia.org/wiki/Special:FilePath/Ribera%20-%20La%20Inmaculada%20Concepci%C3%B3n%2C%20P003191.jpg?width=420",
    "wikidata": "https://www.wikidata.org/wiki/Q27699175",
    "creation_place": "Naples",
    "creation_lat": 40.8518,
    "creation_lon": 14.2681,
    "_source": {
     "source": "Wikidata",
     "url": "https://www.wikidata.org/wiki/Q27699175",
     "retrieved_at": "2026-08-19"
    },
    "_overrides": {
     "creation": {
      "at": "2026-08-19",
      "source": "derived from start date + Caravaggio's documented itinerary (approximate)"
     }
    },
    "museum_id": "museo-del-prado"
   }
  },
  {
   "type": "Feature",
   "geometry": {
    "type": "Point",
    "coordinates": [
     -3.6922,
     40.4139
    ]
   },
   "properties": {
    "painter": "Ribera",
    "title": "Sísifo",
    "year": "1601-1650",
    "city": "Madrid",
    "country": "Spain",
    "location": "Museo del Prado",
    "kind": "museum",
    "attribution": "attributed",
    "status": "present",
    "medium": "Oil on canvas",
    "dimensions": "189 × 227 cm",
    "image": "https://commons.wikimedia.org/wiki/Special:FilePath/S%C3%ADsifo%2C%20copia%20del%20original%20de%20Jos%C3%A9%20de%20Ribera%20%28Museo%20del%20Prado%29.jpg?width=420",
    "wikidata": "https://www.wikidata.org/wiki/Q27699263",
    "creation_place": "Valencia",
    "creation_lat": 39.4699,
    "creation_lon": -0.3763,
    "_source": {
     "source": "Wikidata",
     "url": "https://www.wikidata.org/wiki/Q27699263",
     "retrieved_at": "2026-08-19"
    },
    "_overrides": {
     "creation": {
      "at": "2026-08-19",
      "source": "derived from start date + Caravaggio's documented itinerary (approximate)"
     }
    },
    "museum_id": "museo-del-prado"
   }
  },
  {
   "type": "Feature",
   "geometry": {
    "type": "Point",
    "coordinates": [
     -3.6922,
     40.4139
    ]
   },
   "properties": {
    "painter": "Ribera",
    "title": "Tityus",
    "year": "1601-1650",
    "city": "Madrid",
    "country": "Spain",
    "location": "Museo del Prado",
    "kind": "museum",
    "attribution": "attributed",
    "status": "present",
    "medium": "Oil on canvas",
    "dimensions": "188 × 227 cm",
    "genre": "mythological painting",
    "image": "https://commons.wikimedia.org/wiki/Special:FilePath/Ticio%2C%20copia%20del%20original%20de%20Jos%C3%A9%20de%20Ribera%20%28Museo%20del%20Prado%29.jpg?width=420",
    "wikidata": "https://www.wikidata.org/wiki/Q27699266",
    "creation_place": "Valencia",
    "creation_lat": 39.4699,
    "creation_lon": -0.3763,
    "_source": {
     "source": "Wikidata",
     "url": "https://www.wikidata.org/wiki/Q27699266",
     "retrieved_at": "2026-08-19"
    },
    "_overrides": {
     "creation": {
      "at": "2026-08-19",
      "source": "derived from start date + Caravaggio's documented itinerary (approximate)"
     }
    },
    "museum_id": "museo-del-prado"
   }
  },
  {
   "type": "Feature",
   "geometry": {
    "type": "Point",
    "coordinates": [
     -3.6922,
     40.4139
    ]
   },
   "properties": {
    "painter": "Ribera",
    "title": "Saint John the Evangelist in Patmos",
    "year": "1601-1650",
    "city": "Madrid",
    "country": "Spain",
    "location": "Museo del Prado",
    "kind": "museum",
    "attribution": "attributed",
    "status": "present",
    "medium": "Oil on canvas",
    "dimensions": "171 × 137 cm",
    "genre": "religious art",
    "image": "https://commons.wikimedia.org/wiki/Special:FilePath/San%20Juan%20Evangelista%2C%20en%20Patmos%2C%20atribuido%20a%20Jos%C3%A9%20de%20Ribera%20%28Museo%20del%20Prado%29.jpg?width=420",
    "wikidata": "https://www.wikidata.org/wiki/Q27699356",
    "creation_place": "Valencia",
    "creation_lat": 39.4699,
    "creation_lon": -0.3763,
    "_source": {
     "source": "Wikidata",
     "url": "https://www.wikidata.org/wiki/Q27699356",
     "retrieved_at": "2026-08-19"
    },
    "_overrides": {
     "creation": {
      "at": "2026-08-19",
      "source": "derived from start date + Caravaggio's documented itinerary (approximate)"
     }
    },
    "museum_id": "museo-del-prado"
   }
  },
  {
   "type": "Feature",
   "geometry": {
    "type": "Point",
    "coordinates": [
     -3.6922,
     40.4139
    ]
   },
   "properties": {
    "painter": "Ribera",
    "title": "The Raising of Lazarus",
    "year": "1616-1630",
    "city": "Madrid",
    "country": "Spain",
    "location": "Museo del Prado",
    "kind": "museum",
    "attribution": "attributed",
    "status": "present",
    "medium": "Oil on canvas",
    "dimensions": "171 × 289 cm",
    "genre": "religious art",
    "image": "https://commons.wikimedia.org/wiki/Special:FilePath/Ribera-lazaro.jpg?width=420",
    "wikidata": "https://www.wikidata.org/wiki/Q27699403",
    "creation_place": "Naples",
    "creation_lat": 40.8518,
    "creation_lon": 14.2681,
    "_source": {
     "source": "Wikidata",
     "url": "https://www.wikidata.org/wiki/Q27699403",
     "retrieved_at": "2026-08-19"
    },
    "_overrides": {
     "creation": {
      "at": "2026-08-19",
      "source": "derived from start date + Caravaggio's documented itinerary (approximate)"
     }
    },
    "museum_id": "museo-del-prado"
   }
  },
  {
   "type": "Feature",
   "geometry": {
    "type": "Point",
    "coordinates": [
     -3.6922,
     40.4139
    ]
   },
   "properties": {
    "painter": "Ribera",
    "title": "Saint Jerome writing",
    "year": "1615",
    "city": "Madrid",
    "country": "Spain",
    "location": "Museo del Prado",
    "kind": "museum",
    "attribution": "attributed",
    "status": "present",
    "medium": "Oil on canvas",
    "dimensions": "131.5 × 98 cm",
    "genre": "religious art",
    "image": "https://commons.wikimedia.org/wiki/Special:FilePath/San%20Jer%C3%B3nimo%20escribiendo.jpg?width=420",
    "wikidata": "https://www.wikidata.org/wiki/Q27699406",
    "creation_place": "Valencia",
    "creation_lat": 39.4699,
    "creation_lon": -0.3763,
    "_source": {
     "source": "Wikidata",
     "url": "https://www.wikidata.org/wiki/Q27699406",
     "retrieved_at": "2026-08-19"
    },
    "_overrides": {
     "creation": {
      "at": "2026-08-19",
      "source": "derived from start date + Caravaggio's documented itinerary (approximate)"
     }
    },
    "museum_id": "museo-del-prado"
   }
  },
  {
   "type": "Feature",
   "geometry": {
    "type": "Point",
    "coordinates": [
     -3.6922,
     40.4139
    ]
   },
   "properties": {
    "painter": "Ribera",
    "title": "Saint Peter",
    "year": "1630",
    "city": "Madrid",
    "country": "Spain",
    "location": "Museo del Prado",
    "kind": "museum",
    "attribution": "attributed",
    "status": "present",
    "medium": "Oil on canvas",
    "dimensions": "75 × 64 cm",
    "genre": "religious art",
    "image": "https://commons.wikimedia.org/wiki/Special:FilePath/San%20Pedro%20Ribera%20%28Prado%29.jpg?width=420",
    "wikidata": "https://www.wikidata.org/wiki/Q27700105",
    "creation_place": "Naples",
    "creation_lat": 40.8518,
    "creation_lon": 14.2681,
    "_source": {
     "source": "Wikidata",
     "url": "https://www.wikidata.org/wiki/Q27700105",
     "retrieved_at": "2026-08-19"
    },
    "_overrides": {
     "creation": {
      "at": "2026-08-19",
      "source": "derived from start date + Caravaggio's documented itinerary (approximate)"
     }
    },
    "museum_id": "museo-del-prado"
   }
  },
  {
   "type": "Feature",
   "geometry": {
    "type": "Point",
    "coordinates": [
     -3.6922,
     40.4139
    ]
   },
   "properties": {
    "painter": "Ribera",
    "title": "Christ the Saviour",
    "year": "1630-1652",
    "city": "Madrid",
    "country": "Spain",
    "location": "Museo del Prado",
    "kind": "museum",
    "attribution": "attributed",
    "status": "present",
    "medium": "Oil on canvas",
    "dimensions": "77 × 65 cm",
    "genre": "religious art",
    "image": "https://commons.wikimedia.org/wiki/Special:FilePath/Cristo%20Salvador%20Jos%C3%A9%20de%20Ribera.jpg?width=420",
    "wikidata": "https://www.wikidata.org/wiki/Q27700126",
    "creation_place": "Naples",
    "creation_lat": 40.8518,
    "creation_lon": 14.2681,
    "_source": {
     "source": "Wikidata",
     "url": "https://www.wikidata.org/wiki/Q27700126",
     "retrieved_at": "2026-08-19"
    },
    "_overrides": {
     "creation": {
      "at": "2026-08-19",
      "source": "derived from start date + Caravaggio's documented itinerary (approximate)"
     }
    },
    "museum_id": "museo-del-prado"
   }
  },
  {
   "type": "Feature",
   "geometry": {
    "type": "Point",
    "coordinates": [
     -3.6922,
     40.4139
    ]
   },
   "properties": {
    "painter": "Ribera",
    "title": "Archimedes",
    "year": "1630",
    "city": "Madrid",
    "country": "Spain",
    "location": "Museo del Prado",
    "kind": "museum",
    "attribution": "attributed",
    "status": "present",
    "medium": "Oil on canvas",
    "dimensions": "118 × 94 cm",
    "image": "https://commons.wikimedia.org/wiki/Special:FilePath/Jos%C3%A9%20de%20Ribera%20-%20Arqu%C3%ADmedes.jpg?width=420",
    "wikidata": "https://www.wikidata.org/wiki/Q27700127",
    "creation_place": "Naples",
    "creation_lat": 40.8518,
    "creation_lon": 14.2681,
    "_source": {
     "source": "Wikidata",
     "url": "https://www.wikidata.org/wiki/Q27700127",
     "retrieved_at": "2026-08-19"
    },
    "_overrides": {
     "creation": {
      "at": "2026-08-19",
      "source": "derived from start date + Caravaggio's documented itinerary (approximate)"
     }
    },
    "museum_id": "museo-del-prado"
   }
  },
  {
   "type": "Feature",
   "geometry": {
    "type": "Point",
    "coordinates": [
     -3.6922,
     40.4139
    ]
   },
   "properties": {
    "painter": "Ribera",
    "title": "Saint Simon",
    "year": "1630",
    "city": "Madrid",
    "country": "Spain",
    "location": "Museo del Prado",
    "kind": "museum",
    "attribution": "attributed",
    "status": "present",
    "medium": "Oil on canvas",
    "dimensions": "107 × 91 cm",
    "genre": "religious art",
    "image": "https://commons.wikimedia.org/wiki/Special:FilePath/Ribera-san%20simon.jpg?width=420",
    "wikidata": "https://www.wikidata.org/wiki/Q27700135",
    "creation_place": "Naples",
    "creation_lat": 40.8518,
    "creation_lon": 14.2681,
    "_source": {
     "source": "Wikidata",
     "url": "https://www.wikidata.org/wiki/Q27700135",
     "retrieved_at": "2026-08-19"
    },
    "_overrides": {
     "creation": {
      "at": "2026-08-19",
      "source": "derived from start date + Caravaggio's documented itinerary (approximate)"
     }
    },
    "museum_id": "museo-del-prado"
   }
  },
  {
   "type": "Feature",
   "geometry": {
    "type": "Point",
    "coordinates": [
     -3.6922,
     40.4139
    ]
   },
   "properties": {
    "painter": "Ribera",
    "title": "Saint Peter",
    "year": "1632",
    "city": "Madrid",
    "country": "Spain",
    "location": "Museo del Prado",
    "kind": "museum",
    "attribution": "attributed",
    "status": "present",
    "medium": "Oil on canvas",
    "dimensions": "128 × 100 cm",
    "genre": "religious art",
    "image": "https://commons.wikimedia.org/wiki/Special:FilePath/Ribera-san%20pedro.jpg?width=420",
    "wikidata": "https://www.wikidata.org/wiki/Q27700146",
    "creation_place": "Naples",
    "creation_lat": 40.8518,
    "creation_lon": 14.2681,
    "_source": {
     "source": "Wikidata",
     "url": "https://www.wikidata.org/wiki/Q27700146",
     "retrieved_at": "2026-08-19"
    },
    "_overrides": {
     "creation": {
      "at": "2026-08-19",
      "source": "derived from start date + Caravaggio's documented itinerary (approximate)"
     }
    },
    "museum_id": "museo-del-prado"
   }
  },
  {
   "type": "Feature",
   "geometry": {
    "type": "Point",
    "coordinates": [
     -3.6922,
     40.4139
    ]
   },
   "properties": {
    "painter": "Ribera",
    "title": "Saint Bartholomew",
    "year": "1630",
    "city": "Madrid",
    "country": "Spain",
    "location": "Museo del Prado",
    "kind": "museum",
    "attribution": "attributed",
    "status": "present",
    "medium": "Oil on canvas",
    "dimensions": "77 × 64 cm",
    "genre": "religious art",
    "image": "https://commons.wikimedia.org/wiki/Special:FilePath/Ribera-san%20bartolome.jpg?width=420",
    "wikidata": "https://www.wikidata.org/wiki/Q27700230",
    "creation_place": "Naples",
    "creation_lat": 40.8518,
    "creation_lon": 14.2681,
    "_source": {
     "source": "Wikidata",
     "url": "https://www.wikidata.org/wiki/Q27700230",
     "retrieved_at": "2026-08-19"
    },
    "_overrides": {
     "creation": {
      "at": "2026-08-19",
      "source": "derived from start date + Caravaggio's documented itinerary (approximate)"
     }
    },
    "museum_id": "museo-del-prado"
   }
  },
  {
   "type": "Feature",
   "geometry": {
    "type": "Point",
    "coordinates": [
     -3.6922,
     40.4139
    ]
   },
   "properties": {
    "painter": "Ribera",
    "title": "Saint Joseph and the Christ Child",
    "year": "1630",
    "city": "Madrid",
    "country": "Spain",
    "location": "Museo del Prado",
    "kind": "museum",
    "attribution": "attributed",
    "status": "present",
    "medium": "Oil on canvas",
    "dimensions": "126 × 100 cm",
    "genre": "religious art",
    "wikidata": "https://www.wikidata.org/wiki/Q27700236",
    "creation_place": "Naples",
    "creation_lat": 40.8518,
    "creation_lon": 14.2681,
    "_source": {
     "source": "Wikidata",
     "url": "https://www.wikidata.org/wiki/Q27700236",
     "retrieved_at": "2026-08-19"
    },
    "_overrides": {
     "creation": {
      "at": "2026-08-19",
      "source": "derived from start date + Caravaggio's documented itinerary (approximate)"
     }
    },
    "museum_id": "museo-del-prado"
   }
  },
  {
   "type": "Feature",
   "geometry": {
    "type": "Point",
    "coordinates": [
     -3.6922,
     40.4139
    ]
   },
   "properties": {
    "painter": "Ribera",
    "title": "The Trinity",
    "year": "1635",
    "city": "Madrid",
    "country": "Spain",
    "location": "Museo del Prado",
    "kind": "museum",
    "attribution": "attributed",
    "status": "present",
    "medium": "Oil on canvas",
    "dimensions": "226 × 181 cm",
    "genre": "religious art",
    "image": "https://commons.wikimedia.org/wiki/Special:FilePath/Jos%C3%A9%20de%20Ribera%20047.jpg?width=420",
    "wikidata": "https://www.wikidata.org/wiki/Q27700246",
    "creation_place": "Naples",
    "creation_lat": 40.8518,
    "creation_lon": 14.2681,
    "_source": {
     "source": "Wikidata",
     "url": "https://www.wikidata.org/wiki/Q27700246",
     "retrieved_at": "2026-08-19"
    },
    "_overrides": {
     "creation": {
      "at": "2026-08-19",
      "source": "derived from start date + Caravaggio's documented itinerary (approximate)"
     }
    },
    "museum_id": "museo-del-prado"
   }
  },
  {
   "type": "Feature",
   "geometry": {
    "type": "Point",
    "coordinates": [
     -3.6922,
     40.4139
    ]
   },
   "properties": {
    "painter": "Ribera",
    "title": "Saint Roch",
    "year": "1631",
    "city": "Madrid",
    "country": "Spain",
    "location": "Museo del Prado",
    "kind": "museum",
    "attribution": "attributed",
    "status": "present",
    "medium": "Oil on canvas",
    "dimensions": "213.4 × 144.5 cm",
    "genre": "religious art",
    "image": "https://commons.wikimedia.org/wiki/Special:FilePath/Jos%C3%A9%20de%20Ribera%20042.jpg?width=420",
    "wikidata": "https://www.wikidata.org/wiki/Q27700276",
    "creation_place": "Naples",
    "creation_lat": 40.8518,
    "creation_lon": 14.2681,
    "_source": {
     "source": "Wikidata",
     "url": "https://www.wikidata.org/wiki/Q27700276",
     "retrieved_at": "2026-08-19"
    },
    "_overrides": {
     "creation": {
      "at": "2026-08-19",
      "source": "derived from start date + Caravaggio's documented itinerary (approximate)"
     }
    },
    "museum_id": "museo-del-prado"
   }
  },
  {
   "type": "Feature",
   "geometry": {
    "type": "Point",
    "coordinates": [
     -3.6922,
     40.4139
    ]
   },
   "properties": {
    "painter": "Ribera",
    "title": "Saint James the Greater",
    "year": "1631",
    "city": "Madrid",
    "country": "Spain",
    "location": "Museo del Prado",
    "kind": "museum",
    "attribution": "attributed",
    "status": "present",
    "medium": "Oil on canvas",
    "dimensions": "202 × 146 cm",
    "genre": "religious art",
    "image": "https://commons.wikimedia.org/wiki/Special:FilePath/Ribera%20-%20Santiago%20el%20Mayor%2C%201961.jpg?width=420",
    "wikidata": "https://www.wikidata.org/wiki/Q27700281",
    "creation_place": "Naples",
    "creation_lat": 40.8518,
    "creation_lon": 14.2681,
    "_source": {
     "source": "Wikidata",
     "url": "https://www.wikidata.org/wiki/Q27700281",
     "retrieved_at": "2026-08-19"
    },
    "_overrides": {
     "creation": {
      "at": "2026-08-19",
      "source": "derived from start date + Caravaggio's documented itinerary (approximate)"
     }
    },
    "museum_id": "museo-del-prado"
   }
  },
  {
   "type": "Feature",
   "geometry": {
    "type": "Point",
    "coordinates": [
     -3.6922,
     40.4139
    ]
   },
   "properties": {
    "painter": "Ribera",
    "title": "Saint Paul the Hermit",
    "year": "1635",
    "city": "Madrid",
    "country": "Spain",
    "location": "Museo del Prado",
    "kind": "museum",
    "attribution": "attributed",
    "status": "present",
    "medium": "Oil on canvas",
    "dimensions": "118 × 98 cm",
    "genre": "religious art",
    "wikidata": "https://www.wikidata.org/wiki/Q27700930",
    "creation_place": "Naples",
    "creation_lat": 40.8518,
    "creation_lon": 14.2681,
    "_source": {
     "source": "Wikidata",
     "url": "https://www.wikidata.org/wiki/Q27700930",
     "retrieved_at": "2026-08-19"
    },
    "_overrides": {
     "creation": {
      "at": "2026-08-19",
      "source": "derived from start date + Caravaggio's documented itinerary (approximate)"
     }
    },
    "museum_id": "museo-del-prado"
   }
  },
  {
   "type": "Feature",
   "geometry": {
    "type": "Point",
    "coordinates": [
     -3.6922,
     40.4139
    ]
   },
   "properties": {
    "painter": "Ribera",
    "title": "Penitent Magdalene",
    "year": "1635-1637",
    "city": "Madrid",
    "country": "Spain",
    "location": "Museo del Prado",
    "kind": "museum",
    "attribution": "attributed",
    "status": "present",
    "medium": "Oil on canvas",
    "dimensions": "97 × 66 cm",
    "genre": "religious art",
    "image": "https://commons.wikimedia.org/wiki/Special:FilePath/Magdalena%20penitente%20-%20Jos%C3%A9%20de%20Ribera%20%28Museo%20del%20Prado%29.jpg?width=420",
    "wikidata": "https://www.wikidata.org/wiki/Q27700951",
    "creation_place": "Naples",
    "creation_lat": 40.8518,
    "creation_lon": 14.2681,
    "_source": {
     "source": "Wikidata",
     "url": "https://www.wikidata.org/wiki/Q27700951",
     "retrieved_at": "2026-08-19"
    },
    "_overrides": {
     "creation": {
      "at": "2026-08-19",
      "source": "derived from start date + Caravaggio's documented itinerary (approximate)"
     }
    },
    "museum_id": "museo-del-prado"
   }
  },
  {
   "type": "Feature",
   "geometry": {
    "type": "Point",
    "coordinates": [
     -3.6922,
     40.4139
    ]
   },
   "properties": {
    "painter": "Ribera",
    "title": "Saint Sebastian",
    "year": "1636",
    "city": "Madrid",
    "country": "Spain",
    "location": "Museo del Prado",
    "kind": "museum",
    "attribution": "generally accepted",
    "status": "present",
    "medium": "Oil on canvas",
    "dimensions": "127 × 100 cm",
    "genre": "religious art",
    "image": "https://commons.wikimedia.org/wiki/Special:FilePath/Ribera-san%20sebastian.jpg?width=420",
    "wikipedia_en": "https://en.wikipedia.org/wiki/Saint_Sebastian_(Ribera,_Madrid)",
    "wikidata": "https://www.wikidata.org/wiki/Q27700984",
    "creation_place": "Naples",
    "creation_lat": 40.8518,
    "creation_lon": 14.2681,
    "_source": {
     "source": "Wikidata",
     "url": "https://www.wikidata.org/wiki/Q27700984",
     "retrieved_at": "2026-08-19"
    },
    "_overrides": {
     "creation": {
      "at": "2026-08-19",
      "source": "derived from start date + Caravaggio's documented itinerary (approximate)"
     }
    },
    "museum_id": "museo-del-prado"
   }
  },
  {
   "type": "Feature",
   "geometry": {
    "type": "Point",
    "coordinates": [
     -3.71431,
     40.41795
    ]
   },
   "properties": {
    "painter": "Ribera",
    "title": "Detail of the Head of Bacchus",
    "year": "1636",
    "city": "Madrid",
    "country": "Spain",
    "location": "Royal Palace of Madrid",
    "kind": "museum",
    "attribution": "attributed",
    "status": "present",
    "medium": "Oil on canvas",
    "dimensions": "55 × 46 cm",
    "genre": "mythological painting",
    "image": "https://commons.wikimedia.org/wiki/Special:FilePath/Jos%C3%A9%20de%20Ribera%20025.jpg?width=420",
    "wikidata": "https://www.wikidata.org/wiki/Q27701011",
    "creation_place": "Naples",
    "creation_lat": 40.8518,
    "creation_lon": 14.2681,
    "_source": {
     "source": "Wikidata",
     "url": "https://www.wikidata.org/wiki/Q27701011",
     "retrieved_at": "2026-08-19"
    },
    "_overrides": {
     "creation": {
      "at": "2026-08-19",
      "source": "derived from start date + Caravaggio's documented itinerary (approximate)"
     }
    },
    "museum_id": "royal-palace-of-madrid"
   }
  },
  {
   "type": "Feature",
   "geometry": {
    "type": "Point",
    "coordinates": [
     -3.71431,
     40.41795
    ]
   },
   "properties": {
    "painter": "Ribera",
    "title": "Figure of a Woman",
    "year": "1634-1636",
    "city": "Madrid",
    "country": "Spain",
    "location": "Royal Palace of Madrid",
    "kind": "museum",
    "attribution": "attributed",
    "status": "present",
    "medium": "Oil on canvas",
    "dimensions": "67 × 59 cm",
    "image": "https://commons.wikimedia.org/wiki/Special:FilePath/Jos%C3%A9%20de%20Ribera%20062.jpg?width=420",
    "wikidata": "https://www.wikidata.org/wiki/Q27701018",
    "creation_place": "Naples",
    "creation_lat": 40.8518,
    "creation_lon": 14.2681,
    "_source": {
     "source": "Wikidata",
     "url": "https://www.wikidata.org/wiki/Q27701018",
     "retrieved_at": "2026-08-19"
    },
    "_overrides": {
     "creation": {
      "at": "2026-08-19",
      "source": "derived from start date + Caravaggio's documented itinerary (approximate)"
     }
    },
    "museum_id": "royal-palace-of-madrid"
   }
  },
  {
   "type": "Feature",
   "geometry": {
    "type": "Point",
    "coordinates": [
     -3.71431,
     40.41795
    ]
   },
   "properties": {
    "painter": "Ribera",
    "title": "Vision of Saint Francis of Assisi",
    "year": "1636",
    "city": "Madrid",
    "country": "Spain",
    "location": "Royal Palace of Madrid",
    "kind": "museum",
    "attribution": "attributed",
    "status": "present",
    "medium": "Oil on canvas",
    "dimensions": "120 × 98 cm",
    "image": "https://commons.wikimedia.org/wiki/Special:FilePath/Ribera%20Visi%C3%B3n%20de%20Francisco%20de%20As%C3%ADs%20Museo%20del%20Parado.jpg?width=420",
    "wikidata": "https://www.wikidata.org/wiki/Q27701053",
    "creation_place": "Naples",
    "creation_lat": 40.8518,
    "creation_lon": 14.2681,
    "_source": {
     "source": "Wikidata",
     "url": "https://www.wikidata.org/wiki/Q27701053",
     "retrieved_at": "2026-08-19"
    },
    "_overrides": {
     "creation": {
      "at": "2026-08-19",
      "source": "derived from start date + Caravaggio's documented itinerary (approximate)"
     }
    },
    "museum_id": "royal-palace-of-madrid"
   }
  },
  {
   "type": "Feature",
   "geometry": {
    "type": "Point",
    "coordinates": [
     -3.71431,
     40.41795
    ]
   },
   "properties": {
    "painter": "Ribera",
    "title": "Saint Christopher",
    "year": "1637",
    "city": "Madrid",
    "country": "Spain",
    "location": "Royal Palace of Madrid",
    "kind": "museum",
    "attribution": "attributed",
    "status": "present",
    "medium": "Oil on canvas",
    "dimensions": "127 × 100 cm",
    "genre": "religious art",
    "image": "https://commons.wikimedia.org/wiki/Special:FilePath/Ribera%20-%20San%20Crist%C3%B3bal%2C%20P001111.jpg?width=420",
    "wikidata": "https://www.wikidata.org/wiki/Q27701468",
    "creation_place": "Naples",
    "creation_lat": 40.8518,
    "creation_lon": 14.2681,
    "_source": {
     "source": "Wikidata",
     "url": "https://www.wikidata.org/wiki/Q27701468",
     "retrieved_at": "2026-08-19"
    },
    "_overrides": {
     "creation": {
      "at": "2026-08-19",
      "source": "derived from start date + Caravaggio's documented itinerary (approximate)"
     }
    },
    "museum_id": "royal-palace-of-madrid"
   }
  },
  {
   "type": "Feature",
   "geometry": {
    "type": "Point",
    "coordinates": [
     -3.60818,
     40.03636
    ]
   },
   "properties": {
    "painter": "Ribera",
    "title": "Liberation of Saint Peter",
    "year": "1639",
    "city": "Aranjuez",
    "country": "Spain",
    "location": "Royal Palace of Aranjuez",
    "kind": "museum",
    "attribution": "attributed",
    "status": "present",
    "medium": "Oil on canvas",
    "dimensions": "177 × 232 cm",
    "genre": "religious art",
    "image": "https://commons.wikimedia.org/wiki/Special:FilePath/De%20Ribera%2CJos%C3%A9%E2%80%94San%20Pedro%20libertado%20por%20un%20%C3%A1ngel%E2%80%941639%20%28Museo%20del%20Prado%20P001073%29.jpg?width=420",
    "wikidata": "https://www.wikidata.org/wiki/Q27701554",
    "creation_place": "Naples",
    "creation_lat": 40.8518,
    "creation_lon": 14.2681,
    "_source": {
     "source": "Wikidata",
     "url": "https://www.wikidata.org/wiki/Q27701554",
     "retrieved_at": "2026-08-19"
    },
    "_overrides": {
     "creation": {
      "at": "2026-08-19",
      "source": "derived from start date + Caravaggio's documented itinerary (approximate)"
     }
    },
    "museum_id": "royal-palace-of-aranjuez"
   }
  },
  {
   "type": "Feature",
   "geometry": {
    "type": "Point",
    "coordinates": [
     -3.71431,
     40.41795
    ]
   },
   "properties": {
    "painter": "Ribera",
    "title": "Saint Paul the Hermit",
    "year": "1640",
    "city": "Madrid",
    "country": "Spain",
    "location": "Royal Palace of Madrid",
    "kind": "museum",
    "attribution": "attributed",
    "status": "present",
    "medium": "Oil on canvas",
    "dimensions": "143 × 143 cm",
    "genre": "religious art",
    "image": "https://commons.wikimedia.org/wiki/Special:FilePath/San%20Pablo%20Ermita%C3%B1o%2C%20por%20Jos%C3%A9%20de%20Ribera.jpg?width=420",
    "wikidata": "https://www.wikidata.org/wiki/Q27701644",
    "creation_place": "Naples",
    "creation_lat": 40.8518,
    "creation_lon": 14.2681,
    "_source": {
     "source": "Wikidata",
     "url": "https://www.wikidata.org/wiki/Q27701644",
     "retrieved_at": "2026-08-19"
    },
    "_overrides": {
     "creation": {
      "at": "2026-08-19",
      "source": "derived from start date + Caravaggio's documented itinerary (approximate)"
     }
    },
    "museum_id": "royal-palace-of-madrid"
   }
  },
  {
   "type": "Feature",
   "geometry": {
    "type": "Point",
    "coordinates": [
     -3.71431,
     40.41795
    ]
   },
   "properties": {
    "painter": "Ribera",
    "title": "Saint Mary of Egypt",
    "year": "1641",
    "city": "Madrid",
    "country": "Spain",
    "location": "Royal Palace of Madrid",
    "kind": "museum",
    "attribution": "attributed",
    "status": "present",
    "medium": "Oil on canvas",
    "dimensions": "183.5 × 150 cm",
    "wikidata": "https://www.wikidata.org/wiki/Q27701705",
    "creation_place": "Naples",
    "creation_lat": 40.8518,
    "creation_lon": 14.2681,
    "_source": {
     "source": "Wikidata",
     "url": "https://www.wikidata.org/wiki/Q27701705",
     "retrieved_at": "2026-08-19"
    },
    "_overrides": {
     "creation": {
      "at": "2026-08-19",
      "source": "derived from start date + Caravaggio's documented itinerary (approximate)"
     }
    },
    "museum_id": "royal-palace-of-madrid"
   }
  },
  {
   "type": "Feature",
   "geometry": {
    "type": "Point",
    "coordinates": [
     -3.6922,
     40.4139
    ]
   },
   "properties": {
    "painter": "Ribera",
    "title": "Saint John the Baptist in the Desert",
    "year": "1641-1650",
    "city": "Madrid",
    "country": "Spain",
    "location": "Museo del Prado",
    "kind": "museum",
    "attribution": "attributed",
    "status": "present",
    "medium": "Oil on canvas",
    "dimensions": "182 × 150 cm",
    "genre": "religious art",
    "image": "https://commons.wikimedia.org/wiki/Special:FilePath/Jos%C3%A9%20de%20Ribera%20049.jpg?width=420",
    "wikidata": "https://www.wikidata.org/wiki/Q27701715",
    "creation_place": "Naples",
    "creation_lat": 40.8518,
    "creation_lon": 14.2681,
    "_source": {
     "source": "Wikidata",
     "url": "https://www.wikidata.org/wiki/Q27701715",
     "retrieved_at": "2026-08-19"
    },
    "_overrides": {
     "creation": {
      "at": "2026-08-19",
      "source": "derived from start date + Caravaggio's documented itinerary (approximate)"
     }
    },
    "museum_id": "museo-del-prado"
   }
  },
  {
   "type": "Feature",
   "geometry": {
    "type": "Point",
    "coordinates": [
     -3.6922,
     40.4139
    ]
   },
   "properties": {
    "painter": "Ribera",
    "title": "Saint Bartholomew",
    "year": "1641",
    "city": "Madrid",
    "country": "Spain",
    "location": "Museo del Prado",
    "kind": "museum",
    "attribution": "attributed",
    "status": "present",
    "medium": "Oil on canvas",
    "dimensions": "197 × 183 cm",
    "genre": "religious art",
    "image": "https://commons.wikimedia.org/wiki/Special:FilePath/Ribera%20-%20San%20Bartolom%C3%A9%2C%20P001100.jpg?width=420",
    "wikidata": "https://www.wikidata.org/wiki/Q27701729",
    "creation_place": "Naples",
    "creation_lat": 40.8518,
    "creation_lon": 14.2681,
    "_source": {
     "source": "Wikidata",
     "url": "https://www.wikidata.org/wiki/Q27701729",
     "retrieved_at": "2026-08-19"
    },
    "_overrides": {
     "creation": {
      "at": "2026-08-19",
      "source": "derived from start date + Caravaggio's documented itinerary (approximate)"
     }
    },
    "museum_id": "museo-del-prado"
   }
  },
  {
   "type": "Feature",
   "geometry": {
    "type": "Point",
    "coordinates": [
     -3.6922,
     40.4139
    ]
   },
   "properties": {
    "painter": "Ribera",
    "title": "Saint Jerome",
    "year": "1644",
    "city": "Madrid",
    "country": "Spain",
    "location": "Museo del Prado",
    "kind": "museum",
    "attribution": "attributed",
    "status": "present",
    "medium": "Oil on canvas",
    "dimensions": "109 × 90 cm",
    "genre": "religious art",
    "image": "https://commons.wikimedia.org/wiki/Special:FilePath/Jos%C3%A9%20de%20Ribera%20038.jpg?width=420",
    "wikidata": "https://www.wikidata.org/wiki/Q27701765",
    "creation_place": "Naples",
    "creation_lat": 40.8518,
    "creation_lon": 14.2681,
    "_source": {
     "source": "Wikidata",
     "url": "https://www.wikidata.org/wiki/Q27701765",
     "retrieved_at": "2026-08-19"
    },
    "_overrides": {
     "creation": {
      "at": "2026-08-19",
      "source": "derived from start date + Caravaggio's documented itinerary (approximate)"
     }
    },
    "museum_id": "museo-del-prado"
   }
  },
  {
   "type": "Feature",
   "geometry": {
    "type": "Point",
    "coordinates": [
     -3.6922,
     40.4139
    ]
   },
   "properties": {
    "painter": "Ribera",
    "title": "Penitent Saint Jerome",
    "year": "1652",
    "city": "Madrid",
    "country": "Spain",
    "location": "Museo del Prado",
    "kind": "museum",
    "attribution": "attributed",
    "status": "present",
    "medium": "Oil on canvas",
    "dimensions": "77.2 × 71.8 cm",
    "genre": "religious art",
    "image": "https://commons.wikimedia.org/wiki/Special:FilePath/Jos%C3%A9%20de%20Ribera%20011.jpg?width=420",
    "wikidata": "https://www.wikidata.org/wiki/Q27749096",
    "creation_place": "Naples",
    "creation_lat": 40.8518,
    "creation_lon": 14.2681,
    "_source": {
     "source": "Wikidata",
     "url": "https://www.wikidata.org/wiki/Q27749096",
     "retrieved_at": "2026-08-19"
    },
    "_overrides": {
     "creation": {
      "at": "2026-08-19",
      "source": "derived from start date + Caravaggio's documented itinerary (approximate)"
     }
    },
    "museum_id": "museo-del-prado"
   }
  },
  {
   "type": "Feature",
   "geometry": {
    "type": "Point",
    "coordinates": [
     -58.39297,
     -34.58399
    ]
   },
   "properties": {
    "painter": "Ribera",
    "title": "An astronomer",
    "year": "1863",
    "city": "Buenos Aires",
    "country": "Argentina",
    "location": "National Museum of Fine Arts, Argentina",
    "kind": "museum",
    "attribution": "attributed",
    "status": "present",
    "medium": "Oil on canvas",
    "dimensions": "126 × 101.5 cm",
    "image": "https://commons.wikimedia.org/wiki/Special:FilePath/Jos%C3%A9%20de%20Ribera%20-%20Un%20astr%C3%B3nomo%20-%20Google%20Art%20Project.jpg?width=420",
    "wikidata": "https://www.wikidata.org/wiki/Q27954667",
    "_source": {
     "source": "Wikidata",
     "url": "https://www.wikidata.org/wiki/Q27954667",
     "retrieved_at": "2026-08-19"
    },
    "museum_id": "national-museum-of-fine-arts-argentina"
   }
  },
  {
   "type": "Feature",
   "geometry": {
    "type": "Point",
    "coordinates": [
     16.3616,
     48.20388
    ]
   },
   "properties": {
    "painter": "Ribera",
    "title": "Penitent St. Peter",
    "year": "1630",
    "city": "Vienna",
    "country": "Austria",
    "location": "Kunsthistorisches Museum",
    "kind": "museum",
    "attribution": "attributed",
    "status": "present",
    "medium": "Oil on canvas",
    "dimensions": "116 × 88 cm",
    "genre": "religious art",
    "image": "https://commons.wikimedia.org/wiki/Special:FilePath/Jusepe%20Ribera%20-%20Penitent%20Saint%20Peter%20GG%20345.jpg?width=420",
    "wikidata": "https://www.wikidata.org/wiki/Q27955252",
    "creation_place": "Naples",
    "creation_lat": 40.8518,
    "creation_lon": 14.2681,
    "_source": {
     "source": "Wikidata",
     "url": "https://www.wikidata.org/wiki/Q27955252",
     "retrieved_at": "2026-08-19"
    },
    "_overrides": {
     "creation": {
      "at": "2026-08-19",
      "source": "derived from start date + Caravaggio's documented itinerary (approximate)"
     }
    },
    "museum_id": "kunsthistorisches-museum"
   }
  },
  {
   "type": "Feature",
   "geometry": {
    "type": "Point",
    "coordinates": [
     -3.19556,
     55.95083
    ]
   },
   "properties": {
    "painter": "Ribera",
    "title": "The Martyrdom of Saint Sebastian",
    "year": "1700",
    "city": "Edinburgh",
    "country": "United Kingdom",
    "location": "Scottish National Gallery",
    "kind": "museum",
    "attribution": "attributed",
    "status": "present",
    "medium": "Oil on canvas",
    "dimensions": "202 × 146.5 cm",
    "genre": "religious art",
    "image": "https://commons.wikimedia.org/wiki/Special:FilePath/Jusepe%20de%20Ribera%20%281591-1652%29%20%28follower%20of%29%20-%20The%20Martyrdom%20of%20Saint%20Sebastian%20-%20NG%2084%20-%20National%20Galleries%20of%20Scotland.jpg?width=420",
    "wikidata": "https://www.wikidata.org/wiki/Q27967927",
    "_source": {
     "source": "Wikidata",
     "url": "https://www.wikidata.org/wiki/Q27967927",
     "retrieved_at": "2026-08-19"
    },
    "museum_id": "scottish-national-gallery"
   }
  },
  {
   "type": "Feature",
   "geometry": {
    "type": "Point",
    "coordinates": [
     30.3136,
     59.9406
    ]
   },
   "properties": {
    "painter": "Ribera",
    "title": "Ecce Homo",
    "year": "1633",
    "city": "Saint Petersburg",
    "country": "Russia",
    "location": "Hermitage Museum",
    "kind": "museum",
    "attribution": "attributed",
    "status": "present",
    "medium": "Oil on canvas",
    "dimensions": "57 × 46 cm",
    "genre": "religious art",
    "wikidata": "https://www.wikidata.org/wiki/Q27977067",
    "creation_place": "Naples",
    "creation_lat": 40.8518,
    "creation_lon": 14.2681,
    "_source": {
     "source": "Wikidata",
     "url": "https://www.wikidata.org/wiki/Q27977067",
     "retrieved_at": "2026-08-19"
    },
    "_overrides": {
     "creation": {
      "at": "2026-08-19",
      "source": "derived from start date + Caravaggio's documented itinerary (approximate)"
     }
    },
    "museum_id": "hermitage-museum"
   }
  },
  {
   "type": "Feature",
   "geometry": {
    "type": "Point",
    "coordinates": [
     16.3616,
     48.20388
    ]
   },
   "properties": {
    "painter": "Ribera",
    "title": "Man with a tortoise",
    "city": "Vienna",
    "country": "Austria",
    "location": "Kunsthistorisches Museum",
    "kind": "museum",
    "attribution": "attributed",
    "status": "present",
    "dimensions": "92 × 71.5 cm",
    "genre": "religious art",
    "image": "https://commons.wikimedia.org/wiki/Special:FilePath/Jusepe%20de%20Ribera%20or%20Master%20of%20the%20Gamblers%20%28attr.%29%20-%20Man%20with%20a%20tortoise.jpg?width=420",
    "wikidata": "https://www.wikidata.org/wiki/Q27979500",
    "_source": {
     "source": "Wikidata",
     "url": "https://www.wikidata.org/wiki/Q27979500",
     "retrieved_at": "2026-08-19"
    },
    "museum_id": "kunsthistorisches-museum"
   }
  },
  {
   "type": "Feature",
   "geometry": {
    "type": "Point",
    "coordinates": [
     -0.14194,
     51.50083
    ]
   },
   "properties": {
    "painter": "Ribera",
    "title": "The Astrologer",
    "year": "1630",
    "country": "United Kingdom",
    "location": "Royal Collection",
    "kind": "museum",
    "attribution": "attributed",
    "status": "present",
    "medium": "Oil on canvas",
    "dimensions": "129.5 × 103.4 cm",
    "genre": "portrait",
    "image": "https://commons.wikimedia.org/wiki/Special:FilePath/Jusepe%20de%20Ribera%20%281591-1652%29%20-%20The%20Astrologer%20-%20RCIN%20405552%20-%20Royal%20Collection.jpg?width=420",
    "wikidata": "https://www.wikidata.org/wiki/Q28031511",
    "creation_place": "Naples",
    "creation_lat": 40.8518,
    "creation_lon": 14.2681,
    "_source": {
     "source": "Wikidata",
     "url": "https://www.wikidata.org/wiki/Q28031511",
     "retrieved_at": "2026-08-19"
    },
    "_overrides": {
     "creation": {
      "at": "2026-08-19",
      "source": "derived from start date + Caravaggio's documented itinerary (approximate)"
     }
    },
    "museum_id": "royal-collection",
    "city": "Buckingham Palace"
   }
  },
  {
   "type": "Feature",
   "geometry": {
    "type": "Point",
    "coordinates": [
     14.25053,
     40.86701
    ]
   },
   "properties": {
    "painter": "Ribera",
    "title": "St. Jerome and the Angel of Judgment",
    "year": "1626",
    "city": "Naples",
    "country": "Italy",
    "location": "Museo di Capodimonte",
    "kind": "museum",
    "attribution": "generally accepted",
    "status": "present",
    "dimensions": "262 × 164 cm",
    "genre": "religious art",
    "image": "https://commons.wikimedia.org/wiki/Special:FilePath/San%20Girolamo%20e%20l%27Angelo%20del%20Giudizio%20-%20Jusepe%20de%20Ribera.jpg?width=420",
    "wikipedia_es": "https://es.wikipedia.org/wiki/San_Jer%C3%B3nimo_y_el_%C3%A1ngel_del_juicio",
    "wikipedia_en": "https://en.wikipedia.org/wiki/Saint_Jerome_and_the_Angel_of_Judgement",
    "wikipedia_it": "https://it.wikipedia.org/wiki/San_Girolamo_e_l%27angelo_del_Giudizio_(Ribera)",
    "wikidata": "https://www.wikidata.org/wiki/Q28669741",
    "creation_place": "Naples",
    "creation_lat": 40.8518,
    "creation_lon": 14.2681,
    "_source": {
     "source": "Wikidata",
     "url": "https://www.wikidata.org/wiki/Q28669741",
     "retrieved_at": "2026-08-19"
    },
    "_overrides": {
     "creation": {
      "at": "2026-08-19",
      "source": "derived from start date + Caravaggio's documented itinerary (approximate)"
     }
    },
    "museum_id": "museo-di-capodimonte"
   }
  },
  {
   "type": "Feature",
   "geometry": {
    "type": "Point",
    "coordinates": [
     -2.93785,
     43.26597
    ]
   },
   "properties": {
    "painter": "Ribera",
    "title": "Mary Magdalene Penitent",
    "year": "1637",
    "city": "Bilbao",
    "country": "Spain",
    "location": "Bilbao Fine Arts Museum",
    "kind": "museum",
    "attribution": "attributed",
    "status": "present",
    "medium": "Oil on canvas",
    "dimensions": "195 × 148 cm",
    "genre": "religious art",
    "image": "https://commons.wikimedia.org/wiki/Special:FilePath/Jusepe%20de%20Ribera%20-%20Mary%20Magdalene%20Penitent%20-%20Google%20Art%20Project.jpg?width=420",
    "wikidata": "https://www.wikidata.org/wiki/Q28796863",
    "creation_place": "Naples",
    "creation_lat": 40.8518,
    "creation_lon": 14.2681,
    "_source": {
     "source": "Wikidata",
     "url": "https://www.wikidata.org/wiki/Q28796863",
     "retrieved_at": "2026-08-19"
    },
    "_overrides": {
     "creation": {
      "at": "2026-08-19",
      "source": "derived from start date + Caravaggio's documented itinerary (approximate)"
     }
    },
    "museum_id": "bilbao-fine-arts-museum"
   }
  },
  {
   "type": "Feature",
   "geometry": {
    "type": "Point",
    "coordinates": [
     -97.365,
     32.74861
    ]
   },
   "properties": {
    "painter": "Ribera",
    "title": "Saint Matthew",
    "year": "1632",
    "city": "Fort Worth",
    "country": "United States",
    "location": "Museo d'arte Kimbell",
    "kind": "museum",
    "attribution": "attributed",
    "status": "present",
    "medium": "Oil on canvas",
    "dimensions": "128.2 × 97.8 cm",
    "genre": "religious art",
    "image": "https://commons.wikimedia.org/wiki/Special:FilePath/Jusepe%20de%20Ribera%20-%20Saint%20Matthew%20-%20Google%20Art%20Project.jpg?width=420",
    "wikidata": "https://www.wikidata.org/wiki/Q28796864",
    "creation_place": "Naples",
    "creation_lat": 40.8518,
    "creation_lon": 14.2681,
    "_source": {
     "source": "Wikidata",
     "url": "https://www.wikidata.org/wiki/Q28796864",
     "retrieved_at": "2026-08-19"
    },
    "_overrides": {
     "creation": {
      "at": "2026-08-19",
      "source": "derived from start date + Caravaggio's documented itinerary (approximate)"
     }
    },
    "museum_id": "museo-d-arte-kimbell"
   }
  },
  {
   "type": "Feature",
   "geometry": {
    "type": "Point",
    "coordinates": [
     -2.93785,
     43.26597
    ]
   },
   "properties": {
    "painter": "Ribera",
    "title": "Saint Sebastian Tended by the Holy Women",
    "year": "1621",
    "city": "Bilbao",
    "country": "Spain",
    "location": "Bilbao Fine Arts Museum",
    "kind": "museum",
    "attribution": "attributed",
    "status": "present",
    "medium": "Oil on canvas",
    "dimensions": "231 × 180 cm",
    "genre": "religious art",
    "image": "https://commons.wikimedia.org/wiki/Special:FilePath/Jusepe%20de%20Ribera%20-%20Saint%20Sebastian%20Tended%20by%20the%20Holy%20Women%20-%20Google%20Art%20Project.jpg?width=420",
    "wikidata": "https://www.wikidata.org/wiki/Q28796865",
    "creation_place": "Naples",
    "creation_lat": 40.8518,
    "creation_lon": 14.2681,
    "_source": {
     "source": "Wikidata",
     "url": "https://www.wikidata.org/wiki/Q28796865",
     "retrieved_at": "2026-08-19"
    },
    "_overrides": {
     "creation": {
      "at": "2026-08-19",
      "source": "derived from start date + Caravaggio's documented itinerary (approximate)"
     }
    },
    "museum_id": "bilbao-fine-arts-museum"
   }
  },
  {
   "type": "Feature",
   "geometry": {
    "type": "Point",
    "coordinates": [
     8.93214,
     44.41128
    ]
   },
   "properties": {
    "painter": "Ribera",
    "title": "Saint Francis receives the Seven Privileges from the Angel",
    "city": "Genoa",
    "country": "Italy",
    "location": "Musei di Strada Nuova",
    "kind": "museum",
    "attribution": "attributed",
    "status": "present",
    "dimensions": "240 × 178 cm",
    "genre": "religious art",
    "image": "https://commons.wikimedia.org/wiki/Special:FilePath/Jusepe%20de%20Ribera%20%28and%20collaborator%29%20-%20Saint%20Francis%20receives%20the%20Seven%20Privileges%20from%20the%20Angel%20-%20Google%20Art%20Project.jpg?width=420",
    "wikidata": "https://www.wikidata.org/wiki/Q28808858",
    "_source": {
     "source": "Wikidata",
     "url": "https://www.wikidata.org/wiki/Q28808858",
     "retrieved_at": "2026-08-19"
    },
    "museum_id": "musei-di-strada-nuova"
   }
  },
  {
   "type": "Feature",
   "geometry": {
    "type": "Point",
    "coordinates": [
     -1.445178,
     43.342178
    ]
   },
   "properties": {
    "painter": "Ribera",
    "title": "St. Jerome hearing the trumpets from the Last Judgement",
    "year": "1700",
    "city": "Espelette",
    "country": "France",
    "location": "Église Saint Etienne",
    "kind": "church",
    "attribution": "attributed",
    "status": "present",
    "medium": "Oil on canvas",
    "genre": "religious art",
    "image": "https://commons.wikimedia.org/wiki/Special:FilePath/Espelette%202018%20%C3%89glise%20Saint%20Etienne%2028.jpg?width=420",
    "wikidata": "https://www.wikidata.org/wiki/Q29121628",
    "_source": {
     "source": "Wikidata",
     "url": "https://www.wikidata.org/wiki/Q29121628",
     "retrieved_at": "2026-08-19"
    },
    "museum_id": "eglise-saint-etienne"
   }
  },
  {
   "type": "Feature",
   "geometry": {
    "type": "Point",
    "coordinates": [
     5.33365,
     47.8649
    ]
   },
   "properties": {
    "painter": "Ribera",
    "title": "Christ among the doctors",
    "year": "1613",
    "city": "Langres",
    "country": "France",
    "location": "Musée d'art et d'histoire de Langres",
    "kind": "museum",
    "attribution": "attributed",
    "status": "present",
    "medium": "Oil on canvas",
    "dimensions": "210 × 288 cm",
    "genre": "religious art",
    "image": "https://commons.wikimedia.org/wiki/Special:FilePath/Ribera%2C%20Jusepe%20de%20-%20Christ%20among%20the%20docters%20-%20Mus%C3%A9e%20d%27art%20et%20d%27histoire%20de%20Langres%20-%20Google%20Art%20Project.jpg?width=420",
    "wikidata": "https://www.wikidata.org/wiki/Q29187223",
    "creation_place": "Valencia",
    "creation_lat": 39.4699,
    "creation_lon": -0.3763,
    "_source": {
     "source": "Wikidata",
     "url": "https://www.wikidata.org/wiki/Q29187223",
     "retrieved_at": "2026-08-19"
    },
    "_overrides": {
     "creation": {
      "at": "2026-08-19",
      "source": "derived from start date + Caravaggio's documented itinerary (approximate)"
     }
    },
    "museum_id": "musee-d-art-et-d-histoire-de-langres"
   }
  },
  {
   "type": "Feature",
   "geometry": {
    "type": "Point",
    "coordinates": [
     1.821861,
     43.699222
    ]
   },
   "properties": {
    "painter": "Ribera",
    "title": "Q29269167",
    "city": "Lavaur",
    "country": "France",
    "location": "Lavaur Cathedral",
    "kind": "church",
    "attribution": "attributed",
    "status": "present",
    "medium": "Canvas",
    "dimensions": "343 × 224 cm",
    "genre": "religious art",
    "image": "https://commons.wikimedia.org/wiki/Special:FilePath/%28Lavaur%29%20Crucifixion%20avec%20la%20Vierge%20saint%20Jean%20et%20saint%20J%C3%A9r%C3%B4me%20PalissyPM81000194.jpg?width=420",
    "wikidata": "https://www.wikidata.org/wiki/Q29269167",
    "_source": {
     "source": "Wikidata",
     "url": "https://www.wikidata.org/wiki/Q29269167",
     "retrieved_at": "2026-08-19"
    },
    "museum_id": "lavaur-cathedral"
   }
  },
  {
   "type": "Feature",
   "geometry": {
    "type": "Point",
    "coordinates": [
     11.57,
     48.14833
    ]
   },
   "properties": {
    "painter": "Ribera",
    "title": "Q29899680",
    "year": "1621",
    "city": "Munich",
    "country": "Germany",
    "location": "Alte Pinakothek",
    "kind": "museum",
    "attribution": "attributed",
    "status": "present",
    "dimensions": "127.5 × 94.6 cm",
    "image": "https://commons.wikimedia.org/wiki/Special:FilePath/Jusepe%20de%20Ribera%20%28Nachahmer%29%20-%20Der%20Henker%20mit%20dem%20Haupte%20Johannes%20des%20T%C3%A4ufers%20-%20969%20-%20Bavarian%20State%20Painting%20Collections.jpg?width=420",
    "wikidata": "https://www.wikidata.org/wiki/Q29899680",
    "creation_place": "Naples",
    "creation_lat": 40.8518,
    "creation_lon": 14.2681,
    "_source": {
     "source": "Wikidata",
     "url": "https://www.wikidata.org/wiki/Q29899680",
     "retrieved_at": "2026-08-19"
    },
    "_overrides": {
     "creation": {
      "at": "2026-08-19",
      "source": "derived from start date + Caravaggio's documented itinerary (approximate)"
     }
    },
    "museum_id": "alte-pinakothek"
   }
  },
  {
   "type": "Feature",
   "geometry": {
    "type": "Point",
    "coordinates": [
     11.57,
     48.14833
    ]
   },
   "properties": {
    "painter": "Ribera",
    "title": "Q29917306",
    "year": "1621",
    "city": "Munich",
    "country": "Germany",
    "location": "Alte Pinakothek",
    "kind": "museum",
    "attribution": "attributed",
    "status": "present",
    "dimensions": "44.6 × 36.9 cm",
    "genre": "portrait",
    "image": "https://commons.wikimedia.org/wiki/Special:FilePath/Jusepe%20de%20Ribera%20%28Nachfolger%29%20-%20Bildnis%20einer%20alten%20Frau%20-%205285%20-%20Bavarian%20State%20Painting%20Collections.jpg?width=420",
    "wikidata": "https://www.wikidata.org/wiki/Q29917306",
    "creation_place": "Naples",
    "creation_lat": 40.8518,
    "creation_lon": 14.2681,
    "_source": {
     "source": "Wikidata",
     "url": "https://www.wikidata.org/wiki/Q29917306",
     "retrieved_at": "2026-08-19"
    },
    "_overrides": {
     "creation": {
      "at": "2026-08-19",
      "source": "derived from start date + Caravaggio's documented itinerary (approximate)"
     }
    },
    "museum_id": "alte-pinakothek"
   }
  },
  {
   "type": "Feature",
   "geometry": {
    "type": "Point",
    "coordinates": [
     11.57178,
     48.14958
    ]
   },
   "properties": {
    "painter": "Ribera",
    "title": "Q29920348",
    "city": "Munich",
    "country": "Germany",
    "location": "Bavarian State Painting Collections",
    "kind": "museum",
    "attribution": "attributed",
    "status": "present",
    "dimensions": "74.4 × 58.2 cm",
    "genre": "religious art",
    "image": "https://commons.wikimedia.org/wiki/Special:FilePath/Jusepe%20de%20Ribera%20-%20Hl.%20Petrus%20von%20Alcantara%20in%20Meditation%20-%20909%20-%20Bavarian%20State%20Painting%20Collections.jpg?width=420",
    "wikidata": "https://www.wikidata.org/wiki/Q29920348",
    "_source": {
     "source": "Wikidata",
     "url": "https://www.wikidata.org/wiki/Q29920348",
     "retrieved_at": "2026-08-19"
    },
    "museum_id": "bavarian-state-painting-collections"
   }
  },
  {
   "type": "Feature",
   "geometry": {
    "type": "Point",
    "coordinates": [
     11.57,
     48.14833
    ]
   },
   "properties": {
    "painter": "Ribera",
    "title": "Saint Jerome",
    "year": "1621",
    "city": "Munich",
    "country": "Germany",
    "location": "Alte Pinakothek",
    "kind": "museum",
    "attribution": "attributed",
    "status": "present",
    "dimensions": "101 × 80.2 cm",
    "genre": "religious art",
    "image": "https://commons.wikimedia.org/wiki/Special:FilePath/Jusepe%20de%20Ribera%20%28Nachahmer%29%20-%20Hl.%20Hieronymus%20in%20der%20Ein%C3%B6de%20-%206661%20-%20Bavarian%20State%20Painting%20Collections.jpg?width=420",
    "wikidata": "https://www.wikidata.org/wiki/Q29939496",
    "creation_place": "Naples",
    "creation_lat": 40.8518,
    "creation_lon": 14.2681,
    "_source": {
     "source": "Wikidata",
     "url": "https://www.wikidata.org/wiki/Q29939496",
     "retrieved_at": "2026-08-19"
    },
    "_overrides": {
     "creation": {
      "at": "2026-08-19",
      "source": "derived from start date + Caravaggio's documented itinerary (approximate)"
     }
    },
    "museum_id": "alte-pinakothek"
   }
  },
  {
   "type": "Feature",
   "geometry": {
    "type": "Point",
    "coordinates": [
     11.57,
     48.14833
    ]
   },
   "properties": {
    "painter": "Ribera",
    "title": "Saint Bartholomew",
    "year": "1634",
    "city": "Munich",
    "country": "Germany",
    "location": "Alte Pinakothek",
    "kind": "museum",
    "attribution": "attributed",
    "status": "present",
    "dimensions": "76.5 × 64 cm",
    "genre": "religious art",
    "image": "https://commons.wikimedia.org/wiki/Special:FilePath/St.%20Bartholomew%20-%20Jusepe%20de%20Ribera.jpg?width=420",
    "wikidata": "https://www.wikidata.org/wiki/Q30058426",
    "creation_place": "Naples",
    "creation_lat": 40.8518,
    "creation_lon": 14.2681,
    "_source": {
     "source": "Wikidata",
     "url": "https://www.wikidata.org/wiki/Q30058426",
     "retrieved_at": "2026-08-19"
    },
    "_overrides": {
     "creation": {
      "at": "2026-08-19",
      "source": "derived from start date + Caravaggio's documented itinerary (approximate)"
     }
    },
    "museum_id": "alte-pinakothek"
   }
  },
  {
   "type": "Feature",
   "geometry": {
    "type": "Point",
    "coordinates": [
     11.57,
     48.14833
    ]
   },
   "properties": {
    "painter": "Ribera",
    "title": "St. Onuphrius",
    "year": "1621",
    "city": "Munich",
    "country": "Germany",
    "location": "Alte Pinakothek",
    "kind": "museum",
    "attribution": "attributed",
    "status": "present",
    "dimensions": "95.3 × 72 cm",
    "genre": "religious art",
    "image": "https://commons.wikimedia.org/wiki/Special:FilePath/Jusepe%20de%20Ribera%20%28Nachahmer%29%20-%20Hl.%20Onuphrius%20-%20941%20-%20Bavarian%20State%20Painting%20Collections.jpg?width=420",
    "wikidata": "https://www.wikidata.org/wiki/Q30093952",
    "creation_place": "Naples",
    "creation_lat": 40.8518,
    "creation_lon": 14.2681,
    "_source": {
     "source": "Wikidata",
     "url": "https://www.wikidata.org/wiki/Q30093952",
     "retrieved_at": "2026-08-19"
    },
    "_overrides": {
     "creation": {
      "at": "2026-08-19",
      "source": "derived from start date + Caravaggio's documented itinerary (approximate)"
     }
    },
    "museum_id": "alte-pinakothek"
   }
  },
  {
   "type": "Feature",
   "geometry": {
    "type": "Point",
    "coordinates": [
     11.57178,
     48.14958
    ]
   },
   "properties": {
    "painter": "Ribera",
    "title": "Q30096903",
    "year": "1621",
    "city": "Munich",
    "country": "Germany",
    "location": "Bavarian State Painting Collections",
    "kind": "museum",
    "attribution": "attributed",
    "status": "present",
    "dimensions": "192 × 144 cm",
    "genre": "religious art",
    "image": "https://commons.wikimedia.org/wiki/Special:FilePath/Jusepe%20de%20Ribera%20%28Nachfolger%29%20-%20Hl.%20Hieronymus%20-%20470%20-%20Bavarian%20State%20Painting%20Collections.jpg?width=420",
    "wikidata": "https://www.wikidata.org/wiki/Q30096903",
    "creation_place": "Naples",
    "creation_lat": 40.8518,
    "creation_lon": 14.2681,
    "_source": {
     "source": "Wikidata",
     "url": "https://www.wikidata.org/wiki/Q30096903",
     "retrieved_at": "2026-08-19"
    },
    "_overrides": {
     "creation": {
      "at": "2026-08-19",
      "source": "derived from start date + Caravaggio's documented itinerary (approximate)"
     }
    },
    "museum_id": "bavarian-state-painting-collections"
   }
  },
  {
   "type": "Feature",
   "geometry": {
    "type": "Point",
    "coordinates": [
     11.57,
     48.14833
    ]
   },
   "properties": {
    "painter": "Ribera",
    "title": "Q30097186",
    "year": "1621",
    "city": "Munich",
    "country": "Germany",
    "location": "Alte Pinakothek",
    "kind": "museum",
    "attribution": "attributed",
    "status": "present",
    "dimensions": "100.5 × 111.3 cm",
    "genre": "religious art",
    "image": "https://commons.wikimedia.org/wiki/Special:FilePath/Jusepe%20de%20Ribera%20%28Nachahmer%29%20-%20Martyrium%20des%20hl.%20Bartholom%C3%A4us%20-%204949%20-%20Bavarian%20State%20Painting%20Collections.jpg?width=420",
    "wikidata": "https://www.wikidata.org/wiki/Q30097186",
    "creation_place": "Naples",
    "creation_lat": 40.8518,
    "creation_lon": 14.2681,
    "_source": {
     "source": "Wikidata",
     "url": "https://www.wikidata.org/wiki/Q30097186",
     "retrieved_at": "2026-08-19"
    },
    "_overrides": {
     "creation": {
      "at": "2026-08-19",
      "source": "derived from start date + Caravaggio's documented itinerary (approximate)"
     }
    },
    "museum_id": "alte-pinakothek"
   }
  },
  {
   "type": "Feature",
   "geometry": {
    "type": "Point",
    "coordinates": [
     13.36472,
     52.50861
    ]
   },
   "properties": {
    "painter": "Ribera",
    "title": "Portrait of a Man",
    "year": "1613",
    "city": "Bezirk Mitte",
    "country": "Germany",
    "location": "Gemäldegalerie Berlin",
    "kind": "museum",
    "attribution": "attributed",
    "status": "present",
    "medium": "Oil on canvas",
    "dimensions": "76.1 × 63.6 cm",
    "genre": "portrait",
    "image": "https://commons.wikimedia.org/wiki/Special:FilePath/Jusepe%20de%20Ribera%20%281591%20-%201652%29%20-%20Bust%20Portrait%20of%20a%20Man%20-%20354%20-%20Gem%C3%A4ldegalerie.jpg?width=420",
    "wikidata": "https://www.wikidata.org/wiki/Q35484087",
    "creation_place": "Valencia",
    "creation_lat": 39.4699,
    "creation_lon": -0.3763,
    "_source": {
     "source": "Wikidata",
     "url": "https://www.wikidata.org/wiki/Q35484087",
     "retrieved_at": "2026-08-19"
    },
    "_overrides": {
     "creation": {
      "at": "2026-08-19",
      "source": "derived from start date + Caravaggio's documented itinerary (approximate)"
     }
    },
    "museum_id": "gemaldegalerie-berlin"
   }
  },
  {
   "type": "Feature",
   "geometry": {
    "type": "Point",
    "coordinates": [
     13.36472,
     52.50861
    ]
   },
   "properties": {
    "painter": "Ribera",
    "title": "Madonna with the Christ Child and Saint Bruno",
    "year": "1624",
    "city": "Bezirk Mitte",
    "country": "Germany",
    "location": "Gemäldegalerie Berlin",
    "kind": "museum",
    "attribution": "attributed",
    "status": "present",
    "medium": "Oil on canvas",
    "dimensions": "205 × 153.6 cm",
    "genre": "religious art",
    "image": "https://commons.wikimedia.org/wiki/Special:FilePath/Jusepe%20de%20Ribera%20%281591%20-%201652%29%20-%20Madonna%20with%20the%20Christ%20Child%20and%20Saint%20Bruno%20-%202011.1%20-%20Gem%C3%A4ldegalerie.jpg?width=420",
    "wikidata": "https://www.wikidata.org/wiki/Q35501232",
    "creation_place": "Naples",
    "creation_lat": 40.8518,
    "creation_lon": 14.2681,
    "_source": {
     "source": "Wikidata",
     "url": "https://www.wikidata.org/wiki/Q35501232",
     "retrieved_at": "2026-08-19"
    },
    "_overrides": {
     "creation": {
      "at": "2026-08-19",
      "source": "derived from start date + Caravaggio's documented itinerary (approximate)"
     }
    },
    "museum_id": "gemaldegalerie-berlin"
   }
  },
  {
   "type": "Feature",
   "geometry": {
    "type": "Point",
    "coordinates": [
     -3.6922,
     40.4139
    ]
   },
   "properties": {
    "painter": "Ribera",
    "title": "Women Gladiators",
    "year": "1636",
    "city": "Madrid",
    "country": "Spain",
    "location": "Museo del Prado",
    "kind": "museum",
    "attribution": "generally accepted",
    "status": "present",
    "medium": "Oil on canvas",
    "dimensions": "235 × 212 cm",
    "image": "https://commons.wikimedia.org/wiki/Special:FilePath/Jos%C3%A9%20de%20Ribera%20026.jpg?width=420",
    "wikipedia_es": "https://es.wikipedia.org/wiki/Combate_de_mujeres",
    "wikipedia_en": "https://en.wikipedia.org/wiki/Women_Gladiators_(Ribera)",
    "wikipedia_it": "https://it.wikipedia.org/wiki/Duello_tra_donne",
    "wikidata": "https://www.wikidata.org/wiki/Q3716086",
    "creation_place": "Naples",
    "creation_lat": 40.8518,
    "creation_lon": 14.2681,
    "_source": {
     "source": "Wikidata",
     "url": "https://www.wikidata.org/wiki/Q3716086",
     "retrieved_at": "2026-08-19"
    },
    "_overrides": {
     "creation": {
      "at": "2026-08-19",
      "source": "derived from start date + Caravaggio's documented itinerary (approximate)"
     }
    },
    "museum_id": "museo-del-prado"
   }
  },
  {
   "type": "Feature",
   "geometry": {
    "type": "Point",
    "coordinates": [
     2.15331,
     41.36833
    ]
   },
   "properties": {
    "painter": "Ribera",
    "title": "Martyrdom of Saint Bartholomew",
    "year": "1644",
    "city": "Barcelona",
    "country": "Spain",
    "location": "Museu Nacional d'Art de Catalunya",
    "kind": "museum",
    "attribution": "generally accepted",
    "status": "present",
    "medium": "Oil on canvas",
    "dimensions": "2020 × 1530 cm",
    "genre": "religious art",
    "image": "https://commons.wikimedia.org/wiki/Special:FilePath/Martyrdom%20of%20Saint%20Bartholomew%20at%20MNAC.jpg?width=420",
    "wikipedia_es": "https://es.wikipedia.org/wiki/Martirio_de_San_Bartolom%C3%A9_(Ribera)",
    "wikipedia_en": "https://en.wikipedia.org/wiki/The_Martyrdom_of_Saint_Bartholomew_(Ribera,_1644)",
    "wikidata": "https://www.wikidata.org/wiki/Q3815174",
    "creation_place": "Naples",
    "creation_lat": 40.8518,
    "creation_lon": 14.2681,
    "_source": {
     "source": "Wikidata",
     "url": "https://www.wikidata.org/wiki/Q3815174",
     "retrieved_at": "2026-08-19"
    },
    "_overrides": {
     "creation": {
      "at": "2026-08-19",
      "source": "derived from start date + Caravaggio's documented itinerary (approximate)"
     }
    },
    "museum_id": "museu-nacional-d-art-de-catalunya"
   }
  },
  {
   "type": "Feature",
   "geometry": {
    "type": "Point",
    "coordinates": [
     2.3358,
     48.8611
    ]
   },
   "properties": {
    "painter": "Ribera",
    "title": "Magdalena Ventura with Her Husband and Son",
    "year": "1631",
    "city": "Paris",
    "country": "France",
    "location": "Louvre",
    "kind": "museum",
    "attribution": "generally accepted",
    "status": "present",
    "medium": "Oil on canvas",
    "dimensions": "212 × 144 cm",
    "genre": "group portrait",
    "image": "https://commons.wikimedia.org/wiki/Special:FilePath/Mujer%20barbuda%20ribera.jpg?width=420",
    "wikipedia_es": "https://es.wikipedia.org/wiki/La_mujer_barbuda_(Magdalena_Ventura_con_su_marido)",
    "wikipedia_en": "https://en.wikipedia.org/wiki/Magdalena_Ventura_with_Her_Husband_and_Son",
    "wikipedia_it": "https://it.wikipedia.org/wiki/Maddalena_Ventura_con_il_marito_e_il_figlio",
    "wikidata": "https://www.wikidata.org/wiki/Q3842290",
    "creation_place": "Naples",
    "creation_lat": 40.8518,
    "creation_lon": 14.2681,
    "_source": {
     "source": "Wikidata",
     "url": "https://www.wikidata.org/wiki/Q3842290",
     "retrieved_at": "2026-08-19"
    },
    "_overrides": {
     "creation": {
      "at": "2026-08-19",
      "source": "derived from start date + Caravaggio's documented itinerary (approximate)"
     }
    },
    "museum_id": "louvre"
   }
  },
  {
   "type": "Feature",
   "geometry": {
    "type": "Point",
    "coordinates": [
     14.2407,
     40.8431
    ]
   },
   "properties": {
    "painter": "Ribera",
    "title": "Lamentation over the dead Christ",
    "year": "1637",
    "city": "Naples",
    "country": "Italy",
    "location": "Museo Nazionale di San Martino",
    "kind": "museum",
    "attribution": "generally accepted",
    "status": "present",
    "medium": "Oil on canvas",
    "dimensions": "264 × 170 cm",
    "genre": "religious art",
    "image": "https://commons.wikimedia.org/wiki/Special:FilePath/Jos%C3%A9%20de%20Ribera%20058.jpg?width=420",
    "wikipedia_es": "https://es.wikipedia.org/wiki/La_Piedad_(Ribera,_N%C3%A1poles)",
    "wikipedia_en": "https://en.wikipedia.org/wiki/Piet%C3%A0_(Ribera,_Naples)",
    "wikipedia_it": "https://it.wikipedia.org/wiki/Piet%C3%A0_(Ribera_Napoli)",
    "wikidata": "https://www.wikidata.org/wiki/Q3904402",
    "creation_place": "Naples",
    "creation_lat": 40.8518,
    "creation_lon": 14.2681,
    "_source": {
     "source": "Wikidata",
     "url": "https://www.wikidata.org/wiki/Q3904402",
     "retrieved_at": "2026-08-19"
    },
    "_overrides": {
     "creation": {
      "at": "2026-08-19",
      "source": "derived from start date + Caravaggio's documented itinerary (approximate)"
     }
    },
    "museum_id": "museo-nazionale-di-san-martino"
   }
  },
  {
   "type": "Feature",
   "geometry": {
    "type": "Point",
    "coordinates": [
     14.259534,
     40.852361
    ]
   },
   "properties": {
    "painter": "Ribera",
    "title": "Saint Januarius leaves the furnace",
    "year": "1646",
    "city": "Naples",
    "country": "Italy",
    "location": "Royal Chapel of the Treasure of San Gennaro",
    "kind": "church",
    "attribution": "generally accepted",
    "status": "present",
    "medium": "Oil on copper",
    "dimensions": "320 × 200 cm",
    "genre": "religious art",
    "image": "https://commons.wikimedia.org/wiki/Special:FilePath/Napoli-Ribera-San-Gennaro.jpg?width=420",
    "wikipedia_es": "https://es.wikipedia.org/wiki/San_Jenaro_sale_ileso_del_horno",
    "wikipedia_en": "https://en.wikipedia.org/wiki/Saint_Januarius_Emerges_Unscathed_from_the_Furnace",
    "wikipedia_it": "https://it.wikipedia.org/wiki/San_Gennaro_esce_illeso_dalla_fornace",
    "wikidata": "https://www.wikidata.org/wiki/Q3947170",
    "creation_place": "Naples",
    "creation_lat": 40.8518,
    "creation_lon": 14.2681,
    "_source": {
     "source": "Wikidata",
     "url": "https://www.wikidata.org/wiki/Q3947170",
     "retrieved_at": "2026-08-19"
    },
    "_overrides": {
     "creation": {
      "at": "2026-08-19",
      "source": "derived from start date + Caravaggio's documented itinerary (approximate)"
     }
    },
    "museum_id": "royal-chapel-of-the-treasure-of-san-gennaro"
   }
  },
  {
   "type": "Feature",
   "geometry": {
    "type": "Point",
    "coordinates": [
     14.2583,
     40.85301
    ]
   },
   "properties": {
    "painter": "Ribera",
    "title": "Saint Andrew",
    "year": "1616",
    "city": "Naples",
    "country": "Italy",
    "location": "Picture gallery of the Girolamini",
    "kind": "museum",
    "attribution": "generally accepted",
    "status": "present",
    "dimensions": "136 × 112 cm",
    "genre": "religious art",
    "image": "https://commons.wikimedia.org/wiki/Special:FilePath/SpagnolettoStAndreaGirolamNaples.jpg?width=420",
    "wikipedia_en": "https://en.wikipedia.org/wiki/Saint_Andrew_(Ribera,_Naples)",
    "wikipedia_it": "https://it.wikipedia.org/wiki/Sant%27Andrea_(Ribera_Napoli)",
    "wikidata": "https://www.wikidata.org/wiki/Q3948701",
    "creation_place": "Naples",
    "creation_lat": 40.8518,
    "creation_lon": 14.2681,
    "_source": {
     "source": "Wikidata",
     "url": "https://www.wikidata.org/wiki/Q3948701",
     "retrieved_at": "2026-08-19"
    },
    "_overrides": {
     "creation": {
      "at": "2026-08-19",
      "source": "derived from start date + Caravaggio's documented itinerary (approximate)"
     }
    },
    "museum_id": "picture-gallery-of-the-girolamini"
   }
  },
  {
   "type": "Feature",
   "geometry": {
    "type": "Point",
    "coordinates": [
     9.41611,
     51.315
    ]
   },
   "properties": {
    "painter": "Ribera",
    "title": "Saint Agnes",
    "year": "1640",
    "city": "Kassel",
    "country": "Germany",
    "location": "Gemäldegalerie Alte Meister",
    "kind": "museum",
    "attribution": "attributed",
    "status": "present",
    "medium": "Oil on canvas",
    "dimensions": "203.5 × 154 cm",
    "genre": "religious art",
    "image": "https://commons.wikimedia.org/wiki/Special:FilePath/Jos%C3%A9%20de%20Ribera%20027.jpg?width=420",
    "wikidata": "https://www.wikidata.org/wiki/Q4411306",
    "creation_place": "Naples",
    "creation_lat": 40.8518,
    "creation_lon": 14.2681,
    "_source": {
     "source": "Wikidata",
     "url": "https://www.wikidata.org/wiki/Q4411306",
     "retrieved_at": "2026-08-19"
    },
    "_overrides": {
     "creation": {
      "at": "2026-08-19",
      "source": "derived from start date + Caravaggio's documented itinerary (approximate)"
     }
    },
    "museum_id": "gemaldegalerie-alte-meister"
   }
  },
  {
   "type": "Feature",
   "geometry": {
    "type": "Point",
    "coordinates": [
     -86.18565,
     39.82602
    ]
   },
   "properties": {
    "painter": "Ribera",
    "title": "Aristotle",
    "year": "1637",
    "city": "Indianapolis",
    "country": "United States",
    "location": "Museo de Arte de Indianápolis",
    "kind": "museum",
    "attribution": "generally accepted",
    "status": "present",
    "medium": "Oil on canvas",
    "dimensions": "49 × 39 cm",
    "genre": "history painting",
    "image": "https://commons.wikimedia.org/wiki/Special:FilePath/Ribera%2C%20Jusepe%20de%20-%20Aristotle%20-%20Google%20Art%20Project.jpg?width=420",
    "wikipedia_es": "https://es.wikipedia.org/wiki/Arist%C3%B3teles_(Ribera)",
    "wikipedia_en": "https://en.wikipedia.org/wiki/Aristotle_(Ribera)",
    "wikidata": "https://www.wikidata.org/wiki/Q4791095",
    "creation_place": "Naples",
    "creation_lat": 40.8518,
    "creation_lon": 14.2681,
    "_source": {
     "source": "Wikidata",
     "url": "https://www.wikidata.org/wiki/Q4791095",
     "retrieved_at": "2026-08-19"
    },
    "_overrides": {
     "creation": {
      "at": "2026-08-19",
      "source": "derived from start date + Caravaggio's documented itinerary (approximate)"
     }
    },
    "museum_id": "museo-de-arte-de-indianapolis"
   }
  },
  {
   "type": "Feature",
   "geometry": {
    "type": "Point",
    "coordinates": [
     9.41611,
     51.315
    ]
   },
   "properties": {
    "painter": "Ribera",
    "title": "The Martyrdom of Saint Lawrence",
    "year": "1625",
    "city": "Kassel",
    "country": "Germany",
    "location": "Gemäldegalerie Alte Meister",
    "kind": "museum",
    "attribution": "attributed",
    "status": "present",
    "medium": "Oil on canvas",
    "dimensions": "206 × 154 cm",
    "genre": "religious art",
    "image": "https://commons.wikimedia.org/wiki/Special:FilePath/Ribera%20-%20Martyrium%20des%20heiligen%20Laurentius%2C%20um%201625.jpg?width=420",
    "wikidata": "https://www.wikidata.org/wiki/Q50323577",
    "creation_place": "Naples",
    "creation_lat": 40.8518,
    "creation_lon": 14.2681,
    "_source": {
     "source": "Wikidata",
     "url": "https://www.wikidata.org/wiki/Q50323577",
     "retrieved_at": "2026-08-19"
    },
    "_overrides": {
     "creation": {
      "at": "2026-08-19",
      "source": "derived from start date + Caravaggio's documented itinerary (approximate)"
     }
    },
    "museum_id": "gemaldegalerie-alte-meister"
   }
  },
  {
   "type": "Feature",
   "geometry": {
    "type": "Point",
    "coordinates": [
     9.41611,
     51.315
    ]
   },
   "properties": {
    "painter": "Ribera",
    "title": "Diogenes",
    "year": "1637",
    "city": "Kassel",
    "country": "Germany",
    "location": "Gemäldegalerie Alte Meister",
    "kind": "museum",
    "attribution": "attributed",
    "status": "present",
    "medium": "Oil on canvas",
    "dimensions": "76 × 61 cm",
    "genre": "history painting",
    "image": "https://commons.wikimedia.org/wiki/Special:FilePath/Jos%C3%A9%20de%20Ribera%20-%20Diogenes.jpg?width=420",
    "wikidata": "https://www.wikidata.org/wiki/Q50325018",
    "creation_place": "Naples",
    "creation_lat": 40.8518,
    "creation_lon": 14.2681,
    "_source": {
     "source": "Wikidata",
     "url": "https://www.wikidata.org/wiki/Q50325018",
     "retrieved_at": "2026-08-19"
    },
    "_overrides": {
     "creation": {
      "at": "2026-08-19",
      "source": "derived from start date + Caravaggio's documented itinerary (approximate)"
     }
    },
    "museum_id": "gemaldegalerie-alte-meister"
   }
  },
  {
   "type": "Feature",
   "geometry": {
    "type": "Point",
    "coordinates": [
     19.07678,
     47.51587
    ]
   },
   "properties": {
    "painter": "Ribera",
    "title": "Saint Thomas",
    "year": "1609",
    "city": "Zugló",
    "country": "Hungary",
    "location": "Museum of Fine Arts, Budapest",
    "kind": "museum",
    "attribution": "attributed",
    "status": "present",
    "medium": "Oil on canvas",
    "dimensions": "105 × 84.5 cm",
    "genre": "religious art",
    "wikidata": "https://www.wikidata.org/wiki/Q50912292",
    "creation_place": "Valencia",
    "creation_lat": 39.4699,
    "creation_lon": -0.3763,
    "_source": {
     "source": "Wikidata",
     "url": "https://www.wikidata.org/wiki/Q50912292",
     "retrieved_at": "2026-08-19"
    },
    "_overrides": {
     "creation": {
      "at": "2026-08-19",
      "source": "derived from start date + Caravaggio's documented itinerary (approximate)"
     }
    },
    "museum_id": "museum-of-fine-arts-budapest-2"
   }
  },
  {
   "type": "Feature",
   "geometry": {
    "type": "Point",
    "coordinates": [
     19.07678,
     47.51587
    ]
   },
   "properties": {
    "painter": "Ribera",
    "title": "Saint Jerome",
    "year": "1620",
    "city": "Zugló",
    "country": "Hungary",
    "location": "Museum of Fine Arts, Budapest",
    "kind": "museum",
    "attribution": "attributed",
    "status": "present",
    "medium": "Oil on canvas",
    "dimensions": "123.5 × 95.5 cm",
    "genre": "religious art",
    "wikidata": "https://www.wikidata.org/wiki/Q50932954",
    "creation_place": "Naples",
    "creation_lat": 40.8518,
    "creation_lon": 14.2681,
    "_source": {
     "source": "Wikidata",
     "url": "https://www.wikidata.org/wiki/Q50932954",
     "retrieved_at": "2026-08-19"
    },
    "_overrides": {
     "creation": {
      "at": "2026-08-19",
      "source": "derived from start date + Caravaggio's documented itinerary (approximate)"
     }
    },
    "museum_id": "museum-of-fine-arts-budapest-2"
   }
  },
  {
   "type": "Feature",
   "geometry": {
    "type": "Point",
    "coordinates": [
     19.07678,
     47.51587
    ]
   },
   "properties": {
    "painter": "Ribera",
    "title": "Saint Francis in Ecstasy",
    "city": "Zugló",
    "country": "Hungary",
    "location": "Museum of Fine Arts, Budapest",
    "kind": "museum",
    "attribution": "attributed",
    "status": "present",
    "medium": "Oil on canvas",
    "dimensions": "255 × 172 cm",
    "genre": "religious art",
    "wikidata": "https://www.wikidata.org/wiki/Q50934571",
    "_source": {
     "source": "Wikidata",
     "url": "https://www.wikidata.org/wiki/Q50934571",
     "retrieved_at": "2026-08-19"
    },
    "museum_id": "museum-of-fine-arts-budapest-2"
   }
  },
  {
   "type": "Feature",
   "geometry": {
    "type": "Point",
    "coordinates": [
     19.07678,
     47.51587
    ]
   },
   "properties": {
    "painter": "Ribera",
    "title": "Saint Sebastian",
    "city": "Zugló",
    "country": "Hungary",
    "location": "Museum of Fine Arts, Budapest",
    "kind": "museum",
    "attribution": "attributed",
    "status": "present",
    "medium": "Oil on canvas",
    "dimensions": "122 × 90 cm",
    "genre": "religious art",
    "wikidata": "https://www.wikidata.org/wiki/Q50943004",
    "_source": {
     "source": "Wikidata",
     "url": "https://www.wikidata.org/wiki/Q50943004",
     "retrieved_at": "2026-08-19"
    },
    "museum_id": "museum-of-fine-arts-budapest-2"
   }
  },
  {
   "type": "Feature",
   "geometry": {
    "type": "Point",
    "coordinates": [
     19.07678,
     47.51587
    ]
   },
   "properties": {
    "painter": "Ribera",
    "title": "Saint Paul the Hermit",
    "city": "Zugló",
    "country": "Hungary",
    "location": "Museum of Fine Arts, Budapest",
    "kind": "museum",
    "attribution": "attributed",
    "status": "present",
    "medium": "Oil on canvas",
    "dimensions": "130 × 98.5 cm",
    "genre": "religious art",
    "wikidata": "https://www.wikidata.org/wiki/Q50987581",
    "_source": {
     "source": "Wikidata",
     "url": "https://www.wikidata.org/wiki/Q50987581",
     "retrieved_at": "2026-08-19"
    },
    "museum_id": "museum-of-fine-arts-budapest-2"
   }
  },
  {
   "type": "Feature",
   "geometry": {
    "type": "Point",
    "coordinates": [
     -3.70071,
     40.41779
    ]
   },
   "properties": {
    "painter": "Ribera",
    "title": "The Assumption of Mary Magdalene",
    "year": "1636",
    "city": "Madrid",
    "country": "Spain",
    "location": "Royal Academy of Fine Arts of San Fernando",
    "kind": "museum",
    "attribution": "generally accepted",
    "status": "present",
    "medium": "Oil on canvas",
    "dimensions": "231 × 173 cm",
    "image": "https://commons.wikimedia.org/wiki/Special:FilePath/Jos%C3%A9%20de%20Ribera%20-%20Asunci%C3%B3n%20de%20la%20Magdalena%20-%20Google%20Art%20Project.jpg?width=420",
    "wikipedia_es": "https://es.wikipedia.org/wiki/Asunci%C3%B3n_de_la_Magdalena",
    "wikipedia_en": "https://en.wikipedia.org/wiki/The_Assumption_of_Mary_Magdalene",
    "wikidata": "https://www.wikidata.org/wiki/Q51955232",
    "creation_place": "Naples",
    "creation_lat": 40.8518,
    "creation_lon": 14.2681,
    "_source": {
     "source": "Wikidata",
     "url": "https://www.wikidata.org/wiki/Q51955232",
     "retrieved_at": "2026-08-19"
    },
    "_overrides": {
     "creation": {
      "at": "2026-08-19",
      "source": "derived from start date + Caravaggio's documented itinerary (approximate)"
     }
    },
    "museum_id": "royal-academy-of-fine-arts-of-san-fernando"
   }
  },
  {
   "type": "Feature",
   "geometry": {
    "type": "Point",
    "coordinates": [
     -2.03226,
     50.81094
    ]
   },
   "properties": {
    "painter": "Ribera",
    "title": "Head of a Bearded Man in a Red Cloak, a Study for Saint James of Compostella",
    "year": "1632",
    "country": "United Kingdom",
    "location": "National Trust",
    "kind": "museum",
    "attribution": "attributed",
    "status": "present",
    "medium": "Oil on canvas",
    "dimensions": "59.1 × 48.3 cm",
    "genre": "religious art",
    "wikidata": "https://www.wikidata.org/wiki/Q52209384",
    "creation_place": "Naples",
    "creation_lat": 40.8518,
    "creation_lon": 14.2681,
    "_source": {
     "source": "Wikidata",
     "url": "https://www.wikidata.org/wiki/Q52209384",
     "retrieved_at": "2026-08-19"
    },
    "_overrides": {
     "creation": {
      "at": "2026-08-19",
      "source": "derived from start date + Caravaggio's documented itinerary (approximate)"
     }
    },
    "museum_id": "national-trust",
    "city": "Kingston Lacy"
   }
  },
  {
   "type": "Feature",
   "geometry": {
    "type": "Point",
    "coordinates": [
     -117.15043,
     32.73216
    ]
   },
   "properties": {
    "painter": "Ribera",
    "title": "David with the Head of Goliath",
    "year": "1642",
    "city": "San Diego",
    "country": "United States",
    "location": "San Diego Museum of Art",
    "kind": "museum",
    "attribution": "generally accepted",
    "status": "present",
    "medium": "Oil on canvas",
    "dimensions": "128.3 × 97.8 cm",
    "genre": "religious art",
    "image": "https://commons.wikimedia.org/wiki/Special:FilePath/David%20with%20the%20Head%20of%20Goliath%20by%20Antonio%20de%20Bellis%2C%20San%20Diego%20Museum%20of%20Art.JPG?width=420",
    "wikipedia_en": "https://en.wikipedia.org/wiki/David_with_the_Head_of_Goliath_(Massimo_Stanzione)",
    "wikidata": "https://www.wikidata.org/wiki/Q5241508",
    "creation_place": "Naples",
    "creation_lat": 40.8518,
    "creation_lon": 14.2681,
    "_source": {
     "source": "Wikidata",
     "url": "https://www.wikidata.org/wiki/Q5241508",
     "retrieved_at": "2026-08-19"
    },
    "_overrides": {
     "creation": {
      "at": "2026-08-19",
      "source": "derived from start date + Caravaggio's documented itinerary (approximate)"
     }
    },
    "museum_id": "san-diego-museum-of-art"
   }
  },
  {
   "type": "Feature",
   "geometry": {
    "type": "Point",
    "coordinates": [
     9.41611,
     51.315
    ]
   },
   "properties": {
    "painter": "Ribera",
    "title": "Mater Dolorosa",
    "year": "1638",
    "city": "Kassel",
    "country": "Germany",
    "location": "Gemäldegalerie Alte Meister",
    "kind": "museum",
    "attribution": "attributed",
    "status": "present",
    "medium": "Oil on canvas",
    "dimensions": "77 × 64 cm",
    "genre": "religious art",
    "image": "https://commons.wikimedia.org/wiki/Special:FilePath/Jos%C3%A9%20de%20Ribera%20-%20Mater%20Dolorosa%20-%20WGA19380.jpg?width=420",
    "wikidata": "https://www.wikidata.org/wiki/Q55865077",
    "creation_place": "Naples",
    "creation_lat": 40.8518,
    "creation_lon": 14.2681,
    "_source": {
     "source": "Wikidata",
     "url": "https://www.wikidata.org/wiki/Q55865077",
     "retrieved_at": "2026-08-19"
    },
    "_overrides": {
     "creation": {
      "at": "2026-08-19",
      "source": "derived from start date + Caravaggio's documented itinerary (approximate)"
     }
    },
    "museum_id": "gemaldegalerie-alte-meister"
   }
  },
  {
   "type": "Feature",
   "geometry": {
    "type": "Point",
    "coordinates": [
     2.2417,
     43.6036
    ]
   },
   "properties": {
    "painter": "Ribera",
    "title": "Martyrdom of Saint Andrew",
    "year": "1650-1700",
    "city": "Castres",
    "country": "France",
    "location": "Goya Museum",
    "kind": "museum",
    "attribution": "attributed",
    "status": "present",
    "medium": "Oil on canvas",
    "dimensions": "218 × 198 cm",
    "genre": "religious art",
    "image": "https://commons.wikimedia.org/wiki/Special:FilePath/%28Castres%29%20Jos%C3%A9%20de%20Ribera%20-%20Martyr%20de%20saint%20Andr%C3%A9%20-%20Mus%C3%A9e%20Goya.jpg?width=420",
    "wikidata": "https://www.wikidata.org/wiki/Q56702481",
    "creation_place": "Naples",
    "creation_lat": 40.8518,
    "creation_lon": 14.2681,
    "_source": {
     "source": "Wikidata",
     "url": "https://www.wikidata.org/wiki/Q56702481",
     "retrieved_at": "2026-08-19"
    },
    "_overrides": {
     "creation": {
      "at": "2026-08-19",
      "source": "derived from start date + Caravaggio's documented itinerary (approximate)"
     }
    },
    "museum_id": "goya-museum"
   }
  },
  {
   "type": "Feature",
   "geometry": {
    "type": "Point",
    "coordinates": [
     2.2417,
     43.6036
    ]
   },
   "properties": {
    "painter": "Ribera",
    "title": "Q56702535",
    "year": "1636",
    "city": "Castres",
    "country": "France",
    "location": "Goya Museum",
    "kind": "museum",
    "attribution": "attributed",
    "status": "present",
    "medium": "Oil on canvas",
    "dimensions": "1.3 × 1 cm",
    "genre": "religious art",
    "image": "https://commons.wikimedia.org/wiki/Special:FilePath/%28Castres%29%20Jos%C3%A9%20de%20Ribera%20-%20Saint%20Augustin%20-%20Mus%C3%A9e%20Goya.jpg?width=420",
    "wikidata": "https://www.wikidata.org/wiki/Q56702535",
    "creation_place": "Naples",
    "creation_lat": 40.8518,
    "creation_lon": 14.2681,
    "_source": {
     "source": "Wikidata",
     "url": "https://www.wikidata.org/wiki/Q56702535",
     "retrieved_at": "2026-08-19"
    },
    "_overrides": {
     "creation": {
      "at": "2026-08-19",
      "source": "derived from start date + Caravaggio's documented itinerary (approximate)"
     }
    },
    "museum_id": "goya-museum"
   }
  },
  {
   "type": "Feature",
   "geometry": {
    "type": "Point",
    "coordinates": [
     4.35824,
     50.84168
    ]
   },
   "properties": {
    "painter": "Ribera",
    "title": "Apollo Flaying Marsyas",
    "year": "1637",
    "city": "Brussels-Capital Region",
    "country": "Belgium",
    "location": "Royal Museums of Fine Arts of Belgium",
    "kind": "museum",
    "attribution": "generally accepted",
    "status": "present",
    "medium": "Oil on canvas",
    "dimensions": "202 × 255 cm",
    "genre": "mythological painting",
    "image": "https://commons.wikimedia.org/wiki/Special:FilePath/Jos%C3%A9%20de%20Ribera%20-%20Apollo%20Flaying%20Marsyas%20-%20WGA19374.jpg?width=420",
    "wikipedia_es": "https://es.wikipedia.org/wiki/Apolo_y_Marsias",
    "wikipedia_en": "https://en.wikipedia.org/wiki/Apollo_and_Marsyas_(Ribera,_Brussels)",
    "wikidata": "https://www.wikidata.org/wiki/Q5701552",
    "creation_place": "Naples",
    "creation_lat": 40.8518,
    "creation_lon": 14.2681,
    "_source": {
     "source": "Wikidata",
     "url": "https://www.wikidata.org/wiki/Q5701552",
     "retrieved_at": "2026-08-19"
    },
    "_overrides": {
     "creation": {
      "at": "2026-08-19",
      "source": "derived from start date + Caravaggio's documented itinerary (approximate)"
     }
    },
    "museum_id": "royal-museums-of-fine-arts-of-belgium"
   }
  },
  {
   "type": "Feature",
   "geometry": {
    "type": "Point",
    "coordinates": [
     11.25528,
     43.76833
    ]
   },
   "properties": {
    "painter": "Ribera",
    "title": "Martyrdom of St. Bartholomew",
    "year": "1635",
    "city": "Florence",
    "country": "Italy",
    "location": "Uffizi Gallery",
    "kind": "museum",
    "attribution": "generally accepted",
    "status": "present",
    "medium": "Oil paint",
    "genre": "religious art",
    "image": "https://commons.wikimedia.org/wiki/Special:FilePath/Jos%C3%A9%20de%20Ribera%20053.jpg?width=420",
    "wikipedia_en": "https://en.wikipedia.org/wiki/The_Martyrdom_of_Saint_Bartholomew_(Ribera,_1630%E2%80%931640)",
    "wikidata": "https://www.wikidata.org/wiki/Q57081221",
    "creation_place": "Naples",
    "creation_lat": 40.8518,
    "creation_lon": 14.2681,
    "_source": {
     "source": "Wikidata",
     "url": "https://www.wikidata.org/wiki/Q57081221",
     "retrieved_at": "2026-08-19"
    },
    "_overrides": {
     "creation": {
      "at": "2026-08-19",
      "source": "derived from start date + Caravaggio's documented itinerary (approximate)"
     }
    },
    "museum_id": "uffizi-gallery"
   }
  },
  {
   "type": "Feature",
   "geometry": {
    "type": "Point",
    "coordinates": [
     12.48953,
     41.90278
    ]
   },
   "properties": {
    "painter": "Ribera",
    "title": "The Denial of Saint Peter",
    "year": "1616",
    "city": "Rome",
    "country": "Italy",
    "location": "Galleria Nazionale d'Arte Antica",
    "kind": "museum",
    "attribution": "generally accepted",
    "status": "present",
    "medium": "Oil on canvas",
    "dimensions": "163 × 233 cm",
    "genre": "religious art",
    "image": "https://commons.wikimedia.org/wiki/Special:FilePath/Jusepe%20de%20Ribera%20-%20La%20negaci%C3%B3n%20de%20San%20Pedro.jpg?width=420",
    "wikipedia_es": "https://es.wikipedia.org/wiki/La_negaci%C3%B3n_de_San_Pedro_(Ribera)",
    "wikidata": "https://www.wikidata.org/wiki/Q5967516",
    "creation_place": "Naples",
    "creation_lat": 40.8518,
    "creation_lon": 14.2681,
    "_source": {
     "source": "Wikidata",
     "url": "https://www.wikidata.org/wiki/Q5967516",
     "retrieved_at": "2026-08-19"
    },
    "_overrides": {
     "creation": {
      "at": "2026-08-19",
      "source": "derived from start date + Caravaggio's documented itinerary (approximate)"
     }
    },
    "museum_id": "galleria-nazionale-d-arte-antica"
   }
  },
  {
   "type": "Feature",
   "geometry": {
    "type": "Point",
    "coordinates": [
     -3.6922,
     40.4139
    ]
   },
   "properties": {
    "painter": "Ribera",
    "title": "San Agustín en oración",
    "year": "1601",
    "city": "Madrid",
    "country": "Spain",
    "location": "Museo del Prado",
    "kind": "museum",
    "attribution": "attributed",
    "status": "present",
    "medium": "Oil on canvas",
    "dimensions": "203 × 150 cm",
    "image": "https://commons.wikimedia.org/wiki/Special:FilePath/San%20Agust%C3%ADn%20en%20oraci%C3%B3n.jpg?width=420",
    "wikidata": "https://www.wikidata.org/wiki/Q59710361",
    "creation_place": "Valencia",
    "creation_lat": 39.4699,
    "creation_lon": -0.3763,
    "_source": {
     "source": "Wikidata",
     "url": "https://www.wikidata.org/wiki/Q59710361",
     "retrieved_at": "2026-08-19"
    },
    "_overrides": {
     "creation": {
      "at": "2026-08-19",
      "source": "derived from start date + Caravaggio's documented itinerary (approximate)"
     }
    },
    "museum_id": "museo-del-prado"
   }
  },
  {
   "type": "Feature",
   "geometry": {
    "type": "Point",
    "coordinates": [
     -15.41417,
     28.10139
    ]
   },
   "properties": {
    "painter": "Ribera",
    "title": "St. Andrew",
    "year": "1601",
    "city": "Las Palmas de Gran Canaria",
    "country": "Spain",
    "location": "House museum of Christopher Columbus",
    "kind": "museum",
    "attribution": "attributed",
    "status": "present",
    "medium": "Oil on canvas",
    "dimensions": "127 × 100 cm",
    "genre": "religious art",
    "image": "https://commons.wikimedia.org/wiki/Special:FilePath/Ribera%20-%20San%20Andr%C3%A9s%2C%20P001079.jpg?width=420",
    "wikidata": "https://www.wikidata.org/wiki/Q59710362",
    "creation_place": "Valencia",
    "creation_lat": 39.4699,
    "creation_lon": -0.3763,
    "_source": {
     "source": "Wikidata",
     "url": "https://www.wikidata.org/wiki/Q59710362",
     "retrieved_at": "2026-08-19"
    },
    "_overrides": {
     "creation": {
      "at": "2026-08-19",
      "source": "derived from start date + Caravaggio's documented itinerary (approximate)"
     }
    },
    "museum_id": "house-museum-of-christopher-columbus"
   }
  },
  {
   "type": "Feature",
   "geometry": {
    "type": "Point",
    "coordinates": [
     -3.6922,
     40.4139
    ]
   },
   "properties": {
    "painter": "Ribera",
    "title": "Jude the Apostle",
    "year": "1601",
    "city": "Madrid",
    "country": "Spain",
    "location": "Museo del Prado",
    "kind": "museum",
    "attribution": "attributed",
    "status": "present",
    "medium": "Oil on canvas",
    "dimensions": "77 × 65 cm",
    "wikidata": "https://www.wikidata.org/wiki/Q59710363",
    "creation_place": "Valencia",
    "creation_lat": 39.4699,
    "creation_lon": -0.3763,
    "_source": {
     "source": "Wikidata",
     "url": "https://www.wikidata.org/wiki/Q59710363",
     "retrieved_at": "2026-08-19"
    },
    "_overrides": {
     "creation": {
      "at": "2026-08-19",
      "source": "derived from start date + Caravaggio's documented itinerary (approximate)"
     }
    },
    "museum_id": "museo-del-prado"
   }
  },
  {
   "type": "Feature",
   "geometry": {
    "type": "Point",
    "coordinates": [
     -3.6922,
     40.4139
    ]
   },
   "properties": {
    "painter": "Ribera",
    "title": "St. Thomas",
    "year": "1630",
    "city": "Madrid",
    "country": "Spain",
    "location": "Museo del Prado",
    "kind": "museum",
    "attribution": "attributed",
    "status": "present",
    "medium": "Oil on canvas",
    "dimensions": "76 × 64 cm",
    "genre": "religious art",
    "wikidata": "https://www.wikidata.org/wiki/Q59710366",
    "creation_place": "Naples",
    "creation_lat": 40.8518,
    "creation_lon": 14.2681,
    "_source": {
     "source": "Wikidata",
     "url": "https://www.wikidata.org/wiki/Q59710366",
     "retrieved_at": "2026-08-19"
    },
    "_overrides": {
     "creation": {
      "at": "2026-08-19",
      "source": "derived from start date + Caravaggio's documented itinerary (approximate)"
     }
    },
    "museum_id": "museo-del-prado"
   }
  },
  {
   "type": "Feature",
   "geometry": {
    "type": "Point",
    "coordinates": [
     -3.6922,
     40.4139
    ]
   },
   "properties": {
    "painter": "Ribera",
    "title": "Saint Matthias",
    "year": "1601",
    "city": "Madrid",
    "country": "Spain",
    "location": "Museo del Prado",
    "kind": "museum",
    "attribution": "attributed",
    "status": "present",
    "medium": "Oil on canvas",
    "dimensions": "76 × 63 cm",
    "wikidata": "https://www.wikidata.org/wiki/Q59710368",
    "creation_place": "Valencia",
    "creation_lat": 39.4699,
    "creation_lon": -0.3763,
    "_source": {
     "source": "Wikidata",
     "url": "https://www.wikidata.org/wiki/Q59710368",
     "retrieved_at": "2026-08-19"
    },
    "_overrides": {
     "creation": {
      "at": "2026-08-19",
      "source": "derived from start date + Caravaggio's documented itinerary (approximate)"
     }
    },
    "museum_id": "museo-del-prado"
   }
  },
  {
   "type": "Feature",
   "geometry": {
    "type": "Point",
    "coordinates": [
     -3.6922,
     40.4139
    ]
   },
   "properties": {
    "painter": "Ribera",
    "title": "An Apostle",
    "year": "1601",
    "city": "Madrid",
    "country": "Spain",
    "location": "Museo del Prado",
    "kind": "museum",
    "attribution": "attributed",
    "status": "present",
    "medium": "Oil on canvas",
    "dimensions": "73 × 63 cm",
    "image": "https://commons.wikimedia.org/wiki/Special:FilePath/Ribera%20-%20%28Copia%29%20Un%20ap%C3%B3stol%2C%20P001080.jpg?width=420",
    "wikidata": "https://www.wikidata.org/wiki/Q59710370",
    "creation_place": "Valencia",
    "creation_lat": 39.4699,
    "creation_lon": -0.3763,
    "_source": {
     "source": "Wikidata",
     "url": "https://www.wikidata.org/wiki/Q59710370",
     "retrieved_at": "2026-08-19"
    },
    "_overrides": {
     "creation": {
      "at": "2026-08-19",
      "source": "derived from start date + Caravaggio's documented itinerary (approximate)"
     }
    },
    "museum_id": "museo-del-prado"
   }
  },
  {
   "type": "Feature",
   "geometry": {
    "type": "Point",
    "coordinates": [
     -3.6922,
     40.4139
    ]
   },
   "properties": {
    "painter": "Ribera",
    "title": "Saint Philip",
    "year": "1630",
    "city": "Madrid",
    "country": "Spain",
    "location": "Museo del Prado",
    "kind": "museum",
    "attribution": "attributed",
    "status": "present",
    "medium": "Oil on canvas",
    "dimensions": "76 × 64 cm",
    "genre": "religious art",
    "image": "https://commons.wikimedia.org/wiki/Special:FilePath/San%20Felipe%20Ribera%20%28Prado%29.jpg?width=420",
    "wikidata": "https://www.wikidata.org/wiki/Q59710371",
    "creation_place": "Naples",
    "creation_lat": 40.8518,
    "creation_lon": 14.2681,
    "_source": {
     "source": "Wikidata",
     "url": "https://www.wikidata.org/wiki/Q59710371",
     "retrieved_at": "2026-08-19"
    },
    "_overrides": {
     "creation": {
      "at": "2026-08-19",
      "source": "derived from start date + Caravaggio's documented itinerary (approximate)"
     }
    },
    "museum_id": "museo-del-prado"
   }
  },
  {
   "type": "Feature",
   "geometry": {
    "type": "Point",
    "coordinates": [
     -3.6922,
     40.4139
    ]
   },
   "properties": {
    "painter": "Ribera",
    "title": "Saint Paul",
    "year": "1630",
    "city": "Madrid",
    "country": "Spain",
    "location": "Museo del Prado",
    "kind": "museum",
    "attribution": "attributed",
    "status": "present",
    "medium": "Oil on canvas",
    "dimensions": "75 × 63 cm",
    "genre": "religious art",
    "image": "https://commons.wikimedia.org/wiki/Special:FilePath/San%20Pablo%20Ribera%20%28Prado%29.jpg?width=420",
    "wikidata": "https://www.wikidata.org/wiki/Q59710373",
    "creation_place": "Naples",
    "creation_lat": 40.8518,
    "creation_lon": 14.2681,
    "_source": {
     "source": "Wikidata",
     "url": "https://www.wikidata.org/wiki/Q59710373",
     "retrieved_at": "2026-08-19"
    },
    "_overrides": {
     "creation": {
      "at": "2026-08-19",
      "source": "derived from start date + Caravaggio's documented itinerary (approximate)"
     }
    },
    "museum_id": "museo-del-prado"
   }
  },
  {
   "type": "Feature",
   "geometry": {
    "type": "Point",
    "coordinates": [
     -3.6922,
     40.4139
    ]
   },
   "properties": {
    "painter": "Ribera",
    "title": "Saint James the Less",
    "year": "1630-1652",
    "city": "Madrid",
    "country": "Spain",
    "location": "Museo del Prado",
    "kind": "museum",
    "attribution": "attributed",
    "status": "present",
    "medium": "Oil on canvas",
    "dimensions": "77 × 65 cm",
    "genre": "religious art",
    "image": "https://commons.wikimedia.org/wiki/Special:FilePath/Ribera%20-%20Santiago%20el%20Menor%2C%20P001089.jpg?width=420",
    "wikidata": "https://www.wikidata.org/wiki/Q59710376",
    "creation_place": "Naples",
    "creation_lat": 40.8518,
    "creation_lon": 14.2681,
    "_source": {
     "source": "Wikidata",
     "url": "https://www.wikidata.org/wiki/Q59710376",
     "retrieved_at": "2026-08-19"
    },
    "_overrides": {
     "creation": {
      "at": "2026-08-19",
      "source": "derived from start date + Caravaggio's documented itinerary (approximate)"
     }
    },
    "museum_id": "museo-del-prado"
   }
  },
  {
   "type": "Feature",
   "geometry": {
    "type": "Point",
    "coordinates": [
     -3.6922,
     40.4139
    ]
   },
   "properties": {
    "painter": "Ribera",
    "title": "Un anacoreta",
    "year": "1601",
    "city": "Madrid",
    "country": "Spain",
    "location": "Museo del Prado",
    "kind": "museum",
    "attribution": "attributed",
    "status": "present",
    "medium": "Oil on canvas",
    "dimensions": "128 × 93 cm",
    "wikidata": "https://www.wikidata.org/wiki/Q59710415",
    "creation_place": "Valencia",
    "creation_lat": 39.4699,
    "creation_lon": -0.3763,
    "_source": {
     "source": "Wikidata",
     "url": "https://www.wikidata.org/wiki/Q59710415",
     "retrieved_at": "2026-08-19"
    },
    "_overrides": {
     "creation": {
      "at": "2026-08-19",
      "source": "derived from start date + Caravaggio's documented itinerary (approximate)"
     }
    },
    "museum_id": "museo-del-prado"
   }
  },
  {
   "type": "Feature",
   "geometry": {
    "type": "Point",
    "coordinates": [
     -3.6922,
     40.4139
    ]
   },
   "properties": {
    "painter": "Ribera",
    "title": "Martyrdom of Bartholomew the Apostle",
    "year": "1601",
    "city": "Madrid",
    "country": "Spain",
    "location": "Museo del Prado",
    "kind": "museum",
    "attribution": "attributed",
    "status": "present",
    "medium": "Oil on canvas",
    "dimensions": "85 × 105 cm",
    "wikidata": "https://www.wikidata.org/wiki/Q59712010",
    "creation_place": "Valencia",
    "creation_lat": 39.4699,
    "creation_lon": -0.3763,
    "_source": {
     "source": "Wikidata",
     "url": "https://www.wikidata.org/wiki/Q59712010",
     "retrieved_at": "2026-08-19"
    },
    "_overrides": {
     "creation": {
      "at": "2026-08-19",
      "source": "derived from start date + Caravaggio's documented itinerary (approximate)"
     }
    },
    "museum_id": "museo-del-prado"
   }
  },
  {
   "type": "Feature",
   "geometry": {
    "type": "Point",
    "coordinates": [
     -3.6922,
     40.4139
    ]
   },
   "properties": {
    "painter": "Ribera",
    "title": "Saint Judas Thaddaeus",
    "year": "1630",
    "city": "Madrid",
    "country": "Spain",
    "location": "Museo del Prado",
    "kind": "museum",
    "attribution": "attributed",
    "status": "present",
    "medium": "Oil on canvas",
    "dimensions": "76 × 64 cm",
    "genre": "religious art",
    "image": "https://commons.wikimedia.org/wiki/Special:FilePath/San%20Judas%20Tadeo%20Ribera%20%28Museo%20Prado%29.JPG?width=420",
    "wikidata": "https://www.wikidata.org/wiki/Q59712014",
    "creation_place": "Naples",
    "creation_lat": 40.8518,
    "creation_lon": 14.2681,
    "_source": {
     "source": "Wikidata",
     "url": "https://www.wikidata.org/wiki/Q59712014",
     "retrieved_at": "2026-08-19"
    },
    "_overrides": {
     "creation": {
      "at": "2026-08-19",
      "source": "derived from start date + Caravaggio's documented itinerary (approximate)"
     }
    },
    "museum_id": "museo-del-prado"
   }
  },
  {
   "type": "Feature",
   "geometry": {
    "type": "Point",
    "coordinates": [
     -3.6922,
     40.4139
    ]
   },
   "properties": {
    "painter": "Ribera",
    "title": "St. Rocque",
    "year": "1601",
    "city": "Madrid",
    "country": "Spain",
    "location": "Museo del Prado",
    "kind": "museum",
    "attribution": "attributed",
    "status": "present",
    "medium": "Oil on canvas",
    "dimensions": "126 × 93 cm",
    "genre": "religious art",
    "image": "https://commons.wikimedia.org/wiki/Special:FilePath/Ribera%20-%20San%20Roque%2C%20P001110.jpg?width=420",
    "wikidata": "https://www.wikidata.org/wiki/Q59712018",
    "creation_place": "Valencia",
    "creation_lat": 39.4699,
    "creation_lon": -0.3763,
    "_source": {
     "source": "Wikidata",
     "url": "https://www.wikidata.org/wiki/Q59712018",
     "retrieved_at": "2026-08-19"
    },
    "_overrides": {
     "creation": {
      "at": "2026-08-19",
      "source": "derived from start date + Caravaggio's documented itinerary (approximate)"
     }
    },
    "museum_id": "museo-del-prado"
   }
  },
  {
   "type": "Feature",
   "geometry": {
    "type": "Point",
    "coordinates": [
     -3.6922,
     40.4139
    ]
   },
   "properties": {
    "painter": "Ribera",
    "title": "Saint James the Greater",
    "year": "1630",
    "city": "Madrid",
    "country": "Spain",
    "location": "Museo del Prado",
    "kind": "museum",
    "attribution": "attributed",
    "status": "present",
    "medium": "Oil on canvas",
    "dimensions": "78 × 64 cm",
    "genre": "religious art",
    "image": "https://commons.wikimedia.org/wiki/Special:FilePath/Ribera%20-%20Santiago%20el%20Mayor%2C%20P001082.jpg?width=420",
    "wikidata": "https://www.wikidata.org/wiki/Q59712020",
    "creation_place": "Naples",
    "creation_lat": 40.8518,
    "creation_lon": 14.2681,
    "_source": {
     "source": "Wikidata",
     "url": "https://www.wikidata.org/wiki/Q59712020",
     "retrieved_at": "2026-08-19"
    },
    "_overrides": {
     "creation": {
      "at": "2026-08-19",
      "source": "derived from start date + Caravaggio's documented itinerary (approximate)"
     }
    },
    "museum_id": "museo-del-prado"
   }
  },
  {
   "type": "Feature",
   "geometry": {
    "type": "Point",
    "coordinates": [
     -3.6922,
     40.4139
    ]
   },
   "properties": {
    "painter": "Ribera",
    "title": "Saint Simon",
    "year": "1630",
    "city": "Madrid",
    "country": "Spain",
    "location": "Museo del Prado",
    "kind": "museum",
    "attribution": "attributed",
    "status": "present",
    "medium": "Oil on canvas",
    "dimensions": "74 × 62 cm",
    "genre": "religious art",
    "image": "https://commons.wikimedia.org/wiki/Special:FilePath/San%20Simon%20Ribera%20%28Prado%29.jpg?width=420",
    "wikidata": "https://www.wikidata.org/wiki/Q59712021",
    "creation_place": "Naples",
    "creation_lat": 40.8518,
    "creation_lon": 14.2681,
    "_source": {
     "source": "Wikidata",
     "url": "https://www.wikidata.org/wiki/Q59712021",
     "retrieved_at": "2026-08-19"
    },
    "_overrides": {
     "creation": {
      "at": "2026-08-19",
      "source": "derived from start date + Caravaggio's documented itinerary (approximate)"
     }
    },
    "museum_id": "museo-del-prado"
   }
  },
  {
   "type": "Feature",
   "geometry": {
    "type": "Point",
    "coordinates": [
     -3.6922,
     40.4139
    ]
   },
   "properties": {
    "painter": "Ribera",
    "title": "Saint Andrew",
    "year": "1641",
    "city": "Madrid",
    "country": "Spain",
    "location": "Museo del Prado",
    "kind": "museum",
    "attribution": "attributed",
    "status": "present",
    "medium": "Oil on canvas",
    "dimensions": "76 × 63 cm",
    "genre": "religious art",
    "image": "https://commons.wikimedia.org/wiki/Special:FilePath/San%20Andres%20Ribera%20%28Prado%29.jpg?width=420",
    "wikidata": "https://www.wikidata.org/wiki/Q59712023",
    "creation_place": "Naples",
    "creation_lat": 40.8518,
    "creation_lon": 14.2681,
    "_source": {
     "source": "Wikidata",
     "url": "https://www.wikidata.org/wiki/Q59712023",
     "retrieved_at": "2026-08-19"
    },
    "_overrides": {
     "creation": {
      "at": "2026-08-19",
      "source": "derived from start date + Caravaggio's documented itinerary (approximate)"
     }
    },
    "museum_id": "museo-del-prado"
   }
  },
  {
   "type": "Feature",
   "geometry": {
    "type": "Point",
    "coordinates": [
     -3.6922,
     40.4139
    ]
   },
   "properties": {
    "painter": "Ribera",
    "title": "San Andrés",
    "year": "1601",
    "city": "Madrid",
    "country": "Spain",
    "location": "Museo del Prado",
    "kind": "museum",
    "attribution": "attributed",
    "status": "present",
    "medium": "Oil on canvas",
    "dimensions": "75 × 63 cm",
    "genre": "religious art",
    "wikidata": "https://www.wikidata.org/wiki/Q59712024",
    "creation_place": "Valencia",
    "creation_lat": 39.4699,
    "creation_lon": -0.3763,
    "_source": {
     "source": "Wikidata",
     "url": "https://www.wikidata.org/wiki/Q59712024",
     "retrieved_at": "2026-08-19"
    },
    "_overrides": {
     "creation": {
      "at": "2026-08-19",
      "source": "derived from start date + Caravaggio's documented itinerary (approximate)"
     }
    },
    "museum_id": "museo-del-prado"
   }
  },
  {
   "type": "Feature",
   "geometry": {
    "type": "Point",
    "coordinates": [
     -3.6922,
     40.4139
    ]
   },
   "properties": {
    "painter": "Ribera",
    "title": "Saint Thomas",
    "year": "1630",
    "city": "Madrid",
    "country": "Spain",
    "location": "Museo del Prado",
    "kind": "museum",
    "attribution": "attributed",
    "status": "present",
    "medium": "Oil on canvas",
    "dimensions": "78 × 66 cm",
    "genre": "religious art",
    "wikidata": "https://www.wikidata.org/wiki/Q59712025",
    "creation_place": "Naples",
    "creation_lat": 40.8518,
    "creation_lon": 14.2681,
    "_source": {
     "source": "Wikidata",
     "url": "https://www.wikidata.org/wiki/Q59712025",
     "retrieved_at": "2026-08-19"
    },
    "_overrides": {
     "creation": {
      "at": "2026-08-19",
      "source": "derived from start date + Caravaggio's documented itinerary (approximate)"
     }
    },
    "museum_id": "museo-del-prado"
   }
  },
  {
   "type": "Feature",
   "geometry": {
    "type": "Point",
    "coordinates": [
     -3.6922,
     40.4139
    ]
   },
   "properties": {
    "painter": "Ribera",
    "title": "Saint Thomas",
    "year": "1630",
    "city": "Madrid",
    "country": "Spain",
    "location": "Museo del Prado",
    "kind": "museum",
    "attribution": "attributed",
    "status": "present",
    "medium": "Oil on canvas",
    "dimensions": "75 × 62 cm",
    "genre": "religious art",
    "image": "https://commons.wikimedia.org/wiki/Special:FilePath/Santo%20Tomas%20Ribera%20%28Prado%29.jpg?width=420",
    "wikidata": "https://www.wikidata.org/wiki/Q59712026",
    "creation_place": "Naples",
    "creation_lat": 40.8518,
    "creation_lon": 14.2681,
    "_source": {
     "source": "Wikidata",
     "url": "https://www.wikidata.org/wiki/Q59712026",
     "retrieved_at": "2026-08-19"
    },
    "_overrides": {
     "creation": {
      "at": "2026-08-19",
      "source": "derived from start date + Caravaggio's documented itinerary (approximate)"
     }
    },
    "museum_id": "museo-del-prado"
   }
  },
  {
   "type": "Feature",
   "geometry": {
    "type": "Point",
    "coordinates": [
     -3.6922,
     40.4139
    ]
   },
   "properties": {
    "painter": "Ribera",
    "title": "San Francisco recibe los estigmas",
    "year": "1644",
    "city": "Madrid",
    "country": "Spain",
    "location": "Museo del Prado",
    "kind": "museum",
    "attribution": "attributed",
    "status": "present",
    "medium": "Oil on canvas",
    "dimensions": "231 × 176 cm",
    "genre": "religious art",
    "image": "https://commons.wikimedia.org/wiki/Special:FilePath/Ribera%20-%20San%20Francisco%20recibe%20los%20estigmas%2C%20P003053.jpg?width=420",
    "wikidata": "https://www.wikidata.org/wiki/Q59780112",
    "creation_place": "Naples",
    "creation_lat": 40.8518,
    "creation_lon": 14.2681,
    "_source": {
     "source": "Wikidata",
     "url": "https://www.wikidata.org/wiki/Q59780112",
     "retrieved_at": "2026-08-19"
    },
    "_overrides": {
     "creation": {
      "at": "2026-08-19",
      "source": "derived from start date + Caravaggio's documented itinerary (approximate)"
     }
    },
    "museum_id": "museo-del-prado"
   }
  },
  {
   "type": "Feature",
   "geometry": {
    "type": "Point",
    "coordinates": [
     -3.6922,
     40.4139
    ]
   },
   "properties": {
    "painter": "Ribera",
    "title": "San Francisco de Asís en la zarza",
    "year": "1632",
    "city": "Madrid",
    "country": "Spain",
    "location": "Museo del Prado",
    "kind": "museum",
    "attribution": "attributed",
    "status": "present",
    "medium": "Oil on canvas",
    "dimensions": "213 × 86 cm",
    "wikidata": "https://www.wikidata.org/wiki/Q59825397",
    "creation_place": "Naples",
    "creation_lat": 40.8518,
    "creation_lon": 14.2681,
    "_source": {
     "source": "Wikidata",
     "url": "https://www.wikidata.org/wiki/Q59825397",
     "retrieved_at": "2026-08-19"
    },
    "_overrides": {
     "creation": {
      "at": "2026-08-19",
      "source": "derived from start date + Caravaggio's documented itinerary (approximate)"
     }
    },
    "museum_id": "museo-del-prado"
   }
  },
  {
   "type": "Feature",
   "geometry": {
    "type": "Point",
    "coordinates": [
     -3.6922,
     40.4139
    ]
   },
   "properties": {
    "painter": "Ribera",
    "title": "San Juan Evangelista",
    "year": "1601",
    "city": "Madrid",
    "country": "Spain",
    "location": "Museo del Prado",
    "kind": "museum",
    "attribution": "attributed",
    "status": "present",
    "medium": "Oil on canvas",
    "dimensions": "72 × 62.3 cm",
    "genre": "religious art",
    "wikidata": "https://www.wikidata.org/wiki/Q59843422",
    "creation_place": "Valencia",
    "creation_lat": 39.4699,
    "creation_lon": -0.3763,
    "_source": {
     "source": "Wikidata",
     "url": "https://www.wikidata.org/wiki/Q59843422",
     "retrieved_at": "2026-08-19"
    },
    "_overrides": {
     "creation": {
      "at": "2026-08-19",
      "source": "derived from start date + Caravaggio's documented itinerary (approximate)"
     }
    },
    "museum_id": "museo-del-prado"
   }
  },
  {
   "type": "Feature",
   "geometry": {
    "type": "Point",
    "coordinates": [
     -3.6922,
     40.4139
    ]
   },
   "properties": {
    "painter": "Ribera",
    "title": "Heraclitus",
    "year": "1615",
    "city": "Madrid",
    "country": "Spain",
    "location": "Museo del Prado",
    "kind": "museum",
    "attribution": "attributed",
    "status": "present",
    "medium": "Oil on canvas",
    "dimensions": "107 × 79.5 cm",
    "image": "https://commons.wikimedia.org/wiki/Special:FilePath/Ribera%20-%20Her%C3%A1clito%2C%20P005479.jpg?width=420",
    "wikidata": "https://www.wikidata.org/wiki/Q59843487",
    "creation_place": "Valencia",
    "creation_lat": 39.4699,
    "creation_lon": -0.3763,
    "_source": {
     "source": "Wikidata",
     "url": "https://www.wikidata.org/wiki/Q59843487",
     "retrieved_at": "2026-08-19"
    },
    "_overrides": {
     "creation": {
      "at": "2026-08-19",
      "source": "derived from start date + Caravaggio's documented itinerary (approximate)"
     }
    },
    "museum_id": "museo-del-prado"
   }
  },
  {
   "type": "Feature",
   "geometry": {
    "type": "Point",
    "coordinates": [
     -3.6922,
     40.4139
    ]
   },
   "properties": {
    "painter": "Ribera",
    "title": "San Francisco de Asís",
    "year": "1601",
    "city": "Madrid",
    "country": "Spain",
    "location": "Museo del Prado",
    "kind": "museum",
    "attribution": "attributed",
    "status": "present",
    "medium": "Oil on canvas",
    "dimensions": "124 × 104 cm",
    "genre": "religious art",
    "wikidata": "https://www.wikidata.org/wiki/Q59843918",
    "creation_place": "Valencia",
    "creation_lat": 39.4699,
    "creation_lon": -0.3763,
    "_source": {
     "source": "Wikidata",
     "url": "https://www.wikidata.org/wiki/Q59843918",
     "retrieved_at": "2026-08-19"
    },
    "_overrides": {
     "creation": {
      "at": "2026-08-19",
      "source": "derived from start date + Caravaggio's documented itinerary (approximate)"
     }
    },
    "museum_id": "museo-del-prado"
   }
  },
  {
   "type": "Feature",
   "geometry": {
    "type": "Point",
    "coordinates": [
     -3.6922,
     40.4139
    ]
   },
   "properties": {
    "painter": "Ribera",
    "title": "San Jerónimo",
    "year": "1601",
    "city": "Madrid",
    "country": "Spain",
    "location": "Museo del Prado",
    "kind": "museum",
    "attribution": "attributed",
    "status": "present",
    "medium": "Oil on canvas",
    "dimensions": "128 × 102 cm",
    "genre": "religious art",
    "wikidata": "https://www.wikidata.org/wiki/Q59979634",
    "creation_place": "Valencia",
    "creation_lat": 39.4699,
    "creation_lon": -0.3763,
    "_source": {
     "source": "Wikidata",
     "url": "https://www.wikidata.org/wiki/Q59979634",
     "retrieved_at": "2026-08-19"
    },
    "_overrides": {
     "creation": {
      "at": "2026-08-19",
      "source": "derived from start date + Caravaggio's documented itinerary (approximate)"
     }
    },
    "museum_id": "museo-del-prado"
   }
  },
  {
   "type": "Feature",
   "geometry": {
    "type": "Point",
    "coordinates": [
     -3.6922,
     40.4139
    ]
   },
   "properties": {
    "painter": "Ribera",
    "title": "San Pablo",
    "year": "1626",
    "city": "Madrid",
    "country": "Spain",
    "location": "Museo del Prado",
    "kind": "museum",
    "attribution": "attributed",
    "status": "present",
    "medium": "Oil on canvas",
    "dimensions": "120 × 92 cm",
    "genre": "religious art",
    "wikidata": "https://www.wikidata.org/wiki/Q59979888",
    "creation_place": "Naples",
    "creation_lat": 40.8518,
    "creation_lon": 14.2681,
    "_source": {
     "source": "Wikidata",
     "url": "https://www.wikidata.org/wiki/Q59979888",
     "retrieved_at": "2026-08-19"
    },
    "_overrides": {
     "creation": {
      "at": "2026-08-19",
      "source": "derived from start date + Caravaggio's documented itinerary (approximate)"
     }
    },
    "museum_id": "museo-del-prado"
   }
  },
  {
   "type": "Feature",
   "geometry": {
    "type": "Point",
    "coordinates": [
     -3.6922,
     40.4139
    ]
   },
   "properties": {
    "painter": "Ribera",
    "title": "Penitent Magdalene",
    "year": "1641",
    "city": "Madrid",
    "country": "Spain",
    "location": "Museo del Prado",
    "kind": "museum",
    "attribution": "generally accepted",
    "status": "present",
    "medium": "Oil on canvas",
    "dimensions": "182 × 149 cm",
    "genre": "religious art",
    "image": "https://commons.wikimedia.org/wiki/Special:FilePath/Jos%C3%A9%20de%20Ribera%20024.jpg?width=420",
    "wikipedia_es": "https://es.wikipedia.org/wiki/Magdalena_penitente_(Jos%C3%A9_de_Ribera)",
    "wikidata": "https://www.wikidata.org/wiki/Q6004260",
    "creation_place": "Naples",
    "creation_lat": 40.8518,
    "creation_lon": 14.2681,
    "_source": {
     "source": "Wikidata",
     "url": "https://www.wikidata.org/wiki/Q6004260",
     "retrieved_at": "2026-08-19"
    },
    "_overrides": {
     "creation": {
      "at": "2026-08-19",
      "source": "derived from start date + Caravaggio's documented itinerary (approximate)"
     }
    },
    "museum_id": "museo-del-prado"
   }
  },
  {
   "type": "Feature",
   "geometry": {
    "type": "Point",
    "coordinates": [
     -81.61167,
     41.50889
    ]
   },
   "properties": {
    "painter": "Ribera",
    "title": "Saint Jerome",
    "year": "1638",
    "city": "Cleveland",
    "country": "United States",
    "location": "Cleveland Museum of Art",
    "kind": "museum",
    "attribution": "attributed",
    "status": "present",
    "medium": "Oil on canvas",
    "dimensions": "129 × 100.3 cm",
    "genre": "religious art",
    "image": "https://commons.wikimedia.org/wiki/Special:FilePath/Jusepe%20de%20Ribera%20-%20Saint%20Jerome%20-%201961.219%20-%20Cleveland%20Museum%20of%20Art.tiff?width=420",
    "wikidata": "https://www.wikidata.org/wiki/Q60465928",
    "creation_place": "Naples",
    "creation_lat": 40.8518,
    "creation_lon": 14.2681,
    "_source": {
     "source": "Wikidata",
     "url": "https://www.wikidata.org/wiki/Q60465928",
     "retrieved_at": "2026-08-19"
    },
    "_overrides": {
     "creation": {
      "at": "2026-08-19",
      "source": "derived from start date + Caravaggio's documented itinerary (approximate)"
     }
    },
    "museum_id": "cleveland-museum-of-art"
   }
  },
  {
   "type": "Feature",
   "geometry": {
    "type": "Point",
    "coordinates": [
     -2.67556,
     42.84722
    ]
   },
   "properties": {
    "painter": "Ribera",
    "title": "Christ crucified",
    "year": "1643",
    "country": "Spain",
    "location": "Álava Foral Council",
    "kind": "museum",
    "attribution": "attributed",
    "status": "present",
    "medium": "Oil on canvas",
    "dimensions": "292 × 192 cm",
    "genre": "religious art",
    "image": "https://commons.wikimedia.org/wiki/Special:FilePath/Cristo%20crucificado%2C%20de%20Jos%C3%A9%20de%20Ribera%20%28Diputaci%C3%B3n%20Foral%20de%20%C3%81lava%29.jpg?width=420",
    "wikidata": "https://www.wikidata.org/wiki/Q60660821",
    "creation_place": "Naples",
    "creation_lat": 40.8518,
    "creation_lon": 14.2681,
    "_source": {
     "source": "Wikidata",
     "url": "https://www.wikidata.org/wiki/Q60660821",
     "retrieved_at": "2026-08-19"
    },
    "_overrides": {
     "creation": {
      "at": "2026-08-19",
      "source": "derived from start date + Caravaggio's documented itinerary (approximate)"
     }
    },
    "museum_id": "alava-foral-council"
   }
  },
  {
   "type": "Feature",
   "geometry": {
    "type": "Point",
    "coordinates": [
     -2.67556,
     42.84722
    ]
   },
   "properties": {
    "painter": "Ribera",
    "title": "S. Paul",
    "year": "1637",
    "country": "Spain",
    "location": "Álava Foral Council",
    "kind": "museum",
    "attribution": "attributed",
    "status": "present",
    "medium": "Oil on canvas",
    "dimensions": "205 × 112 cm",
    "genre": "religious art",
    "image": "https://commons.wikimedia.org/wiki/Special:FilePath/San%20Pablo%2C%20de%20Jos%C3%A9%20de%20Ribera%20%28Diputaci%C3%B3n%20Foral%20de%20%C3%81lava%29.jpg?width=420",
    "wikidata": "https://www.wikidata.org/wiki/Q60661061",
    "creation_place": "Naples",
    "creation_lat": 40.8518,
    "creation_lon": 14.2681,
    "_source": {
     "source": "Wikidata",
     "url": "https://www.wikidata.org/wiki/Q60661061",
     "retrieved_at": "2026-08-19"
    },
    "_overrides": {
     "creation": {
      "at": "2026-08-19",
      "source": "derived from start date + Caravaggio's documented itinerary (approximate)"
     }
    },
    "museum_id": "alava-foral-council"
   }
  },
  {
   "type": "Feature",
   "geometry": {
    "type": "Point",
    "coordinates": [
     -2.67556,
     42.84722
    ]
   },
   "properties": {
    "painter": "Ribera",
    "title": "S. Peter",
    "year": "1637",
    "country": "Spain",
    "location": "Álava Foral Council",
    "kind": "museum",
    "attribution": "attributed",
    "status": "present",
    "medium": "Oil on canvas",
    "dimensions": "205 × 112 cm",
    "genre": "religious art",
    "image": "https://commons.wikimedia.org/wiki/Special:FilePath/San%20Pedro%2C%20de%20Jos%C3%A9%20de%20Ribera%20%28Diputaci%C3%B3n%20Foral%20de%20%C3%81lava%29.jpg?width=420",
    "wikidata": "https://www.wikidata.org/wiki/Q60661399",
    "creation_place": "Naples",
    "creation_lat": 40.8518,
    "creation_lon": 14.2681,
    "_source": {
     "source": "Wikidata",
     "url": "https://www.wikidata.org/wiki/Q60661399",
     "retrieved_at": "2026-08-19"
    },
    "_overrides": {
     "creation": {
      "at": "2026-08-19",
      "source": "derived from start date + Caravaggio's documented itinerary (approximate)"
     }
    },
    "museum_id": "alava-foral-council"
   }
  },
  {
   "type": "Feature",
   "geometry": {
    "type": "Point",
    "coordinates": [
     -3.6922,
     40.4139
    ]
   },
   "properties": {
    "painter": "Ribera",
    "title": "Saint Andrew",
    "year": "1631",
    "city": "Madrid",
    "country": "Spain",
    "location": "Museo del Prado",
    "kind": "museum",
    "attribution": "generally accepted",
    "status": "present",
    "medium": "Oil on canvas",
    "dimensions": "123 × 95 cm",
    "genre": "religious art",
    "image": "https://commons.wikimedia.org/wiki/Special:FilePath/Jos%C3%A9%20de%20Ribera%20028.jpg?width=420",
    "wikipedia_es": "https://es.wikipedia.org/wiki/San_Andr%C3%A9s_(Ribera)",
    "wikipedia_en": "https://en.wikipedia.org/wiki/Saint_Andrew_(Ribera,_Madrid)",
    "wikipedia_it": "https://it.wikipedia.org/wiki/Sant%27Andrea_(Ribera_Prado_1631)",
    "wikidata": "https://www.wikidata.org/wiki/Q6118296",
    "creation_place": "Naples",
    "creation_lat": 40.8518,
    "creation_lon": 14.2681,
    "_source": {
     "source": "Wikidata",
     "url": "https://www.wikidata.org/wiki/Q6118296",
     "retrieved_at": "2026-08-19"
    },
    "_overrides": {
     "creation": {
      "at": "2026-08-19",
      "source": "derived from start date + Caravaggio's documented itinerary (approximate)"
     }
    },
    "museum_id": "museo-del-prado"
   }
  },
  {
   "type": "Feature",
   "geometry": {
    "type": "Point",
    "coordinates": [
     30.3136,
     59.9406
    ]
   },
   "properties": {
    "painter": "Ribera",
    "title": "St Onuphrius",
    "year": "1637",
    "city": "Saint Petersburg",
    "country": "Russia",
    "location": "Hermitage Museum",
    "kind": "museum",
    "attribution": "attributed",
    "status": "present",
    "medium": "Oil on canvas",
    "dimensions": "130 × 104 cm",
    "wikidata": "https://www.wikidata.org/wiki/Q61747112",
    "creation_place": "Naples",
    "creation_lat": 40.8518,
    "creation_lon": 14.2681,
    "_source": {
     "source": "Wikidata",
     "url": "https://www.wikidata.org/wiki/Q61747112",
     "retrieved_at": "2026-08-19"
    },
    "_overrides": {
     "creation": {
      "at": "2026-08-19",
      "source": "derived from start date + Caravaggio's documented itinerary (approximate)"
     }
    },
    "museum_id": "hermitage-museum"
   }
  },
  {
   "type": "Feature",
   "geometry": {
    "type": "Point",
    "coordinates": [
     -106.49011,
     31.75851
    ]
   },
   "properties": {
    "painter": "Ribera",
    "title": "Saint Bartholomew",
    "year": "1643",
    "city": "El Paso",
    "country": "United States",
    "location": "El Paso Museum of Art",
    "kind": "museum",
    "attribution": "attributed",
    "status": "present",
    "medium": "Oil on canvas",
    "genre": "religious art",
    "image": "https://commons.wikimedia.org/wiki/Special:FilePath/Jusepe%20de%20Ribera%20-%20-Saint%20Bartholomew%27%2C%20oil%20on%20canvas%2C%201643%2C%20El%20Paso%20Museum%20of%20Art.jpg?width=420",
    "wikidata": "https://www.wikidata.org/wiki/Q64520497",
    "creation_place": "Naples",
    "creation_lat": 40.8518,
    "creation_lon": 14.2681,
    "_source": {
     "source": "Wikidata",
     "url": "https://www.wikidata.org/wiki/Q64520497",
     "retrieved_at": "2026-08-19"
    },
    "_overrides": {
     "creation": {
      "at": "2026-08-19",
      "source": "derived from start date + Caravaggio's documented itinerary (approximate)"
     }
    },
    "museum_id": "el-paso-museum-of-art"
   }
  },
  {
   "type": "Feature",
   "geometry": {
    "type": "Point",
    "coordinates": [
     -83.0647,
     42.3594
    ]
   },
   "properties": {
    "painter": "Ribera",
    "title": "An Old Man",
    "year": "1635",
    "city": "Detroit",
    "country": "United States",
    "location": "Detroit Institute of Arts",
    "kind": "museum",
    "attribution": "attributed",
    "status": "present",
    "medium": "Oil on canvas",
    "genre": "portrait",
    "image": "https://commons.wikimedia.org/wiki/Special:FilePath/Jusepe%20de%20Ribera%20-%20An%20Old%20Man%20-%2089.72%20-%20Detroit%20Institute%20of%20Arts.jpg?width=420",
    "wikidata": "https://www.wikidata.org/wiki/Q64521916",
    "creation_place": "Naples",
    "creation_lat": 40.8518,
    "creation_lon": 14.2681,
    "_source": {
     "source": "Wikidata",
     "url": "https://www.wikidata.org/wiki/Q64521916",
     "retrieved_at": "2026-08-19"
    },
    "_overrides": {
     "creation": {
      "at": "2026-08-19",
      "source": "derived from start date + Caravaggio's documented itinerary (approximate)"
     }
    },
    "museum_id": "detroit-institute-of-arts"
   }
  },
  {
   "type": "Feature",
   "geometry": {
    "type": "Point",
    "coordinates": [
     -83.0647,
     42.3594
    ]
   },
   "properties": {
    "painter": "Ribera",
    "title": "Saint Jerome in the Wilderness",
    "year": "1645",
    "city": "Detroit",
    "country": "United States",
    "location": "Detroit Institute of Arts",
    "kind": "museum",
    "attribution": "attributed",
    "status": "present",
    "medium": "Oil on canvas",
    "genre": "religious art",
    "image": "https://commons.wikimedia.org/wiki/Special:FilePath/Jusepe%20de%20Ribera%20-%20Saint%20Jerome%20in%20the%20Wilderness%20-%2049.4%20-%20Detroit%20Institute%20of%20Arts.jpg?width=420",
    "wikidata": "https://www.wikidata.org/wiki/Q64537972",
    "creation_place": "Naples",
    "creation_lat": 40.8518,
    "creation_lon": 14.2681,
    "_source": {
     "source": "Wikidata",
     "url": "https://www.wikidata.org/wiki/Q64537972",
     "retrieved_at": "2026-08-19"
    },
    "_overrides": {
     "creation": {
      "at": "2026-08-19",
      "source": "derived from start date + Caravaggio's documented itinerary (approximate)"
     }
    },
    "museum_id": "detroit-institute-of-arts"
   }
  },
  {
   "type": "Feature",
   "geometry": {
    "type": "Point",
    "coordinates": [
     8.67388,
     50.10322
    ]
   },
   "properties": {
    "painter": "Ribera",
    "title": "Saint James the Greater",
    "year": "1615",
    "city": "Frankfurt",
    "country": "Germany",
    "location": "Städel Museum",
    "kind": "museum",
    "attribution": "attributed",
    "status": "present",
    "medium": "Oil on canvas",
    "dimensions": "133.1 × 99.1 cm",
    "genre": "religious art",
    "image": "https://commons.wikimedia.org/wiki/Special:FilePath/Saint%20James%20the%20Greater%20%28SM%202443%29.png?width=420",
    "wikidata": "https://www.wikidata.org/wiki/Q64788627",
    "creation_place": "Valencia",
    "creation_lat": 39.4699,
    "creation_lon": -0.3763,
    "_source": {
     "source": "Wikidata",
     "url": "https://www.wikidata.org/wiki/Q64788627",
     "retrieved_at": "2026-08-19"
    },
    "_overrides": {
     "creation": {
      "at": "2026-08-19",
      "source": "derived from start date + Caravaggio's documented itinerary (approximate)"
     }
    },
    "museum_id": "stadel-museum"
   }
  },
  {
   "type": "Feature",
   "geometry": {
    "type": "Point",
    "coordinates": [
     -0.3645,
     43.29769
    ]
   },
   "properties": {
    "painter": "Ribera",
    "title": "Q66107831",
    "year": "1633",
    "city": "Pyrénées-Atlantiques",
    "country": "France",
    "location": "Musée des Beaux-Arts de Pau",
    "kind": "museum",
    "attribution": "attributed",
    "status": "present",
    "medium": "Oil on canvas",
    "dimensions": "102 × 80 cm",
    "genre": "religious art",
    "image": "https://commons.wikimedia.org/wiki/Special:FilePath/Jusepe%20de%20Ribera%20-%20Saint%20J%C3%A9r%C3%B4me.jpg?width=420",
    "wikidata": "https://www.wikidata.org/wiki/Q66107831",
    "creation_place": "Naples",
    "creation_lat": 40.8518,
    "creation_lon": 14.2681,
    "_source": {
     "source": "Wikidata",
     "url": "https://www.wikidata.org/wiki/Q66107831",
     "retrieved_at": "2026-08-19"
    },
    "_overrides": {
     "creation": {
      "at": "2026-08-19",
      "source": "derived from start date + Caravaggio's documented itinerary (approximate)"
     }
    },
    "museum_id": "musee-des-beaux-arts-de-pau"
   }
  },
  {
   "type": "Feature",
   "geometry": {
    "type": "Point",
    "coordinates": [
     14.25053,
     40.86701
    ]
   },
   "properties": {
    "painter": "Ribera",
    "title": "Apollo flaying Marsyas",
    "year": "1637",
    "city": "Naples",
    "country": "Italy",
    "location": "Museo di Capodimonte",
    "kind": "museum",
    "attribution": "generally accepted",
    "status": "present",
    "medium": "Oil on canvas",
    "dimensions": "182 × 232 cm",
    "genre": "mythological painting",
    "image": "https://commons.wikimedia.org/wiki/Special:FilePath/Apollo%20flaying%20Marsyas%20by%20Ribera%20%28Naples%2C%20Capodimonte%29%20Petit%20Palais.jpg?width=420",
    "wikipedia_en": "https://en.wikipedia.org/wiki/Apollo_and_Marsyas_(Ribera,_Naples)",
    "wikipedia_it": "https://it.wikipedia.org/wiki/Apollo_e_Marsia_(Ribera_Napoli)",
    "wikidata": "https://www.wikidata.org/wiki/Q67203478",
    "creation_place": "Naples",
    "creation_lat": 40.8518,
    "creation_lon": 14.2681,
    "_source": {
     "source": "Wikidata",
     "url": "https://www.wikidata.org/wiki/Q67203478",
     "retrieved_at": "2026-08-19"
    },
    "_overrides": {
     "creation": {
      "at": "2026-08-19",
      "source": "derived from start date + Caravaggio's documented itinerary (approximate)"
     }
    },
    "museum_id": "museo-di-capodimonte"
   }
  },
  {
   "type": "Feature",
   "geometry": {
    "type": "Point",
    "coordinates": [
     3.06117,
     50.63092
    ]
   },
   "properties": {
    "painter": "Ribera",
    "title": "Q72749989",
    "year": "1643",
    "city": "Lille",
    "country": "France",
    "location": "Palais des Beaux-Arts de Lille",
    "kind": "museum",
    "attribution": "attributed",
    "status": "present",
    "medium": "Oil on canvas",
    "dimensions": "78 × 65 cm",
    "genre": "religious art",
    "image": "https://commons.wikimedia.org/wiki/Special:FilePath/Ribera-Saint-Jerome-Lille.jpg?width=420",
    "wikidata": "https://www.wikidata.org/wiki/Q72749989",
    "creation_place": "Naples",
    "creation_lat": 40.8518,
    "creation_lon": 14.2681,
    "_source": {
     "source": "Wikidata",
     "url": "https://www.wikidata.org/wiki/Q72749989",
     "retrieved_at": "2026-08-19"
    },
    "_overrides": {
     "creation": {
      "at": "2026-08-19",
      "source": "derived from start date + Caravaggio's documented itinerary (approximate)"
     }
    },
    "museum_id": "palais-des-beaux-arts-de-lille"
   }
  },
  {
   "type": "Feature",
   "geometry": {
    "type": "Point",
    "coordinates": [
     -3.6922,
     40.4139
    ]
   },
   "properties": {
    "painter": "Ribera",
    "title": "The Martyrdom of Saint Philip",
    "year": "1639",
    "city": "Madrid",
    "country": "Spain",
    "location": "Museo del Prado",
    "kind": "museum",
    "attribution": "generally accepted",
    "status": "present",
    "medium": "Oil on canvas",
    "dimensions": "234 × 234 cm",
    "genre": "religious art",
    "image": "https://commons.wikimedia.org/wiki/Special:FilePath/Jos%C3%A9%20de%20Ribera%20054.jpg?width=420",
    "wikipedia_es": "https://es.wikipedia.org/wiki/Martirio_de_san_Felipe_(Ribera)",
    "wikipedia_en": "https://en.wikipedia.org/wiki/The_Martyrdom_of_Saint_Philip",
    "wikipedia_it": "https://it.wikipedia.org/wiki/Martirio_di_san_Filippo",
    "wikidata": "https://www.wikidata.org/wiki/Q728027",
    "creation_place": "Naples",
    "creation_lat": 40.8518,
    "creation_lon": 14.2681,
    "_source": {
     "source": "Wikidata",
     "url": "https://www.wikidata.org/wiki/Q728027",
     "retrieved_at": "2026-08-19"
    },
    "_overrides": {
     "creation": {
      "at": "2026-08-19",
      "source": "derived from start date + Caravaggio's documented itinerary (approximate)"
     }
    },
    "museum_id": "museo-del-prado"
   }
  },
  {
   "type": "Feature",
   "geometry": {
    "type": "Point",
    "coordinates": [
     0.10262,
     49.48504
    ]
   },
   "properties": {
    "painter": "Ribera",
    "title": "Saint Sebastian",
    "city": "Le Havre",
    "country": "France",
    "location": "MuMa Museum of modern art André Malraux",
    "kind": "museum",
    "attribution": "attributed",
    "status": "present",
    "medium": "Oil on canvas",
    "dimensions": "226 × 173.5 cm",
    "genre": "religious art",
    "image": "https://commons.wikimedia.org/wiki/Special:FilePath/%28Toulouse%29%20Saint%20S%C3%A9bastien%20-%20Jusepe%20de%20Ribera%20-%20Le%20Havre%20-%20Mus%C3%A9e%20d%27art%20moderne%20Andr%C3%A9-Malraux%20%28MuMa%29%20joconde07200000003.jpg?width=420",
    "wikidata": "https://www.wikidata.org/wiki/Q75661175",
    "_source": {
     "source": "Wikidata",
     "url": "https://www.wikidata.org/wiki/Q75661175",
     "retrieved_at": "2026-08-19"
    },
    "museum_id": "muma-museum-of-modern-art-andre-malraux"
   }
  },
  {
   "type": "Feature",
   "geometry": {
    "type": "Point",
    "coordinates": [
     -6.25255,
     53.34091
    ]
   },
   "properties": {
    "painter": "Ribera",
    "title": "Saint Joseph",
    "city": "Dublin",
    "country": "Ireland",
    "location": "National Gallery of Ireland",
    "kind": "museum",
    "attribution": "attributed",
    "status": "present",
    "medium": "Oil on canvas",
    "dimensions": "76 × 64 cm",
    "genre": "religious art",
    "image": "https://commons.wikimedia.org/wiki/Special:FilePath/Saint%20Joseph%20P5179.jpg?width=420",
    "wikidata": "https://www.wikidata.org/wiki/Q77885007",
    "_source": {
     "source": "Wikidata",
     "url": "https://www.wikidata.org/wiki/Q77885007",
     "retrieved_at": "2026-08-19"
    },
    "museum_id": "national-gallery-of-ireland"
   }
  },
  {
   "type": "Feature",
   "geometry": {
    "type": "Point",
    "coordinates": [
     -6.25255,
     53.34091
    ]
   },
   "properties": {
    "painter": "Ribera",
    "title": "Aesop",
    "city": "Dublin",
    "country": "Ireland",
    "location": "National Gallery of Ireland",
    "kind": "museum",
    "attribution": "attributed",
    "status": "present",
    "medium": "Oil on canvas",
    "dimensions": "122 × 96 cm",
    "image": "https://commons.wikimedia.org/wiki/Special:FilePath/Aesop%20.PNG?width=420",
    "wikidata": "https://www.wikidata.org/wiki/Q77939125",
    "_source": {
     "source": "Wikidata",
     "url": "https://www.wikidata.org/wiki/Q77939125",
     "retrieved_at": "2026-08-19"
    },
    "museum_id": "national-gallery-of-ireland"
   }
  },
  {
   "type": "Feature",
   "geometry": {
    "type": "Point",
    "coordinates": [
     -6.25255,
     53.34091
    ]
   },
   "properties": {
    "painter": "Ribera",
    "title": "Saint Onuphrius",
    "city": "Dublin",
    "country": "Ireland",
    "location": "National Gallery of Ireland",
    "kind": "museum",
    "attribution": "attributed",
    "status": "present",
    "medium": "Oil on canvas",
    "dimensions": "90 × 70 cm",
    "genre": "religious art",
    "image": "https://commons.wikimedia.org/wiki/Special:FilePath/Saint%20Onuphrius%20P286.jpg?width=420",
    "wikidata": "https://www.wikidata.org/wiki/Q77940497",
    "_source": {
     "source": "Wikidata",
     "url": "https://www.wikidata.org/wiki/Q77940497",
     "retrieved_at": "2026-08-19"
    },
    "museum_id": "national-gallery-of-ireland"
   }
  },
  {
   "type": "Feature",
   "geometry": {
    "type": "Point",
    "coordinates": [
     -83.5594,
     41.6583
    ]
   },
   "properties": {
    "painter": "Ribera",
    "title": "Portrait of a Musician",
    "year": "1638",
    "city": "Toledo",
    "country": "United States",
    "location": "Toledo Museum of Art",
    "kind": "museum",
    "attribution": "attributed",
    "status": "present",
    "genre": "portrait",
    "image": "https://commons.wikimedia.org/wiki/Special:FilePath/Portrait%20of%20a%20Musician%20.jpg?width=420",
    "wikidata": "https://www.wikidata.org/wiki/Q78691682",
    "creation_place": "Naples",
    "creation_lat": 40.8518,
    "creation_lon": 14.2681,
    "_source": {
     "source": "Wikidata",
     "url": "https://www.wikidata.org/wiki/Q78691682",
     "retrieved_at": "2026-08-19"
    },
    "_overrides": {
     "creation": {
      "at": "2026-08-19",
      "source": "derived from start date + Caravaggio's documented itinerary (approximate)"
     }
    },
    "museum_id": "toledo-museum-of-art"
   }
  },
  {
   "type": "Feature",
   "geometry": {
    "type": "Point",
    "coordinates": [
     -71.80222,
     42.27306
    ]
   },
   "properties": {
    "painter": "Ribera",
    "title": "The Astronomer",
    "year": "1638",
    "city": "Worcester",
    "country": "United States",
    "location": "Museo de Arte de Worcester",
    "kind": "museum",
    "attribution": "attributed",
    "status": "present",
    "medium": "Oil on canvas",
    "dimensions": "78.4 × 97.8 cm",
    "wikidata": "https://www.wikidata.org/wiki/Q79004039",
    "creation_place": "Naples",
    "creation_lat": 40.8518,
    "creation_lon": 14.2681,
    "_source": {
     "source": "Wikidata",
     "url": "https://www.wikidata.org/wiki/Q79004039",
     "retrieved_at": "2026-08-19"
    },
    "_overrides": {
     "creation": {
      "at": "2026-08-19",
      "source": "derived from start date + Caravaggio's documented itinerary (approximate)"
     }
    },
    "museum_id": "museo-de-arte-de-worcester"
   }
  },
  {
   "type": "Feature",
   "geometry": {
    "type": "Point",
    "coordinates": [
     -96.80089,
     32.78756
    ]
   },
   "properties": {
    "painter": "Ribera",
    "title": "Saint James the Greater",
    "city": "Dallas",
    "country": "United States",
    "location": "Dallas Museum of Art",
    "kind": "museum",
    "attribution": "attributed",
    "status": "present",
    "medium": "Oil on canvas",
    "genre": "religious art",
    "image": "https://commons.wikimedia.org/wiki/Special:FilePath/Jusepe%20de%20Ribera%20-%20Saint%20James%20the%20Greater%20-%201987.18%20-%20Dallas%20Museum%20of%20Art.jpg?width=420",
    "wikidata": "https://www.wikidata.org/wiki/Q79138564",
    "_source": {
     "source": "Wikidata",
     "url": "https://www.wikidata.org/wiki/Q79138564",
     "retrieved_at": "2026-08-19"
    },
    "museum_id": "dallas-museum-of-art"
   }
  },
  {
   "type": "Feature",
   "geometry": {
    "type": "Point",
    "coordinates": [
     -82.55916,
     27.38307
    ]
   },
   "properties": {
    "painter": "Ribera",
    "title": "Virgin and Child",
    "year": "1643",
    "city": "Sarasota",
    "country": "United States",
    "location": "John and Mable Ringling Museum of Art",
    "kind": "museum",
    "attribution": "attributed",
    "status": "present",
    "medium": "Oil on canvas",
    "genre": "religious art",
    "wikidata": "https://www.wikidata.org/wiki/Q79401100",
    "creation_place": "Naples",
    "creation_lat": 40.8518,
    "creation_lon": 14.2681,
    "_source": {
     "source": "Wikidata",
     "url": "https://www.wikidata.org/wiki/Q79401100",
     "retrieved_at": "2026-08-19"
    },
    "_overrides": {
     "creation": {
      "at": "2026-08-19",
      "source": "derived from start date + Caravaggio's documented itinerary (approximate)"
     }
    },
    "museum_id": "john-and-mable-ringling-museum-of-art"
   }
  },
  {
   "type": "Feature",
   "geometry": {
    "type": "Point",
    "coordinates": [
     35.2042,
     31.7725
    ]
   },
   "properties": {
    "painter": "Ribera",
    "title": "The Martyrdom of St. Bartholomew",
    "year": "1618",
    "city": "Jerusalem",
    "country": "Israel",
    "location": "Israel Museum",
    "kind": "museum",
    "attribution": "attributed",
    "status": "present",
    "medium": "Oil on canvas",
    "wikidata": "https://www.wikidata.org/wiki/Q80173215",
    "creation_place": "Naples",
    "creation_lat": 40.8518,
    "creation_lon": 14.2681,
    "_source": {
     "source": "Wikidata",
     "url": "https://www.wikidata.org/wiki/Q80173215",
     "retrieved_at": "2026-08-19"
    },
    "_overrides": {
     "creation": {
      "at": "2026-08-19",
      "source": "derived from start date + Caravaggio's documented itinerary (approximate)"
     }
    },
    "museum_id": "israel-museum"
   }
  },
  {
   "type": "Feature",
   "geometry": {
    "type": "Point",
    "coordinates": [
     -3.6922,
     40.4139
    ]
   },
   "properties": {
    "painter": "Ribera",
    "title": "The Old Usurer",
    "year": "1638",
    "city": "Madrid",
    "country": "Spain",
    "location": "Museo del Prado",
    "kind": "museum",
    "attribution": "attributed",
    "status": "present",
    "medium": "Oil on canvas",
    "dimensions": "76 × 62 cm",
    "genre": "portrait",
    "image": "https://commons.wikimedia.org/wiki/Special:FilePath/Vieja%20Usurera%20Alta%20Resolucion.jpg?width=420",
    "wikidata": "https://www.wikidata.org/wiki/Q9343978",
    "creation_place": "Naples",
    "creation_lat": 40.8518,
    "creation_lon": 14.2681,
    "_source": {
     "source": "Wikidata",
     "url": "https://www.wikidata.org/wiki/Q9343978",
     "retrieved_at": "2026-08-19"
    },
    "_overrides": {
     "creation": {
      "at": "2026-08-19",
      "source": "derived from start date + Caravaggio's documented itinerary (approximate)"
     }
    },
    "museum_id": "museo-del-prado"
   }
  },
  {
   "type": "Feature",
   "geometry": {
    "type": "Point",
    "coordinates": [
     7.7524,
     48.5799
    ]
   },
   "properties": {
    "painter": "Ribera",
    "title": "Saint Peter and Saint Paul",
    "year": "1616",
    "city": "Strasbourg",
    "country": "France",
    "location": "Musée des Beaux-Arts de Strasbourg",
    "kind": "museum",
    "attribution": "generally accepted",
    "status": "present",
    "medium": "Oil on canvas",
    "dimensions": "126 × 112 cm",
    "genre": "religious art",
    "image": "https://commons.wikimedia.org/wiki/Special:FilePath/Saint%20Peter%20and%20Saint%20Paul%20mg%200036-2.jpg?width=420",
    "wikipedia_en": "https://en.wikipedia.org/wiki/Saint_Peter_and_Saint_Paul_(Ribera)",
    "wikidata": "https://www.wikidata.org/wiki/Q97594325",
    "creation_place": "Naples",
    "creation_lat": 40.8518,
    "creation_lon": 14.2681,
    "_source": {
     "source": "Wikidata",
     "url": "https://www.wikidata.org/wiki/Q97594325",
     "retrieved_at": "2026-08-19"
    },
    "_overrides": {
     "creation": {
      "at": "2026-08-19",
      "source": "derived from start date + Caravaggio's documented itinerary (approximate)"
     }
    },
    "museum_id": "musee-des-beaux-arts-de-strasbourg"
   }
  },
  {
   "type": "Feature",
   "geometry": {
    "type": "Point",
    "coordinates": [
     14.2583,
     40.85301
    ]
   },
   "properties": {
    "painter": "Ribera",
    "title": "The Flagellation of Christ",
    "year": "1618",
    "city": "Naples",
    "country": "Italy",
    "location": "Picture gallery of the Girolamini",
    "kind": "museum",
    "attribution": "generally accepted",
    "status": "present",
    "medium": "Oil on canvas",
    "dimensions": "140 × 118 cm",
    "genre": "religious art",
    "image": "https://commons.wikimedia.org/wiki/Special:FilePath/The%20Flagellation%20of%20ChrisSpagnGirolamNaples.jpg?width=420",
    "wikipedia_es": "https://es.wikipedia.org/wiki/Cristo_flagelado_(Ribera)",
    "wikipedia_en": "https://en.wikipedia.org/wiki/The_Flagellation_of_Christ_(Ribera)",
    "wikipedia_it": "https://it.wikipedia.org/wiki/Cristo_flagellato_(Ribera)",
    "wikidata": "https://www.wikidata.org/wiki/Q98418769",
    "creation_place": "Naples",
    "creation_lat": 40.8518,
    "creation_lon": 14.2681,
    "_source": {
     "source": "Wikidata",
     "url": "https://www.wikidata.org/wiki/Q98418769",
     "retrieved_at": "2026-08-19"
    },
    "_overrides": {
     "creation": {
      "at": "2026-08-19",
      "source": "derived from start date + Caravaggio's documented itinerary (approximate)"
     }
    },
    "museum_id": "picture-gallery-of-the-girolamini"
   }
  },
  {
   "type": "Feature",
   "geometry": {
    "type": "Point",
    "coordinates": [
     14.24113,
     40.84341
    ]
   },
   "properties": {
    "painter": "Ribera",
    "title": "Communion of the Apostle",
    "year": "1651",
    "city": "Naples",
    "country": "Italy",
    "location": "Certosa di San Martino",
    "kind": "museum",
    "attribution": "generally accepted",
    "status": "present",
    "medium": "Oil on canvas",
    "image": "https://commons.wikimedia.org/wiki/Special:FilePath/Jos%C3%A9%20de%20Ribera%20006.jpg?width=420",
    "wikipedia_es": "https://es.wikipedia.org/wiki/Comuni%C3%B3n_de_los_Ap%C3%B3stoles_(Ribera)",
    "wikipedia_en": "https://en.wikipedia.org/wiki/The_Last_Supper_(Ribera)",
    "wikipedia_it": "https://it.wikipedia.org/wiki/Comunione_degli_apostoli_(Ribera)",
    "wikidata": "https://www.wikidata.org/wiki/Q98545387",
    "creation_place": "Naples",
    "creation_lat": 40.8518,
    "creation_lon": 14.2681,
    "_source": {
     "source": "Wikidata",
     "url": "https://www.wikidata.org/wiki/Q98545387",
     "retrieved_at": "2026-08-19"
    },
    "_overrides": {
     "creation": {
      "at": "2026-08-19",
      "source": "derived from start date + Caravaggio's documented itinerary (approximate)"
     }
    },
    "museum_id": "certosa-di-san-martino"
   }
  }
 ]
}