{
 "type": "FeatureCollection",
 "_note": "Generated by scripts/build.py from Wikidata. Do not edit by hand — put manual fixes in the painter's overlay (data/overlay/*.json). Each feature carries _source (scraped base or manual addition) and, when edited, _overrides.",
 "features": [
  {
   "type": "Feature",
   "geometry": {
    "type": "Point",
    "coordinates": [
     2.31453,
     48.86604
    ]
   },
   "properties": {
    "painter": "Giovanni Battista Tiepolo",
    "title": "Alessandro Magno e Bucefalo",
    "year": "1758",
    "city": "Paris",
    "country": "France",
    "location": "Petit Palais",
    "kind": "museum",
    "attribution": "generally accepted",
    "status": "present",
    "medium": "Oil on canvas",
    "dimensions": "58 × 35 cm",
    "genre": "history painting",
    "image": "https://commons.wikimedia.org/wiki/Special:FilePath/Giambattista%20Tiepolo%20-%20Alexandre%20et%20Buc%C3%A9phale%20-%20PDUT887%20-%20Mus%C3%A9e%20des%20Beaux-Arts%20de%20la%20ville%20de%20Paris.jpg?width=420",
    "wikipedia_it": "https://it.wikipedia.org/wiki/Alessandro_Magno_e_Bucefalo",
    "wikidata": "https://www.wikidata.org/wiki/Q104445064",
    "creation_place": "Venice",
    "creation_lat": 45.4408,
    "creation_lon": 12.3155,
    "_source": {
     "source": "Wikidata",
     "url": "https://www.wikidata.org/wiki/Q104445064",
     "retrieved_at": "2026-08-23"
    },
    "_overrides": {
     "creation": {
      "at": "2026-08-23",
      "source": "derived from start date + Caravaggio's documented itinerary (approximate)"
     }
    },
    "museum_id": "petit-palais",
    "qid": "Q104445064"
   }
  },
  {
   "type": "Feature",
   "geometry": {
    "type": "Point",
    "coordinates": [
     12.32814,
     45.43108
    ]
   },
   "properties": {
    "painter": "Giovanni Battista Tiepolo",
    "title": "Giambattista Tiepolo, San Domenico in gloria",
    "year": "1723",
    "city": "Venice",
    "country": "Italy",
    "location": "Gallerie dell'Accademia",
    "kind": "museum",
    "attribution": "generally accepted",
    "status": "present",
    "image": "https://commons.wikimedia.org/wiki/Special:FilePath/Accademia%20-%20Giambattista%20Tiepolo%2C%20San%20Domenico%20in%20gloria%201723.jpg?width=420",
    "wikipedia_it": "https://it.wikipedia.org/wiki/San_Domenico_in_gloria",
    "wikidata": "https://www.wikidata.org/wiki/Q107126365",
    "creation_place": "Venice",
    "creation_lat": 45.4408,
    "creation_lon": 12.3155,
    "_source": {
     "source": "Wikidata",
     "url": "https://www.wikidata.org/wiki/Q107126365",
     "retrieved_at": "2026-08-23"
    },
    "_overrides": {
     "creation": {
      "at": "2026-08-23",
      "source": "derived from start date + Caravaggio's documented itinerary (approximate)"
     }
    },
    "museum_id": "gallerie-dell-accademia",
    "qid": "Q107126365"
   }
  },
  {
   "type": "Feature",
   "geometry": {
    "type": "Point",
    "coordinates": [
     -0.1275,
     51.50722
    ]
   },
   "properties": {
    "painter": "Giovanni Battista Tiepolo",
    "title": "Two Heads of Angels",
    "year": "1768",
    "city": "Greater London",
    "country": "United Kingdom",
    "location": "London",
    "kind": "museum",
    "attribution": "generally accepted",
    "status": "present",
    "medium": "Oil on canvas",
    "dimensions": "51.4 × 42.4 cm",
    "image": "https://commons.wikimedia.org/wiki/Special:FilePath/Saint%20Joseph%20with%20Jesus%20Child-fragment.jpg?width=420",
    "wikipedia_it": "https://it.wikipedia.org/wiki/Due_teste_di_cherubino_di_Giambattista_Tiepolo",
    "wikidata": "https://www.wikidata.org/wiki/Q107406042",
    "creation_place": "Madrid",
    "creation_lat": 40.4168,
    "creation_lon": -3.7038,
    "_source": {
     "source": "Wikidata",
     "url": "https://www.wikidata.org/wiki/Q107406042",
     "retrieved_at": "2026-08-23"
    },
    "_overrides": {
     "creation": {
      "at": "2026-08-23",
      "source": "derived from start date + Caravaggio's documented itinerary (approximate)"
     }
    },
    "museum_id": "london",
    "qid": "Q107406042"
   }
  },
  {
   "type": "Feature",
   "geometry": {
    "type": "Point",
    "coordinates": [
     2.3358,
     48.8611
    ]
   },
   "properties": {
    "painter": "Giovanni Battista Tiepolo",
    "title": "Juno in the Clouds",
    "year": "1735",
    "country": "France",
    "location": "Louvre",
    "kind": "museum",
    "attribution": "generally accepted",
    "status": "present",
    "dimensions": "350 × 210 cm",
    "genre": "mythological painting",
    "image": "https://commons.wikimedia.org/wiki/Special:FilePath/Junon%20au%20milieu%20des%20nu%C3%A9es%2C%20par%20Giambattista%20Tiepolo.jpg?width=420",
    "wikipedia_en": "https://en.wikipedia.org/wiki/Juno_in_the_Clouds",
    "wikipedia_it": "https://it.wikipedia.org/wiki/Giunone_tra_le_nubi",
    "wikidata": "https://www.wikidata.org/wiki/Q115669584",
    "creation_place": "Venice",
    "creation_lat": 45.4408,
    "creation_lon": 12.3155,
    "_source": {
     "source": "Wikidata",
     "url": "https://www.wikidata.org/wiki/Q115669584",
     "retrieved_at": "2026-08-23"
    },
    "_overrides": {
     "creation": {
      "at": "2026-08-23",
      "source": "derived from start date + Caravaggio's documented itinerary (approximate)"
     }
    },
    "museum_id": "louvre",
    "city": "Paris",
    "qid": "Q115669584"
   }
  },
  {
   "type": "Feature",
   "geometry": {
    "type": "Point",
    "coordinates": [
     18.06056,
     59.36306
    ]
   },
   "properties": {
    "painter": "Giovanni Battista Tiepolo",
    "title": "Danae and Jupiter",
    "year": "1736",
    "city": "Stockholm Municipality",
    "country": "Sweden",
    "location": "Stockholm University",
    "kind": "museum",
    "attribution": "generally accepted",
    "status": "present",
    "medium": "Oil on canvas",
    "dimensions": "41 × 53 cm",
    "genre": "mythological painting",
    "image": "https://commons.wikimedia.org/wiki/Special:FilePath/Danae%20e%20Giove%20-%20Giambattista%20Tiepolo%20c.1736%20-%20Universitet%20Konsthistoriska%20Institutionen%2C%20Stockholm.jpg?width=420",
    "wikipedia_es": "https://es.wikipedia.org/wiki/J%C3%BApiter_y_D%C3%A1nae",
    "wikipedia_it": "https://it.wikipedia.org/wiki/Danae_e_Giove",
    "wikidata": "https://www.wikidata.org/wiki/Q11729455",
    "creation_place": "Venice",
    "creation_lat": 45.4408,
    "creation_lon": 12.3155,
    "_source": {
     "source": "Wikidata",
     "url": "https://www.wikidata.org/wiki/Q11729455",
     "retrieved_at": "2026-08-23"
    },
    "_overrides": {
     "creation": {
      "at": "2026-08-23",
      "source": "derived from start date + Caravaggio's documented itinerary (approximate)"
     }
    },
    "museum_id": "stockholm-university",
    "qid": "Q11729455",
    "wga_url": "https://www.wga.hu/html/t/tiepolo/gianbatt/2_1730s/08danae.html"
   }
  },
  {
   "type": "Feature",
   "geometry": {
    "type": "Point",
    "coordinates": [
     12.32814,
     45.43108
    ]
   },
   "properties": {
    "painter": "Giovanni Battista Tiepolo",
    "title": "Anzia and Abrocome meet at the Feasts of Diana",
    "year": "1743",
    "city": "Venice",
    "country": "Italy",
    "location": "Gallerie dell'Accademia",
    "kind": "museum",
    "attribution": "attributed",
    "status": "present",
    "medium": "Oil on canvas",
    "image": "https://commons.wikimedia.org/wiki/Special:FilePath/%28Venice%29%20Anzia%20and%20Abrocome%20meet%20at%20the%20Feasts%20of%20Diana%20-%20Giambattista%20o%20Giandomenico%20Tiepolo%20-%20Gallerie%20Accademia.jpg?width=420",
    "wikidata": "https://www.wikidata.org/wiki/Q120885262",
    "creation_place": "Venice",
    "creation_lat": 45.4408,
    "creation_lon": 12.3155,
    "_source": {
     "source": "Wikidata",
     "url": "https://www.wikidata.org/wiki/Q120885262",
     "retrieved_at": "2026-08-23"
    },
    "_overrides": {
     "creation": {
      "at": "2026-08-23",
      "source": "derived from start date + Caravaggio's documented itinerary (approximate)"
     }
    },
    "museum_id": "gallerie-dell-accademia",
    "qid": "Q120885262"
   }
  },
  {
   "type": "Feature",
   "geometry": {
    "type": "Point",
    "coordinates": [
     30.3136,
     59.9406
    ]
   },
   "properties": {
    "painter": "Giovanni Battista Tiepolo",
    "title": "Maecenas Presenting the Liberal Arts to Emperor Augustus",
    "year": "1743",
    "city": "Saint Petersburg",
    "country": "Russia",
    "location": "Hermitage Museum",
    "kind": "museum",
    "attribution": "generally accepted",
    "status": "present",
    "medium": "Oil on canvas",
    "dimensions": "69.5 × 89 cm",
    "image": "https://commons.wikimedia.org/wiki/Special:FilePath/Giovanni%20Battista%20Tiepolo%20-%20Maecenas%20Presenting%20the%20Liberal%20Arts%20-%201743.jpg?width=420",
    "wikipedia_it": "https://it.wikipedia.org/wiki/Mecenate_offre_le_belle_arti_all%27imperatore_Augusto",
    "wikidata": "https://www.wikidata.org/wiki/Q12123145",
    "creation_place": "Venice",
    "creation_lat": 45.4408,
    "creation_lon": 12.3155,
    "_source": {
     "source": "Wikidata",
     "url": "https://www.wikidata.org/wiki/Q12123145",
     "retrieved_at": "2026-08-23"
    },
    "_overrides": {
     "creation": {
      "at": "2026-08-23",
      "source": "derived from start date + Caravaggio's documented itinerary (approximate)"
     }
    },
    "museum_id": "hermitage-museum",
    "qid": "Q12123145",
    "wga_url": "https://www.wga.hu/html/t/tiepolo/gianbatt/3_1740s/04maecen.html"
   }
  },
  {
   "type": "Feature",
   "geometry": {
    "type": "Point",
    "coordinates": [
     30.3136,
     59.9406
    ]
   },
   "properties": {
    "painter": "Giovanni Battista Tiepolo",
    "title": "Alexander the Great and Diogenes",
    "year": "1770",
    "city": "Saint Petersburg",
    "country": "Russia",
    "location": "Hermitage Museum",
    "kind": "museum",
    "attribution": "attributed",
    "status": "present",
    "medium": "Oil on canvas",
    "dimensions": "47 × 60 cm",
    "image": "https://commons.wikimedia.org/wiki/Special:FilePath/Giovanni%20Battista%20Tiepolo%20-%20Alexander%20the%20Great%20and%20Diogenes.jpg?width=420",
    "wikidata": "https://www.wikidata.org/wiki/Q12166548",
    "creation_place": "Madrid",
    "creation_lat": 40.4168,
    "creation_lon": -3.7038,
    "_source": {
     "source": "Wikidata",
     "url": "https://www.wikidata.org/wiki/Q12166548",
     "retrieved_at": "2026-08-23"
    },
    "_overrides": {
     "creation": {
      "at": "2026-08-23",
      "source": "derived from start date + Caravaggio's documented itinerary (approximate)"
     }
    },
    "museum_id": "hermitage-museum",
    "qid": "Q12166548"
   }
  },
  {
   "type": "Feature",
   "geometry": {
    "type": "Point",
    "coordinates": [
     11.55639,
     45.535
    ]
   },
   "properties": {
    "painter": "Giovanni Battista Tiepolo",
    "title": "Soldati fra colonne",
    "city": "Vicenza",
    "country": "Italy",
    "location": "Villa Valmarana ai Nani",
    "kind": "museum",
    "attribution": "generally accepted",
    "status": "present",
    "image": "https://commons.wikimedia.org/wiki/Special:FilePath/Giovanni%20Battista%20Tiepolo%20042.jpg?width=420",
    "wikipedia_it": "https://it.wikipedia.org/wiki/Soldati_fra_colonne",
    "wikidata": "https://www.wikidata.org/wiki/Q122871949",
    "_source": {
     "source": "Wikidata",
     "url": "https://www.wikidata.org/wiki/Q122871949",
     "retrieved_at": "2026-08-23"
    },
    "museum_id": "villa-valmarana-ai-nani",
    "qid": "Q122871949"
   }
  },
  {
   "type": "Feature",
   "geometry": {
    "type": "Point",
    "coordinates": [
     12.32814,
     45.43108
    ]
   },
   "properties": {
    "painter": "Giovanni Battista Tiepolo",
    "title": "Saint Cajetan's Vision of the Holy Family",
    "year": "1735",
    "city": "Venice",
    "country": "Italy",
    "location": "Gallerie dell'Accademia",
    "kind": "museum",
    "attribution": "attributed",
    "status": "present",
    "medium": "Oil on canvas",
    "dimensions": "128 × 73 cm",
    "genre": "religious art",
    "image": "https://commons.wikimedia.org/wiki/Special:FilePath/%28Venice%29%20Saint%20Cajetan%27s%20Vision%20of%20the%20Holy%20Family%20by%20Giambattista%20Tiepolo%20-%20Gallerie%20Accademia.jpg?width=420",
    "wikidata": "https://www.wikidata.org/wiki/Q123457461",
    "creation_place": "Venice",
    "creation_lat": 45.4408,
    "creation_lon": 12.3155,
    "_source": {
     "source": "Wikidata",
     "url": "https://www.wikidata.org/wiki/Q123457461",
     "retrieved_at": "2026-08-23"
    },
    "_overrides": {
     "creation": {
      "at": "2026-08-23",
      "source": "derived from start date + Caravaggio's documented itinerary (approximate)"
     }
    },
    "museum_id": "gallerie-dell-accademia",
    "qid": "Q123457461",
    "wga_url": "https://www.wga.hu/html/t/tiepolo/gianbatt/2_1730s/10holyfa.html"
   }
  },
  {
   "type": "Feature",
   "geometry": {
    "type": "Point",
    "coordinates": [
     12.32814,
     45.43108
    ]
   },
   "properties": {
    "painter": "Giovanni Battista Tiepolo",
    "title": "San Giuseppe con Gesù Bambino e i santi Francesco di Paola, Anna, Antonio e Pietro d'Alcántara",
    "city": "Venice",
    "country": "Italy",
    "location": "Gallerie dell'Accademia",
    "kind": "museum",
    "attribution": "attributed",
    "status": "present",
    "medium": "Oil on canvas",
    "dimensions": "210 × 114 cm",
    "image": "https://commons.wikimedia.org/wiki/Special:FilePath/%28Venice%29%20Saint%20Joseph%20with%20the%20Infant%20Jesus%20and%20Saints%20Francis%20of%20Paola%2C%20Anne%2C%20Anthony%2C%20and%20Peter%20of%20Alcantara%20by%20Giambattista%20Tiepolo%20-%20Gallerie%20Accademia.jpg?width=420",
    "wikidata": "https://www.wikidata.org/wiki/Q123457551",
    "_source": {
     "source": "Wikidata",
     "url": "https://www.wikidata.org/wiki/Q123457551",
     "retrieved_at": "2026-08-23"
    },
    "museum_id": "gallerie-dell-accademia",
    "qid": "Q123457551"
   }
  },
  {
   "type": "Feature",
   "geometry": {
    "type": "Point",
    "coordinates": [
     12.32814,
     45.43108
    ]
   },
   "properties": {
    "painter": "Giovanni Battista Tiepolo",
    "title": "The Judgement of Midas",
    "city": "Venice",
    "country": "Italy",
    "location": "Gallerie dell'Accademia",
    "kind": "museum",
    "attribution": "attributed",
    "status": "present",
    "medium": "Oil on canvas",
    "dimensions": "103.5 × 137.3 cm",
    "image": "https://commons.wikimedia.org/wiki/Special:FilePath/%28Venice%29%20The%20Judgement%20of%20Midas%20by%20Giambattista%20Tiepolo%20-%20Gallerie%20Accademia.jpg?width=420",
    "wikidata": "https://www.wikidata.org/wiki/Q123457697",
    "_source": {
     "source": "Wikidata",
     "url": "https://www.wikidata.org/wiki/Q123457697",
     "retrieved_at": "2026-08-23"
    },
    "museum_id": "gallerie-dell-accademia",
    "qid": "Q123457697"
   }
  },
  {
   "type": "Feature",
   "geometry": {
    "type": "Point",
    "coordinates": [
     12.32814,
     45.43108
    ]
   },
   "properties": {
    "painter": "Giovanni Battista Tiepolo",
    "title": "Madonna in Glory between Saints George and Romuald",
    "year": "1735",
    "city": "Venice",
    "country": "Italy",
    "location": "Gallerie dell'Accademia",
    "kind": "museum",
    "attribution": "attributed",
    "status": "present",
    "medium": "Oil on canvas",
    "genre": "religious art",
    "image": "https://commons.wikimedia.org/wiki/Special:FilePath/%28Venice%29%20The%20Virgin%20in%20Glory%20with%20Saints%20George%20and%20Romuald%20by%20Giambattista%20Tiepolo%20-%20Gallerie%20Accademia.jpg?width=420",
    "wikidata": "https://www.wikidata.org/wiki/Q123457778",
    "creation_place": "Venice",
    "creation_lat": 45.4408,
    "creation_lon": 12.3155,
    "_source": {
     "source": "Wikidata",
     "url": "https://www.wikidata.org/wiki/Q123457778",
     "retrieved_at": "2026-08-23"
    },
    "_overrides": {
     "creation": {
      "at": "2026-08-23",
      "source": "derived from start date + Caravaggio's documented itinerary (approximate)"
     }
    },
    "museum_id": "gallerie-dell-accademia",
    "qid": "Q123457778"
   }
  },
  {
   "type": "Feature",
   "geometry": {
    "type": "Point",
    "coordinates": [
     12.32814,
     45.43108
    ]
   },
   "properties": {
    "painter": "Giovanni Battista Tiepolo",
    "title": "Diana and Callisto",
    "year": "1720",
    "city": "Venice",
    "country": "Italy",
    "location": "Gallerie dell'Accademia",
    "kind": "museum",
    "attribution": "attributed",
    "status": "present",
    "medium": "Oil on canvas",
    "image": "https://commons.wikimedia.org/wiki/Special:FilePath/Accademia%20-%20Diana%20e%20Callisto%20-%20Giambattista%20Tiepolo%201720-22.jpg?width=420",
    "wikidata": "https://www.wikidata.org/wiki/Q124251807",
    "creation_place": "Venice",
    "creation_lat": 45.4408,
    "creation_lon": 12.3155,
    "_source": {
     "source": "Wikidata",
     "url": "https://www.wikidata.org/wiki/Q124251807",
     "retrieved_at": "2026-08-23"
    },
    "_overrides": {
     "creation": {
      "at": "2026-08-23",
      "source": "derived from start date + Caravaggio's documented itinerary (approximate)"
     }
    },
    "museum_id": "gallerie-dell-accademia",
    "qid": "Q124251807"
   }
  },
  {
   "type": "Feature",
   "geometry": {
    "type": "Point",
    "coordinates": [
     12.32814,
     45.43108
    ]
   },
   "properties": {
    "painter": "Giovanni Battista Tiepolo",
    "title": "The Feast of the Cross",
    "year": "1740",
    "city": "Venice",
    "country": "Italy",
    "location": "Gallerie dell'Accademia",
    "kind": "museum",
    "attribution": "attributed",
    "status": "present",
    "medium": "Oil on canvas",
    "dimensions": "51 × 49 cm",
    "genre": "religious art",
    "image": "https://commons.wikimedia.org/wiki/Special:FilePath/Accademia%20-%20Giambattista%20Tiepolo%2C%20L%27esaltazion%20della%20Croce%20e%20sant%27Elena.jpg?width=420",
    "wikidata": "https://www.wikidata.org/wiki/Q124252012",
    "creation_place": "Venice",
    "creation_lat": 45.4408,
    "creation_lon": 12.3155,
    "_source": {
     "source": "Wikidata",
     "url": "https://www.wikidata.org/wiki/Q124252012",
     "retrieved_at": "2026-08-23"
    },
    "_overrides": {
     "creation": {
      "at": "2026-08-23",
      "source": "derived from start date + Caravaggio's documented itinerary (approximate)"
     }
    },
    "museum_id": "gallerie-dell-accademia",
    "qid": "Q124252012"
   }
  },
  {
   "type": "Feature",
   "geometry": {
    "type": "Point",
    "coordinates": [
     12.32814,
     45.43108
    ]
   },
   "properties": {
    "painter": "Giovanni Battista Tiepolo",
    "title": "The scourge of Snakes",
    "year": "1732",
    "city": "Venice",
    "country": "Italy",
    "location": "Gallerie dell'Accademia",
    "kind": "museum",
    "attribution": "attributed",
    "status": "present",
    "medium": "Oil on canvas",
    "image": "https://commons.wikimedia.org/wiki/Special:FilePath/Accademia%20-%20Castigo%20dei%20serpenti%20-%20Giambattista%20Tiepolo%20cat.343.jpg?width=420",
    "wikidata": "https://www.wikidata.org/wiki/Q124252030",
    "creation_place": "Venice",
    "creation_lat": 45.4408,
    "creation_lon": 12.3155,
    "_source": {
     "source": "Wikidata",
     "url": "https://www.wikidata.org/wiki/Q124252030",
     "retrieved_at": "2026-08-23"
    },
    "_overrides": {
     "creation": {
      "at": "2026-08-23",
      "source": "derived from start date + Caravaggio's documented itinerary (approximate)"
     }
    },
    "museum_id": "gallerie-dell-accademia",
    "qid": "Q124252030"
   }
  },
  {
   "type": "Feature",
   "geometry": {
    "type": "Point",
    "coordinates": [
     12.32814,
     45.43108
    ]
   },
   "properties": {
    "painter": "Giovanni Battista Tiepolo",
    "title": "Institution of the Rosary",
    "year": "1737",
    "city": "Venice",
    "country": "Italy",
    "location": "Gallerie dell'Accademia",
    "kind": "museum",
    "attribution": "attributed",
    "status": "present",
    "medium": "Oil on canvas",
    "genre": "religious art",
    "image": "https://commons.wikimedia.org/wiki/Special:FilePath/Accademia%20-%20Istituzione%20del%20Rosario%20-%20Giambattista%20Tiepolo.jpg?width=420",
    "wikidata": "https://www.wikidata.org/wiki/Q124253391",
    "creation_place": "Venice",
    "creation_lat": 45.4408,
    "creation_lon": 12.3155,
    "_source": {
     "source": "Wikidata",
     "url": "https://www.wikidata.org/wiki/Q124253391",
     "retrieved_at": "2026-08-23"
    },
    "_overrides": {
     "creation": {
      "at": "2026-08-23",
      "source": "derived from start date + Caravaggio's documented itinerary (approximate)"
     }
    },
    "museum_id": "gallerie-dell-accademia",
    "qid": "Q124253391"
   }
  },
  {
   "type": "Feature",
   "geometry": {
    "type": "Point",
    "coordinates": [
     12.32814,
     45.43108
    ]
   },
   "properties": {
    "painter": "Giovanni Battista Tiepolo",
    "title": "Transportation of the Holy House of Loreto",
    "city": "Venice",
    "country": "Italy",
    "location": "Gallerie dell'Accademia",
    "kind": "museum",
    "attribution": "attributed",
    "status": "present",
    "dimensions": "124 × 85 cm",
    "image": "https://commons.wikimedia.org/wiki/Special:FilePath/Accademia%20-%20Trasporto%20della%20Santa%20Casa%20di%20Loreto%20by%20Giambattista%20Tiepolo.jpg?width=420",
    "wikidata": "https://www.wikidata.org/wiki/Q124253770",
    "_source": {
     "source": "Wikidata",
     "url": "https://www.wikidata.org/wiki/Q124253770",
     "retrieved_at": "2026-08-23"
    },
    "museum_id": "gallerie-dell-accademia",
    "qid": "Q124253770"
   }
  },
  {
   "type": "Feature",
   "geometry": {
    "type": "Point",
    "coordinates": [
     6.02306,
     47.24028
    ]
   },
   "properties": {
    "painter": "Giovanni Battista Tiepolo",
    "title": "Q130646848",
    "year": "1733",
    "city": "Besançon",
    "country": "France",
    "location": "Musée des Beaux-Arts et d'Archéologie de Besançon",
    "kind": "museum",
    "attribution": "attributed",
    "status": "present",
    "medium": "Oil on canvas",
    "dimensions": "53.5 × 42.5 cm",
    "genre": "religious art",
    "image": "https://commons.wikimedia.org/wiki/Special:FilePath/Tiepolo%20-%20Saint%20Roch%2C%201730%20entre%20%3B%201735%20et%2C%20896.1.103.jpg?width=420",
    "wikidata": "https://www.wikidata.org/wiki/Q130646848",
    "creation_place": "Venice",
    "creation_lat": 45.4408,
    "creation_lon": 12.3155,
    "_source": {
     "source": "Wikidata",
     "url": "https://www.wikidata.org/wiki/Q130646848",
     "retrieved_at": "2026-08-23"
    },
    "_overrides": {
     "creation": {
      "at": "2026-08-23",
      "source": "derived from start date + Caravaggio's documented itinerary (approximate)"
     }
    },
    "museum_id": "musee-des-beaux-arts-et-d-archeologie-de-besancon",
    "qid": "Q130646848"
   }
  },
  {
   "type": "Feature",
   "geometry": {
    "type": "Point",
    "coordinates": [
     12.327222,
     45.429444
    ]
   },
   "properties": {
    "painter": "Giovanni Battista Tiepolo",
    "title": "The Virgin Appearing to Dominican Saints",
    "year": "1747",
    "city": "Venice",
    "country": "Italy",
    "location": "Gesuati",
    "kind": "church",
    "attribution": "attributed",
    "status": "present",
    "medium": "Oil on canvas",
    "dimensions": "340 × 168 cm",
    "genre": "religious art",
    "image": "https://commons.wikimedia.org/wiki/Special:FilePath/Santa%20Maria%20del%20Rosario%20%28Venice%29%20Tiepolo%20-%20The%20Virgin%20Appearing%20to%20Dominican%20Saints.jpg?width=420",
    "wikidata": "https://www.wikidata.org/wiki/Q131100772",
    "creation_place": "Venice",
    "creation_lat": 45.4408,
    "creation_lon": 12.3155,
    "_source": {
     "source": "Wikidata",
     "url": "https://www.wikidata.org/wiki/Q131100772",
     "retrieved_at": "2026-08-23"
    },
    "_overrides": {
     "creation": {
      "at": "2026-08-23",
      "source": "derived from start date + Caravaggio's documented itinerary (approximate)"
     }
    },
    "museum_id": "gesuati",
    "qid": "Q131100772",
    "wga_url": "https://www.wga.hu/html/t/tiepolo/gianbatt/2_gesuat/10gesuat.html"
   }
  },
  {
   "type": "Feature",
   "geometry": {
    "type": "Point",
    "coordinates": [
     12.32435,
     45.43409
    ]
   },
   "properties": {
    "painter": "Giovanni Battista Tiepolo",
    "title": "Zephir and Flora",
    "city": "Venice",
    "country": "Italy",
    "location": "Ca' Rezzonico",
    "kind": "museum",
    "attribution": "attributed",
    "status": "present",
    "image": "https://commons.wikimedia.org/wiki/Special:FilePath/Tiepolo%2C%20Giovanni%20Battista%20-%20The%20Triumph%20of%20Zephyr%20and%20Flora%20-%201734-35.jpg?width=420",
    "wikidata": "https://www.wikidata.org/wiki/Q131579682",
    "_source": {
     "source": "Wikidata",
     "url": "https://www.wikidata.org/wiki/Q131579682",
     "retrieved_at": "2026-08-23"
    },
    "museum_id": "ca-rezzonico",
    "qid": "Q131579682"
   }
  },
  {
   "type": "Feature",
   "geometry": {
    "type": "Point",
    "coordinates": [
     12.25055,
     45.66703
    ]
   },
   "properties": {
    "painter": "Giovanni Battista Tiepolo",
    "title": "Flora",
    "year": "1650",
    "city": "Treviso",
    "country": "Italy",
    "location": "Complesso di santa Caterina",
    "kind": "museum",
    "attribution": "attributed",
    "status": "present",
    "medium": "Fresco",
    "image": "https://commons.wikimedia.org/wiki/Special:FilePath/%28Treviso%29%20Flora%20-%20Giambattista%20Tiepolo%20-%20Museo%20civico%20di%20Santa%20Caterina.jpg?width=420",
    "wikidata": "https://www.wikidata.org/wiki/Q134721265",
    "_source": {
     "source": "Wikidata",
     "url": "https://www.wikidata.org/wiki/Q134721265",
     "retrieved_at": "2026-08-23"
    },
    "museum_id": "complesso-di-santa-caterina",
    "qid": "Q134721265"
   }
  },
  {
   "type": "Feature",
   "geometry": {
    "type": "Point",
    "coordinates": [
     2.3358,
     48.8611
    ]
   },
   "properties": {
    "painter": "Giovanni Battista Tiepolo",
    "title": "Pulcinella colpevole",
    "year": "1740",
    "city": "Paris",
    "country": "France",
    "location": "Louvre",
    "kind": "museum",
    "attribution": "generally accepted",
    "status": "present",
    "medium": "Oil on canvas",
    "dimensions": "102 × 164 cm",
    "image": "https://commons.wikimedia.org/wiki/Special:FilePath/Polichinelle%20coupable%2C%20par%20Giambattista%20Tiepolo.jpg?width=420",
    "wikipedia_it": "https://it.wikipedia.org/wiki/Pulcinella_colpevole",
    "wikidata": "https://www.wikidata.org/wiki/Q135841094",
    "creation_place": "Venice",
    "creation_lat": 45.4408,
    "creation_lon": 12.3155,
    "_source": {
     "source": "Wikidata",
     "url": "https://www.wikidata.org/wiki/Q135841094",
     "retrieved_at": "2026-08-23"
    },
    "_overrides": {
     "creation": {
      "at": "2026-08-23",
      "source": "derived from start date + Caravaggio's documented itinerary (approximate)"
     }
    },
    "museum_id": "louvre",
    "qid": "Q135841094"
   }
  },
  {
   "type": "Feature",
   "geometry": {
    "type": "Point",
    "coordinates": [
     12.4175,
     45.48556
    ]
   },
   "properties": {
    "painter": "Giovanni Battista Tiepolo",
    "title": "The Crucifixion of Christ",
    "year": "1725",
    "city": "Venice",
    "country": "Italy",
    "location": "Burano",
    "kind": "museum",
    "attribution": "attributed",
    "status": "present",
    "genre": "religious art",
    "image": "https://commons.wikimedia.org/wiki/Special:FilePath/Giambattista%20tiepolo%2C%20crocifissione%20di%20burano%2C%201725%2C%2002.jpg?width=420",
    "wikidata": "https://www.wikidata.org/wiki/Q136690741",
    "creation_place": "Venice",
    "creation_lat": 45.4408,
    "creation_lon": 12.3155,
    "_source": {
     "source": "Wikidata",
     "url": "https://www.wikidata.org/wiki/Q136690741",
     "retrieved_at": "2026-08-23"
    },
    "_overrides": {
     "creation": {
      "at": "2026-08-23",
      "source": "derived from start date + Caravaggio's documented itinerary (approximate)"
     }
    },
    "museum_id": "burano",
    "qid": "Q136690741"
   }
  },
  {
   "type": "Feature",
   "geometry": {
    "type": "Point",
    "coordinates": [
     10.98778,
     45.44
    ]
   },
   "properties": {
    "painter": "Giovanni Battista Tiepolo",
    "title": "Heliodorus plunders the temple",
    "year": "1720-1724",
    "city": "Verona",
    "country": "Italy",
    "location": "Castelvecchio Museum",
    "kind": "museum",
    "attribution": "generally accepted",
    "status": "present",
    "dimensions": "195 × 231 cm",
    "genre": "religious art",
    "image": "https://commons.wikimedia.org/wiki/Special:FilePath/Tiepolo%20-%20Eliodoro%20ed%20Onias%20-%20Museo%20Castelvecchio%20-%20Verona.jpg?width=420",
    "wikipedia_it": "https://it.wikipedia.org/wiki/Eliodoro_saccheggia_il_tempio",
    "wikidata": "https://www.wikidata.org/wiki/Q16551690",
    "creation_place": "Venice",
    "creation_lat": 45.4408,
    "creation_lon": 12.3155,
    "_source": {
     "source": "Wikidata",
     "url": "https://www.wikidata.org/wiki/Q16551690",
     "retrieved_at": "2026-08-23"
    },
    "_overrides": {
     "creation": {
      "at": "2026-08-23",
      "source": "derived from start date + Caravaggio's documented itinerary (approximate)"
     }
    },
    "museum_id": "castelvecchio-museum",
    "qid": "Q16551690"
   }
  },
  {
   "type": "Feature",
   "geometry": {
    "type": "Point",
    "coordinates": [
     -9.16072,
     38.7053
    ]
   },
   "properties": {
    "painter": "Giovanni Battista Tiepolo",
    "title": "Deposition",
    "year": "1767",
    "city": "Estrela",
    "country": "Portugal",
    "location": "National Museum of Ancient Art",
    "kind": "museum",
    "attribution": "generally accepted",
    "status": "present",
    "medium": "Oil on canvas",
    "genre": "religious art",
    "image": "https://commons.wikimedia.org/wiki/Special:FilePath/Deposicao%20Cristo%20Tumulo-Tie.jpg?width=420",
    "wikipedia_en": "https://en.wikipedia.org/wiki/Deposition_(Tiepolo)",
    "wikipedia_it": "https://it.wikipedia.org/wiki/Deposizione_del_corpo_di_Cristo_nel_sepolcro_(Giambattista_Tiepolo)",
    "wikidata": "https://www.wikidata.org/wiki/Q17390181",
    "creation_place": "Madrid",
    "creation_lat": 40.4168,
    "creation_lon": -3.7038,
    "_source": {
     "source": "Wikidata",
     "url": "https://www.wikidata.org/wiki/Q17390181",
     "retrieved_at": "2026-08-23"
    },
    "_overrides": {
     "creation": {
      "at": "2026-08-23",
      "source": "derived from start date + Caravaggio's documented itinerary (approximate)"
     }
    },
    "museum_id": "national-museum-of-ancient-art",
    "qid": "Q17390181"
   }
  },
  {
   "type": "Feature",
   "geometry": {
    "type": "Point",
    "coordinates": [
     144.96889,
     -37.8225
    ]
   },
   "properties": {
    "painter": "Giovanni Battista Tiepolo",
    "title": "The Banquet of Cleopatra",
    "year": "1743",
    "city": "Melbourne",
    "country": "Australia",
    "location": "National Gallery of Victoria",
    "kind": "museum",
    "attribution": "generally accepted",
    "status": "present",
    "medium": "Oil on canvas",
    "dimensions": "250.3 × 357 cm",
    "genre": "history painting",
    "image": "https://commons.wikimedia.org/wiki/Special:FilePath/Giambattista%20Tiepolo%20-%20The%20Banquet%20of%20Cleopatra%20-%20Google%20Art%20Project.jpg?width=420",
    "wikipedia_en": "https://en.wikipedia.org/wiki/The_Banquet_of_Cleopatra_(Tiepolo)",
    "wikipedia_it": "https://it.wikipedia.org/wiki/Banchetto_di_Antonio_e_Cleopatra",
    "wikidata": "https://www.wikidata.org/wiki/Q18167078",
    "creation_place": "Venice",
    "creation_lat": 45.4408,
    "creation_lon": 12.3155,
    "_source": {
     "source": "Wikidata",
     "url": "https://www.wikidata.org/wiki/Q18167078",
     "retrieved_at": "2026-08-23"
    },
    "_overrides": {
     "creation": {
      "at": "2026-08-23",
      "source": "derived from start date + Caravaggio's documented itinerary (approximate)"
     }
    },
    "museum_id": "national-gallery-of-victoria",
    "qid": "Q18167078",
    "wga_url": "https://www.wga.hu/html/t/tiepolo/gianbatt/4labia/2banque3.html"
   }
  },
  {
   "type": "Feature",
   "geometry": {
    "type": "Point",
    "coordinates": [
     -73.5801,
     45.4987
    ]
   },
   "properties": {
    "painter": "Giovanni Battista Tiepolo",
    "title": "Apelles Painting Campaspe",
    "year": "1725",
    "city": "Montreal",
    "country": "Canada",
    "location": "Montreal Museum of Fine Arts",
    "kind": "museum",
    "attribution": "generally accepted",
    "status": "present",
    "medium": "Oil on canvas",
    "dimensions": "54 × 74 cm",
    "image": "https://commons.wikimedia.org/wiki/Special:FilePath/Giovanni%20Battista%20Tiepolo%20002.jpg?width=420",
    "wikipedia_it": "https://it.wikipedia.org/wiki/Alessandro_e_Campaspe_nello_studio_di_Apelle",
    "wikidata": "https://www.wikidata.org/wiki/Q18522901",
    "creation_place": "Venice",
    "creation_lat": 45.4408,
    "creation_lon": 12.3155,
    "_source": {
     "source": "Wikidata",
     "url": "https://www.wikidata.org/wiki/Q18522901",
     "retrieved_at": "2026-08-23"
    },
    "_overrides": {
     "creation": {
      "at": "2026-08-23",
      "source": "derived from start date + Caravaggio's documented itinerary (approximate)"
     }
    },
    "museum_id": "montreal-museum-of-fine-arts",
    "qid": "Q18522901"
   }
  },
  {
   "type": "Feature",
   "geometry": {
    "type": "Point",
    "coordinates": [
     2.3358,
     48.8611
    ]
   },
   "properties": {
    "painter": "Giovanni Battista Tiepolo",
    "title": "The Last Supper",
    "year": "1747",
    "country": "France",
    "location": "Louvre",
    "kind": "museum",
    "attribution": "attributed",
    "status": "present",
    "medium": "Oil on canvas",
    "dimensions": "80.5 × 89.5 cm",
    "genre": "religious art",
    "image": "https://commons.wikimedia.org/wiki/Special:FilePath/Giovanni%20Battista%20Tiepolo%20-%20The%20Last%20Supper%20-%20WGA22295.jpg?width=420",
    "wikidata": "https://www.wikidata.org/wiki/Q18573905",
    "creation_place": "Venice",
    "creation_lat": 45.4408,
    "creation_lon": 12.3155,
    "_source": {
     "source": "Wikidata",
     "url": "https://www.wikidata.org/wiki/Q18573905",
     "retrieved_at": "2026-08-23"
    },
    "_overrides": {
     "creation": {
      "at": "2026-08-23",
      "source": "derived from start date + Caravaggio's documented itinerary (approximate)"
     }
    },
    "museum_id": "louvre",
    "city": "Paris",
    "qid": "Q18573905",
    "wga_url": "https://www.wga.hu/html/t/tiepolo/gianbatt/3_1740s/08lastsu.html"
   }
  },
  {
   "type": "Feature",
   "geometry": {
    "type": "Point",
    "coordinates": [
     2.3358,
     48.8611
    ]
   },
   "properties": {
    "painter": "Giovanni Battista Tiepolo",
    "title": "Apollo and Daphne",
    "year": "1743",
    "country": "France",
    "location": "Louvre",
    "kind": "museum",
    "attribution": "generally accepted",
    "status": "present",
    "medium": "Oil on canvas",
    "dimensions": "96 × 79 cm",
    "genre": "mythological painting",
    "image": "https://commons.wikimedia.org/wiki/Special:FilePath/Giovanni%20Battista%20Tiepolo%20-%20Apollo%20and%20Daphne%20-%20WGA22293.jpg?width=420",
    "wikipedia_it": "https://it.wikipedia.org/wiki/Apollo_e_Dafne_(Giambattista_Tiepolo)",
    "wikidata": "https://www.wikidata.org/wiki/Q18573906",
    "creation_place": "Venice",
    "creation_lat": 45.4408,
    "creation_lon": 12.3155,
    "_source": {
     "source": "Wikidata",
     "url": "https://www.wikidata.org/wiki/Q18573906",
     "retrieved_at": "2026-08-23"
    },
    "_overrides": {
     "creation": {
      "at": "2026-08-23",
      "source": "derived from start date + Caravaggio's documented itinerary (approximate)"
     }
    },
    "museum_id": "louvre",
    "city": "Paris",
    "qid": "Q18573906",
    "wga_url": "https://www.wga.hu/html/t/tiepolo/gianbatt/3_1740s/06daphne.html"
   }
  },
  {
   "type": "Feature",
   "geometry": {
    "type": "Point",
    "coordinates": [
     2.3358,
     48.8611
    ]
   },
   "properties": {
    "painter": "Giovanni Battista Tiepolo",
    "title": "Apparition of the Virgin to St. Simon Stock",
    "year": "1746",
    "country": "France",
    "location": "Louvre",
    "kind": "museum",
    "attribution": "attributed",
    "status": "present",
    "medium": "Oil on canvas",
    "dimensions": "66 × 42 cm",
    "genre": "religious art",
    "image": "https://commons.wikimedia.org/wiki/Special:FilePath/Giovanni%20Battista%20Tiepolo%20-%20Apparition%20of%20the%20Virgin%20to%20St%20Simon%20Stock%20-%20WGA22299.jpg?width=420",
    "wikidata": "https://www.wikidata.org/wiki/Q18573911",
    "creation_place": "Venice",
    "creation_lat": 45.4408,
    "creation_lon": 12.3155,
    "_source": {
     "source": "Wikidata",
     "url": "https://www.wikidata.org/wiki/Q18573911",
     "retrieved_at": "2026-08-23"
    },
    "_overrides": {
     "creation": {
      "at": "2026-08-23",
      "source": "derived from start date + Caravaggio's documented itinerary (approximate)"
     }
    },
    "museum_id": "louvre",
    "city": "Paris",
    "qid": "Q18573911",
    "wga_url": "https://www.wga.hu/html/t/tiepolo/gianbatt/3_1740s/111carmi.html"
   }
  },
  {
   "type": "Feature",
   "geometry": {
    "type": "Point",
    "coordinates": [
     2.3358,
     48.8611
    ]
   },
   "properties": {
    "painter": "Giovanni Battista Tiepolo",
    "title": "Project for an Overdoor",
    "year": "1762",
    "country": "France",
    "location": "Louvre",
    "kind": "museum",
    "attribution": "attributed",
    "status": "present",
    "medium": "Oil on canvas",
    "dimensions": "67 × 31 cm",
    "genre": "interior view",
    "image": "https://commons.wikimedia.org/wiki/Special:FilePath/Tiepolo%20-%20Projet%20de%20d%C3%A9cor%20pour%20un%20dessus-de-porte%2C%20vers%201762%2C%20RF%202006%2013.jpg?width=420",
    "wikidata": "https://www.wikidata.org/wiki/Q18573914",
    "creation_place": "Venice",
    "creation_lat": 45.4408,
    "creation_lon": 12.3155,
    "_source": {
     "source": "Wikidata",
     "url": "https://www.wikidata.org/wiki/Q18573914",
     "retrieved_at": "2026-08-23"
    },
    "_overrides": {
     "creation": {
      "at": "2026-08-23",
      "source": "derived from start date + Caravaggio's documented itinerary (approximate)"
     }
    },
    "museum_id": "louvre",
    "city": "Paris",
    "qid": "Q18573914"
   }
  },
  {
   "type": "Feature",
   "geometry": {
    "type": "Point",
    "coordinates": [
     -3.22389,
     55.95194
    ]
   },
   "properties": {
    "painter": "Giovanni Battista Tiepolo",
    "title": "The Meeting of Anthony and Cleopatra",
    "year": "1747",
    "city": "Edinburgh",
    "country": "United Kingdom",
    "location": "National Galleries Scotland",
    "kind": "museum",
    "attribution": "generally accepted",
    "status": "present",
    "medium": "Oil on canvas",
    "dimensions": "66.8 × 38.4 cm",
    "image": "https://commons.wikimedia.org/wiki/Special:FilePath/Giovanni%20Battista%20Tiepolo%20-%20The%20Meeting%20of%20Anthony%20and%20Cleopatra%20-%20NG%2091%20-%20National%20Galleries%20of%20Scotland.jpg?width=420",
    "wikipedia_it": "https://it.wikipedia.org/wiki/Incontro_di_Antonio_e_Cleopatra",
    "wikidata": "https://www.wikidata.org/wiki/Q18684494",
    "creation_place": "Venice",
    "creation_lat": 45.4408,
    "creation_lon": 12.3155,
    "_source": {
     "source": "Wikidata",
     "url": "https://www.wikidata.org/wiki/Q18684494",
     "retrieved_at": "2026-08-23"
    },
    "_overrides": {
     "creation": {
      "at": "2026-08-23",
      "source": "derived from start date + Caravaggio's documented itinerary (approximate)"
     }
    },
    "museum_id": "national-galleries-scotland",
    "qid": "Q18684494"
   }
  },
  {
   "type": "Feature",
   "geometry": {
    "type": "Point",
    "coordinates": [
     -75.181,
     39.966
    ]
   },
   "properties": {
    "painter": "Giovanni Battista Tiepolo",
    "title": "Sketch for \"Venus and Vulcan\"",
    "year": "1765",
    "city": "Philadelphia",
    "country": "United States",
    "location": "Philadelphia Museum of Art",
    "kind": "museum",
    "attribution": "attributed",
    "status": "present",
    "medium": "Oil on paper",
    "dimensions": "69 × 87 cm",
    "genre": "mythological painting",
    "image": "https://commons.wikimedia.org/wiki/Special:FilePath/Giovanni%20Battista%20Tiepolo%2C%20Italian%20%28active%20Venice%2C%20Udine%2C%20W%C3%BCrzburg%2C%20and%20Madrid%29%20-%20Sketch%20for%20%22Venus%20and%20Vulcan%22%20-%20Google%20Art%20Project.jpg?width=420",
    "wikidata": "https://www.wikidata.org/wiki/Q18685782",
    "creation_place": "Madrid",
    "creation_lat": 40.4168,
    "creation_lon": -3.7038,
    "_source": {
     "source": "Wikidata",
     "url": "https://www.wikidata.org/wiki/Q18685782",
     "retrieved_at": "2026-08-23"
    },
    "_overrides": {
     "creation": {
      "at": "2026-08-23",
      "source": "derived from start date + Caravaggio's documented itinerary (approximate)"
     }
    },
    "museum_id": "philadelphia-museum-of-art",
    "qid": "Q18685782"
   }
  },
  {
   "type": "Feature",
   "geometry": {
    "type": "Point",
    "coordinates": [
     -73.9672,
     40.7711
    ]
   },
   "properties": {
    "painter": "Giovanni Battista Tiepolo",
    "title": "Perseus and Andromeda",
    "year": "1730",
    "city": "New York",
    "country": "United States",
    "location": "Frick Collection",
    "kind": "museum",
    "attribution": "generally accepted",
    "status": "present",
    "medium": "Oil on canvas",
    "dimensions": "51.8 × 40.6 cm",
    "genre": "mythological painting",
    "image": "https://commons.wikimedia.org/wiki/Special:FilePath/Tiepolo%20-%20Perseus%20and%20Andromeda%2C%20ca.%201730%E2%80%9331.jpg?width=420",
    "wikipedia_it": "https://it.wikipedia.org/wiki/Perseo_e_Andromeda_(Tiepolo)",
    "wikidata": "https://www.wikidata.org/wiki/Q19857388",
    "creation_place": "Venice",
    "creation_lat": 45.4408,
    "creation_lon": 12.3155,
    "_source": {
     "source": "Wikidata",
     "url": "https://www.wikidata.org/wiki/Q19857388",
     "retrieved_at": "2026-08-23"
    },
    "_overrides": {
     "creation": {
      "at": "2026-08-23",
      "source": "derived from start date + Caravaggio's documented itinerary (approximate)"
     }
    },
    "museum_id": "frick-collection",
    "qid": "Q19857388"
   }
  },
  {
   "type": "Feature",
   "geometry": {
    "type": "Point",
    "coordinates": [
     -73.9631,
     40.7794
    ]
   },
   "properties": {
    "painter": "Giovanni Battista Tiepolo",
    "title": "A Female Allegorical Figure",
    "year": "1740",
    "city": "New York",
    "country": "United States",
    "location": "Metropolitan Museum of Art",
    "kind": "museum",
    "attribution": "attributed",
    "status": "present",
    "medium": "Oil on canvas",
    "dimensions": "81.3 × 63.2 cm",
    "genre": "allegory",
    "image": "https://commons.wikimedia.org/wiki/Special:FilePath/A%20Female%20Allegorical%20Figure%20MET%20Wrightsman%201984%2049.jpg?width=420",
    "wikidata": "https://www.wikidata.org/wiki/Q19905345",
    "creation_place": "Venice",
    "creation_lat": 45.4408,
    "creation_lon": 12.3155,
    "_source": {
     "source": "Wikidata",
     "url": "https://www.wikidata.org/wiki/Q19905345",
     "retrieved_at": "2026-08-23"
    },
    "_overrides": {
     "creation": {
      "at": "2026-08-23",
      "source": "derived from start date + Caravaggio's documented itinerary (approximate)"
     }
    },
    "museum_id": "metropolitan-museum-of-art",
    "qid": "Q19905345"
   }
  },
  {
   "type": "Feature",
   "geometry": {
    "type": "Point",
    "coordinates": [
     -73.9631,
     40.7794
    ]
   },
   "properties": {
    "painter": "Giovanni Battista Tiepolo",
    "title": "The Capture of Carthage",
    "year": "1725",
    "city": "New York",
    "country": "United States",
    "location": "Metropolitan Museum of Art",
    "kind": "museum",
    "attribution": "attributed",
    "status": "present",
    "medium": "Oil on canvas",
    "dimensions": "411.5 × 376.9 cm",
    "image": "https://commons.wikimedia.org/wiki/Special:FilePath/Capture%20of%20Carthage%20bY%20GB%20Tiepolo.jpg?width=420",
    "wikidata": "https://www.wikidata.org/wiki/Q19911487",
    "creation_place": "Venice",
    "creation_lat": 45.4408,
    "creation_lon": 12.3155,
    "_source": {
     "source": "Wikidata",
     "url": "https://www.wikidata.org/wiki/Q19911487",
     "retrieved_at": "2026-08-23"
    },
    "_overrides": {
     "creation": {
      "at": "2026-08-23",
      "source": "derived from start date + Caravaggio's documented itinerary (approximate)"
     }
    },
    "museum_id": "metropolitan-museum-of-art",
    "qid": "Q19911487"
   }
  },
  {
   "type": "Feature",
   "geometry": {
    "type": "Point",
    "coordinates": [
     -73.9631,
     40.7794
    ]
   },
   "properties": {
    "painter": "Giovanni Battista Tiepolo",
    "title": "The Battle of Vercellae",
    "year": "1725",
    "city": "New York",
    "country": "United States",
    "location": "Metropolitan Museum of Art",
    "kind": "museum",
    "attribution": "attributed",
    "status": "present",
    "medium": "Oil on canvas",
    "dimensions": "411.5 × 376.9 cm",
    "image": "https://commons.wikimedia.org/wiki/Special:FilePath/Battle%20of%20Vercellae%20by%20Giovanni%20Battista%20Tiepolo.jpg?width=420",
    "wikidata": "https://www.wikidata.org/wiki/Q19911502",
    "creation_place": "Venice",
    "creation_lat": 45.4408,
    "creation_lon": 12.3155,
    "_source": {
     "source": "Wikidata",
     "url": "https://www.wikidata.org/wiki/Q19911502",
     "retrieved_at": "2026-08-23"
    },
    "_overrides": {
     "creation": {
      "at": "2026-08-23",
      "source": "derived from start date + Caravaggio's documented itinerary (approximate)"
     }
    },
    "museum_id": "metropolitan-museum-of-art",
    "qid": "Q19911502"
   }
  },
  {
   "type": "Feature",
   "geometry": {
    "type": "Point",
    "coordinates": [
     -73.9631,
     40.7794
    ]
   },
   "properties": {
    "painter": "Giovanni Battista Tiepolo",
    "title": "The Triumph of Marius",
    "year": "1729",
    "city": "New York",
    "country": "United States",
    "location": "Metropolitan Museum of Art",
    "kind": "museum",
    "attribution": "attributed",
    "status": "present",
    "medium": "Oil on canvas",
    "dimensions": "558.8 × 326.7 cm",
    "image": "https://commons.wikimedia.org/wiki/Special:FilePath/Triumph%20of%20Marius.jpg?width=420",
    "wikidata": "https://www.wikidata.org/wiki/Q19911521",
    "creation_place": "Venice",
    "creation_lat": 45.4408,
    "creation_lon": 12.3155,
    "_source": {
     "source": "Wikidata",
     "url": "https://www.wikidata.org/wiki/Q19911521",
     "retrieved_at": "2026-08-23"
    },
    "_overrides": {
     "creation": {
      "at": "2026-08-23",
      "source": "derived from start date + Caravaggio's documented itinerary (approximate)"
     }
    },
    "museum_id": "metropolitan-museum-of-art",
    "qid": "Q19911521"
   }
  },
  {
   "type": "Feature",
   "geometry": {
    "type": "Point",
    "coordinates": [
     -73.9631,
     40.7794
    ]
   },
   "properties": {
    "painter": "Giovanni Battista Tiepolo",
    "title": "The Glorification of the Barbaro Family",
    "year": "1750",
    "city": "New York",
    "country": "United States",
    "location": "Metropolitan Museum of Art",
    "kind": "museum",
    "attribution": "attributed",
    "status": "present",
    "medium": "Oil on canvas",
    "dimensions": "243.8 × 466.7 cm",
    "image": "https://commons.wikimedia.org/wiki/Special:FilePath/Tiepolo%2C%20Giambattista%20-%20The%20Glorification%20of%20the%20Barbaro%20Family.png?width=420",
    "wikidata": "https://www.wikidata.org/wiki/Q19911582",
    "creation_place": "Venice",
    "creation_lat": 45.4408,
    "creation_lon": 12.3155,
    "_source": {
     "source": "Wikidata",
     "url": "https://www.wikidata.org/wiki/Q19911582",
     "retrieved_at": "2026-08-23"
    },
    "_overrides": {
     "creation": {
      "at": "2026-08-23",
      "source": "derived from start date + Caravaggio's documented itinerary (approximate)"
     }
    },
    "museum_id": "metropolitan-museum-of-art",
    "qid": "Q19911582"
   }
  },
  {
   "type": "Feature",
   "geometry": {
    "type": "Point",
    "coordinates": [
     -73.9631,
     40.7794
    ]
   },
   "properties": {
    "painter": "Giovanni Battista Tiepolo",
    "title": "Allegory of the Planets and Continents",
    "year": "1752",
    "city": "New York",
    "country": "United States",
    "location": "Metropolitan Museum of Art",
    "kind": "museum",
    "attribution": "generally accepted",
    "status": "present",
    "medium": "Oil on canvas",
    "dimensions": "185.4 × 139.4 cm",
    "genre": "allegory",
    "image": "https://commons.wikimedia.org/wiki/Special:FilePath/Giovanni%20Battista%20Tiepolo%20-%20Allegory%20of%20the%20Planets%20and%20Continents.jpg?width=420",
    "wikipedia_en": "https://en.wikipedia.org/wiki/Allegory_of_the_Planets_and_Continents",
    "wikidata": "https://www.wikidata.org/wiki/Q19911765",
    "_source": {
     "source": "Wikidata",
     "url": "https://www.wikidata.org/wiki/Q19911765",
     "retrieved_at": "2026-08-23"
    },
    "_overrides": {
     "creation": {
      "at": "2026-08-23",
      "source": "derived from start date + Caravaggio's documented itinerary (approximate)"
     }
    },
    "museum_id": "metropolitan-museum-of-art",
    "qid": "Q19911765",
    "wga_url": "https://www.wga.hu/html/t/tiepolo/gianbatt/7_1760s/01planet.html"
   }
  },
  {
   "type": "Feature",
   "geometry": {
    "type": "Point",
    "coordinates": [
     -73.9631,
     40.7794
    ]
   },
   "properties": {
    "painter": "Giovanni Battista Tiepolo",
    "title": "The Chariot of Aurora",
    "year": "1764",
    "city": "New York",
    "country": "United States",
    "location": "Metropolitan Museum of Art",
    "kind": "museum",
    "attribution": "attributed",
    "status": "present",
    "medium": "Oil on canvas",
    "dimensions": "90.2 × 72.7 cm",
    "image": "https://commons.wikimedia.org/wiki/Special:FilePath/The%20Chariot%20of%20Aurora%20MET%20DT4170.jpg?width=420",
    "wikidata": "https://www.wikidata.org/wiki/Q19912014",
    "creation_place": "Madrid",
    "creation_lat": 40.4168,
    "creation_lon": -3.7038,
    "_source": {
     "source": "Wikidata",
     "url": "https://www.wikidata.org/wiki/Q19912014",
     "retrieved_at": "2026-08-23"
    },
    "_overrides": {
     "creation": {
      "at": "2026-08-23",
      "source": "derived from start date + Caravaggio's documented itinerary (approximate)"
     }
    },
    "museum_id": "metropolitan-museum-of-art",
    "qid": "Q19912014"
   }
  },
  {
   "type": "Feature",
   "geometry": {
    "type": "Point",
    "coordinates": [
     -73.9631,
     40.7794
    ]
   },
   "properties": {
    "painter": "Giovanni Battista Tiepolo",
    "title": "The Apotheosis of the Spanish Monarchy",
    "year": "1764",
    "city": "New York",
    "country": "United States",
    "location": "Metropolitan Museum of Art",
    "kind": "museum",
    "attribution": "attributed",
    "status": "present",
    "medium": "Oil on canvas",
    "dimensions": "81.6 × 66.4 cm",
    "image": "https://commons.wikimedia.org/wiki/Special:FilePath/The%20Apotheosis%20of%20the%20Spanish%20Monarchy%20MET%20DT5155.jpg?width=420",
    "wikidata": "https://www.wikidata.org/wiki/Q19912016",
    "creation_place": "Madrid",
    "creation_lat": 40.4168,
    "creation_lon": -3.7038,
    "_source": {
     "source": "Wikidata",
     "url": "https://www.wikidata.org/wiki/Q19912016",
     "retrieved_at": "2026-08-23"
    },
    "_overrides": {
     "creation": {
      "at": "2026-08-23",
      "source": "derived from start date + Caravaggio's documented itinerary (approximate)"
     }
    },
    "museum_id": "metropolitan-museum-of-art",
    "qid": "Q19912016"
   }
  },
  {
   "type": "Feature",
   "geometry": {
    "type": "Point",
    "coordinates": [
     9.18782,
     45.47196
    ]
   },
   "properties": {
    "painter": "Giovanni Battista Tiepolo",
    "title": "The Madonna of Carmel and the Souls of the Purgatory",
    "year": "1724",
    "city": "Milan",
    "country": "Italy",
    "location": "Pinacoteca di Brera",
    "kind": "museum",
    "attribution": "attributed",
    "status": "present",
    "medium": "Oil on canvas",
    "dimensions": "210 × 650 cm",
    "genre": "religious art",
    "image": "https://commons.wikimedia.org/wiki/Special:FilePath/Giovanni%20Battista%20Tiepolo%20-%20The%20Madonna%20of%20Carmel%20and%20the%20Souls%20of%20the%20Purgatory%20-%20WGA22270.jpg?width=420",
    "wikidata": "https://www.wikidata.org/wiki/Q20068250",
    "creation_place": "Venice",
    "creation_lat": 45.4408,
    "creation_lon": 12.3155,
    "_source": {
     "source": "Wikidata",
     "url": "https://www.wikidata.org/wiki/Q20068250",
     "retrieved_at": "2026-08-23"
    },
    "_overrides": {
     "creation": {
      "at": "2026-08-23",
      "source": "derived from start date + Caravaggio's documented itinerary (approximate)"
     }
    },
    "museum_id": "pinacoteca-di-brera",
    "qid": "Q20068250",
    "wga_url": "https://www.wga.hu/html/t/tiepolo/gianbatt/2_1730s/12madonn.html"
   }
  },
  {
   "type": "Feature",
   "geometry": {
    "type": "Point",
    "coordinates": [
     16.3616,
     48.20388
    ]
   },
   "properties": {
    "painter": "Giovanni Battista Tiepolo",
    "title": "Death of Consul L. J. Brutus in a duel with Aruns",
    "year": "1727",
    "city": "Vienna",
    "country": "Austria",
    "location": "Kunsthistorisches Museum",
    "kind": "museum",
    "attribution": "generally accepted",
    "status": "present",
    "medium": "Oil on canvas",
    "dimensions": "383 × 182 cm",
    "image": "https://commons.wikimedia.org/wiki/Special:FilePath/Giovanni%20Battista%20Tiepolo%20027.jpg?width=420",
    "wikipedia_it": "https://it.wikipedia.org/wiki/Bruto_e_Arrunte",
    "wikidata": "https://www.wikidata.org/wiki/Q20093134",
    "creation_place": "Venice",
    "creation_lat": 45.4408,
    "creation_lon": 12.3155,
    "_source": {
     "source": "Wikidata",
     "url": "https://www.wikidata.org/wiki/Q20093134",
     "retrieved_at": "2026-08-23"
    },
    "_overrides": {
     "creation": {
      "at": "2026-08-23",
      "source": "derived from start date + Caravaggio's documented itinerary (approximate)"
     }
    },
    "museum_id": "kunsthistorisches-museum",
    "qid": "Q20093134"
   }
  },
  {
   "type": "Feature",
   "geometry": {
    "type": "Point",
    "coordinates": [
     -77.02,
     38.8914
    ]
   },
   "properties": {
    "painter": "Giovanni Battista Tiepolo",
    "title": "Apollo Pursuing Daphne",
    "year": "1757",
    "city": "Washington",
    "country": "United States",
    "location": "National Gallery of Art",
    "kind": "museum",
    "attribution": "generally accepted",
    "status": "present",
    "medium": "Oil on canvas",
    "dimensions": "68.5 × 87 cm",
    "genre": "mythological painting",
    "image": "https://commons.wikimedia.org/wiki/Special:FilePath/Giovanni%20Battista%20Tiepolo%20-%20Apollo%20Pursuing%20Daphne%2C%201755-1760.jpg?width=420",
    "wikipedia_es": "https://es.wikipedia.org/wiki/Apolo_persiguiendo_a_Dafne",
    "wikidata": "https://www.wikidata.org/wiki/Q20178078",
    "creation_place": "Venice",
    "creation_lat": 45.4408,
    "creation_lon": 12.3155,
    "_source": {
     "source": "Wikidata",
     "url": "https://www.wikidata.org/wiki/Q20178078",
     "retrieved_at": "2026-08-23"
    },
    "_overrides": {
     "creation": {
      "at": "2026-08-23",
      "source": "derived from start date + Caravaggio's documented itinerary (approximate)"
     }
    },
    "museum_id": "national-gallery-of-art",
    "qid": "Q20178078"
   }
  },
  {
   "type": "Feature",
   "geometry": {
    "type": "Point",
    "coordinates": [
     -77.02,
     38.8914
    ]
   },
   "properties": {
    "painter": "Giovanni Battista Tiepolo",
    "title": "Madonna of the Goldfinch",
    "year": "1760",
    "city": "Washington",
    "country": "United States",
    "location": "National Gallery of Art",
    "kind": "museum",
    "attribution": "attributed",
    "status": "present",
    "medium": "Oil on canvas",
    "dimensions": "63.1 × 50.3 cm",
    "genre": "religious art",
    "image": "https://commons.wikimedia.org/wiki/Special:FilePath/Giovanni%20Battista%20Tiepolo%20-%20Madonna%20of%20the%20Goldfinch%20-%20WGA22360.jpg?width=420",
    "wikidata": "https://www.wikidata.org/wiki/Q20178371",
    "creation_place": "Venice",
    "creation_lat": 45.4408,
    "creation_lon": 12.3155,
    "_source": {
     "source": "Wikidata",
     "url": "https://www.wikidata.org/wiki/Q20178371",
     "retrieved_at": "2026-08-23"
    },
    "_overrides": {
     "creation": {
      "at": "2026-08-23",
      "source": "derived from start date + Caravaggio's documented itinerary (approximate)"
     }
    },
    "museum_id": "national-gallery-of-art",
    "qid": "Q20178371",
    "wga_url": "https://www.wga.hu/html/t/tiepolo/gianbatt/7_1760s/08goldfi.html"
   }
  },
  {
   "type": "Feature",
   "geometry": {
    "type": "Point",
    "coordinates": [
     -118.475,
     34.0775
    ]
   },
   "properties": {
    "painter": "Giovanni Battista Tiepolo",
    "title": "Alexander the Great and Campaspe in the Studio of Apelles",
    "year": "1740",
    "city": "Los Angeles",
    "country": "United States",
    "location": "Getty Center",
    "kind": "museum",
    "attribution": "generally accepted",
    "status": "present",
    "medium": "Oil on canvas",
    "dimensions": "42.5 × 54 cm",
    "image": "https://commons.wikimedia.org/wiki/Special:FilePath/Giovanni%20Battista%20Tiepolo%20%28Italian%20-%20Alexander%20the%20Great%20and%20Campaspe%20in%20the%20Studio%20of%20Apelles%20-%20Google%20Art%20Project.jpg?width=420",
    "wikipedia_en": "https://en.wikipedia.org/wiki/Alexander_the_Great_and_Campaspe_in_the_Studio_of_Apelles",
    "wikidata": "https://www.wikidata.org/wiki/Q20184253",
    "creation_place": "Venice",
    "creation_lat": 45.4408,
    "creation_lon": 12.3155,
    "_source": {
     "source": "Wikidata",
     "url": "https://www.wikidata.org/wiki/Q20184253",
     "retrieved_at": "2026-08-23"
    },
    "_overrides": {
     "creation": {
      "at": "2026-08-23",
      "source": "derived from start date + Caravaggio's documented itinerary (approximate)"
     }
    },
    "museum_id": "getty-center",
    "qid": "Q20184253"
   }
  },
  {
   "type": "Feature",
   "geometry": {
    "type": "Point",
    "coordinates": [
     -118.475,
     34.0775
    ]
   },
   "properties": {
    "painter": "Giovanni Battista Tiepolo",
    "title": "The Miracle of the Holy House of Loreto",
    "year": "1743",
    "city": "Los Angeles",
    "country": "United States",
    "location": "Getty Center",
    "kind": "museum",
    "attribution": "attributed",
    "status": "present",
    "medium": "Oil on canvas",
    "dimensions": "1229 × 772 cm",
    "image": "https://commons.wikimedia.org/wiki/Special:FilePath/Giovanni%20Battista%20Tiepolo%20-%20The%20Miracle%20of%20the%20Holy%20House%20of%20Loreto%20-%2094.PA.20%20-%20J.%20Paul%20Getty%20Museum.jpg?width=420",
    "wikidata": "https://www.wikidata.org/wiki/Q20185296",
    "creation_place": "Venice",
    "creation_lat": 45.4408,
    "creation_lon": 12.3155,
    "_source": {
     "source": "Wikidata",
     "url": "https://www.wikidata.org/wiki/Q20185296",
     "retrieved_at": "2026-08-23"
    },
    "_overrides": {
     "creation": {
      "at": "2026-08-23",
      "source": "derived from start date + Caravaggio's documented itinerary (approximate)"
     }
    },
    "museum_id": "getty-center",
    "qid": "Q20185296"
   }
  },
  {
   "type": "Feature",
   "geometry": {
    "type": "Point",
    "coordinates": [
     -122.50084,
     37.78447
    ]
   },
   "properties": {
    "painter": "Giovanni Battista Tiepolo",
    "title": "The Empire of Flora",
    "year": "1743",
    "city": "San Francisco",
    "country": "United States",
    "location": "Legion of Honor",
    "kind": "museum",
    "attribution": "generally accepted",
    "status": "present",
    "medium": "Oil on canvas",
    "dimensions": "71.8 × 88.9 cm",
    "image": "https://commons.wikimedia.org/wiki/Special:FilePath/Giovanni%20Battista%20Tiepolo%20-%20The%20Empire%20of%20Flora%20%28c.%201743%29.jpg?width=420",
    "wikipedia_it": "https://it.wikipedia.org/wiki/Trionfo_di_Flora",
    "wikidata": "https://www.wikidata.org/wiki/Q20202607",
    "creation_place": "Venice",
    "creation_lat": 45.4408,
    "creation_lon": 12.3155,
    "_source": {
     "source": "Wikidata",
     "url": "https://www.wikidata.org/wiki/Q20202607",
     "retrieved_at": "2026-08-23"
    },
    "_overrides": {
     "creation": {
      "at": "2026-08-23",
      "source": "derived from start date + Caravaggio's documented itinerary (approximate)"
     }
    },
    "museum_id": "legion-of-honor",
    "qid": "Q20202607"
   }
  },
  {
   "type": "Feature",
   "geometry": {
    "type": "Point",
    "coordinates": [
     12.57861,
     55.68889
    ]
   },
   "properties": {
    "painter": "Giovanni Battista Tiepolo",
    "title": "Latinus Offering his Daughter Lavinia to Aeneas in Matrimony",
    "year": "1753",
    "city": "Copenhagen Municipality",
    "country": "Denmark",
    "location": "Statens Museum for Kunst",
    "kind": "museum",
    "attribution": "generally accepted",
    "status": "present",
    "medium": "Oil on canvas",
    "dimensions": "1405 × 1095 cm",
    "image": "https://commons.wikimedia.org/wiki/Special:FilePath/Giovanni%20Battista%20Tiepolo%20-%20Latinus%20Offering%20his%20Daughter%20Lavinia%20to%20Aeneas%20in%20Matrimony%20-%20KMS4201%20-%20Statens%20Museum%20for%20Kunst.jpg?width=420",
    "wikipedia_it": "https://it.wikipedia.org/wiki/Latino_offre_in_matrimonio_Lavinia_a_Enea",
    "wikidata": "https://www.wikidata.org/wiki/Q20268263",
    "_source": {
     "source": "Wikidata",
     "url": "https://www.wikidata.org/wiki/Q20268263",
     "retrieved_at": "2026-08-23"
    },
    "_overrides": {
     "creation": {
      "at": "2026-08-23",
      "source": "derived from start date + Caravaggio's documented itinerary (approximate)"
     }
    },
    "museum_id": "statens-museum-for-kunst",
    "qid": "Q20268263"
   }
  },
  {
   "type": "Feature",
   "geometry": {
    "type": "Point",
    "coordinates": [
     -87.62389,
     41.87944
    ]
   },
   "properties": {
    "painter": "Giovanni Battista Tiepolo",
    "title": "Armida Abandoned by Rinaldo",
    "year": "1743",
    "city": "Chicago",
    "country": "United States",
    "location": "Art Institute of Chicago",
    "kind": "museum",
    "attribution": "attributed",
    "status": "present",
    "medium": "Oil on canvas",
    "image": "https://commons.wikimedia.org/wiki/Special:FilePath/Giambattista%20Tiepolo%20-%20Armida%20Abandoned%20by%20Rinaldo%20-%201925.701%20-%20Art%20Institute%20of%20Chicago.jpg?width=420",
    "wikidata": "https://www.wikidata.org/wiki/Q20272117",
    "creation_place": "Venice",
    "creation_lat": 45.4408,
    "creation_lon": 12.3155,
    "_source": {
     "source": "Wikidata",
     "url": "https://www.wikidata.org/wiki/Q20272117",
     "retrieved_at": "2026-08-23"
    },
    "_overrides": {
     "creation": {
      "at": "2026-08-23",
      "source": "derived from start date + Caravaggio's documented itinerary (approximate)"
     }
    },
    "museum_id": "art-institute-of-chicago",
    "qid": "Q20272117"
   }
  },
  {
   "type": "Feature",
   "geometry": {
    "type": "Point",
    "coordinates": [
     -87.62389,
     41.87944
    ]
   },
   "properties": {
    "painter": "Giovanni Battista Tiepolo",
    "title": "Rinaldo and Armida in Her Garden",
    "year": "1755",
    "city": "Chicago",
    "country": "United States",
    "location": "Art Institute of Chicago",
    "kind": "museum",
    "attribution": "attributed",
    "status": "present",
    "medium": "Oil on canvas",
    "dimensions": "187 × 260 cm",
    "image": "https://commons.wikimedia.org/wiki/Special:FilePath/Giambattista%20Tiepolo%20-%20Rinaldo%20and%20Armida%20in%20Her%20Garden%20-%201925.699%20-%20Art%20Institute%20of%20Chicago.jpg?width=420",
    "wikidata": "https://www.wikidata.org/wiki/Q20272730",
    "creation_place": "Venice",
    "creation_lat": 45.4408,
    "creation_lon": 12.3155,
    "_source": {
     "source": "Wikidata",
     "url": "https://www.wikidata.org/wiki/Q20272730",
     "retrieved_at": "2026-08-23"
    },
    "_overrides": {
     "creation": {
      "at": "2026-08-23",
      "source": "derived from start date + Caravaggio's documented itinerary (approximate)"
     }
    },
    "museum_id": "art-institute-of-chicago",
    "qid": "Q20272730"
   }
  },
  {
   "type": "Feature",
   "geometry": {
    "type": "Point",
    "coordinates": [
     -87.62389,
     41.87944
    ]
   },
   "properties": {
    "painter": "Giovanni Battista Tiepolo",
    "title": "Rinaldo and the Magus of Ascalon",
    "year": "1743",
    "city": "Chicago",
    "country": "United States",
    "location": "Art Institute of Chicago",
    "kind": "museum",
    "attribution": "attributed",
    "status": "present",
    "medium": "Oil on canvas",
    "dimensions": "182.9 × 188 cm",
    "image": "https://commons.wikimedia.org/wiki/Special:FilePath/Giambattista%20Tiepolo%20-%20Rinaldo%20and%20the%20Magus%20of%20Ascalon%20-%201925.702%20-%20Art%20Institute%20of%20Chicago.jpg?width=420",
    "wikidata": "https://www.wikidata.org/wiki/Q20273873",
    "creation_place": "Venice",
    "creation_lat": 45.4408,
    "creation_lon": 12.3155,
    "_source": {
     "source": "Wikidata",
     "url": "https://www.wikidata.org/wiki/Q20273873",
     "retrieved_at": "2026-08-23"
    },
    "_overrides": {
     "creation": {
      "at": "2026-08-23",
      "source": "derived from start date + Caravaggio's documented itinerary (approximate)"
     }
    },
    "museum_id": "art-institute-of-chicago",
    "qid": "Q20273873"
   }
  },
  {
   "type": "Feature",
   "geometry": {
    "type": "Point",
    "coordinates": [
     10.32586,
     44.80472
    ]
   },
   "properties": {
    "painter": "Giovanni Battista Tiepolo",
    "title": "Saint Fidelis of Sigmarigen and Saint Joseph of Leonessa",
    "year": "1752",
    "city": "Parma",
    "country": "Italy",
    "location": "Galleria Nazionale di Parma",
    "kind": "museum",
    "attribution": "generally accepted",
    "status": "present",
    "medium": "Oil on canvas",
    "dimensions": "247 × 171 cm",
    "genre": "religious art",
    "image": "https://commons.wikimedia.org/wiki/Special:FilePath/Giambattista%20Tiepolo%20-%20I%20santi%20Fedele%20da%20Sigmaringen%20e%20Giuseppe%20da%20Leonessa%20%28Parma%20ca.1752%29.jpg?width=420",
    "wikipedia_it": "https://it.wikipedia.org/wiki/I_santi_Fedele_da_Sigmaringen_e_Giuseppe_da_Leonessa_calpestano_l%27Eresia",
    "wikidata": "https://www.wikidata.org/wiki/Q21121896",
    "_source": {
     "source": "Wikidata",
     "url": "https://www.wikidata.org/wiki/Q21121896",
     "retrieved_at": "2026-08-23"
    },
    "_overrides": {
     "creation": {
      "at": "2026-08-23",
      "source": "derived from start date + Caravaggio's documented itinerary (approximate)"
     }
    },
    "museum_id": "galleria-nazionale-di-parma",
    "qid": "Q21121896"
   }
  },
  {
   "type": "Feature",
   "geometry": {
    "type": "Point",
    "coordinates": [
     30.3136,
     59.9406
    ]
   },
   "properties": {
    "painter": "Giovanni Battista Tiepolo",
    "title": "Quintus Fabius Maximus Before the Senate of Carthage",
    "year": "1728",
    "city": "Saint Petersburg",
    "country": "Russia",
    "location": "Hermitage Museum",
    "kind": "museum",
    "attribution": "attributed",
    "status": "present",
    "medium": "Oil on canvas",
    "dimensions": "387 × 224 cm",
    "image": "https://commons.wikimedia.org/wiki/Special:FilePath/Quintus%20Fabius%20Maximus%20Before%20the%20Senate%20of%20Carthage.jpg?width=420",
    "wikidata": "https://www.wikidata.org/wiki/Q21725130",
    "creation_place": "Venice",
    "creation_lat": 45.4408,
    "creation_lon": 12.3155,
    "_source": {
     "source": "Wikidata",
     "url": "https://www.wikidata.org/wiki/Q21725130",
     "retrieved_at": "2026-08-23"
    },
    "_overrides": {
     "creation": {
      "at": "2026-08-23",
      "source": "derived from start date + Caravaggio's documented itinerary (approximate)"
     }
    },
    "museum_id": "hermitage-museum",
    "qid": "Q21725130"
   }
  },
  {
   "type": "Feature",
   "geometry": {
    "type": "Point",
    "coordinates": [
     30.3136,
     59.9406
    ]
   },
   "properties": {
    "painter": "Giovanni Battista Tiepolo",
    "title": "Triumph of Manius Curius Dentatus",
    "year": "1726",
    "city": "Saint Petersburg",
    "country": "Russia",
    "location": "Hermitage Museum",
    "kind": "museum",
    "attribution": "attributed",
    "status": "present",
    "medium": "Oil on canvas",
    "dimensions": "550 × 322 cm",
    "image": "https://commons.wikimedia.org/wiki/Special:FilePath/Hermitagetiepolotriumpdentatus.jpg?width=420",
    "wikidata": "https://www.wikidata.org/wiki/Q21729742",
    "creation_place": "Venice",
    "creation_lat": 45.4408,
    "creation_lon": 12.3155,
    "_source": {
     "source": "Wikidata",
     "url": "https://www.wikidata.org/wiki/Q21729742",
     "retrieved_at": "2026-08-23"
    },
    "_overrides": {
     "creation": {
      "at": "2026-08-23",
      "source": "derived from start date + Caravaggio's documented itinerary (approximate)"
     }
    },
    "museum_id": "hermitage-museum",
    "qid": "Q21729742"
   }
  },
  {
   "type": "Feature",
   "geometry": {
    "type": "Point",
    "coordinates": [
     30.3136,
     59.9406
    ]
   },
   "properties": {
    "painter": "Giovanni Battista Tiepolo",
    "title": "Mucius Scaevola before Porsenna",
    "year": "1728",
    "city": "Saint Petersburg",
    "country": "Russia",
    "location": "Hermitage Museum",
    "kind": "museum",
    "attribution": "attributed",
    "status": "present",
    "medium": "Oil on canvas",
    "dimensions": "387 × 227 cm",
    "image": "https://commons.wikimedia.org/wiki/Special:FilePath/Mucius%20Scaevola%20before%20Porsenna.jpg?width=420",
    "wikidata": "https://www.wikidata.org/wiki/Q21739401",
    "creation_place": "Venice",
    "creation_lat": 45.4408,
    "creation_lon": 12.3155,
    "_source": {
     "source": "Wikidata",
     "url": "https://www.wikidata.org/wiki/Q21739401",
     "retrieved_at": "2026-08-23"
    },
    "_overrides": {
     "creation": {
      "at": "2026-08-23",
      "source": "derived from start date + Caravaggio's documented itinerary (approximate)"
     }
    },
    "museum_id": "hermitage-museum",
    "qid": "Q21739401"
   }
  },
  {
   "type": "Feature",
   "geometry": {
    "type": "Point",
    "coordinates": [
     30.3136,
     59.9406
    ]
   },
   "properties": {
    "painter": "Giovanni Battista Tiepolo",
    "title": "Coriolanus at the Walls of Rome",
    "year": "1730",
    "city": "Saint Petersburg",
    "country": "Russia",
    "location": "Hermitage Museum",
    "kind": "museum",
    "attribution": "attributed",
    "status": "present",
    "medium": "Oil on canvas",
    "dimensions": "387 × 224 cm",
    "image": "https://commons.wikimedia.org/wiki/Special:FilePath/Veturia%20Pleading%20with%20Coriolanus.jpg?width=420",
    "wikidata": "https://www.wikidata.org/wiki/Q21740508",
    "creation_place": "Venice",
    "creation_lat": 45.4408,
    "creation_lon": 12.3155,
    "_source": {
     "source": "Wikidata",
     "url": "https://www.wikidata.org/wiki/Q21740508",
     "retrieved_at": "2026-08-23"
    },
    "_overrides": {
     "creation": {
      "at": "2026-08-23",
      "source": "derived from start date + Caravaggio's documented itinerary (approximate)"
     }
    },
    "museum_id": "hermitage-museum",
    "qid": "Q21740508"
   }
  },
  {
   "type": "Feature",
   "geometry": {
    "type": "Point",
    "coordinates": [
     30.3136,
     59.9406
    ]
   },
   "properties": {
    "painter": "Giovanni Battista Tiepolo",
    "title": "Dictatorship Offered to Cincinnatus",
    "year": "1730",
    "city": "Saint Petersburg",
    "country": "Russia",
    "location": "Hermitage Museum",
    "kind": "museum",
    "attribution": "attributed",
    "status": "present",
    "medium": "Oil on canvas",
    "dimensions": "387 × 227 cm",
    "image": "https://commons.wikimedia.org/wiki/Special:FilePath/Dictatorship%20Offered%20to%20Cincinnatus.jpg?width=420",
    "wikidata": "https://www.wikidata.org/wiki/Q21741180",
    "creation_place": "Venice",
    "creation_lat": 45.4408,
    "creation_lon": 12.3155,
    "_source": {
     "source": "Wikidata",
     "url": "https://www.wikidata.org/wiki/Q21741180",
     "retrieved_at": "2026-08-23"
    },
    "_overrides": {
     "creation": {
      "at": "2026-08-23",
      "source": "derived from start date + Caravaggio's documented itinerary (approximate)"
     }
    },
    "museum_id": "hermitage-museum",
    "qid": "Q21741180"
   }
  },
  {
   "type": "Feature",
   "geometry": {
    "type": "Point",
    "coordinates": [
     -0.08639,
     51.44611
    ]
   },
   "properties": {
    "painter": "Giovanni Battista Tiepolo",
    "title": "Joseph receiving Pharaoh's Ring",
    "year": "1733-1773",
    "city": "London",
    "country": "United Kingdom",
    "location": "Dulwich Picture Gallery",
    "kind": "museum",
    "attribution": "attributed",
    "status": "present",
    "medium": "Oil on canvas",
    "dimensions": "1061 × 1797 cm",
    "genre": "religious art",
    "image": "https://commons.wikimedia.org/wiki/Special:FilePath/Joseph%20receiving%20Pharaoh%27s%20Ring%20%282018%20photo%29.jpg?width=420",
    "wikidata": "https://www.wikidata.org/wiki/Q23929270",
    "creation_place": "Venice",
    "creation_lat": 45.4408,
    "creation_lon": 12.3155,
    "_source": {
     "source": "Wikidata",
     "url": "https://www.wikidata.org/wiki/Q23929270",
     "retrieved_at": "2026-08-23"
    },
    "_overrides": {
     "creation": {
      "at": "2026-08-23",
      "source": "derived from start date + Caravaggio's documented itinerary (approximate)"
     }
    },
    "museum_id": "dulwich-picture-gallery",
    "qid": "Q23929270"
   }
  },
  {
   "type": "Feature",
   "geometry": {
    "type": "Point",
    "coordinates": [
     139.69222,
     35.68972
    ]
   },
   "properties": {
    "painter": "Giovanni Battista Tiepolo",
    "title": "The Apotheosis of Admiral Vettor Pisani",
    "year": "1743",
    "city": "Tokyo",
    "country": "Japan",
    "location": "National Museum of Western Art",
    "kind": "museum",
    "attribution": "attributed",
    "status": "present",
    "medium": "Oil on canvas",
    "dimensions": "410 × 720 cm",
    "image": "https://commons.wikimedia.org/wiki/Special:FilePath/Giovanni%20Battista%20Tiepolo%20-%20The%20Apotheosis%20of%20Admiral%20Vettor%20Pisani%20-%20Google%20Art%20Project.jpg?width=420",
    "wikidata": "https://www.wikidata.org/wiki/Q23949083",
    "creation_place": "Venice",
    "creation_lat": 45.4408,
    "creation_lon": 12.3155,
    "_source": {
     "source": "Wikidata",
     "url": "https://www.wikidata.org/wiki/Q23949083",
     "retrieved_at": "2026-08-23"
    },
    "_overrides": {
     "creation": {
      "at": "2026-08-23",
      "source": "derived from start date + Caravaggio's documented itinerary (approximate)"
     }
    },
    "museum_id": "national-museum-of-western-art",
    "qid": "Q23949083"
   }
  },
  {
   "type": "Feature",
   "geometry": {
    "type": "Point",
    "coordinates": [
     12.32814,
     45.43108
    ]
   },
   "properties": {
    "painter": "Giovanni Battista Tiepolo",
    "title": "The Rape of Europa",
    "year": "1725",
    "city": "Venice",
    "country": "Italy",
    "location": "Gallerie dell'Accademia",
    "kind": "museum",
    "attribution": "generally accepted",
    "status": "present",
    "medium": "Oil on canvas",
    "dimensions": "105.5 × 141.5 cm",
    "genre": "mythological painting",
    "image": "https://commons.wikimedia.org/wiki/Special:FilePath/%28Venice%29%20Rape%20of%20Europa%20by%20Giambattista%20Tiepolo%20-%20Gallerie%20Accademia.jpg?width=420",
    "wikipedia_it": "https://it.wikipedia.org/wiki/Ratto_di_Europa_(Giambattista_Tiepolo)",
    "wikidata": "https://www.wikidata.org/wiki/Q25442922",
    "creation_place": "Venice",
    "creation_lat": 45.4408,
    "creation_lon": 12.3155,
    "_source": {
     "source": "Wikidata",
     "url": "https://www.wikidata.org/wiki/Q25442922",
     "retrieved_at": "2026-08-23"
    },
    "_overrides": {
     "creation": {
      "at": "2026-08-23",
      "source": "derived from start date + Caravaggio's documented itinerary (approximate)"
     }
    },
    "museum_id": "gallerie-dell-accademia",
    "qid": "Q25442922",
    "wga_url": "https://www.wga.hu/html/t/tiepolo/gianbatt/2_1730s/02rapeeu.html"
   }
  },
  {
   "type": "Feature",
   "geometry": {
    "type": "Point",
    "coordinates": [
     -0.1283,
     51.5089
    ]
   },
   "properties": {
    "painter": "Giovanni Battista Tiepolo",
    "title": "An Allegory with Venus and Time",
    "year": "1754",
    "city": "London",
    "country": "United Kingdom",
    "location": "National Gallery",
    "kind": "museum",
    "attribution": "attributed",
    "status": "present",
    "medium": "Oil on canvas",
    "dimensions": "292 × 190 cm",
    "genre": "allegory",
    "image": "https://commons.wikimedia.org/wiki/Special:FilePath/TIEPOLO%20-%20An%20Allegory%20with%20Venus%20and%20Time.jpg?width=420",
    "wikidata": "https://www.wikidata.org/wiki/Q26493318",
    "creation_place": "Venice",
    "creation_lat": 45.4408,
    "creation_lon": 12.3155,
    "_source": {
     "source": "Wikidata",
     "url": "https://www.wikidata.org/wiki/Q26493318",
     "retrieved_at": "2026-08-23"
    },
    "_overrides": {
     "creation": {
      "at": "2026-08-23",
      "source": "derived from start date + Caravaggio's documented itinerary (approximate)"
     }
    },
    "museum_id": "national-gallery",
    "qid": "Q26493318",
    "wga_url": "https://www.wga.hu/html/t/tiepolo/gianbatt/7_1760s/04venus.html"
   }
  },
  {
   "type": "Feature",
   "geometry": {
    "type": "Point",
    "coordinates": [
     9.030335,
     40.952979
    ]
   },
   "properties": {
    "painter": "Giovanni Battista Tiepolo",
    "title": "The Virgin Appearing to St Philip Neri",
    "year": "1740",
    "city": "Aggius",
    "country": "Italy",
    "location": "San Filippo (Church)",
    "kind": "church",
    "attribution": "generally accepted",
    "status": "present",
    "medium": "Oil paint",
    "dimensions": "360 × 182 cm",
    "genre": "religious art",
    "image": "https://commons.wikimedia.org/wiki/Special:FilePath/Giovanni%20Battista%20Tiepolo%20025.jpg?width=420",
    "wikipedia_it": "https://it.wikipedia.org/wiki/Apparizione_della_Vergine_a_san_Filippo_Neri",
    "wikidata": "https://www.wikidata.org/wiki/Q27664456",
    "creation_place": "Venice",
    "creation_lat": 45.4408,
    "creation_lon": 12.3155,
    "_source": {
     "source": "Wikidata",
     "url": "https://www.wikidata.org/wiki/Q27664456",
     "retrieved_at": "2026-08-23"
    },
    "_overrides": {
     "creation": {
      "at": "2026-08-23",
      "source": "derived from start date + Caravaggio's documented itinerary (approximate)"
     }
    },
    "museum_id": "san-filippo-church",
    "qid": "Q27664456"
   }
  },
  {
   "type": "Feature",
   "geometry": {
    "type": "Point",
    "coordinates": [
     -3.6922,
     40.4139
    ]
   },
   "properties": {
    "painter": "Giovanni Battista Tiepolo",
    "title": "Abraham and the three Angels",
    "year": "1750-1770",
    "city": "Madrid",
    "country": "Spain",
    "location": "Museo del Prado",
    "kind": "museum",
    "attribution": "attributed",
    "status": "present",
    "medium": "Oil on canvas",
    "dimensions": "196 × 151 cm",
    "genre": "religious art",
    "image": "https://commons.wikimedia.org/wiki/Special:FilePath/Abraham%20y%20los%20tres%20%C3%A1ngeles.jpg?width=420",
    "wikidata": "https://www.wikidata.org/wiki/Q27759569",
    "creation_place": "Venice",
    "creation_lat": 45.4408,
    "creation_lon": 12.3155,
    "_source": {
     "source": "Wikidata",
     "url": "https://www.wikidata.org/wiki/Q27759569",
     "retrieved_at": "2026-08-23"
    },
    "_overrides": {
     "creation": {
      "at": "2026-08-23",
      "source": "derived from start date + Caravaggio's documented itinerary (approximate)"
     }
    },
    "museum_id": "museo-del-prado",
    "qid": "Q27759569",
    "wga_url": "https://www.wga.hu/html/t/tiepolo/gianbatt/2_1730s/14abraha.html"
   }
  },
  {
   "type": "Feature",
   "geometry": {
    "type": "Point",
    "coordinates": [
     -3.6922,
     40.4139
    ]
   },
   "properties": {
    "painter": "Giovanni Battista Tiepolo",
    "title": "Angel with a Crown of Lilies",
    "year": "1767",
    "city": "Madrid",
    "country": "Spain",
    "location": "Museo del Prado",
    "kind": "museum",
    "attribution": "generally accepted",
    "status": "present",
    "medium": "Oil on canvas",
    "dimensions": "40 × 53 cm",
    "image": "https://commons.wikimedia.org/wiki/Special:FilePath/%C3%81ngel%20con%20corona%20de%20azucenas.jpg?width=420",
    "wikipedia_it": "https://it.wikipedia.org/wiki/Angelo_con_corona_di_gigli",
    "wikidata": "https://www.wikidata.org/wiki/Q27759944",
    "creation_place": "Madrid",
    "creation_lat": 40.4168,
    "creation_lon": -3.7038,
    "_source": {
     "source": "Wikidata",
     "url": "https://www.wikidata.org/wiki/Q27759944",
     "retrieved_at": "2026-08-23"
    },
    "_overrides": {
     "creation": {
      "at": "2026-08-23",
      "source": "derived from start date + Caravaggio's documented itinerary (approximate)"
     }
    },
    "museum_id": "museo-del-prado",
    "qid": "Q27759944"
   }
  },
  {
   "type": "Feature",
   "geometry": {
    "type": "Point",
    "coordinates": [
     -3.6922,
     40.4139
    ]
   },
   "properties": {
    "painter": "Giovanni Battista Tiepolo",
    "title": "Saint Anthony of Padua with the Infant Christ",
    "year": "1767",
    "city": "Madrid",
    "country": "Spain",
    "location": "Museo del Prado",
    "kind": "museum",
    "attribution": "generally accepted",
    "status": "present",
    "medium": "Oil on canvas",
    "dimensions": "225 × 176 cm",
    "genre": "religious art",
    "image": "https://commons.wikimedia.org/wiki/Special:FilePath/San%20Antonio%20de%20Padua%20y%20el%20Ni%C3%B1o%20Jes%C3%BAs.jpg?width=420",
    "wikipedia_it": "https://it.wikipedia.org/wiki/Sant%27Antonio_da_Padova_col_Bambino_(Giambattista_Tiepolo)",
    "wikidata": "https://www.wikidata.org/wiki/Q27760202",
    "creation_place": "Madrid",
    "creation_lat": 40.4168,
    "creation_lon": -3.7038,
    "_source": {
     "source": "Wikidata",
     "url": "https://www.wikidata.org/wiki/Q27760202",
     "retrieved_at": "2026-08-23"
    },
    "_overrides": {
     "creation": {
      "at": "2026-08-23",
      "source": "derived from start date + Caravaggio's documented itinerary (approximate)"
     }
    },
    "museum_id": "museo-del-prado",
    "qid": "Q27760202"
   }
  },
  {
   "type": "Feature",
   "geometry": {
    "type": "Point",
    "coordinates": [
     -3.19556,
     55.95083
    ]
   },
   "properties": {
    "painter": "Giovanni Battista Tiepolo",
    "title": "The Finding of Moses",
    "year": "1730-1911",
    "city": "Edinburgh",
    "country": "United Kingdom",
    "location": "Scottish National Gallery",
    "kind": "museum",
    "attribution": "generally accepted",
    "status": "present",
    "medium": "Oil on canvas",
    "dimensions": "202 × 342 cm",
    "genre": "religious art",
    "image": "https://commons.wikimedia.org/wiki/Special:FilePath/Giovanni%20Battista%20Tiepolo%20018.jpg?width=420",
    "wikipedia_it": "https://it.wikipedia.org/wiki/Mos%C3%A8_salvato_dalle_acque_(Giambattista_Tiepolo)",
    "wikidata": "https://www.wikidata.org/wiki/Q27968053",
    "creation_place": "Venice",
    "creation_lat": 45.4408,
    "creation_lon": 12.3155,
    "_source": {
     "source": "Wikidata",
     "url": "https://www.wikidata.org/wiki/Q27968053",
     "retrieved_at": "2026-08-23"
    },
    "_overrides": {
     "creation": {
      "at": "2026-08-23",
      "source": "derived from start date + Caravaggio's documented itinerary (approximate)"
     }
    },
    "museum_id": "scottish-national-gallery",
    "qid": "Q27968053"
   }
  },
  {
   "type": "Feature",
   "geometry": {
    "type": "Point",
    "coordinates": [
     16.3616,
     48.20388
    ]
   },
   "properties": {
    "painter": "Giovanni Battista Tiepolo",
    "title": "Hannibal recognises the head of his brother Hasdrubal",
    "year": "1729",
    "city": "Vienna",
    "country": "Austria",
    "location": "Kunsthistorisches Museum",
    "kind": "museum",
    "attribution": "generally accepted",
    "status": "present",
    "medium": "Oil on canvas",
    "dimensions": "383 × 182 cm",
    "image": "https://commons.wikimedia.org/wiki/Special:FilePath/Giambattista%20Tiepolo%2C%20%2C%20Kunsthistorisches%20Museum%20Wien%2C%20Gem%C3%A4ldegalerie%20-%20Hannibal%20erkennt%20den%20Kopf%20seines%20Bruders%20Hasdrubal%20-%20GG%206797%20-%20Kunsthistorisches%20Museum.jpg?width=420",
    "wikipedia_it": "https://it.wikipedia.org/wiki/Annibale_ritrova_il_capo_mozzato_del_fratello_Asdrubale_ucciso_dai_Romani",
    "wikidata": "https://www.wikidata.org/wiki/Q27980642",
    "creation_place": "Venice",
    "creation_lat": 45.4408,
    "creation_lon": 12.3155,
    "_source": {
     "source": "Wikidata",
     "url": "https://www.wikidata.org/wiki/Q27980642",
     "retrieved_at": "2026-08-23"
    },
    "_overrides": {
     "creation": {
      "at": "2026-08-23",
      "source": "derived from start date + Caravaggio's documented itinerary (approximate)"
     }
    },
    "museum_id": "kunsthistorisches-museum",
    "qid": "Q27980642"
   }
  },
  {
   "type": "Feature",
   "geometry": {
    "type": "Point",
    "coordinates": [
     16.3616,
     48.20388
    ]
   },
   "properties": {
    "painter": "Giovanni Battista Tiepolo",
    "title": "St Catherine of Siena",
    "city": "Vienna",
    "country": "Austria",
    "location": "Kunsthistorisches Museum",
    "kind": "museum",
    "attribution": "generally accepted",
    "status": "present",
    "genre": "religious art",
    "image": "https://commons.wikimedia.org/wiki/Special:FilePath/Giambattista%20Tiepolo%2C%20Kunsthistorisches%20Museum%20Wien%2C%20Gem%C3%A4ldegalerie%20-%20Hl.%20Katharina%20von%20Siena%20-%20GG%20348%20-%20Kunsthistorisches%20Museum.jpg?width=420",
    "wikipedia_it": "https://it.wikipedia.org/wiki/Santa_Caterina_da_Siena_(Giambattista_Tiepolo)",
    "wikidata": "https://www.wikidata.org/wiki/Q27980645",
    "_source": {
     "source": "Wikidata",
     "url": "https://www.wikidata.org/wiki/Q27980645",
     "retrieved_at": "2026-08-23"
    },
    "museum_id": "kunsthistorisches-museum",
    "qid": "Q27980645"
   }
  },
  {
   "type": "Feature",
   "geometry": {
    "type": "Point",
    "coordinates": [
     9.98346,
     45.89299
    ]
   },
   "properties": {
    "painter": "Giovanni Battista Tiepolo",
    "title": "Madonna in Glory with the Saints",
    "year": "1734",
    "city": "Province of Bergamo",
    "country": "Italy",
    "location": "Rovetta",
    "kind": "museum",
    "attribution": "generally accepted",
    "status": "present",
    "dimensions": "236 × 383 cm",
    "genre": "religious art",
    "image": "https://commons.wikimedia.org/wiki/Special:FilePath/Tiepolo%20Pala%20Madonna%20in%20gloria%20con%20i%20santi.jpg?width=420",
    "wikipedia_it": "https://it.wikipedia.org/wiki/Madonna_in_gloria_con_santi",
    "wikidata": "https://www.wikidata.org/wiki/Q28669744",
    "creation_place": "Venice",
    "creation_lat": 45.4408,
    "creation_lon": 12.3155,
    "_source": {
     "source": "Wikidata",
     "url": "https://www.wikidata.org/wiki/Q28669744",
     "retrieved_at": "2026-08-23"
    },
    "_overrides": {
     "creation": {
      "at": "2026-08-23",
      "source": "derived from start date + Caravaggio's documented itinerary (approximate)"
     }
    },
    "museum_id": "rovetta",
    "qid": "Q28669744"
   }
  },
  {
   "type": "Feature",
   "geometry": {
    "type": "Point",
    "coordinates": [
     9.661117,
     45.703833
    ]
   },
   "properties": {
    "painter": "Giovanni Battista Tiepolo",
    "title": "St. Joseph with Child",
    "year": "1732",
    "city": "Bergamo",
    "country": "Italy",
    "location": "San Salvatore",
    "kind": "church",
    "attribution": "generally accepted",
    "status": "present",
    "dimensions": "63 × 33 cm",
    "image": "https://commons.wikimedia.org/wiki/Special:FilePath/San%20Giuseppe%20con%20il%20Bambino%20-%20Chiesa%20di%20San%20Salvatore%20%28Bergamo%29.jpg?width=420",
    "wikipedia_it": "https://it.wikipedia.org/wiki/San_Giuseppe_col_Bambino_(Giambattista_Tiepolo_Bergamo)",
    "wikidata": "https://www.wikidata.org/wiki/Q28669747",
    "creation_place": "Venice",
    "creation_lat": 45.4408,
    "creation_lon": 12.3155,
    "_source": {
     "source": "Wikidata",
     "url": "https://www.wikidata.org/wiki/Q28669747",
     "retrieved_at": "2026-08-23"
    },
    "_overrides": {
     "creation": {
      "at": "2026-08-23",
      "source": "derived from start date + Caravaggio's documented itinerary (approximate)"
     }
    },
    "museum_id": "san-salvatore",
    "qid": "Q28669747"
   }
  },
  {
   "type": "Feature",
   "geometry": {
    "type": "Point",
    "coordinates": [
     11.57,
     48.14833
    ]
   },
   "properties": {
    "painter": "Giovanni Battista Tiepolo",
    "title": "Adoration of the Kings",
    "year": "1753",
    "city": "Munich",
    "country": "Germany",
    "location": "Alte Pinakothek",
    "kind": "museum",
    "attribution": "attributed",
    "status": "present",
    "medium": "Oil on canvas",
    "dimensions": "408 × 210.5 cm",
    "genre": "religious art",
    "image": "https://commons.wikimedia.org/wiki/Special:FilePath/The%20Adoration%20of%20the%20Magi%20by%20Giovanni%20Battista%20Tiepolo%20%281753%29%20-%20Alte%20Pinakothek%20-%20Munich%20-%20Germany%202017.jpg?width=420",
    "wikidata": "https://www.wikidata.org/wiki/Q29477233",
    "_source": {
     "source": "Wikidata",
     "url": "https://www.wikidata.org/wiki/Q29477233",
     "retrieved_at": "2026-08-23"
    },
    "_overrides": {
     "creation": {
      "at": "2026-08-23",
      "source": "derived from start date + Caravaggio's documented itinerary (approximate)"
     }
    },
    "museum_id": "alte-pinakothek",
    "qid": "Q29477233",
    "wga_url": "https://www.wga.hu/html/t/tiepolo/gianbatt/7_1760s/03adorat.html"
   }
  },
  {
   "type": "Feature",
   "geometry": {
    "type": "Point",
    "coordinates": [
     11.57,
     48.14833
    ]
   },
   "properties": {
    "painter": "Giovanni Battista Tiepolo",
    "title": "Pope St Clement Adoring the Trinity",
    "year": "1737",
    "city": "Munich",
    "country": "Germany",
    "location": "Alte Pinakothek",
    "kind": "museum",
    "attribution": "attributed",
    "status": "present",
    "medium": "Oil on canvas",
    "dimensions": "488 × 256 cm",
    "genre": "religious art",
    "image": "https://commons.wikimedia.org/wiki/Special:FilePath/The%20Adoration%20of%20the%20Holy%20Trinity%20by%20Pope%20St.%20Clement%20-%20Giovanni%20Batista%20Tiepolo.jpg?width=420",
    "wikidata": "https://www.wikidata.org/wiki/Q29477853",
    "creation_place": "Venice",
    "creation_lat": 45.4408,
    "creation_lon": 12.3155,
    "_source": {
     "source": "Wikidata",
     "url": "https://www.wikidata.org/wiki/Q29477853",
     "retrieved_at": "2026-08-23"
    },
    "_overrides": {
     "creation": {
      "at": "2026-08-23",
      "source": "derived from start date + Caravaggio's documented itinerary (approximate)"
     }
    },
    "museum_id": "alte-pinakothek",
    "qid": "Q29477853",
    "wga_url": "https://www.wga.hu/html/t/tiepolo/gianbatt/2_1730s/09clemen.html"
   }
  },
  {
   "type": "Feature",
   "geometry": {
    "type": "Point",
    "coordinates": [
     9.18501,
     45.4608
    ]
   },
   "properties": {
    "painter": "Giovanni Battista Tiepolo",
    "title": "Apotheosis of Angelo della Vecchia",
    "year": "1760",
    "city": "Milan",
    "country": "Italy",
    "location": "Palazzo Isimbardi",
    "kind": "museum",
    "attribution": "generally accepted",
    "status": "present",
    "medium": "Oil on canvas",
    "dimensions": "800 × 600 cm",
    "genre": "religious art",
    "image": "https://commons.wikimedia.org/wiki/Special:FilePath/Apoteosi%20Angelo%20Della%20Vecchia.jpg?width=420",
    "wikipedia_it": "https://it.wikipedia.org/wiki/Apoteosi_di_Angelo_della_Vecchia_nel_segno_delle_virt%C3%B9",
    "wikidata": "https://www.wikidata.org/wiki/Q3620765",
    "creation_place": "Venice",
    "creation_lat": 45.4408,
    "creation_lon": 12.3155,
    "_source": {
     "source": "Wikidata",
     "url": "https://www.wikidata.org/wiki/Q3620765",
     "retrieved_at": "2026-08-23"
    },
    "_overrides": {
     "creation": {
      "at": "2026-08-23",
      "source": "derived from start date + Caravaggio's documented itinerary (approximate)"
     }
    },
    "museum_id": "palazzo-isimbardi",
    "qid": "Q3620765"
   }
  },
  {
   "type": "Feature",
   "geometry": {
    "type": "Point",
    "coordinates": [
     11.68496,
     45.53872
    ]
   },
   "properties": {
    "painter": "Giovanni Battista Tiepolo",
    "title": "Apotheosis of Saint Gaetano Thieme",
    "year": "1757",
    "city": "Camisano Vicentino",
    "country": "Italy",
    "location": "Santa Maria Maddalena",
    "kind": "church",
    "attribution": "generally accepted",
    "status": "present",
    "medium": "Oil on canvas",
    "dimensions": "210 × 119 cm",
    "genre": "religious art",
    "image": "https://commons.wikimedia.org/wiki/Special:FilePath/Giovanni%20Battista%20Tiepolo%20-%20The%20Apotheosis%20of%20St%20Gaetano%20Thiene%20%28Santa%20Maria%20Maddalena%2C%20Rampazzo%29.jpg?width=420",
    "wikipedia_it": "https://it.wikipedia.org/wiki/Apoteosi_di_san_Gaetano_Thiene",
    "wikidata": "https://www.wikidata.org/wiki/Q3620766",
    "creation_place": "Venice",
    "creation_lat": 45.4408,
    "creation_lon": 12.3155,
    "_source": {
     "source": "Wikidata",
     "url": "https://www.wikidata.org/wiki/Q3620766",
     "retrieved_at": "2026-08-23"
    },
    "_overrides": {
     "creation": {
      "at": "2026-08-23",
      "source": "derived from start date + Caravaggio's documented itinerary (approximate)"
     }
    },
    "museum_id": "santa-maria-maddalena",
    "qid": "Q3620766"
   }
  },
  {
   "type": "Feature",
   "geometry": {
    "type": "Point",
    "coordinates": [
     13.23607,
     46.06437
    ]
   },
   "properties": {
    "painter": "Giovanni Battista Tiepolo",
    "title": "Consular Meeting",
    "year": "1750",
    "city": "Udine",
    "country": "Italy",
    "location": "Civic Museums and Gallery of History and Art",
    "kind": "museum",
    "attribution": "generally accepted",
    "status": "present",
    "dimensions": "125 × 193 cm",
    "image": "https://commons.wikimedia.org/wiki/Special:FilePath/Tiepolo%20-%20Consilium%20in%20arena%20-%20Udine.jpg?width=420",
    "wikipedia_it": "https://it.wikipedia.org/wiki/Consilium_in_arena",
    "wikidata": "https://www.wikidata.org/wiki/Q3687409",
    "creation_place": "Venice",
    "creation_lat": 45.4408,
    "creation_lon": 12.3155,
    "_source": {
     "source": "Wikidata",
     "url": "https://www.wikidata.org/wiki/Q3687409",
     "retrieved_at": "2026-08-23"
    },
    "_overrides": {
     "creation": {
      "at": "2026-08-23",
      "source": "derived from start date + Caravaggio's documented itinerary (approximate)"
     }
    },
    "museum_id": "civic-museums-and-gallery-of-history-and-art",
    "qid": "Q3687409"
   }
  },
  {
   "type": "Feature",
   "geometry": {
    "type": "Point",
    "coordinates": [
     12.330778,
     45.441444
    ]
   },
   "properties": {
    "painter": "Giovanni Battista Tiepolo",
    "title": "The Martyrdom of Saint Bartholomeo",
    "year": "1722",
    "city": "Venice",
    "country": "Italy",
    "location": "San Stae",
    "kind": "church",
    "attribution": "generally accepted",
    "status": "present",
    "medium": "Oil on canvas",
    "dimensions": "167 × 139 cm",
    "genre": "religious art",
    "image": "https://commons.wikimedia.org/wiki/Special:FilePath/Giovanni%20Battista%20Tiepolo%20-%20The%20Martyrdom%20of%20St.%20Bartholomew%20-%20WGA22251.jpg?width=420",
    "wikipedia_es": "https://es.wikipedia.org/wiki/El_martirio_de_san_Bartolom%C3%A9_(Tiepolo)",
    "wikipedia_en": "https://en.wikipedia.org/wiki/The_Martyrdom_of_Saint_Bartholomew_(Tiepolo)",
    "wikipedia_it": "https://it.wikipedia.org/wiki/Martirio_di_san_Bartolomeo_(Giambattista_Tiepolo)",
    "wikidata": "https://www.wikidata.org/wiki/Q3794586",
    "creation_place": "Venice",
    "creation_lat": 45.4408,
    "creation_lon": 12.3155,
    "_source": {
     "source": "Wikidata",
     "url": "https://www.wikidata.org/wiki/Q3794586",
     "retrieved_at": "2026-08-23"
    },
    "_overrides": {
     "creation": {
      "at": "2026-08-23",
      "source": "derived from start date + Caravaggio's documented itinerary (approximate)"
     }
    },
    "museum_id": "san-stae",
    "qid": "Q3794586",
    "wga_url": "https://www.wga.hu/html/t/tiepolo/gianbatt/2_1730s/01martyr.html"
   }
  },
  {
   "type": "Feature",
   "geometry": {
    "type": "Point",
    "coordinates": [
     -76.6165,
     39.29642
    ]
   },
   "properties": {
    "painter": "Giovanni Battista Tiepolo",
    "title": "Scipio Africanus Freeing Massiva",
    "year": "1719",
    "city": "Baltimore",
    "country": "United States",
    "location": "Walters Art Museum",
    "kind": "museum",
    "attribution": "generally accepted",
    "status": "present",
    "medium": "Oil on canvas",
    "dimensions": "279.4 × 487.6 cm",
    "genre": "history painting",
    "image": "https://commons.wikimedia.org/wiki/Special:FilePath/Giovanni%20Battista%20Tiepolo%20-%20Scipio%20Africanus%20Freeing%20Massiva%20-%20Walters%2037657.jpg?width=420",
    "wikipedia_en": "https://en.wikipedia.org/wiki/Scipio_Africanus_Freeing_Massiva",
    "wikipedia_it": "https://it.wikipedia.org/wiki/Scipione_l%27Africano_libera_Massiva",
    "wikidata": "https://www.wikidata.org/wiki/Q38197",
    "creation_place": "Venice",
    "creation_lat": 45.4408,
    "creation_lon": 12.3155,
    "_source": {
     "source": "Wikidata",
     "url": "https://www.wikidata.org/wiki/Q38197",
     "retrieved_at": "2026-08-23"
    },
    "_overrides": {
     "creation": {
      "at": "2026-08-23",
      "source": "derived from start date + Caravaggio's documented itinerary (approximate)"
     }
    },
    "museum_id": "walters-art-museum",
    "qid": "Q38197"
   }
  },
  {
   "type": "Feature",
   "geometry": {
    "type": "Point",
    "coordinates": [
     11.88053,
     45.40137
    ]
   },
   "properties": {
    "painter": "Giovanni Battista Tiepolo",
    "title": "Martyrdom of Saint Agatha",
    "year": "1736",
    "city": "Padua",
    "country": "Italy",
    "location": "Basilica of Saint Anthony of Padua",
    "kind": "church",
    "attribution": "generally accepted",
    "status": "present",
    "genre": "religious art",
    "image": "https://commons.wikimedia.org/wiki/Special:FilePath/Tiepolo%20-%20Martirio%20di%20sant%27Agata%20-%20Sant%27Antonio%20-%20Padova%20%28esposizione%20-25%29.JPG?width=420",
    "wikipedia_it": "https://it.wikipedia.org/wiki/Martirio_di_sant%27Agata_(Giambattista_Tiepolo_Padova)",
    "wikidata": "https://www.wikidata.org/wiki/Q3850318",
    "creation_place": "Venice",
    "creation_lat": 45.4408,
    "creation_lon": 12.3155,
    "_source": {
     "source": "Wikidata",
     "url": "https://www.wikidata.org/wiki/Q3850318",
     "retrieved_at": "2026-08-23"
    },
    "_overrides": {
     "creation": {
      "at": "2026-08-23",
      "source": "derived from start date + Caravaggio's documented itinerary (approximate)"
     }
    },
    "museum_id": "basilica-of-saint-anthony-of-padua",
    "qid": "Q3850318"
   }
  },
  {
   "type": "Feature",
   "geometry": {
    "type": "Point",
    "coordinates": [
     13.23998,
     46.06369
    ]
   },
   "properties": {
    "painter": "Giovanni Battista Tiepolo",
    "title": "Rachel hides the idols",
    "year": "1726",
    "city": "Udine",
    "country": "Italy",
    "location": "Patriarchal Palace",
    "kind": "museum",
    "attribution": "generally accepted",
    "status": "present",
    "medium": "Fresco",
    "dimensions": "400 × 500 cm",
    "genre": "religious art",
    "image": "https://commons.wikimedia.org/wiki/Special:FilePath/Giovanni%20Battista%20Tiepolo%20066.jpg?width=420",
    "wikipedia_es": "https://es.wikipedia.org/wiki/Raquel_escondiendo_los_%C3%ADdolos_dom%C3%A9sticos",
    "wikipedia_it": "https://it.wikipedia.org/wiki/Rachele_nasconde_gli_idoli",
    "wikidata": "https://www.wikidata.org/wiki/Q3928576",
    "creation_place": "Venice",
    "creation_lat": 45.4408,
    "creation_lon": 12.3155,
    "_source": {
     "source": "Wikidata",
     "url": "https://www.wikidata.org/wiki/Q3928576",
     "retrieved_at": "2026-08-23"
    },
    "_overrides": {
     "creation": {
      "at": "2026-08-23",
      "source": "derived from start date + Caravaggio's documented itinerary (approximate)"
     }
    },
    "museum_id": "patriarchal-palace",
    "qid": "Q3928576",
    "wga_url": "https://www.wga.hu/html/t/tiepolo/gianbatt/1udine/2udine.html"
   }
  },
  {
   "type": "Feature",
   "geometry": {
    "type": "Point",
    "coordinates": [
     11.88001,
     45.41096
    ]
   },
   "properties": {
    "painter": "Giovanni Battista Tiepolo",
    "title": "Saint Patrick, Bishop of Ireland",
    "year": "1746",
    "city": "Padua",
    "country": "Italy",
    "location": "Civic Museums of Padua",
    "kind": "museum",
    "attribution": "generally accepted",
    "status": "present",
    "medium": "Oil on canvas",
    "dimensions": "328 × 171 cm",
    "genre": "religious art",
    "image": "https://commons.wikimedia.org/wiki/Special:FilePath/Tiepolo-s.patrizio.jpg?width=420",
    "wikipedia_en": "https://en.wikipedia.org/wiki/Saint_Patrick,_Bishop_of_Ireland",
    "wikipedia_it": "https://it.wikipedia.org/wiki/San_Patrizio_vescovo_d%27Irlanda",
    "wikidata": "https://www.wikidata.org/wiki/Q3947774",
    "creation_place": "Venice",
    "creation_lat": 45.4408,
    "creation_lon": 12.3155,
    "_source": {
     "source": "Wikidata",
     "url": "https://www.wikidata.org/wiki/Q3947774",
     "retrieved_at": "2026-08-23"
    },
    "_overrides": {
     "creation": {
      "at": "2026-08-23",
      "source": "derived from start date + Caravaggio's documented itinerary (approximate)"
     }
    },
    "museum_id": "civic-museums-of-padua",
    "qid": "Q3947774"
   }
  },
  {
   "type": "Feature",
   "geometry": {
    "type": "Point",
    "coordinates": [
     13.2369,
     46.0623
    ]
   },
   "properties": {
    "painter": "Giovanni Battista Tiepolo",
    "title": "Saints Hermagoras and Fortunatus",
    "year": "1736",
    "city": "Udine",
    "country": "Italy",
    "location": "Udine Cathedral",
    "kind": "church",
    "attribution": "generally accepted",
    "status": "present",
    "genre": "religious art",
    "image": "https://commons.wikimedia.org/wiki/Special:FilePath/Udine-Duomo-GB%20Tiepolo-ErmacoraFortunato.jpg?width=420",
    "wikipedia_it": "https://it.wikipedia.org/wiki/Santi_Ermacora_e_Fortunato_(Giambattista_Tiepolo)",
    "wikidata": "https://www.wikidata.org/wiki/Q3949343",
    "creation_place": "Venice",
    "creation_lat": 45.4408,
    "creation_lon": 12.3155,
    "_source": {
     "source": "Wikidata",
     "url": "https://www.wikidata.org/wiki/Q3949343",
     "retrieved_at": "2026-08-23"
    },
    "_overrides": {
     "creation": {
      "at": "2026-08-23",
      "source": "derived from start date + Caravaggio's documented itinerary (approximate)"
     }
    },
    "museum_id": "udine-cathedral",
    "qid": "Q3949343"
   }
  },
  {
   "type": "Feature",
   "geometry": {
    "type": "Point",
    "coordinates": [
     13.2369,
     46.0623
    ]
   },
   "properties": {
    "painter": "Giovanni Battista Tiepolo",
    "title": "Trinity",
    "year": "1736",
    "city": "Udine",
    "country": "Italy",
    "location": "Udine Cathedral",
    "kind": "church",
    "attribution": "generally accepted",
    "status": "present",
    "genre": "religious art",
    "image": "https://commons.wikimedia.org/wiki/Special:FilePath/Udine-Duomo-GB%20Tiepolo-Trinit%C3%A0.jpg?width=420",
    "wikipedia_it": "https://it.wikipedia.org/wiki/Trinit%C3%A0_(Giambattista_Tiepolo)",
    "wikidata": "https://www.wikidata.org/wiki/Q3998901",
    "creation_place": "Venice",
    "creation_lat": 45.4408,
    "creation_lon": 12.3155,
    "_source": {
     "source": "Wikidata",
     "url": "https://www.wikidata.org/wiki/Q3998901",
     "retrieved_at": "2026-08-23"
    },
    "_overrides": {
     "creation": {
      "at": "2026-08-23",
      "source": "derived from start date + Caravaggio's documented itinerary (approximate)"
     }
    },
    "museum_id": "udine-cathedral",
    "qid": "Q3998901"
   }
  },
  {
   "type": "Feature",
   "geometry": {
    "type": "Point",
    "coordinates": [
     2.36139,
     48.85819
    ]
   },
   "properties": {
    "painter": "Giovanni Battista Tiepolo",
    "title": "The Banquet of Cleopatra",
    "year": "1742",
    "city": "Paris",
    "country": "France",
    "location": "Musée Cognacq-Jay",
    "kind": "museum",
    "attribution": "attributed",
    "status": "present",
    "medium": "Oil on canvas",
    "dimensions": "50.5 × 69 cm",
    "genre": "history painting",
    "image": "https://commons.wikimedia.org/wiki/Special:FilePath/Tiepolo%20-%20Banquet%20de%20Cl%C3%A9op%C3%A2tre%20-%20Mus%C3%A9e%20Cognacq-Jay.jpg?width=420",
    "wikidata": "https://www.wikidata.org/wiki/Q47004843",
    "creation_place": "Venice",
    "creation_lat": 45.4408,
    "creation_lon": 12.3155,
    "_source": {
     "source": "Wikidata",
     "url": "https://www.wikidata.org/wiki/Q47004843",
     "retrieved_at": "2026-08-23"
    },
    "_overrides": {
     "creation": {
      "at": "2026-08-23",
      "source": "derived from start date + Caravaggio's documented itinerary (approximate)"
     }
    },
    "museum_id": "musee-cognacq-jay",
    "qid": "Q47004843"
   }
  },
  {
   "type": "Feature",
   "geometry": {
    "type": "Point",
    "coordinates": [
     12.34042,
     45.43367
    ]
   },
   "properties": {
    "painter": "Giovanni Battista Tiepolo",
    "title": "Neptune Offering Gifts to Venice",
    "year": "1740",
    "city": "Venice",
    "country": "Italy",
    "location": "Doge's Palace",
    "kind": "museum",
    "attribution": "generally accepted",
    "status": "present",
    "medium": "Oil paint",
    "dimensions": "135 × 275 cm",
    "genre": "allegory, mythological painting",
    "image": "https://commons.wikimedia.org/wiki/Special:FilePath/Giambattista%20Tiepolo%20-%20Venezia%20riceve%20l%27omaggio%20di%20Nettuno%20-%201745-50.jpg?width=420",
    "wikipedia_it": "https://it.wikipedia.org/wiki/Nettuno_offre_doni_a_Venezia",
    "wikidata": "https://www.wikidata.org/wiki/Q47012750",
    "creation_place": "Venice",
    "creation_lat": 45.4408,
    "creation_lon": 12.3155,
    "_source": {
     "source": "Wikidata",
     "url": "https://www.wikidata.org/wiki/Q47012750",
     "retrieved_at": "2026-08-23"
    },
    "_overrides": {
     "creation": {
      "at": "2026-08-23",
      "source": "derived from start date + Caravaggio's documented itinerary (approximate)"
     }
    },
    "museum_id": "doge-s-palace",
    "qid": "Q47012750",
    "wga_url": "https://www.wga.hu/html/t/tiepolo/gianbatt/3_1740s/13neptun.html"
   }
  },
  {
   "type": "Feature",
   "geometry": {
    "type": "Point",
    "coordinates": [
     9.6629,
     45.70331
    ]
   },
   "properties": {
    "painter": "Giovanni Battista Tiepolo",
    "title": "martyrdom of St. John the bishop",
    "year": "1745",
    "city": "Bergamo",
    "country": "Italy",
    "location": "Bergamo Cathedral",
    "kind": "church",
    "attribution": "generally accepted",
    "status": "present",
    "medium": "Oil on panel",
    "dimensions": "502 × 240 cm",
    "image": "https://commons.wikimedia.org/wiki/Special:FilePath/Tiepolo%20G.B.%20sec.%20XVIII%2C%20Martirio%20di%20S.%20Giovanni%20vescovo%2C%20Bergamo.jpg?width=420",
    "wikipedia_it": "https://it.wikipedia.org/wiki/Martirio_di_san_Giovanni_vescovo",
    "wikidata": "https://www.wikidata.org/wiki/Q48809220",
    "creation_place": "Venice",
    "creation_lat": 45.4408,
    "creation_lon": 12.3155,
    "_source": {
     "source": "Wikidata",
     "url": "https://www.wikidata.org/wiki/Q48809220",
     "retrieved_at": "2026-08-23"
    },
    "_overrides": {
     "creation": {
      "at": "2026-08-23",
      "source": "derived from start date + Caravaggio's documented itinerary (approximate)"
     }
    },
    "museum_id": "bergamo-cathedral",
    "qid": "Q48809220"
   }
  },
  {
   "type": "Feature",
   "geometry": {
    "type": "Point",
    "coordinates": [
     13.36472,
     52.50861
    ]
   },
   "properties": {
    "painter": "Giovanni Battista Tiepolo",
    "title": "The Martyrdom of Saint Agatha",
    "year": "1754",
    "city": "Bezirk Mitte",
    "country": "Germany",
    "location": "Gemäldegalerie Berlin",
    "kind": "museum",
    "attribution": "generally accepted",
    "status": "present",
    "medium": "Oil on canvas",
    "dimensions": "184 × 131 cm",
    "genre": "religious art",
    "image": "https://commons.wikimedia.org/wiki/Special:FilePath/Martyrdom%20of%20saint%20Agatha%20%28Berlin%29.jpg?width=420",
    "wikipedia_it": "https://it.wikipedia.org/wiki/Martirio_di_sant%27Agata_(Giambattista_Tiepolo_Berlino)",
    "wikidata": "https://www.wikidata.org/wiki/Q50328573",
    "creation_place": "Venice",
    "creation_lat": 45.4408,
    "creation_lon": 12.3155,
    "_source": {
     "source": "Wikidata",
     "url": "https://www.wikidata.org/wiki/Q50328573",
     "retrieved_at": "2026-08-23"
    },
    "_overrides": {
     "creation": {
      "at": "2026-08-23",
      "source": "derived from start date + Caravaggio's documented itinerary (approximate)"
     }
    },
    "museum_id": "gemaldegalerie-berlin",
    "qid": "Q50328573",
    "wga_url": "https://www.wga.hu/html/t/tiepolo/gianbatt/7_1760s/07agatha.html"
   }
  },
  {
   "type": "Feature",
   "geometry": {
    "type": "Point",
    "coordinates": [
     -1.26056,
     51.75556
    ]
   },
   "properties": {
    "painter": "Giovanni Battista Tiepolo",
    "title": "Young Woman with a Macaw",
    "year": "1750-1760",
    "city": "Oxford",
    "country": "United Kingdom",
    "location": "Ashmolean Museum",
    "kind": "museum",
    "attribution": "attributed",
    "status": "present",
    "medium": "Oil on canvas",
    "dimensions": "72 × 53.5 cm",
    "image": "https://commons.wikimedia.org/wiki/Special:FilePath/Giovanni%20Battista%20Tiepolo%20-%20Woman%20with%20a%20Parrot%20-%20WGA22361.jpg?width=420",
    "wikidata": "https://www.wikidata.org/wiki/Q52146301",
    "creation_place": "Venice",
    "creation_lat": 45.4408,
    "creation_lon": 12.3155,
    "_source": {
     "source": "Wikidata",
     "url": "https://www.wikidata.org/wiki/Q52146301",
     "retrieved_at": "2026-08-23"
    },
    "_overrides": {
     "creation": {
      "at": "2026-08-23",
      "source": "derived from start date + Caravaggio's documented itinerary (approximate)"
     }
    },
    "museum_id": "ashmolean-museum",
    "qid": "Q52146301",
    "wga_url": "https://www.wga.hu/html/t/tiepolo/gianbatt/7_1760s/09parrot.html"
   }
  },
  {
   "type": "Feature",
   "geometry": {
    "type": "Point",
    "coordinates": [
     12.32531,
     45.43657
    ]
   },
   "properties": {
    "painter": "Giovanni Battista Tiepolo",
    "title": "Hagar and Ishmael in the Desert",
    "year": "1730-1732",
    "city": "Venice",
    "country": "Italy",
    "location": "Scuola Grande di San Rocco",
    "kind": "museum",
    "attribution": "generally accepted",
    "status": "present",
    "medium": "Oil on canvas",
    "dimensions": "140 × 120 cm",
    "genre": "religious art",
    "image": "https://commons.wikimedia.org/wiki/Special:FilePath/Giovanni%20Battista%20Tiepolo%20068.jpg?width=420",
    "wikipedia_es": "https://es.wikipedia.org/wiki/Agar_e_Ismael_en_el_desierto",
    "wikipedia_it": "https://it.wikipedia.org/wiki/Agar_e_Ismaele_nel_deserto",
    "wikidata": "https://www.wikidata.org/wiki/Q5659648",
    "creation_place": "Venice",
    "creation_lat": 45.4408,
    "creation_lon": 12.3155,
    "_source": {
     "source": "Wikidata",
     "url": "https://www.wikidata.org/wiki/Q5659648",
     "retrieved_at": "2026-08-23"
    },
    "_overrides": {
     "creation": {
      "at": "2026-08-23",
      "source": "derived from start date + Caravaggio's documented itinerary (approximate)"
     }
    },
    "museum_id": "scuola-grande-di-san-rocco",
    "qid": "Q5659648"
   }
  },
  {
   "type": "Feature",
   "geometry": {
    "type": "Point",
    "coordinates": [
     -3.6922,
     40.4139
    ]
   },
   "properties": {
    "painter": "Giovanni Battista Tiepolo",
    "title": "The Immaculate Conception",
    "year": "1767",
    "city": "Madrid",
    "country": "Spain",
    "location": "Museo del Prado",
    "kind": "museum",
    "attribution": "generally accepted",
    "status": "present",
    "medium": "Oil on canvas",
    "dimensions": "279 × 152 cm",
    "genre": "religious art",
    "image": "https://commons.wikimedia.org/wiki/Special:FilePath/The%20Immaculate%20Conception%2C%20by%20Giovanni%20Battista%20Tiepolo%2C%20from%20Prado%20in%20Google%20Earth.jpg?width=420",
    "wikipedia_es": "https://es.wikipedia.org/wiki/Inmaculada_Concepci%C3%B3n_(Tiepolo)",
    "wikipedia_en": "https://en.wikipedia.org/wiki/The_Immaculate_Conception_(Tiepolo)",
    "wikipedia_it": "https://it.wikipedia.org/wiki/Immacolata_Concezione_(Giambattista_Tiepolo_Madrid)",
    "wikidata": "https://www.wikidata.org/wiki/Q5916308",
    "creation_place": "Madrid",
    "creation_lat": 40.4168,
    "creation_lon": -3.7038,
    "_source": {
     "source": "Wikidata",
     "url": "https://www.wikidata.org/wiki/Q5916308",
     "retrieved_at": "2026-08-23"
    },
    "_overrides": {
     "creation": {
      "at": "2026-08-23",
      "source": "derived from start date + Caravaggio's documented itinerary (approximate)"
     }
    },
    "museum_id": "museo-del-prado",
    "qid": "Q5916308",
    "wga_url": "https://www.wga.hu/html/t/tiepolo/gianbatt/7_1760s/11immacu.html"
   }
  },
  {
   "type": "Feature",
   "geometry": {
    "type": "Point",
    "coordinates": [
     8.67388,
     50.10322
    ]
   },
   "properties": {
    "painter": "Giovanni Battista Tiepolo",
    "title": "The Patron Saints of the Crotta Family",
    "year": "1441-1750",
    "city": "Frankfurt",
    "country": "Germany",
    "location": "Städel Museum",
    "kind": "museum",
    "attribution": "generally accepted",
    "status": "present",
    "medium": "Oil on canvas",
    "dimensions": "194 × 318.5 cm",
    "genre": "history painting, religious art",
    "image": "https://commons.wikimedia.org/wiki/Special:FilePath/The%20Patron%20Saints%20of%20the%20Crotta%20Family%20%28SM%201441%29.png?width=420",
    "wikipedia_en": "https://en.wikipedia.org/wiki/The_Patron_Saints_of_the_Crotta_Family",
    "wikidata": "https://www.wikidata.org/wiki/Q59342381",
    "_source": {
     "source": "Wikidata",
     "url": "https://www.wikidata.org/wiki/Q59342381",
     "retrieved_at": "2026-08-23"
    },
    "museum_id": "stadel-museum",
    "qid": "Q59342381"
   }
  },
  {
   "type": "Feature",
   "geometry": {
    "type": "Point",
    "coordinates": [
     -3.6922,
     40.4139
    ]
   },
   "properties": {
    "painter": "Giovanni Battista Tiepolo",
    "title": "The Vision of Saint Paschal Baylon",
    "year": "1767",
    "city": "Madrid",
    "country": "Spain",
    "location": "Museo del Prado",
    "kind": "museum",
    "attribution": "attributed",
    "status": "present",
    "medium": "Oil on canvas",
    "dimensions": "340 × 180 cm",
    "genre": "religious art",
    "image": "https://commons.wikimedia.org/wiki/Special:FilePath/La%20visi%C3%B3n%20de%20san%20Pascual%20Bail%C3%B3n.jpg?width=420",
    "wikidata": "https://www.wikidata.org/wiki/Q59556295",
    "creation_place": "Madrid",
    "creation_lat": 40.4168,
    "creation_lon": -3.7038,
    "_source": {
     "source": "Wikidata",
     "url": "https://www.wikidata.org/wiki/Q59556295",
     "retrieved_at": "2026-08-23"
    },
    "_overrides": {
     "creation": {
      "at": "2026-08-23",
      "source": "derived from start date + Caravaggio's documented itinerary (approximate)"
     }
    },
    "museum_id": "museo-del-prado",
    "qid": "Q59556295"
   }
  },
  {
   "type": "Feature",
   "geometry": {
    "type": "Point",
    "coordinates": [
     2.31051,
     48.87543
    ]
   },
   "properties": {
    "painter": "Giovanni Battista Tiepolo",
    "title": "The Visit of Henry III to the Villa Contarini",
    "year": "1750",
    "city": "Paris",
    "country": "France",
    "location": "Musée Jacquemart André",
    "kind": "museum",
    "attribution": "generally accepted",
    "status": "present",
    "image": "https://commons.wikimedia.org/wiki/Special:FilePath/Tiepolo%20Reception%20of%20Henri%20III%20at%20Villa%20Contarini.jpg?width=420",
    "wikipedia_es": "https://es.wikipedia.org/wiki/La_visita_de_Enrique_III_a_la_villa_Contarini",
    "wikipedia_en": "https://en.wikipedia.org/wiki/Henry_III_Received_at_the_Villa_Contarini",
    "wikipedia_it": "https://it.wikipedia.org/wiki/Visita_di_Enrico_III_alla_villa_Contarini",
    "wikidata": "https://www.wikidata.org/wiki/Q5968478",
    "creation_place": "Venice",
    "creation_lat": 45.4408,
    "creation_lon": 12.3155,
    "_source": {
     "source": "Wikidata",
     "url": "https://www.wikidata.org/wiki/Q5968478",
     "retrieved_at": "2026-08-23"
    },
    "_overrides": {
     "creation": {
      "at": "2026-08-23",
      "source": "derived from start date + Caravaggio's documented itinerary (approximate)"
     }
    },
    "museum_id": "musee-jacquemart-andre",
    "qid": "Q5968478"
   }
  },
  {
   "type": "Feature",
   "geometry": {
    "type": "Point",
    "coordinates": [
     -81.61167,
     41.50889
    ]
   },
   "properties": {
    "painter": "Giovanni Battista Tiepolo",
    "title": "Study for \"The Martyrdom of Saint Sebastian\" (for the Augustinian monastery at Diessen, Germany)",
    "year": "1739",
    "city": "Cleveland",
    "country": "United States",
    "location": "Cleveland Museum of Art",
    "kind": "museum",
    "attribution": "attributed",
    "status": "present",
    "medium": "Oil on canvas",
    "dimensions": "51.7 × 31.7 cm",
    "genre": "religious art",
    "image": "https://commons.wikimedia.org/wiki/Special:FilePath/Giovanni%20Battista%20Tiepolo%20-%20Study%20for%20%22The%20Martyrdom%20of%20Saint%20Sebastian%22%20%28for%20the%20Augustinian%20monastery%20at%20Diessen%2C%20Germany%29%20-%201946.277%20-%20Cleveland%20Museum%20of%20Art.tiff?width=420",
    "wikidata": "https://www.wikidata.org/wiki/Q60515261",
    "creation_place": "Venice",
    "creation_lat": 45.4408,
    "creation_lon": 12.3155,
    "_source": {
     "source": "Wikidata",
     "url": "https://www.wikidata.org/wiki/Q60515261",
     "retrieved_at": "2026-08-23"
    },
    "_overrides": {
     "creation": {
      "at": "2026-08-23",
      "source": "derived from start date + Caravaggio's documented itinerary (approximate)"
     }
    },
    "museum_id": "cleveland-museum-of-art",
    "qid": "Q60515261"
   }
  },
  {
   "type": "Feature",
   "geometry": {
    "type": "Point",
    "coordinates": [
     -9.16072,
     38.7053
    ]
   },
   "properties": {
    "painter": "Giovanni Battista Tiepolo",
    "title": "Flight in Egypt",
    "year": "1750",
    "city": "Estrela",
    "country": "Portugal",
    "location": "National Museum of Ancient Art",
    "kind": "museum",
    "attribution": "generally accepted",
    "status": "present",
    "genre": "religious art",
    "image": "https://commons.wikimedia.org/wiki/Special:FilePath/Flight%20into%20Egypt%20%28Giambattista%20Tiepolo%29%20%28cropped%29.jpg?width=420",
    "wikipedia_en": "https://en.wikipedia.org/wiki/The_Flight_into_Egypt_in_a_Boat",
    "wikipedia_it": "https://it.wikipedia.org/wiki/Fuga_in_Egitto_in_barca",
    "wikidata": "https://www.wikidata.org/wiki/Q60629002",
    "creation_place": "Venice",
    "creation_lat": 45.4408,
    "creation_lon": 12.3155,
    "_source": {
     "source": "Wikidata",
     "url": "https://www.wikidata.org/wiki/Q60629002",
     "retrieved_at": "2026-08-23"
    },
    "_overrides": {
     "creation": {
      "at": "2026-08-23",
      "source": "derived from start date + Caravaggio's documented itinerary (approximate)"
     }
    },
    "museum_id": "national-museum-of-ancient-art",
    "qid": "Q60629002"
   }
  },
  {
   "type": "Feature",
   "geometry": {
    "type": "Point",
    "coordinates": [
     12.32531,
     45.43657
    ]
   },
   "properties": {
    "painter": "Giovanni Battista Tiepolo",
    "title": "Abraham Praying before the Three Angels",
    "year": "1732",
    "city": "Venice",
    "country": "Italy",
    "location": "Scuola Grande di San Rocco",
    "kind": "museum",
    "attribution": "generally accepted",
    "status": "present",
    "medium": "Oil on canvas",
    "dimensions": "140 × 120 cm",
    "genre": "religious art",
    "image": "https://commons.wikimedia.org/wiki/Special:FilePath/Giovanni%20Battista%20Tiepolo%20001.jpg?width=420",
    "wikipedia_it": "https://it.wikipedia.org/wiki/Abramo_e_gli_angeli",
    "wikidata": "https://www.wikidata.org/wiki/Q63438221",
    "creation_place": "Venice",
    "creation_lat": 45.4408,
    "creation_lon": 12.3155,
    "_source": {
     "source": "Wikidata",
     "url": "https://www.wikidata.org/wiki/Q63438221",
     "retrieved_at": "2026-08-23"
    },
    "_overrides": {
     "creation": {
      "at": "2026-08-23",
      "source": "derived from start date + Caravaggio's documented itinerary (approximate)"
     }
    },
    "museum_id": "scuola-grande-di-san-rocco",
    "qid": "Q63438221",
    "wga_url": "https://www.wga.hu/html/t/tiepolo/gianbatt/2_1730s/04abraha.html"
   }
  },
  {
   "type": "Feature",
   "geometry": {
    "type": "Point",
    "coordinates": [
     11.55639,
     45.535
    ]
   },
   "properties": {
    "painter": "Giovanni Battista Tiepolo",
    "title": "The Sacrifice of Iphigenia",
    "year": "1757",
    "city": "Vicenza",
    "country": "Italy",
    "location": "Villa Valmarana ai Nani",
    "kind": "museum",
    "attribution": "generally accepted",
    "status": "present",
    "medium": "Fresco",
    "dimensions": "350 × 700 cm",
    "genre": "mythological painting",
    "image": "https://commons.wikimedia.org/wiki/Special:FilePath/Giovanni%20Battista%20Tiepolo%20-%20The%20Sacrifice%20of%20Iphigenia%20-%20WGA22333.jpg?width=420",
    "wikipedia_it": "https://it.wikipedia.org/wiki/Sacrificio_d%27Ifigenia_(Giambattista_Tiepolo)",
    "wikidata": "https://www.wikidata.org/wiki/Q64347130",
    "creation_place": "Venice",
    "creation_lat": 45.4408,
    "creation_lon": 12.3155,
    "_source": {
     "source": "Wikidata",
     "url": "https://www.wikidata.org/wiki/Q64347130",
     "retrieved_at": "2026-08-23"
    },
    "_overrides": {
     "creation": {
      "at": "2026-08-23",
      "source": "derived from start date + Caravaggio's documented itinerary (approximate)"
     }
    },
    "museum_id": "villa-valmarana-ai-nani",
    "qid": "Q64347130",
    "wga_url": "https://www.wga.hu/html/t/tiepolo/gianbatt/6vicenza/1homer1.html"
   }
  },
  {
   "type": "Feature",
   "geometry": {
    "type": "Point",
    "coordinates": [
     -83.0647,
     42.3594
    ]
   },
   "properties": {
    "painter": "Giovanni Battista Tiepolo",
    "title": "Saint Joseph and the Christ Child",
    "year": "1767",
    "city": "Detroit",
    "country": "United States",
    "location": "Detroit Institute of Arts",
    "kind": "museum",
    "attribution": "generally accepted",
    "status": "present",
    "medium": "Oil on canvas",
    "genre": "religious art",
    "image": "https://commons.wikimedia.org/wiki/Special:FilePath/Giovanni%20Battista%20Tiepolo%20-%20Saint%20Joseph%20and%20the%20Christ%20Child%20-%2044.213%20-%20Detroit%20Institute%20of%20Arts.jpg?width=420",
    "wikipedia_it": "https://it.wikipedia.org/wiki/San_Giuseppe_col_Bambino_(Giambattista_Tiepolo_Detroit)",
    "wikidata": "https://www.wikidata.org/wiki/Q64549168",
    "creation_place": "Madrid",
    "creation_lat": 40.4168,
    "creation_lon": -3.7038,
    "_source": {
     "source": "Wikidata",
     "url": "https://www.wikidata.org/wiki/Q64549168",
     "retrieved_at": "2026-08-23"
    },
    "_overrides": {
     "creation": {
      "at": "2026-08-23",
      "source": "derived from start date + Caravaggio's documented itinerary (approximate)"
     }
    },
    "museum_id": "detroit-institute-of-arts",
    "qid": "Q64549168"
   }
  },
  {
   "type": "Feature",
   "geometry": {
    "type": "Point",
    "coordinates": [
     11.55639,
     45.535
    ]
   },
   "properties": {
    "painter": "Giovanni Battista Tiepolo",
    "title": "Angelica Carving Medoro's Name on a Tree",
    "year": "1757",
    "city": "Vicenza",
    "country": "Italy",
    "location": "Villa Valmarana ai Nani",
    "kind": "museum",
    "attribution": "generally accepted",
    "status": "present",
    "medium": "Fresco",
    "dimensions": "250 × 160 cm",
    "image": "https://commons.wikimedia.org/wiki/Special:FilePath/Giovanni%20Battista%20Tiepolo%20-%20Ang%C3%A9lique%20grave%20le%20nom%20de%20M%C3%A9dor.jpg?width=420",
    "wikipedia_it": "https://it.wikipedia.org/wiki/Angelica_incide_il_nome_di_Medoro_sulla_corteccia",
    "wikidata": "https://www.wikidata.org/wiki/Q65129336",
    "creation_place": "Venice",
    "creation_lat": 45.4408,
    "creation_lon": 12.3155,
    "_source": {
     "source": "Wikidata",
     "url": "https://www.wikidata.org/wiki/Q65129336",
     "retrieved_at": "2026-08-23"
    },
    "_overrides": {
     "creation": {
      "at": "2026-08-23",
      "source": "derived from start date + Caravaggio's documented itinerary (approximate)"
     }
    },
    "museum_id": "villa-valmarana-ai-nani",
    "qid": "Q65129336"
   }
  },
  {
   "type": "Feature",
   "geometry": {
    "type": "Point",
    "coordinates": [
     11.55639,
     45.535
    ]
   },
   "properties": {
    "painter": "Giovanni Battista Tiepolo",
    "title": "The Rage of Achilles",
    "year": "1757",
    "city": "Vicenza",
    "country": "Italy",
    "location": "Villa Valmarana ai Nani",
    "kind": "museum",
    "attribution": "generally accepted",
    "status": "present",
    "medium": "Fresco",
    "dimensions": "300 × 300 cm",
    "image": "https://commons.wikimedia.org/wiki/Special:FilePath/The%20Rage%20of%20Achilles%20by%20Giovanni%20Battista%20Tiepolo.jpeg?width=420",
    "wikipedia_it": "https://it.wikipedia.org/wiki/Minerva_trattiene_Achille_dall%27uccidere_Agamennone",
    "wikidata": "https://www.wikidata.org/wiki/Q65131702",
    "creation_place": "Venice",
    "creation_lat": 45.4408,
    "creation_lon": 12.3155,
    "_source": {
     "source": "Wikidata",
     "url": "https://www.wikidata.org/wiki/Q65131702",
     "retrieved_at": "2026-08-23"
    },
    "_overrides": {
     "creation": {
      "at": "2026-08-23",
      "source": "derived from start date + Caravaggio's documented itinerary (approximate)"
     }
    },
    "museum_id": "villa-valmarana-ai-nani",
    "qid": "Q65131702",
    "wga_url": "https://www.wga.hu/html/t/tiepolo/gianbatt/6vicenza/2homer4.html"
   }
  },
  {
   "type": "Feature",
   "geometry": {
    "type": "Point",
    "coordinates": [
     11.55639,
     45.535
    ]
   },
   "properties": {
    "painter": "Giovanni Battista Tiepolo",
    "title": "Eurybates and Talthybios Lead Briseis to Agamemmon",
    "year": "1757",
    "city": "Vicenza",
    "country": "Italy",
    "location": "Villa Valmarana ai Nani",
    "kind": "museum",
    "attribution": "generally accepted",
    "status": "present",
    "medium": "Fresco",
    "dimensions": "300 × 280 cm",
    "image": "https://commons.wikimedia.org/wiki/Special:FilePath/Giovanni%20Battista%20Tiepolo%20-%20Eurybates%20and%20Talthybios%20Lead%20Briseis%20to%20Agamemmon%20-%20WGA22334.jpg?width=420",
    "wikipedia_it": "https://it.wikipedia.org/wiki/Briseide_condotta_ad_Agamennone",
    "wikidata": "https://www.wikidata.org/wiki/Q65131708",
    "creation_place": "Venice",
    "creation_lat": 45.4408,
    "creation_lon": 12.3155,
    "_source": {
     "source": "Wikidata",
     "url": "https://www.wikidata.org/wiki/Q65131708",
     "retrieved_at": "2026-08-23"
    },
    "_overrides": {
     "creation": {
      "at": "2026-08-23",
      "source": "derived from start date + Caravaggio's documented itinerary (approximate)"
     }
    },
    "museum_id": "villa-valmarana-ai-nani",
    "qid": "Q65131708",
    "wga_url": "https://www.wga.hu/html/t/tiepolo/gianbatt/6vicenza/1homer2.html"
   }
  },
  {
   "type": "Feature",
   "geometry": {
    "type": "Point",
    "coordinates": [
     11.79028,
     45.07111
    ]
   },
   "properties": {
    "painter": "Giovanni Battista Tiepolo",
    "title": "Portrait of Antonio Riccobono",
    "year": "1745",
    "city": "Rovigo",
    "country": "Italy",
    "location": "Accademia dei Concordi di Rovigo",
    "kind": "museum",
    "attribution": "generally accepted",
    "status": "present",
    "medium": "Oil paint",
    "dimensions": "120 × 90 cm",
    "genre": "portrait",
    "image": "https://commons.wikimedia.org/wiki/Special:FilePath/Giovanni%20Battista%20Tiepolo%20083.jpg?width=420",
    "wikipedia_it": "https://it.wikipedia.org/wiki/Ritratto_di_Antonio_Riccobono",
    "wikidata": "https://www.wikidata.org/wiki/Q75952153",
    "creation_place": "Venice",
    "creation_lat": 45.4408,
    "creation_lon": 12.3155,
    "_source": {
     "source": "Wikidata",
     "url": "https://www.wikidata.org/wiki/Q75952153",
     "retrieved_at": "2026-08-23"
    },
    "_overrides": {
     "creation": {
      "at": "2026-08-23",
      "source": "derived from start date + Caravaggio's documented itinerary (approximate)"
     }
    },
    "museum_id": "accademia-dei-concordi-di-rovigo",
    "qid": "Q75952153"
   }
  },
  {
   "type": "Feature",
   "geometry": {
    "type": "Point",
    "coordinates": [
     -71.09417,
     42.33944
    ]
   },
   "properties": {
    "painter": "Giovanni Battista Tiepolo",
    "title": "Truth Unveiled by Time",
    "year": "1745",
    "city": "Boston",
    "country": "United States",
    "location": "Museum of Fine Arts Boston",
    "kind": "museum",
    "attribution": "generally accepted",
    "status": "present",
    "medium": "Oil on canvas",
    "dimensions": "231.1 × 167 cm",
    "image": "https://commons.wikimedia.org/wiki/Special:FilePath/Time%20Unveiling%20Truth%20-%20Tiepolo%20-%20MFA%20Boston.jpg?width=420",
    "wikipedia_en": "https://en.wikipedia.org/wiki/Time_Unveiling_Truth_(Tiepolo)",
    "wikidata": "https://www.wikidata.org/wiki/Q7848304",
    "creation_place": "Venice",
    "creation_lat": 45.4408,
    "creation_lon": 12.3155,
    "_source": {
     "source": "Wikidata",
     "url": "https://www.wikidata.org/wiki/Q7848304",
     "retrieved_at": "2026-08-23"
    },
    "_overrides": {
     "creation": {
      "at": "2026-08-23",
      "source": "derived from start date + Caravaggio's documented itinerary (approximate)"
     }
    },
    "museum_id": "museum-of-fine-arts-boston",
    "qid": "Q7848304"
   }
  },
  {
   "type": "Feature",
   "geometry": {
    "type": "Point",
    "coordinates": [
     9.93916,
     49.79344
    ]
   },
   "properties": {
    "painter": "Giovanni Battista Tiepolo",
    "title": "Rinaldo under Armida’s Spell",
    "year": "1753",
    "city": "Würzburg",
    "country": "Germany",
    "location": "Staatsgalerie Würzburg",
    "kind": "museum",
    "attribution": "generally accepted",
    "status": "present",
    "medium": "Oil on canvas",
    "dimensions": "105 × 143 cm",
    "image": "https://commons.wikimedia.org/wiki/Special:FilePath/Tiepolo%20-%20Rinaldo%20und%20Armida.jpg?width=420",
    "wikipedia_es": "https://es.wikipedia.org/wiki/Rinaldo_y_Armida",
    "wikidata": "https://www.wikidata.org/wiki/Q9069244",
    "_source": {
     "source": "Wikidata",
     "url": "https://www.wikidata.org/wiki/Q9069244",
     "retrieved_at": "2026-08-23"
    },
    "_overrides": {
     "creation": {
      "at": "2026-08-23",
      "source": "derived from start date + Caravaggio's documented itinerary (approximate)"
     }
    },
    "museum_id": "staatsgalerie-wurzburg",
    "qid": "Q9069244",
    "wga_url": "https://www.wga.hu/html/t/tiepolo/gianbatt/7_1760s/080rina.html"
   }
  },
  {
   "type": "Feature",
   "geometry": {
    "type": "Point",
    "coordinates": [
     13.23998,
     46.06369
    ]
   },
   "properties": {
    "painter": "Giovanni Battista Tiepolo",
    "title": "Sarah and the angel",
    "year": "1726",
    "city": "Udine",
    "country": "Italy",
    "location": "Patriarchal Palace",
    "kind": "museum",
    "attribution": "generally accepted",
    "status": "present",
    "medium": "Fresco",
    "genre": "religious art",
    "image": "https://commons.wikimedia.org/wiki/Special:FilePath/Giovanni%20Battista%20Tiepolo%20064.jpg?width=420",
    "wikipedia_es": "https://es.wikipedia.org/wiki/Sara_y_el_arc%C3%A1ngel",
    "wikipedia_it": "https://it.wikipedia.org/wiki/Apparizione_dell%27angelo_a_Sara",
    "wikidata": "https://www.wikidata.org/wiki/Q9074540",
    "creation_place": "Venice",
    "creation_lat": 45.4408,
    "creation_lon": 12.3155,
    "_source": {
     "source": "Wikidata",
     "url": "https://www.wikidata.org/wiki/Q9074540",
     "retrieved_at": "2026-08-23"
    },
    "_overrides": {
     "creation": {
      "at": "2026-08-23",
      "source": "derived from start date + Caravaggio's documented itinerary (approximate)"
     }
    },
    "museum_id": "patriarchal-palace",
    "qid": "Q9074540"
   }
  },
  {
   "type": "Feature",
   "geometry": {
    "type": "Point",
    "coordinates": [
     -3.69493,
     40.41604
    ]
   },
   "properties": {
    "painter": "Giovanni Battista Tiepolo",
    "title": "The Death of Hyacinth",
    "year": "1752-1753",
    "city": "Madrid",
    "country": "Spain",
    "location": "Thyssen-Bornemisza Museum",
    "kind": "museum",
    "attribution": "generally accepted",
    "status": "present",
    "medium": "Oil on canvas",
    "dimensions": "287 × 232 cm",
    "genre": "mythological painting",
    "image": "https://commons.wikimedia.org/wiki/Special:FilePath/Giambattista%20Tiepolo%20-%20La%20morte%20di%20Giacinto%20%281752-53%29%20-%20Museo%20Nacional%20Thyssen-Bornemisza%20Madrid.jpg?width=420",
    "wikipedia_it": "https://it.wikipedia.org/wiki/Morte_di_Giacinto_(Giambattista_Tiepolo)",
    "wikidata": "https://www.wikidata.org/wiki/Q9395626",
    "_source": {
     "source": "Wikidata",
     "url": "https://www.wikidata.org/wiki/Q9395626",
     "retrieved_at": "2026-08-23"
    },
    "_overrides": {
     "creation": {
      "at": "2026-08-23",
      "source": "derived from start date + Caravaggio's documented itinerary (approximate)"
     }
    },
    "museum_id": "thyssen-bornemisza-museum",
    "qid": "Q9395626",
    "wga_url": "https://www.wga.hu/html/t/tiepolo/gianbatt/7_1760s/02hyacin.html"
   }
  },
  {
   "type": "Feature",
   "geometry": {
    "type": "Point",
    "coordinates": [
     19.07678,
     47.51587
    ]
   },
   "properties": {
    "painter": "Giovanni Battista Tiepolo",
    "title": "Saint James Matamoros",
    "year": "1749",
    "city": "Zugló",
    "country": "Hungary",
    "location": "Museum of Fine Arts, Budapest",
    "kind": "museum",
    "attribution": "attributed",
    "status": "present",
    "medium": "Oil on canvas",
    "dimensions": "317 × 163 cm",
    "genre": "religious art",
    "image": "https://commons.wikimedia.org/wiki/Special:FilePath/Giovanni%20Battista%20Tiepolo%20-%20St%20Jacobus%20in%20Budapest.jpg?width=420",
    "wikidata": "https://www.wikidata.org/wiki/Q9396820",
    "creation_place": "Venice",
    "creation_lat": 45.4408,
    "creation_lon": 12.3155,
    "_source": {
     "source": "Wikidata",
     "url": "https://www.wikidata.org/wiki/Q9396820",
     "retrieved_at": "2026-08-23"
    },
    "_overrides": {
     "creation": {
      "at": "2026-08-23",
      "source": "derived from start date + Caravaggio's documented itinerary (approximate)"
     }
    },
    "museum_id": "museum-of-fine-arts-budapest",
    "qid": "Q9396820",
    "wga_url": "https://www.wga.hu/html/t/tiepolo/gianbatt/3_1740s/09sjames.html"
   }
  },
  {
   "type": "Feature",
   "geometry": {
    "type": "Point",
    "coordinates": [
     -9.16072,
     38.7053
    ]
   },
   "properties": {
    "painter": "Giovanni Battista Tiepolo",
    "title": "Triumph of the Arts",
    "year": "1729",
    "city": "Estrela",
    "country": "Portugal",
    "location": "National Museum of Ancient Art",
    "kind": "museum",
    "attribution": "attributed",
    "status": "present",
    "dimensions": "55.5 × 72 cm",
    "image": "https://commons.wikimedia.org/wiki/Special:FilePath/Giambattista%20tiepolo%2C%20trionfo%20delle%20arti%2C%201730%20ca%2002.jpg?width=420",
    "wikidata": "https://www.wikidata.org/wiki/Q96003056",
    "creation_place": "Venice",
    "creation_lat": 45.4408,
    "creation_lon": 12.3155,
    "_source": {
     "source": "Wikidata",
     "url": "https://www.wikidata.org/wiki/Q96003056",
     "retrieved_at": "2026-08-23"
    },
    "_overrides": {
     "creation": {
      "at": "2026-08-23",
      "source": "derived from start date + Caravaggio's documented itinerary (approximate)"
     }
    },
    "museum_id": "national-museum-of-ancient-art",
    "qid": "Q96003056"
   }
  }
 ]
}