{
 "type": "FeatureCollection",
 "_note": "Generated by scripts/build.py from Wikidata. Do not edit by hand — put manual fixes in the painter's overlay (data/overlay/*.json). Each feature carries _source (scraped base or manual addition) and, when edited, _overrides.",
 "features": [
  {
   "type": "Feature",
   "geometry": {
    "type": "Point",
    "coordinates": [
     -97.365,
     32.74861
    ]
   },
   "properties": {
    "painter": "Tintoretto",
    "title": "Portrait of Doge Pietro Loredan",
    "year": "1568",
    "city": "Fort Worth",
    "country": "United States",
    "location": "Museo d'arte Kimbell",
    "kind": "museum",
    "attribution": "generally accepted",
    "status": "present",
    "medium": "Oil on canvas",
    "genre": "portrait",
    "image": "https://commons.wikimedia.org/wiki/Special:FilePath/%27Portrait%20of%20Doge%20Pietro%20Loredan%27%2C%20oil%20on%20canvas%20painting%20by%20Tintoretto%20%28Jacopo%20Robusti%29.jpg?width=420",
    "wikipedia_en": "https://en.wikipedia.org/wiki/Portrait_of_Doge_Pietro_Loredan",
    "wikidata": "https://www.wikidata.org/wiki/Q105742280",
    "creation_place": "Venice",
    "creation_lat": 45.4408,
    "creation_lon": 12.3155,
    "_source": {
     "source": "Wikidata",
     "url": "https://www.wikidata.org/wiki/Q105742280",
     "retrieved_at": "2026-08-20"
    },
    "_overrides": {
     "creation": {
      "at": "2026-08-20",
      "source": "derived from start date + Caravaggio's documented itinerary (approximate)"
     }
    },
    "museum_id": "museo-d-arte-kimbell",
    "qid": "Q105742280"
   }
  },
  {
   "type": "Feature",
   "geometry": {
    "type": "Point",
    "coordinates": [
     3.00382,
     43.1837
    ]
   },
   "properties": {
    "painter": "Tintoretto",
    "title": "Amiral Tommaso Contarini",
    "year": "1580",
    "city": "Narbonne",
    "country": "France",
    "location": "Musée d'art et d'histoire de Narbonne",
    "kind": "museum",
    "attribution": "attributed",
    "status": "present",
    "medium": "Oil paint",
    "dimensions": "122 × 98 cm",
    "genre": "portrait",
    "image": "https://commons.wikimedia.org/wiki/Special:FilePath/%28Narbonne%29%20L%27amiral%20Tommaso%20Contarini%20-%20Le%20Tintoret%20-%20Mus%C3%A9e%20des%20Beaux-Arts%20de%20Narbonne.jpg?width=420",
    "wikidata": "https://www.wikidata.org/wiki/Q107690121",
    "creation_place": "Venice",
    "creation_lat": 45.4408,
    "creation_lon": 12.3155,
    "_source": {
     "source": "Wikidata",
     "url": "https://www.wikidata.org/wiki/Q107690121",
     "retrieved_at": "2026-08-20"
    },
    "_overrides": {
     "creation": {
      "at": "2026-08-20",
      "source": "derived from start date + Caravaggio's documented itinerary (approximate)"
     }
    },
    "museum_id": "musee-d-art-et-d-histoire-de-narbonne",
    "qid": "Q107690121"
   }
  },
  {
   "type": "Feature",
   "geometry": {
    "type": "Point",
    "coordinates": [
     3.00382,
     43.1837
    ]
   },
   "properties": {
    "painter": "Tintoretto",
    "title": "Q107695009",
    "year": "1572",
    "city": "Narbonne",
    "country": "France",
    "location": "Musée d'art et d'histoire de Narbonne",
    "kind": "museum",
    "attribution": "attributed",
    "status": "present",
    "medium": "Oil on canvas",
    "dimensions": "297 × 182 cm",
    "genre": "religious art",
    "image": "https://commons.wikimedia.org/wiki/Special:FilePath/%28Narbonne%29%20Vierge%20dans%20la%20Gloire%20-%20Tintoretto%20-%20Mus%C3%A9e%20des%20Beaux-Arts%20de%20Narbonne.jpg?width=420",
    "wikidata": "https://www.wikidata.org/wiki/Q107695009",
    "creation_place": "Venice",
    "creation_lat": 45.4408,
    "creation_lon": 12.3155,
    "_source": {
     "source": "Wikidata",
     "url": "https://www.wikidata.org/wiki/Q107695009",
     "retrieved_at": "2026-08-20"
    },
    "_overrides": {
     "creation": {
      "at": "2026-08-20",
      "source": "derived from start date + Caravaggio's documented itinerary (approximate)"
     }
    },
    "museum_id": "musee-d-art-et-d-histoire-de-narbonne",
    "qid": "Q107695009"
   }
  },
  {
   "type": "Feature",
   "geometry": {
    "type": "Point",
    "coordinates": [
     12.332472,
     45.446336
    ]
   },
   "properties": {
    "painter": "Tintoretto",
    "title": "Worship of the Golden Calf",
    "year": "1550",
    "city": "Venice",
    "country": "Italy",
    "location": "Madonna dell'Orto",
    "kind": "church",
    "attribution": "attributed",
    "status": "present",
    "medium": "Oil on canvas",
    "dimensions": "1450 × 580 cm",
    "genre": "religious art",
    "image": "https://commons.wikimedia.org/wiki/Special:FilePath/Madonna%20dell%27Orto%20%28Venice%29%20-%20Choir%20-%20The%20Worship%20of%20the%20Golden%20Calf%20-%20Tintoretto.jpg?width=420",
    "wikidata": "https://www.wikidata.org/wiki/Q108331310",
    "creation_place": "Venice",
    "creation_lat": 45.4408,
    "creation_lon": 12.3155,
    "_source": {
     "source": "Wikidata",
     "url": "https://www.wikidata.org/wiki/Q108331310",
     "retrieved_at": "2026-08-20"
    },
    "_overrides": {
     "creation": {
      "at": "2026-08-20",
      "source": "derived from start date + Caravaggio's documented itinerary (approximate)"
     }
    },
    "museum_id": "madonna-dell-orto",
    "qid": "Q108331310",
    "wga_url": "https://www.wga.hu/html/t/tintoret/2a/5moses.html"
   }
  },
  {
   "type": "Feature",
   "geometry": {
    "type": "Point",
    "coordinates": [
     9.935906,
     49.797911
    ]
   },
   "properties": {
    "painter": "Tintoretto",
    "title": "Crucifixion",
    "year": "1585",
    "city": "Würzburg",
    "country": "Germany",
    "location": "Stift Haug, Würzburg",
    "kind": "church",
    "attribution": "attributed",
    "status": "present",
    "medium": "Oil on canvas",
    "dimensions": "900 × 550 cm",
    "genre": "religious art",
    "image": "https://commons.wikimedia.org/wiki/Special:FilePath/W%C3%BCrzburg%2C%20Stift%20Haug%2C%20Kreuzigung.jpg?width=420",
    "wikidata": "https://www.wikidata.org/wiki/Q108760656",
    "creation_place": "Venice",
    "creation_lat": 45.4408,
    "creation_lon": 12.3155,
    "_source": {
     "source": "Wikidata",
     "url": "https://www.wikidata.org/wiki/Q108760656",
     "retrieved_at": "2026-08-20"
    },
    "_overrides": {
     "creation": {
      "at": "2026-08-20",
      "source": "derived from start date + Caravaggio's documented itinerary (approximate)"
     }
    },
    "museum_id": "stift-haug-wurzburg",
    "qid": "Q108760656"
   }
  },
  {
   "type": "Feature",
   "geometry": {
    "type": "Point",
    "coordinates": [
     12.32531,
     45.43657
    ]
   },
   "properties": {
    "painter": "Tintoretto",
    "title": "Probatica Piscina",
    "year": "1579",
    "city": "Venice",
    "country": "Italy",
    "location": "Scuola Grande di San Rocco",
    "kind": "museum",
    "attribution": "attributed",
    "status": "present",
    "medium": "Oil on canvas",
    "dimensions": "533 × 529 cm",
    "image": "https://commons.wikimedia.org/wiki/Special:FilePath/Paintings%20by%20Tintoretto%20in%20Scuola%20Grande%20di%20San%20Rocco%20-%20Probatica%20Piscina.jpg?width=420",
    "wikidata": "https://www.wikidata.org/wiki/Q110697909",
    "creation_place": "Venice",
    "creation_lat": 45.4408,
    "creation_lon": 12.3155,
    "_source": {
     "source": "Wikidata",
     "url": "https://www.wikidata.org/wiki/Q110697909",
     "retrieved_at": "2026-08-20"
    },
    "_overrides": {
     "creation": {
      "at": "2026-08-20",
      "source": "derived from start date + Caravaggio's documented itinerary (approximate)"
     }
    },
    "museum_id": "scuola-grande-di-san-rocco",
    "qid": "Q110697909"
   }
  },
  {
   "type": "Feature",
   "geometry": {
    "type": "Point",
    "coordinates": [
     14.292,
     48.2901
    ]
   },
   "properties": {
    "painter": "Tintoretto",
    "title": "Sacra Famiglia con san Giovannino e sant'Elisabetta",
    "year": "1501",
    "city": "Linz",
    "country": "German Reich",
    "location": "Führermuseum",
    "kind": "museum",
    "attribution": "attributed",
    "status": "present",
    "medium": "Oil on canvas",
    "dimensions": "123.5 × 167 cm",
    "genre": "religious art",
    "image": "https://commons.wikimedia.org/wiki/Special:FilePath/Tintoretto%20-%20und%20Werkstatt%20-%20Die%20Heilige%20Familie%20mit%20der%20heiligen%20Elisabeth%20und%20dem%20Johannesknaben%2C%20around%201550-1555%2C%20Dep.%200331.jpg?width=420",
    "wikidata": "https://www.wikidata.org/wiki/Q111640314",
    "_source": {
     "source": "Wikidata",
     "url": "https://www.wikidata.org/wiki/Q111640314",
     "retrieved_at": "2026-08-20"
    },
    "museum_id": "fuhrermuseum",
    "qid": "Q111640314"
   }
  },
  {
   "type": "Feature",
   "geometry": {
    "type": "Point",
    "coordinates": [
     14.292,
     48.2901
    ]
   },
   "properties": {
    "painter": "Tintoretto",
    "title": "Entombment of Christ",
    "year": "1501",
    "city": "Linz",
    "country": "German Reich",
    "location": "Führermuseum",
    "kind": "museum",
    "attribution": "attributed",
    "status": "present",
    "medium": "Oil on canvas",
    "dimensions": "137 × 206 cm",
    "genre": "religious art",
    "image": "https://commons.wikimedia.org/wiki/Special:FilePath/Jacopo%20Robusti%20gen.%20Tintoretto%20%281518-1594%29%20-%20Grablegung%20Christi%20%28Beweinung%20Christi%29%20-%201916%20-%20F%C3%BChrermuseum.jpg?width=420",
    "wikidata": "https://www.wikidata.org/wiki/Q111645066",
    "_source": {
     "source": "Wikidata",
     "url": "https://www.wikidata.org/wiki/Q111645066",
     "retrieved_at": "2026-08-20"
    },
    "museum_id": "fuhrermuseum",
    "qid": "Q111645066"
   }
  },
  {
   "type": "Feature",
   "geometry": {
    "type": "Point",
    "coordinates": [
     16.9289,
     52.40865
    ]
   },
   "properties": {
    "painter": "Tintoretto",
    "title": "The Siege of Asola",
    "year": "1540",
    "city": "Poznań",
    "country": "Poland",
    "location": "National Museum in Poznań",
    "kind": "museum",
    "attribution": "generally accepted",
    "status": "present",
    "medium": "Oil on canvas",
    "dimensions": "197 × 467.5 cm",
    "genre": "battle painting, history painting",
    "image": "https://commons.wikimedia.org/wiki/Special:FilePath/Tintoretto%20Battle%20of%20Asola.jpg?width=420",
    "wikipedia_en": "https://en.wikipedia.org/wiki/The_Siege_of_Asola",
    "wikipedia_it": "https://it.wikipedia.org/wiki/Assedio_di_Asola",
    "wikidata": "https://www.wikidata.org/wiki/Q1125410",
    "creation_place": "Venice",
    "creation_lat": 45.4408,
    "creation_lon": 12.3155,
    "_source": {
     "source": "Wikidata",
     "url": "https://www.wikidata.org/wiki/Q1125410",
     "retrieved_at": "2026-08-20"
    },
    "_overrides": {
     "creation": {
      "at": "2026-08-20",
      "source": "derived from start date + Caravaggio's documented itinerary (approximate)"
     }
    },
    "museum_id": "national-museum-in-poznan",
    "qid": "Q1125410"
   }
  },
  {
   "type": "Feature",
   "geometry": {
    "type": "Point",
    "coordinates": [
     12.32814,
     45.43108
    ]
   },
   "properties": {
    "painter": "Tintoretto",
    "title": "Madonna and Child with Saints Cecilia, Marina, Theodore, Cosmas, and Damian",
    "year": "1580",
    "city": "Venice",
    "country": "Italy",
    "location": "Gallerie dell'Accademia",
    "kind": "museum",
    "attribution": "attributed",
    "status": "present",
    "medium": "Oil on canvas",
    "dimensions": "341 × 251 cm",
    "genre": "religious art",
    "image": "https://commons.wikimedia.org/wiki/Special:FilePath/Madonna%20col%20Bambino%20e%20i%20Santi%20Cecilia%2C%20Marina%2C%20Teodoro%2C%20Cosma%20e%20Damiano%20di%20Jacopo%20Tintoretto%20%281%29.JPG?width=420",
    "wikidata": "https://www.wikidata.org/wiki/Q114273218",
    "creation_place": "Venice",
    "creation_lat": 45.4408,
    "creation_lon": 12.3155,
    "_source": {
     "source": "Wikidata",
     "url": "https://www.wikidata.org/wiki/Q114273218",
     "retrieved_at": "2026-08-20"
    },
    "_overrides": {
     "creation": {
      "at": "2026-08-20",
      "source": "derived from start date + Caravaggio's documented itinerary (approximate)"
     }
    },
    "museum_id": "gallerie-dell-accademia",
    "qid": "Q114273218"
   }
  },
  {
   "type": "Feature",
   "geometry": {
    "type": "Point",
    "coordinates": [
     12.32814,
     45.43108
    ]
   },
   "properties": {
    "painter": "Tintoretto",
    "title": "Saint Andrew and Saint Jerome",
    "year": "1552",
    "city": "Venice",
    "country": "Italy",
    "location": "Gallerie dell'Accademia",
    "kind": "museum",
    "attribution": "attributed",
    "status": "present",
    "medium": "Oil on canvas",
    "dimensions": "230 × 150 cm",
    "genre": "religious art",
    "image": "https://commons.wikimedia.org/wiki/Special:FilePath/Saints%20Andrew%20and%20Jerome%20by%20Tintoretto%20-%20Accademia%20-%20Venice%202016%20-%20crop.jpg?width=420",
    "wikidata": "https://www.wikidata.org/wiki/Q114273581",
    "creation_place": "Venice",
    "creation_lat": 45.4408,
    "creation_lon": 12.3155,
    "_source": {
     "source": "Wikidata",
     "url": "https://www.wikidata.org/wiki/Q114273581",
     "retrieved_at": "2026-08-20"
    },
    "_overrides": {
     "creation": {
      "at": "2026-08-20",
      "source": "derived from start date + Caravaggio's documented itinerary (approximate)"
     }
    },
    "museum_id": "gallerie-dell-accademia",
    "qid": "Q114273581"
   }
  },
  {
   "type": "Feature",
   "geometry": {
    "type": "Point",
    "coordinates": [
     11.25528,
     43.76833
    ]
   },
   "properties": {
    "painter": "Tintoretto",
    "title": "Leda and the Swan",
    "year": "1553",
    "city": "Florence",
    "country": "Italy",
    "location": "Uffizi Gallery",
    "kind": "museum",
    "attribution": "attributed",
    "status": "present",
    "medium": "Oil on canvas",
    "dimensions": "147.5 × 147.5 cm",
    "genre": "mythological painting, nude",
    "image": "https://commons.wikimedia.org/wiki/Special:FilePath/Tintoretto%20-%20Leda%20e%20il%20cigno%2C%201187590.jpg?width=420",
    "wikidata": "https://www.wikidata.org/wiki/Q114647547",
    "creation_place": "Venice",
    "creation_lat": 45.4408,
    "creation_lon": 12.3155,
    "_source": {
     "source": "Wikidata",
     "url": "https://www.wikidata.org/wiki/Q114647547",
     "retrieved_at": "2026-08-20"
    },
    "_overrides": {
     "creation": {
      "at": "2026-08-20",
      "source": "derived from start date + Caravaggio's documented itinerary (approximate)"
     }
    },
    "museum_id": "uffizi-gallery",
    "qid": "Q114647547"
   }
  },
  {
   "type": "Feature",
   "geometry": {
    "type": "Point",
    "coordinates": [
     26.09598,
     44.43978
    ]
   },
   "properties": {
    "painter": "Tintoretto",
    "title": "Portrait of Marcantonio Barbaro",
    "year": "1593",
    "city": "Bucharest",
    "country": "Romania",
    "location": "National Museum of Art of Romania",
    "kind": "museum",
    "attribution": "attributed",
    "status": "present",
    "medium": "Oil on canvas",
    "dimensions": "154 × 114 cm",
    "genre": "portrait",
    "image": "https://commons.wikimedia.org/wiki/Special:FilePath/Tintoretto%20-%20Marcantonio%20Barbaro%2C%201593.jpg?width=420",
    "wikidata": "https://www.wikidata.org/wiki/Q114860155",
    "creation_place": "Venice",
    "creation_lat": 45.4408,
    "creation_lon": 12.3155,
    "_source": {
     "source": "Wikidata",
     "url": "https://www.wikidata.org/wiki/Q114860155",
     "retrieved_at": "2026-08-20"
    },
    "_overrides": {
     "creation": {
      "at": "2026-08-20",
      "source": "derived from start date + Caravaggio's documented itinerary (approximate)"
     }
    },
    "museum_id": "national-museum-of-art-of-romania",
    "qid": "Q114860155"
   }
  },
  {
   "type": "Feature",
   "geometry": {
    "type": "Point",
    "coordinates": [
     12.3339,
     45.44088
    ]
   },
   "properties": {
    "painter": "Tintoretto",
    "title": "Portrait of Procurator Nicolo Priuli",
    "year": "1600",
    "city": "Venice",
    "country": "Italy",
    "location": "Galleria Giorgio Franchetti alla Ca' d'Oro",
    "kind": "museum",
    "attribution": "attributed",
    "status": "present",
    "medium": "Oil on canvas",
    "dimensions": "125 × 105 cm",
    "genre": "portrait",
    "image": "https://commons.wikimedia.org/wiki/Special:FilePath/Jacopo%20Tintoretto%20088.jpg?width=420",
    "wikidata": "https://www.wikidata.org/wiki/Q114894357",
    "_source": {
     "source": "Wikidata",
     "url": "https://www.wikidata.org/wiki/Q114894357",
     "retrieved_at": "2026-08-20"
    },
    "museum_id": "galleria-giorgio-franchetti-alla-ca-d-oro",
    "qid": "Q114894357",
    "wga_url": "https://www.wga.hu/html/t/tintoret/8/06priuli.html"
   }
  },
  {
   "type": "Feature",
   "geometry": {
    "type": "Point",
    "coordinates": [
     12.34042,
     45.43367
    ]
   },
   "properties": {
    "painter": "Tintoretto",
    "title": "The forge of Vulcan",
    "year": "1576",
    "city": "Venice",
    "country": "Italy",
    "location": "Doge's Palace",
    "kind": "museum",
    "attribution": "attributed",
    "status": "present",
    "medium": "Oil on canvas",
    "dimensions": "145 × 156 cm",
    "image": "https://commons.wikimedia.org/wiki/Special:FilePath/%28Venice%29%20La%20fucina%20di%20Vulcano%20%281576%29%20Tintoretto%20-%20Sala%20dell%27Anticollegio%20-%20Palazzo%20Ducale.jpg?width=420",
    "wikidata": "https://www.wikidata.org/wiki/Q115441585",
    "creation_place": "Venice",
    "creation_lat": 45.4408,
    "creation_lon": 12.3155,
    "_source": {
     "source": "Wikidata",
     "url": "https://www.wikidata.org/wiki/Q115441585",
     "retrieved_at": "2026-08-20"
    },
    "_overrides": {
     "creation": {
      "at": "2026-08-20",
      "source": "derived from start date + Caravaggio's documented itinerary (approximate)"
     }
    },
    "museum_id": "doge-s-palace",
    "qid": "Q115441585",
    "wga_url": "https://www.wga.hu/html/t/tintoret/4a/1antico3.html"
   }
  },
  {
   "type": "Feature",
   "geometry": {
    "type": "Point",
    "coordinates": [
     6.18234,
     48.69346
    ]
   },
   "properties": {
    "painter": "Tintoretto",
    "title": "Q115676508",
    "year": "1580",
    "city": "Nancy",
    "country": "France",
    "location": "Museum of Fine Arts of Nancy",
    "kind": "museum",
    "attribution": "attributed",
    "status": "present",
    "medium": "Oil on canvas",
    "dimensions": "103 × 137 cm",
    "genre": "religious art",
    "image": "https://commons.wikimedia.org/wiki/Special:FilePath/D%C3%A9ploration%20du%20Christ%2C%20par%20Le%20Tintoret.jpg?width=420",
    "wikidata": "https://www.wikidata.org/wiki/Q115676508",
    "creation_place": "Venice",
    "creation_lat": 45.4408,
    "creation_lon": 12.3155,
    "_source": {
     "source": "Wikidata",
     "url": "https://www.wikidata.org/wiki/Q115676508",
     "retrieved_at": "2026-08-20"
    },
    "_overrides": {
     "creation": {
      "at": "2026-08-20",
      "source": "derived from start date + Caravaggio's documented itinerary (approximate)"
     }
    },
    "museum_id": "museum-of-fine-arts-of-nancy",
    "qid": "Q115676508"
   }
  },
  {
   "type": "Feature",
   "geometry": {
    "type": "Point",
    "coordinates": [
     9.19,
     45.46694
    ]
   },
   "properties": {
    "painter": "Tintoretto",
    "title": "Paintings by Jacopo Tintoretto in the Museo del Duomo",
    "city": "Metropolitan City of Milan",
    "country": "Italy",
    "location": "Milan",
    "kind": "museum",
    "attribution": "generally accepted",
    "status": "present",
    "medium": "Oil paint",
    "dimensions": "197 × 319 cm",
    "image": "https://commons.wikimedia.org/wiki/Special:FilePath/Jacopo%20Robusti%20detto%20Tintoretto%20-%20La%20disputa%20di%20Ges%C3%B9%20con%20i%20dottori%20nel%20tempio%20di%20Gerusalemme%20-%201540-1541%20-%20Museo%20del%20Duomo%20-%20Milan%2C%20Italy.jpg?width=420",
    "wikipedia_it": "https://it.wikipedia.org/wiki/Disputa_di_Ges%C3%B9_nel_Tempio",
    "wikidata": "https://www.wikidata.org/wiki/Q116207700",
    "_source": {
     "source": "Wikidata",
     "url": "https://www.wikidata.org/wiki/Q116207700",
     "retrieved_at": "2026-08-20"
    },
    "museum_id": "milan",
    "qid": "Q116207700"
   }
  },
  {
   "type": "Feature",
   "geometry": {
    "type": "Point",
    "coordinates": [
     12.3433,
     45.4293
    ]
   },
   "properties": {
    "painter": "Tintoretto",
    "title": "The Risen Christ with Saint Andrew and donors",
    "year": "1584",
    "city": "Venice",
    "country": "Italy",
    "location": "Church of San Giorgio Maggiore",
    "kind": "church",
    "attribution": "attributed",
    "status": "present",
    "medium": "Oil on canvas",
    "dimensions": "357 × 213 cm",
    "genre": "religious art",
    "image": "https://commons.wikimedia.org/wiki/Special:FilePath/Jacopo%20e%20domenico%20tintoretto%2C%20cristo%20risorto%20adorato%20da%20vincenzo%20morosini%20e%20i%20suoi%20familiari%2C%201583-85%20ca.%2002.jpg?width=420",
    "wikidata": "https://www.wikidata.org/wiki/Q116771885",
    "creation_place": "Venice",
    "creation_lat": 45.4408,
    "creation_lon": 12.3155,
    "_source": {
     "source": "Wikidata",
     "url": "https://www.wikidata.org/wiki/Q116771885",
     "retrieved_at": "2026-08-20"
    },
    "_overrides": {
     "creation": {
      "at": "2026-08-20",
      "source": "derived from start date + Caravaggio's documented itinerary (approximate)"
     }
    },
    "museum_id": "church-of-san-giorgio-maggiore",
    "qid": "Q116771885"
   }
  },
  {
   "type": "Feature",
   "geometry": {
    "type": "Point",
    "coordinates": [
     12.3433,
     45.4293
    ]
   },
   "properties": {
    "painter": "Tintoretto",
    "title": "Crowned Madonna between Benedictine Saints",
    "year": "1593",
    "city": "Venice",
    "country": "Italy",
    "location": "Church of San Giorgio Maggiore",
    "kind": "church",
    "attribution": "attributed",
    "status": "present",
    "medium": "Oil on canvas",
    "dimensions": "458 × 285 cm",
    "genre": "religious art",
    "image": "https://commons.wikimedia.org/wiki/Special:FilePath/Tintoretto%20-%20Tintoretto%2C%20Coronation%20of%20the%20Virgin%20and%20SS%20Benedict%2C%20Gregor%2C%20Maurus%2C%20Placido%20and%20other%20Benedictine%20Saints.jpg?width=420",
    "wikidata": "https://www.wikidata.org/wiki/Q116780072",
    "creation_place": "Venice",
    "creation_lat": 45.4408,
    "creation_lon": 12.3155,
    "_source": {
     "source": "Wikidata",
     "url": "https://www.wikidata.org/wiki/Q116780072",
     "retrieved_at": "2026-08-20"
    },
    "_overrides": {
     "creation": {
      "at": "2026-08-20",
      "source": "derived from start date + Caravaggio's documented itinerary (approximate)"
     }
    },
    "museum_id": "church-of-san-giorgio-maggiore",
    "qid": "Q116780072"
   }
  },
  {
   "type": "Feature",
   "geometry": {
    "type": "Point",
    "coordinates": [
     11.25528,
     43.76833
    ]
   },
   "properties": {
    "painter": "Tintoretto",
    "title": "Leda and the Swan",
    "year": "1550",
    "city": "Florence",
    "country": "Italy",
    "location": "Uffizi Gallery",
    "kind": "museum",
    "attribution": "generally accepted",
    "status": "present",
    "medium": "Oil on canvas",
    "dimensions": "167 × 221 cm",
    "genre": "mythological painting, nude",
    "image": "https://commons.wikimedia.org/wiki/Special:FilePath/Leda%20mit%20schwan.jpg?width=420",
    "wikipedia_es": "https://es.wikipedia.org/wiki/Leda_y_el_cisne_(Tintoretto)",
    "wikipedia_en": "https://en.wikipedia.org/wiki/Leda_and_the_Swan_(Tintoretto)",
    "wikipedia_it": "https://it.wikipedia.org/wiki/Leda_e_il_cigno_(Tintoretto)",
    "wikidata": "https://www.wikidata.org/wiki/Q11753618",
    "creation_place": "Venice",
    "creation_lat": 45.4408,
    "creation_lon": 12.3155,
    "_source": {
     "source": "Wikidata",
     "url": "https://www.wikidata.org/wiki/Q11753618",
     "retrieved_at": "2026-08-20"
    },
    "_overrides": {
     "creation": {
      "at": "2026-08-20",
      "source": "derived from start date + Caravaggio's documented itinerary (approximate)"
     }
    },
    "museum_id": "uffizi-gallery",
    "qid": "Q11753618"
   }
  },
  {
   "type": "Feature",
   "geometry": {
    "type": "Point",
    "coordinates": [
     12.32531,
     45.43657
    ]
   },
   "properties": {
    "painter": "Tintoretto",
    "title": "St Mary Magdalen",
    "year": "1580",
    "city": "Venice",
    "country": "Italy",
    "location": "Scuola Grande di San Rocco",
    "kind": "museum",
    "attribution": "attributed",
    "status": "present",
    "medium": "Oil on canvas",
    "dimensions": "425 × 209 cm",
    "genre": "religious art",
    "image": "https://commons.wikimedia.org/wiki/Special:FilePath/Tintoretto%20-%20St%20Mary%20Magdalen.jpg?width=420",
    "wikidata": "https://www.wikidata.org/wiki/Q11769022",
    "creation_place": "Venice",
    "creation_lat": 45.4408,
    "creation_lon": 12.3155,
    "_source": {
     "source": "Wikidata",
     "url": "https://www.wikidata.org/wiki/Q11769022",
     "retrieved_at": "2026-08-20"
    },
    "_overrides": {
     "creation": {
      "at": "2026-08-20",
      "source": "derived from start date + Caravaggio's documented itinerary (approximate)"
     }
    },
    "museum_id": "scuola-grande-di-san-rocco",
    "qid": "Q11769022",
    "wga_url": "https://www.wga.hu/html/t/tintoret/3b/3ground/5maryma.html"
   }
  },
  {
   "type": "Feature",
   "geometry": {
    "type": "Point",
    "coordinates": [
     12.32531,
     45.43657
    ]
   },
   "properties": {
    "painter": "Tintoretto",
    "title": "St Mary of Egypt",
    "year": "1580",
    "city": "Venice",
    "country": "Italy",
    "location": "Scuola Grande di San Rocco",
    "kind": "museum",
    "attribution": "attributed",
    "status": "present",
    "medium": "Oil on canvas",
    "dimensions": "425 × 211 cm",
    "genre": "religious art",
    "image": "https://commons.wikimedia.org/wiki/Special:FilePath/Tintoretto%20-%20St%20Mary%20of%20Egypt.jpg?width=420",
    "wikidata": "https://www.wikidata.org/wiki/Q11769269",
    "creation_place": "Venice",
    "creation_lat": 45.4408,
    "creation_lon": 12.3155,
    "_source": {
     "source": "Wikidata",
     "url": "https://www.wikidata.org/wiki/Q11769269",
     "retrieved_at": "2026-08-20"
    },
    "_overrides": {
     "creation": {
      "at": "2026-08-20",
      "source": "derived from start date + Caravaggio's documented itinerary (approximate)"
     }
    },
    "museum_id": "scuola-grande-di-san-rocco",
    "qid": "Q11769269",
    "wga_url": "https://www.wga.hu/html/t/tintoret/3b/3ground/6maryeg.html"
   }
  },
  {
   "type": "Feature",
   "geometry": {
    "type": "Point",
    "coordinates": [
     13.73466,
     51.05338
    ]
   },
   "properties": {
    "painter": "Tintoretto",
    "title": "The Deliverance of Arsinoe",
    "year": "1556-1592",
    "city": "Dresden",
    "country": "Germany",
    "location": "Gemäldegalerie Alte Meister",
    "kind": "museum",
    "attribution": "generally accepted",
    "status": "present",
    "medium": "Oil on canvas",
    "dimensions": "153 × 251 cm",
    "genre": "history painting, nude",
    "image": "https://commons.wikimedia.org/wiki/Special:FilePath/Jacopo%20Tintoretto%20030.jpg?width=420",
    "wikipedia_es": "https://es.wikipedia.org/wiki/La_liberaci%C3%B3n_de_Ars%C3%ADnoe",
    "wikipedia_en": "https://en.wikipedia.org/wiki/The_Deliverance_of_Arsinoe",
    "wikipedia_it": "https://it.wikipedia.org/wiki/Liberazione_di_Arsinoe",
    "wikidata": "https://www.wikidata.org/wiki/Q11800904",
    "creation_place": "Venice",
    "creation_lat": 45.4408,
    "creation_lon": 12.3155,
    "_source": {
     "source": "Wikidata",
     "url": "https://www.wikidata.org/wiki/Q11800904",
     "retrieved_at": "2026-08-20"
    },
    "_overrides": {
     "creation": {
      "at": "2026-08-20",
      "source": "derived from start date + Caravaggio's documented itinerary (approximate)"
     }
    },
    "museum_id": "gemaldegalerie-alte-meister",
    "qid": "Q11800904",
    "wga_url": "https://www.wga.hu/html/t/tintoret/7/3arsinoe.html"
   }
  },
  {
   "type": "Feature",
   "geometry": {
    "type": "Point",
    "coordinates": [
     12.32531,
     45.43657
    ]
   },
   "properties": {
    "painter": "Tintoretto",
    "title": "The Brazen Serpent",
    "year": "1575",
    "city": "Venice",
    "country": "Italy",
    "location": "Scuola Grande di San Rocco",
    "kind": "museum",
    "attribution": "attributed",
    "status": "present",
    "medium": "Oil on canvas",
    "dimensions": "840 × 520 cm",
    "genre": "religious art",
    "image": "https://commons.wikimedia.org/wiki/Special:FilePath/Podniesienie%20w%C4%99%C5%BCa.jpg?width=420",
    "wikidata": "https://www.wikidata.org/wiki/Q11820510",
    "creation_place": "Venice",
    "creation_lat": 45.4408,
    "creation_lon": 12.3155,
    "_source": {
     "source": "Wikidata",
     "url": "https://www.wikidata.org/wiki/Q11820510",
     "retrieved_at": "2026-08-20"
    },
    "_overrides": {
     "creation": {
      "at": "2026-08-20",
      "source": "derived from start date + Caravaggio's documented itinerary (approximate)"
     }
    },
    "museum_id": "scuola-grande-di-san-rocco",
    "qid": "Q11820510",
    "wga_url": "https://www.wga.hu/html/t/tintoret/3b/2upper/1/01braze.html"
   }
  },
  {
   "type": "Feature",
   "geometry": {
    "type": "Point",
    "coordinates": [
     21.02472,
     52.23167
    ]
   },
   "properties": {
    "painter": "Tintoretto",
    "title": "Portrait of a Venetian admiral.",
    "year": "1570",
    "city": "Śródmieście",
    "country": "Poland",
    "location": "National Museum in Warsaw",
    "kind": "museum",
    "attribution": "attributed",
    "status": "present",
    "medium": "Oil on canvas",
    "dimensions": "82 × 68 cm",
    "genre": "portrait",
    "image": "https://commons.wikimedia.org/wiki/Special:FilePath/Tintoretto%20Venetian%20admiral.jpg?width=420",
    "wikidata": "https://www.wikidata.org/wiki/Q11824966",
    "creation_place": "Venice",
    "creation_lat": 45.4408,
    "creation_lon": 12.3155,
    "_source": {
     "source": "Wikidata",
     "url": "https://www.wikidata.org/wiki/Q11824966",
     "retrieved_at": "2026-08-20"
    },
    "_overrides": {
     "creation": {
      "at": "2026-08-20",
      "source": "derived from start date + Caravaggio's documented itinerary (approximate)"
     }
    },
    "museum_id": "national-museum-in-warsaw",
    "qid": "Q11824966"
   }
  },
  {
   "type": "Feature",
   "geometry": {
    "type": "Point",
    "coordinates": [
     12.332472,
     45.446336
    ]
   },
   "properties": {
    "painter": "Tintoretto",
    "title": "The Presentation of the Virgin",
    "year": "1553",
    "city": "Venice",
    "country": "Italy",
    "location": "Madonna dell'Orto",
    "kind": "church",
    "attribution": "generally accepted",
    "status": "present",
    "medium": "Oil on canvas",
    "dimensions": "429 × 480 cm",
    "genre": "religious art",
    "image": "https://commons.wikimedia.org/wiki/Special:FilePath/Madonna%20dell%27Orto%20%28Venice%29%20-%20Presentation%20at%20the%20temple%20of%20the%20Virgin%20%281552-1553%29%20by%20Tintoretto.jpg?width=420",
    "wikipedia_en": "https://en.wikipedia.org/wiki/Presentation_of_the_Virgin_(Tintoretto)",
    "wikipedia_it": "https://it.wikipedia.org/wiki/Presentazione_della_Vergine_al_Tempio_(Tintoretto)",
    "wikidata": "https://www.wikidata.org/wiki/Q11826430",
    "creation_place": "Venice",
    "creation_lat": 45.4408,
    "creation_lon": 12.3155,
    "_source": {
     "source": "Wikidata",
     "url": "https://www.wikidata.org/wiki/Q11826430",
     "retrieved_at": "2026-08-20"
    },
    "_overrides": {
     "creation": {
      "at": "2026-08-20",
      "source": "derived from start date + Caravaggio's documented itinerary (approximate)"
     }
    },
    "museum_id": "madonna-dell-orto",
    "qid": "Q11826430",
    "wga_url": "https://www.wga.hu/html/t/tintoret/2a/1prese2.html"
   }
  },
  {
   "type": "Feature",
   "geometry": {
    "type": "Point",
    "coordinates": [
     12.34042,
     45.43367
    ]
   },
   "properties": {
    "painter": "Tintoretto",
    "title": "Andrea Gritti, assisted by St. Mark, before Mary and Sts. Bernardino, Luigi and Marina",
    "year": "1594",
    "city": "Venice",
    "country": "Italy",
    "location": "Doge's Palace",
    "kind": "museum",
    "attribution": "attributed",
    "status": "present",
    "medium": "Oil paint",
    "genre": "religious art",
    "image": "https://commons.wikimedia.org/wiki/Special:FilePath/%28Venice%29%20Andrea%20Gritti%2C%20assistito%20da%20S.%20Marco%2C%20dinanzi%20a%20Maria%20e%20ai%20Ss.%20Bernardino%2C%20Luigi%20e%20Marina%20-%20Jacopo%20Tintoretto.jpg?width=420",
    "wikidata": "https://www.wikidata.org/wiki/Q118366485",
    "creation_place": "Venice",
    "creation_lat": 45.4408,
    "creation_lon": 12.3155,
    "_source": {
     "source": "Wikidata",
     "url": "https://www.wikidata.org/wiki/Q118366485",
     "retrieved_at": "2026-08-20"
    },
    "_overrides": {
     "creation": {
      "at": "2026-08-20",
      "source": "derived from start date + Caravaggio's documented itinerary (approximate)"
     }
    },
    "museum_id": "doge-s-palace",
    "qid": "Q118366485"
   }
  },
  {
   "type": "Feature",
   "geometry": {
    "type": "Point",
    "coordinates": [
     -0.17194,
     51.49667
    ]
   },
   "properties": {
    "painter": "Tintoretto",
    "title": "Self Portrait as a Young Man",
    "year": "1548",
    "city": "London",
    "country": "United Kingdom",
    "location": "Victoria and Albert Museum",
    "kind": "museum",
    "attribution": "attributed",
    "status": "present",
    "medium": "Oil paint, pine panel",
    "dimensions": "45.7 × 36.8 cm",
    "genre": "self-portrait",
    "image": "https://commons.wikimedia.org/wiki/Special:FilePath/Tintoretto%20-%20Self-Portrait%20as%20a%20Young%20Man%2C%20ca.%201548%2C%20CAI.103%20%28cropped%29.jpg?width=420",
    "wikidata": "https://www.wikidata.org/wiki/Q118874873",
    "creation_place": "Venice",
    "creation_lat": 45.4408,
    "creation_lon": 12.3155,
    "_source": {
     "source": "Wikidata",
     "url": "https://www.wikidata.org/wiki/Q118874873",
     "retrieved_at": "2026-08-20"
    },
    "_overrides": {
     "creation": {
      "at": "2026-08-20",
      "source": "derived from start date + Caravaggio's documented itinerary (approximate)"
     }
    },
    "museum_id": "victoria-and-albert-museum",
    "qid": "Q118874873"
   }
  },
  {
   "type": "Feature",
   "geometry": {
    "type": "Point",
    "coordinates": [
     2.15331,
     41.36833
    ]
   },
   "properties": {
    "painter": "Tintoretto",
    "title": "Portrait of a Gentleman",
    "year": "1554",
    "city": "Barcelona",
    "country": "Spain",
    "location": "Museu Nacional d'Art de Catalunya",
    "kind": "museum",
    "attribution": "generally accepted",
    "status": "present",
    "dimensions": "1017 × 817 cm",
    "genre": "portrait",
    "image": "https://commons.wikimedia.org/wiki/Special:FilePath/Jacopo%20Robusti%2C%20%27Tintoretto%27%20-%20Portrait%20of%20a%20Gentleman%20-%20Google%20Art%20Project.jpg?width=420",
    "wikipedia_es": "https://es.wikipedia.org/wiki/Retrato_de_caballero_(Tintoretto)",
    "wikidata": "https://www.wikidata.org/wiki/Q11945403",
    "creation_place": "Venice",
    "creation_lat": 45.4408,
    "creation_lon": 12.3155,
    "_source": {
     "source": "Wikidata",
     "url": "https://www.wikidata.org/wiki/Q11945403",
     "retrieved_at": "2026-08-20"
    },
    "_overrides": {
     "creation": {
      "at": "2026-08-20",
      "source": "derived from start date + Caravaggio's documented itinerary (approximate)"
     }
    },
    "museum_id": "museu-nacional-d-art-de-catalunya",
    "qid": "Q11945403"
   }
  },
  {
   "type": "Feature",
   "geometry": {
    "type": "Point",
    "coordinates": [
     -0.36166,
     49.18607
    ]
   },
   "properties": {
    "painter": "Tintoretto",
    "title": "The Deposition",
    "year": "1557",
    "city": "Caen",
    "country": "France",
    "location": "Musée des Beaux-Arts de Caen",
    "kind": "museum",
    "attribution": "attributed",
    "status": "present",
    "medium": "Oil on canvas",
    "dimensions": "135.6 × 102 cm",
    "genre": "religious art",
    "image": "https://commons.wikimedia.org/wiki/Special:FilePath/Jacopo%20Tintoretto%20020.jpg?width=420",
    "wikidata": "https://www.wikidata.org/wiki/Q120098062",
    "creation_place": "Venice",
    "creation_lat": 45.4408,
    "creation_lon": 12.3155,
    "_source": {
     "source": "Wikidata",
     "url": "https://www.wikidata.org/wiki/Q120098062",
     "retrieved_at": "2026-08-20"
    },
    "_overrides": {
     "creation": {
      "at": "2026-08-20",
      "source": "derived from start date + Caravaggio's documented itinerary (approximate)"
     }
    },
    "museum_id": "musee-des-beaux-arts-de-caen",
    "qid": "Q120098062"
   }
  },
  {
   "type": "Feature",
   "geometry": {
    "type": "Point",
    "coordinates": [
     12.32814,
     45.43108
    ]
   },
   "properties": {
    "painter": "Tintoretto",
    "title": "Christ and the adulteress",
    "year": "1550",
    "city": "Venice",
    "country": "Italy",
    "location": "Gallerie dell'Accademia",
    "kind": "museum",
    "attribution": "attributed",
    "status": "present",
    "medium": "Oil on canvas",
    "genre": "religious art",
    "image": "https://commons.wikimedia.org/wiki/Special:FilePath/%28Venice%29%20Christ%20and%20the%20adulteress%20by%20Il%20Tintoretto%20-%20Gallerie%20Accademia.jpg?width=420",
    "wikidata": "https://www.wikidata.org/wiki/Q120885253",
    "creation_place": "Venice",
    "creation_lat": 45.4408,
    "creation_lon": 12.3155,
    "_source": {
     "source": "Wikidata",
     "url": "https://www.wikidata.org/wiki/Q120885253",
     "retrieved_at": "2026-08-20"
    },
    "_overrides": {
     "creation": {
      "at": "2026-08-20",
      "source": "derived from start date + Caravaggio's documented itinerary (approximate)"
     }
    },
    "museum_id": "gallerie-dell-accademia",
    "qid": "Q120885253"
   }
  },
  {
   "type": "Feature",
   "geometry": {
    "type": "Point",
    "coordinates": [
     10.98778,
     45.44
    ]
   },
   "properties": {
    "painter": "Tintoretto",
    "title": "Madonna allattante",
    "city": "Verona",
    "country": "Italy",
    "location": "Castelvecchio Museum",
    "kind": "museum",
    "attribution": "generally accepted",
    "status": "present",
    "medium": "Oil on canvas",
    "dimensions": "89 × 76 cm",
    "genre": "religious art",
    "image": "https://commons.wikimedia.org/wiki/Special:FilePath/Jacopo%20Tintoretto%20Madonna%20allattante.jpg?width=420",
    "wikipedia_it": "https://it.wikipedia.org/wiki/Madonna_allattante_(Tintoretto)",
    "wikidata": "https://www.wikidata.org/wiki/Q122169955",
    "_source": {
     "source": "Wikidata",
     "url": "https://www.wikidata.org/wiki/Q122169955",
     "retrieved_at": "2026-08-20"
    },
    "museum_id": "castelvecchio-museum",
    "qid": "Q122169955"
   }
  },
  {
   "type": "Feature",
   "geometry": {
    "type": "Point",
    "coordinates": [
     4.35824,
     50.84168
    ]
   },
   "properties": {
    "painter": "Tintoretto",
    "title": "The body of saint Mark is taken away by the christians",
    "city": "Brussels",
    "country": "Belgium",
    "location": "Oldmasters Museum",
    "kind": "museum",
    "attribution": "attributed",
    "status": "present",
    "medium": "Oil on canvas",
    "dimensions": "108.5 × 125 cm",
    "image": "https://commons.wikimedia.org/wiki/Special:FilePath/Tintoretto%20-%20L%27enl%C3%A8vement%20du%20corps%20de%20saint%20Marc%20par%20les%20chr%C3%A9tiens.jpg?width=420",
    "wikidata": "https://www.wikidata.org/wiki/Q123557150",
    "_source": {
     "source": "Wikidata",
     "url": "https://www.wikidata.org/wiki/Q123557150",
     "retrieved_at": "2026-08-20"
    },
    "museum_id": "oldmasters-museum",
    "qid": "Q123557150"
   }
  },
  {
   "type": "Feature",
   "geometry": {
    "type": "Point",
    "coordinates": [
     -99.2046,
     19.4407
    ]
   },
   "properties": {
    "painter": "Tintoretto",
    "title": "The Crucifixion",
    "year": "1550",
    "city": "Mexico City",
    "country": "Mexico",
    "location": "Museo Soumaya",
    "kind": "museum",
    "attribution": "attributed",
    "status": "present",
    "medium": "Oil on panel",
    "dimensions": "125.1 × 195.6 cm",
    "genre": "religious art",
    "image": "https://commons.wikimedia.org/wiki/Special:FilePath/%27The%20Crucifixion%27%20%28ca%201550%29%20by%20Tintoretto%20-%20Museo%20Soumaya%20-%20Mexico%202024.jpg?width=420",
    "wikidata": "https://www.wikidata.org/wiki/Q123747291",
    "creation_place": "Venice",
    "creation_lat": 45.4408,
    "creation_lon": 12.3155,
    "_source": {
     "source": "Wikidata",
     "url": "https://www.wikidata.org/wiki/Q123747291",
     "retrieved_at": "2026-08-20"
    },
    "_overrides": {
     "creation": {
      "at": "2026-08-20",
      "source": "derived from start date + Caravaggio's documented itinerary (approximate)"
     }
    },
    "museum_id": "museo-soumaya",
    "qid": "Q123747291"
   }
  },
  {
   "type": "Feature",
   "geometry": {
    "type": "Point",
    "coordinates": [
     12.48421,
     41.89764
    ]
   },
   "properties": {
    "painter": "Tintoretto",
    "title": "Portrait of Onofrio Panvinio",
    "year": "1550",
    "city": "Rome",
    "country": "Italy",
    "location": "Palazzo Colonna",
    "kind": "museum",
    "attribution": "attributed",
    "status": "present",
    "medium": "Oil on canvas",
    "dimensions": "112 × 89 cm",
    "genre": "portrait",
    "image": "https://commons.wikimedia.org/wiki/Special:FilePath/Jacopo%20Tintoretto%20-%20Portrait%20of%20Onofrio%20Panvinio%20-%2079%20-%20Palazzo%20Colonna.jpg?width=420",
    "wikidata": "https://www.wikidata.org/wiki/Q124039068",
    "creation_place": "Venice",
    "creation_lat": 45.4408,
    "creation_lon": 12.3155,
    "_source": {
     "source": "Wikidata",
     "url": "https://www.wikidata.org/wiki/Q124039068",
     "retrieved_at": "2026-08-20"
    },
    "_overrides": {
     "creation": {
      "at": "2026-08-20",
      "source": "derived from start date + Caravaggio's documented itinerary (approximate)"
     }
    },
    "museum_id": "palazzo-colonna",
    "qid": "Q124039068"
   }
  },
  {
   "type": "Feature",
   "geometry": {
    "type": "Point",
    "coordinates": [
     12.32814,
     45.43108
    ]
   },
   "properties": {
    "painter": "Tintoretto",
    "title": "Crucifixion",
    "city": "Venice",
    "country": "Italy",
    "location": "Gallerie dell'Accademia",
    "kind": "museum",
    "attribution": "attributed",
    "status": "present",
    "medium": "Oil on canvas",
    "genre": "religious art",
    "image": "https://commons.wikimedia.org/wiki/Special:FilePath/Accademia%20-%20Crucifixion%20by%20Tintoretto.jpg?width=420",
    "wikidata": "https://www.wikidata.org/wiki/Q124252018",
    "_source": {
     "source": "Wikidata",
     "url": "https://www.wikidata.org/wiki/Q124252018",
     "retrieved_at": "2026-08-20"
    },
    "museum_id": "gallerie-dell-accademia",
    "qid": "Q124252018"
   }
  },
  {
   "type": "Feature",
   "geometry": {
    "type": "Point",
    "coordinates": [
     10.49917,
     43.84361
    ]
   },
   "properties": {
    "painter": "Tintoretto",
    "title": "Portrait of a Man",
    "year": "1550",
    "city": "Lucca",
    "country": "Italy",
    "location": "Palazzo Mansi National Museum",
    "kind": "museum",
    "attribution": "attributed",
    "status": "present",
    "medium": "Oil on canvas",
    "dimensions": "70.5 × 59 cm",
    "genre": "portrait",
    "image": "https://commons.wikimedia.org/wiki/Special:FilePath/Tintoretto%2C%20ritratto%20duomo%20in%20mezzo%20busto%20con%20abito%20nero%20e%20pelliccia%2C%201550-55%20ca.jpg?width=420",
    "wikidata": "https://www.wikidata.org/wiki/Q126134892",
    "creation_place": "Venice",
    "creation_lat": 45.4408,
    "creation_lon": 12.3155,
    "_source": {
     "source": "Wikidata",
     "url": "https://www.wikidata.org/wiki/Q126134892",
     "retrieved_at": "2026-08-20"
    },
    "_overrides": {
     "creation": {
      "at": "2026-08-20",
      "source": "derived from start date + Caravaggio's documented itinerary (approximate)"
     }
    },
    "museum_id": "palazzo-mansi-national-museum",
    "qid": "Q126134892"
   }
  },
  {
   "type": "Feature",
   "geometry": {
    "type": "Point",
    "coordinates": [
     12.332472,
     45.446336
    ]
   },
   "properties": {
    "painter": "Tintoretto",
    "title": "The Last Judgment",
    "year": "1560",
    "city": "Venice",
    "country": "Italy",
    "location": "Madonna dell'Orto",
    "kind": "church",
    "attribution": "attributed",
    "status": "present",
    "medium": "Oil on canvas",
    "dimensions": "1450 × 590 cm",
    "genre": "religious art",
    "image": "https://commons.wikimedia.org/wiki/Special:FilePath/Madonna%20dell%27Orto%20%28Venice%29%20-%20Choir%20-%20The%20Last%20Judgment%20by%20Jacopo%20Tintoretto.jpg?width=420",
    "wikidata": "https://www.wikidata.org/wiki/Q130552363",
    "creation_place": "Venice",
    "creation_lat": 45.4408,
    "creation_lon": 12.3155,
    "_source": {
     "source": "Wikidata",
     "url": "https://www.wikidata.org/wiki/Q130552363",
     "retrieved_at": "2026-08-20"
    },
    "_overrides": {
     "creation": {
      "at": "2026-08-20",
      "source": "derived from start date + Caravaggio's documented itinerary (approximate)"
     }
    },
    "museum_id": "madonna-dell-orto",
    "qid": "Q130552363"
   }
  },
  {
   "type": "Feature",
   "geometry": {
    "type": "Point",
    "coordinates": [
     12.32531,
     45.43657
    ]
   },
   "properties": {
    "painter": "Tintoretto",
    "title": "Adoration of the Magi",
    "city": "Venice",
    "country": "Italy",
    "location": "Scuola Grande di San Rocco",
    "kind": "museum",
    "attribution": "attributed",
    "status": "present",
    "genre": "religious art",
    "wikidata": "https://www.wikidata.org/wiki/Q131422009",
    "_source": {
     "source": "Wikidata",
     "url": "https://www.wikidata.org/wiki/Q131422009",
     "retrieved_at": "2026-08-20"
    },
    "museum_id": "scuola-grande-di-san-rocco",
    "qid": "Q131422009"
   }
  },
  {
   "type": "Feature",
   "geometry": {
    "type": "Point",
    "coordinates": [
     26.09598,
     44.43978
    ]
   },
   "properties": {
    "painter": "Tintoretto",
    "title": "The Annunciation",
    "year": "1577",
    "city": "Bucharest",
    "country": "Romania",
    "location": "National Museum of Art of Romania",
    "kind": "museum",
    "attribution": "attributed",
    "status": "present",
    "genre": "religious art",
    "image": "https://commons.wikimedia.org/wiki/Special:FilePath/Tintoretto%20-%20Annunciation%20%281577%20National%20Museum%20of%20Art%20of%20Romania%29.jpg?width=420",
    "wikidata": "https://www.wikidata.org/wiki/Q131450157",
    "creation_place": "Venice",
    "creation_lat": 45.4408,
    "creation_lon": 12.3155,
    "_source": {
     "source": "Wikidata",
     "url": "https://www.wikidata.org/wiki/Q131450157",
     "retrieved_at": "2026-08-20"
    },
    "_overrides": {
     "creation": {
      "at": "2026-08-20",
      "source": "derived from start date + Caravaggio's documented itinerary (approximate)"
     }
    },
    "museum_id": "national-museum-of-art-of-romania",
    "qid": "Q131450157"
   }
  },
  {
   "type": "Feature",
   "geometry": {
    "type": "Point",
    "coordinates": [
     12.32531,
     45.43657
    ]
   },
   "properties": {
    "painter": "Tintoretto",
    "title": "The Assumption of the Virgin",
    "city": "Venice",
    "country": "Italy",
    "location": "Scuola Grande di San Rocco",
    "kind": "museum",
    "attribution": "attributed",
    "status": "present",
    "genre": "religious art",
    "wikidata": "https://www.wikidata.org/wiki/Q131501826",
    "_source": {
     "source": "Wikidata",
     "url": "https://www.wikidata.org/wiki/Q131501826",
     "retrieved_at": "2026-08-20"
    },
    "museum_id": "scuola-grande-di-san-rocco",
    "qid": "Q131501826"
   }
  },
  {
   "type": "Feature",
   "geometry": {
    "type": "Point",
    "coordinates": [
     11.2549,
     43.7687
    ]
   },
   "properties": {
    "painter": "Tintoretto",
    "title": "Arachne challenges Minerva in a weaving contest",
    "year": "1580",
    "city": "Florence",
    "country": "Italy",
    "location": "Contini Bonacossi collection",
    "kind": "museum",
    "attribution": "attributed",
    "status": "present",
    "medium": "Oil on canvas",
    "dimensions": "145 × 272 cm",
    "genre": "mythological painting",
    "image": "https://commons.wikimedia.org/wiki/Special:FilePath/Tintoretto%20-%20Minerva%20e%20Aracne%2C%201575-85%20%281579%29.jpg?width=420",
    "wikidata": "https://www.wikidata.org/wiki/Q131543624",
    "creation_place": "Venice",
    "creation_lat": 45.4408,
    "creation_lon": 12.3155,
    "_source": {
     "source": "Wikidata",
     "url": "https://www.wikidata.org/wiki/Q131543624",
     "retrieved_at": "2026-08-20"
    },
    "_overrides": {
     "creation": {
      "at": "2026-08-20",
      "source": "derived from start date + Caravaggio's documented itinerary (approximate)"
     }
    },
    "museum_id": "contini-bonacossi-collection",
    "qid": "Q131543624"
   }
  },
  {
   "type": "Feature",
   "geometry": {
    "type": "Point",
    "coordinates": [
     12.332472,
     45.446336
    ]
   },
   "properties": {
    "painter": "Tintoretto",
    "title": "The Vision of St. Peter",
    "year": "1556",
    "city": "Venice",
    "country": "Italy",
    "location": "Madonna dell'Orto",
    "kind": "church",
    "attribution": "attributed",
    "status": "present",
    "medium": "Oil on canvas",
    "dimensions": "420 × 240 cm",
    "genre": "religious art",
    "image": "https://commons.wikimedia.org/wiki/Special:FilePath/Jacopo%20Tintoretto%20-%20The%20Vision%20of%20St%20Peter%20-%20WGA22457.jpg?width=420",
    "wikidata": "https://www.wikidata.org/wiki/Q131557880",
    "creation_place": "Venice",
    "creation_lat": 45.4408,
    "creation_lon": 12.3155,
    "_source": {
     "source": "Wikidata",
     "url": "https://www.wikidata.org/wiki/Q131557880",
     "retrieved_at": "2026-08-20"
    },
    "_overrides": {
     "creation": {
      "at": "2026-08-20",
      "source": "derived from start date + Caravaggio's documented itinerary (approximate)"
     }
    },
    "museum_id": "madonna-dell-orto",
    "qid": "Q131557880",
    "wga_url": "https://www.wga.hu/html/t/tintoret/2a/3vision.html"
   }
  },
  {
   "type": "Feature",
   "geometry": {
    "type": "Point",
    "coordinates": [
     11.25528,
     43.76833
    ]
   },
   "properties": {
    "painter": "Tintoretto",
    "title": "Portrait of an admiral",
    "year": "1570",
    "city": "Florence",
    "country": "Italy",
    "location": "Uffizi Gallery",
    "kind": "museum",
    "attribution": "attributed",
    "status": "present",
    "medium": "Oil on canvas",
    "genre": "portrait",
    "image": "https://commons.wikimedia.org/wiki/Special:FilePath/Tintoretto%2C%20ritratto%20di%20ammiraglio%20veneziano%2C%201570%20ca.%2001.jpg?width=420",
    "wikidata": "https://www.wikidata.org/wiki/Q131579657",
    "creation_place": "Venice",
    "creation_lat": 45.4408,
    "creation_lon": 12.3155,
    "_source": {
     "source": "Wikidata",
     "url": "https://www.wikidata.org/wiki/Q131579657",
     "retrieved_at": "2026-08-20"
    },
    "_overrides": {
     "creation": {
      "at": "2026-08-20",
      "source": "derived from start date + Caravaggio's documented itinerary (approximate)"
     }
    },
    "museum_id": "uffizi-gallery",
    "qid": "Q131579657"
   }
  },
  {
   "type": "Feature",
   "geometry": {
    "type": "Point",
    "coordinates": [
     11.25,
     43.7652
    ]
   },
   "properties": {
    "painter": "Tintoretto",
    "title": "Venus, Vulcan, and Cupid",
    "year": "1550",
    "city": "Florence",
    "country": "Italy",
    "location": "Galleria Palatina",
    "kind": "museum",
    "attribution": "attributed",
    "status": "present",
    "medium": "Oil on canvas",
    "dimensions": "85 × 197.4 cm",
    "genre": "mythological painting",
    "image": "https://commons.wikimedia.org/wiki/Special:FilePath/Tintoretto%20-%20Venere%20e%20Vulcano%20vezzeggiano%20Cupido%2C%201188187%2C%20Galleria%20Palatina.jpg?width=420",
    "wikidata": "https://www.wikidata.org/wiki/Q131604575",
    "creation_place": "Venice",
    "creation_lat": 45.4408,
    "creation_lon": 12.3155,
    "_source": {
     "source": "Wikidata",
     "url": "https://www.wikidata.org/wiki/Q131604575",
     "retrieved_at": "2026-08-20"
    },
    "_overrides": {
     "creation": {
      "at": "2026-08-20",
      "source": "derived from start date + Caravaggio's documented itinerary (approximate)"
     }
    },
    "museum_id": "galleria-palatina",
    "qid": "Q131604575"
   }
  },
  {
   "type": "Feature",
   "geometry": {
    "type": "Point",
    "coordinates": [
     -99.2046,
     19.4407
    ]
   },
   "properties": {
    "painter": "Tintoretto",
    "title": "Prayer in the Garden of Gethsemane",
    "year": "1671",
    "city": "Mexico City",
    "country": "Mexico",
    "location": "Museo Soumaya",
    "kind": "museum",
    "attribution": "attributed",
    "status": "present",
    "wikidata": "https://www.wikidata.org/wiki/Q131613873",
    "_source": {
     "source": "Wikidata",
     "url": "https://www.wikidata.org/wiki/Q131613873",
     "retrieved_at": "2026-08-20"
    },
    "museum_id": "museo-soumaya",
    "qid": "Q131613873"
   }
  },
  {
   "type": "Feature",
   "geometry": {
    "type": "Point",
    "coordinates": [
     11.25528,
     43.76833
    ]
   },
   "properties": {
    "painter": "Tintoretto",
    "title": "Portrait of a man",
    "year": "1546",
    "city": "Florence",
    "country": "Italy",
    "location": "Uffizi Gallery",
    "kind": "museum",
    "attribution": "attributed",
    "status": "present",
    "genre": "portrait",
    "image": "https://commons.wikimedia.org/wiki/Special:FilePath/Tintoretto%20-%20ritratto%20d%27uomo%2C%201187684.jpg?width=420",
    "wikidata": "https://www.wikidata.org/wiki/Q131613891",
    "creation_place": "Venice",
    "creation_lat": 45.4408,
    "creation_lon": 12.3155,
    "_source": {
     "source": "Wikidata",
     "url": "https://www.wikidata.org/wiki/Q131613891",
     "retrieved_at": "2026-08-20"
    },
    "_overrides": {
     "creation": {
      "at": "2026-08-20",
      "source": "derived from start date + Caravaggio's documented itinerary (approximate)"
     }
    },
    "museum_id": "uffizi-gallery",
    "qid": "Q131613891"
   }
  },
  {
   "type": "Feature",
   "geometry": {
    "type": "Point",
    "coordinates": [
     12.32531,
     45.43657
    ]
   },
   "properties": {
    "painter": "Tintoretto",
    "title": "The Massacre of the Innocents",
    "city": "Venice",
    "country": "Italy",
    "location": "Scuola Grande di San Rocco",
    "kind": "museum",
    "attribution": "attributed",
    "status": "present",
    "genre": "religious art",
    "wikidata": "https://www.wikidata.org/wiki/Q131627554",
    "_source": {
     "source": "Wikidata",
     "url": "https://www.wikidata.org/wiki/Q131627554",
     "retrieved_at": "2026-08-20"
    },
    "museum_id": "scuola-grande-di-san-rocco",
    "qid": "Q131627554"
   }
  },
  {
   "type": "Feature",
   "geometry": {
    "type": "Point",
    "coordinates": [
     12.332472,
     45.446336
    ]
   },
   "properties": {
    "painter": "Tintoretto",
    "title": "The beheading of St. Paul",
    "city": "Venice",
    "country": "Italy",
    "location": "Madonna dell'Orto",
    "kind": "church",
    "attribution": "attributed",
    "status": "present",
    "image": "https://commons.wikimedia.org/wiki/Special:FilePath/Madonna%20dell%27Orto%20%28Venice%29%20-%20Choir%20-%20The%20beheading%20of%20St.%20Paul.jpg?width=420",
    "wikidata": "https://www.wikidata.org/wiki/Q131674410",
    "_source": {
     "source": "Wikidata",
     "url": "https://www.wikidata.org/wiki/Q131674410",
     "retrieved_at": "2026-08-20"
    },
    "museum_id": "madonna-dell-orto",
    "qid": "Q131674410"
   }
  },
  {
   "type": "Feature",
   "geometry": {
    "type": "Point",
    "coordinates": [
     12.32531,
     45.43657
    ]
   },
   "properties": {
    "painter": "Tintoretto",
    "title": "The circumcision",
    "city": "Venice",
    "country": "Italy",
    "location": "Scuola Grande di San Rocco",
    "kind": "museum",
    "attribution": "attributed",
    "status": "present",
    "genre": "religious art",
    "image": "https://commons.wikimedia.org/wiki/Special:FilePath/Jacopo%20Tintoretto%20-%20The%20Circumcision%20-%20WGA22599.jpg?width=420",
    "wikidata": "https://www.wikidata.org/wiki/Q131674411",
    "_source": {
     "source": "Wikidata",
     "url": "https://www.wikidata.org/wiki/Q131674411",
     "retrieved_at": "2026-08-20"
    },
    "museum_id": "scuola-grande-di-san-rocco",
    "qid": "Q131674411"
   }
  },
  {
   "type": "Feature",
   "geometry": {
    "type": "Point",
    "coordinates": [
     12.32531,
     45.43657
    ]
   },
   "properties": {
    "painter": "Tintoretto",
    "title": "St Roch in Prison Visited by an Angel",
    "year": "1567",
    "city": "Venice",
    "country": "Italy",
    "location": "Scuola Grande di San Rocco",
    "kind": "museum",
    "attribution": "attributed",
    "status": "present",
    "medium": "Canvas",
    "dimensions": "300 × 670 cm",
    "image": "https://commons.wikimedia.org/wiki/Special:FilePath/Tintoretto%2C%20Jacopo%20-%20St%20Roch%20in%20Prison%20Visited%20by%20an%20Angel%20-%201567.jpg?width=420",
    "wikidata": "https://www.wikidata.org/wiki/Q131675994",
    "creation_place": "Venice",
    "creation_lat": 45.4408,
    "creation_lon": 12.3155,
    "_source": {
     "source": "Wikidata",
     "url": "https://www.wikidata.org/wiki/Q131675994",
     "retrieved_at": "2026-08-20"
    },
    "_overrides": {
     "creation": {
      "at": "2026-08-20",
      "source": "derived from start date + Caravaggio's documented itinerary (approximate)"
     }
    },
    "museum_id": "scuola-grande-di-san-rocco",
    "qid": "Q131675994"
   }
  },
  {
   "type": "Feature",
   "geometry": {
    "type": "Point",
    "coordinates": [
     10.689444,
     53.869167
    ]
   },
   "properties": {
    "painter": "Tintoretto",
    "title": "The Raising of Lazarus",
    "city": "Lübeck's Old City",
    "country": "Germany",
    "location": "St. Catherine's Church",
    "kind": "church",
    "attribution": "attributed",
    "status": "present",
    "genre": "religious art",
    "wikidata": "https://www.wikidata.org/wiki/Q131676057",
    "_source": {
     "source": "Wikidata",
     "url": "https://www.wikidata.org/wiki/Q131676057",
     "retrieved_at": "2026-08-20"
    },
    "museum_id": "st-catherine-s-church",
    "qid": "Q131676057"
   }
  },
  {
   "type": "Feature",
   "geometry": {
    "type": "Point",
    "coordinates": [
     12.326,
     45.4308
    ]
   },
   "properties": {
    "painter": "Tintoretto",
    "title": "The Temptation of St Anthony",
    "city": "Venice",
    "country": "Italy",
    "location": "San Trovaso",
    "kind": "church",
    "attribution": "attributed",
    "status": "present",
    "wikidata": "https://www.wikidata.org/wiki/Q131676064",
    "_source": {
     "source": "Wikidata",
     "url": "https://www.wikidata.org/wiki/Q131676064",
     "retrieved_at": "2026-08-20"
    },
    "museum_id": "san-trovaso",
    "qid": "Q131676064"
   }
  },
  {
   "type": "Feature",
   "geometry": {
    "type": "Point",
    "coordinates": [
     11.25528,
     43.76833
    ]
   },
   "properties": {
    "painter": "Tintoretto",
    "title": "Diana and Endymion or Venus and Adonis",
    "year": "1579",
    "city": "Florence",
    "country": "Italy",
    "location": "Uffizi Gallery",
    "kind": "museum",
    "attribution": "attributed",
    "status": "present",
    "image": "https://commons.wikimedia.org/wiki/Special:FilePath/Tintoretto%20-%20Venere%20e%20Adone%2C%201543-1544.jpg?width=420",
    "wikidata": "https://www.wikidata.org/wiki/Q131704285",
    "creation_place": "Venice",
    "creation_lat": 45.4408,
    "creation_lon": 12.3155,
    "_source": {
     "source": "Wikidata",
     "url": "https://www.wikidata.org/wiki/Q131704285",
     "retrieved_at": "2026-08-20"
    },
    "_overrides": {
     "creation": {
      "at": "2026-08-20",
      "source": "derived from start date + Caravaggio's documented itinerary (approximate)"
     }
    },
    "museum_id": "uffizi-gallery",
    "qid": "Q131704285"
   }
  },
  {
   "type": "Feature",
   "geometry": {
    "type": "Point",
    "coordinates": [
     12.34042,
     45.43367
    ]
   },
   "properties": {
    "painter": "Tintoretto",
    "title": "Bacchus, Venus and Ariadne",
    "city": "Venice",
    "country": "Italy",
    "location": "Doge's Palace",
    "kind": "museum",
    "attribution": "attributed",
    "status": "present",
    "wikidata": "https://www.wikidata.org/wiki/Q131813151",
    "_source": {
     "source": "Wikidata",
     "url": "https://www.wikidata.org/wiki/Q131813151",
     "retrieved_at": "2026-08-20"
    },
    "museum_id": "doge-s-palace",
    "qid": "Q131813151"
   }
  },
  {
   "type": "Feature",
   "geometry": {
    "type": "Point",
    "coordinates": [
     12.34042,
     45.43367
    ]
   },
   "properties": {
    "painter": "Tintoretto",
    "title": "Mercury and the Graces",
    "city": "Venice",
    "country": "Italy",
    "location": "Doge's Palace",
    "kind": "museum",
    "attribution": "attributed",
    "status": "present",
    "wikidata": "https://www.wikidata.org/wiki/Q131813153",
    "_source": {
     "source": "Wikidata",
     "url": "https://www.wikidata.org/wiki/Q131813153",
     "retrieved_at": "2026-08-20"
    },
    "museum_id": "doge-s-palace",
    "qid": "Q131813153"
   }
  },
  {
   "type": "Feature",
   "geometry": {
    "type": "Point",
    "coordinates": [
     12.34042,
     45.43367
    ]
   },
   "properties": {
    "painter": "Tintoretto",
    "title": "Mystic Marriage of St Catherine",
    "year": "1576",
    "city": "Venice",
    "country": "Italy",
    "location": "Doge's Palace",
    "kind": "museum",
    "attribution": "attributed",
    "status": "present",
    "medium": "Oil on canvas",
    "genre": "religious art",
    "image": "https://commons.wikimedia.org/wiki/Special:FilePath/Jacopo%20Tintoretto%20-%20Mystic%20Marriage%20of%20St%20Catherine%20%28detail%29%20-%20WGA22623.jpg?width=420",
    "wikidata": "https://www.wikidata.org/wiki/Q131851100",
    "creation_place": "Venice",
    "creation_lat": 45.4408,
    "creation_lon": 12.3155,
    "_source": {
     "source": "Wikidata",
     "url": "https://www.wikidata.org/wiki/Q131851100",
     "retrieved_at": "2026-08-20"
    },
    "_overrides": {
     "creation": {
      "at": "2026-08-20",
      "source": "derived from start date + Caravaggio's documented itinerary (approximate)"
     }
    },
    "museum_id": "doge-s-palace",
    "qid": "Q131851100",
    "wga_url": "https://www.wga.hu/html/t/tintoret/4a/2colleg1.html"
   }
  },
  {
   "type": "Feature",
   "geometry": {
    "type": "Point",
    "coordinates": [
     12.34042,
     45.43367
    ]
   },
   "properties": {
    "painter": "Tintoretto",
    "title": "Resurrection and Three Avogadori",
    "city": "Venice",
    "country": "Italy",
    "location": "Doge's Palace",
    "kind": "museum",
    "attribution": "attributed",
    "status": "present",
    "wikidata": "https://www.wikidata.org/wiki/Q131851135",
    "_source": {
     "source": "Wikidata",
     "url": "https://www.wikidata.org/wiki/Q131851135",
     "retrieved_at": "2026-08-20"
    },
    "museum_id": "doge-s-palace",
    "qid": "Q131851135"
   }
  },
  {
   "type": "Feature",
   "geometry": {
    "type": "Point",
    "coordinates": [
     6.95861,
     50.9375
    ]
   },
   "properties": {
    "painter": "Tintoretto",
    "title": "Portrait of Paolo Tiepolo",
    "year": "1578",
    "city": "Cologne",
    "country": "Germany",
    "location": "Wallraf-Richartz Museum",
    "kind": "museum",
    "attribution": "attributed",
    "status": "present",
    "medium": "Oil on canvas",
    "dimensions": "107 × 94 cm",
    "genre": "portrait",
    "image": "https://commons.wikimedia.org/wiki/Special:FilePath/Tintoretto%2C%20Jacopo%20Tiepolo%2C%20Paolo.jpg?width=420",
    "wikidata": "https://www.wikidata.org/wiki/Q131928013",
    "creation_place": "Venice",
    "creation_lat": 45.4408,
    "creation_lon": 12.3155,
    "_source": {
     "source": "Wikidata",
     "url": "https://www.wikidata.org/wiki/Q131928013",
     "retrieved_at": "2026-08-20"
    },
    "_overrides": {
     "creation": {
      "at": "2026-08-20",
      "source": "derived from start date + Caravaggio's documented itinerary (approximate)"
     }
    },
    "museum_id": "wallraf-richartz-museum",
    "qid": "Q131928013"
   }
  },
  {
   "type": "Feature",
   "geometry": {
    "type": "Point",
    "coordinates": [
     12.326,
     45.4308
    ]
   },
   "properties": {
    "painter": "Tintoretto",
    "title": "Last Supper",
    "year": "1566",
    "city": "Venice",
    "country": "Italy",
    "location": "San Trovaso",
    "kind": "church",
    "attribution": "attributed",
    "status": "present",
    "medium": "Oil on canvas",
    "dimensions": "221 × 413 cm",
    "genre": "religious art",
    "image": "https://commons.wikimedia.org/wiki/Special:FilePath/Jacopo%20Tintoretto%20-%20Last%20Supper%20-%20San%20Trovaso%20Venice.jpg?width=420",
    "wikidata": "https://www.wikidata.org/wiki/Q131937081",
    "creation_place": "Venice",
    "creation_lat": 45.4408,
    "creation_lon": 12.3155,
    "_source": {
     "source": "Wikidata",
     "url": "https://www.wikidata.org/wiki/Q131937081",
     "retrieved_at": "2026-08-20"
    },
    "_overrides": {
     "creation": {
      "at": "2026-08-20",
      "source": "derived from start date + Caravaggio's documented itinerary (approximate)"
     }
    },
    "museum_id": "san-trovaso",
    "qid": "Q131937081"
   }
  },
  {
   "type": "Feature",
   "geometry": {
    "type": "Point",
    "coordinates": [
     12.332472,
     45.446336
    ]
   },
   "properties": {
    "painter": "Tintoretto",
    "title": "Miracle of Saint Agnes",
    "city": "Venice",
    "country": "Italy",
    "location": "Madonna dell'Orto",
    "kind": "church",
    "attribution": "attributed",
    "status": "present",
    "wikidata": "https://www.wikidata.org/wiki/Q132148051",
    "_source": {
     "source": "Wikidata",
     "url": "https://www.wikidata.org/wiki/Q132148051",
     "retrieved_at": "2026-08-20"
    },
    "museum_id": "madonna-dell-orto",
    "qid": "Q132148051"
   }
  },
  {
   "type": "Feature",
   "geometry": {
    "type": "Point",
    "coordinates": [
     12.32531,
     45.43657
    ]
   },
   "properties": {
    "painter": "Tintoretto",
    "title": "Saint Roch heals the animals",
    "city": "Venice",
    "country": "Italy",
    "location": "Scuola Grande di San Rocco",
    "kind": "museum",
    "attribution": "attributed",
    "status": "present",
    "wikidata": "https://www.wikidata.org/wiki/Q133281056",
    "_source": {
     "source": "Wikidata",
     "url": "https://www.wikidata.org/wiki/Q133281056",
     "retrieved_at": "2026-08-20"
    },
    "museum_id": "scuola-grande-di-san-rocco",
    "qid": "Q133281056"
   }
  },
  {
   "type": "Feature",
   "geometry": {
    "type": "Point",
    "coordinates": [
     12.32814,
     45.43108
    ]
   },
   "properties": {
    "painter": "Tintoretto",
    "title": "Portrait of Doge Alvise Mocenigo",
    "year": "1570",
    "city": "Venice",
    "country": "Italy",
    "location": "Gallerie dell'Accademia",
    "kind": "museum",
    "attribution": "attributed",
    "status": "present",
    "medium": "Oil on canvas",
    "dimensions": "116 × 97 cm",
    "genre": "portrait",
    "image": "https://commons.wikimedia.org/wiki/Special:FilePath/Tintoretto%20-%20Ritratto%20del%20doge%20Alvise%20Mocenigo%2C%201570-1577%2C%20233.jpg?width=420",
    "wikidata": "https://www.wikidata.org/wiki/Q133832267",
    "creation_place": "Venice",
    "creation_lat": 45.4408,
    "creation_lon": 12.3155,
    "_source": {
     "source": "Wikidata",
     "url": "https://www.wikidata.org/wiki/Q133832267",
     "retrieved_at": "2026-08-20"
    },
    "_overrides": {
     "creation": {
      "at": "2026-08-20",
      "source": "derived from start date + Caravaggio's documented itinerary (approximate)"
     }
    },
    "museum_id": "gallerie-dell-accademia",
    "qid": "Q133832267",
    "wga_url": "https://www.wga.hu/html/t/tintoret/8/21portra.html"
   }
  },
  {
   "type": "Feature",
   "geometry": {
    "type": "Point",
    "coordinates": [
     12.32531,
     45.43657
    ]
   },
   "properties": {
    "painter": "Tintoretto",
    "title": "Jonah Leaves the Whale's Belly",
    "year": "1577",
    "city": "Venice",
    "country": "Italy",
    "location": "Scuola Grande di San Rocco",
    "kind": "museum",
    "attribution": "attributed",
    "status": "present",
    "medium": "Oil on canvas",
    "dimensions": "265 × 370 cm",
    "genre": "religious art",
    "image": "https://commons.wikimedia.org/wiki/Special:FilePath/Tintoretto%2C%20Jacopo%20-%20Jonah%20Leaves%20the%20Whale%27s%20Belly%20-%201577-78.jpg?width=420",
    "wikidata": "https://www.wikidata.org/wiki/Q135398968",
    "creation_place": "Venice",
    "creation_lat": 45.4408,
    "creation_lon": 12.3155,
    "_source": {
     "source": "Wikidata",
     "url": "https://www.wikidata.org/wiki/Q135398968",
     "retrieved_at": "2026-08-20"
    },
    "_overrides": {
     "creation": {
      "at": "2026-08-20",
      "source": "derived from start date + Caravaggio's documented itinerary (approximate)"
     }
    },
    "museum_id": "scuola-grande-di-san-rocco",
    "qid": "Q135398968"
   }
  },
  {
   "type": "Feature",
   "geometry": {
    "type": "Point",
    "coordinates": [
     10.98778,
     45.44
    ]
   },
   "properties": {
    "painter": "Tintoretto",
    "title": "La contesa tra le Muse e le Pieridi",
    "city": "Verona",
    "country": "Italy",
    "location": "Castelvecchio Museum",
    "kind": "museum",
    "attribution": "generally accepted",
    "status": "present",
    "medium": "Oil paint, panel painting",
    "dimensions": "46 × 91 cm",
    "image": "https://commons.wikimedia.org/wiki/Special:FilePath/Jacopo%20tintoretto%2C%20contesa%20tra%20le%20muse%20e%20le%20pieridi.jpg?width=420",
    "wikipedia_it": "https://it.wikipedia.org/wiki/La_contesa_tra_le_Muse_e_le_Pieridi",
    "wikidata": "https://www.wikidata.org/wiki/Q136488574",
    "_source": {
     "source": "Wikidata",
     "url": "https://www.wikidata.org/wiki/Q136488574",
     "retrieved_at": "2026-08-20"
    },
    "museum_id": "castelvecchio-museum",
    "qid": "Q136488574"
   }
  },
  {
   "type": "Feature",
   "geometry": {
    "type": "Point",
    "coordinates": [
     10.98778,
     45.44
    ]
   },
   "properties": {
    "painter": "Tintoretto",
    "title": "Adorazione dei pastori",
    "city": "Verona",
    "country": "Italy",
    "location": "Castelvecchio Museum",
    "kind": "museum",
    "attribution": "generally accepted",
    "status": "present",
    "medium": "Oil on canvas",
    "dimensions": "172 × 256 cm",
    "genre": "religious art",
    "image": "https://commons.wikimedia.org/wiki/Special:FilePath/Jacopo%20tintoretto%2C%20adorazione%20dei%20pastori.jpg?width=420",
    "wikipedia_it": "https://it.wikipedia.org/wiki/Adorazione_dei_pastori_(Tintoretto)",
    "wikidata": "https://www.wikidata.org/wiki/Q136488675",
    "_source": {
     "source": "Wikidata",
     "url": "https://www.wikidata.org/wiki/Q136488675",
     "retrieved_at": "2026-08-20"
    },
    "museum_id": "castelvecchio-museum",
    "qid": "Q136488675"
   }
  },
  {
   "type": "Feature",
   "geometry": {
    "type": "Point",
    "coordinates": [
     -0.14235,
     51.50845
    ]
   },
   "properties": {
    "painter": "Tintoretto",
    "title": "Portrait of Doge Girolamo Priuli",
    "year": "1600",
    "city": "London",
    "country": "United Kingdom",
    "location": "Robilant+Voena",
    "kind": "museum",
    "attribution": "attributed",
    "status": "present",
    "medium": "Oil on canvas",
    "dimensions": "63.4 × 50 cm",
    "genre": "portrait",
    "image": "https://commons.wikimedia.org/wiki/Special:FilePath/Tintoretto%20-%20Portr%C3%A4t%20des%20Dogen%20Gerolamo%20Priuli%2C%20Ort%20unbekannt%2C%20private%20Sammlung.jpg?width=420",
    "wikidata": "https://www.wikidata.org/wiki/Q136661430",
    "_source": {
     "source": "Wikidata",
     "url": "https://www.wikidata.org/wiki/Q136661430",
     "retrieved_at": "2026-08-20"
    },
    "museum_id": "robilant-voena",
    "qid": "Q136661430"
   }
  },
  {
   "type": "Feature",
   "geometry": {
    "type": "Point",
    "coordinates": [
     8.93024,
     44.41083
    ]
   },
   "properties": {
    "painter": "Tintoretto",
    "title": "Scipio Clusone With a Dwarf Valet",
    "year": "1561",
    "city": "Genoa",
    "country": "Italy",
    "location": "National Galleries of Palazzo Spinola",
    "kind": "museum",
    "attribution": "attributed",
    "status": "present",
    "medium": "Oil on canvas",
    "genre": "portrait",
    "image": "https://commons.wikimedia.org/wiki/Special:FilePath/Tintoretto%20Scipio-Clusone-with-a-Dwarf-Valet.jpg?width=420",
    "wikidata": "https://www.wikidata.org/wiki/Q138978014",
    "creation_place": "Venice",
    "creation_lat": 45.4408,
    "creation_lon": 12.3155,
    "_source": {
     "source": "Wikidata",
     "url": "https://www.wikidata.org/wiki/Q138978014",
     "retrieved_at": "2026-08-20"
    },
    "_overrides": {
     "creation": {
      "at": "2026-08-20",
      "source": "derived from start date + Caravaggio's documented itinerary (approximate)"
     }
    },
    "museum_id": "national-galleries-of-palazzo-spinola",
    "qid": "Q138978014"
   }
  },
  {
   "type": "Feature",
   "geometry": {
    "type": "Point",
    "coordinates": [
     11.57,
     48.14833
    ]
   },
   "properties": {
    "painter": "Tintoretto",
    "title": "The battle of Taro",
    "year": "1579",
    "city": "Munich",
    "country": "Germany",
    "location": "Alte Pinakothek",
    "kind": "museum",
    "attribution": "generally accepted",
    "status": "present",
    "medium": "Oil on canvas",
    "dimensions": "269.5 × 422 cm",
    "genre": "battle painting",
    "image": "https://commons.wikimedia.org/wiki/Special:FilePath/Jacopo%20Tintoretto%20014.jpg?width=420",
    "wikipedia_it": "https://it.wikipedia.org/wiki/Battaglia_del_Taro",
    "wikidata": "https://www.wikidata.org/wiki/Q15974333",
    "creation_place": "Venice",
    "creation_lat": 45.4408,
    "creation_lon": 12.3155,
    "_source": {
     "source": "Wikidata",
     "url": "https://www.wikidata.org/wiki/Q15974333",
     "retrieved_at": "2026-08-20"
    },
    "_overrides": {
     "creation": {
      "at": "2026-08-20",
      "source": "derived from start date + Caravaggio's documented itinerary (approximate)"
     }
    },
    "museum_id": "alte-pinakothek",
    "qid": "Q15974333"
   }
  },
  {
   "type": "Feature",
   "geometry": {
    "type": "Point",
    "coordinates": [
     12.32531,
     45.43657
    ]
   },
   "properties": {
    "painter": "Tintoretto",
    "title": "Christ before Pilate",
    "year": "1565-1566",
    "city": "Venice",
    "country": "Italy",
    "location": "Scuola Grande di San Rocco",
    "kind": "museum",
    "attribution": "generally accepted",
    "status": "present",
    "medium": "Oil on canvas",
    "dimensions": "515 × 380 cm",
    "genre": "religious art",
    "image": "https://commons.wikimedia.org/wiki/Special:FilePath/Jacopo%20Tintoretto%20-%20Christ%20before%20Pilate%20-%20WGA22514.jpg?width=420",
    "wikipedia_es": "https://es.wikipedia.org/wiki/Cristo_ante_Pilatos_(Tintoretto)",
    "wikipedia_it": "https://it.wikipedia.org/wiki/Cristo_davanti_a_Pilato_(Tintoretto)",
    "wikidata": "https://www.wikidata.org/wiki/Q16553687",
    "creation_place": "Venice",
    "creation_lat": 45.4408,
    "creation_lon": 12.3155,
    "_source": {
     "source": "Wikidata",
     "url": "https://www.wikidata.org/wiki/Q16553687",
     "retrieved_at": "2026-08-20"
    },
    "_overrides": {
     "creation": {
      "at": "2026-08-20",
      "source": "derived from start date + Caravaggio's documented itinerary (approximate)"
     }
    },
    "museum_id": "scuola-grande-di-san-rocco",
    "qid": "Q16553687",
    "wga_url": "https://www.wga.hu/html/t/tintoret/3b/1albergo/2/3pilate.html"
   }
  },
  {
   "type": "Feature",
   "geometry": {
    "type": "Point",
    "coordinates": [
     4.8853,
     52.36
    ]
   },
   "properties": {
    "painter": "Tintoretto",
    "title": "Portrait of Ottavio Strada",
    "year": "1567",
    "city": "Amsterdam",
    "country": "Netherlands",
    "location": "Rijksmuseum",
    "kind": "museum",
    "attribution": "attributed",
    "status": "present",
    "medium": "Oil on canvas",
    "dimensions": "128 × 101 cm",
    "genre": "portrait",
    "image": "https://commons.wikimedia.org/wiki/Special:FilePath/Portret%20van%20Ottavio%20Strada%2C%20SK-A-3902.jpg?width=420",
    "wikidata": "https://www.wikidata.org/wiki/Q17335357",
    "creation_place": "Venice",
    "creation_lat": 45.4408,
    "creation_lon": 12.3155,
    "_source": {
     "source": "Wikidata",
     "url": "https://www.wikidata.org/wiki/Q17335357",
     "retrieved_at": "2026-08-20"
    },
    "_overrides": {
     "creation": {
      "at": "2026-08-20",
      "source": "derived from start date + Caravaggio's documented itinerary (approximate)"
     }
    },
    "museum_id": "rijksmuseum",
    "qid": "Q17335357",
    "wga_url": "https://www.wga.hu/html/r/robusti/marietta/ot_strada.html"
   }
  },
  {
   "type": "Feature",
   "geometry": {
    "type": "Point",
    "coordinates": [
     -99.2046,
     19.4407
    ]
   },
   "properties": {
    "painter": "Tintoretto",
    "title": "Lamentation of Christ",
    "year": "1555",
    "city": "Mexico City",
    "country": "Mexico",
    "location": "Museo Soumaya",
    "kind": "museum",
    "attribution": "generally accepted",
    "status": "present",
    "medium": "Oil on canvas",
    "dimensions": "52 × 75 cm",
    "genre": "religious art",
    "image": "https://commons.wikimedia.org/wiki/Special:FilePath/31040%20Llanto%20por%20Cristo%20muerto.jpg?width=420",
    "wikipedia_es": "https://es.wikipedia.org/wiki/Llanto_por_Cristo_muerto_(Tintoretto)",
    "wikipedia_it": "https://it.wikipedia.org/wiki/Compianto_sul_Cristo_morto_(Tintoretto_Citt%C3%A0_del_Messico)",
    "wikidata": "https://www.wikidata.org/wiki/Q18203184",
    "creation_place": "Venice",
    "creation_lat": 45.4408,
    "creation_lon": 12.3155,
    "_source": {
     "source": "Wikidata",
     "url": "https://www.wikidata.org/wiki/Q18203184",
     "retrieved_at": "2026-08-20"
    },
    "_overrides": {
     "creation": {
      "at": "2026-08-20",
      "source": "derived from start date + Caravaggio's documented itinerary (approximate)"
     }
    },
    "museum_id": "museo-soumaya",
    "qid": "Q18203184"
   }
  },
  {
   "type": "Feature",
   "geometry": {
    "type": "Point",
    "coordinates": [
     2.3358,
     48.8611
    ]
   },
   "properties": {
    "painter": "Tintoretto",
    "title": "The Coronation of the Virgin",
    "year": "1579",
    "city": "Paris",
    "country": "France",
    "location": "Louvre",
    "kind": "museum",
    "attribution": "attributed",
    "status": "present",
    "medium": "Oil on canvas",
    "dimensions": "143 × 362 cm",
    "genre": "religious art",
    "image": "https://commons.wikimedia.org/wiki/Special:FilePath/Jacopo%20Tintoretto%20026.jpg?width=420",
    "wikidata": "https://www.wikidata.org/wiki/Q18573257",
    "creation_place": "Venice",
    "creation_lat": 45.4408,
    "creation_lon": 12.3155,
    "_source": {
     "source": "Wikidata",
     "url": "https://www.wikidata.org/wiki/Q18573257",
     "retrieved_at": "2026-08-20"
    },
    "_overrides": {
     "creation": {
      "at": "2026-08-20",
      "source": "derived from start date + Caravaggio's documented itinerary (approximate)"
     }
    },
    "museum_id": "louvre",
    "qid": "Q18573257",
    "wga_url": "https://www.wga.hu/html/t/tintoret/4a/6parad.html"
   }
  },
  {
   "type": "Feature",
   "geometry": {
    "type": "Point",
    "coordinates": [
     2.3358,
     48.8611
    ]
   },
   "properties": {
    "painter": "Tintoretto",
    "title": "Self-Portrait",
    "year": "1587",
    "city": "Paris",
    "country": "France",
    "location": "Louvre",
    "kind": "museum",
    "attribution": "generally accepted",
    "status": "present",
    "medium": "Oil on canvas",
    "dimensions": "62.5 × 52 cm",
    "genre": "self-portrait",
    "image": "https://commons.wikimedia.org/wiki/Special:FilePath/Tintoretto-selfport.jpg?width=420",
    "wikipedia_es": "https://es.wikipedia.org/wiki/Autorretrato_(Tintoretto,_Par%C3%ADs)",
    "wikipedia_en": "https://en.wikipedia.org/wiki/Self_Portrait_(Tintoretto)",
    "wikipedia_it": "https://it.wikipedia.org/wiki/Autoritratto_(Tintoretto_Parigi)",
    "wikidata": "https://www.wikidata.org/wiki/Q18573258",
    "creation_place": "Venice",
    "creation_lat": 45.4408,
    "creation_lon": 12.3155,
    "_source": {
     "source": "Wikidata",
     "url": "https://www.wikidata.org/wiki/Q18573258",
     "retrieved_at": "2026-08-20"
    },
    "_overrides": {
     "creation": {
      "at": "2026-08-20",
      "source": "derived from start date + Caravaggio's documented itinerary (approximate)"
     }
    },
    "museum_id": "louvre",
    "qid": "Q18573258",
    "wga_url": "https://www.wga.hu/html/t/tintoret/8/27selfpo.html"
   }
  },
  {
   "type": "Feature",
   "geometry": {
    "type": "Point",
    "coordinates": [
     2.3358,
     48.8611
    ]
   },
   "properties": {
    "painter": "Tintoretto",
    "title": "Portrait of Old Man Holding a Handkerchief",
    "year": "1550",
    "city": "Paris",
    "country": "France",
    "location": "Louvre",
    "kind": "museum",
    "attribution": "attributed",
    "status": "present",
    "medium": "Oil on canvas",
    "dimensions": "114 × 89 cm",
    "genre": "portrait",
    "image": "https://commons.wikimedia.org/wiki/Special:FilePath/Tintoretto%20-%20Homme%20%C3%A2g%C3%A9%20tenant%20un%20mouchoir%20de%20la%20main%20gauche%2C%20INV%20573%20%3B%20MR%20496.jpg?width=420",
    "wikidata": "https://www.wikidata.org/wiki/Q18573261",
    "creation_place": "Venice",
    "creation_lat": 45.4408,
    "creation_lon": 12.3155,
    "_source": {
     "source": "Wikidata",
     "url": "https://www.wikidata.org/wiki/Q18573261",
     "retrieved_at": "2026-08-20"
    },
    "_overrides": {
     "creation": {
      "at": "2026-08-20",
      "source": "derived from start date + Caravaggio's documented itinerary (approximate)"
     }
    },
    "museum_id": "louvre",
    "qid": "Q18573261"
   }
  },
  {
   "type": "Feature",
   "geometry": {
    "type": "Point",
    "coordinates": [
     -0.1283,
     51.5089
    ]
   },
   "properties": {
    "painter": "Tintoretto",
    "title": "Vincenzo Morosini",
    "year": "1577",
    "city": "London",
    "country": "United Kingdom",
    "location": "National Gallery",
    "kind": "museum",
    "attribution": "attributed",
    "status": "present",
    "medium": "Oil on canvas",
    "dimensions": "85.3 × 52.2 cm",
    "genre": "portrait",
    "image": "https://commons.wikimedia.org/wiki/Special:FilePath/Jacopo%20Tintoretto%20-%20Portrait%20of%20Vincenzo%20Morosini%20-%20Google%20Art%20Project.jpg?width=420",
    "wikidata": "https://www.wikidata.org/wiki/Q18687914",
    "creation_place": "Venice",
    "creation_lat": 45.4408,
    "creation_lon": 12.3155,
    "_source": {
     "source": "Wikidata",
     "url": "https://www.wikidata.org/wiki/Q18687914",
     "retrieved_at": "2026-08-20"
    },
    "_overrides": {
     "creation": {
      "at": "2026-08-20",
      "source": "derived from start date + Caravaggio's documented itinerary (approximate)"
     }
    },
    "museum_id": "national-gallery",
    "qid": "Q18687914",
    "wga_url": "https://www.wga.hu/html/t/tintoret/8/23morosi.html"
   }
  },
  {
   "type": "Feature",
   "geometry": {
    "type": "Point",
    "coordinates": [
     13.36472,
     52.50861
    ]
   },
   "properties": {
    "painter": "Tintoretto",
    "title": "Mary with the Child, Venerated by St. Marc and St. Luke",
    "year": "1565",
    "city": "Bezirk Mitte",
    "country": "Germany",
    "location": "Gemäldegalerie Berlin",
    "kind": "museum",
    "attribution": "generally accepted",
    "status": "present",
    "medium": "Oil on canvas",
    "dimensions": "228 × 160 cm",
    "genre": "religious art",
    "image": "https://commons.wikimedia.org/wiki/Special:FilePath/Tintoretto%20-%20Mary%20with%20the%20Child%2C%20Venerated%20by%20St.%20Marc%20and%20St.%20Luke%20-%20Google%20Art%20Project.jpg?width=420",
    "wikipedia_it": "https://it.wikipedia.org/wiki/Madonna_col_Bambino_tra_i_santi_Marco_e_Luca",
    "wikidata": "https://www.wikidata.org/wiki/Q18687918",
    "creation_place": "Venice",
    "creation_lat": 45.4408,
    "creation_lon": 12.3155,
    "_source": {
     "source": "Wikidata",
     "url": "https://www.wikidata.org/wiki/Q18687918",
     "retrieved_at": "2026-08-20"
    },
    "_overrides": {
     "creation": {
      "at": "2026-08-20",
      "source": "derived from start date + Caravaggio's documented itinerary (approximate)"
     }
    },
    "museum_id": "gemaldegalerie-berlin",
    "qid": "Q18687918"
   }
  },
  {
   "type": "Feature",
   "geometry": {
    "type": "Point",
    "coordinates": [
     6.02306,
     47.24028
    ]
   },
   "properties": {
    "painter": "Tintoretto",
    "title": "Portrait of a Young Gentleman",
    "year": "1550",
    "city": "Besançon",
    "country": "France",
    "location": "Musée des Beaux-Arts et d'Archéologie de Besançon",
    "kind": "museum",
    "attribution": "attributed",
    "status": "present",
    "medium": "Oil on canvas",
    "dimensions": "110 × 90 cm",
    "genre": "portrait",
    "image": "https://commons.wikimedia.org/wiki/Special:FilePath/Portrait%20d%27un%20Jeune%20Gentilhomme%20%28Le%20Tintoret%29.JPG?width=420",
    "wikidata": "https://www.wikidata.org/wiki/Q18917830",
    "creation_place": "Venice",
    "creation_lat": 45.4408,
    "creation_lon": 12.3155,
    "_source": {
     "source": "Wikidata",
     "url": "https://www.wikidata.org/wiki/Q18917830",
     "retrieved_at": "2026-08-20"
    },
    "_overrides": {
     "creation": {
      "at": "2026-08-20",
      "source": "derived from start date + Caravaggio's documented itinerary (approximate)"
     }
    },
    "museum_id": "musee-des-beaux-arts-et-d-archeologie-de-besancon",
    "qid": "Q18917830"
   }
  },
  {
   "type": "Feature",
   "geometry": {
    "type": "Point",
    "coordinates": [
     12.32814,
     45.43108
    ]
   },
   "properties": {
    "painter": "Tintoretto",
    "title": "Madonna dei Camerlenghi",
    "year": "1567",
    "city": "Venice",
    "country": "Italy",
    "location": "Gallerie dell'Accademia",
    "kind": "museum",
    "attribution": "generally accepted",
    "status": "present",
    "medium": "Oil on canvas",
    "dimensions": "221 × 521 cm",
    "genre": "religious art",
    "image": "https://commons.wikimedia.org/wiki/Special:FilePath/Accademia%20-%20Madonna%20dei%20camerlenghi%20by%20Tintoretto.jpg?width=420",
    "wikipedia_it": "https://it.wikipedia.org/wiki/Madonna_dei_Tesorieri",
    "wikidata": "https://www.wikidata.org/wiki/Q20068251",
    "creation_place": "Venice",
    "creation_lat": 45.4408,
    "creation_lon": 12.3155,
    "_source": {
     "source": "Wikidata",
     "url": "https://www.wikidata.org/wiki/Q20068251",
     "retrieved_at": "2026-08-20"
    },
    "_overrides": {
     "creation": {
      "at": "2026-08-20",
      "source": "derived from start date + Caravaggio's documented itinerary (approximate)"
     }
    },
    "museum_id": "gallerie-dell-accademia",
    "qid": "Q20068251",
    "wga_url": "https://www.wga.hu/html/t/tintoret/3_1560s/7tesorie.html"
   }
  },
  {
   "type": "Feature",
   "geometry": {
    "type": "Point",
    "coordinates": [
     16.3616,
     48.20388
    ]
   },
   "properties": {
    "painter": "Tintoretto",
    "title": "Lorenzo Soranzo",
    "year": "1553",
    "city": "Vienna",
    "country": "Austria",
    "location": "Kunsthistorisches Museum",
    "kind": "museum",
    "attribution": "attributed",
    "status": "present",
    "dimensions": "1140 × 955 cm",
    "genre": "portrait",
    "image": "https://commons.wikimedia.org/wiki/Special:FilePath/Tintoretto%20-%20Lorenzo%20Soranzo%2C%201553%20datiert.jpg?width=420",
    "wikidata": "https://www.wikidata.org/wiki/Q20091568",
    "creation_place": "Venice",
    "creation_lat": 45.4408,
    "creation_lon": 12.3155,
    "_source": {
     "source": "Wikidata",
     "url": "https://www.wikidata.org/wiki/Q20091568",
     "retrieved_at": "2026-08-20"
    },
    "_overrides": {
     "creation": {
      "at": "2026-08-20",
      "source": "derived from start date + Caravaggio's documented itinerary (approximate)"
     }
    },
    "museum_id": "kunsthistorisches-museum",
    "qid": "Q20091568"
   }
  },
  {
   "type": "Feature",
   "geometry": {
    "type": "Point",
    "coordinates": [
     -77.02,
     38.8914
    ]
   },
   "properties": {
    "painter": "Tintoretto",
    "title": "A Procurator of Saint Mark's",
    "year": "1570-1600",
    "city": "Washington",
    "country": "United States",
    "location": "National Gallery of Art",
    "kind": "museum",
    "attribution": "attributed",
    "status": "present",
    "medium": "Oil on canvas",
    "dimensions": "138.7 × 101.3 cm",
    "genre": "portrait",
    "image": "https://commons.wikimedia.org/wiki/Special:FilePath/Jacopo%20Tintoretto%20-%20Portrait%20of%20a%20Procurator%20of%20St%20Mark%27s%20-%20WGA22699.jpg?width=420",
    "wikidata": "https://www.wikidata.org/wiki/Q20176777",
    "creation_place": "Venice",
    "creation_lat": 45.4408,
    "creation_lon": 12.3155,
    "_source": {
     "source": "Wikidata",
     "url": "https://www.wikidata.org/wiki/Q20176777",
     "retrieved_at": "2026-08-20"
    },
    "_overrides": {
     "creation": {
      "at": "2026-08-20",
      "source": "derived from start date + Caravaggio's documented itinerary (approximate)"
     }
    },
    "museum_id": "national-gallery-of-art",
    "qid": "Q20176777",
    "wga_url": "https://www.wga.hu/html/t/tintoret/8/26procur.html"
   }
  },
  {
   "type": "Feature",
   "geometry": {
    "type": "Point",
    "coordinates": [
     -77.02,
     38.8914
    ]
   },
   "properties": {
    "painter": "Tintoretto",
    "title": "Susanna",
    "year": "1575",
    "city": "Washington",
    "country": "United States",
    "location": "National Gallery of Art",
    "kind": "museum",
    "attribution": "attributed",
    "status": "present",
    "medium": "Oil on canvas",
    "dimensions": "150.2 × 102.6 cm",
    "genre": "religious art",
    "image": "https://commons.wikimedia.org/wiki/Special:FilePath/Susanna%20sc187.jpg?width=420",
    "wikidata": "https://www.wikidata.org/wiki/Q20176783",
    "creation_place": "Venice",
    "creation_lat": 45.4408,
    "creation_lon": 12.3155,
    "_source": {
     "source": "Wikidata",
     "url": "https://www.wikidata.org/wiki/Q20176783",
     "retrieved_at": "2026-08-20"
    },
    "_overrides": {
     "creation": {
      "at": "2026-08-20",
      "source": "derived from start date + Caravaggio's documented itinerary (approximate)"
     }
    },
    "museum_id": "national-gallery-of-art",
    "qid": "Q20176783"
   }
  },
  {
   "type": "Feature",
   "geometry": {
    "type": "Point",
    "coordinates": [
     12.32531,
     45.43657
    ]
   },
   "properties": {
    "painter": "Tintoretto",
    "title": "St. Roch in Glory",
    "year": "1564",
    "city": "Venice",
    "country": "Italy",
    "location": "Scuola Grande di San Rocco",
    "kind": "museum",
    "attribution": "generally accepted",
    "status": "present",
    "medium": "Oil on canvas",
    "genre": "religious art",
    "image": "https://commons.wikimedia.org/wiki/Special:FilePath/Jacopo%20Tintoretto%20-%20Glorification%20of%20St%20Roch.jpg?width=420",
    "wikipedia_it": "https://it.wikipedia.org/wiki/San_Rocco_in_Gloria",
    "wikidata": "https://www.wikidata.org/wiki/Q204243",
    "creation_place": "Venice",
    "creation_lat": 45.4408,
    "creation_lon": 12.3155,
    "_source": {
     "source": "Wikidata",
     "url": "https://www.wikidata.org/wiki/Q204243",
     "retrieved_at": "2026-08-20"
    },
    "_overrides": {
     "creation": {
      "at": "2026-08-20",
      "source": "derived from start date + Caravaggio's documented itinerary (approximate)"
     }
    },
    "museum_id": "scuola-grande-di-san-rocco",
    "qid": "Q204243"
   }
  },
  {
   "type": "Feature",
   "geometry": {
    "type": "Point",
    "coordinates": [
     3.72424,
     51.03798
    ]
   },
   "properties": {
    "painter": "Tintoretto",
    "title": "Portrait of the Humanist Giovanni Paolo Cornaro",
    "year": "1561",
    "city": "Ghent",
    "country": "Belgium",
    "location": "Museum of Fine Arts Ghent (MSK)",
    "kind": "museum",
    "attribution": "attributed",
    "status": "present",
    "medium": "Oil on canvas",
    "dimensions": "102 × 81 cm",
    "genre": "portrait",
    "image": "https://commons.wikimedia.org/wiki/Special:FilePath/Tintoretto%20-%20Portrait%20of%20Giovanni%20Paolo%20Cornaro%20-%201914-CL%20-%20Museum%20of%20Fine%20Arts%20Ghent%20%28MSK%29.jpg?width=420",
    "wikidata": "https://www.wikidata.org/wiki/Q21675723",
    "creation_place": "Venice",
    "creation_lat": 45.4408,
    "creation_lon": 12.3155,
    "_source": {
     "source": "Wikidata",
     "url": "https://www.wikidata.org/wiki/Q21675723",
     "retrieved_at": "2026-08-20"
    },
    "_overrides": {
     "creation": {
      "at": "2026-08-20",
      "source": "derived from start date + Caravaggio's documented itinerary (approximate)"
     }
    },
    "museum_id": "museum-of-fine-arts-ghent-msk",
    "qid": "Q21675723",
    "wga_url": "https://www.wga.hu/html/t/tintoret/8/14cornar.html"
   }
  },
  {
   "type": "Feature",
   "geometry": {
    "type": "Point",
    "coordinates": [
     11.57,
     48.14833
    ]
   },
   "properties": {
    "painter": "Tintoretto",
    "title": "Venus and Mars Surprised by Vulcan",
    "year": "1555",
    "city": "Munich",
    "country": "Germany",
    "location": "Alte Pinakothek",
    "kind": "museum",
    "attribution": "generally accepted",
    "status": "present",
    "medium": "Oil on canvas",
    "dimensions": "135 × 198 cm",
    "genre": "mythological painting, nude",
    "image": "https://commons.wikimedia.org/wiki/Special:FilePath/JACOPO-TINTORETTO-JACOPO-ROBUSTI%20VULKAN-UEBERRASCHT-VENUS-UND-MARS%20CC-BY-SA%20BSTGS%209257.jpg?width=420",
    "wikipedia_es": "https://es.wikipedia.org/wiki/Venus,_Vulcano_y_Marte",
    "wikipedia_en": "https://en.wikipedia.org/wiki/Mars_and_Venus_Surprised_by_Vulcan",
    "wikipedia_it": "https://it.wikipedia.org/wiki/Venere,_Vulcano_e_Marte",
    "wikidata": "https://www.wikidata.org/wiki/Q2393412",
    "creation_place": "Venice",
    "creation_lat": 45.4408,
    "creation_lon": 12.3155,
    "_source": {
     "source": "Wikidata",
     "url": "https://www.wikidata.org/wiki/Q2393412",
     "retrieved_at": "2026-08-20"
    },
    "_overrides": {
     "creation": {
      "at": "2026-08-20",
      "source": "derived from start date + Caravaggio's documented itinerary (approximate)"
     }
    },
    "museum_id": "alte-pinakothek",
    "qid": "Q2393412",
    "wga_url": "https://www.wga.hu/html/t/tintoret/7/2vulcan.html"
   }
  },
  {
   "type": "Feature",
   "geometry": {
    "type": "Point",
    "coordinates": [
     139.69222,
     35.68972
    ]
   },
   "properties": {
    "painter": "Tintoretto",
    "title": "Portrait of a Young Man as David",
    "year": "1557",
    "city": "Tokyo",
    "country": "Japan",
    "location": "National Museum of Western Art",
    "kind": "museum",
    "attribution": "attributed",
    "status": "present",
    "medium": "Oil on canvas",
    "dimensions": "124.5 × 96.5 cm",
    "genre": "portrait",
    "image": "https://commons.wikimedia.org/wiki/Special:FilePath/Tintoretto%20%28Jacopo%20Robusti%29%20-%20Portrait%20of%20a%20Young%20Man%20as%20David%20-%20Google%20Art%20Project.jpg?width=420",
    "wikidata": "https://www.wikidata.org/wiki/Q23949102",
    "creation_place": "Venice",
    "creation_lat": 45.4408,
    "creation_lon": 12.3155,
    "_source": {
     "source": "Wikidata",
     "url": "https://www.wikidata.org/wiki/Q23949102",
     "retrieved_at": "2026-08-20"
    },
    "_overrides": {
     "creation": {
      "at": "2026-08-20",
      "source": "derived from start date + Caravaggio's documented itinerary (approximate)"
     }
    },
    "museum_id": "national-museum-of-western-art",
    "qid": "Q23949102"
   }
  },
  {
   "type": "Feature",
   "geometry": {
    "type": "Point",
    "coordinates": [
     12.3433,
     45.4293
    ]
   },
   "properties": {
    "painter": "Tintoretto",
    "title": "Last Supper",
    "year": "1563",
    "city": "Venice",
    "country": "Italy",
    "location": "Church of San Giorgio Maggiore",
    "kind": "church",
    "attribution": "generally accepted",
    "status": "present",
    "medium": "Oil on canvas",
    "dimensions": "365 × 568 cm",
    "genre": "Proto-Baroque, religious art",
    "image": "https://commons.wikimedia.org/wiki/Special:FilePath/Jacopo%20Tintoretto%20-%20The%20Last%20Supper%20-%20WGA22649.jpg?width=420",
    "wikipedia_es": "https://es.wikipedia.org/wiki/La_%C3%9Altima_Cena_(Tintoretto,_San_Giorgio_Maggiore)",
    "wikipedia_en": "https://en.wikipedia.org/wiki/Last_Supper_(Tintoretto)",
    "wikipedia_it": "https://it.wikipedia.org/wiki/Ultima_Cena_(Tintoretto)",
    "wikidata": "https://www.wikidata.org/wiki/Q2472983",
    "creation_place": "Venice",
    "creation_lat": 45.4408,
    "creation_lon": 12.3155,
    "_source": {
     "source": "Wikidata",
     "url": "https://www.wikidata.org/wiki/Q2472983",
     "retrieved_at": "2026-08-20"
    },
    "_overrides": {
     "creation": {
      "at": "2026-08-20",
      "source": "derived from start date + Caravaggio's documented itinerary (approximate)"
     }
    },
    "museum_id": "church-of-san-giorgio-maggiore",
    "qid": "Q2472983",
    "wga_url": "https://www.wga.hu/html/t/tintoret/5_1580s/3lastsup.html"
   }
  },
  {
   "type": "Feature",
   "geometry": {
    "type": "Point",
    "coordinates": [
     11.35354,
     44.49771
    ]
   },
   "properties": {
    "painter": "Tintoretto",
    "title": "The Visitation",
    "year": "1549",
    "city": "Bologna",
    "country": "Italy",
    "location": "Pinacoteca Nazionale di Bologna",
    "kind": "museum",
    "attribution": "generally accepted",
    "status": "present",
    "medium": "Oil on canvas",
    "dimensions": "240 × 146 cm",
    "genre": "religious art",
    "image": "https://commons.wikimedia.org/wiki/Special:FilePath/Jacopo%20Tintoretto%20-%20The%20Visitation%20%28detail%29%20-%20WGA22432.jpg?width=420",
    "wikipedia_en": "https://en.wikipedia.org/wiki/Visitation_(Tintoretto,_Bologna)",
    "wikipedia_it": "https://it.wikipedia.org/wiki/Visitazione_(Tintoretto_Bologna)",
    "wikidata": "https://www.wikidata.org/wiki/Q25444052",
    "creation_place": "Venice",
    "creation_lat": 45.4408,
    "creation_lon": 12.3155,
    "_source": {
     "source": "Wikidata",
     "url": "https://www.wikidata.org/wiki/Q25444052",
     "retrieved_at": "2026-08-20"
    },
    "_overrides": {
     "creation": {
      "at": "2026-08-20",
      "source": "derived from start date + Caravaggio's documented itinerary (approximate)"
     }
    },
    "museum_id": "pinacoteca-nazionale-di-bologna",
    "qid": "Q25444052"
   }
  },
  {
   "type": "Feature",
   "geometry": {
    "type": "Point",
    "coordinates": [
     -3.6922,
     40.4139
    ]
   },
   "properties": {
    "painter": "Tintoretto",
    "title": "Judith and Holofernes",
    "year": "1552-1553",
    "city": "Madrid",
    "country": "Spain",
    "location": "Museo del Prado",
    "kind": "museum",
    "attribution": "attributed",
    "status": "present",
    "medium": "Oil on canvas",
    "dimensions": "58 × 119 cm",
    "genre": "religious art",
    "image": "https://commons.wikimedia.org/wiki/Special:FilePath/Judit%20y%20Holofernes%2C%20por%20Tintoretto.jpg?width=420",
    "wikidata": "https://www.wikidata.org/wiki/Q27698068",
    "creation_place": "Venice",
    "creation_lat": 45.4408,
    "creation_lon": 12.3155,
    "_source": {
     "source": "Wikidata",
     "url": "https://www.wikidata.org/wiki/Q27698068",
     "retrieved_at": "2026-08-20"
    },
    "_overrides": {
     "creation": {
      "at": "2026-08-20",
      "source": "derived from start date + Caravaggio's documented itinerary (approximate)"
     }
    },
    "museum_id": "museo-del-prado",
    "qid": "Q27698068"
   }
  },
  {
   "type": "Feature",
   "geometry": {
    "type": "Point",
    "coordinates": [
     16.3616,
     48.20388
    ]
   },
   "properties": {
    "painter": "Tintoretto",
    "title": "Old Man and a Boy",
    "year": "1565",
    "city": "Vienna",
    "country": "Austria",
    "location": "Kunsthistorisches Museum",
    "kind": "museum",
    "attribution": "attributed",
    "status": "present",
    "medium": "Oil on canvas",
    "dimensions": "103 × 83 cm",
    "genre": "portrait",
    "image": "https://commons.wikimedia.org/wiki/Special:FilePath/Tintoretto%20-%20Alter%20Mann%20und%20Knabe%2C%20um%201565.jpg?width=420",
    "wikidata": "https://www.wikidata.org/wiki/Q27941989",
    "creation_place": "Venice",
    "creation_lat": 45.4408,
    "creation_lon": 12.3155,
    "_source": {
     "source": "Wikidata",
     "url": "https://www.wikidata.org/wiki/Q27941989",
     "retrieved_at": "2026-08-20"
    },
    "_overrides": {
     "creation": {
      "at": "2026-08-20",
      "source": "derived from start date + Caravaggio's documented itinerary (approximate)"
     }
    },
    "museum_id": "kunsthistorisches-museum",
    "qid": "Q27941989"
   }
  },
  {
   "type": "Feature",
   "geometry": {
    "type": "Point",
    "coordinates": [
     -1.38,
     53.13
    ]
   },
   "properties": {
    "painter": "Tintoretto",
    "title": "The Muses",
    "year": "1578",
    "country": "United Kingdom",
    "location": "Royal Collection",
    "kind": "museum",
    "attribution": "generally accepted",
    "status": "present",
    "medium": "Oil on canvas",
    "dimensions": "206 × 310.3 cm",
    "genre": "mythological painting",
    "image": "https://commons.wikimedia.org/wiki/Special:FilePath/Jacopo%20Tintoretto%20%281519-94%29%20-%20The%20Muses%20-%20RCIN%20405476%20-%20Royal%20Collection.jpg?width=420",
    "wikipedia_en": "https://en.wikipedia.org/wiki/The_Muses_(painting)",
    "wikidata": "https://www.wikidata.org/wiki/Q27957609",
    "creation_place": "Venice",
    "creation_lat": 45.4408,
    "creation_lon": 12.3155,
    "_source": {
     "source": "Wikidata",
     "url": "https://www.wikidata.org/wiki/Q27957609",
     "retrieved_at": "2026-08-20"
    },
    "_overrides": {
     "creation": {
      "at": "2026-08-20",
      "source": "derived from start date + Caravaggio's documented itinerary (approximate)"
     }
    },
    "museum_id": "royal-collection",
    "city": "England",
    "qid": "Q27957609"
   }
  },
  {
   "type": "Feature",
   "geometry": {
    "type": "Point",
    "coordinates": [
     -0.1283,
     51.5089
    ]
   },
   "properties": {
    "painter": "Tintoretto",
    "title": "Esther before Ahasuerus",
    "year": "1547",
    "city": "London",
    "country": "United Kingdom",
    "location": "National Gallery",
    "kind": "museum",
    "attribution": "generally accepted",
    "status": "present",
    "medium": "Oil on canvas",
    "dimensions": "207.7 × 275.5 cm",
    "genre": "religious art",
    "image": "https://commons.wikimedia.org/wiki/Special:FilePath/Jacopo%20Tintoretto%20%281519-94%29%20-%20Esther%20before%20Ahasuerus%20-%20RCIN%20407247%20-%20Royal%20Collection.jpg?width=420",
    "wikipedia_en": "https://en.wikipedia.org/wiki/Esther_Before_Ahasuerus_(Tintoretto)",
    "wikidata": "https://www.wikidata.org/wiki/Q27957610",
    "creation_place": "Venice",
    "creation_lat": 45.4408,
    "creation_lon": 12.3155,
    "_source": {
     "source": "Wikidata",
     "url": "https://www.wikidata.org/wiki/Q27957610",
     "retrieved_at": "2026-08-20"
    },
    "_overrides": {
     "creation": {
      "at": "2026-08-20",
      "source": "derived from start date + Caravaggio's documented itinerary (approximate)"
     }
    },
    "museum_id": "national-gallery",
    "qid": "Q27957610"
   }
  },
  {
   "type": "Feature",
   "geometry": {
    "type": "Point",
    "coordinates": [
     15.166843,
     45.803361
    ]
   },
   "properties": {
    "painter": "Tintoretto",
    "title": "The Vision of Saint Nicholas",
    "year": "1582",
    "city": "Municipality of Novo Mesto",
    "country": "Slovenia",
    "location": "Novo Mesto Cathedral",
    "kind": "church",
    "attribution": "generally accepted",
    "status": "present",
    "medium": "Oil on canvas",
    "genre": "religious art",
    "image": "https://commons.wikimedia.org/wiki/Special:FilePath/Tintoretto%20st%20nicholas.jpg?width=420",
    "wikipedia_en": "https://en.wikipedia.org/wiki/The_Vision_of_Saint_Nicholas",
    "wikidata": "https://www.wikidata.org/wiki/Q28004358",
    "creation_place": "Venice",
    "creation_lat": 45.4408,
    "creation_lon": 12.3155,
    "_source": {
     "source": "Wikidata",
     "url": "https://www.wikidata.org/wiki/Q28004358",
     "retrieved_at": "2026-08-20"
    },
    "_overrides": {
     "creation": {
      "at": "2026-08-20",
      "source": "derived from start date + Caravaggio's documented itinerary (approximate)"
     }
    },
    "museum_id": "novo-mesto-cathedral",
    "qid": "Q28004358"
   }
  },
  {
   "type": "Feature",
   "geometry": {
    "type": "Point",
    "coordinates": [
     16.3616,
     48.20388
    ]
   },
   "properties": {
    "painter": "Tintoretto",
    "title": "St Nicholas of Bari",
    "year": "1555",
    "city": "Vienna",
    "country": "Austria",
    "location": "Kunsthistorisches Museum",
    "kind": "museum",
    "attribution": "attributed",
    "status": "present",
    "medium": "Oil on canvas",
    "dimensions": "114 × 56 cm",
    "genre": "religious art",
    "image": "https://commons.wikimedia.org/wiki/Special:FilePath/Jacopo%20Robusti%2C%20gen.%20Tintoretto%2C%20Kunsthistorisches%20Museum%20Wien%2C%20Gem%C3%A4ldegalerie%20-%20Hl.%20Nikolaus%20von%20Bari%20-%20GG%201544%20-%20Kunsthistorisches%20Museum.jpg?width=420",
    "wikidata": "https://www.wikidata.org/wiki/Q28019496",
    "creation_place": "Venice",
    "creation_lat": 45.4408,
    "creation_lon": 12.3155,
    "_source": {
     "source": "Wikidata",
     "url": "https://www.wikidata.org/wiki/Q28019496",
     "retrieved_at": "2026-08-20"
    },
    "_overrides": {
     "creation": {
      "at": "2026-08-20",
      "source": "derived from start date + Caravaggio's documented itinerary (approximate)"
     }
    },
    "museum_id": "kunsthistorisches-museum",
    "qid": "Q28019496",
    "wga_url": "https://www.wga.hu/html/t/tintoret/1_1540s/7nichola.html"
   }
  },
  {
   "type": "Feature",
   "geometry": {
    "type": "Point",
    "coordinates": [
     16.3616,
     48.20388
    ]
   },
   "properties": {
    "painter": "Tintoretto",
    "title": "Portrait of a White-Bearded Man",
    "year": "1570",
    "city": "Vienna",
    "country": "Austria",
    "location": "Kunsthistorisches Museum",
    "kind": "museum",
    "attribution": "attributed",
    "status": "present",
    "medium": "Oil on canvas",
    "dimensions": "924 × 595 cm",
    "genre": "portrait",
    "image": "https://commons.wikimedia.org/wiki/Special:FilePath/Jacopo%20Robusti%2Ccalled%20Tintoretto%20-%20Man%20with%20a%20White%20Beard%20-%20Google%20Art%20Project.jpg?width=420",
    "wikidata": "https://www.wikidata.org/wiki/Q28019536",
    "creation_place": "Venice",
    "creation_lat": 45.4408,
    "creation_lon": 12.3155,
    "_source": {
     "source": "Wikidata",
     "url": "https://www.wikidata.org/wiki/Q28019536",
     "retrieved_at": "2026-08-20"
    },
    "_overrides": {
     "creation": {
      "at": "2026-08-20",
      "source": "derived from start date + Caravaggio's documented itinerary (approximate)"
     }
    },
    "museum_id": "kunsthistorisches-museum",
    "qid": "Q28019536",
    "wga_url": "https://www.wga.hu/html/t/tintoret/8/02beard.html"
   }
  },
  {
   "type": "Feature",
   "geometry": {
    "type": "Point",
    "coordinates": [
     16.3616,
     48.20388
    ]
   },
   "properties": {
    "painter": "Tintoretto",
    "title": "Portrait of the Doge Sebastiano Venier",
    "city": "Vienna",
    "country": "Austria",
    "location": "Kunsthistorisches Museum",
    "kind": "museum",
    "attribution": "attributed",
    "status": "present",
    "medium": "Oil on canvas",
    "dimensions": "104.5 × 83.5 cm",
    "genre": "portrait",
    "image": "https://commons.wikimedia.org/wiki/Special:FilePath/Jacopo%20Robusti%2C%20gen.%20Tintoretto%2C%20Kunsthistorisches%20Museum%20Wien%2C%20Gem%C3%A4ldegalerie%20-%20Sebastiano%20Venier%20%28gest.%201578%29%20%28Im%20Hintergrund%2C%20Die%20Seeschlacht%20bei%20Lepanto%29%20-%20GG%2032%20-%20Kunsthistorisches%20Museum.jpg?width=420",
    "wikidata": "https://www.wikidata.org/wiki/Q28019543",
    "_source": {
     "source": "Wikidata",
     "url": "https://www.wikidata.org/wiki/Q28019543",
     "retrieved_at": "2026-08-20"
    },
    "museum_id": "kunsthistorisches-museum",
    "qid": "Q28019543"
   }
  },
  {
   "type": "Feature",
   "geometry": {
    "type": "Point",
    "coordinates": [
     30.3136,
     59.9406
    ]
   },
   "properties": {
    "painter": "Tintoretto",
    "title": "The Birth of John the Baptist",
    "year": "1550",
    "city": "Saint Petersburg",
    "country": "Russia",
    "location": "Hermitage Museum",
    "kind": "museum",
    "attribution": "generally accepted",
    "status": "present",
    "medium": "Oil on canvas",
    "dimensions": "181 × 266 cm",
    "genre": "religious art",
    "image": "https://commons.wikimedia.org/wiki/Special:FilePath/Jacopo%20Tintoretto%20-%20The%20Birth%20of%20John%20the%20Baptist%20-%20WGA22441.jpg?width=420",
    "wikipedia_es": "https://es.wikipedia.org/wiki/El_nacimiento_de_Juan_el_Bautista_(Tintoretto,_1550)",
    "wikipedia_it": "https://it.wikipedia.org/wiki/Nativit%C3%A0_di_Giovanni_Battista_(Tintoretto)",
    "wikidata": "https://www.wikidata.org/wiki/Q2835885",
    "creation_place": "Venice",
    "creation_lat": 45.4408,
    "creation_lon": 12.3155,
    "_source": {
     "source": "Wikidata",
     "url": "https://www.wikidata.org/wiki/Q2835885",
     "retrieved_at": "2026-08-20"
    },
    "_overrides": {
     "creation": {
      "at": "2026-08-20",
      "source": "derived from start date + Caravaggio's documented itinerary (approximate)"
     }
    },
    "museum_id": "hermitage-museum",
    "qid": "Q2835885",
    "wga_url": "https://www.wga.hu/html/t/tintoret/2_1550s/04birth2.html"
   }
  },
  {
   "type": "Feature",
   "geometry": {
    "type": "Point",
    "coordinates": [
     4.83361,
     45.76694
    ]
   },
   "properties": {
    "painter": "Tintoretto",
    "title": "Madonna and Child with Saints",
    "year": "1549-1550",
    "city": "Lyon",
    "country": "France",
    "location": "Museum of Fine Arts of Lyon",
    "kind": "museum",
    "attribution": "generally accepted",
    "status": "present",
    "medium": "Canvas",
    "dimensions": "193 × 314 cm",
    "genre": "religious art",
    "image": "https://commons.wikimedia.org/wiki/Special:FilePath/Virgin%20with%20Child%20with%20Saint%20Catherine%20Augustin%20Marc%20and%20John%20the%20Baptist-Tintoretto-MBA%20Lyon%20A122-IMG%200309.jpg?width=420",
    "wikipedia_es": "https://es.wikipedia.org/wiki/Virgen_y_ni%C3%B1o_con_santos_(Tintoretto)",
    "wikipedia_en": "https://en.wikipedia.org/wiki/Madonna_and_Child_with_Saints_(Tintoretto)",
    "wikipedia_it": "https://it.wikipedia.org/wiki/Matrimonio_mistico_di_santa_Caterina_d%27Alessandria_con_i_santi_Agostino,_Marco_e_Giovanni_Battista",
    "wikidata": "https://www.wikidata.org/wiki/Q28952743",
    "creation_place": "Venice",
    "creation_lat": 45.4408,
    "creation_lon": 12.3155,
    "_source": {
     "source": "Wikidata",
     "url": "https://www.wikidata.org/wiki/Q28952743",
     "retrieved_at": "2026-08-20"
    },
    "_overrides": {
     "creation": {
      "at": "2026-08-20",
      "source": "derived from start date + Caravaggio's documented itinerary (approximate)"
     }
    },
    "museum_id": "museum-of-fine-arts-of-lyon",
    "qid": "Q28952743"
   }
  },
  {
   "type": "Feature",
   "geometry": {
    "type": "Point",
    "coordinates": [
     4.83361,
     45.76694
    ]
   },
   "properties": {
    "painter": "Tintoretto",
    "title": "Danae",
    "year": "1570",
    "city": "Lyon",
    "country": "France",
    "location": "Museum of Fine Arts of Lyon",
    "kind": "museum",
    "attribution": "generally accepted",
    "status": "present",
    "medium": "Oil paint",
    "dimensions": "142 × 182 cm",
    "genre": "mythological painting",
    "image": "https://commons.wikimedia.org/wiki/Special:FilePath/Tintoret-Dana%C3%A9-Lyon.jpg?width=420",
    "wikipedia_es": "https://es.wikipedia.org/wiki/D%C3%A1nae_(Tintoretto)",
    "wikipedia_en": "https://en.wikipedia.org/wiki/Dana%C3%AB_(Tintoretto)",
    "wikipedia_it": "https://it.wikipedia.org/wiki/Danae_(Tintoretto)",
    "wikidata": "https://www.wikidata.org/wiki/Q3013303",
    "creation_place": "Venice",
    "creation_lat": 45.4408,
    "creation_lon": 12.3155,
    "_source": {
     "source": "Wikidata",
     "url": "https://www.wikidata.org/wiki/Q3013303",
     "retrieved_at": "2026-08-20"
    },
    "_overrides": {
     "creation": {
      "at": "2026-08-20",
      "source": "derived from start date + Caravaggio's documented itinerary (approximate)"
     }
    },
    "museum_id": "museum-of-fine-arts-of-lyon",
    "qid": "Q3013303",
    "wga_url": "https://www.wga.hu/html/t/tintoret/7/7danae.html"
   }
  },
  {
   "type": "Feature",
   "geometry": {
    "type": "Point",
    "coordinates": [
     12.32531,
     45.43657
    ]
   },
   "properties": {
    "painter": "Tintoretto",
    "title": "The Flight into Egypt",
    "year": "1583",
    "city": "Venice",
    "country": "Italy",
    "location": "Scuola Grande di San Rocco",
    "kind": "museum",
    "attribution": "generally accepted",
    "status": "present",
    "medium": "Oil on canvas",
    "dimensions": "422 × 579 cm",
    "genre": "religious art",
    "image": "https://commons.wikimedia.org/wiki/Special:FilePath/Tintoretto%20fugaegitto.jpg?width=420",
    "wikipedia_es": "https://es.wikipedia.org/wiki/Huida_a_Egipto_(Tintoretto)",
    "wikipedia_it": "https://it.wikipedia.org/wiki/Fuga_in_Egitto_(Tintoretto)",
    "wikidata": "https://www.wikidata.org/wiki/Q3754067",
    "creation_place": "Venice",
    "creation_lat": 45.4408,
    "creation_lon": 12.3155,
    "_source": {
     "source": "Wikidata",
     "url": "https://www.wikidata.org/wiki/Q3754067",
     "retrieved_at": "2026-08-20"
    },
    "_overrides": {
     "creation": {
      "at": "2026-08-20",
      "source": "derived from start date + Caravaggio's documented itinerary (approximate)"
     }
    },
    "museum_id": "scuola-grande-di-san-rocco",
    "qid": "Q3754067"
   }
  },
  {
   "type": "Feature",
   "geometry": {
    "type": "Point",
    "coordinates": [
     11.25,
     43.7652
    ]
   },
   "properties": {
    "painter": "Tintoretto",
    "title": "Portrait of Alvise Cornaro",
    "year": "1560",
    "city": "Florence",
    "country": "Italy",
    "location": "Galleria Palatina",
    "kind": "museum",
    "attribution": "generally accepted",
    "status": "present",
    "medium": "Oil on canvas",
    "dimensions": "113 × 85 cm",
    "genre": "portrait",
    "image": "https://commons.wikimedia.org/wiki/Special:FilePath/Tintoretto%20-%20ritratto%20di%20Alvise%20Cornaro%2C%201188258%2C%20Galleria%20Palatina.jpg?width=420",
    "wikipedia_en": "https://en.wikipedia.org/wiki/Portrait_of_Alvise_Cornaro",
    "wikipedia_it": "https://it.wikipedia.org/wiki/Ritratto_di_Alvise_Cornaro",
    "wikidata": "https://www.wikidata.org/wiki/Q3937458",
    "creation_place": "Venice",
    "creation_lat": 45.4408,
    "creation_lon": 12.3155,
    "_source": {
     "source": "Wikidata",
     "url": "https://www.wikidata.org/wiki/Q3937458",
     "retrieved_at": "2026-08-20"
    },
    "_overrides": {
     "creation": {
      "at": "2026-08-20",
      "source": "derived from start date + Caravaggio's documented itinerary (approximate)"
     }
    },
    "museum_id": "galleria-palatina",
    "qid": "Q3937458",
    "wga_url": "https://www.wga.hu/html/t/tintoret/8/15cornar.html"
   }
  },
  {
   "type": "Feature",
   "geometry": {
    "type": "Point",
    "coordinates": [
     9.18782,
     45.47196
    ]
   },
   "properties": {
    "painter": "Tintoretto",
    "title": "Finding of the body of St Mark",
    "year": "1562",
    "city": "Milan",
    "country": "Italy",
    "location": "Pinacoteca di Brera",
    "kind": "museum",
    "attribution": "generally accepted",
    "status": "present",
    "medium": "Oil on canvas",
    "dimensions": "396 × 400 cm",
    "genre": "religious art",
    "image": "https://commons.wikimedia.org/wiki/Special:FilePath/Jacopo%20Tintoretto%20-%20Finding%20of%20the%20body%20of%20St%20Mark.jpg?width=420",
    "wikipedia_en": "https://en.wikipedia.org/wiki/Finding_of_the_Body_of_Saint_Mark",
    "wikipedia_it": "https://it.wikipedia.org/wiki/I_miracoli_di_san_Marco_nella_chiesa_di_Boucolis_(gi%C3%A0_noto_come_Ritrovamento_del_corpo_di_san_Marco)",
    "wikidata": "https://www.wikidata.org/wiki/Q3937806",
    "creation_place": "Venice",
    "creation_lat": 45.4408,
    "creation_lon": 12.3155,
    "_source": {
     "source": "Wikidata",
     "url": "https://www.wikidata.org/wiki/Q3937806",
     "retrieved_at": "2026-08-20"
    },
    "_overrides": {
     "creation": {
      "at": "2026-08-20",
      "source": "derived from start date + Caravaggio's documented itinerary (approximate)"
     }
    },
    "museum_id": "pinacoteca-di-brera",
    "qid": "Q3937806",
    "wga_url": "https://www.wga.hu/html/t/tintoret/3a/2mark1.html"
   }
  },
  {
   "type": "Feature",
   "geometry": {
    "type": "Point",
    "coordinates": [
     9.73042,
     45.73363
    ]
   },
   "properties": {
    "painter": "Tintoretto",
    "title": "Saint Christopher",
    "year": "1575",
    "city": "Alzano Lombardo",
    "country": "Italy",
    "location": "Museo d'Arte Sacra San Martino",
    "kind": "museum",
    "attribution": "generally accepted",
    "status": "present",
    "genre": "religious art",
    "image": "https://commons.wikimedia.org/wiki/Special:FilePath/Tintoretto%20san%20cristoforo.jpg?width=420",
    "wikipedia_it": "https://it.wikipedia.org/wiki/San_Cristoforo_(attribuito_al_Tintoretto)",
    "wikidata": "https://www.wikidata.org/wiki/Q3946912",
    "creation_place": "Venice",
    "creation_lat": 45.4408,
    "creation_lon": 12.3155,
    "_source": {
     "source": "Wikidata",
     "url": "https://www.wikidata.org/wiki/Q3946912",
     "retrieved_at": "2026-08-20"
    },
    "_overrides": {
     "creation": {
      "at": "2026-08-20",
      "source": "derived from start date + Caravaggio's documented itinerary (approximate)"
     }
    },
    "museum_id": "museo-d-arte-sacra-san-martino",
    "qid": "Q3946912"
   }
  },
  {
   "type": "Feature",
   "geometry": {
    "type": "Point",
    "coordinates": [
     12.32814,
     45.43108
    ]
   },
   "properties": {
    "painter": "Tintoretto",
    "title": "St. Mark rescues a Sarracen",
    "year": "1562",
    "city": "Venice",
    "country": "Italy",
    "location": "Gallerie dell'Accademia",
    "kind": "museum",
    "attribution": "generally accepted",
    "status": "present",
    "medium": "Oil on canvas",
    "dimensions": "396 × 334 cm",
    "genre": "religious art",
    "image": "https://commons.wikimedia.org/wiki/Special:FilePath/Accademia%20-%20St.%20Mark%20saves%20a%20Sarracen%20by%20Tintoretto.jpg?width=420",
    "wikipedia_it": "https://it.wikipedia.org/wiki/San_Marco_salva_un_saraceno",
    "wikidata": "https://www.wikidata.org/wiki/Q3947596",
    "creation_place": "Venice",
    "creation_lat": 45.4408,
    "creation_lon": 12.3155,
    "_source": {
     "source": "Wikidata",
     "url": "https://www.wikidata.org/wiki/Q3947596",
     "retrieved_at": "2026-08-20"
    },
    "_overrides": {
     "creation": {
      "at": "2026-08-20",
      "source": "derived from start date + Caravaggio's documented itinerary (approximate)"
     }
    },
    "museum_id": "gallerie-dell-accademia",
    "qid": "Q3947596",
    "wga_url": "https://www.wga.hu/html/t/tintoret/3a/4mark.html"
   }
  },
  {
   "type": "Feature",
   "geometry": {
    "type": "Point",
    "coordinates": [
     16.3616,
     48.20388
    ]
   },
   "properties": {
    "painter": "Tintoretto",
    "title": "Susanna and the Elders",
    "year": "1550",
    "city": "Vienna",
    "country": "Austria",
    "location": "Kunsthistorisches Museum",
    "kind": "museum",
    "attribution": "generally accepted",
    "status": "present",
    "medium": "Oil on canvas",
    "dimensions": "146 × 193.6 cm",
    "genre": "nude, religious art",
    "image": "https://commons.wikimedia.org/wiki/Special:FilePath/Jacopo%20Robusti%2C%20called%20Tintoretto%20-%20Susanna%20and%20the%20Elders%20-%20Google%20Art%20Project.jpg?width=420",
    "wikipedia_es": "https://es.wikipedia.org/wiki/Susana_y_los_viejos_(Tintoretto)",
    "wikipedia_en": "https://en.wikipedia.org/wiki/Susanna_and_the_Elders_(Tintoretto)",
    "wikipedia_it": "https://it.wikipedia.org/wiki/Susanna_e_i_vecchioni_(Tintoretto)",
    "wikidata": "https://www.wikidata.org/wiki/Q3978277",
    "creation_place": "Venice",
    "creation_lat": 45.4408,
    "creation_lon": 12.3155,
    "_source": {
     "source": "Wikidata",
     "url": "https://www.wikidata.org/wiki/Q3978277",
     "retrieved_at": "2026-08-20"
    },
    "_overrides": {
     "creation": {
      "at": "2026-08-20",
      "source": "derived from start date + Caravaggio's documented itinerary (approximate)"
     }
    },
    "museum_id": "kunsthistorisches-museum",
    "qid": "Q3978277",
    "wga_url": "https://www.wga.hu/html/t/tintoret/6/06susan2.html"
   }
  },
  {
   "type": "Feature",
   "geometry": {
    "type": "Point",
    "coordinates": [
     12.334833,
     45.429639
    ]
   },
   "properties": {
    "painter": "Tintoretto",
    "title": "Lamentation over the Dead Christ",
    "year": "1580",
    "city": "Venice",
    "country": "Italy",
    "location": "Santa Maria dell'Umiltà",
    "kind": "church",
    "attribution": "attributed",
    "status": "present",
    "medium": "Oil on canvas",
    "dimensions": "228 × 294 cm",
    "genre": "religious art",
    "image": "https://commons.wikimedia.org/wiki/Special:FilePath/Tintoretto%20%E2%80%94%20Deposition%20%28Accademia%29.jpg?width=420",
    "wikidata": "https://www.wikidata.org/wiki/Q41607332",
    "creation_place": "Venice",
    "creation_lat": 45.4408,
    "creation_lon": 12.3155,
    "_source": {
     "source": "Wikidata",
     "url": "https://www.wikidata.org/wiki/Q41607332",
     "retrieved_at": "2026-08-20"
    },
    "_overrides": {
     "creation": {
      "at": "2026-08-20",
      "source": "derived from start date + Caravaggio's documented itinerary (approximate)"
     }
    },
    "museum_id": "santa-maria-dell-umilta",
    "qid": "Q41607332",
    "wga_url": "https://www.wga.hu/html/t/tintoret/3_1560s/1lamenta.html"
   }
  },
  {
   "type": "Feature",
   "geometry": {
    "type": "Point",
    "coordinates": [
     -3.6922,
     40.4139
    ]
   },
   "properties": {
    "painter": "Tintoretto",
    "title": "The Rape of Helen",
    "year": "1578",
    "city": "Madrid",
    "country": "Spain",
    "location": "Museo del Prado",
    "kind": "museum",
    "attribution": "attributed",
    "status": "present",
    "medium": "Oil on canvas",
    "dimensions": "186 × 307 cm",
    "genre": "mythological painting",
    "image": "https://commons.wikimedia.org/wiki/Special:FilePath/Tintoretto%20Rape%20of%20Helen.jpg?width=420",
    "wikidata": "https://www.wikidata.org/wiki/Q4375065",
    "creation_place": "Venice",
    "creation_lat": 45.4408,
    "creation_lon": 12.3155,
    "_source": {
     "source": "Wikidata",
     "url": "https://www.wikidata.org/wiki/Q4375065",
     "retrieved_at": "2026-08-20"
    },
    "_overrides": {
     "creation": {
      "at": "2026-08-20",
      "source": "derived from start date + Caravaggio's documented itinerary (approximate)"
     }
    },
    "museum_id": "museo-del-prado",
    "qid": "Q4375065",
    "wga_url": "https://www.wga.hu/html/t/tintoret/5_1580s/1battle.html"
   }
  },
  {
   "type": "Feature",
   "geometry": {
    "type": "Point",
    "coordinates": [
     12.32531,
     45.43657
    ]
   },
   "properties": {
    "painter": "Tintoretto",
    "title": "Crucifixion",
    "year": "1565",
    "city": "Venice",
    "country": "Italy",
    "location": "Scuola Grande di San Rocco",
    "kind": "museum",
    "attribution": "generally accepted",
    "status": "present",
    "medium": "Oil on canvas",
    "dimensions": "518 × 1224 cm",
    "genre": "religious art",
    "image": "https://commons.wikimedia.org/wiki/Special:FilePath/Jacopo%20Tintoretto%20021.jpg?width=420",
    "wikipedia_es": "https://es.wikipedia.org/wiki/Crucifixi%C3%B3n_(Tintoretto,_1565)",
    "wikipedia_en": "https://en.wikipedia.org/wiki/Crucifixion_(Tintoretto)",
    "wikipedia_it": "https://it.wikipedia.org/wiki/Crocifissione_(Tintoretto)",
    "wikidata": "https://www.wikidata.org/wiki/Q490312",
    "creation_place": "Venice",
    "creation_lat": 45.4408,
    "creation_lon": 12.3155,
    "_source": {
     "source": "Wikidata",
     "url": "https://www.wikidata.org/wiki/Q490312",
     "retrieved_at": "2026-08-20"
    },
    "_overrides": {
     "creation": {
      "at": "2026-08-20",
      "source": "derived from start date + Caravaggio's documented itinerary (approximate)"
     }
    },
    "museum_id": "scuola-grande-di-san-rocco",
    "qid": "Q490312"
   }
  },
  {
   "type": "Feature",
   "geometry": {
    "type": "Point",
    "coordinates": [
     11.25528,
     43.76833
    ]
   },
   "properties": {
    "painter": "Tintoretto",
    "title": "Portrait of Jacopo Sansovino",
    "year": "1566",
    "city": "Florence",
    "country": "Italy",
    "location": "Uffizi Gallery",
    "kind": "museum",
    "attribution": "generally accepted",
    "status": "present",
    "medium": "Oil on canvas",
    "dimensions": "70 × 65.5 cm",
    "genre": "portrait",
    "image": "https://commons.wikimedia.org/wiki/Special:FilePath/Jacopo%20Tintoretto%20-%20Portrait%20of%20Jacopo%20Sansovino%20-%20WGA22689.jpg?width=420",
    "wikipedia_it": "https://it.wikipedia.org/wiki/Ritratto_di_Jacopo_Sansovino",
    "wikidata": "https://www.wikidata.org/wiki/Q49167869",
    "creation_place": "Venice",
    "creation_lat": 45.4408,
    "creation_lon": 12.3155,
    "_source": {
     "source": "Wikidata",
     "url": "https://www.wikidata.org/wiki/Q49167869",
     "retrieved_at": "2026-08-20"
    },
    "_overrides": {
     "creation": {
      "at": "2026-08-20",
      "source": "derived from start date + Caravaggio's documented itinerary (approximate)"
     }
    },
    "museum_id": "uffizi-gallery",
    "qid": "Q49167869",
    "wga_url": "https://www.wga.hu/html/t/tintoret/8/16sansov.html"
   }
  },
  {
   "type": "Feature",
   "geometry": {
    "type": "Point",
    "coordinates": [
     -46.6558,
     -23.5611
    ]
   },
   "properties": {
    "painter": "Tintoretto",
    "title": "Lamentation of Christ",
    "year": "1560",
    "city": "São Paulo",
    "country": "Brazil",
    "location": "São Paulo Museum of Art",
    "kind": "museum",
    "attribution": "generally accepted",
    "status": "present",
    "medium": "Oil on canvas",
    "dimensions": "94.7 × 141 cm",
    "genre": "religious art",
    "image": "https://commons.wikimedia.org/wiki/Special:FilePath/Jacopo%20Tintoretto%20Lamenta%C3%A7%C3%A3o%20sobre%20o%20Cristo%20morto.jpg?width=420",
    "wikipedia_it": "https://it.wikipedia.org/wiki/Compianto_sul_Cristo_morto_(Tintoretto_San_Paolo)",
    "wikidata": "https://www.wikidata.org/wiki/Q49877451",
    "creation_place": "Venice",
    "creation_lat": 45.4408,
    "creation_lon": 12.3155,
    "_source": {
     "source": "Wikidata",
     "url": "https://www.wikidata.org/wiki/Q49877451",
     "retrieved_at": "2026-08-20"
    },
    "_overrides": {
     "creation": {
      "at": "2026-08-20",
      "source": "derived from start date + Caravaggio's documented itinerary (approximate)"
     }
    },
    "museum_id": "sao-paulo-museum-of-art",
    "qid": "Q49877451"
   }
  },
  {
   "type": "Feature",
   "geometry": {
    "type": "Point",
    "coordinates": [
     -46.6558,
     -23.5611
    ]
   },
   "properties": {
    "painter": "Tintoretto",
    "title": "Ecce Homo",
    "year": "1546",
    "city": "São Paulo",
    "country": "Brazil",
    "location": "São Paulo Museum of Art",
    "kind": "museum",
    "attribution": "attributed",
    "status": "present",
    "medium": "Oil on canvas",
    "dimensions": "109 × 136 cm",
    "genre": "religious art",
    "image": "https://commons.wikimedia.org/wiki/Special:FilePath/Tintoretto%20-%20ecce%20homo%20masp.JPG?width=420",
    "wikidata": "https://www.wikidata.org/wiki/Q49877537",
    "creation_place": "Venice",
    "creation_lat": 45.4408,
    "creation_lon": 12.3155,
    "_source": {
     "source": "Wikidata",
     "url": "https://www.wikidata.org/wiki/Q49877537",
     "retrieved_at": "2026-08-20"
    },
    "_overrides": {
     "creation": {
      "at": "2026-08-20",
      "source": "derived from start date + Caravaggio's documented itinerary (approximate)"
     }
    },
    "museum_id": "sao-paulo-museum-of-art",
    "qid": "Q49877537"
   }
  },
  {
   "type": "Feature",
   "geometry": {
    "type": "Point",
    "coordinates": [
     13.73466,
     51.05338
    ]
   },
   "properties": {
    "painter": "Tintoretto",
    "title": "Portrait of a Lady in Mourning",
    "year": "1552",
    "city": "Dresden",
    "country": "Germany",
    "location": "Gemäldegalerie Alte Meister",
    "kind": "museum",
    "attribution": "attributed",
    "status": "present",
    "medium": "Oil on canvas",
    "dimensions": "104 × 87 cm",
    "genre": "portrait",
    "image": "https://commons.wikimedia.org/wiki/Special:FilePath/44%20Dama%20de%20luto%20%28Gem%C3%A4ldegalerie%20de%20Dresde%2C%20c.%201550-1555%29.jpg?width=420",
    "wikidata": "https://www.wikidata.org/wiki/Q50323009",
    "creation_place": "Venice",
    "creation_lat": 45.4408,
    "creation_lon": 12.3155,
    "_source": {
     "source": "Wikidata",
     "url": "https://www.wikidata.org/wiki/Q50323009",
     "retrieved_at": "2026-08-20"
    },
    "_overrides": {
     "creation": {
      "at": "2026-08-20",
      "source": "derived from start date + Caravaggio's documented itinerary (approximate)"
     }
    },
    "museum_id": "gemaldegalerie-alte-meister",
    "qid": "Q50323009"
   }
  },
  {
   "type": "Feature",
   "geometry": {
    "type": "Point",
    "coordinates": [
     19.07678,
     47.51587
    ]
   },
   "properties": {
    "painter": "Tintoretto",
    "title": "Cain Slaying Abel",
    "year": "1540",
    "city": "Zugló",
    "country": "Hungary",
    "location": "Museum of Fine Arts, Budapest",
    "kind": "museum",
    "attribution": "attributed",
    "status": "present",
    "medium": "Oil on panel",
    "dimensions": "31 × 78.5 cm",
    "genre": "religious art",
    "image": "https://commons.wikimedia.org/wiki/Special:FilePath/Tintoretto%20-%20Cain%20Killing%20Abel%20-%20Museum%20of%20Fine%20Arts%2C%20Budapest.png?width=420",
    "wikidata": "https://www.wikidata.org/wiki/Q50907415",
    "creation_place": "Venice",
    "creation_lat": 45.4408,
    "creation_lon": 12.3155,
    "_source": {
     "source": "Wikidata",
     "url": "https://www.wikidata.org/wiki/Q50907415",
     "retrieved_at": "2026-08-20"
    },
    "_overrides": {
     "creation": {
      "at": "2026-08-20",
      "source": "derived from start date + Caravaggio's documented itinerary (approximate)"
     }
    },
    "museum_id": "museum-of-fine-arts-budapest",
    "qid": "Q50907415"
   }
  },
  {
   "type": "Feature",
   "geometry": {
    "type": "Point",
    "coordinates": [
     11.57,
     48.14833
    ]
   },
   "properties": {
    "painter": "Tintoretto",
    "title": "Christ with Mary and Martha",
    "year": "1580",
    "city": "Munich",
    "country": "Germany",
    "location": "Alte Pinakothek",
    "kind": "museum",
    "attribution": "generally accepted",
    "status": "present",
    "medium": "Oil on canvas",
    "dimensions": "200 × 132 cm",
    "genre": "religious art",
    "image": "https://commons.wikimedia.org/wiki/Special:FilePath/JACOPO-TINTORETTO-JACOPO-ROBUSTI%20CHRISTUS-BEI-MARIA-UND-MARTHA%20CC-BY-SA%20BSTGS%204788.jpg?width=420",
    "wikipedia_es": "https://es.wikipedia.org/wiki/Cristo_en_casa_de_Marta_y_Mar%C3%ADa_(Tintoretto)",
    "wikipedia_it": "https://it.wikipedia.org/wiki/Cristo_in_casa_di_Marta_e_Maria_(Tintoretto)",
    "wikidata": "https://www.wikidata.org/wiki/Q5791720",
    "creation_place": "Venice",
    "creation_lat": 45.4408,
    "creation_lon": 12.3155,
    "_source": {
     "source": "Wikidata",
     "url": "https://www.wikidata.org/wiki/Q5791720",
     "retrieved_at": "2026-08-20"
    },
    "_overrides": {
     "creation": {
      "at": "2026-08-20",
      "source": "derived from start date + Caravaggio's documented itinerary (approximate)"
     }
    },
    "museum_id": "alte-pinakothek",
    "qid": "Q5791720",
    "wga_url": "https://www.wga.hu/html/t/tintoret/4_1570s/2martmar.html"
   }
  },
  {
   "type": "Feature",
   "geometry": {
    "type": "Point",
    "coordinates": [
     -3.6922,
     40.4139
    ]
   },
   "properties": {
    "painter": "Tintoretto",
    "title": "Man with a Golden Lace",
    "year": "1555-1560",
    "city": "Madrid",
    "country": "Spain",
    "location": "Museo del Prado",
    "kind": "museum",
    "attribution": "generally accepted",
    "status": "present",
    "medium": "Oil on canvas",
    "dimensions": "103.7 × 76.7 cm",
    "genre": "portrait",
    "image": "https://commons.wikimedia.org/wiki/Special:FilePath/Jacopo%20Tintoretto%20099.jpg?width=420",
    "wikipedia_es": "https://es.wikipedia.org/wiki/El_caballero_de_la_cadena_de_oro",
    "wikidata": "https://www.wikidata.org/wiki/Q5824121",
    "creation_place": "Venice",
    "creation_lat": 45.4408,
    "creation_lon": 12.3155,
    "_source": {
     "source": "Wikidata",
     "url": "https://www.wikidata.org/wiki/Q5824121",
     "retrieved_at": "2026-08-20"
    },
    "_overrides": {
     "creation": {
      "at": "2026-08-20",
      "source": "derived from start date + Caravaggio's documented itinerary (approximate)"
     }
    },
    "museum_id": "museo-del-prado",
    "qid": "Q5824121",
    "wga_url": "https://www.wga.hu/html/t/tintoret/8/11manlac.html"
   }
  },
  {
   "type": "Feature",
   "geometry": {
    "type": "Point",
    "coordinates": [
     12.32531,
     45.43657
    ]
   },
   "properties": {
    "painter": "Tintoretto",
    "title": "Elisha Multiplies the Bread",
    "year": "1577",
    "city": "Venice",
    "country": "Italy",
    "location": "Scuola Grande di San Rocco",
    "kind": "museum",
    "attribution": "generally accepted",
    "status": "present",
    "medium": "Oil on canvas",
    "dimensions": "370 × 265 cm",
    "genre": "religious art",
    "image": "https://commons.wikimedia.org/wiki/Special:FilePath/Tintoretto%2C%20Jacopo%20-%20Elisha%20Multiplies%20the%20Bread%20-%201577-78.jpg?width=420",
    "wikipedia_es": "https://es.wikipedia.org/wiki/Eliseo_multiplicando_los_panes",
    "wikipedia_it": "https://it.wikipedia.org/wiki/Eliseo_moltiplica_i_pani",
    "wikidata": "https://www.wikidata.org/wiki/Q5829623",
    "creation_place": "Venice",
    "creation_lat": 45.4408,
    "creation_lon": 12.3155,
    "_source": {
     "source": "Wikidata",
     "url": "https://www.wikidata.org/wiki/Q5829623",
     "retrieved_at": "2026-08-20"
    },
    "_overrides": {
     "creation": {
      "at": "2026-08-20",
      "source": "derived from start date + Caravaggio's documented itinerary (approximate)"
     }
    },
    "museum_id": "scuola-grande-di-san-rocco",
    "qid": "Q5829623",
    "wga_url": "https://www.wga.hu/html/t/tintoret/3b/2upper/1/11elisha.html"
   }
  },
  {
   "type": "Feature",
   "geometry": {
    "type": "Point",
    "coordinates": [
     12.32814,
     45.43108
    ]
   },
   "properties": {
    "painter": "Tintoretto",
    "title": "Creation of the Animals",
    "year": "1550",
    "city": "Venice",
    "country": "Italy",
    "location": "Gallerie dell'Accademia",
    "kind": "museum",
    "attribution": "generally accepted",
    "status": "present",
    "medium": "Oil on canvas",
    "dimensions": "151 × 258 cm",
    "genre": "religious art",
    "image": "https://commons.wikimedia.org/wiki/Special:FilePath/Jacopo%20Tintoretto%20%E2%80%94%20Creation%20of%20the%20Animals.jpg?width=420",
    "wikipedia_es": "https://es.wikipedia.org/wiki/La_Creaci%C3%B3n_de_los_animales",
    "wikipedia_en": "https://en.wikipedia.org/wiki/The_Creation_of_the_Animals",
    "wikipedia_it": "https://it.wikipedia.org/wiki/Creazione_degli_animali",
    "wikidata": "https://www.wikidata.org/wiki/Q5963059",
    "creation_place": "Venice",
    "creation_lat": 45.4408,
    "creation_lon": 12.3155,
    "_source": {
     "source": "Wikidata",
     "url": "https://www.wikidata.org/wiki/Q5963059",
     "retrieved_at": "2026-08-20"
    },
    "_overrides": {
     "creation": {
      "at": "2026-08-20",
      "source": "derived from start date + Caravaggio's documented itinerary (approximate)"
     }
    },
    "museum_id": "gallerie-dell-accademia",
    "qid": "Q5963059",
    "wga_url": "https://www.wga.hu/html/t/tintoret/2_1550s/02creati.html"
   }
  },
  {
   "type": "Feature",
   "geometry": {
    "type": "Point",
    "coordinates": [
     12.34042,
     45.43367
    ]
   },
   "properties": {
    "painter": "Tintoretto",
    "title": "Paradise",
    "year": "1588",
    "city": "Venice",
    "country": "Italy",
    "location": "Doge's Palace",
    "kind": "museum",
    "attribution": "generally accepted",
    "status": "present",
    "medium": "Oil on canvas",
    "dimensions": "9.1 × 22.6 cm",
    "genre": "religious art",
    "image": "https://commons.wikimedia.org/wiki/Special:FilePath/%28Venice%29%20Jacopo%20Tintoretto%20-%20Gloria%20del%20Paradiso%20-%20Sala%20del%20Maggior%20Consiglio.jpg?width=420",
    "wikipedia_en": "https://en.wikipedia.org/wiki/Il_Paradiso",
    "wikipedia_it": "https://it.wikipedia.org/wiki/Paradiso_(Tintoretto)",
    "wikidata": "https://www.wikidata.org/wiki/Q5996597",
    "creation_place": "Venice",
    "creation_lat": 45.4408,
    "creation_lon": 12.3155,
    "_source": {
     "source": "Wikidata",
     "url": "https://www.wikidata.org/wiki/Q5996597",
     "retrieved_at": "2026-08-20"
    },
    "_overrides": {
     "creation": {
      "at": "2026-08-20",
      "source": "derived from start date + Caravaggio's documented itinerary (approximate)"
     }
    },
    "museum_id": "doge-s-palace",
    "qid": "Q5996597",
    "wga_url": "https://www.wga.hu/html/t/tintoret/4a/5parad6.html"
   }
  },
  {
   "type": "Feature",
   "geometry": {
    "type": "Point",
    "coordinates": [
     -1.54722,
     47.21944
    ]
   },
   "properties": {
    "painter": "Tintoretto",
    "title": "Q60577281",
    "year": "1550",
    "city": "Nantes",
    "country": "France",
    "location": "Nantes Museum of Arts",
    "kind": "museum",
    "attribution": "attributed",
    "status": "present",
    "medium": "Oil on canvas",
    "dimensions": "59.5 × 51.4 cm",
    "genre": "portrait",
    "image": "https://commons.wikimedia.org/wiki/Special:FilePath/Tintoretto%20-%20Portrait%20d%27homme%2C%20dit%20de%20Soranzo.jpg?width=420",
    "wikidata": "https://www.wikidata.org/wiki/Q60577281",
    "creation_place": "Venice",
    "creation_lat": 45.4408,
    "creation_lon": 12.3155,
    "_source": {
     "source": "Wikidata",
     "url": "https://www.wikidata.org/wiki/Q60577281",
     "retrieved_at": "2026-08-20"
    },
    "_overrides": {
     "creation": {
      "at": "2026-08-20",
      "source": "derived from start date + Caravaggio's documented itinerary (approximate)"
     }
    },
    "museum_id": "nantes-museum-of-arts",
    "qid": "Q60577281"
   }
  },
  {
   "type": "Feature",
   "geometry": {
    "type": "Point",
    "coordinates": [
     12.32531,
     45.43657
    ]
   },
   "properties": {
    "painter": "Tintoretto",
    "title": "Visitation",
    "year": "1588",
    "city": "Venice",
    "country": "Italy",
    "location": "Scuola Grande di San Rocco",
    "kind": "museum",
    "attribution": "generally accepted",
    "status": "present",
    "medium": "Oil on canvas",
    "dimensions": "158 × 237 cm",
    "genre": "religious art",
    "image": "https://commons.wikimedia.org/wiki/Special:FilePath/Jacopo%20Tintoretto%20-%20Visitation%20-%20WGA22645.jpg?width=420",
    "wikipedia_en": "https://en.wikipedia.org/wiki/Visitation_(Tintoretto,_Venice)",
    "wikipedia_it": "https://it.wikipedia.org/wiki/Visitazione_(Tintoretto_Venezia)",
    "wikidata": "https://www.wikidata.org/wiki/Q60841086",
    "creation_place": "Venice",
    "creation_lat": 45.4408,
    "creation_lon": 12.3155,
    "_source": {
     "source": "Wikidata",
     "url": "https://www.wikidata.org/wiki/Q60841086",
     "retrieved_at": "2026-08-20"
    },
    "_overrides": {
     "creation": {
      "at": "2026-08-20",
      "source": "derived from start date + Caravaggio's documented itinerary (approximate)"
     }
    },
    "museum_id": "scuola-grande-di-san-rocco",
    "qid": "Q60841086",
    "wga_url": "https://www.wga.hu/html/t/tintoret/5_1580s/1visitat.html"
   }
  },
  {
   "type": "Feature",
   "geometry": {
    "type": "Point",
    "coordinates": [
     12.32531,
     45.43657
    ]
   },
   "properties": {
    "painter": "Tintoretto",
    "title": "The Resurrection of Christ",
    "year": "1578",
    "city": "Venice",
    "country": "Italy",
    "location": "Scuola Grande di San Rocco",
    "kind": "museum",
    "attribution": "generally accepted",
    "status": "present",
    "medium": "Oil on canvas",
    "dimensions": "http://www.wikidata.org/.well-known/genid/09a5c8202a8ad339996e2f2ed98d1007 × 485 cm",
    "genre": "religious art",
    "image": "https://commons.wikimedia.org/wiki/Special:FilePath/Tintoretto%20-%20The%20Resurrection%20of%20Christ.jpg?width=420",
    "wikipedia_it": "https://it.wikipedia.org/wiki/Resurrezione_di_Cristo_(Tintoretto_Scuola_Grande_di_San_Rocco)",
    "wikidata": "https://www.wikidata.org/wiki/Q63476054",
    "creation_place": "Venice",
    "creation_lat": 45.4408,
    "creation_lon": 12.3155,
    "_source": {
     "source": "Wikidata",
     "url": "https://www.wikidata.org/wiki/Q63476054",
     "retrieved_at": "2026-08-20"
    },
    "_overrides": {
     "creation": {
      "at": "2026-08-20",
      "source": "derived from start date + Caravaggio's documented itinerary (approximate)"
     }
    },
    "museum_id": "scuola-grande-di-san-rocco",
    "qid": "Q63476054",
    "wga_url": "https://www.wga.hu/html/t/tintoret/3b/2upper/2/24resur.html"
   }
  },
  {
   "type": "Feature",
   "geometry": {
    "type": "Point",
    "coordinates": [
     12.332089,
     45.439675
    ]
   },
   "properties": {
    "painter": "Tintoretto",
    "title": "The Resurrection of Jesus Christ",
    "year": "1565",
    "city": "Venice",
    "country": "Italy",
    "location": "San Cassiano",
    "kind": "church",
    "attribution": "generally accepted",
    "status": "present",
    "medium": "Oil on canvas",
    "dimensions": "450 × 225 cm",
    "genre": "religious art",
    "image": "https://commons.wikimedia.org/wiki/Special:FilePath/Jacopo%20Tintoretto%20-%20The%20Resurrection%20of%20Christ%20-%20WGA22476.jpg?width=420",
    "wikipedia_it": "https://it.wikipedia.org/wiki/Resurrezione_di_Cristo_con_i_santi_Cassiano_e_Cecilia",
    "wikidata": "https://www.wikidata.org/wiki/Q63476058",
    "creation_place": "Venice",
    "creation_lat": 45.4408,
    "creation_lon": 12.3155,
    "_source": {
     "source": "Wikidata",
     "url": "https://www.wikidata.org/wiki/Q63476058",
     "retrieved_at": "2026-08-20"
    },
    "_overrides": {
     "creation": {
      "at": "2026-08-20",
      "source": "derived from start date + Caravaggio's documented itinerary (approximate)"
     }
    },
    "museum_id": "san-cassiano",
    "qid": "Q63476058",
    "wga_url": "https://www.wga.hu/html/t/tintoret/3_1560s/6cassia1.html"
   }
  },
  {
   "type": "Feature",
   "geometry": {
    "type": "Point",
    "coordinates": [
     12.32531,
     45.43657
    ]
   },
   "properties": {
    "painter": "Tintoretto",
    "title": "The Baptism of Christ",
    "year": "1580",
    "city": "Venice",
    "country": "Italy",
    "location": "Scuola Grande di San Rocco",
    "kind": "museum",
    "attribution": "generally accepted",
    "status": "present",
    "medium": "Oil on canvas",
    "dimensions": "538 × 465 cm",
    "genre": "religious art",
    "image": "https://commons.wikimedia.org/wiki/Special:FilePath/Tintoretto%20-%20The%20Baptism%20of%20Christ.jpg?width=420",
    "wikipedia_it": "https://it.wikipedia.org/wiki/Battesimo_di_Cristo_(Tintoretto_Scuola_Grande_di_San_Rocco)",
    "wikidata": "https://www.wikidata.org/wiki/Q63494892",
    "creation_place": "Venice",
    "creation_lat": 45.4408,
    "creation_lon": 12.3155,
    "_source": {
     "source": "Wikidata",
     "url": "https://www.wikidata.org/wiki/Q63494892",
     "retrieved_at": "2026-08-20"
    },
    "_overrides": {
     "creation": {
      "at": "2026-08-20",
      "source": "derived from start date + Caravaggio's documented itinerary (approximate)"
     }
    },
    "museum_id": "scuola-grande-di-san-rocco",
    "qid": "Q63494892",
    "wga_url": "https://www.wga.hu/html/t/tintoret/3b/2upper/2/23bapti.html"
   }
  },
  {
   "type": "Feature",
   "geometry": {
    "type": "Point",
    "coordinates": [
     11.54931,
     45.54902
    ]
   },
   "properties": {
    "painter": "Tintoretto",
    "title": "The Miracle of St Augustine",
    "year": "1549",
    "city": "Vicenza",
    "country": "Italy",
    "location": "Palazzo Chiericati Art Gallery",
    "kind": "museum",
    "attribution": "generally accepted",
    "status": "present",
    "medium": "Oil on canvas",
    "dimensions": "255 × 175 cm",
    "genre": "religious art",
    "image": "https://commons.wikimedia.org/wiki/Special:FilePath/Jacopo%20Tintoretto%20-%20The%20Miracle%20of%20St%20Augustine%20-%20WGA22431.jpg?width=420",
    "wikipedia_it": "https://it.wikipedia.org/wiki/Sant%27Agostino_risana_gli_sciancati",
    "wikidata": "https://www.wikidata.org/wiki/Q63526863",
    "creation_place": "Venice",
    "creation_lat": 45.4408,
    "creation_lon": 12.3155,
    "_source": {
     "source": "Wikidata",
     "url": "https://www.wikidata.org/wiki/Q63526863",
     "retrieved_at": "2026-08-20"
    },
    "_overrides": {
     "creation": {
      "at": "2026-08-20",
      "source": "derived from start date + Caravaggio's documented itinerary (approximate)"
     }
    },
    "museum_id": "palazzo-chiericati-art-gallery",
    "qid": "Q63526863",
    "wga_url": "https://www.wga.hu/html/t/tintoret/1_1540s/5miracle.html"
   }
  },
  {
   "type": "Feature",
   "geometry": {
    "type": "Point",
    "coordinates": [
     12.339167,
     45.443333
    ]
   },
   "properties": {
    "painter": "Tintoretto",
    "title": "Assumption of the Virgin",
    "year": "1555",
    "city": "Venice",
    "country": "Italy",
    "location": "I Gesuiti",
    "kind": "church",
    "attribution": "generally accepted",
    "status": "present",
    "medium": "Oil on canvas",
    "dimensions": "440 × 260 cm",
    "genre": "religious art",
    "image": "https://commons.wikimedia.org/wiki/Special:FilePath/Jacopo%20Tintoretto%20-%20The%20Assumption%20-%20WGA22445.jpg?width=420",
    "wikipedia_en": "https://en.wikipedia.org/wiki/Assumption_of_the_Virgin_(Tintoretto)",
    "wikipedia_it": "https://it.wikipedia.org/wiki/Assunzione_della_Vergine_(Tintoretto_chiesa_di_Santa_Maria_Assunta_detta_I_Gesuiti)",
    "wikidata": "https://www.wikidata.org/wiki/Q63527354",
    "creation_place": "Venice",
    "creation_lat": 45.4408,
    "creation_lon": 12.3155,
    "_source": {
     "source": "Wikidata",
     "url": "https://www.wikidata.org/wiki/Q63527354",
     "retrieved_at": "2026-08-20"
    },
    "_overrides": {
     "creation": {
      "at": "2026-08-20",
      "source": "derived from start date + Caravaggio's documented itinerary (approximate)"
     }
    },
    "museum_id": "i-gesuiti",
    "qid": "Q63527354",
    "wga_url": "https://www.wga.hu/html/t/tintoret/2_1550s/05assump.html"
   }
  },
  {
   "type": "Feature",
   "geometry": {
    "type": "Point",
    "coordinates": [
     12.325261,
     45.436972
    ]
   },
   "properties": {
    "painter": "Tintoretto",
    "title": "St Roch in the Hospital",
    "year": "1549",
    "city": "Venice",
    "country": "Italy",
    "location": "Church of Saint Roch",
    "kind": "church",
    "attribution": "generally accepted",
    "status": "present",
    "medium": "Oil on canvas",
    "dimensions": "307 × 673 cm",
    "genre": "religious art",
    "image": "https://commons.wikimedia.org/wiki/Special:FilePath/San%20Rocco%20Venezia%20%28Interno%29%20-%20San%20Rocco%20risana%20gli%20appestati.jpg?width=420",
    "wikipedia_it": "https://it.wikipedia.org/wiki/San_Rocco_risana_gli_appestati",
    "wikidata": "https://www.wikidata.org/wiki/Q64623971",
    "creation_place": "Venice",
    "creation_lat": 45.4408,
    "creation_lon": 12.3155,
    "_source": {
     "source": "Wikidata",
     "url": "https://www.wikidata.org/wiki/Q64623971",
     "retrieved_at": "2026-08-20"
    },
    "_overrides": {
     "creation": {
      "at": "2026-08-20",
      "source": "derived from start date + Caravaggio's documented itinerary (approximate)"
     }
    },
    "museum_id": "church-of-saint-roch",
    "qid": "Q64623971",
    "wga_url": "https://www.wga.hu/html/t/tintoret/3c/1roch.html"
   }
  },
  {
   "type": "Feature",
   "geometry": {
    "type": "Point",
    "coordinates": [
     12.326,
     45.4308
    ]
   },
   "properties": {
    "painter": "Tintoretto",
    "title": "The Temptation of Saint Anthony",
    "year": "1577",
    "city": "Venice",
    "country": "Italy",
    "location": "San Trovaso",
    "kind": "church",
    "attribution": "generally accepted",
    "status": "present",
    "medium": "Oil on canvas",
    "dimensions": "282 × 165 cm",
    "genre": "religious art",
    "image": "https://commons.wikimedia.org/wiki/Special:FilePath/Jacopo%20Tintoretto%20-%20The%20Temptation%20of%20St%20Anthony%20-%20WGA22617.jpg?width=420",
    "wikipedia_it": "https://it.wikipedia.org/wiki/Tentazioni_di_sant%27Antonio_(Tintoretto)",
    "wikidata": "https://www.wikidata.org/wiki/Q65130430",
    "creation_place": "Venice",
    "creation_lat": 45.4408,
    "creation_lon": 12.3155,
    "_source": {
     "source": "Wikidata",
     "url": "https://www.wikidata.org/wiki/Q65130430",
     "retrieved_at": "2026-08-20"
    },
    "_overrides": {
     "creation": {
      "at": "2026-08-20",
      "source": "derived from start date + Caravaggio's documented itinerary (approximate)"
     }
    },
    "museum_id": "san-trovaso",
    "qid": "Q65130430",
    "wga_url": "https://www.wga.hu/html/t/tintoret/4_1570s/4temptat.html"
   }
  },
  {
   "type": "Feature",
   "geometry": {
    "type": "Point",
    "coordinates": [
     12.32531,
     45.43657
    ]
   },
   "properties": {
    "painter": "Tintoretto",
    "title": "The Ascension",
    "year": "1580",
    "city": "Venice",
    "country": "Italy",
    "location": "Scuola Grande di San Rocco",
    "kind": "museum",
    "attribution": "generally accepted",
    "status": "present",
    "medium": "Oil on canvas",
    "dimensions": "538 × 325 cm",
    "genre": "religious art",
    "image": "https://commons.wikimedia.org/wiki/Special:FilePath/Tintoretto%20-%20The%20Ascension.jpg?width=420",
    "wikipedia_it": "https://it.wikipedia.org/wiki/Ascensione_(Tintoretto)",
    "wikidata": "https://www.wikidata.org/wiki/Q65130621",
    "creation_place": "Venice",
    "creation_lat": 45.4408,
    "creation_lon": 12.3155,
    "_source": {
     "source": "Wikidata",
     "url": "https://www.wikidata.org/wiki/Q65130621",
     "retrieved_at": "2026-08-20"
    },
    "_overrides": {
     "creation": {
      "at": "2026-08-20",
      "source": "derived from start date + Caravaggio's documented itinerary (approximate)"
     }
    },
    "museum_id": "scuola-grande-di-san-rocco",
    "qid": "Q65130621",
    "wga_url": "https://www.wga.hu/html/t/tintoret/3b/2upper/2/30ascen.html"
   }
  },
  {
   "type": "Feature",
   "geometry": {
    "type": "Point",
    "coordinates": [
     12.333414,
     45.4375
    ]
   },
   "properties": {
    "painter": "Tintoretto",
    "title": "The Baptism of Christ",
    "year": "1580",
    "city": "Venice",
    "country": "Italy",
    "location": "San Silvestro, Venice",
    "kind": "church",
    "attribution": "generally accepted",
    "status": "present",
    "medium": "Oil on panel",
    "dimensions": "283 × 162 cm",
    "genre": "religious art",
    "image": "https://commons.wikimedia.org/wiki/Special:FilePath/%28Venice%29%20Baptism%20of%20Christ%20by%20Jacopo%20Tintoretto%20-%20San%20Silvestro.jpg?width=420",
    "wikipedia_en": "https://en.wikipedia.org/wiki/Baptism_of_Christ_(Tintoretto,_Venice)",
    "wikipedia_it": "https://it.wikipedia.org/wiki/Battesimo_di_Cristo_(Tintoretto_chiesa_di_San_Silvestro)",
    "wikidata": "https://www.wikidata.org/wiki/Q65131308",
    "creation_place": "Venice",
    "creation_lat": 45.4408,
    "creation_lon": 12.3155,
    "_source": {
     "source": "Wikidata",
     "url": "https://www.wikidata.org/wiki/Q65131308",
     "retrieved_at": "2026-08-20"
    },
    "_overrides": {
     "creation": {
      "at": "2026-08-20",
      "source": "derived from start date + Caravaggio's documented itinerary (approximate)"
     }
    },
    "museum_id": "san-silvestro-venice",
    "qid": "Q65131308"
   }
  },
  {
   "type": "Feature",
   "geometry": {
    "type": "Point",
    "coordinates": [
     12.332089,
     45.439675
    ]
   },
   "properties": {
    "painter": "Tintoretto",
    "title": "The Descent into Hell",
    "year": "1568",
    "city": "Venice",
    "country": "Italy",
    "location": "San Cassiano",
    "kind": "church",
    "attribution": "generally accepted",
    "status": "present",
    "medium": "Oil on canvas",
    "dimensions": "342 × 373 cm",
    "genre": "religious art",
    "image": "https://commons.wikimedia.org/wiki/Special:FilePath/Jacopo%20Tintoretto%20-%20The%20Descent%20into%20Hell%20-%20WGA22478.jpg?width=420",
    "wikipedia_it": "https://it.wikipedia.org/wiki/Discesa_nel_Limbo_(Tintoretto)",
    "wikidata": "https://www.wikidata.org/wiki/Q65131350",
    "creation_place": "Venice",
    "creation_lat": 45.4408,
    "creation_lon": 12.3155,
    "_source": {
     "source": "Wikidata",
     "url": "https://www.wikidata.org/wiki/Q65131350",
     "retrieved_at": "2026-08-20"
    },
    "_overrides": {
     "creation": {
      "at": "2026-08-20",
      "source": "derived from start date + Caravaggio's documented itinerary (approximate)"
     }
    },
    "museum_id": "san-cassiano",
    "qid": "Q65131350",
    "wga_url": "https://www.wga.hu/html/t/tintoret/3_1560s/6cassia3.html"
   }
  },
  {
   "type": "Feature",
   "geometry": {
    "type": "Point",
    "coordinates": [
     12.32814,
     45.43108
    ]
   },
   "properties": {
    "painter": "Tintoretto",
    "title": "Presentation of Jesus in the temple",
    "year": "1550",
    "city": "Venice",
    "country": "Italy",
    "location": "Gallerie dell'Accademia",
    "kind": "museum",
    "attribution": "generally accepted",
    "status": "present",
    "medium": "Oil on canvas",
    "dimensions": "239 × 298 cm",
    "genre": "religious art",
    "image": "https://commons.wikimedia.org/wiki/Special:FilePath/Tintoretto%20-%20Presentation%20at%20the%20Temple.jpg?width=420",
    "wikipedia_en": "https://en.wikipedia.org/wiki/Presentation_at_the_Temple_(Tintoretto,_Gallerie_dell%27Accademia)",
    "wikipedia_it": "https://it.wikipedia.org/wiki/Presentazione_di_Ges%C3%B9_al_Tempio_(Tintoretto_Gallerie_dell%27Accademia)",
    "wikidata": "https://www.wikidata.org/wiki/Q65132090",
    "creation_place": "Venice",
    "creation_lat": 45.4408,
    "creation_lon": 12.3155,
    "_source": {
     "source": "Wikidata",
     "url": "https://www.wikidata.org/wiki/Q65132090",
     "retrieved_at": "2026-08-20"
    },
    "_overrides": {
     "creation": {
      "at": "2026-08-20",
      "source": "derived from start date + Caravaggio's documented itinerary (approximate)"
     }
    },
    "museum_id": "gallerie-dell-accademia",
    "qid": "Q65132090"
   }
  },
  {
   "type": "Feature",
   "geometry": {
    "type": "Point",
    "coordinates": [
     20.4594,
     44.8167
    ]
   },
   "properties": {
    "painter": "Tintoretto",
    "title": "Portrait of Christina of Denmark",
    "year": "1556",
    "city": "Belgrade",
    "country": "Serbia",
    "location": "National Museum of Serbia",
    "kind": "museum",
    "attribution": "generally accepted",
    "status": "present",
    "medium": "Oil on canvas",
    "dimensions": "110 × 83 cm",
    "genre": "portrait",
    "image": "https://commons.wikimedia.org/wiki/Special:FilePath/Portrait%20of%20Christina%20of%20Denmark%20with%20a%20globe%20and%20a%20compass.jpg?width=420",
    "wikipedia_en": "https://en.wikipedia.org/wiki/Portrait_of_Queen_Christina_of_Denmark",
    "wikipedia_it": "https://it.wikipedia.org/wiki/Ritratto_di_Cristina_di_Danimarca",
    "wikidata": "https://www.wikidata.org/wiki/Q7232301",
    "creation_place": "Venice",
    "creation_lat": 45.4408,
    "creation_lon": 12.3155,
    "_source": {
     "source": "Wikidata",
     "url": "https://www.wikidata.org/wiki/Q7232301",
     "retrieved_at": "2026-08-20"
    },
    "_overrides": {
     "creation": {
      "at": "2026-08-20",
      "source": "derived from start date + Caravaggio's documented itinerary (approximate)"
     }
    },
    "museum_id": "national-museum-of-serbia",
    "qid": "Q7232301"
   }
  },
  {
   "type": "Feature",
   "geometry": {
    "type": "Point",
    "coordinates": [
     3.06291,
     50.63035
    ]
   },
   "properties": {
    "painter": "Tintoretto",
    "title": "Portrait of a Venetian Senator",
    "year": "1575",
    "city": "Lille",
    "country": "France",
    "location": "Palais des Beaux-Arts de Lille",
    "kind": "museum",
    "attribution": "attributed",
    "status": "present",
    "medium": "Oil on canvas",
    "dimensions": "110 × 84.5 cm",
    "genre": "portrait",
    "image": "https://commons.wikimedia.org/wiki/Special:FilePath/TINTORET%20Jacopo%20Robusti%20-%20Portrait%20d%27un%20s%C3%A9nateur%20V%C3%A9nitien%2C%20P%2043.jpg?width=420",
    "wikidata": "https://www.wikidata.org/wiki/Q72936523",
    "creation_place": "Venice",
    "creation_lat": 45.4408,
    "creation_lon": 12.3155,
    "_source": {
     "source": "Wikidata",
     "url": "https://www.wikidata.org/wiki/Q72936523",
     "retrieved_at": "2026-08-20"
    },
    "_overrides": {
     "creation": {
      "at": "2026-08-20",
      "source": "derived from start date + Caravaggio's documented itinerary (approximate)"
     }
    },
    "museum_id": "palais-des-beaux-arts-de-lille",
    "qid": "Q72936523"
   }
  },
  {
   "type": "Feature",
   "geometry": {
    "type": "Point",
    "coordinates": [
     12.32814,
     45.43108
    ]
   },
   "properties": {
    "painter": "Tintoretto",
    "title": "Cain and Abel",
    "year": "1550",
    "city": "Venice",
    "country": "Italy",
    "location": "Gallerie dell'Accademia",
    "kind": "museum",
    "attribution": "generally accepted",
    "status": "present",
    "medium": "Oil on canvas",
    "dimensions": "149 × 196 cm",
    "genre": "religious art",
    "image": "https://commons.wikimedia.org/wiki/Special:FilePath/Jacopo%20Tintoretto%20-%20The%20Murder%20of%20Abel%20-%20WGA22654.jpg?width=420",
    "wikipedia_en": "https://en.wikipedia.org/wiki/Cain_and_Abel_(Tintoretto)",
    "wikipedia_it": "https://it.wikipedia.org/wiki/Caino_uccide_Abele_(Tintoretto)",
    "wikidata": "https://www.wikidata.org/wiki/Q85860172",
    "creation_place": "Venice",
    "creation_lat": 45.4408,
    "creation_lon": 12.3155,
    "_source": {
     "source": "Wikidata",
     "url": "https://www.wikidata.org/wiki/Q85860172",
     "retrieved_at": "2026-08-20"
    },
    "_overrides": {
     "creation": {
      "at": "2026-08-20",
      "source": "derived from start date + Caravaggio's documented itinerary (approximate)"
     }
    },
    "museum_id": "gallerie-dell-accademia",
    "qid": "Q85860172",
    "wga_url": "https://www.wga.hu/html/t/tintoret/6/04abel.html"
   }
  },
  {
   "type": "Feature",
   "geometry": {
    "type": "Point",
    "coordinates": [
     12.32531,
     45.43657
    ]
   },
   "properties": {
    "painter": "Tintoretto",
    "title": "Moses Striking Water from the Rock",
    "year": "1577",
    "city": "Venice",
    "country": "Italy",
    "location": "Scuola Grande di San Rocco",
    "kind": "museum",
    "attribution": "generally accepted",
    "status": "present",
    "medium": "Oil on canvas",
    "dimensions": "550 × 520 cm",
    "genre": "religious art",
    "image": "https://commons.wikimedia.org/wiki/Special:FilePath/File-Tintoretto%2C%20Jacopo%20-%20Moses%20Striking%20Water%20from%20the%20Rock%20-%201577%20-%20122kb.jpg?width=420",
    "wikipedia_es": "https://es.wikipedia.org/wiki/Mois%C3%A9s_hace_manar_agua_de_la_roca",
    "wikipedia_it": "https://it.wikipedia.org/wiki/Mos%C3%A8_fa_scaturire_l%27acqua_dalla_roccia",
    "wikidata": "https://www.wikidata.org/wiki/Q9034188",
    "creation_place": "Venice",
    "creation_lat": 45.4408,
    "creation_lon": 12.3155,
    "_source": {
     "source": "Wikidata",
     "url": "https://www.wikidata.org/wiki/Q9034188",
     "retrieved_at": "2026-08-20"
    },
    "_overrides": {
     "creation": {
      "at": "2026-08-20",
      "source": "derived from start date + Caravaggio's documented itinerary (approximate)"
     }
    },
    "museum_id": "scuola-grande-di-san-rocco",
    "qid": "Q9034188"
   }
  },
  {
   "type": "Feature",
   "geometry": {
    "type": "Point",
    "coordinates": [
     12.32814,
     45.43108
    ]
   },
   "properties": {
    "painter": "Tintoretto",
    "title": "Portrait of Procurator Jacopo Soranzo",
    "year": "1550",
    "city": "Venice",
    "country": "Italy",
    "location": "Gallerie dell'Accademia",
    "kind": "museum",
    "attribution": "generally accepted",
    "status": "present",
    "medium": "Oil on canvas",
    "dimensions": "106 × 90 cm",
    "genre": "portrait",
    "image": "https://commons.wikimedia.org/wiki/Special:FilePath/Jacopo%20Tintoretto%20096.jpg?width=420",
    "wikipedia_es": "https://es.wikipedia.org/wiki/Retrato_del_procurador_Jacopo_Soranzo",
    "wikipedia_en": "https://en.wikipedia.org/wiki/Portrait_of_Procurator_Jacopo_Soranzo",
    "wikipedia_it": "https://it.wikipedia.org/wiki/Ritratto_del_procuratore_Jacopo_Soranzo",
    "wikidata": "https://www.wikidata.org/wiki/Q9068409",
    "creation_place": "Venice",
    "creation_lat": 45.4408,
    "creation_lon": 12.3155,
    "_source": {
     "source": "Wikidata",
     "url": "https://www.wikidata.org/wiki/Q9068409",
     "retrieved_at": "2026-08-20"
    },
    "_overrides": {
     "creation": {
      "at": "2026-08-20",
      "source": "derived from start date + Caravaggio's documented itinerary (approximate)"
     }
    },
    "museum_id": "gallerie-dell-accademia",
    "qid": "Q9068409",
    "wga_url": "https://www.wga.hu/html/t/tintoret/8/08soranz.html"
   }
  },
  {
   "type": "Feature",
   "geometry": {
    "type": "Point",
    "coordinates": [
     12.32531,
     45.43657
    ]
   },
   "properties": {
    "painter": "Tintoretto",
    "title": "Ecce Homo",
    "year": "1566",
    "city": "Venice",
    "country": "Italy",
    "location": "Scuola Grande di San Rocco",
    "kind": "museum",
    "attribution": "generally accepted",
    "status": "present",
    "medium": "Oil on canvas",
    "dimensions": "285 × 400 cm",
    "genre": "religious art",
    "image": "https://commons.wikimedia.org/wiki/Special:FilePath/Cierniem%20koronowanie.jpg?width=420",
    "wikipedia_it": "https://it.wikipedia.org/wiki/Ecce_Homo_(Tintoretto)",
    "wikidata": "https://www.wikidata.org/wiki/Q9192552",
    "creation_place": "Venice",
    "creation_lat": 45.4408,
    "creation_lon": 12.3155,
    "_source": {
     "source": "Wikidata",
     "url": "https://www.wikidata.org/wiki/Q9192552",
     "retrieved_at": "2026-08-20"
    },
    "_overrides": {
     "creation": {
      "at": "2026-08-20",
      "source": "derived from start date + Caravaggio's documented itinerary (approximate)"
     }
    },
    "museum_id": "scuola-grande-di-san-rocco",
    "qid": "Q9192552",
    "wga_url": "https://www.wga.hu/html/t/tintoret/3b/1albergo/2/2ecce.html"
   }
  },
  {
   "type": "Feature",
   "geometry": {
    "type": "Point",
    "coordinates": [
     12.34042,
     45.43367
    ]
   },
   "properties": {
    "painter": "Tintoretto",
    "title": "Doge Nicolò da Ponte Receiving a Laurel Crown from Venice",
    "year": "1600",
    "city": "Venice",
    "country": "Italy",
    "location": "Doge's Palace",
    "kind": "museum",
    "attribution": "attributed",
    "status": "present",
    "medium": "Oil on canvas",
    "image": "https://commons.wikimedia.org/wiki/Special:FilePath/Dobrowolne%20podporz%C4%85dkowanie%20sie%20prowincji.jpg?width=420",
    "wikidata": "https://www.wikidata.org/wiki/Q9208339",
    "_source": {
     "source": "Wikidata",
     "url": "https://www.wikidata.org/wiki/Q9208339",
     "retrieved_at": "2026-08-20"
    },
    "museum_id": "doge-s-palace",
    "qid": "Q9208339",
    "wga_url": "https://www.wga.hu/html/t/tintoret/4a/5maggio2.html"
   }
  },
  {
   "type": "Feature",
   "geometry": {
    "type": "Point",
    "coordinates": [
     12.32814,
     45.43108
    ]
   },
   "properties": {
    "painter": "Tintoretto",
    "title": "St Mark's Body Brought to Venice",
    "year": "1564",
    "city": "Venice",
    "country": "Italy",
    "location": "Gallerie dell'Accademia",
    "kind": "museum",
    "attribution": "generally accepted",
    "status": "present",
    "medium": "Oil on canvas",
    "dimensions": "398 × 315 cm",
    "genre": "religious art",
    "image": "https://commons.wikimedia.org/wiki/Special:FilePath/Jacopo%20Tintoretto%20-%20St%20Mark%27s%20Body%20Brought%20to%20Venice.jpg?width=420",
    "wikipedia_es": "https://es.wikipedia.org/wiki/Traslaci%C3%B3n_del_cuerpo_de_San_Marcos",
    "wikipedia_en": "https://en.wikipedia.org/wiki/Saint_Mark%27s_Body_Brought_to_Venice",
    "wikipedia_it": "https://it.wikipedia.org/wiki/Trafugamento_del_corpo_di_san_Marco",
    "wikidata": "https://www.wikidata.org/wiki/Q924655",
    "creation_place": "Venice",
    "creation_lat": 45.4408,
    "creation_lon": 12.3155,
    "_source": {
     "source": "Wikidata",
     "url": "https://www.wikidata.org/wiki/Q924655",
     "retrieved_at": "2026-08-20"
    },
    "_overrides": {
     "creation": {
      "at": "2026-08-20",
      "source": "derived from start date + Caravaggio's documented itinerary (approximate)"
     }
    },
    "museum_id": "gallerie-dell-accademia",
    "qid": "Q924655",
    "wga_url": "https://www.wga.hu/html/t/tintoret/3a/3mark.html"
   }
  },
  {
   "type": "Feature",
   "geometry": {
    "type": "Point",
    "coordinates": [
     12.32531,
     45.43657
    ]
   },
   "properties": {
    "painter": "Tintoretto",
    "title": "The Ascent to Calvary",
    "year": "1565",
    "city": "Venice",
    "country": "Italy",
    "location": "Scuola Grande di San Rocco",
    "kind": "museum",
    "attribution": "generally accepted",
    "status": "present",
    "medium": "Oil on canvas",
    "genre": "religious art",
    "image": "https://commons.wikimedia.org/wiki/Special:FilePath/Droga%20krzy%C5%BCowa.jpg?width=420",
    "wikipedia_it": "https://it.wikipedia.org/wiki/Salita_al_Calvario_(Tintoretto)",
    "wikidata": "https://www.wikidata.org/wiki/Q9249611",
    "creation_place": "Venice",
    "creation_lat": 45.4408,
    "creation_lon": 12.3155,
    "_source": {
     "source": "Wikidata",
     "url": "https://www.wikidata.org/wiki/Q9249611",
     "retrieved_at": "2026-08-20"
    },
    "_overrides": {
     "creation": {
      "at": "2026-08-20",
      "source": "derived from start date + Caravaggio's documented itinerary (approximate)"
     }
    },
    "museum_id": "scuola-grande-di-san-rocco",
    "qid": "Q9249611",
    "wga_url": "https://www.wga.hu/html/t/tintoret/3b/1albergo/2/1carry.html"
   }
  },
  {
   "type": "Feature",
   "geometry": {
    "type": "Point",
    "coordinates": [
     19.07678,
     47.51587
    ]
   },
   "properties": {
    "painter": "Tintoretto",
    "title": "Hercules Expelling the Faun from Omphale's Bed",
    "year": "1585-1590",
    "city": "Zugló",
    "country": "Hungary",
    "location": "Museum of Fine Arts, Budapest",
    "kind": "museum",
    "attribution": "attributed",
    "status": "present",
    "medium": "Oil on canvas",
    "dimensions": "112 × 106 cm",
    "genre": "mythological painting",
    "image": "https://commons.wikimedia.org/wiki/Special:FilePath/Jacopo%20Tintoretto%20-%20Hercules%20Expelling%20the%20Faun%20from%20Omphale%27s%20Bed%20-%20Google%20Art%20Project.jpg?width=420",
    "wikidata": "https://www.wikidata.org/wiki/Q9291481",
    "creation_place": "Venice",
    "creation_lat": 45.4408,
    "creation_lon": 12.3155,
    "_source": {
     "source": "Wikidata",
     "url": "https://www.wikidata.org/wiki/Q9291481",
     "retrieved_at": "2026-08-20"
    },
    "_overrides": {
     "creation": {
      "at": "2026-08-20",
      "source": "derived from start date + Caravaggio's documented itinerary (approximate)"
     }
    },
    "museum_id": "museum-of-fine-arts-budapest",
    "qid": "Q9291481"
   }
  },
  {
   "type": "Feature",
   "geometry": {
    "type": "Point",
    "coordinates": [
     -87.62389,
     41.87944
    ]
   },
   "properties": {
    "painter": "Tintoretto",
    "title": "Tarquin and Lucretia",
    "year": "1579",
    "city": "Chicago",
    "country": "United States",
    "location": "Art Institute of Chicago",
    "kind": "museum",
    "attribution": "attributed",
    "status": "present",
    "medium": "Oil on canvas",
    "dimensions": "157 × 146 cm",
    "genre": "history painting, nude",
    "image": "https://commons.wikimedia.org/wiki/Special:FilePath/Tintoretto%20-%20Tarquin%20and%20Lucretia%20-%201949.203%20-%20Art%20Institute%20of%20Chicago.jpg?width=420",
    "wikidata": "https://www.wikidata.org/wiki/Q9355684",
    "creation_place": "Venice",
    "creation_lat": 45.4408,
    "creation_lon": 12.3155,
    "_source": {
     "source": "Wikidata",
     "url": "https://www.wikidata.org/wiki/Q9355684",
     "retrieved_at": "2026-08-20"
    },
    "_overrides": {
     "creation": {
      "at": "2026-08-20",
      "source": "derived from start date + Caravaggio's documented itinerary (approximate)"
     }
    },
    "museum_id": "art-institute-of-chicago",
    "qid": "Q9355684"
   }
  },
  {
   "type": "Feature",
   "geometry": {
    "type": "Point",
    "coordinates": [
     12.34042,
     45.43367
    ]
   },
   "properties": {
    "painter": "Tintoretto",
    "title": "Bacchus, Venus and Ariadne",
    "year": "1577",
    "city": "Venice",
    "country": "Italy",
    "location": "Doge's Palace",
    "kind": "museum",
    "attribution": "generally accepted",
    "status": "present",
    "medium": "Oil on canvas",
    "dimensions": "146 × 167 cm",
    "genre": "mythological painting",
    "image": "https://commons.wikimedia.org/wiki/Special:FilePath/Jacopo%20Tintoretto%20003.jpg?width=420",
    "wikipedia_es": "https://es.wikipedia.org/wiki/Baco,_Venus_y_Ariadna",
    "wikipedia_en": "https://en.wikipedia.org/wiki/Bacchus,_Venus_and_Ariadne_(Tintoretto)",
    "wikidata": "https://www.wikidata.org/wiki/Q9372115",
    "creation_place": "Venice",
    "creation_lat": 45.4408,
    "creation_lon": 12.3155,
    "_source": {
     "source": "Wikidata",
     "url": "https://www.wikidata.org/wiki/Q9372115",
     "retrieved_at": "2026-08-20"
    },
    "_overrides": {
     "creation": {
      "at": "2026-08-20",
      "source": "derived from start date + Caravaggio's documented itinerary (approximate)"
     }
    },
    "museum_id": "doge-s-palace",
    "qid": "Q9372115",
    "wga_url": "https://www.wga.hu/html/t/tintoret/4a/1antico1.html"
   }
  },
  {
   "type": "Feature",
   "geometry": {
    "type": "Point",
    "coordinates": [
     12.3433,
     45.4293
    ]
   },
   "properties": {
    "painter": "Tintoretto",
    "title": "The Jews in the Desert",
    "year": "1593",
    "city": "Venice",
    "country": "Italy",
    "location": "Church of San Giorgio Maggiore",
    "kind": "church",
    "attribution": "attributed",
    "status": "present",
    "medium": "Oil on canvas",
    "dimensions": "377 × 576 cm",
    "genre": "religious art",
    "image": "https://commons.wikimedia.org/wiki/Special:FilePath/Jacopo%20Tintoretto%20-%20The%20Jews%20in%20the%20Desert%20-%20WGA22646.jpg?width=420",
    "wikidata": "https://www.wikidata.org/wiki/Q9387722",
    "creation_place": "Venice",
    "creation_lat": 45.4408,
    "creation_lon": 12.3155,
    "_source": {
     "source": "Wikidata",
     "url": "https://www.wikidata.org/wiki/Q9387722",
     "retrieved_at": "2026-08-20"
    },
    "_overrides": {
     "creation": {
      "at": "2026-08-20",
      "source": "derived from start date + Caravaggio's documented itinerary (approximate)"
     }
    },
    "museum_id": "church-of-san-giorgio-maggiore",
    "qid": "Q9387722",
    "wga_url": "https://www.wga.hu/html/t/tintoret/5_1580s/2desert.html"
   }
  },
  {
   "type": "Feature",
   "geometry": {
    "type": "Point",
    "coordinates": [
     12.32531,
     45.43657
    ]
   },
   "properties": {
    "painter": "Tintoretto",
    "title": "Miracle of the manna",
    "year": "1577",
    "city": "Venice",
    "country": "Italy",
    "location": "Scuola Grande di San Rocco",
    "kind": "museum",
    "attribution": "attributed",
    "status": "present",
    "genre": "religious art",
    "image": "https://commons.wikimedia.org/wiki/Special:FilePath/MilagroDelMana.jpg?width=420",
    "wikidata": "https://www.wikidata.org/wiki/Q9390655",
    "creation_place": "Venice",
    "creation_lat": 45.4408,
    "creation_lon": 12.3155,
    "_source": {
     "source": "Wikidata",
     "url": "https://www.wikidata.org/wiki/Q9390655",
     "retrieved_at": "2026-08-20"
    },
    "_overrides": {
     "creation": {
      "at": "2026-08-20",
      "source": "derived from start date + Caravaggio's documented itinerary (approximate)"
     }
    },
    "museum_id": "scuola-grande-di-san-rocco",
    "qid": "Q9390655"
   }
  },
  {
   "type": "Feature",
   "geometry": {
    "type": "Point",
    "coordinates": [
     12.32531,
     45.43657
    ]
   },
   "properties": {
    "painter": "Tintoretto",
    "title": "The Annunciation",
    "year": "1583",
    "city": "Venice",
    "country": "Italy",
    "location": "Scuola Grande di San Rocco",
    "kind": "museum",
    "attribution": "generally accepted",
    "status": "present",
    "medium": "Oil on canvas",
    "dimensions": "422 × 545 cm",
    "genre": "religious art",
    "image": "https://commons.wikimedia.org/wiki/Special:FilePath/Jacopo%20Tintoretto%20034.jpg?width=420",
    "wikipedia_it": "https://it.wikipedia.org/wiki/Annunciazione_(Tintoretto_Scuola_Grande_di_San_Rocco)",
    "wikidata": "https://www.wikidata.org/wiki/Q9392235",
    "creation_place": "Venice",
    "creation_lat": 45.4408,
    "creation_lon": 12.3155,
    "_source": {
     "source": "Wikidata",
     "url": "https://www.wikidata.org/wiki/Q9392235",
     "retrieved_at": "2026-08-20"
    },
    "_overrides": {
     "creation": {
      "at": "2026-08-20",
      "source": "derived from start date + Caravaggio's documented itinerary (approximate)"
     }
    },
    "museum_id": "scuola-grande-di-san-rocco",
    "qid": "Q9392235",
    "wga_url": "https://www.wga.hu/html/t/tintoret/3b/3ground/1annunc.html"
   }
  }
 ]
}