{
 "type": "FeatureCollection",
 "_note": "Canon from List of paintings by J. M. W. Turner (Wikipedia). Coords via MediaWiki API.",
 "features": [
  {
   "type": "Feature",
   "geometry": {
    "type": "Point",
    "coordinates": [
     -86.1855,
     39.8259
    ]
   },
   "properties": {
    "painter": "J.M.W. Turner",
    "title": "Lambeth Palace",
    "year": "1790",
    "location": "Indianapolis Museum of Art",
    "attribution": "generally accepted",
    "dimensions": "26.7 × 38.1 cm",
    "image": "https://upload.wikimedia.org/wikipedia/commons/thumb/9/96/A_View_of_the_Archbishop%27s_Palace%2C_Lambeth.jpg/500px-A_View_of_the_Archbishop%27s_Palace%2C_Lambeth.jpg?utm_source=en.wikipedia.org&amp;utm_campaign=parser&amp;utm_content=thumbnail",
    "notable": true,
    "wikipedia_en": "https://en.wikipedia.org/wiki/Lambeth_Palace_(painting)",
    "creation_place": "London",
    "creation_lat": 51.5074,
    "creation_lon": -0.1278,
    "_source": {
     "source": "Wikipedia: List of paintings by J. M. W. Turner",
     "coord": "MediaWiki coordinates API"
    },
    "museum_id": "indianapolis-museum-of-art",
    "city": "Indianapolis",
    "qid": "Q16038609",
    "wikidata": "https://www.wikidata.org/wiki/Q16038609"
   }
  },
  {
   "type": "Feature",
   "geometry": {
    "type": "Point",
    "coordinates": [
     -86.1855,
     39.8259
    ]
   },
   "properties": {
    "painter": "J.M.W. Turner",
    "title": "Self-Portrait",
    "year": "1791–1793",
    "city": "Indianapolis",
    "location": "Indianapolis Museum of Art",
    "attribution": "generally accepted",
    "dimensions": "52 × 42 cm",
    "image": "https://upload.wikimedia.org/wikipedia/commons/thumb/1/1d/Joseph_Mallord_William_Turner_-_Self-Portrait_-_Google_Art_Project.jpg/500px-Joseph_Mallord_William_Turner_-_Self-Portrait_-_Google_Art_Project.jpg?utm_source=en.wikipedia.org&amp;utm_campaign=parser&amp;utm_content=thumbnail",
    "notable": true,
    "creation_place": "London",
    "creation_lat": 51.5074,
    "creation_lon": -0.1278,
    "_source": {
     "source": "Wikipedia: List of paintings by J. M. W. Turner",
     "coord": "MediaWiki coordinates API"
    },
    "museum_id": "indianapolis-museum-of-art",
    "qid": "Q27895184",
    "wikidata": "https://www.wikidata.org/wiki/Q27895184",
    "_overrides": {
     "qid": {
      "at": "2026-08-24",
      "source": "Wikidata reconciliation",
      "note": "matched to Q27895184 by normalised title + year (±8), same creator (merge_wd_extras)"
     }
    }
   }
  },
  {
   "type": "Feature",
   "geometry": {
    "type": "Point",
    "coordinates": [
     -0.12722,
     51.49083
    ]
   },
   "properties": {
    "painter": "J.M.W. Turner",
    "title": "Landscape with Windmill and Rainbow (partly after Gainsborough)",
    "year": "1795–1800",
    "city": "London",
    "country": "United Kingdom",
    "location": "Tate Britain",
    "attribution": "generally accepted",
    "dimensions": "70.5 × 90.2 cm",
    "image": "https://upload.wikimedia.org/wikipedia/commons/thumb/9/9b/Joseph_Mallord_William_Turner_%281775-1851%29_%28attributed_to%29_-_Landscape_with_Windmill_and_Rainbow_%28partly_after_Gainsborough%29_-_N05489_-_Tate.jpg/500px-Joseph_Mallord_William_Turner_%281775-1851%29_%28attributed_to%29_-_Landscape_with_Windmill_and_Rainbow_%28partly_after_Gainsborough%29_-_N05489_-_Tate.jpg?utm_source=en.wikipedia.org&amp;utm_campaign=parser&amp;utm_content=thumbnail",
    "notable": true,
    "wikipedia_en": "https://en.wikipedia.org/wiki/Landscape_with_Windmill_and_Rainbow_(J.M.W._Turner)",
    "creation_place": "London",
    "creation_lat": 51.5074,
    "creation_lon": -0.1278,
    "_source": {
     "source": "Wikipedia: List of paintings by J. M. W. Turner",
     "coord": "MediaWiki coordinates API"
    },
    "museum_id": "tate-britain",
    "qid": "Q28533472",
    "wikidata": "https://www.wikidata.org/wiki/Q28533472"
   }
  },
  {
   "type": "Feature",
   "geometry": {
    "type": "Point",
    "coordinates": [
     -0.12722,
     51.49083
    ]
   },
   "properties": {
    "painter": "J.M.W. Turner",
    "title": "Interior of a Romanesque Church",
    "year": "c.1795–1800",
    "city": "London",
    "country": "United Kingdom",
    "location": "Tate Britain",
    "attribution": "generally accepted",
    "dimensions": "61 × 50.2 cm",
    "image": "https://upload.wikimedia.org/wikipedia/commons/thumb/6/68/Joseph_Mallord_William_Turner_%281775-1851%29_-_Interior_of_a_Romanesque_Church_-_N05529_-_Tate.jpg/500px-Joseph_Mallord_William_Turner_%281775-1851%29_-_Interior_of_a_Romanesque_Church_-_N05529_-_Tate.jpg?utm_source=en.wikipedia.org&amp;utm_campaign=parser&amp;utm_content=thumbnail",
    "notable": true,
    "wikipedia_en": "https://en.wikipedia.org/wiki/Interior_of_a_Romanesque_Church_(J.M.W._Turner)",
    "creation_place": "London",
    "creation_lat": 51.5074,
    "creation_lon": -0.1278,
    "_source": {
     "source": "Wikipedia: List of paintings by J. M. W. Turner",
     "coord": "MediaWiki coordinates API"
    },
    "museum_id": "tate-britain",
    "qid": "Q28542131",
    "wikidata": "https://www.wikidata.org/wiki/Q28542131"
   }
  },
  {
   "type": "Feature",
   "geometry": {
    "type": "Point",
    "coordinates": [
     -0.12722,
     51.49083
    ]
   },
   "properties": {
    "painter": "J.M.W. Turner",
    "title": "Fishermen at Sea",
    "year": "1796",
    "city": "London",
    "country": "United Kingdom",
    "location": "Tate Britain",
    "attribution": "generally accepted",
    "dimensions": "91.4 × 122.2 cm",
    "image": "https://upload.wikimedia.org/wikipedia/commons/thumb/0/0d/Joseph_Mallord_William_Turner_-_Fishermen_at_Sea_-_Google_Art_Project.jpg/500px-Joseph_Mallord_William_Turner_-_Fishermen_at_Sea_-_Google_Art_Project.jpg?utm_source=en.wikipedia.org&amp;utm_campaign=parser&amp;utm_content=thumbnail",
    "notable": true,
    "wikipedia_en": "https://en.wikipedia.org/wiki/Fishermen_at_Sea",
    "creation_place": "London",
    "creation_lat": 51.5074,
    "creation_lon": -0.1278,
    "_source": {
     "source": "Wikipedia: List of paintings by J. M. W. Turner",
     "coord": "MediaWiki coordinates API"
    },
    "museum_id": "tate-britain",
    "qid": "Q3412132",
    "wikidata": "https://www.wikidata.org/wiki/Q3412132",
    "wga_url": "https://www.wga.hu/html/t/turner/1/100turne.html"
   }
  },
  {
   "type": "Feature",
   "geometry": {
    "type": "Point",
    "coordinates": [
     -0.12722,
     51.49083
    ]
   },
   "properties": {
    "painter": "J.M.W. Turner",
    "title": "Diana and Callisto (after Wilson)",
    "year": "1796",
    "city": "London",
    "country": "United Kingdom",
    "location": "Tate Britain",
    "attribution": "generally accepted",
    "dimensions": "56.5 × 91.4 cm",
    "image": "https://upload.wikimedia.org/wikipedia/commons/thumb/8/8f/Joseph_Mallord_William_Turner_%281775-1851%29_%28attributed_to%29_-_Diana_and_Callisto_%28after_Wilson%29_-_N05490_-_National_Gallery.jpg/500px-Joseph_Mallord_William_Turner_%281775-1851%29_%28attributed_to%29_-_Diana_and_Callisto_%28after_Wilson%29_-_N05490_-_National_Gallery.jpg?utm_source=en.wikipedia.org&amp;utm_campaign=parser&amp;utm_content=thumbnail",
    "notable": true,
    "wikipedia_en": "https://en.wikipedia.org/wiki/Diana_and_Callisto_(J.M.W._Turner)",
    "creation_place": "London",
    "creation_lat": 51.5074,
    "creation_lon": -0.1278,
    "_source": {
     "source": "Wikipedia: List of paintings by J. M. W. Turner",
     "coord": "MediaWiki coordinates API"
    },
    "museum_id": "tate-britain",
    "qid": "Q28533450",
    "wikidata": "https://www.wikidata.org/wiki/Q28533450"
   }
  },
  {
   "type": "Feature",
   "geometry": {
    "type": "Point",
    "coordinates": [
     -0.12722,
     51.49083
    ]
   },
   "properties": {
    "painter": "J.M.W. Turner",
    "title": "Interior of a Gothic Church",
    "year": "1797",
    "city": "London",
    "country": "United Kingdom",
    "location": "Tate Britain",
    "attribution": "generally accepted",
    "dimensions": "27.9 × 40.6 cm",
    "image": "https://upload.wikimedia.org/wikipedia/commons/thumb/6/62/Joseph_Mallord_William_Turner_%281775-1851%29_-_Interior_of_a_Gothic_Church_-_N05536_-_National_Gallery.jpg/500px-Joseph_Mallord_William_Turner_%281775-1851%29_-_Interior_of_a_Gothic_Church_-_N05536_-_National_Gallery.jpg?utm_source=en.wikipedia.org&amp;utm_campaign=parser&amp;utm_content=thumbnail",
    "notable": true,
    "wikipedia_en": "https://en.wikipedia.org/wiki/Interior_of_a_Gothic_Church_(J.M.W._Turner)",
    "creation_place": "London",
    "creation_lat": 51.5074,
    "creation_lon": -0.1278,
    "_source": {
     "source": "Wikipedia: List of paintings by J. M. W. Turner",
     "coord": "MediaWiki coordinates API"
    },
    "museum_id": "tate-britain",
    "qid": "Q28545103",
    "wikidata": "https://www.wikidata.org/wiki/Q28545103"
   }
  },
  {
   "type": "Feature",
   "geometry": {
    "type": "Point",
    "coordinates": [
     -0.12722,
     51.49083
    ]
   },
   "properties": {
    "painter": "J.M.W. Turner",
    "title": "Moonlight, a Study at Millbank",
    "year": "1797",
    "city": "London",
    "country": "United Kingdom",
    "location": "Tate Britain",
    "attribution": "generally accepted",
    "dimensions": "31.5 × 40.5 cm",
    "image": "https://upload.wikimedia.org/wikipedia/commons/thumb/d/db/Joseph_Mallord_William_Turner_%281775-1851%29_-_Moonlight%2C_a_Study_at_Millbank_-_N00459_-_National_Gallery.jpg/500px-Joseph_Mallord_William_Turner_%281775-1851%29_-_Moonlight%2C_a_Study_at_Millbank_-_N00459_-_National_Gallery.jpg?utm_source=en.wikipedia.org&amp;utm_campaign=parser&amp;utm_content=thumbnail",
    "notable": true,
    "wikipedia_en": "https://en.wikipedia.org/wiki/Moonlight,_a_Study_at_Millbank_(J.M.W._Turner)",
    "creation_place": "London",
    "creation_lat": 51.5074,
    "creation_lon": -0.1278,
    "_source": {
     "source": "Wikipedia: List of paintings by J. M. W. Turner",
     "coord": "MediaWiki coordinates API"
    },
    "museum_id": "tate-britain",
    "qid": "Q28540927",
    "wikidata": "https://www.wikidata.org/wiki/Q28540927"
   }
  },
  {
   "type": "Feature",
   "geometry": {
    "type": "Point",
    "coordinates": [
     -72.93091,
     41.30791
    ]
   },
   "properties": {
    "painter": "J.M.W. Turner",
    "title": "Limekiln at Coalbrookdale",
    "year": "1797",
    "city": "Connecticut",
    "location": "Yale Center for British Art",
    "attribution": "generally accepted",
    "dimensions": "28.9 × 40.3 cm",
    "image": "https://upload.wikimedia.org/wikipedia/commons/thumb/a/af/Limekiln_at_Coalbrookdale%2C_by_J._M._W._Turner.tiff/lossy-page1-250px-Limekiln_at_Coalbrookdale%2C_by_J._M._W._Turner.tiff.jpg?utm_source=en.wikipedia.org&amp;utm_campaign=parser&amp;utm_content=thumbnail",
    "notable": true,
    "wikipedia_en": "https://en.wikipedia.org/wiki/Limekiln_at_Coalbrookdale_(J.M.W._Turner)",
    "creation_place": "London",
    "creation_lat": 51.5074,
    "creation_lon": -0.1278,
    "_source": {
     "source": "Wikipedia: List of paintings by J. M. W. Turner",
     "coord": "MediaWiki coordinates API"
    },
    "museum_id": "yale-center-for-british-art",
    "qid": "Q23700473",
    "wikidata": "https://www.wikidata.org/wiki/Q23700473"
   }
  },
  {
   "type": "Feature",
   "geometry": {
    "type": "Point",
    "coordinates": [
     -6.25255,
     53.34091
    ]
   },
   "properties": {
    "painter": "J.M.W. Turner",
    "title": "Beech Trees at Norbury Park",
    "year": "c. 1797",
    "city": "Dublin",
    "country": "Ireland",
    "location": "National Gallery of Ireland",
    "attribution": "generally accepted",
    "dimensions": "44 × 43.1 cm",
    "notable": true,
    "creation_place": "London",
    "creation_lat": 51.5074,
    "creation_lon": -0.1278,
    "_source": {
     "source": "Wikipedia: List of paintings by J. M. W. Turner",
     "coord": "MediaWiki coordinates API"
    },
    "museum_id": "national-gallery-of-ireland"
   }
  },
  {
   "type": "Feature",
   "geometry": {
    "type": "Point",
    "coordinates": [
     -0.12722,
     51.49083
    ]
   },
   "properties": {
    "painter": "J.M.W. Turner",
    "title": "Aeneas and the Sibyl, Lake Avernus",
    "year": "1798",
    "city": "London",
    "country": "United Kingdom",
    "location": "Tate Britain",
    "attribution": "generally accepted",
    "dimensions": "76.5 × 98.4 cm",
    "image": "https://upload.wikimedia.org/wikipedia/commons/thumb/0/09/Joseph_Mallord_William_Turner_%281775-1851%29_-_Aeneas_and_the_Sibyl%2C_Lake_Avernus_-_N00463_-_National_Gallery.jpg/500px-Joseph_Mallord_William_Turner_%281775-1851%29_-_Aeneas_and_the_Sibyl%2C_Lake_Avernus_-_N00463_-_National_Gallery.jpg?utm_source=en.wikipedia.org&amp;utm_campaign=parser&amp;utm_content=thumbnail",
    "notable": true,
    "wikipedia_en": "https://en.wikipedia.org/wiki/Aeneas_and_the_Sibyl,_Lake_Avernus",
    "creation_place": "London",
    "creation_lat": 51.5074,
    "creation_lon": -0.1278,
    "_source": {
     "source": "Wikipedia: List of paintings by J. M. W. Turner",
     "coord": "MediaWiki coordinates API"
    },
    "museum_id": "tate-britain",
    "qid": "Q28540931",
    "wikidata": "https://www.wikidata.org/wiki/Q28540931"
   }
  },
  {
   "type": "Feature",
   "geometry": {
    "type": "Point",
    "coordinates": [
     -0.12722,
     51.49083
    ]
   },
   "properties": {
    "painter": "J.M.W. Turner",
    "title": "Caernarvon Castle",
    "year": "1798",
    "city": "London",
    "country": "United Kingdom",
    "location": "Tate Britain",
    "attribution": "generally accepted",
    "dimensions": "15.2 × 23.2 cm",
    "image": "https://upload.wikimedia.org/wikipedia/commons/thumb/b/bc/Joseph_Mallord_William_Turner_%281775-1851%29_-_Caernarvon_Castle_-_N01867_-_National_Gallery.jpg/500px-Joseph_Mallord_William_Turner_%281775-1851%29_-_Caernarvon_Castle_-_N01867_-_National_Gallery.jpg?utm_source=en.wikipedia.org&amp;utm_campaign=parser&amp;utm_content=thumbnail",
    "notable": true,
    "wikipedia_en": "https://en.wikipedia.org/wiki/Caernarvon_Castle_(J.M.W._Turner)",
    "creation_place": "London",
    "creation_lat": 51.5074,
    "creation_lon": -0.1278,
    "_source": {
     "source": "Wikipedia: List of paintings by J. M. W. Turner",
     "coord": "MediaWiki coordinates API"
    },
    "museum_id": "tate-britain",
    "qid": "Q28532652",
    "wikidata": "https://www.wikidata.org/wiki/Q28532652"
   }
  },
  {
   "type": "Feature",
   "geometry": {
    "type": "Point",
    "coordinates": [
     -0.12722,
     51.49083
    ]
   },
   "properties": {
    "painter": "J.M.W. Turner",
    "title": "Shipping by a Breakwater",
    "year": "1798",
    "city": "London",
    "country": "United Kingdom",
    "location": "Tate Britain",
    "attribution": "generally accepted",
    "dimensions": "30.2 × 19.4 cm",
    "image": "https://upload.wikimedia.org/wikipedia/commons/thumb/c/c0/Joseph_Mallord_William_Turner_%281775-1851%29_-_Shipping_by_a_Breakwater_-_N00469_-_National_Gallery.jpg/500px-Joseph_Mallord_William_Turner_%281775-1851%29_-_Shipping_by_a_Breakwater_-_N00469_-_National_Gallery.jpg?utm_source=en.wikipedia.org&amp;utm_campaign=parser&amp;utm_content=thumbnail",
    "notable": true,
    "wikipedia_en": "https://en.wikipedia.org/wiki/Shipping_by_a_Breakwater_(J.M.W._Turner)",
    "creation_place": "London",
    "creation_lat": 51.5074,
    "creation_lon": -0.1278,
    "_source": {
     "source": "Wikipedia: List of paintings by J. M. W. Turner",
     "coord": "MediaWiki coordinates API"
    },
    "museum_id": "tate-britain",
    "qid": "Q28540771",
    "wikidata": "https://www.wikidata.org/wiki/Q28540771"
   }
  },
  {
   "type": "Feature",
   "geometry": {
    "type": "Point",
    "coordinates": [
     -0.12722,
     51.49083
    ]
   },
   "properties": {
    "painter": "J.M.W. Turner",
    "title": "View of a Town",
    "year": "1798",
    "city": "London",
    "country": "United Kingdom",
    "location": "Tate Britain",
    "attribution": "generally accepted",
    "dimensions": "24.1 × 32.4 cm",
    "image": "https://upload.wikimedia.org/wikipedia/commons/thumb/b/b7/Joseph_Mallord_William_Turner_%281775-1851%29_-_View_of_a_Town_-_N00475_-_National_Gallery.jpg/500px-Joseph_Mallord_William_Turner_%281775-1851%29_-_View_of_a_Town_-_N00475_-_National_Gallery.jpg?utm_source=en.wikipedia.org&amp;utm_campaign=parser&amp;utm_content=thumbnail",
    "notable": true,
    "wikipedia_en": "https://en.wikipedia.org/wiki/View_of_a_Town_(J.M.W._Turner)",
    "creation_place": "London",
    "creation_lat": 51.5074,
    "creation_lon": -0.1278,
    "_source": {
     "source": "Wikipedia: List of paintings by J. M. W. Turner",
     "coord": "MediaWiki coordinates API"
    },
    "museum_id": "tate-britain",
    "qid": "Q28540754",
    "wikidata": "https://www.wikidata.org/wiki/Q28540754"
   }
  },
  {
   "type": "Feature",
   "geometry": {
    "type": "Point",
    "coordinates": [
     -0.12722,
     51.49083
    ]
   },
   "properties": {
    "painter": "J.M.W. Turner",
    "title": "Buttermere Lake, with Part of Cromackwater, Cumberland, a Shower",
    "year": "1798",
    "city": "London",
    "country": "United Kingdom",
    "location": "Tate Britain",
    "attribution": "generally accepted",
    "dimensions": "88.9 × 119.4 cm",
    "image": "https://upload.wikimedia.org/wikipedia/commons/thumb/1/15/Joseph_Mallord_William_Turner_%281775-1851%29_-_Buttermere_Lake%2C_with_Part_of_Cromackwater%2C_Cumberland%2C_a_Shower_-_N00460_-_National_Gallery.jpg/500px-Joseph_Mallord_William_Turner_%281775-1851%29_-_Buttermere_Lake%2C_with_Part_of_Cromackwater%2C_Cumberland%2C_a_Shower_-_N00460_-_National_Gallery.jpg?utm_source=en.wikipedia.org&amp;utm_campaign=parser&amp;utm_content=thumbnail",
    "notable": true,
    "wikipedia_en": "https://en.wikipedia.org/wiki/Buttermere_Lake,_with_Part_of_Cromackwater,_Cumberland,_a_Shower",
    "creation_place": "London",
    "creation_lat": 51.5074,
    "creation_lon": -0.1278,
    "_source": {
     "source": "Wikipedia: List of paintings by J. M. W. Turner",
     "coord": "MediaWiki coordinates API"
    },
    "museum_id": "tate-britain",
    "qid": "Q28540734",
    "wikidata": "https://www.wikidata.org/wiki/Q28540734"
   }
  },
  {
   "type": "Feature",
   "geometry": {
    "type": "Point",
    "coordinates": [
     144.96889,
     -37.8225
    ]
   },
   "properties": {
    "painter": "J.M.W. Turner",
    "title": "Dunstanburgh Castle",
    "year": "1798",
    "city": "Melbourne",
    "location": "National Gallery of Victoria",
    "attribution": "generally accepted",
    "dimensions": "92.2 × 123.2 cm",
    "image": "https://upload.wikimedia.org/wikipedia/commons/thumb/2/25/Turner_-_Dunstanburgh_Castle%2C_north-east_coast_of_Northumberland%2C_sunrise_after_a_squally_night%2C_1798%2C_p.313.3-1.jpg/500px-Turner_-_Dunstanburgh_Castle%2C_north-east_coast_of_Northumberland%2C_sunrise_after_a_squally_night%2C_1798%2C_p.313.3-1.jpg?utm_source=en.wikipedia.org&amp;utm_campaign=parser&amp;utm_content=thumbnail",
    "notable": true,
    "wikipedia_en": "https://en.wikipedia.org/wiki/Dunstanburgh_Castle_(painting)",
    "creation_place": "London",
    "creation_lat": 51.5074,
    "creation_lon": -0.1278,
    "_source": {
     "source": "Wikipedia: List of paintings by J. M. W. Turner",
     "coord": "MediaWiki coordinates API"
    },
    "museum_id": "national-gallery-of-victoria",
    "country": "Australia",
    "qid": "Q135517641",
    "wikidata": "https://www.wikidata.org/wiki/Q135517641"
   }
  },
  {
   "type": "Feature",
   "geometry": {
    "type": "Point",
    "coordinates": [
     -0.12722,
     51.49083
    ]
   },
   "properties": {
    "painter": "J.M.W. Turner",
    "title": "Tivoli and the Roman Campagna (after Wilson)",
    "year": "1798",
    "city": "London",
    "country": "United Kingdom",
    "location": "Tate Britain",
    "attribution": "generally accepted",
    "dimensions": "72.4 × 96.5 cm",
    "image": "https://upload.wikimedia.org/wikipedia/commons/thumb/4/43/Joseph_Mallord_William_Turner_%281775-1851%29_%28attributed_to%29_-_Tivoli_and_the_Roman_Campagna_%28after_Wilson%29_-_N05512_-_National_Gallery.jpg/500px-Joseph_Mallord_William_Turner_%281775-1851%29_%28attributed_to%29_-_Tivoli_and_the_Roman_Campagna_%28after_Wilson%29_-_N05512_-_National_Gallery.jpg?utm_source=en.wikipedia.org&amp;utm_campaign=parser&amp;utm_content=thumbnail",
    "notable": true,
    "wikipedia_en": "https://en.wikipedia.org/wiki/Tivoli_and_the_Roman_Campagna_(J.M.W._Turner)",
    "creation_place": "London",
    "creation_lat": 51.5074,
    "creation_lon": -0.1278,
    "_source": {
     "source": "Wikipedia: List of paintings by J. M. W. Turner",
     "coord": "MediaWiki coordinates API"
    },
    "museum_id": "tate-britain",
    "qid": "Q28542184",
    "wikidata": "https://www.wikidata.org/wiki/Q28542184"
   }
  },
  {
   "type": "Feature",
   "geometry": {
    "type": "Point",
    "coordinates": [
     -0.12722,
     51.49083
    ]
   },
   "properties": {
    "painter": "J.M.W. Turner",
    "title": "Morning amongst the Coniston Fells, Cumberland",
    "year": "1798",
    "city": "London",
    "country": "United Kingdom",
    "location": "Tate Britain",
    "attribution": "generally accepted",
    "dimensions": "122.9 × 89.9 cm",
    "image": "https://upload.wikimedia.org/wikipedia/commons/thumb/f/fb/%28Barcelona%29_Morning_amongst_the_Coniston_Fells%2C_Cumberland_-_William_Turner_-_Tate_Britain.jpg/500px-%28Barcelona%29_Morning_amongst_the_Coniston_Fells%2C_Cumberland_-_William_Turner_-_Tate_Britain.jpg?utm_source=en.wikipedia.org&amp;utm_campaign=parser&amp;utm_content=thumbnail",
    "notable": true,
    "wikipedia_en": "https://en.wikipedia.org/wiki/Morning_amongst_the_Coniston_Fells,_Cumberland",
    "creation_place": "London",
    "creation_lat": 51.5074,
    "creation_lon": -0.1278,
    "_source": {
     "source": "Wikipedia: List of paintings by J. M. W. Turner",
     "coord": "MediaWiki coordinates API"
    },
    "museum_id": "tate-britain",
    "qid": "Q18687261",
    "wikidata": "https://www.wikidata.org/wiki/Q18687261"
   }
  },
  {
   "type": "Feature",
   "geometry": {
    "type": "Point",
    "coordinates": [
     -1.52833,
     53.89667
    ]
   },
   "properties": {
    "painter": "J.M.W. Turner",
    "title": "Plompton Rocks",
    "year": "1798",
    "city": "Yorkshire",
    "location": "Harewood House",
    "attribution": "generally accepted",
    "image": "https://upload.wikimedia.org/wikipedia/en/thumb/e/ec/Plompton_Rocks_%28Turner%2C_1%29.jpg/500px-Plompton_Rocks_%28Turner%2C_1%29.jpg?utm_source=en.wikipedia.org&amp;utm_campaign=parser&amp;utm_content=thumbnail",
    "notable": true,
    "creation_place": "London",
    "creation_lat": 51.5074,
    "creation_lon": -0.1278,
    "_source": {
     "source": "Wikipedia: List of paintings by J. M. W. Turner",
     "coord": "MediaWiki coordinates API"
    },
    "museum_id": "harewood-house"
   }
  },
  {
   "type": "Feature",
   "geometry": {
    "type": "Point",
    "coordinates": [
     -1.52833,
     53.89667
    ]
   },
   "properties": {
    "painter": "J.M.W. Turner",
    "title": "Plompton Rocks",
    "year": "1798",
    "city": "Yorkshire",
    "location": "Harewood House",
    "attribution": "generally accepted",
    "image": "https://upload.wikimedia.org/wikipedia/en/thumb/9/95/Plompton_Rocks_%28Turner%2C_2%29.png/500px-Plompton_Rocks_%28Turner%2C_2%29.png?utm_source=en.wikipedia.org&amp;utm_campaign=parser&amp;utm_content=thumbnail",
    "notable": true,
    "creation_place": "London",
    "creation_lat": 51.5074,
    "creation_lon": -0.1278,
    "_source": {
     "source": "Wikipedia: List of paintings by J. M. W. Turner",
     "coord": "MediaWiki coordinates API"
    },
    "museum_id": "harewood-house"
   }
  },
  {
   "type": "Feature",
   "geometry": {
    "type": "Point",
    "coordinates": [
     -1.8853,
     55.3136
    ]
   },
   "properties": {
    "painter": "J.M.W. Turner",
    "title": "Kilgarren Castle, Pembrokeshire",
    "year": "1798-1799",
    "city": "Rothbury",
    "location": "Cragside",
    "attribution": "generally accepted",
    "dimensions": "89 × 19.7 cm",
    "image": "https://upload.wikimedia.org/wikipedia/commons/thumb/e/e6/Joseph_Mallord_William_Turner_%281775-1851%29_-_Kilgarren_Castle%2C_Pembrokeshire_-_1230222_-_National_Trust.jpg/500px-Joseph_Mallord_William_Turner_%281775-1851%29_-_Kilgarren_Castle%2C_Pembrokeshire_-_1230222_-_National_Trust.jpg?utm_source=en.wikipedia.org&amp;utm_campaign=parser&amp;utm_content=thumbnail",
    "notable": true,
    "creation_place": "London",
    "creation_lat": 51.5074,
    "creation_lon": -0.1278,
    "_source": {
     "source": "Wikipedia: List of paintings by J. M. W. Turner",
     "coord": "MediaWiki coordinates API"
    },
    "museum_id": "cragside",
    "qid": "Q52153842",
    "wikidata": "https://www.wikidata.org/wiki/Q52153842",
    "_overrides": {
     "qid": {
      "at": "2026-08-24",
      "source": "Wikidata reconciliation",
      "note": "matched to Q52153842 by normalised title + year (±8), same creator (merge_wd_extras)"
     }
    }
   }
  },
  {
   "type": "Feature",
   "geometry": {
    "type": "Point",
    "coordinates": [
     -0.12722,
     51.49083
    ]
   },
   "properties": {
    "painter": "J.M.W. Turner",
    "title": "Self-Portrait",
    "year": "1799",
    "city": "London",
    "country": "United Kingdom",
    "location": "Tate Britain",
    "attribution": "generally accepted",
    "dimensions": "74.3 × 58.4 cm",
    "image": "https://upload.wikimedia.org/wikipedia/commons/thumb/9/9f/Joseph_Mallord_William_Turner_auto-retrato.jpg/500px-Joseph_Mallord_William_Turner_auto-retrato.jpg?utm_source=en.wikipedia.org&amp;utm_campaign=parser&amp;utm_content=thumbnail",
    "notable": true,
    "wikipedia_en": "https://en.wikipedia.org/wiki/Self-Portrait_(J.M.W._Turner)",
    "creation_place": "London",
    "creation_lat": 51.5074,
    "creation_lon": -0.1278,
    "_source": {
     "source": "Wikipedia: List of paintings by J. M. W. Turner",
     "coord": "MediaWiki coordinates API"
    },
    "museum_id": "tate-britain",
    "qid": "Q28540717",
    "wikidata": "https://www.wikidata.org/wiki/Q28540717",
    "wga_url": "https://www.wga.hu/html/t/turner/1/1000turn.html"
   }
  },
  {
   "type": "Feature",
   "geometry": {
    "type": "Point",
    "coordinates": [
     -72.93091,
     41.30791
    ]
   },
   "properties": {
    "painter": "J.M.W. Turner",
    "title": "Harlech Castle, from Tygwyn Ferry, Summer's Evening Twilight",
    "year": "1799",
    "city": "Connecticut",
    "location": "Yale Center for British Art",
    "attribution": "generally accepted",
    "dimensions": "87 × 119.4 cm",
    "image": "https://upload.wikimedia.org/wikipedia/commons/thumb/6/68/Harlech_Castle%2C_from_Tygwyn_Ferry%2C_Summer%27s_Evening_Twilig.jpg/500px-Harlech_Castle%2C_from_Tygwyn_Ferry%2C_Summer%27s_Evening_Twilig.jpg?utm_source=en.wikipedia.org&amp;utm_campaign=parser&amp;utm_content=thumbnail",
    "notable": true,
    "creation_place": "London",
    "creation_lat": 51.5074,
    "creation_lon": -0.1278,
    "_source": {
     "source": "Wikipedia: List of paintings by J. M. W. Turner",
     "coord": "MediaWiki coordinates API"
    },
    "museum_id": "yale-center-for-british-art",
    "qid": "Q23758101",
    "wikidata": "https://www.wikidata.org/wiki/Q23758101",
    "_overrides": {
     "qid": {
      "at": "2026-08-24",
      "source": "Wikidata reconciliation",
      "note": "matched to Q23758101 by normalised title + year (±8), same creator (merge_wd_extras)"
     }
    }
   }
  },
  {
   "type": "Feature",
   "geometry": {
    "type": "Point",
    "coordinates": [
     -0.12722,
     51.49083
    ]
   },
   "properties": {
    "painter": "J.M.W. Turner",
    "title": "View in Wales: Mountain Scene with Village and Castle - Evening",
    "year": "1799-1800",
    "city": "London",
    "country": "United Kingdom",
    "location": "Tate Britain",
    "attribution": "generally accepted",
    "dimensions": "58.1 × 72.7 cm",
    "image": "https://upload.wikimedia.org/wikipedia/commons/thumb/b/b7/Joseph_Mallord_William_Turner_%281775-1851%29_-_View_in_Wales%2C_Mountain_Scene_with_Village_and_Castle_-_Evening_-_N00466_-_National_Gallery.jpg/500px-Joseph_Mallord_William_Turner_%281775-1851%29_-_View_in_Wales%2C_Mountain_Scene_with_Village_and_Castle_-_Evening_-_N00466_-_National_Gallery.jpg?utm_source=en.wikipedia.org&amp;utm_campaign=parser&amp;utm_content=thumbnail",
    "notable": true,
    "wikipedia_en": "https://en.wikipedia.org/wiki/View_in_Wales:_Mountain_Scene_with_Village_and_Castle_-_Evening_(J.M.W._Turner)",
    "creation_place": "London",
    "creation_lat": 51.5074,
    "creation_lon": -0.1278,
    "_source": {
     "source": "Wikipedia: List of paintings by J. M. W. Turner",
     "coord": "MediaWiki coordinates API"
    },
    "museum_id": "tate-britain",
    "qid": "Q28540933",
    "wikidata": "https://www.wikidata.org/wiki/Q28540933"
   }
  },
  {
   "type": "Feature",
   "geometry": {
    "type": "Point",
    "coordinates": [
     0.11944,
     52.20028
    ]
   },
   "properties": {
    "painter": "J.M.W. Turner",
    "title": "A Beech Wood with Gypsies Seated in the Distance",
    "year": "1799-1801",
    "city": "Cambridge",
    "location": "Fitzwilliam Museum",
    "attribution": "generally accepted",
    "dimensions": "27 × 19 cm",
    "image": "https://upload.wikimedia.org/wikipedia/commons/thumb/f/f1/Joseph_Mallord_William_Turner_%281775-1851%29_-_A_Beech_Wood_with_Gypsies_Seated_in_the_Distance_-_PD.24-1981_-_Fitzwilliam_Museum.jpg/500px-Joseph_Mallord_William_Turner_%281775-1851%29_-_A_Beech_Wood_with_Gypsies_Seated_in_the_Distance_-_PD.24-1981_-_Fitzwilliam_Museum.jpg?utm_source=en.wikipedia.org&amp;utm_campaign=parser&amp;utm_content=thumbnail",
    "notable": true,
    "wikipedia_en": "https://en.wikipedia.org/wiki/A_Beech_Wood_with_Gypsies_Seated_in_the_Distance_(J.M.W._Turner)",
    "creation_place": "London",
    "creation_lat": 51.5074,
    "creation_lon": -0.1278,
    "_source": {
     "source": "Wikipedia: List of paintings by J. M. W. Turner",
     "coord": "MediaWiki coordinates API"
    },
    "museum_id": "fitzwilliam-museum",
    "country": "United Kingdom",
    "qid": "Q50820380",
    "wikidata": "https://www.wikidata.org/wiki/Q50820380",
    "_merged": [
     {
      "source": "Wikidata",
      "title": "A Beech Wood with Gypsies seated in the Distance",
      "qid": "Q50820380",
      "url": "https://www.wikidata.org/wiki/Q50820380"
     }
    ]
   }
  },
  {
   "type": "Feature",
   "geometry": {
    "type": "Point",
    "coordinates": [
     0.11944,
     52.20028
    ]
   },
   "properties": {
    "painter": "J.M.W. Turner",
    "title": "A Beech Wood with Gypsies round a Campfire",
    "year": "1799-1801",
    "city": "Cambridge",
    "location": "Fitzwilliam Museum",
    "attribution": "generally accepted",
    "dimensions": "27 × 19 cm",
    "image": "https://upload.wikimedia.org/wikipedia/commons/thumb/8/8e/Joseph_Mallord_William_Turner_%281775-1851%29_-_A_Beech_Wood_with_Gypsies_round_a_Campfire_-_PD.25-1981_-_Fitzwilliam_Museum.jpg/500px-Joseph_Mallord_William_Turner_%281775-1851%29_-_A_Beech_Wood_with_Gypsies_round_a_Campfire_-_PD.25-1981_-_Fitzwilliam_Museum.jpg?utm_source=en.wikipedia.org&amp;utm_campaign=parser&amp;utm_content=thumbnail",
    "notable": true,
    "wikipedia_en": "https://en.wikipedia.org/wiki/A_Beech_Wood_with_Gypsies_round_a_Campfire_(J.M.W._Turner)",
    "creation_place": "London",
    "creation_lat": 51.5074,
    "creation_lon": -0.1278,
    "_source": {
     "source": "Wikipedia: List of paintings by J. M. W. Turner",
     "coord": "MediaWiki coordinates API"
    },
    "museum_id": "fitzwilliam-museum",
    "country": "United Kingdom",
    "qid": "Q50821629",
    "wikidata": "https://www.wikidata.org/wiki/Q50821629"
   }
  },
  {
   "type": "Feature",
   "geometry": {
    "type": "Point",
    "coordinates": [
     -0.12722,
     51.49083
    ]
   },
   "properties": {
    "painter": "J.M.W. Turner",
    "title": "View on Clapham Common",
    "year": "1800-1805",
    "city": "London",
    "country": "United Kingdom",
    "location": "Tate Britain",
    "attribution": "generally accepted",
    "dimensions": "32.1 × 44.5 cm",
    "image": "https://upload.wikimedia.org/wikipedia/commons/thumb/7/70/Joseph_Mallord_William_Turner_%281775-1851%29_-_View_on_Clapham_Common_-_N00468_-_National_Gallery.jpg/500px-Joseph_Mallord_William_Turner_%281775-1851%29_-_View_on_Clapham_Common_-_N00468_-_National_Gallery.jpg?utm_source=en.wikipedia.org&amp;utm_campaign=parser&amp;utm_content=thumbnail",
    "notable": true,
    "wikipedia_en": "https://en.wikipedia.org/wiki/View_on_Clapham_Common_(J.M.W._Turner)",
    "creation_place": "London",
    "creation_lat": 51.5074,
    "creation_lon": -0.1278,
    "_source": {
     "source": "Wikipedia: List of paintings by J. M. W. Turner",
     "coord": "MediaWiki coordinates API"
    },
    "museum_id": "tate-britain",
    "qid": "Q28540686",
    "wikidata": "https://www.wikidata.org/wiki/Q28540686"
   }
  },
  {
   "type": "Feature",
   "geometry": {
    "type": "Point",
    "coordinates": [
     -4.06889,
     52.41444
    ]
   },
   "properties": {
    "painter": "J.M.W. Turner",
    "title": "Dolbadarn Castle",
    "year": "1799–1800",
    "city": "Aberystwyth",
    "location": "The National Library of Wales",
    "attribution": "generally accepted",
    "dimensions": "45.5 × 30 cm",
    "image": "https://upload.wikimedia.org/wikipedia/commons/thumb/d/d5/J.M.W._Turner_-_Dolbadarn_Castle_-_Study_for_Diploma_Picture.jpg/500px-J.M.W._Turner_-_Dolbadarn_Castle_-_Study_for_Diploma_Picture.jpg?utm_source=en.wikipedia.org&amp;utm_campaign=parser&amp;utm_content=thumbnail",
    "notable": true,
    "creation_place": "London",
    "creation_lat": 51.5074,
    "creation_lon": -0.1278,
    "_source": {
     "source": "Wikipedia: List of paintings by J. M. W. Turner",
     "coord": "MediaWiki coordinates API"
    },
    "museum_id": "the-national-library-of-wales",
    "qid": "Q22977128",
    "wikidata": "https://www.wikidata.org/wiki/Q22977128",
    "_overrides": {
     "qid": {
      "at": "2026-08-24",
      "source": "Wikidata reconciliation",
      "note": "matched to Q22977128 by normalised title + year (±8), same creator (merge_wd_extras)"
     }
    }
   }
  },
  {
   "type": "Feature",
   "geometry": {
    "type": "Point",
    "coordinates": [
     -0.12722,
     51.49083
    ]
   },
   "properties": {
    "painter": "J.M.W. Turner",
    "title": "Landscape with Lake and Fallen Tree",
    "year": "1800",
    "city": "London",
    "country": "United Kingdom",
    "location": "Tate Britain",
    "attribution": "generally accepted",
    "dimensions": "39.1 × 60.6 cm",
    "image": "https://upload.wikimedia.org/wikipedia/commons/thumb/f/ff/Joseph_Mallord_William_Turner_%281775-1851%29_-_Landscape_with_Lake_and_Fallen_Tree_-_N03557_-_National_Gallery.jpg/500px-Joseph_Mallord_William_Turner_%281775-1851%29_-_Landscape_with_Lake_and_Fallen_Tree_-_N03557_-_National_Gallery.jpg?utm_source=en.wikipedia.org&amp;utm_campaign=parser&amp;utm_content=thumbnail",
    "notable": true,
    "wikipedia_en": "https://en.wikipedia.org/wiki/Landscape_with_Lake_and_Fallen_Tree_(J.M.W._Turner)",
    "creation_place": "London",
    "creation_lat": 51.5074,
    "creation_lon": -0.1278,
    "_source": {
     "source": "Wikipedia: List of paintings by J. M. W. Turner",
     "coord": "MediaWiki coordinates API"
    },
    "museum_id": "tate-britain",
    "qid": "Q28533278",
    "wikidata": "https://www.wikidata.org/wiki/Q28533278"
   }
  },
  {
   "type": "Feature",
   "geometry": {
    "type": "Point",
    "coordinates": [
     -0.1275,
     51.50722
    ]
   },
   "properties": {
    "painter": "J.M.W. Turner",
    "title": "Dolbadern Castle",
    "year": "1800",
    "city": "London",
    "country": "United Kingdom",
    "location": "The Royal Academy",
    "attribution": "generally accepted",
    "dimensions": "119.4 × 90.2 cm",
    "image": "https://upload.wikimedia.org/wikipedia/commons/thumb/3/3b/J.M.W._Turner_Dolbadern_Castle%2C_1800.jpg/500px-J.M.W._Turner_Dolbadern_Castle%2C_1800.jpg?utm_source=en.wikipedia.org&amp;utm_campaign=parser&amp;utm_content=thumbnail",
    "notable": true,
    "creation_place": "London",
    "creation_lat": 51.5074,
    "creation_lon": -0.1278,
    "_source": {
     "source": "Wikipedia: List of paintings by J. M. W. Turner",
     "coord": "MediaWiki coordinates API"
    },
    "museum_id": "the-royal-academy",
    "qid": "Q119023695",
    "wikidata": "https://www.wikidata.org/wiki/Q119023695",
    "_overrides": {
     "qid": {
      "at": "2026-08-24",
      "source": "Wikidata reconciliation",
      "note": "matched to Q119023695 by normalised title + year (±8), same creator (merge_wd_extras)"
     }
    }
   }
  },
  {
   "type": "Feature",
   "geometry": {
    "type": "Point",
    "coordinates": [
     -86.1855,
     39.8259
    ]
   },
   "properties": {
    "painter": "J.M.W. Turner",
    "title": "The Fifth Plague of Egypt",
    "year": "1800",
    "city": "Indianapolis",
    "location": "Indianapolis Museum of Art",
    "attribution": "generally accepted",
    "dimensions": "120 × 180 cm",
    "image": "https://upload.wikimedia.org/wikipedia/commons/thumb/f/f3/Joseph_Mallord_William_Turner_-_The_Fifth_Plague_of_Egypt_-_Google_Art_Project.jpg/500px-Joseph_Mallord_William_Turner_-_The_Fifth_Plague_of_Egypt_-_Google_Art_Project.jpg?utm_source=en.wikipedia.org&amp;utm_campaign=parser&amp;utm_content=thumbnail",
    "notable": true,
    "wikipedia_en": "https://en.wikipedia.org/wiki/The_Fifth_Plague_of_Egypt",
    "creation_place": "London",
    "creation_lat": 51.5074,
    "creation_lon": -0.1278,
    "_source": {
     "source": "Wikipedia: List of paintings by J. M. W. Turner",
     "coord": "MediaWiki coordinates API"
    },
    "museum_id": "indianapolis-museum-of-art",
    "qid": "Q7733769",
    "wikidata": "https://www.wikidata.org/wiki/Q7733769"
   }
  },
  {
   "type": "Feature",
   "geometry": {
    "type": "Point",
    "coordinates": [
     -0.1283,
     51.5089
    ]
   },
   "properties": {
    "painter": "J.M.W. Turner",
    "title": "Dutch Boats in a Gale",
    "year": "1801",
    "city": "London",
    "location": "National Gallery",
    "attribution": "generally accepted",
    "dimensions": "162.5 × 221 cm",
    "image": "https://upload.wikimedia.org/wikipedia/commons/thumb/8/81/Joseph_Mallord_William_Turner_-_Dutch_Boats_in_a_Gale_-_WGA23163.jpg/500px-Joseph_Mallord_William_Turner_-_Dutch_Boats_in_a_Gale_-_WGA23163.jpg?utm_source=en.wikipedia.org&amp;utm_campaign=parser&amp;utm_content=thumbnail",
    "notable": true,
    "wikipedia_en": "https://en.wikipedia.org/wiki/Dutch_Boats_in_a_Gale",
    "creation_place": "London",
    "creation_lat": 51.5074,
    "creation_lon": -0.1278,
    "_source": {
     "source": "Wikipedia: List of paintings by J. M. W. Turner",
     "coord": "MediaWiki coordinates API"
    },
    "museum_id": "national-gallery",
    "country": "United Kingdom",
    "qid": "Q16038417",
    "wikidata": "https://www.wikidata.org/wiki/Q16038417",
    "wga_url": "https://www.wga.hu/html/t/turner/1/102turne.html"
   }
  },
  {
   "type": "Feature",
   "geometry": {
    "type": "Point",
    "coordinates": [
     -0.12722,
     51.49083
    ]
   },
   "properties": {
    "painter": "J.M.W. Turner",
    "title": "Jason",
    "year": "1802",
    "city": "London",
    "country": "United Kingdom",
    "location": "Tate Britain",
    "attribution": "generally accepted",
    "dimensions": "90.2 × 119.7 cm",
    "image": "https://upload.wikimedia.org/wikipedia/commons/thumb/3/3f/Joseph_Mallord_William_Turner_%281775-1851%29_-_Jason_-_N00471_-_National_Gallery.jpg/500px-Joseph_Mallord_William_Turner_%281775-1851%29_-_Jason_-_N00471_-_National_Gallery.jpg?utm_source=en.wikipedia.org&amp;utm_campaign=parser&amp;utm_content=thumbnail",
    "notable": true,
    "wikipedia_en": "https://en.wikipedia.org/wiki/Jason_(painting)",
    "creation_place": "London",
    "creation_lat": 51.5074,
    "creation_lon": -0.1278,
    "_source": {
     "source": "Wikipedia: List of paintings by J. M. W. Turner",
     "coord": "MediaWiki coordinates API"
    },
    "museum_id": "tate-britain",
    "qid": "Q28540816",
    "wikidata": "https://www.wikidata.org/wiki/Q28540816"
   }
  },
  {
   "type": "Feature",
   "geometry": {
    "type": "Point",
    "coordinates": [
     0.11944,
     52.20028
    ]
   },
   "properties": {
    "painter": "J.M.W. Turner",
    "title": "Ben Lomond Mountains, Scotland",
    "year": "1802",
    "city": "Cambridge",
    "location": "Fitzwilliam Museum",
    "attribution": "generally accepted",
    "dimensions": "64.1 × 98.8 cm",
    "image": "https://upload.wikimedia.org/wikipedia/en/thumb/f/f6/Ben_Lomond_Mountains_%28Turner%29.jpg/500px-Ben_Lomond_Mountains_%28Turner%29.jpg?utm_source=en.wikipedia.org&amp;utm_campaign=parser&amp;utm_content=thumbnail",
    "notable": true,
    "wikipedia_en": "https://en.wikipedia.org/wiki/Ben_Lomond_Mountains,_Scotland",
    "creation_place": "London",
    "creation_lat": 51.5074,
    "creation_lon": -0.1278,
    "_source": {
     "source": "Wikipedia: List of paintings by J. M. W. Turner",
     "coord": "MediaWiki coordinates API"
    },
    "museum_id": "fitzwilliam-museum",
    "country": "United Kingdom",
    "qid": "Q50818220",
    "wikidata": "https://www.wikidata.org/wiki/Q50818220"
   }
  },
  {
   "type": "Feature",
   "geometry": {
    "type": "Point",
    "coordinates": [
     -1.4065,
     50.9085
    ]
   },
   "properties": {
    "painter": "J.M.W. Turner",
    "title": "Fishermen Upon a Lee-Shore in Squally Weather",
    "year": "1802",
    "location": "Southampton City Art Gallery",
    "attribution": "generally accepted",
    "dimensions": "91.5 × 122 cm",
    "image": "https://upload.wikimedia.org/wikipedia/commons/thumb/3/3b/Turner_-_Fishermen_Upon_a_Lee-Shore_in_Squally_Weather%2C_1802.jpg/500px-Turner_-_Fishermen_Upon_a_Lee-Shore_in_Squally_Weather%2C_1802.jpg?utm_source=en.wikipedia.org&amp;utm_campaign=parser&amp;utm_content=thumbnail",
    "notable": true,
    "wikipedia_en": "https://en.wikipedia.org/wiki/Fishermen_Upon_a_Lee-Shore_in_Squally_Weather",
    "creation_place": "London",
    "creation_lat": 51.5074,
    "creation_lon": -0.1278,
    "_source": {
     "source": "Wikipedia: List of paintings by J. M. W. Turner",
     "coord": "MediaWiki coordinates API"
    },
    "museum_id": "southampton-city-art-gallery",
    "qid": "Q119026197",
    "wikidata": "https://www.wikidata.org/wiki/Q119026197"
   }
  },
  {
   "type": "Feature",
   "geometry": {
    "type": "Point",
    "coordinates": [
     -0.12722,
     51.49083
    ]
   },
   "properties": {
    "painter": "J.M.W. Turner",
    "title": "The Tenth Plague of Egypt",
    "year": "1802",
    "city": "London",
    "country": "United Kingdom",
    "location": "Tate Britain",
    "attribution": "generally accepted",
    "dimensions": "143.5 × 236.2 cm",
    "image": "https://upload.wikimedia.org/wikipedia/commons/thumb/6/6f/Joseph_Mallord_William_Turner_%281775%E2%80%931851%29_-_The_Tenth_Plague_of_Egypt_-_N00470_-_National_Gallery.jpg/500px-Joseph_Mallord_William_Turner_%281775%E2%80%931851%29_-_The_Tenth_Plague_of_Egypt_-_N00470_-_National_Gallery.jpg?utm_source=en.wikipedia.org&amp;utm_campaign=parser&amp;utm_content=thumbnail",
    "notable": true,
    "wikipedia_en": "https://en.wikipedia.org/wiki/The_Tenth_Plague_of_Egypt",
    "creation_place": "London",
    "creation_lat": 51.5074,
    "creation_lon": -0.1278,
    "_source": {
     "source": "Wikipedia: List of paintings by J. M. W. Turner",
     "coord": "MediaWiki coordinates API"
    },
    "museum_id": "tate-britain",
    "qid": "Q28540587",
    "wikidata": "https://www.wikidata.org/wiki/Q28540587"
   }
  },
  {
   "type": "Feature",
   "geometry": {
    "type": "Point",
    "coordinates": [
     -0.12722,
     51.49083
    ]
   },
   "properties": {
    "painter": "J.M.W. Turner",
    "title": "Grenoble Seen from the River Drac with Mont Blanc in the Distance",
    "year": "1802",
    "city": "London",
    "country": "United Kingdom",
    "location": "Tate Britain",
    "attribution": "generally accepted",
    "dimensions": "36.2 × 64.1 cm",
    "image": "https://upload.wikimedia.org/wikipedia/commons/thumb/2/23/Joseph_Mallord_William_Turner_%281775-1851%29_-_Grenoble_Seen_from_the_River_Drac_with_Mont_Blanc_in_the_Distance_-_N02988_-_National_Gallery.jpg/500px-Joseph_Mallord_William_Turner_%281775-1851%29_-_Grenoble_Seen_from_the_River_Drac_with_Mont_Blanc_in_the_Distance_-_N02988_-_National_Gallery.jpg?utm_source=en.wikipedia.org&amp;utm_campaign=parser&amp;utm_content=thumbnail",
    "notable": true,
    "creation_place": "London",
    "creation_lat": 51.5074,
    "creation_lon": -0.1278,
    "_source": {
     "source": "Wikipedia: List of paintings by J. M. W. Turner",
     "coord": "MediaWiki coordinates API"
    },
    "museum_id": "tate-britain",
    "qid": "Q28541417",
    "wikidata": "https://www.wikidata.org/wiki/Q28541417",
    "_overrides": {
     "qid": {
      "at": "2026-08-24",
      "source": "Wikidata reconciliation",
      "note": "matched to Q28541417 by normalised title + year (±8), same creator (merge_wd_extras)"
     }
    }
   }
  },
  {
   "type": "Feature",
   "geometry": {
    "type": "Point",
    "coordinates": [
     -0.611,
     50.9881
    ]
   },
   "properties": {
    "painter": "J.M.W. Turner",
    "title": "Ships Bearing Up for Anchorage",
    "year": "1802",
    "city": "Petworth",
    "location": "Petworth House",
    "attribution": "generally accepted",
    "dimensions": "112 × 18 cm",
    "image": "https://upload.wikimedia.org/wikipedia/commons/thumb/7/7a/Turner_-_Ships_Bearing_up_for_Anchorage_%28%E2%80%98The_Egremont_Seapiece%E2%80%99%29%2C_exhibited_1802%2C_T03868.jpg/500px-Turner_-_Ships_Bearing_up_for_Anchorage_%28%E2%80%98The_Egremont_Seapiece%E2%80%99%29%2C_exhibited_1802%2C_T03868.jpg?utm_source=en.wikipedia.org&amp;utm_campaign=parser&amp;utm_content=thumbnail",
    "notable": true,
    "wikipedia_en": "https://en.wikipedia.org/wiki/Ships_Bearing_Up_for_Anchorage",
    "creation_place": "London",
    "creation_lat": 51.5074,
    "creation_lon": -0.1278,
    "_source": {
     "source": "Wikipedia: List of paintings by J. M. W. Turner",
     "coord": "MediaWiki coordinates API"
    },
    "museum_id": "petworth-house",
    "qid": "Q28552754",
    "wikidata": "https://www.wikidata.org/wiki/Q28552754",
    "_merged": [
     {
      "source": "Wikidata",
      "title": "Ships Bearing up for Anchorage (‘The Egremont Seapiece’)",
      "qid": "Q28552754",
      "url": "https://www.wikidata.org/wiki/Q28552754"
     }
    ]
   }
  },
  {
   "type": "Feature",
   "geometry": {
    "type": "Point",
    "coordinates": [
     -0.17194,
     51.49667
    ]
   },
   "properties": {
    "painter": "J.M.W. Turner",
    "title": "Salisbury Cathedral from the Cloisters",
    "year": "1802",
    "city": "London",
    "country": "United Kingdom",
    "location": "Victoria and Albert Museum",
    "attribution": "generally accepted",
    "dimensions": "89.8 × 72.5 cm",
    "image": "https://upload.wikimedia.org/wikipedia/commons/thumb/f/f8/Joseph_Mallord_William_Turner_-_South_view_of_Salisbury_Cathedral_from_the_Cloisters%2C_1802_-_Victoria_and_Albert_Museum%2C_London.jpg/500px-Joseph_Mallord_William_Turner_-_South_view_of_Salisbury_Cathedral_from_the_Cloisters%2C_1802_-_Victoria_and_Albert_Museum%2C_London.jpg?utm_source=en.wikipedia.org&amp;utm_campaign=parser&amp;utm_content=thumbnail",
    "notable": true,
    "wikipedia_en": "https://en.wikipedia.org/wiki/Salisbury_Cathedral_from_the_Cloisters",
    "creation_place": "London",
    "creation_lat": 51.5074,
    "creation_lon": -0.1278,
    "_source": {
     "source": "Wikipedia: List of paintings by J. M. W. Turner",
     "coord": "MediaWiki coordinates API"
    },
    "museum_id": "victoria-and-albert-museum",
    "qid": "Q117592014",
    "wikidata": "https://www.wikidata.org/wiki/Q117592014"
   }
  },
  {
   "type": "Feature",
   "geometry": {
    "type": "Point",
    "coordinates": [
     -0.12722,
     51.49083
    ]
   },
   "properties": {
    "painter": "J.M.W. Turner",
    "title": "Mountain Scene with Castle, Probably Martigny",
    "year": "1802-1803",
    "city": "London",
    "country": "United Kingdom",
    "location": "Tate Britain",
    "attribution": "generally accepted",
    "dimensions": "43.8 × 54 cm",
    "image": "https://upload.wikimedia.org/wikipedia/commons/thumb/7/7f/Joseph_Mallord_William_Turner_%281775-1851%29_-_Mountain_Scene_with_Castle%2C_Probably_Martigny_-_N00465_-_National_Gallery.jpg/500px-Joseph_Mallord_William_Turner_%281775-1851%29_-_Mountain_Scene_with_Castle%2C_Probably_Martigny_-_N00465_-_National_Gallery.jpg?utm_source=en.wikipedia.org&amp;utm_campaign=parser&amp;utm_content=thumbnail",
    "notable": true,
    "creation_place": "London",
    "creation_lat": 51.5074,
    "creation_lon": -0.1278,
    "_source": {
     "source": "Wikipedia: List of paintings by J. M. W. Turner",
     "coord": "MediaWiki coordinates API"
    },
    "museum_id": "tate-britain",
    "qid": "Q28540612",
    "wikidata": "https://www.wikidata.org/wiki/Q28540612",
    "_overrides": {
     "qid": {
      "at": "2026-08-24",
      "source": "Wikidata reconciliation",
      "note": "matched to Q28540612 by normalised title + year (±8), same creator (merge_wd_extras)"
     }
    }
   }
  },
  {
   "type": "Feature",
   "geometry": {
    "type": "Point",
    "coordinates": [
     -72.93091,
     41.30791
    ]
   },
   "properties": {
    "painter": "J.M.W. Turner",
    "title": "Tummel Bridge, Perthshire",
    "year": "1802-1803",
    "city": "Connecticut",
    "location": "Yale Center for British Art",
    "attribution": "generally accepted",
    "dimensions": "28.9 × 46.7 cm",
    "image": "https://upload.wikimedia.org/wikipedia/commons/thumb/3/3d/Joseph_Mallord_William_Turner_-_Tummel_Bridge%2C_Perthshire_-_Google_Art_Project.jpg/500px-Joseph_Mallord_William_Turner_-_Tummel_Bridge%2C_Perthshire_-_Google_Art_Project.jpg?utm_source=en.wikipedia.org&amp;utm_campaign=parser&amp;utm_content=thumbnail",
    "notable": true,
    "creation_place": "London",
    "creation_lat": 51.5074,
    "creation_lon": -0.1278,
    "_source": {
     "source": "Wikipedia: List of paintings by J. M. W. Turner",
     "coord": "MediaWiki coordinates API"
    },
    "museum_id": "yale-center-for-british-art",
    "qid": "Q23755424",
    "wikidata": "https://www.wikidata.org/wiki/Q23755424",
    "_overrides": {
     "qid": {
      "at": "2026-08-24",
      "source": "Wikidata reconciliation",
      "note": "matched to Q23755424 by normalised title + year (±8), same creator (merge_wd_extras)"
     }
    }
   }
  },
  {
   "type": "Feature",
   "geometry": {
    "type": "Point",
    "coordinates": [
     -72.930906,
     41.307908
    ]
   },
   "properties": {
    "painter": "J.M.W. Turner",
    "title": "Chateau de St. Michael, Bonneville, Savoy",
    "year": "1802",
    "location": "Yale Center for British Art",
    "city": "New Haven",
    "country": "United States",
    "attribution": "generally accepted",
    "image": "https://commons.wikimedia.org/wiki/Special:FilePath/Joseph%20Mallord%20William%20Turner%20-%20Chateau%20de%20St.%20Michael%2C%20Bonneville%2C%20Savoy%20-%20Google%20Art%20Project.jpg?width=500",
    "qid": "Q23757006",
    "wikidata": "https://www.wikidata.org/wiki/Q23757006",
    "_source": {
     "source": "Wikidata",
     "url": "https://www.wikidata.org/wiki/Q23757006",
     "note": "harvested: painting by this creator with an image and a documented collection"
    },
    "creation_place": "London",
    "creation_lat": 51.507222,
    "creation_lon": -0.1275,
    "_overrides": {
     "creation": {
      "at": "2026-08-24",
      "source": "derived",
      "note": "creation place inferred from the painter's itinerary at this work's date (approximate)"
     }
    },
    "dimensions": "91.4 × 121.9 cm",
    "_merged": [
     {
      "source": "Wikipedia list",
      "title": "Chateaux de St Michael, Bonneville, Savoy"
     }
    ]
   }
  },
  {
   "type": "Feature",
   "geometry": {
    "type": "Point",
    "coordinates": [
     -96.80089,
     32.78756
    ]
   },
   "properties": {
    "painter": "J.M.W. Turner",
    "title": "Bonneville, Savoy",
    "year": "1803",
    "city": "Dallas",
    "location": "Dallas Museum of Art",
    "attribution": "generally accepted",
    "dimensions": "92.71 × 122.56 cm",
    "image": "https://upload.wikimedia.org/wikipedia/commons/thumb/8/8c/Joseph_Mallord_William_Turner_-_Bonneville%2C_Savoy_-_1985.97.FA_-_Dallas_Museum_of_Art.jpg/500px-Joseph_Mallord_William_Turner_-_Bonneville%2C_Savoy_-_1985.97.FA_-_Dallas_Museum_of_Art.jpg?utm_source=en.wikipedia.org&amp;utm_campaign=parser&amp;utm_content=thumbnail",
    "notable": true,
    "wikipedia_en": "https://en.wikipedia.org/wiki/Bonneville,_Savoy",
    "creation_place": "London",
    "creation_lat": 51.5074,
    "creation_lon": -0.1278,
    "_source": {
     "source": "Wikipedia: List of paintings by J. M. W. Turner",
     "coord": "MediaWiki coordinates API"
    },
    "museum_id": "dallas-museum-of-art",
    "country": "United States",
    "qid": "Q18674599",
    "wikidata": "https://www.wikidata.org/wiki/Q18674599"
   }
  },
  {
   "type": "Feature",
   "geometry": {
    "type": "Point",
    "coordinates": [
     -0.1174,
     51.517
    ]
   },
   "properties": {
    "painter": "J.M.W. Turner",
    "title": "St Huges Denouncing Vengeance on the Shepherd of Cormayer in the Valley of d'Aoust",
    "year": "1803",
    "city": "London",
    "country": "United Kingdom",
    "location": "Sir John Soane's Museum",
    "attribution": "generally accepted",
    "dimensions": "67.3 × 100.9 cm",
    "image": "https://upload.wikimedia.org/wikipedia/en/thumb/3/3c/St_Huges_Denouncing_Vengeance_on_the_Shepherd_of_Cormayer_in_the_Valley_of_d%27Aoust.jpeg/500px-St_Huges_Denouncing_Vengeance_on_the_Shepherd_of_Cormayer_in_the_Valley_of_d%27Aoust.jpeg?utm_source=en.wikipedia.org&amp;utm_campaign=parser&amp;utm_content=thumbnail",
    "notable": true,
    "creation_place": "London",
    "creation_lat": 51.5074,
    "creation_lon": -0.1278,
    "_source": {
     "source": "Wikipedia: List of paintings by J. M. W. Turner",
     "coord": "MediaWiki coordinates API"
    },
    "museum_id": "sir-john-soane-s-museum"
   }
  },
  {
   "type": "Feature",
   "geometry": {
    "type": "Point",
    "coordinates": [
     -0.1675,
     51.5714
    ]
   },
   "properties": {
    "painter": "J.M.W. Turner",
    "title": "A Coast Scene with Fishermen Hauling a Boat Ashore",
    "year": "1803-1804",
    "city": "London",
    "country": "United Kingdom",
    "location": "Kenwood House",
    "attribution": "generally accepted",
    "dimensions": "91.8 × 122.5 cm",
    "image": "https://upload.wikimedia.org/wikipedia/commons/thumb/0/0a/Joseph_Mallord_William_Turner%2C_A_Coast_Scene_with_Fishermen_Hauling_a_Boat_Ashore_%28%27The_Iveagh_Sea-Piece%27%29.jpg/500px-Joseph_Mallord_William_Turner%2C_A_Coast_Scene_with_Fishermen_Hauling_a_Boat_Ashore_%28%27The_Iveagh_Sea-Piece%27%29.jpg?utm_source=en.wikipedia.org&amp;utm_campaign=parser&amp;utm_content=thumbnail",
    "notable": true,
    "creation_place": "London",
    "creation_lat": 51.5074,
    "creation_lon": -0.1278,
    "_source": {
     "source": "Wikipedia: List of paintings by J. M. W. Turner",
     "coord": "MediaWiki coordinates API"
    },
    "museum_id": "kenwood-house",
    "qid": "Q96195516",
    "wikidata": "https://www.wikidata.org/wiki/Q96195516",
    "_overrides": {
     "qid": {
      "at": "2026-08-24",
      "source": "Wikidata reconciliation",
      "note": "matched to Q96195516 by normalised title + year (±8), same creator (merge_wd_extras)"
     }
    }
   }
  },
  {
   "type": "Feature",
   "geometry": {
    "type": "Point",
    "coordinates": [
     -0.12722,
     51.49083
    ]
   },
   "properties": {
    "painter": "J.M.W. Turner",
    "title": "Holy Family",
    "year": "1803",
    "city": "London",
    "country": "United Kingdom",
    "location": "Tate Britain",
    "attribution": "generally accepted",
    "dimensions": "102.2 × 141.6 cm",
    "image": "https://upload.wikimedia.org/wikipedia/commons/thumb/6/6c/Joseph_Mallord_William_Turner_%281775-1851%29_-_Holy_Family_-_N00473_-_National_Gallery.jpg/500px-Joseph_Mallord_William_Turner_%281775-1851%29_-_Holy_Family_-_N00473_-_National_Gallery.jpg?utm_source=en.wikipedia.org&amp;utm_campaign=parser&amp;utm_content=thumbnail",
    "notable": true,
    "creation_place": "London",
    "creation_lat": 51.5074,
    "creation_lon": -0.1278,
    "_source": {
     "source": "Wikipedia: List of paintings by J. M. W. Turner",
     "coord": "MediaWiki coordinates API"
    },
    "museum_id": "tate-britain",
    "qid": "Q28540943",
    "wikidata": "https://www.wikidata.org/wiki/Q28540943",
    "_overrides": {
     "qid": {
      "at": "2026-08-24",
      "source": "Wikidata reconciliation",
      "note": "matched to Q28540943 by normalised title + year (±8), same creator (merge_wd_extras)"
     }
    }
   }
  },
  {
   "type": "Feature",
   "geometry": {
    "type": "Point",
    "coordinates": [
     -0.1283,
     51.5089
    ]
   },
   "properties": {
    "painter": "J.M.W. Turner",
    "title": "Calais Pier, with French Poissards preparing for Sea: an English Packet arriving",
    "year": "1803",
    "city": "London",
    "country": "United Kingdom",
    "location": "National Gallery",
    "attribution": "generally accepted",
    "dimensions": "172 × 240 cm",
    "image": "https://upload.wikimedia.org/wikipedia/commons/thumb/e/e2/Joseph_Mallord_William_Turner_024.jpg/500px-Joseph_Mallord_William_Turner_024.jpg?utm_source=en.wikipedia.org&amp;utm_campaign=parser&amp;utm_content=thumbnail",
    "notable": true,
    "wikipedia_en": "https://en.wikipedia.org/wiki/Calais_Pier",
    "creation_place": "London",
    "creation_lat": 51.5074,
    "creation_lon": -0.1278,
    "_source": {
     "source": "Wikipedia: List of paintings by J. M. W. Turner",
     "coord": "MediaWiki coordinates API"
    },
    "museum_id": "national-gallery",
    "qid": "Q3794814",
    "wikidata": "https://www.wikidata.org/wiki/Q3794814",
    "_merged": [
     {
      "source": "Wikidata",
      "title": "Calais Pier",
      "qid": "Q3794814",
      "url": "https://www.wikidata.org/wiki/Q3794814"
     }
    ]
   }
  },
  {
   "type": "Feature",
   "geometry": {
    "type": "Point",
    "coordinates": [
     -73.9672,
     40.7711
    ]
   },
   "properties": {
    "painter": "J.M.W. Turner",
    "title": "Fishing Boats Entering Calais Harbour",
    "year": "1803",
    "city": "New York",
    "location": "Frick Collection",
    "attribution": "generally accepted",
    "dimensions": "73.7 × 98.4 cm",
    "image": "https://upload.wikimedia.org/wikipedia/commons/thumb/9/97/Turner_-_Fishing_Boats_Entering_Calais_Harbor%2C_ca._1803%2C_1904.1.120.jpg/500px-Turner_-_Fishing_Boats_Entering_Calais_Harbor%2C_ca._1803%2C_1904.1.120.jpg?utm_source=en.wikipedia.org&amp;utm_campaign=parser&amp;utm_content=thumbnail",
    "notable": true,
    "wikipedia_en": "https://en.wikipedia.org/wiki/Fishing_Boats_Entering_Calais_Harbour",
    "creation_place": "London",
    "creation_lat": 51.5074,
    "creation_lon": -0.1278,
    "_source": {
     "source": "Wikipedia: List of paintings by J. M. W. Turner",
     "coord": "MediaWiki coordinates API"
    },
    "museum_id": "frick-collection",
    "country": "United States",
    "qid": "Q137710727",
    "wikidata": "https://www.wikidata.org/wiki/Q137710727"
   }
  },
  {
   "type": "Feature",
   "geometry": {
    "type": "Point",
    "coordinates": [
     -0.611,
     50.9881
    ]
   },
   "properties": {
    "painter": "J.M.W. Turner",
    "title": "Narcissus and Echo",
    "year": "1804",
    "city": "Petworth",
    "location": "Petworth House",
    "attribution": "generally accepted",
    "dimensions": "86.5 × 117 cm",
    "image": "https://upload.wikimedia.org/wikipedia/commons/thumb/2/2d/Joseph_Mallord_William_Turner_%281775-1851%29_-_Narcissus_and_Echo_-_T03869_-_Tate.jpg/500px-Joseph_Mallord_William_Turner_%281775-1851%29_-_Narcissus_and_Echo_-_T03869_-_Tate.jpg?utm_source=en.wikipedia.org&amp;utm_campaign=parser&amp;utm_content=thumbnail",
    "notable": true,
    "creation_place": "London",
    "creation_lat": 51.5074,
    "creation_lon": -0.1278,
    "_source": {
     "source": "Wikipedia: List of paintings by J. M. W. Turner",
     "coord": "MediaWiki coordinates API"
    },
    "museum_id": "petworth-house",
    "qid": "Q28552802",
    "wikidata": "https://www.wikidata.org/wiki/Q28552802",
    "_overrides": {
     "qid": {
      "at": "2026-08-24",
      "source": "Wikidata reconciliation",
      "note": "matched to Q28552802 by normalised title + year (±8), same creator (merge_wd_extras)"
     }
    }
   }
  },
  {
   "type": "Feature",
   "geometry": {
    "type": "Point",
    "coordinates": [
     139.32949,
     35.68646
    ]
   },
   "properties": {
    "painter": "J.M.W. Turner",
    "title": "Seascape with a Squall Coming Up",
    "year": "1804",
    "city": "Tokyo",
    "location": "Fuji Art Museum",
    "attribution": "generally accepted",
    "dimensions": "45.7 × 60.9 cm",
    "image": "https://upload.wikimedia.org/wikipedia/commons/thumb/7/7e/Turner_-_Seascape_with_a_Squall_Coming_Up%2C_c._1803-04.jpg/500px-Turner_-_Seascape_with_a_Squall_Coming_Up%2C_c._1803-04.jpg?utm_source=en.wikipedia.org&amp;utm_campaign=parser&amp;utm_content=thumbnail",
    "notable": true,
    "creation_place": "London",
    "creation_lat": 51.5074,
    "creation_lon": -0.1278,
    "_source": {
     "source": "Wikipedia: List of paintings by J. M. W. Turner",
     "coord": "MediaWiki coordinates API"
    },
    "museum_id": "fuji-art-museum"
   }
  },
  {
   "type": "Feature",
   "geometry": {
    "type": "Point",
    "coordinates": [
     -77.02,
     38.8914
    ]
   },
   "properties": {
    "painter": "J.M.W. Turner",
    "title": "Boats Carrying Out Anchors to the Dutch Men of War",
    "year": "c.1804",
    "city": "Washington",
    "country": "United States",
    "location": "National Gallery of Art",
    "attribution": "generally accepted",
    "dimensions": "101.6 × 130.81 cm",
    "image": "https://upload.wikimedia.org/wikipedia/commons/thumb/4/4f/Joseph_Mallord_William_Turner%2C_Boats_Carrying_Out_Anchors_to_the_Dutch_Men_of_War%2C_c._1804%2C_NGA_166478.jpg/500px-Joseph_Mallord_William_Turner%2C_Boats_Carrying_Out_Anchors_to_the_Dutch_Men_of_War%2C_c._1804%2C_NGA_166478.jpg?utm_source=en.wikipedia.org&amp;utm_campaign=parser&amp;utm_content=thumbnail",
    "notable": true,
    "creation_place": "London",
    "creation_lat": 51.5074,
    "creation_lon": -0.1278,
    "_source": {
     "source": "Wikipedia: List of paintings by J. M. W. Turner",
     "coord": "MediaWiki coordinates API"
    },
    "museum_id": "national-gallery-of-art",
    "qid": "Q46626337",
    "wikidata": "https://www.wikidata.org/wiki/Q46626337",
    "_overrides": {
     "qid": {
      "at": "2026-08-24",
      "source": "Wikidata reconciliation",
      "note": "matched to Q46626337 by normalised title + year (±8), same creator (merge_wd_extras)"
     }
    }
   }
  },
  {
   "type": "Feature",
   "geometry": {
    "type": "Point",
    "coordinates": [
     -0.12722,
     51.49083
    ]
   },
   "properties": {
    "painter": "J.M.W. Turner",
    "title": "The Shipwreck",
    "year": "1805",
    "city": "London",
    "country": "United Kingdom",
    "location": "Tate Britain",
    "attribution": "generally accepted",
    "dimensions": "170.5 × 241.6 cm",
    "image": "https://upload.wikimedia.org/wikipedia/commons/thumb/a/a0/Joseph_Mallord_William_Turner_-_The_Shipwreck_-_Google_Art_Project.jpg/500px-Joseph_Mallord_William_Turner_-_The_Shipwreck_-_Google_Art_Project.jpg?utm_source=en.wikipedia.org&amp;utm_campaign=parser&amp;utm_content=thumbnail",
    "notable": true,
    "wikipedia_en": "https://en.wikipedia.org/wiki/The_Shipwreck_(Turner)",
    "creation_place": "London",
    "creation_lat": 51.5074,
    "creation_lon": -0.1278,
    "_source": {
     "source": "Wikipedia: List of paintings by J. M. W. Turner",
     "coord": "MediaWiki coordinates API"
    },
    "museum_id": "tate-britain",
    "qid": "Q18687275",
    "wikidata": "https://www.wikidata.org/wiki/Q18687275",
    "wga_url": "https://www.wga.hu/html/t/turner/1/103turne.html"
   }
  },
  {
   "type": "Feature",
   "geometry": {
    "type": "Point",
    "coordinates": [
     -0.12722,
     51.49083
    ]
   },
   "properties": {
    "painter": "J.M.W. Turner",
    "title": "Cattle in a Stream under a Bridge",
    "year": "1805-1807",
    "city": "London",
    "country": "United Kingdom",
    "location": "Tate Britain",
    "attribution": "generally accepted",
    "dimensions": "31.4 × 39.4 cm",
    "image": "https://upload.wikimedia.org/wikipedia/commons/thumb/2/28/Joseph_Mallord_William_Turner_%281775-1851%29_-_Cattle_in_a_Stream_under_a_Bridge_-_N05534_-_National_Gallery.jpg/500px-Joseph_Mallord_William_Turner_%281775-1851%29_-_Cattle_in_a_Stream_under_a_Bridge_-_N05534_-_National_Gallery.jpg?utm_source=en.wikipedia.org&amp;utm_campaign=parser&amp;utm_content=thumbnail",
    "notable": true,
    "creation_place": "London",
    "creation_lat": 51.5074,
    "creation_lon": -0.1278,
    "_source": {
     "source": "Wikipedia: List of paintings by J. M. W. Turner",
     "coord": "MediaWiki coordinates API"
    },
    "museum_id": "tate-britain",
    "qid": "Q28542190",
    "wikidata": "https://www.wikidata.org/wiki/Q28542190",
    "_overrides": {
     "qid": {
      "at": "2026-08-24",
      "source": "Wikidata reconciliation",
      "note": "matched to Q28542190 by normalised title + year (±8), same creator (merge_wd_extras)"
     }
    }
   }
  },
  {
   "type": "Feature",
   "geometry": {
    "type": "Point",
    "coordinates": [
     -0.12722,
     51.49083
    ]
   },
   "properties": {
    "painter": "J.M.W. Turner",
    "title": "Guildford from the Banks of the Wey",
    "year": "1805",
    "city": "London",
    "country": "United Kingdom",
    "location": "Tate Britain",
    "attribution": "generally accepted",
    "dimensions": "25.4 × 19.7 cm",
    "image": "https://upload.wikimedia.org/wikipedia/commons/thumb/a/a8/Joseph_Mallord_William_Turner_%281775-1851%29_-_Guildford_from_the_Banks_of_the_Wey_-_N02310_-_National_Gallery.jpg/500px-Joseph_Mallord_William_Turner_%281775-1851%29_-_Guildford_from_the_Banks_of_the_Wey_-_N02310_-_National_Gallery.jpg?utm_source=en.wikipedia.org&amp;utm_campaign=parser&amp;utm_content=thumbnail",
    "notable": true,
    "creation_place": "London",
    "creation_lat": 51.5074,
    "creation_lon": -0.1278,
    "_source": {
     "source": "Wikipedia: List of paintings by J. M. W. Turner",
     "coord": "MediaWiki coordinates API"
    },
    "museum_id": "tate-britain",
    "qid": "Q28532608",
    "wikidata": "https://www.wikidata.org/wiki/Q28532608",
    "_overrides": {
     "qid": {
      "at": "2026-08-24",
      "source": "Wikidata reconciliation",
      "note": "matched to Q28532608 by normalised title + year (±8), same creator (merge_wd_extras)"
     }
    }
   }
  },
  {
   "type": "Feature",
   "geometry": {
    "type": "Point",
    "coordinates": [
     -0.12722,
     51.49083
    ]
   },
   "properties": {
    "painter": "J.M.W. Turner",
    "title": "Cows in a Landscape with a Footbridge",
    "year": "1805-1807",
    "city": "London",
    "country": "United Kingdom",
    "location": "Tate Britain",
    "attribution": "generally accepted",
    "dimensions": "47.9 × 71.1 cm",
    "image": "https://upload.wikimedia.org/wikipedia/commons/thumb/9/90/Joseph_Mallord_William_Turner_%281775-1851%29_-_Cows_in_a_Landscape_with_a_Footbridge_-_N04657_-_National_Gallery.jpg/500px-Joseph_Mallord_William_Turner_%281775-1851%29_-_Cows_in_a_Landscape_with_a_Footbridge_-_N04657_-_National_Gallery.jpg?utm_source=en.wikipedia.org&amp;utm_campaign=parser&amp;utm_content=thumbnail",
    "notable": true,
    "creation_place": "London",
    "creation_lat": 51.5074,
    "creation_lon": -0.1278,
    "_source": {
     "source": "Wikipedia: List of paintings by J. M. W. Turner",
     "coord": "MediaWiki coordinates API"
    },
    "museum_id": "tate-britain",
    "qid": "Q28532850",
    "wikidata": "https://www.wikidata.org/wiki/Q28532850",
    "_overrides": {
     "qid": {
      "at": "2026-08-24",
      "source": "Wikidata reconciliation",
      "note": "matched to Q28532850 by normalised title + year (±8), same creator (merge_wd_extras)"
     }
    }
   }
  },
  {
   "type": "Feature",
   "geometry": {
    "type": "Point",
    "coordinates": [
     -0.611,
     50.9881
    ]
   },
   "properties": {
    "painter": "J.M.W. Turner",
    "title": "The Thames at Weybridge",
    "year": "1805-1806",
    "city": "Petworth",
    "location": "Petworth House",
    "attribution": "generally accepted",
    "dimensions": "90.5 × 121.7 cm",
    "image": "https://upload.wikimedia.org/wikipedia/commons/thumb/3/35/Joseph_Mallord_William_Turner_%281775-1851%29_-_The_Thames_at_Weybridge_-_T03872_-_Tate.jpg/500px-Joseph_Mallord_William_Turner_%281775-1851%29_-_The_Thames_at_Weybridge_-_T03872_-_Tate.jpg?utm_source=en.wikipedia.org&amp;utm_campaign=parser&amp;utm_content=thumbnail",
    "notable": true,
    "wikipedia_en": "https://en.wikipedia.org/wiki/The_Thames_at_Weybridge",
    "creation_place": "London",
    "creation_lat": 51.5074,
    "creation_lon": -0.1278,
    "_source": {
     "source": "Wikipedia: List of paintings by J. M. W. Turner",
     "coord": "MediaWiki coordinates API"
    },
    "museum_id": "petworth-house",
    "qid": "Q28552749",
    "wikidata": "https://www.wikidata.org/wiki/Q28552749"
   }
  },
  {
   "type": "Feature",
   "geometry": {
    "type": "Point",
    "coordinates": [
     -0.611,
     50.9881
    ]
   },
   "properties": {
    "painter": "J.M.W. Turner",
    "title": "Windsor Castle from the Thames",
    "year": "1805",
    "city": "Petworth",
    "location": "Petworth House",
    "attribution": "generally accepted",
    "dimensions": "91 × 122 cm",
    "image": "https://upload.wikimedia.org/wikipedia/commons/thumb/3/30/Joseph_Mallord_William_Turner_%281775-1851%29_-_Windsor_Castle_from_the_Thames_-_T03870_-_Tate.jpg/500px-Joseph_Mallord_William_Turner_%281775-1851%29_-_Windsor_Castle_from_the_Thames_-_T03870_-_Tate.jpg?utm_source=en.wikipedia.org&amp;utm_campaign=parser&amp;utm_content=thumbnail",
    "notable": true,
    "wikipedia_en": "https://en.wikipedia.org/wiki/Windsor_Castle_from_the_Thames",
    "creation_place": "London",
    "creation_lat": 51.5074,
    "creation_lon": -0.1278,
    "_source": {
     "source": "Wikipedia: List of paintings by J. M. W. Turner",
     "coord": "MediaWiki coordinates API"
    },
    "museum_id": "petworth-house",
    "qid": "Q28552760",
    "wikidata": "https://www.wikidata.org/wiki/Q28552760"
   }
  },
  {
   "type": "Feature",
   "geometry": {
    "type": "Point",
    "coordinates": [
     -0.12722,
     51.49083
    ]
   },
   "properties": {
    "painter": "J.M.W. Turner",
    "title": "Venus and the Dead Adonis",
    "year": "1805?",
    "city": "London",
    "country": "United Kingdom",
    "location": "Tate Britain",
    "attribution": "generally accepted",
    "dimensions": "31.8 × 45.1 cm",
    "image": "https://upload.wikimedia.org/wikipedia/commons/thumb/d/d9/Joseph_Mallord_William_Turner_%281775-1851%29_-_Venus_and_the_Dead_Adonis_-_N05493_-_National_Gallery.jpg/500px-Joseph_Mallord_William_Turner_%281775-1851%29_-_Venus_and_the_Dead_Adonis_-_N05493_-_National_Gallery.jpg?utm_source=en.wikipedia.org&amp;utm_campaign=parser&amp;utm_content=thumbnail",
    "notable": true,
    "creation_place": "London",
    "creation_lat": 51.5074,
    "creation_lon": -0.1278,
    "_source": {
     "source": "Wikipedia: List of paintings by J. M. W. Turner",
     "coord": "MediaWiki coordinates API"
    },
    "museum_id": "tate-britain",
    "qid": "Q28533464",
    "wikidata": "https://www.wikidata.org/wiki/Q28533464",
    "_overrides": {
     "qid": {
      "at": "2026-08-24",
      "source": "Wikidata reconciliation",
      "note": "matched to Q28533464 by normalised title + year (±8), same creator (merge_wd_extras)"
     }
    }
   }
  },
  {
   "type": "Feature",
   "geometry": {
    "type": "Point",
    "coordinates": [
     -0.12722,
     51.49083
    ]
   },
   "properties": {
    "painter": "J.M.W. Turner",
    "title": "The Deluge",
    "year": "1805",
    "city": "London",
    "country": "United Kingdom",
    "location": "Tate Britain",
    "attribution": "generally accepted",
    "dimensions": "142.9 × 235.6 cm",
    "image": "https://upload.wikimedia.org/wikipedia/commons/thumb/c/c4/Turner-deluge.jpg/500px-Turner-deluge.jpg?utm_source=en.wikipedia.org&amp;utm_campaign=parser&amp;utm_content=thumbnail",
    "notable": true,
    "wikipedia_en": "https://en.wikipedia.org/wiki/The_Deluge_(painting)",
    "creation_place": "London",
    "creation_lat": 51.5074,
    "creation_lon": -0.1278,
    "_source": {
     "source": "Wikipedia: List of paintings by J. M. W. Turner",
     "coord": "MediaWiki coordinates API"
    },
    "museum_id": "tate-britain",
    "qid": "Q134286968",
    "wikidata": "https://www.wikidata.org/wiki/Q134286968",
    "_merged": [
     {
      "source": "Wikidata",
      "title": "The Deluge",
      "qid": "Q28540902",
      "url": "https://www.wikidata.org/wiki/Q28540902"
     }
    ]
   }
  },
  {
   "type": "Feature",
   "geometry": {
    "type": "Point",
    "coordinates": [
     -0.12722,
     51.49083
    ]
   },
   "properties": {
    "painter": "J.M.W. Turner",
    "title": "Windsor Castle from the Meadows",
    "year": "1805",
    "city": "London",
    "country": "United Kingdom",
    "location": "Tate Britain",
    "attribution": "generally accepted",
    "dimensions": "22.2 × 55.6 cm",
    "image": "https://upload.wikimedia.org/wikipedia/commons/thumb/a/a6/Joseph_Mallord_William_Turner_%281775-1851%29_-_Windsor_Castle_from_the_Meadows_-_N02308_-_National_Gallery.jpg/500px-Joseph_Mallord_William_Turner_%281775-1851%29_-_Windsor_Castle_from_the_Meadows_-_N02308_-_National_Gallery.jpg?utm_source=en.wikipedia.org&amp;utm_campaign=parser&amp;utm_content=thumbnail",
    "notable": true,
    "creation_place": "London",
    "creation_lat": 51.5074,
    "creation_lon": -0.1278,
    "_source": {
     "source": "Wikipedia: List of paintings by J. M. W. Turner",
     "coord": "MediaWiki coordinates API"
    },
    "museum_id": "tate-britain",
    "qid": "Q28532618",
    "wikidata": "https://www.wikidata.org/wiki/Q28532618",
    "_overrides": {
     "qid": {
      "at": "2026-08-24",
      "source": "Wikidata reconciliation",
      "note": "matched to Q28532618 by normalised title + year (±8), same creator (merge_wd_extras)"
     }
    }
   }
  },
  {
   "type": "Feature",
   "geometry": {
    "type": "Point",
    "coordinates": [
     -0.12722,
     51.49083
    ]
   },
   "properties": {
    "painter": "J.M.W. Turner",
    "title": "Sunset on the River",
    "year": "1805",
    "city": "London",
    "country": "United Kingdom",
    "location": "Tate Britain",
    "attribution": "generally accepted",
    "dimensions": "15.6 × 18.7 cm",
    "image": "https://upload.wikimedia.org/wikipedia/commons/thumb/f/f2/Joseph_Mallord_William_Turner_%281775-1851%29_-_Sunset_on_the_River_-_N02311_-_National_Gallery.jpg/500px-Joseph_Mallord_William_Turner_%281775-1851%29_-_Sunset_on_the_River_-_N02311_-_National_Gallery.jpg?utm_source=en.wikipedia.org&amp;utm_campaign=parser&amp;utm_content=thumbnail",
    "notable": true,
    "creation_place": "London",
    "creation_lat": 51.5074,
    "creation_lon": -0.1278,
    "_source": {
     "source": "Wikipedia: List of paintings by J. M. W. Turner",
     "coord": "MediaWiki coordinates API"
    },
    "museum_id": "tate-britain",
    "qid": "Q28532602",
    "wikidata": "https://www.wikidata.org/wiki/Q28532602",
    "_overrides": {
     "qid": {
      "at": "2026-08-24",
      "source": "Wikidata reconciliation",
      "note": "matched to Q28532602 by normalised title + year (±8), same creator (merge_wd_extras)"
     }
    }
   }
  },
  {
   "type": "Feature",
   "geometry": {
    "type": "Point",
    "coordinates": [
     -0.12722,
     51.49083
    ]
   },
   "properties": {
    "painter": "J.M.W. Turner",
    "title": "The Destruction of Sodom",
    "year": "1805",
    "city": "London",
    "country": "United Kingdom",
    "location": "Tate Britain",
    "attribution": "generally accepted",
    "dimensions": "146 × 237.5 cm",
    "image": "https://upload.wikimedia.org/wikipedia/commons/thumb/b/be/Joseph_Mallord_William_Turner_%281775-1851%29_-_The_Destruction_of_Sodom_-_N00474_-_National_Gallery.jpg/500px-Joseph_Mallord_William_Turner_%281775-1851%29_-_The_Destruction_of_Sodom_-_N00474_-_National_Gallery.jpg?utm_source=en.wikipedia.org&amp;utm_campaign=parser&amp;utm_content=thumbnail",
    "notable": true,
    "wikipedia_en": "https://en.wikipedia.org/wiki/The_Destruction_of_Sodom",
    "creation_place": "London",
    "creation_lat": 51.5074,
    "creation_lon": -0.1278,
    "_source": {
     "source": "Wikipedia: List of paintings by J. M. W. Turner",
     "coord": "MediaWiki coordinates API"
    },
    "museum_id": "tate-britain",
    "qid": "Q28540747",
    "wikidata": "https://www.wikidata.org/wiki/Q28540747"
   }
  },
  {
   "type": "Feature",
   "geometry": {
    "type": "Point",
    "coordinates": [
     -0.12722,
     51.49083
    ]
   },
   "properties": {
    "painter": "J.M.W. Turner",
    "title": "Walton Reach",
    "year": "1805",
    "city": "London",
    "country": "United Kingdom",
    "location": "Tate Britain",
    "attribution": "generally accepted",
    "dimensions": "36.8 × 73.7 cm",
    "image": "https://upload.wikimedia.org/wikipedia/commons/thumb/f/f1/Joseph_Mallord_William_Turner_-_Walton_Reach_-_Google_Art_Project.jpg/500px-Joseph_Mallord_William_Turner_-_Walton_Reach_-_Google_Art_Project.jpg?utm_source=en.wikipedia.org&amp;utm_campaign=parser&amp;utm_content=thumbnail",
    "notable": true,
    "creation_place": "London",
    "creation_lat": 51.5074,
    "creation_lon": -0.1278,
    "_source": {
     "source": "Wikipedia: List of paintings by J. M. W. Turner",
     "coord": "MediaWiki coordinates API"
    },
    "museum_id": "tate-britain",
    "qid": "Q18687417",
    "wikidata": "https://www.wikidata.org/wiki/Q18687417",
    "_overrides": {
     "qid": {
      "at": "2026-08-24",
      "source": "Wikidata reconciliation",
      "note": "matched to Q18687417 by normalised title + year (±8), same creator (merge_wd_extras)"
     }
    }
   }
  },
  {
   "type": "Feature",
   "geometry": {
    "type": "Point",
    "coordinates": [
     -0.12722,
     51.49083
    ]
   },
   "properties": {
    "painter": "J.M.W. Turner",
    "title": "Windsor from Lower Hope",
    "year": "1805",
    "city": "London",
    "country": "United Kingdom",
    "location": "Tate Britain",
    "attribution": "generally accepted",
    "dimensions": "32.1 × 73.7 cm",
    "image": "https://upload.wikimedia.org/wikipedia/commons/thumb/4/41/Joseph_Mallord_William_Turner_%281775-1851%29_-_Windsor_from_Lower_Hope_-_N02678_-_National_Gallery.jpg/500px-Joseph_Mallord_William_Turner_%281775-1851%29_-_Windsor_from_Lower_Hope_-_N02678_-_National_Gallery.jpg?utm_source=en.wikipedia.org&amp;utm_campaign=parser&amp;utm_content=thumbnail",
    "notable": true,
    "creation_place": "London",
    "creation_lat": 51.5074,
    "creation_lon": -0.1278,
    "_source": {
     "source": "Wikipedia: List of paintings by J. M. W. Turner",
     "coord": "MediaWiki coordinates API"
    },
    "museum_id": "tate-britain",
    "qid": "Q28533131",
    "wikidata": "https://www.wikidata.org/wiki/Q28533131",
    "_overrides": {
     "qid": {
      "at": "2026-08-24",
      "source": "Wikidata reconciliation",
      "note": "matched to Q28533131 by normalised title + year (±8), same creator (merge_wd_extras)"
     }
    }
   }
  },
  {
   "type": "Feature",
   "geometry": {
    "type": "Point",
    "coordinates": [
     -0.12722,
     51.49083
    ]
   },
   "properties": {
    "painter": "J.M.W. Turner",
    "title": "Godalming from the South",
    "year": "1805",
    "city": "London",
    "country": "United Kingdom",
    "location": "Tate Britain",
    "attribution": "generally accepted",
    "dimensions": "20.3 × 34.9 cm",
    "image": "https://upload.wikimedia.org/wikipedia/commons/thumb/0/0e/Joseph_Mallord_William_Turner_%281775-1851%29_-_Godalming_from_the_South_-_N02304_-_National_Gallery.jpg/500px-Joseph_Mallord_William_Turner_%281775-1851%29_-_Godalming_from_the_South_-_N02304_-_National_Gallery.jpg?utm_source=en.wikipedia.org&amp;utm_campaign=parser&amp;utm_content=thumbnail",
    "notable": true,
    "creation_place": "London",
    "creation_lat": 51.5074,
    "creation_lon": -0.1278,
    "_source": {
     "source": "Wikipedia: List of paintings by J. M. W. Turner",
     "coord": "MediaWiki coordinates API"
    },
    "museum_id": "tate-britain",
    "qid": "Q28532606",
    "wikidata": "https://www.wikidata.org/wiki/Q28532606",
    "_overrides": {
     "qid": {
      "at": "2026-08-24",
      "source": "Wikidata reconciliation",
      "note": "matched to Q28532606 by normalised title + year (±8), same creator (merge_wd_extras)"
     }
    }
   }
  },
  {
   "type": "Feature",
   "geometry": {
    "type": "Point",
    "coordinates": [
     -0.12722,
     51.49083
    ]
   },
   "properties": {
    "painter": "J.M.W. Turner",
    "title": "A Thames Backwater with Windsor Castle in the Distance",
    "year": "1805",
    "city": "London",
    "country": "United Kingdom",
    "location": "Tate Britain",
    "attribution": "generally accepted",
    "dimensions": "86.7 × 121 cm",
    "image": "https://upload.wikimedia.org/wikipedia/commons/thumb/d/de/Joseph_Mallord_William_Turner_%281775-1851%29_-_A_Thames_Backwater_with_Windsor_Castle_in_the_Distance_-_N02691_-_National_Gallery.jpg/500px-Joseph_Mallord_William_Turner_%281775-1851%29_-_A_Thames_Backwater_with_Windsor_Castle_in_the_Distance_-_N02691_-_National_Gallery.jpg?utm_source=en.wikipedia.org&amp;utm_campaign=parser&amp;utm_content=thumbnail",
    "notable": true,
    "creation_place": "London",
    "creation_lat": 51.5074,
    "creation_lon": -0.1278,
    "_source": {
     "source": "Wikipedia: List of paintings by J. M. W. Turner",
     "coord": "MediaWiki coordinates API"
    },
    "museum_id": "tate-britain",
    "qid": "Q28533151",
    "wikidata": "https://www.wikidata.org/wiki/Q28533151",
    "_overrides": {
     "qid": {
      "at": "2026-08-24",
      "source": "Wikidata reconciliation",
      "note": "matched to Q28533151 by normalised title + year (±8), same creator (merge_wd_extras)"
     }
    }
   }
  },
  {
   "type": "Feature",
   "geometry": {
    "type": "Point",
    "coordinates": [
     -0.12722,
     51.49083
    ]
   },
   "properties": {
    "painter": "J.M.W. Turner",
    "title": "Willows beside a Stream",
    "year": "1805",
    "city": "London",
    "country": "United Kingdom",
    "location": "Tate Britain",
    "attribution": "generally accepted",
    "dimensions": "86 × 116.2 cm",
    "image": "https://upload.wikimedia.org/wikipedia/commons/thumb/8/8a/Joseph_Mallord_William_Turner_%281775-1851%29_-_Willows_beside_a_Stream_-_N02706_-_National_Gallery.jpg/500px-Joseph_Mallord_William_Turner_%281775-1851%29_-_Willows_beside_a_Stream_-_N02706_-_National_Gallery.jpg?utm_source=en.wikipedia.org&amp;utm_campaign=parser&amp;utm_content=thumbnail",
    "notable": true,
    "creation_place": "London",
    "creation_lat": 51.5074,
    "creation_lon": -0.1278,
    "_source": {
     "source": "Wikipedia: List of paintings by J. M. W. Turner",
     "coord": "MediaWiki coordinates API"
    },
    "museum_id": "tate-britain",
    "qid": "Q28532503",
    "wikidata": "https://www.wikidata.org/wiki/Q28532503",
    "_overrides": {
     "qid": {
      "at": "2026-08-24",
      "source": "Wikidata reconciliation",
      "note": "matched to Q28532503 by normalised title + year (±8), same creator (merge_wd_extras)"
     }
    }
   }
  },
  {
   "type": "Feature",
   "geometry": {
    "type": "Point",
    "coordinates": [
     -71.05778,
     42.36028
    ]
   },
   "properties": {
    "painter": "J.M.W. Turner",
    "title": "Fall of the Rhine at Schaffhausen",
    "year": "c.1805-06",
    "city": "Boston",
    "country": "United States",
    "location": "Museum of Fine Arts",
    "attribution": "generally accepted",
    "dimensions": "148.6 × 239.7 cm",
    "image": "https://upload.wikimedia.org/wikipedia/commons/thumb/1/1f/Joseph_Mallord_William_Turner_-_Fall_of_the_Rhine_at_Schaffhausen_-_13.2723_-_Museum_of_Fine_Arts.jpg/500px-Joseph_Mallord_William_Turner_-_Fall_of_the_Rhine_at_Schaffhausen_-_13.2723_-_Museum_of_Fine_Arts.jpg?utm_source=en.wikipedia.org&amp;utm_campaign=parser&amp;utm_content=thumbnail",
    "notable": true,
    "wikipedia_en": "https://en.wikipedia.org/wiki/Fall_of_the_Rhine_at_Schaffhausen",
    "creation_place": "London",
    "creation_lat": 51.5074,
    "creation_lon": -0.1278,
    "_source": {
     "source": "Wikipedia: List of paintings by J. M. W. Turner",
     "coord": "MediaWiki coordinates API"
    },
    "museum_id": "museum-of-fine-arts",
    "qid": "Q20540892",
    "wikidata": "https://www.wikidata.org/wiki/Q20540892"
   }
  },
  {
   "type": "Feature",
   "geometry": {
    "type": "Point",
    "coordinates": [
     -72.930906,
     41.307908
    ]
   },
   "properties": {
    "painter": "J.M.W. Turner",
    "title": "The Victory Returning from Trafalgar, in Three Position",
    "year": "1806",
    "location": "Yale Center for British Art",
    "city": "New Haven",
    "country": "United States",
    "attribution": "generally accepted",
    "image": "https://commons.wikimedia.org/wiki/Special:FilePath/Joseph%20Mallord%20William%20Turner%20-%20The%20Victory%20Returning%20from%20Trafalgar%2C%20in%20Three%20Positions%20-%20Google%20Art%20Project.jpg?width=500",
    "qid": "Q23700453",
    "wikidata": "https://www.wikidata.org/wiki/Q23700453",
    "_source": {
     "source": "Wikidata",
     "url": "https://www.wikidata.org/wiki/Q23700453",
     "note": "harvested: painting by this creator with an image and a documented collection"
    },
    "creation_place": "London",
    "creation_lat": 51.507222,
    "creation_lon": -0.1275,
    "_overrides": {
     "creation": {
      "at": "2026-08-24",
      "source": "derived",
      "note": "creation place inferred from the painter's itinerary at this work's date (approximate)"
     }
    },
    "dimensions": "67 × 100.3 cm",
    "_merged": [
     {
      "source": "Wikipedia list",
      "title": "The ‘Victory’ Returning from Trafalgar, in Three Positions"
     }
    ]
   }
  },
  {
   "type": "Feature",
   "geometry": {
    "type": "Point",
    "coordinates": [
     -0.12722,
     51.49083
    ]
   },
   "properties": {
    "painter": "J.M.W. Turner",
    "title": "The Goddess of Discord Choosing the Apple of Contention in the Garden of the Hesperides",
    "year": "1806",
    "city": "London",
    "country": "United Kingdom",
    "location": "Tate Britain",
    "attribution": "generally accepted",
    "dimensions": "155.3 × 218.4 cm",
    "image": "https://upload.wikimedia.org/wikipedia/commons/thumb/d/d2/Turner%2C_Joseph_Mallord_William_-_The_Goddess_of_Discord_Choosing_the_Apple_of_Contention_in_the_Garden_of_the_Hesperides_-_c._1806.jpg/500px-Turner%2C_Joseph_Mallord_William_-_The_Goddess_of_Discord_Choosing_the_Apple_of_Contention_in_the_Garden_of_the_Hesperides_-_c._1806.jpg?utm_source=en.wikipedia.org&amp;utm_campaign=parser&amp;utm_content=thumbnail",
    "notable": true,
    "creation_place": "London",
    "creation_lat": 51.5074,
    "creation_lon": -0.1278,
    "_source": {
     "source": "Wikipedia: List of paintings by J. M. W. Turner",
     "coord": "MediaWiki coordinates API"
    },
    "museum_id": "tate-britain",
    "qid": "Q28540836",
    "wikidata": "https://www.wikidata.org/wiki/Q28540836",
    "_overrides": {
     "qid": {
      "at": "2026-08-24",
      "source": "Wikidata reconciliation",
      "note": "matched to Q28540836 by normalised title + year (±8), same creator (merge_wd_extras)"
     }
    }
   }
  },
  {
   "type": "Feature",
   "geometry": {
    "type": "Point",
    "coordinates": [
     -0.12722,
     51.49083
    ]
   },
   "properties": {
    "painter": "J.M.W. Turner",
    "title": "Abingdon",
    "year": "1806?",
    "city": "London",
    "country": "United Kingdom",
    "location": "Tate Britain",
    "attribution": "generally accepted",
    "dimensions": "01.6 × 130.2 cm",
    "image": "https://upload.wikimedia.org/wikipedia/commons/thumb/7/76/Joseph_Mallord_William_Turner_%281775-1851%29_-_Abingdon_-_N00485_-_National_Gallery.jpg/500px-Joseph_Mallord_William_Turner_%281775-1851%29_-_Abingdon_-_N00485_-_National_Gallery.jpg?utm_source=en.wikipedia.org&amp;utm_campaign=parser&amp;utm_content=thumbnail",
    "notable": true,
    "creation_place": "London",
    "creation_lat": 51.5074,
    "creation_lon": -0.1278,
    "_source": {
     "source": "Wikipedia: List of paintings by J. M. W. Turner",
     "coord": "MediaWiki coordinates API"
    },
    "museum_id": "tate-britain",
    "qid": "Q28540912",
    "wikidata": "https://www.wikidata.org/wiki/Q28540912",
    "_overrides": {
     "qid": {
      "at": "2026-08-24",
      "source": "Wikidata reconciliation",
      "note": "matched to Q28540912 by normalised title + year (±8), same creator (merge_wd_extras)"
     }
    }
   }
  },
  {
   "type": "Feature",
   "geometry": {
    "type": "Point",
    "coordinates": [
     144.96889,
     -37.8225
    ]
   },
   "properties": {
    "painter": "J.M.W. Turner",
    "title": "Walton Bridges",
    "year": "c.1806",
    "city": "Melbourne",
    "location": "National Gallery of Victoria",
    "attribution": "generally accepted",
    "dimensions": "91.2 × 122. cm",
    "image": "https://upload.wikimedia.org/wikipedia/commons/thumb/a/a9/Turner_-_Walton_bridges%2C_c._1806%2C_981-3.jpg/500px-Turner_-_Walton_bridges%2C_c._1806%2C_981-3.jpg?utm_source=en.wikipedia.org&amp;utm_campaign=parser&amp;utm_content=thumbnail",
    "notable": true,
    "wikipedia_en": "https://en.wikipedia.org/wiki/Walton_Bridges",
    "creation_place": "London",
    "creation_lat": 51.5074,
    "creation_lon": -0.1278,
    "_source": {
     "source": "Wikipedia: List of paintings by J. M. W. Turner",
     "coord": "MediaWiki coordinates API"
    },
    "museum_id": "national-gallery-of-victoria",
    "country": "Australia",
    "qid": "Q20410826",
    "wikidata": "https://www.wikidata.org/wiki/Q20410826",
    "_merged": [
     {
      "source": "Wikidata",
      "title": "Walton bridges",
      "qid": "Q20410826",
      "url": "https://www.wikidata.org/wiki/Q20410826"
     }
    ]
   }
  },
  {
   "type": "Feature",
   "geometry": {
    "type": "Point",
    "coordinates": [
     -0.1283,
     51.5089
    ]
   },
   "properties": {
    "painter": "J.M.W. Turner",
    "title": "Sun Rising through Vapour",
    "year": "pre 1807",
    "city": "London",
    "country": "United Kingdom",
    "location": "National Gallery",
    "attribution": "generally accepted",
    "dimensions": "134 × 179.5 cm",
    "image": "https://upload.wikimedia.org/wikipedia/commons/thumb/f/f3/Joseph_Mallord_William_Turner_049.jpg/500px-Joseph_Mallord_William_Turner_049.jpg?utm_source=en.wikipedia.org&amp;utm_campaign=parser&amp;utm_content=thumbnail",
    "notable": true,
    "wikipedia_en": "https://en.wikipedia.org/wiki/Sun_Rising_through_Vapour",
    "creation_place": "London",
    "creation_lat": 51.5074,
    "creation_lon": -0.1278,
    "_source": {
     "source": "Wikipedia: List of paintings by J. M. W. Turner",
     "coord": "MediaWiki coordinates API"
    },
    "museum_id": "national-gallery",
    "qid": "Q135418061",
    "wikidata": "https://www.wikidata.org/wiki/Q135418061",
    "_merged": [
     {
      "source": "Wikidata",
      "title": "Sun Rising through Vapour",
      "qid": "Q26689431",
      "url": "https://www.wikidata.org/wiki/Q26689431"
     }
    ]
   }
  },
  {
   "type": "Feature",
   "geometry": {
    "type": "Point",
    "coordinates": [
     -0.12722,
     51.49083
    ]
   },
   "properties": {
    "painter": "J.M.W. Turner",
    "title": "Barge on the River, Sunset",
    "year": "1806-1807",
    "city": "London",
    "country": "United Kingdom",
    "location": "Tate Britain",
    "attribution": "generally accepted",
    "dimensions": "85.1 × 116.2 cm",
    "image": "https://upload.wikimedia.org/wikipedia/commons/thumb/4/46/Joseph_Mallord_William_Turner_%281775-1851%29_-_Barge_on_the_River%2C_Sunset_-_N02707_-_National_Gallery.jpg/500px-Joseph_Mallord_William_Turner_%281775-1851%29_-_Barge_on_the_River%2C_Sunset_-_N02707_-_National_Gallery.jpg?utm_source=en.wikipedia.org&amp;utm_campaign=parser&amp;utm_content=thumbnail",
    "notable": true,
    "creation_place": "London",
    "creation_lat": 51.5074,
    "creation_lon": -0.1278,
    "_source": {
     "source": "Wikipedia: List of paintings by J. M. W. Turner",
     "coord": "MediaWiki coordinates API"
    },
    "museum_id": "tate-britain",
    "qid": "Q28532515",
    "wikidata": "https://www.wikidata.org/wiki/Q28532515",
    "_overrides": {
     "qid": {
      "at": "2026-08-24",
      "source": "Wikidata reconciliation",
      "note": "matched to Q28532515 by normalised title + year (±8), same creator (merge_wd_extras)"
     }
    }
   }
  },
  {
   "type": "Feature",
   "geometry": {
    "type": "Point",
    "coordinates": [
     -0.12722,
     51.49083
    ]
   },
   "properties": {
    "painter": "J.M.W. Turner",
    "title": "Margate",
    "year": "1806-1807",
    "city": "London",
    "country": "United Kingdom",
    "location": "Tate Britain",
    "attribution": "generally accepted",
    "dimensions": "85.7 × 116.2 cm",
    "image": "https://upload.wikimedia.org/wikipedia/commons/thumb/3/3e/%28Barcelona%29_Margate_-_c.1806-7_-_William_Turner_-_Tate_Britain.jpg/500px-%28Barcelona%29_Margate_-_c.1806-7_-_William_Turner_-_Tate_Britain.jpg?utm_source=en.wikipedia.org&amp;utm_campaign=parser&amp;utm_content=thumbnail",
    "notable": true,
    "creation_place": "London",
    "creation_lat": 51.5074,
    "creation_lon": -0.1278,
    "_source": {
     "source": "Wikipedia: List of paintings by J. M. W. Turner",
     "coord": "MediaWiki coordinates API"
    },
    "museum_id": "tate-britain",
    "qid": "Q28552918",
    "wikidata": "https://www.wikidata.org/wiki/Q28552918",
    "_overrides": {
     "qid": {
      "at": "2026-08-24",
      "source": "Wikidata reconciliation",
      "note": "matched to Q28552918 by normalised title + year (±8), same creator (merge_wd_extras)"
     }
    },
    "_merged": [
     {
      "source": "Wikidata",
      "title": "Margate",
      "qid": "Q28532508",
      "url": "https://www.wikidata.org/wiki/Q28532508"
     }
    ]
   }
  },
  {
   "type": "Feature",
   "geometry": {
    "type": "Point",
    "coordinates": [
     -0.12722,
     51.49083
    ]
   },
   "properties": {
    "painter": "J.M.W. Turner",
    "title": "Men with Horses Crossing a River",
    "year": "1806-1807",
    "city": "London",
    "country": "United Kingdom",
    "location": "Tate Britain",
    "attribution": "generally accepted",
    "dimensions": "87.9 × 118.4 cm",
    "image": "https://upload.wikimedia.org/wikipedia/commons/thumb/4/43/Joseph_Mallord_William_Turner_%281775-1851%29_-_Men_with_Horses_Crossing_a_River_-_N02695_-_National_Gallery.jpg/500px-Joseph_Mallord_William_Turner_%281775-1851%29_-_Men_with_Horses_Crossing_a_River_-_N02695_-_National_Gallery.jpg?utm_source=en.wikipedia.org&amp;utm_campaign=parser&amp;utm_content=thumbnail",
    "notable": true,
    "creation_place": "London",
    "creation_lat": 51.5074,
    "creation_lon": -0.1278,
    "_source": {
     "source": "Wikipedia: List of paintings by J. M. W. Turner",
     "coord": "MediaWiki coordinates API"
    },
    "museum_id": "tate-britain",
    "qid": "Q28533115",
    "wikidata": "https://www.wikidata.org/wiki/Q28533115",
    "_overrides": {
     "qid": {
      "at": "2026-08-24",
      "source": "Wikidata reconciliation",
      "note": "matched to Q28533115 by normalised title + year (±8), same creator (merge_wd_extras)"
     }
    }
   }
  },
  {
   "type": "Feature",
   "geometry": {
    "type": "Point",
    "coordinates": [
     -0.12722,
     51.49083
    ]
   },
   "properties": {
    "painter": "J.M.W. Turner",
    "title": "The Thames Glimpsed between Trees, possibly at Kew Bridge",
    "year": "1806-1807",
    "city": "London",
    "country": "United Kingdom",
    "location": "Tate Britain",
    "attribution": "generally accepted",
    "dimensions": "91.1 × 121.6 cm",
    "image": "https://upload.wikimedia.org/wikipedia/commons/thumb/1/1b/Joseph_Mallord_William_Turner_%281775-1851%29_-_The_Thames_Glimpsed_between_Trees%2C_possibly_at_Kew_Bridge_-_N05519_-_National_Gallery.jpg/500px-Joseph_Mallord_William_Turner_%281775-1851%29_-_The_Thames_Glimpsed_between_Trees%2C_possibly_at_Kew_Bridge_-_N05519_-_National_Gallery.jpg?utm_source=en.wikipedia.org&amp;utm_campaign=parser&amp;utm_content=thumbnail",
    "notable": true,
    "creation_place": "London",
    "creation_lat": 51.5074,
    "creation_lon": -0.1278,
    "_source": {
     "source": "Wikipedia: List of paintings by J. M. W. Turner",
     "coord": "MediaWiki coordinates API"
    },
    "museum_id": "tate-britain",
    "qid": "Q28542186",
    "wikidata": "https://www.wikidata.org/wiki/Q28542186",
    "_overrides": {
     "qid": {
      "at": "2026-08-24",
      "source": "Wikidata reconciliation",
      "note": "matched to Q28542186 by normalised title + year (±8), same creator (merge_wd_extras)"
     }
    }
   }
  },
  {
   "type": "Feature",
   "geometry": {
    "type": "Point",
    "coordinates": [
     -0.12722,
     51.49083
    ]
   },
   "properties": {
    "painter": "J.M.W. Turner",
    "title": "Weir and Cattle",
    "year": "1806-1807",
    "city": "London",
    "country": "United Kingdom",
    "location": "Tate Britain",
    "attribution": "generally accepted",
    "dimensions": "88.3 × 120 cm",
    "image": "https://upload.wikimedia.org/wikipedia/commons/thumb/7/75/Joseph_Mallord_William_Turner_%281775-1851%29_-_Weir_and_Cattle_-_N02705_-_National_Gallery.jpg/500px-Joseph_Mallord_William_Turner_%281775-1851%29_-_Weir_and_Cattle_-_N02705_-_National_Gallery.jpg?utm_source=en.wikipedia.org&amp;utm_campaign=parser&amp;utm_content=thumbnail",
    "notable": true,
    "creation_place": "London",
    "creation_lat": 51.5074,
    "creation_lon": -0.1278,
    "_source": {
     "source": "Wikipedia: List of paintings by J. M. W. Turner",
     "coord": "MediaWiki coordinates API"
    },
    "museum_id": "tate-britain",
    "qid": "Q28532510",
    "wikidata": "https://www.wikidata.org/wiki/Q28532510",
    "_overrides": {
     "qid": {
      "at": "2026-08-24",
      "source": "Wikidata reconciliation",
      "note": "matched to Q28532510 by normalised title + year (±8), same creator (merge_wd_extras)"
     }
    }
   }
  },
  {
   "type": "Feature",
   "geometry": {
    "type": "Point",
    "coordinates": [
     -0.12722,
     51.49083
    ]
   },
   "properties": {
    "painter": "J.M.W. Turner",
    "title": "Washing Sheep",
    "year": "1806-1807",
    "city": "London",
    "country": "United Kingdom",
    "location": "Tate Britain",
    "attribution": "generally accepted",
    "dimensions": "84.5 × 116.5 cm",
    "image": "https://upload.wikimedia.org/wikipedia/commons/thumb/7/71/Joseph_Mallord_William_Turner_%281775-1851%29_-_Washing_Sheep_-_N02699_-_National_Gallery.jpg/500px-Joseph_Mallord_William_Turner_%281775-1851%29_-_Washing_Sheep_-_N02699_-_National_Gallery.jpg?utm_source=en.wikipedia.org&amp;utm_campaign=parser&amp;utm_content=thumbnail",
    "notable": true,
    "creation_place": "London",
    "creation_lat": 51.5074,
    "creation_lon": -0.1278,
    "_source": {
     "source": "Wikipedia: List of paintings by J. M. W. Turner",
     "coord": "MediaWiki coordinates API"
    },
    "museum_id": "tate-britain",
    "qid": "Q28533143",
    "wikidata": "https://www.wikidata.org/wiki/Q28533143",
    "_overrides": {
     "qid": {
      "at": "2026-08-24",
      "source": "Wikidata reconciliation",
      "note": "matched to Q28533143 by normalised title + year (±8), same creator (merge_wd_extras)"
     }
    }
   }
  },
  {
   "type": "Feature",
   "geometry": {
    "type": "Point",
    "coordinates": [
     -0.12722,
     51.49083
    ]
   },
   "properties": {
    "painter": "J.M.W. Turner",
    "title": "Sketch for 'Harvest Dinner, Kingston Bank'",
    "year": "1806-1807",
    "city": "London",
    "country": "United Kingdom",
    "location": "Tate Britain",
    "attribution": "generally accepted",
    "dimensions": "61 × 91.4 cm",
    "image": "https://upload.wikimedia.org/wikipedia/commons/thumb/6/69/Joseph_Mallord_William_Turner_%281775-1851%29_-_Sketch_for_%27Harvest_Dinner%2C_Kingston_Bank%27_-_N02696_-_Tate.jpg/500px-Joseph_Mallord_William_Turner_%281775-1851%29_-_Sketch_for_%27Harvest_Dinner%2C_Kingston_Bank%27_-_N02696_-_Tate.jpg?utm_source=en.wikipedia.org&amp;utm_campaign=parser&amp;utm_content=thumbnail",
    "notable": true,
    "creation_place": "London",
    "creation_lat": 51.5074,
    "creation_lon": -0.1278,
    "_source": {
     "source": "Wikipedia: List of paintings by J. M. W. Turner",
     "coord": "MediaWiki coordinates API"
    },
    "museum_id": "tate-britain",
    "qid": "Q28533109",
    "wikidata": "https://www.wikidata.org/wiki/Q28533109",
    "_overrides": {
     "qid": {
      "at": "2026-08-24",
      "source": "Wikidata reconciliation",
      "note": "matched to Q28533109 by normalised title + year (±8), same creator (merge_wd_extras)"
     }
    },
    "_merged": [
     {
      "source": "Wikidata",
      "title": "Sketch for ‘Harvest Dinner, Kingston Bank’",
      "qid": "Q28533109",
      "url": "https://www.wikidata.org/wiki/Q28533109"
     }
    ]
   }
  },
  {
   "type": "Feature",
   "geometry": {
    "type": "Point",
    "coordinates": [
     -0.12722,
     51.49083
    ]
   },
   "properties": {
    "painter": "J.M.W. Turner",
    "title": "Shipping at the Mouth of the Thames",
    "year": "1806-1807",
    "city": "London",
    "country": "United Kingdom",
    "location": "Tate Britain",
    "attribution": "generally accepted",
    "dimensions": "85.7 × 116.8 cm",
    "image": "https://upload.wikimedia.org/wikipedia/commons/thumb/2/26/Joseph_Mallord_William_Turner_-_Shipping_at_the_Mouth_of_the_Thames_-_Google_Art_Project.jpg/500px-Joseph_Mallord_William_Turner_-_Shipping_at_the_Mouth_of_the_Thames_-_Google_Art_Project.jpg?utm_source=en.wikipedia.org&amp;utm_campaign=parser&amp;utm_content=thumbnail",
    "notable": true,
    "creation_place": "London",
    "creation_lat": 51.5074,
    "creation_lon": -0.1278,
    "_source": {
     "source": "Wikipedia: List of paintings by J. M. W. Turner",
     "coord": "MediaWiki coordinates API"
    },
    "museum_id": "tate-britain",
    "qid": "Q18687403",
    "wikidata": "https://www.wikidata.org/wiki/Q18687403",
    "_overrides": {
     "qid": {
      "at": "2026-08-24",
      "source": "Wikidata reconciliation",
      "note": "matched to Q18687403 by normalised title + year (±8), same creator (merge_wd_extras)"
     }
    }
   }
  },
  {
   "type": "Feature",
   "geometry": {
    "type": "Point",
    "coordinates": [
     -0.12722,
     51.49083
    ]
   },
   "properties": {
    "painter": "J.M.W. Turner",
    "title": "Coast Scene with Fishermen and Boats",
    "year": "1806-1807",
    "city": "London",
    "country": "United Kingdom",
    "location": "Tate Britain",
    "attribution": "generally accepted",
    "dimensions": "85.7 × 116.2 cm",
    "image": "https://upload.wikimedia.org/wikipedia/commons/thumb/5/50/Joseph_Mallord_William_Turner_%281775-1851%29_-_Coast_Scene_with_Fishermen_and_Boats_-_N02698_-_National_Gallery.jpg/500px-Joseph_Mallord_William_Turner_%281775-1851%29_-_Coast_Scene_with_Fishermen_and_Boats_-_N02698_-_National_Gallery.jpg?utm_source=en.wikipedia.org&amp;utm_campaign=parser&amp;utm_content=thumbnail",
    "notable": true,
    "creation_place": "London",
    "creation_lat": 51.5074,
    "creation_lon": -0.1278,
    "_source": {
     "source": "Wikipedia: List of paintings by J. M. W. Turner",
     "coord": "MediaWiki coordinates API"
    },
    "museum_id": "tate-britain",
    "qid": "Q28533117",
    "wikidata": "https://www.wikidata.org/wiki/Q28533117",
    "_overrides": {
     "qid": {
      "at": "2026-08-24",
      "source": "Wikidata reconciliation",
      "note": "matched to Q28533117 by normalised title + year (±8), same creator (merge_wd_extras)"
     }
    }
   }
  },
  {
   "type": "Feature",
   "geometry": {
    "type": "Point",
    "coordinates": [
     -0.12722,
     51.49083
    ]
   },
   "properties": {
    "painter": "J.M.W. Turner",
    "title": "Caversham Bridge with Cattle in the Water",
    "year": "1806-1807",
    "city": "London",
    "country": "United Kingdom",
    "location": "Tate Britain",
    "attribution": "generally accepted",
    "dimensions": "85.4 × 115.8 cm",
    "image": "https://upload.wikimedia.org/wikipedia/commons/thumb/f/fb/Joseph_Mallord_William_Turner_%281775-1851%29_-_Caversham_Bridge_with_Cattle_in_the_Water_-_N02697_-_National_Gallery.jpg/500px-Joseph_Mallord_William_Turner_%281775-1851%29_-_Caversham_Bridge_with_Cattle_in_the_Water_-_N02697_-_National_Gallery.jpg?utm_source=en.wikipedia.org&amp;utm_campaign=parser&amp;utm_content=thumbnail",
    "notable": true,
    "creation_place": "London",
    "creation_lat": 51.5074,
    "creation_lon": -0.1278,
    "_source": {
     "source": "Wikipedia: List of paintings by J. M. W. Turner",
     "coord": "MediaWiki coordinates API"
    },
    "museum_id": "tate-britain",
    "qid": "Q28533114",
    "wikidata": "https://www.wikidata.org/wiki/Q28533114",
    "_overrides": {
     "qid": {
      "at": "2026-08-24",
      "source": "Wikidata reconciliation",
      "note": "matched to Q28533114 by normalised title + year (±8), same creator (merge_wd_extras)"
     }
    }
   }
  },
  {
   "type": "Feature",
   "geometry": {
    "type": "Point",
    "coordinates": [
     -0.12722,
     51.49083
    ]
   },
   "properties": {
    "painter": "J.M.W. Turner",
    "title": "Goring Mill and Church",
    "year": "1806-1807",
    "city": "London",
    "country": "United Kingdom",
    "location": "Tate Britain",
    "attribution": "generally accepted",
    "dimensions": "85.7 × 116.2 cm",
    "image": "https://upload.wikimedia.org/wikipedia/commons/thumb/9/97/Turner_-_Goring_Mill_and_Church%2C_c.1806%E2%80%937%2C_N02704.jpg/500px-Turner_-_Goring_Mill_and_Church%2C_c.1806%E2%80%937%2C_N02704.jpg?utm_source=en.wikipedia.org&amp;utm_campaign=parser&amp;utm_content=thumbnail",
    "notable": true,
    "creation_place": "London",
    "creation_lat": 51.5074,
    "creation_lon": -0.1278,
    "_source": {
     "source": "Wikipedia: List of paintings by J. M. W. Turner",
     "coord": "MediaWiki coordinates API"
    },
    "museum_id": "tate-britain",
    "qid": "Q28532514",
    "wikidata": "https://www.wikidata.org/wiki/Q28532514",
    "_overrides": {
     "qid": {
      "at": "2026-08-24",
      "source": "Wikidata reconciliation",
      "note": "matched to Q28532514 by normalised title + year (±8), same creator (merge_wd_extras)"
     }
    }
   }
  },
  {
   "type": "Feature",
   "geometry": {
    "type": "Point",
    "coordinates": [
     -0.12722,
     51.49083
    ]
   },
   "properties": {
    "painter": "J.M.W. Turner",
    "title": "River Scene with Weir in Middle Distance",
    "year": "1806-1807",
    "city": "London",
    "country": "United Kingdom",
    "location": "Tate Britain",
    "attribution": "generally accepted",
    "dimensions": "85.4 × 115.6 cm",
    "image": "https://upload.wikimedia.org/wikipedia/commons/thumb/3/33/Joseph_Mallord_William_Turner_%281775-1851%29_-_River_Scene_with_Weir_in_Middle_Distance_-_N02703_-_National_Gallery.jpg/500px-Joseph_Mallord_William_Turner_%281775-1851%29_-_River_Scene_with_Weir_in_Middle_Distance_-_N02703_-_National_Gallery.jpg?utm_source=en.wikipedia.org&amp;utm_campaign=parser&amp;utm_content=thumbnail",
    "notable": true,
    "creation_place": "London",
    "creation_lat": 51.5074,
    "creation_lon": -0.1278,
    "_source": {
     "source": "Wikipedia: List of paintings by J. M. W. Turner",
     "coord": "MediaWiki coordinates API"
    },
    "museum_id": "tate-britain",
    "qid": "Q28532511",
    "wikidata": "https://www.wikidata.org/wiki/Q28532511",
    "_overrides": {
     "qid": {
      "at": "2026-08-24",
      "source": "Wikidata reconciliation",
      "note": "matched to Q28532511 by normalised title + year (±8), same creator (merge_wd_extras)"
     }
    }
   }
  },
  {
   "type": "Feature",
   "geometry": {
    "type": "Point",
    "coordinates": [
     -0.12722,
     51.49083
    ]
   },
   "properties": {
    "painter": "J.M.W. Turner",
    "title": "Hampton Court from the Thames",
    "year": "1806-1807",
    "city": "London",
    "country": "United Kingdom",
    "location": "Tate Britain",
    "attribution": "generally accepted",
    "dimensions": "85.7 × 120 cm",
    "image": "https://upload.wikimedia.org/wikipedia/commons/thumb/d/d0/Joseph_Mallord_William_Turner_%281775-1851%29_-_Hampton_Court_from_the_Thames_-_N02693_-_National_Gallery.jpg/500px-Joseph_Mallord_William_Turner_%281775-1851%29_-_Hampton_Court_from_the_Thames_-_N02693_-_National_Gallery.jpg?utm_source=en.wikipedia.org&amp;utm_campaign=parser&amp;utm_content=thumbnail",
    "notable": true,
    "creation_place": "London",
    "creation_lat": 51.5074,
    "creation_lon": -0.1278,
    "_source": {
     "source": "Wikipedia: List of paintings by J. M. W. Turner",
     "coord": "MediaWiki coordinates API"
    },
    "museum_id": "tate-britain",
    "qid": "Q28533116",
    "wikidata": "https://www.wikidata.org/wiki/Q28533116",
    "_overrides": {
     "qid": {
      "at": "2026-08-24",
      "source": "Wikidata reconciliation",
      "note": "matched to Q28533116 by normalised title + year (±8), same creator (merge_wd_extras)"
     }
    }
   }
  },
  {
   "type": "Feature",
   "geometry": {
    "type": "Point",
    "coordinates": [
     -0.12722,
     51.49083
    ]
   },
   "properties": {
    "painter": "J.M.W. Turner",
    "title": "Trees beside the River, with Bridge in the Middle Distance",
    "year": "1806-1807",
    "city": "London",
    "country": "United Kingdom",
    "location": "Tate Britain",
    "attribution": "generally accepted",
    "dimensions": "87.9 × 120.6 cm",
    "image": "https://upload.wikimedia.org/wikipedia/commons/thumb/d/db/Joseph_Mallord_William_Turner_-_Trees_beside_the_River%2C_with_Bridge_in_the_Middle_Distance_-_Google_Art_Project.jpg/500px-Joseph_Mallord_William_Turner_-_Trees_beside_the_River%2C_with_Bridge_in_the_Middle_Distance_-_Google_Art_Project.jpg?utm_source=en.wikipedia.org&amp;utm_campaign=parser&amp;utm_content=thumbnail",
    "notable": true,
    "creation_place": "London",
    "creation_lat": 51.5074,
    "creation_lon": -0.1278,
    "_source": {
     "source": "Wikipedia: List of paintings by J. M. W. Turner",
     "coord": "MediaWiki coordinates API"
    },
    "museum_id": "tate-britain",
    "qid": "Q18687390",
    "wikidata": "https://www.wikidata.org/wiki/Q18687390",
    "_overrides": {
     "qid": {
      "at": "2026-08-24",
      "source": "Wikidata reconciliation",
      "note": "matched to Q18687390 by normalised title + year (±8), same creator (merge_wd_extras)"
     }
    }
   }
  },
  {
   "type": "Feature",
   "geometry": {
    "type": "Point",
    "coordinates": [
     -0.12722,
     51.49083
    ]
   },
   "properties": {
    "painter": "J.M.W. Turner",
    "title": "House beside the River, with Trees and Sheep",
    "year": "1806-1807",
    "city": "London",
    "country": "United Kingdom",
    "location": "Tate Britain",
    "attribution": "generally accepted",
    "dimensions": "90.5 × 116.5 cm",
    "image": "https://upload.wikimedia.org/wikipedia/commons/thumb/1/1e/Joseph_Mallord_William_Turner_%281775-1851%29_-_House_beside_the_River%2C_with_Trees_and_Sheep_-_N02694_-_National_Gallery.jpg/500px-Joseph_Mallord_William_Turner_%281775-1851%29_-_House_beside_the_River%2C_with_Trees_and_Sheep_-_N02694_-_National_Gallery.jpg?utm_source=en.wikipedia.org&amp;utm_campaign=parser&amp;utm_content=thumbnail",
    "notable": true,
    "creation_place": "London",
    "creation_lat": 51.5074,
    "creation_lon": -0.1278,
    "_source": {
     "source": "Wikipedia: List of paintings by J. M. W. Turner",
     "coord": "MediaWiki coordinates API"
    },
    "museum_id": "tate-britain",
    "qid": "Q28533122",
    "wikidata": "https://www.wikidata.org/wiki/Q28533122",
    "_overrides": {
     "qid": {
      "at": "2026-08-24",
      "source": "Wikidata reconciliation",
      "note": "matched to Q28533122 by normalised title + year (±8), same creator (merge_wd_extras)"
     }
    }
   }
  },
  {
   "type": "Feature",
   "geometry": {
    "type": "Point",
    "coordinates": [
     -72.93091,
     41.30791
    ]
   },
   "properties": {
    "painter": "J.M.W. Turner",
    "title": "Newark Abbey",
    "year": "1806-1807",
    "city": "Connecticut",
    "location": "Yale Center for British Art",
    "attribution": "generally accepted",
    "dimensions": "91.4 × 123.2 cm",
    "image": "https://upload.wikimedia.org/wikipedia/commons/thumb/7/71/Joseph_Mallord_William_Turner_-_Newark_Abbey_-_Google_Art_Project.jpg/500px-Joseph_Mallord_William_Turner_-_Newark_Abbey_-_Google_Art_Project.jpg?utm_source=en.wikipedia.org&amp;utm_campaign=parser&amp;utm_content=thumbnail",
    "notable": true,
    "wikipedia_en": "https://en.wikipedia.org/wiki/Newark_Abbey_(painting)",
    "creation_place": "London",
    "creation_lat": 51.5074,
    "creation_lon": -0.1278,
    "_source": {
     "source": "Wikipedia: List of paintings by J. M. W. Turner",
     "coord": "MediaWiki coordinates API"
    },
    "museum_id": "yale-center-for-british-art",
    "qid": "Q23700449",
    "wikidata": "https://www.wikidata.org/wiki/Q23700449"
   }
  },
  {
   "type": "Feature",
   "geometry": {
    "type": "Point",
    "coordinates": [
     -0.12722,
     51.49083
    ]
   },
   "properties": {
    "painter": "J.M.W. Turner",
    "title": "Gipsy Camp",
    "year": "1807",
    "city": "London",
    "country": "United Kingdom",
    "location": "Tate Britain",
    "attribution": "generally accepted",
    "dimensions": "121.9 × 91.4 cm",
    "image": "https://upload.wikimedia.org/wikipedia/commons/thumb/2/2b/Joseph_Mallord_William_Turner_%281775-1851%29_-_Gipsy_Camp_-_N03048_-_National_Gallery.jpg/500px-Joseph_Mallord_William_Turner_%281775-1851%29_-_Gipsy_Camp_-_N03048_-_National_Gallery.jpg?utm_source=en.wikipedia.org&amp;utm_campaign=parser&amp;utm_content=thumbnail",
    "notable": true,
    "creation_place": "London",
    "creation_lat": 51.5074,
    "creation_lon": -0.1278,
    "_source": {
     "source": "Wikipedia: List of paintings by J. M. W. Turner",
     "coord": "MediaWiki coordinates API"
    },
    "museum_id": "tate-britain",
    "qid": "Q28537447",
    "wikidata": "https://www.wikidata.org/wiki/Q28537447",
    "_overrides": {
     "qid": {
      "at": "2026-08-24",
      "source": "Wikidata reconciliation",
      "note": "matched to Q28537447 by normalised title + year (±8), same creator (merge_wd_extras)"
     }
    }
   }
  },
  {
   "type": "Feature",
   "geometry": {
    "type": "Point",
    "coordinates": [
     -0.12722,
     51.49083
    ]
   },
   "properties": {
    "painter": "J.M.W. Turner",
    "title": "Cassiobury Park: Reaping",
    "year": "1807",
    "city": "London",
    "country": "United Kingdom",
    "location": "Tate Britain",
    "attribution": "generally accepted",
    "dimensions": "90.2 × 121.9 cm",
    "image": "https://upload.wikimedia.org/wikipedia/commons/thumb/2/27/Joseph_Mallord_William_Turner_%281775-1851%29_-_Cassiobury_Park%2C_Reaping_-_N04663_-_National_Gallery.jpg/500px-Joseph_Mallord_William_Turner_%281775-1851%29_-_Cassiobury_Park%2C_Reaping_-_N04663_-_National_Gallery.jpg?utm_source=en.wikipedia.org&amp;utm_campaign=parser&amp;utm_content=thumbnail",
    "notable": true,
    "creation_place": "London",
    "creation_lat": 51.5074,
    "creation_lon": -0.1278,
    "_source": {
     "source": "Wikipedia: List of paintings by J. M. W. Turner",
     "coord": "MediaWiki coordinates API"
    },
    "museum_id": "tate-britain",
    "qid": "Q28532912",
    "wikidata": "https://www.wikidata.org/wiki/Q28532912",
    "_overrides": {
     "qid": {
      "at": "2026-08-24",
      "source": "Wikidata reconciliation",
      "note": "matched to Q28532912 by normalised title + year (±8), same creator (merge_wd_extras)"
     }
    }
   }
  },
  {
   "type": "Feature",
   "geometry": {
    "type": "Point",
    "coordinates": [
     -0.12722,
     51.49083
    ]
   },
   "properties": {
    "painter": "J.M.W. Turner",
    "title": "Newark Abbey on the Wey",
    "year": "1807",
    "city": "London",
    "country": "United Kingdom",
    "location": "Tate Britain",
    "attribution": "generally accepted",
    "dimensions": "36.8 × 73.7 cm",
    "image": "https://upload.wikimedia.org/wikipedia/commons/thumb/9/96/Joseph_Mallord_William_Turner_%281775-1851%29_-_Newark_Abbey_on_the_Wey_-_N02677_-_Tate.jpg/500px-Joseph_Mallord_William_Turner_%281775-1851%29_-_Newark_Abbey_on_the_Wey_-_N02677_-_Tate.jpg?utm_source=en.wikipedia.org&amp;utm_campaign=parser&amp;utm_content=thumbnail",
    "notable": true,
    "creation_place": "London",
    "creation_lat": 51.5074,
    "creation_lon": -0.1278,
    "_source": {
     "source": "Wikipedia: List of paintings by J. M. W. Turner",
     "coord": "MediaWiki coordinates API"
    },
    "museum_id": "tate-britain",
    "qid": "Q28533133",
    "wikidata": "https://www.wikidata.org/wiki/Q28533133",
    "_overrides": {
     "qid": {
      "at": "2026-08-24",
      "source": "Wikidata reconciliation",
      "note": "matched to Q28533133 by normalised title + year (±8), same creator (merge_wd_extras)"
     }
    },
    "_merged": [
     {
      "source": "Wikipedia list",
      "title": "Newark Abbey"
     }
    ]
   }
  },
  {
   "type": "Feature",
   "geometry": {
    "type": "Point",
    "coordinates": [
     -0.12722,
     51.49083
    ]
   },
   "properties": {
    "painter": "J.M.W. Turner",
    "title": "An Artists' Colourman's Workshop",
    "year": "1807",
    "city": "London",
    "country": "United Kingdom",
    "location": "Tate Britain",
    "attribution": "generally accepted",
    "dimensions": "62.2 × 91.4 cm",
    "image": "https://upload.wikimedia.org/wikipedia/commons/thumb/9/94/Joseph_Mallord_William_Turner_%281775-1851%29_-_An_Artists%27_Colourman%27s_Workshop_-_N05503_-_National_Gallery.jpg/500px-Joseph_Mallord_William_Turner_%281775-1851%29_-_An_Artists%27_Colourman%27s_Workshop_-_N05503_-_National_Gallery.jpg?utm_source=en.wikipedia.org&amp;utm_campaign=parser&amp;utm_content=thumbnail",
    "notable": true,
    "creation_place": "London",
    "creation_lat": 51.5074,
    "creation_lon": -0.1278,
    "_source": {
     "source": "Wikipedia: List of paintings by J. M. W. Turner",
     "coord": "MediaWiki coordinates API"
    },
    "museum_id": "tate-britain",
    "qid": "Q28542138",
    "wikidata": "https://www.wikidata.org/wiki/Q28542138",
    "_overrides": {
     "qid": {
      "at": "2026-08-24",
      "source": "Wikidata reconciliation",
      "note": "matched to Q28542138 by normalised title + year (±8), same creator (merge_wd_extras)"
     }
    },
    "_merged": [
     {
      "source": "Wikidata",
      "title": "An Artists’ Colourman’s Workshop",
      "qid": "Q28542138",
      "url": "https://www.wikidata.org/wiki/Q28542138"
     }
    ]
   }
  },
  {
   "type": "Feature",
   "geometry": {
    "type": "Point",
    "coordinates": [
     -0.12722,
     51.49083
    ]
   },
   "properties": {
    "painter": "J.M.W. Turner",
    "title": "St Catherine's Hill, Guildford",
    "year": "1807",
    "city": "London",
    "country": "United Kingdom",
    "location": "Tate Britain",
    "attribution": "generally accepted",
    "dimensions": "36.5 × 73.7 cm",
    "image": "https://upload.wikimedia.org/wikipedia/commons/thumb/a/a3/Joseph_Mallord_William_Turner_%281775-1851%29_-_St_Catherine%27s_Hill%2C_Guildford_-_N02676_-_National_Gallery.jpg/500px-Joseph_Mallord_William_Turner_%281775-1851%29_-_St_Catherine%27s_Hill%2C_Guildford_-_N02676_-_National_Gallery.jpg?utm_source=en.wikipedia.org&amp;utm_campaign=parser&amp;utm_content=thumbnail",
    "notable": true,
    "creation_place": "London",
    "creation_lat": 51.5074,
    "creation_lon": -0.1278,
    "_source": {
     "source": "Wikipedia: List of paintings by J. M. W. Turner",
     "coord": "MediaWiki coordinates API"
    },
    "museum_id": "tate-britain",
    "qid": "Q28533144",
    "wikidata": "https://www.wikidata.org/wiki/Q28533144",
    "_overrides": {
     "qid": {
      "at": "2026-08-24",
      "source": "Wikidata reconciliation",
      "note": "matched to Q28533144 by normalised title + year (±8), same creator (merge_wd_extras)"
     }
    },
    "_merged": [
     {
      "source": "Wikidata",
      "title": "St Catherine’s Hill, Guildford",
      "qid": "Q28533144",
      "url": "https://www.wikidata.org/wiki/Q28533144"
     }
    ]
   }
  },
  {
   "type": "Feature",
   "geometry": {
    "type": "Point",
    "coordinates": [
     -2.97972,
     53.41
    ]
   },
   "properties": {
    "painter": "J.M.W. Turner",
    "title": "Linlithgow Palace",
    "year": "1807",
    "city": "Liverpool",
    "location": "Walker Art Gallery",
    "attribution": "generally accepted",
    "dimensions": "92 × 122.5 cm",
    "image": "https://upload.wikimedia.org/wikipedia/commons/thumb/c/c1/Joseph_Mallord_William_Turner_-_Linlithgow_Palace_-_Google_Art_Project.jpg/500px-Joseph_Mallord_William_Turner_-_Linlithgow_Palace_-_Google_Art_Project.jpg?utm_source=en.wikipedia.org&amp;utm_campaign=parser&amp;utm_content=thumbnail",
    "notable": true,
    "wikipedia_en": "https://en.wikipedia.org/wiki/Linlithgow_Palace_(painting)",
    "creation_place": "London",
    "creation_lat": 51.5074,
    "creation_lon": -0.1278,
    "_source": {
     "source": "Wikipedia: List of paintings by J. M. W. Turner",
     "coord": "MediaWiki coordinates API"
    },
    "museum_id": "walker-art-gallery",
    "country": "United Kingdom",
    "qid": "Q28796822",
    "wikidata": "https://www.wikidata.org/wiki/Q28796822"
   }
  },
  {
   "type": "Feature",
   "geometry": {
    "type": "Point",
    "coordinates": [
     -0.611,
     50.9881
    ]
   },
   "properties": {
    "painter": "J.M.W. Turner",
    "title": "The Thames near Windsor",
    "year": "1807",
    "city": "Petworth",
    "location": "Petworth House",
    "attribution": "generally accepted",
    "dimensions": "18.7 × 26 cm",
    "image": "https://upload.wikimedia.org/wikipedia/commons/thumb/b/b8/Joseph_Mallord_William_Turner_%281775-1851%29_-_The_Thames_near_Windsor_-_T03871_-_Tate.jpg/500px-Joseph_Mallord_William_Turner_%281775-1851%29_-_The_Thames_near_Windsor_-_T03871_-_Tate.jpg?utm_source=en.wikipedia.org&amp;utm_campaign=parser&amp;utm_content=thumbnail",
    "notable": true,
    "creation_place": "London",
    "creation_lat": 51.5074,
    "creation_lon": -0.1278,
    "_source": {
     "source": "Wikipedia: List of paintings by J. M. W. Turner",
     "coord": "MediaWiki coordinates API"
    },
    "museum_id": "petworth-house",
    "qid": "Q52253867",
    "wikidata": "https://www.wikidata.org/wiki/Q52253867",
    "_overrides": {
     "qid": {
      "at": "2026-08-24",
      "source": "Wikidata reconciliation",
      "note": "matched to Q52253867 by normalised title + year (±8), same creator (merge_wd_extras)"
     }
    }
   }
  },
  {
   "type": "Feature",
   "geometry": {
    "type": "Point",
    "coordinates": [
     -77.02,
     38.8914
    ]
   },
   "properties": {
    "painter": "J.M.W. Turner",
    "title": "The Junction of the Thames and the Medway",
    "year": "1807",
    "city": "Washington",
    "country": "United States",
    "location": "National Gallery of Art",
    "attribution": "generally accepted",
    "dimensions": "108.8 × 143.7 cm",
    "image": "https://upload.wikimedia.org/wikipedia/commons/thumb/c/cd/The_Junction_of_the_Thames_and_the_Medway_A10955.jpg/500px-The_Junction_of_the_Thames_and_the_Medway_A10955.jpg?utm_source=en.wikipedia.org&amp;utm_campaign=parser&amp;utm_content=thumbnail",
    "notable": true,
    "wikipedia_en": "https://en.wikipedia.org/wiki/The_Junction_of_the_Thames_and_the_Medway",
    "creation_place": "London",
    "creation_lat": 51.5074,
    "creation_lon": -0.1278,
    "_source": {
     "source": "Wikipedia: List of paintings by J. M. W. Turner",
     "coord": "MediaWiki coordinates API"
    },
    "museum_id": "national-gallery-of-art",
    "qid": "Q20182241",
    "wikidata": "https://www.wikidata.org/wiki/Q20182241"
   }
  },
  {
   "type": "Feature",
   "geometry": {
    "type": "Point",
    "coordinates": [
     -0.12722,
     51.49083
    ]
   },
   "properties": {
    "painter": "J.M.W. Turner",
    "title": "A Narrow Valley",
    "year": "1807",
    "city": "London",
    "country": "United Kingdom",
    "location": "Tate Britain",
    "attribution": "generally accepted",
    "dimensions": "20.6 × 16.5 cm",
    "image": "https://upload.wikimedia.org/wikipedia/commons/thumb/1/13/Joseph_Mallord_William_Turner_%281775-1851%29_-_A_Narrow_Valley_-_N02303_-_National_Gallery.jpg/500px-Joseph_Mallord_William_Turner_%281775-1851%29_-_A_Narrow_Valley_-_N02303_-_National_Gallery.jpg?utm_source=en.wikipedia.org&amp;utm_campaign=parser&amp;utm_content=thumbnail",
    "notable": true,
    "creation_place": "London",
    "creation_lat": 51.5074,
    "creation_lon": -0.1278,
    "_source": {
     "source": "Wikipedia: List of paintings by J. M. W. Turner",
     "coord": "MediaWiki coordinates API"
    },
    "museum_id": "tate-britain",
    "qid": "Q28532600",
    "wikidata": "https://www.wikidata.org/wiki/Q28532600",
    "_overrides": {
     "qid": {
      "at": "2026-08-24",
      "source": "Wikidata reconciliation",
      "note": "matched to Q28532600 by normalised title + year (±8), same creator (merge_wd_extras)"
     }
    }
   }
  },
  {
   "type": "Feature",
   "geometry": {
    "type": "Point",
    "coordinates": [
     -0.12722,
     51.49083
    ]
   },
   "properties": {
    "painter": "J.M.W. Turner",
    "title": "Windsor Castle from Salt Hill",
    "year": "1807",
    "city": "London",
    "country": "United Kingdom",
    "location": "Tate Britain",
    "attribution": "generally accepted",
    "dimensions": "27.6 × 73.7 cm",
    "image": "https://upload.wikimedia.org/wikipedia/commons/thumb/0/05/Joseph_Mallord_William_Turner_%281775-1851%29_-_Windsor_Castle_from_Salt_Hill_-_N02312_-_National_Gallery.jpg/500px-Joseph_Mallord_William_Turner_%281775-1851%29_-_Windsor_Castle_from_Salt_Hill_-_N02312_-_National_Gallery.jpg?utm_source=en.wikipedia.org&amp;utm_campaign=parser&amp;utm_content=thumbnail",
    "notable": true,
    "creation_place": "London",
    "creation_lat": 51.5074,
    "creation_lon": -0.1278,
    "_source": {
     "source": "Wikipedia: List of paintings by J. M. W. Turner",
     "coord": "MediaWiki coordinates API"
    },
    "museum_id": "tate-britain",
    "qid": "Q28532613",
    "wikidata": "https://www.wikidata.org/wiki/Q28532613",
    "_overrides": {
     "qid": {
      "at": "2026-08-24",
      "source": "Wikidata reconciliation",
      "note": "matched to Q28532613 by normalised title + year (±8), same creator (merge_wd_extras)"
     }
    }
   }
  },
  {
   "type": "Feature",
   "geometry": {
    "type": "Point",
    "coordinates": [
     -0.12722,
     51.49083
    ]
   },
   "properties": {
    "painter": "J.M.W. Turner",
    "title": "On the Thames (?)",
    "year": "1807",
    "city": "London",
    "country": "United Kingdom",
    "location": "Tate Britain",
    "attribution": "generally accepted",
    "dimensions": "29.8 × 34.9 cm",
    "image": "https://upload.wikimedia.org/wikipedia/commons/thumb/3/3e/Joseph_Mallord_William_Turner_%281775-1851%29_-_On_the_Thames_%28%5E%29_-_N02307_-_National_Gallery.jpg/500px-Joseph_Mallord_William_Turner_%281775-1851%29_-_On_the_Thames_%28%5E%29_-_N02307_-_National_Gallery.jpg?utm_source=en.wikipedia.org&amp;utm_campaign=parser&amp;utm_content=thumbnail",
    "notable": true,
    "creation_place": "London",
    "creation_lat": 51.5074,
    "creation_lon": -0.1278,
    "_source": {
     "source": "Wikipedia: List of paintings by J. M. W. Turner",
     "coord": "MediaWiki coordinates API"
    },
    "museum_id": "tate-britain",
    "qid": "Q28532601",
    "wikidata": "https://www.wikidata.org/wiki/Q28532601",
    "_overrides": {
     "qid": {
      "at": "2026-08-24",
      "source": "Wikidata reconciliation",
      "note": "matched to Q28532601 by normalised title + year (±8), same creator (merge_wd_extras)"
     }
    }
   }
  },
  {
   "type": "Feature",
   "geometry": {
    "type": "Point",
    "coordinates": [
     -0.12722,
     51.49083
    ]
   },
   "properties": {
    "painter": "J.M.W. Turner",
    "title": "Windsor Castle from the River",
    "year": "1807",
    "city": "London",
    "country": "United Kingdom",
    "location": "Tate Britain",
    "attribution": "generally accepted",
    "dimensions": "20 × 36.8 cm",
    "image": "https://upload.wikimedia.org/wikipedia/commons/thumb/a/a7/Joseph_Mallord_William_Turner_%281775-1851%29_-_Windsor_Castle_from_the_River_-_N02306_-_National_Gallery.jpg/500px-Joseph_Mallord_William_Turner_%281775-1851%29_-_Windsor_Castle_from_the_River_-_N02306_-_National_Gallery.jpg?utm_source=en.wikipedia.org&amp;utm_campaign=parser&amp;utm_content=thumbnail",
    "notable": true,
    "creation_place": "London",
    "creation_lat": 51.5074,
    "creation_lon": -0.1278,
    "_source": {
     "source": "Wikipedia: List of paintings by J. M. W. Turner",
     "coord": "MediaWiki coordinates API"
    },
    "museum_id": "tate-britain",
    "qid": "Q28532611",
    "wikidata": "https://www.wikidata.org/wiki/Q28532611",
    "_overrides": {
     "qid": {
      "at": "2026-08-24",
      "source": "Wikidata reconciliation",
      "note": "matched to Q28532611 by normalised title + year (±8), same creator (merge_wd_extras)"
     }
    }
   }
  },
  {
   "type": "Feature",
   "geometry": {
    "type": "Point",
    "coordinates": [
     -0.12722,
     51.49083
    ]
   },
   "properties": {
    "painter": "J.M.W. Turner",
    "title": "The Battle of Trafalgar, as Seen from the Mizen Starboard Shrouds of the Victory",
    "year": "1806-1808",
    "city": "London",
    "country": "United Kingdom",
    "location": "Tate Britain",
    "attribution": "generally accepted",
    "dimensions": "170.8 × 238.8 cm",
    "image": "https://upload.wikimedia.org/wikipedia/commons/thumb/e/ea/Joseph_Mallord_William_Turner_%281775-1851%29_-_The_Battle_of_Trafalgar%2C_as_Seen_from_the_Mizen_Starboard_Shrouds_of_the_Victory_-_N00480_-_National_Gallery.jpg/500px-Joseph_Mallord_William_Turner_%281775-1851%29_-_The_Battle_of_Trafalgar%2C_as_Seen_from_the_Mizen_Starboard_Shrouds_of_the_Victory_-_N00480_-_National_Gallery.jpg?utm_source=en.wikipedia.org&amp;utm_campaign=parser&amp;utm_content=thumbnail",
    "notable": true,
    "wikipedia_en": "https://en.wikipedia.org/wiki/The_Battle_of_Trafalgar_(Tate)",
    "creation_place": "London",
    "creation_lat": 51.5074,
    "creation_lon": -0.1278,
    "_source": {
     "source": "Wikipedia: List of paintings by J. M. W. Turner",
     "coord": "MediaWiki coordinates API"
    },
    "museum_id": "tate-britain",
    "qid": "Q28540578",
    "wikidata": "https://www.wikidata.org/wiki/Q28540578"
   }
  },
  {
   "type": "Feature",
   "geometry": {
    "type": "Point",
    "coordinates": [
     -0.12722,
     51.49083
    ]
   },
   "properties": {
    "painter": "J.M.W. Turner",
    "title": "Spithead: Two Captured Danish Ships Entering Portsmouth Harbour",
    "year": "1807-1809",
    "city": "London",
    "country": "United Kingdom",
    "location": "Tate Britain",
    "attribution": "generally accepted",
    "dimensions": "171.4 × 233.7 cm",
    "image": "https://upload.wikimedia.org/wikipedia/commons/thumb/5/57/Joseph_Mallord_William_Turner_%281775-1851%29_-_Spithead%2C_Two_Captured_Danish_Ships_Entering_Portsmouth_Harbour_-_N00481_-_National_Gallery.jpg/500px-Joseph_Mallord_William_Turner_%281775-1851%29_-_Spithead%2C_Two_Captured_Danish_Ships_Entering_Portsmouth_Harbour_-_N00481_-_National_Gallery.jpg?utm_source=en.wikipedia.org&amp;utm_campaign=parser&amp;utm_content=thumbnail",
    "notable": true,
    "wikipedia_en": "https://en.wikipedia.org/wiki/Two_Captured_Danish_Ships_Entering_Portsmouth_Harbour",
    "creation_place": "London",
    "creation_lat": 51.5074,
    "creation_lon": -0.1278,
    "_source": {
     "source": "Wikipedia: List of paintings by J. M. W. Turner",
     "coord": "MediaWiki coordinates API"
    },
    "museum_id": "tate-britain",
    "qid": "Q28540695",
    "wikidata": "https://www.wikidata.org/wiki/Q28540695"
   }
  },
  {
   "type": "Feature",
   "geometry": {
    "type": "Point",
    "coordinates": [
     -0.12722,
     51.49083
    ]
   },
   "properties": {
    "painter": "J.M.W. Turner",
    "title": "Eton, from the River",
    "year": "1807?",
    "city": "London",
    "country": "United Kingdom",
    "location": "Tate Britain",
    "attribution": "generally accepted",
    "dimensions": "35.6 × 66 cm",
    "image": "https://upload.wikimedia.org/wikipedia/commons/thumb/0/0f/Joseph_Mallord_William_Turner_%281775-1851%29_-_Eton%2C_from_the_River_-_N02313_-_National_Gallery.jpg/500px-Joseph_Mallord_William_Turner_%281775-1851%29_-_Eton%2C_from_the_River_-_N02313_-_National_Gallery.jpg?utm_source=en.wikipedia.org&amp;utm_campaign=parser&amp;utm_content=thumbnail",
    "notable": true,
    "creation_place": "London",
    "creation_lat": 51.5074,
    "creation_lon": -0.1278,
    "_source": {
     "source": "Wikipedia: List of paintings by J. M. W. Turner",
     "coord": "MediaWiki coordinates API"
    },
    "museum_id": "tate-britain",
    "qid": "Q28532609",
    "wikidata": "https://www.wikidata.org/wiki/Q28532609",
    "_overrides": {
     "qid": {
      "at": "2026-08-24",
      "source": "Wikidata reconciliation",
      "note": "matched to Q28532609 by normalised title + year (±8), same creator (merge_wd_extras)"
     }
    }
   }
  },
  {
   "type": "Feature",
   "geometry": {
    "type": "Point",
    "coordinates": [
     -0.12722,
     51.49083
    ]
   },
   "properties": {
    "painter": "J.M.W. Turner",
    "title": "Tree Tops and Sky, Guildford Castle(?), Evening",
    "year": "1807?",
    "city": "London",
    "country": "United Kingdom",
    "location": "Tate Britain",
    "attribution": "generally accepted",
    "dimensions": "27.6 × 73.7 cm",
    "image": "https://upload.wikimedia.org/wikipedia/commons/thumb/f/f9/Joseph_Mallord_William_Turner_%281775-1851%29_-_Tree_Tops_and_Sky%2C_Guildford_Castle%28%5E%29%2C_Evening_-_N02309_-_National_Gallery.jpg/500px-Joseph_Mallord_William_Turner_%281775-1851%29_-_Tree_Tops_and_Sky%2C_Guildford_Castle%28%5E%29%2C_Evening_-_N02309_-_National_Gallery.jpg?utm_source=en.wikipedia.org&amp;utm_campaign=parser&amp;utm_content=thumbnail",
    "notable": true,
    "creation_place": "London",
    "creation_lat": 51.5074,
    "creation_lon": -0.1278,
    "_source": {
     "source": "Wikipedia: List of paintings by J. M. W. Turner",
     "coord": "MediaWiki coordinates API"
    },
    "museum_id": "tate-britain",
    "qid": "Q28532612",
    "wikidata": "https://www.wikidata.org/wiki/Q28532612",
    "_overrides": {
     "qid": {
      "at": "2026-08-24",
      "source": "Wikidata reconciliation",
      "note": "matched to Q28532612 by normalised title + year (±8), same creator (merge_wd_extras)"
     }
    }
   }
  },
  {
   "type": "Feature",
   "geometry": {
    "type": "Point",
    "coordinates": [
     -0.12722,
     51.49083
    ]
   },
   "properties": {
    "painter": "J.M.W. Turner",
    "title": "Cliveden on Thames",
    "year": "1807?",
    "city": "London",
    "country": "United Kingdom",
    "location": "Tate Britain",
    "attribution": "generally accepted",
    "dimensions": "28.4 × 58.4 cm",
    "image": "https://upload.wikimedia.org/wikipedia/commons/thumb/9/95/Joseph_Mallord_William_Turner_-_Cliveden_on_Thames_-_Google_Art_Project.jpg/500px-Joseph_Mallord_William_Turner_-_Cliveden_on_Thames_-_Google_Art_Project.jpg?utm_source=en.wikipedia.org&amp;utm_campaign=parser&amp;utm_content=thumbnail",
    "notable": true,
    "wikipedia_en": "https://en.wikipedia.org/wiki/Cliveden_on_Thames",
    "creation_place": "London",
    "creation_lat": 51.5074,
    "creation_lon": -0.1278,
    "_source": {
     "source": "Wikipedia: List of paintings by J. M. W. Turner",
     "coord": "MediaWiki coordinates API"
    },
    "museum_id": "tate-britain",
    "qid": "Q18687364",
    "wikidata": "https://www.wikidata.org/wiki/Q18687364"
   }
  },
  {
   "type": "Feature",
   "geometry": {
    "type": "Point",
    "coordinates": [
     -0.12722,
     51.49083
    ]
   },
   "properties": {
    "painter": "J.M.W. Turner",
    "title": "A Country Blacksmith",
    "year": "1807?",
    "city": "London",
    "country": "United Kingdom",
    "location": "Tate Britain",
    "attribution": "generally accepted",
    "dimensions": "54.9 × 77.8 cm",
    "image": "https://upload.wikimedia.org/wikipedia/commons/thumb/a/a9/Joseph_Mallord_William_Turner_%281775-1851%29_-_A_Country_Blacksmith_Disputing_upon_the_Price_of_Iron%2C_and_the_Price_Charged_to_the_Butcher_for_Shoeing_his_Poney_-_N00478_-_National_Gallery.jpg/500px-thumbnail.jpg?utm_source=en.wikipedia.org&amp;utm_campaign=parser&amp;utm_content=thumbnail",
    "notable": true,
    "wikipedia_en": "https://en.wikipedia.org/wiki/A_Country_Blacksmith",
    "creation_place": "London",
    "creation_lat": 51.5074,
    "creation_lon": -0.1278,
    "_source": {
     "source": "Wikipedia: List of paintings by J. M. W. Turner",
     "coord": "MediaWiki coordinates API"
    },
    "museum_id": "tate-britain",
    "qid": "Q28540832",
    "wikidata": "https://www.wikidata.org/wiki/Q28540832",
    "_merged": [
     {
      "source": "Wikidata",
      "title": "A Country Blacksmith Disputing upon the Price of Iron, and the Price Charged to the Butcher for Shoeing his Poney",
      "qid": "Q28540832",
      "url": "https://www.wikidata.org/wiki/Q28540832"
     }
    ]
   }
  },
  {
   "type": "Feature",
   "geometry": {
    "type": "Point",
    "coordinates": [
     -0.12722,
     51.49083
    ]
   },
   "properties": {
    "painter": "J.M.W. Turner",
    "title": "The Thames near Windsor",
    "year": "1807?",
    "city": "London",
    "country": "United Kingdom",
    "location": "Tate Britain",
    "attribution": "generally accepted",
    "dimensions": "89 × 119.5 cm",
    "image": "https://upload.wikimedia.org/wikipedia/commons/thumb/b/b8/Joseph_Mallord_William_Turner_%281775-1851%29_-_The_Thames_near_Windsor_-_T03871_-_Tate.jpg/500px-Joseph_Mallord_William_Turner_%281775-1851%29_-_The_Thames_near_Windsor_-_T03871_-_Tate.jpg?utm_source=en.wikipedia.org&amp;utm_campaign=parser&amp;utm_content=thumbnail",
    "notable": true,
    "creation_place": "London",
    "creation_lat": 51.5074,
    "creation_lon": -0.1278,
    "_source": {
     "source": "Wikipedia: List of paintings by J. M. W. Turner",
     "coord": "MediaWiki coordinates API"
    },
    "museum_id": "tate-britain",
    "_merged": [
     {
      "source": "Wikidata",
      "title": "The Thames near Windsor",
      "qid": "Q52253867",
      "url": "https://www.wikidata.org/wiki/Q52253867"
     }
    ]
   }
  },
  {
   "type": "Feature",
   "geometry": {
    "type": "Point",
    "coordinates": [
     -0.12722,
     51.49083
    ]
   },
   "properties": {
    "painter": "J.M.W. Turner",
    "title": "The Raft",
    "year": "1807",
    "city": "London",
    "country": "United Kingdom",
    "location": "Tate Britain",
    "attribution": "generally accepted",
    "dimensions": "41 × 59 cm",
    "notable": true,
    "creation_place": "London",
    "creation_lat": 51.5074,
    "creation_lon": -0.1278,
    "_source": {
     "source": "Wikipedia: List of paintings by J. M. W. Turner",
     "coord": "MediaWiki coordinates API"
    },
    "museum_id": "tate-britain",
    "qid": "Q119029903",
    "wikidata": "https://www.wikidata.org/wiki/Q119029903",
    "_overrides": {
     "qid": {
      "at": "2026-08-24",
      "source": "Wikidata reconciliation",
      "note": "matched to Q119029903 by normalised title + year (±8), same creator (merge_wd_extras)"
     }
    }
   }
  },
  {
   "type": "Feature",
   "geometry": {
    "type": "Point",
    "coordinates": [
     -0.611,
     50.9881
    ]
   },
   "properties": {
    "painter": "J.M.W. Turner",
    "title": "The Thames at Eton",
    "year": "1808",
    "city": "Petworth",
    "location": "Petworth House",
    "attribution": "generally accepted",
    "dimensions": "60.5 × 90.5 cm",
    "image": "https://upload.wikimedia.org/wikipedia/commons/thumb/1/18/Joseph_Mallord_William_Turner_%281775-1851%29_-_The_Thames_at_Eton_-_T03873_-_Tate.jpg/500px-Joseph_Mallord_William_Turner_%281775-1851%29_-_The_Thames_at_Eton_-_T03873_-_Tate.jpg?utm_source=en.wikipedia.org&amp;utm_campaign=parser&amp;utm_content=thumbnail",
    "notable": true,
    "creation_place": "London",
    "creation_lat": 51.5074,
    "creation_lon": -0.1278,
    "_source": {
     "source": "Wikipedia: List of paintings by J. M. W. Turner",
     "coord": "MediaWiki coordinates API"
    },
    "museum_id": "petworth-house",
    "qid": "Q52253924",
    "wikidata": "https://www.wikidata.org/wiki/Q52253924",
    "_overrides": {
     "qid": {
      "at": "2026-08-24",
      "source": "Wikidata reconciliation",
      "note": "matched to Q52253924 by normalised title + year (±8), same creator (merge_wd_extras)"
     }
    }
   }
  },
  {
   "type": "Feature",
   "geometry": {
    "type": "Point",
    "coordinates": [
     -0.611,
     50.9881
    ]
   },
   "properties": {
    "painter": "J.M.W. Turner",
    "title": "Margate",
    "year": "1808",
    "city": "Petworth",
    "location": "Petworth House",
    "attribution": "generally accepted",
    "dimensions": "90 × 120.5 cm",
    "image": "https://upload.wikimedia.org/wikipedia/commons/thumb/c/cb/Joseph_Mallord_William_Turner_%281775-1851%29_-_Margate_-_T03876_-_Tate.jpg/500px-Joseph_Mallord_William_Turner_%281775-1851%29_-_Margate_-_T03876_-_Tate.jpg?utm_source=en.wikipedia.org&amp;utm_campaign=parser&amp;utm_content=thumbnail",
    "notable": true,
    "wikipedia_en": "https://en.wikipedia.org/wiki/Margate_(painting)",
    "creation_place": "London",
    "creation_lat": 51.5074,
    "creation_lon": -0.1278,
    "_source": {
     "source": "Wikipedia: List of paintings by J. M. W. Turner",
     "coord": "MediaWiki coordinates API"
    },
    "museum_id": "petworth-house",
    "qid": "Q135971782",
    "wikidata": "https://www.wikidata.org/wiki/Q135971782",
    "_merged": [
     {
      "source": "Wikidata",
      "title": "Margate",
      "qid": "Q28552918",
      "url": "https://www.wikidata.org/wiki/Q28552918"
     }
    ]
   }
  },
  {
   "type": "Feature",
   "geometry": {
    "type": "Point",
    "coordinates": [
     -0.611,
     50.9881
    ]
   },
   "properties": {
    "painter": "J.M.W. Turner",
    "title": "The Forest of Bere",
    "year": "1808",
    "city": "Petworth",
    "location": "Petworth House",
    "attribution": "generally accepted",
    "dimensions": "89 × 119.5 cm",
    "image": "https://upload.wikimedia.org/wikipedia/commons/thumb/1/12/Joseph_Mallord_William_Turner_%281775-1851%29_-_The_Forest_of_Bere_-_T03875_-_Tate.jpg/500px-Joseph_Mallord_William_Turner_%281775-1851%29_-_The_Forest_of_Bere_-_T03875_-_Tate.jpg?utm_source=en.wikipedia.org&amp;utm_campaign=parser&amp;utm_content=thumbnail",
    "notable": true,
    "wikipedia_en": "https://en.wikipedia.org/wiki/The_Forest_of_Bere",
    "creation_place": "London",
    "creation_lat": 51.5074,
    "creation_lon": -0.1278,
    "_source": {
     "source": "Wikipedia: List of paintings by J. M. W. Turner",
     "coord": "MediaWiki coordinates API"
    },
    "museum_id": "petworth-house",
    "qid": "Q52253881",
    "wikidata": "https://www.wikidata.org/wiki/Q52253881"
   }
  },
  {
   "type": "Feature",
   "geometry": {
    "type": "Point",
    "coordinates": [
     -2.413,
     53.296
    ]
   },
   "properties": {
    "painter": "J.M.W. Turner",
    "title": "Tabley, Cheshire, the Seat of Sir J. F. Leicester, Bt: Windy Day",
    "year": "1808",
    "city": "Knutsford",
    "location": "Tabley House",
    "attribution": "generally accepted",
    "dimensions": "91.5 × W 120.6",
    "image": "https://upload.wikimedia.org/wikipedia/commons/thumb/9/9d/Turner_-_Tabley%2C_Cheshire%2C_the_Seat_of_Sir_J._F._Leicester%2C_Bt_Windy_Day%2C_1808%2C_201.2.jpg/500px-Turner_-_Tabley%2C_Cheshire%2C_the_Seat_of_Sir_J._F._Leicester%2C_Bt_Windy_Day%2C_1808%2C_201.2.jpg?utm_source=en.wikipedia.org&amp;utm_campaign=parser&amp;utm_content=thumbnail",
    "notable": true,
    "creation_place": "London",
    "creation_lat": 51.5074,
    "creation_lon": -0.1278,
    "_source": {
     "source": "Wikipedia: List of paintings by J. M. W. Turner",
     "coord": "MediaWiki coordinates API"
    },
    "museum_id": "tabley-house",
    "qid": "Q119030472",
    "wikidata": "https://www.wikidata.org/wiki/Q119030472",
    "_overrides": {
     "qid": {
      "at": "2026-08-24",
      "source": "Wikidata reconciliation",
      "note": "matched to Q119030472 by normalised title + year (±8), same creator (merge_wd_extras)"
     }
    }
   }
  },
  {
   "type": "Feature",
   "geometry": {
    "type": "Point",
    "coordinates": [
     -0.12722,
     51.49083
    ]
   },
   "properties": {
    "painter": "J.M.W. Turner",
    "title": "View of Richmond Hill and Bridge",
    "year": "1808",
    "city": "London",
    "country": "United Kingdom",
    "location": "Tate Britain",
    "attribution": "generally accepted",
    "dimensions": "91.4 × 121.9 cm",
    "image": "https://upload.wikimedia.org/wikipedia/commons/thumb/a/ae/Joseph_Mallord_William_Turner_-_View_of_Richmond_Hill_and_Bridge_-_Google_Art_Project.jpg/500px-Joseph_Mallord_William_Turner_-_View_of_Richmond_Hill_and_Bridge_-_Google_Art_Project.jpg?utm_source=en.wikipedia.org&amp;utm_campaign=parser&amp;utm_content=thumbnail",
    "notable": true,
    "wikipedia_en": "https://en.wikipedia.org/wiki/View_of_Richmond_Hill_and_Bridge",
    "creation_place": "London",
    "creation_lat": 51.5074,
    "creation_lon": -0.1278,
    "_source": {
     "source": "Wikipedia: List of paintings by J. M. W. Turner",
     "coord": "MediaWiki coordinates API"
    },
    "museum_id": "tate-britain",
    "qid": "Q18687353",
    "wikidata": "https://www.wikidata.org/wiki/Q18687353"
   }
  },
  {
   "type": "Feature",
   "geometry": {
    "type": "Point",
    "coordinates": [
     -0.12722,
     51.49083
    ]
   },
   "properties": {
    "painter": "J.M.W. Turner",
    "title": "A Subject from the Runic Superstitions ...",
    "year": "1808",
    "city": "London",
    "country": "United Kingdom",
    "location": "Tate Britain",
    "attribution": "generally accepted",
    "dimensions": "92.1 × 121.9 cm",
    "image": "https://upload.wikimedia.org/wikipedia/commons/thumb/6/69/Joseph_Mallord_William_Turner_%281775-1851%29_-_A_Subject_from_the_Runic_Superstitions_..._-_N00464_-_National_Gallery.jpg/500px-Joseph_Mallord_William_Turner_%281775-1851%29_-_A_Subject_from_the_Runic_Superstitions_..._-_N00464_-_National_Gallery.jpg?utm_source=en.wikipedia.org&amp;utm_campaign=parser&amp;utm_content=thumbnail",
    "notable": true,
    "creation_place": "London",
    "creation_lat": 51.5074,
    "creation_lon": -0.1278,
    "_source": {
     "source": "Wikipedia: List of paintings by J. M. W. Turner",
     "coord": "MediaWiki coordinates API"
    },
    "museum_id": "tate-britain",
    "qid": "Q28540850",
    "wikidata": "https://www.wikidata.org/wiki/Q28540850",
    "_overrides": {
     "qid": {
      "at": "2026-08-24",
      "source": "Wikidata reconciliation",
      "note": "matched to Q28540850 by normalised title + year (±8), same creator (merge_wd_extras)"
     }
    }
   }
  },
  {
   "type": "Feature",
   "geometry": {
    "type": "Point",
    "coordinates": [
     -0.12722,
     51.49083
    ]
   },
   "properties": {
    "painter": "J.M.W. Turner",
    "title": "Union of the Thames and Isis ('Dorchester Mead, Oxfordshire')",
    "year": "1808",
    "city": "London",
    "country": "United Kingdom",
    "location": "Tate Britain",
    "attribution": "generally accepted",
    "dimensions": "90.8 × 121.3 cm",
    "image": "https://upload.wikimedia.org/wikipedia/commons/thumb/f/f5/Joseph_Mallord_William_Turner_-_Union_of_the_Thames_and_Isis_%28%27Dorchester_Mead%2C_Oxfordshire%29_-_Google_Art_Project.jpg/500px-Joseph_Mallord_William_Turner_-_Union_of_the_Thames_and_Isis_%28%27Dorchester_Mead%2C_Oxfordshire%29_-_Google_Art_Project.jpg?utm_source=en.wikipedia.org&amp;utm_campaign=parser&amp;utm_content=thumbnail",
    "notable": true,
    "creation_place": "London",
    "creation_lat": 51.5074,
    "creation_lon": -0.1278,
    "_source": {
     "source": "Wikipedia: List of paintings by J. M. W. Turner",
     "coord": "MediaWiki coordinates API"
    },
    "museum_id": "tate-britain",
    "_merged": [
     {
      "source": "Wikidata",
      "title": "Union of the Thames and Isis",
      "qid": "Q18687299",
      "url": "https://www.wikidata.org/wiki/Q18687299"
     }
    ]
   }
  },
  {
   "type": "Feature",
   "geometry": {
    "type": "Point",
    "coordinates": [
     -71.05778,
     42.36028
    ]
   },
   "properties": {
    "painter": "J.M.W. Turner",
    "title": "Sheerness as Seen from the Nore",
    "year": "1808",
    "city": "Boston",
    "location": "Museum of Fine Arts",
    "attribution": "generally accepted",
    "dimensions": "140.5 × 149.5 cm",
    "image": "https://upload.wikimedia.org/wikipedia/commons/thumb/a/a1/Joseph_Mallord_William_Turner_-_Sheerness_as_seen_from_the_Nore_-_2005.31_-_Museum_of_Fine_Arts.jpg/500px-Joseph_Mallord_William_Turner_-_Sheerness_as_seen_from_the_Nore_-_2005.31_-_Museum_of_Fine_Arts.jpg?utm_source=en.wikipedia.org&amp;utm_campaign=parser&amp;utm_content=thumbnail",
    "notable": true,
    "wikipedia_en": "https://en.wikipedia.org/wiki/Sheerness_as_Seen_from_the_Nore",
    "creation_place": "London",
    "creation_lat": 51.5074,
    "creation_lon": -0.1278,
    "_source": {
     "source": "Wikipedia: List of paintings by J. M. W. Turner",
     "coord": "MediaWiki coordinates API"
    },
    "museum_id": "museum-of-fine-arts",
    "country": "United States",
    "qid": "Q28036742",
    "wikidata": "https://www.wikidata.org/wiki/Q28036742",
    "_merged": [
     {
      "source": "Wikidata",
      "title": "Sheerness as seen from the Nore",
      "qid": "Q28036742",
      "url": "https://www.wikidata.org/wiki/Q28036742"
     }
    ]
   }
  },
  {
   "type": "Feature",
   "geometry": {
    "type": "Point",
    "coordinates": [
     -0.611,
     50.9881
    ]
   },
   "properties": {
    "painter": "J.M.W. Turner",
    "title": "The Confluence of the Thames and the Medway",
    "year": "1808",
    "city": "Petworth",
    "location": "Petworth House",
    "attribution": "generally accepted",
    "dimensions": "91 × 12 cm",
    "image": "https://upload.wikimedia.org/wikipedia/commons/thumb/5/56/Joseph_Mallord_William_Turner_%281775-1851%29_-_The_Confluence_of_the_Thames_and_the_Medway_-_T03874_-_Tate.jpg/500px-Joseph_Mallord_William_Turner_%281775-1851%29_-_The_Confluence_of_the_Thames_and_the_Medway_-_T03874_-_Tate.jpg?utm_source=en.wikipedia.org&amp;utm_campaign=parser&amp;utm_content=thumbnail",
    "notable": true,
    "creation_place": "London",
    "creation_lat": 51.5074,
    "creation_lon": -0.1278,
    "_source": {
     "source": "Wikipedia: List of paintings by J. M. W. Turner",
     "coord": "MediaWiki coordinates API"
    },
    "museum_id": "petworth-house",
    "qid": "Q28552954",
    "wikidata": "https://www.wikidata.org/wiki/Q28552954",
    "_overrides": {
     "qid": {
      "at": "2026-08-24",
      "source": "Wikidata reconciliation",
      "note": "matched to Q28552954 by normalised title + year (±8), same creator (merge_wd_extras)"
     }
    }
   }
  },
  {
   "type": "Feature",
   "geometry": {
    "type": "Point",
    "coordinates": [
     -0.611,
     50.9881
    ]
   },
   "properties": {
    "painter": "J.M.W. Turner",
    "title": "Near the Thames' Lock, Windsor",
    "year": "1809",
    "city": "Petworth",
    "location": "Petworth House",
    "attribution": "generally accepted",
    "dimensions": "89 × 118 c",
    "image": "https://upload.wikimedia.org/wikipedia/commons/thumb/6/60/Joseph_Mallord_William_Turner_%281775-1851%29_-_Near_the_Thames%27_Lock%2C_Windsor_-_T03877_-_Tate.jpg/500px-Joseph_Mallord_William_Turner_%281775-1851%29_-_Near_the_Thames%27_Lock%2C_Windsor_-_T03877_-_Tate.jpg?utm_source=en.wikipedia.org&amp;utm_campaign=parser&amp;utm_content=thumbnail",
    "notable": true,
    "creation_place": "London",
    "creation_lat": 51.5074,
    "creation_lon": -0.1278,
    "_source": {
     "source": "Wikipedia: List of paintings by J. M. W. Turner",
     "coord": "MediaWiki coordinates API"
    },
    "museum_id": "petworth-house",
    "qid": "Q28552776",
    "wikidata": "https://www.wikidata.org/wiki/Q28552776",
    "_overrides": {
     "qid": {
      "at": "2026-08-24",
      "source": "Wikidata reconciliation",
      "note": "matched to Q28552776 by normalised title + year (±8), same creator (merge_wd_extras)"
     }
    },
    "_merged": [
     {
      "source": "Wikidata",
      "title": "Near the Thames’ Lock, Windsor",
      "qid": "Q28552776",
      "url": "https://www.wikidata.org/wiki/Q28552776"
     }
    ]
   }
  },
  {
   "type": "Feature",
   "geometry": {
    "type": "Point",
    "coordinates": [
     -0.12722,
     51.49083
    ]
   },
   "properties": {
    "painter": "J.M.W. Turner",
    "title": "Harvest Home",
    "year": "1809",
    "city": "London",
    "country": "United Kingdom",
    "location": "Tate Britain",
    "attribution": "generally accepted",
    "dimensions": "90.5 × 120.3 c",
    "image": "https://upload.wikimedia.org/wikipedia/commons/thumb/b/b8/Joseph_Mallord_William_Turner_%281775-1851%29_-_Harvest_Home_-_N00562_-_National_Gallery.jpg/500px-Joseph_Mallord_William_Turner_%281775-1851%29_-_Harvest_Home_-_N00562_-_National_Gallery.jpg?utm_source=en.wikipedia.org&amp;utm_campaign=parser&amp;utm_content=thumbnail",
    "notable": true,
    "creation_place": "London",
    "creation_lat": 51.5074,
    "creation_lon": -0.1278,
    "_source": {
     "source": "Wikipedia: List of paintings by J. M. W. Turner",
     "coord": "MediaWiki coordinates API"
    },
    "museum_id": "tate-britain",
    "qid": "Q28538590",
    "wikidata": "https://www.wikidata.org/wiki/Q28538590",
    "_overrides": {
     "qid": {
      "at": "2026-08-24",
      "source": "Wikidata reconciliation",
      "note": "matched to Q28538590 by normalised title + year (±8), same creator (merge_wd_extras)"
     }
    }
   }
  },
  {
   "type": "Feature",
   "geometry": {
    "type": "Point",
    "coordinates": [
     -1.92773,
     52.45042
    ]
   },
   "properties": {
    "painter": "J.M.W. Turner",
    "title": "The Sun Setting through Vapour",
    "year": "1809",
    "city": "Birmingham",
    "location": "Barber Institute of Fine Arts",
    "attribution": "generally accepted",
    "dimensions": "69.2 × 101.6 c",
    "image": "https://upload.wikimedia.org/wikipedia/commons/thumb/6/67/The_Barber_Institute_of_Fine_Arts_-_Joseph_Mallord_William_Turner_-_Sun_Setting_through_Vapour.jpg/500px-The_Barber_Institute_of_Fine_Arts_-_Joseph_Mallord_William_Turner_-_Sun_Setting_through_Vapour.jpg?utm_source=en.wikipedia.org&amp;utm_campaign=parser&amp;utm_content=thumbnail",
    "notable": true,
    "wikipedia_en": "https://en.wikipedia.org/wiki/The_Sun_Setting_through_Vapour",
    "creation_place": "London",
    "creation_lat": 51.5074,
    "creation_lon": -0.1278,
    "_source": {
     "source": "Wikipedia: List of paintings by J. M. W. Turner",
     "coord": "MediaWiki coordinates API"
    },
    "museum_id": "barber-institute-of-fine-arts",
    "country": "United Kingdom",
    "qid": "Q119026559",
    "wikidata": "https://www.wikidata.org/wiki/Q119026559",
    "_merged": [
     {
      "source": "Wikidata",
      "title": "The Sun Rising through Vapour.",
      "qid": "Q96195598",
      "url": "https://www.wikidata.org/wiki/Q96195598"
     }
    ]
   }
  },
  {
   "type": "Feature",
   "geometry": {
    "type": "Point",
    "coordinates": [
     -75.69891,
     45.42954
    ]
   },
   "properties": {
    "painter": "J.M.W. Turner",
    "title": "Shoeburyness Fishermen Hailing a Whitstable Hoy",
    "year": "1809",
    "city": "Ottawa",
    "location": "National Gallery of Canada",
    "attribution": "generally accepted",
    "dimensions": "91.5 × 122 cm",
    "image": "https://upload.wikimedia.org/wikipedia/en/thumb/d/d1/Shoeburyness_Fishermen_Hailing_a_Whitstable_Hoy.png/500px-Shoeburyness_Fishermen_Hailing_a_Whitstable_Hoy.png?utm_source=en.wikipedia.org&amp;utm_campaign=parser&amp;utm_content=thumbnail",
    "notable": true,
    "creation_place": "London",
    "creation_lat": 51.5074,
    "creation_lon": -0.1278,
    "_source": {
     "source": "Wikipedia: List of paintings by J. M. W. Turner",
     "coord": "MediaWiki coordinates API"
    },
    "museum_id": "national-gallery-of-canada",
    "country": "Canada"
   }
  },
  {
   "type": "Feature",
   "geometry": {
    "type": "Point",
    "coordinates": [
     -84.50333,
     39.1025
    ]
   },
   "properties": {
    "painter": "J.M.W. Turner",
    "title": "The Trout Stream",
    "year": "1809",
    "city": "Cincinnati",
    "location": "Taft Museum of Art",
    "attribution": "generally accepted",
    "image": "https://upload.wikimedia.org/wikipedia/commons/thumb/9/97/Turner_-_The_Trout_Stream%2C_1809%2C_1931.459.jpg/500px-Turner_-_The_Trout_Stream%2C_1809%2C_1931.459.jpg?utm_source=en.wikipedia.org&amp;utm_campaign=parser&amp;utm_content=thumbnail",
    "notable": true,
    "wikipedia_en": "https://en.wikipedia.org/wiki/The_Trout_Stream",
    "creation_place": "London",
    "creation_lat": 51.5074,
    "creation_lon": -0.1278,
    "_source": {
     "source": "Wikipedia: List of paintings by J. M. W. Turner",
     "coord": "MediaWiki coordinates API"
    },
    "museum_id": "taft-museum-of-art",
    "qid": "Q136071747",
    "wikidata": "https://www.wikidata.org/wiki/Q136071747"
   }
  },
  {
   "type": "Feature",
   "geometry": {
    "type": "Point",
    "coordinates": [
     -0.611,
     50.9881
    ]
   },
   "properties": {
    "painter": "J.M.W. Turner",
    "title": "Tabley, Cheshire, the Seat of Sir J. F. Leicester, Bart.: Calm Morning",
    "year": "1809",
    "city": "Petworth",
    "location": "Petworth House",
    "attribution": "generally accepted",
    "dimensions": "91 × 121.5 cm",
    "image": "https://upload.wikimedia.org/wikipedia/commons/thumb/1/18/Joseph_Mallord_William_Turner_%281775-1851%29_-_Tabley%2C_Cheshire%2C_the_Seat_of_Sir_J._F._Leicester%2C_Bart.%2C_Calm_Morning_-_T03878_-_Tate.jpg/500px-Joseph_Mallord_William_Turner_%281775-1851%29_-_Tabley%2C_Cheshire%2C_the_Seat_of_Sir_J._F._Leicester%2C_Bart.%2C_Calm_Morning_-_T03878_-_Tate.jpg?utm_source=en.wikipedia.org&amp;utm_campaign=parser&amp;utm_content=thumbnail",
    "notable": true,
    "creation_place": "London",
    "creation_lat": 51.5074,
    "creation_lon": -0.1278,
    "_source": {
     "source": "Wikipedia: List of paintings by J. M. W. Turner",
     "coord": "MediaWiki coordinates API"
    },
    "museum_id": "petworth-house",
    "qid": "Q28552811",
    "wikidata": "https://www.wikidata.org/wiki/Q28552811",
    "_overrides": {
     "qid": {
      "at": "2026-08-24",
      "source": "Wikidata reconciliation",
      "note": "matched to Q28552811 by normalised title + year (±8), same creator (merge_wd_extras)"
     }
    },
    "_merged": [
     {
      "source": "Wikidata",
      "title": "Tabley, Cheshire, the Seat of Sir J.F. Leicester, Bart.: Calm Morning",
      "qid": "Q28552811",
      "url": "https://www.wikidata.org/wiki/Q28552811"
     }
    ]
   }
  },
  {
   "type": "Feature",
   "geometry": {
    "type": "Point",
    "coordinates": [
     -0.12722,
     51.49083
    ]
   },
   "properties": {
    "painter": "J.M.W. Turner",
    "title": "Ploughing Up Turnips, near Slough ('Windsor')",
    "year": "1809",
    "city": "London",
    "country": "United Kingdom",
    "location": "Tate Britain",
    "attribution": "generally accepted",
    "dimensions": "101.9 × 130.2 cm",
    "image": "https://upload.wikimedia.org/wikipedia/commons/thumb/a/ab/Joseph_Mallord_William_Turner_%281775-1851%29_-_Ploughing_Up_Turnips%2C_near_Slough_%28%27Windsor%27%29_-_N00486_-_National_Gallery.jpg/500px-Joseph_Mallord_William_Turner_%281775-1851%29_-_Ploughing_Up_Turnips%2C_near_Slough_%28%27Windsor%27%29_-_N00486_-_National_Gallery.jpg?utm_source=en.wikipedia.org&amp;utm_campaign=parser&amp;utm_content=thumbnail",
    "notable": true,
    "wikipedia_en": "https://en.wikipedia.org/wiki/Ploughing_Up_Turnips,_near_Slough_(%27Windsor%27)",
    "creation_place": "London",
    "creation_lat": 51.5074,
    "creation_lon": -0.1278,
    "_source": {
     "source": "Wikipedia: List of paintings by J. M. W. Turner",
     "coord": "MediaWiki coordinates API"
    },
    "museum_id": "tate-britain",
    "qid": "Q28540620",
    "wikidata": "https://www.wikidata.org/wiki/Q28540620",
    "_merged": [
     {
      "source": "Wikidata",
      "title": "Ploughing Up Turnips, near Slough (‘Windsor’)",
      "qid": "Q28540620",
      "url": "https://www.wikidata.org/wiki/Q28540620"
     }
    ]
   }
  },
  {
   "type": "Feature",
   "geometry": {
    "type": "Point",
    "coordinates": [
     -0.12722,
     51.49083
    ]
   },
   "properties": {
    "painter": "J.M.W. Turner",
    "title": "Sketch of a Bank, with Gipsies",
    "year": "1809",
    "city": "London",
    "country": "United Kingdom",
    "location": "Tate Britain",
    "attribution": "generally accepted",
    "dimensions": "61.3 × 83.8 cm",
    "image": "https://upload.wikimedia.org/wikipedia/commons/thumb/6/6c/Joseph_Mallord_William_Turner_%281775-1851%29_-_Sketch_of_a_Bank%2C_with_Gipsies_-_N00467_-_National_Gallery.jpg/500px-Joseph_Mallord_William_Turner_%281775-1851%29_-_Sketch_of_a_Bank%2C_with_Gipsies_-_N00467_-_National_Gallery.jpg?utm_source=en.wikipedia.org&amp;utm_campaign=parser&amp;utm_content=thumbnail",
    "notable": true,
    "creation_place": "London",
    "creation_lat": 51.5074,
    "creation_lon": -0.1278,
    "_source": {
     "source": "Wikipedia: List of paintings by J. M. W. Turner",
     "coord": "MediaWiki coordinates API"
    },
    "museum_id": "tate-britain",
    "qid": "Q28540650",
    "wikidata": "https://www.wikidata.org/wiki/Q28540650",
    "_overrides": {
     "qid": {
      "at": "2026-08-24",
      "source": "Wikidata reconciliation",
      "note": "matched to Q28540650 by normalised title + year (±8), same creator (merge_wd_extras)"
     }
    }
   }
  },
  {
   "type": "Feature",
   "geometry": {
    "type": "Point",
    "coordinates": [
     -0.12722,
     51.49083
    ]
   },
   "properties": {
    "painter": "J.M.W. Turner",
    "title": "London from Greenwich Park",
    "year": "1809",
    "city": "London",
    "country": "United Kingdom",
    "location": "Tate Britain",
    "attribution": "generally accepted",
    "dimensions": "90.2 × 120 c",
    "image": "https://upload.wikimedia.org/wikipedia/commons/thumb/f/f4/Joseph_Mallord_William_Turner_-_London_from_Greenwich_Park_-_Google_Art_Project.jpg/500px-Joseph_Mallord_William_Turner_-_London_from_Greenwich_Park_-_Google_Art_Project.jpg?utm_source=en.wikipedia.org&amp;utm_campaign=parser&amp;utm_content=thumbnail",
    "notable": true,
    "wikipedia_en": "https://en.wikipedia.org/wiki/London_from_Greenwich_Park",
    "creation_place": "London",
    "creation_lat": 51.5074,
    "creation_lon": -0.1278,
    "_source": {
     "source": "Wikipedia: List of paintings by J. M. W. Turner",
     "coord": "MediaWiki coordinates API"
    },
    "museum_id": "tate-britain",
    "qid": "Q18687310",
    "wikidata": "https://www.wikidata.org/wiki/Q18687310"
   }
  },
  {
   "type": "Feature",
   "geometry": {
    "type": "Point",
    "coordinates": [
     -2.24139,
     53.47861
    ]
   },
   "properties": {
    "painter": "J.M.W. Turner",
    "title": "Thomson's Aeolian Harp",
    "year": "1809",
    "location": "Manchester Art Gallery",
    "attribution": "generally accepted",
    "dimensions": "166.7 × 306 cm",
    "image": "https://upload.wikimedia.org/wikipedia/commons/thumb/8/8d/Turner_-_Thomson%27s_Aeolian_Harp%2C_1809%2C_1979.7.jpg/500px-Turner_-_Thomson%27s_Aeolian_Harp%2C_1809%2C_1979.7.jpg?utm_source=en.wikipedia.org&amp;utm_campaign=parser&amp;utm_content=thumbnail",
    "notable": true,
    "wikipedia_en": "https://en.wikipedia.org/wiki/Thomson%27s_Aeolian_Harp",
    "creation_place": "London",
    "creation_lat": 51.5074,
    "creation_lon": -0.1278,
    "_source": {
     "source": "Wikipedia: List of paintings by J. M. W. Turner",
     "coord": "MediaWiki coordinates API"
    },
    "museum_id": "manchester-art-gallery",
    "city": "Manchester",
    "country": "United Kingdom",
    "qid": "Q119031453",
    "wikidata": "https://www.wikidata.org/wiki/Q119031453",
    "_overrides": {
     "qid": {
      "at": "2026-08-24",
      "source": "Wikidata reconciliation",
      "note": "matched to Q119031453 by normalised title + year (±8), same creator (merge_wd_extras)"
     }
    }
   }
  },
  {
   "type": "Feature",
   "geometry": {
    "type": "Point",
    "coordinates": [
     -0.12722,
     51.49083
    ]
   },
   "properties": {
    "painter": "J.M.W. Turner",
    "title": "Fishing upon the Blythe-Sand, Tide Setting In",
    "year": "1809",
    "city": "London",
    "country": "United Kingdom",
    "location": "Tate Britain",
    "attribution": "generally accepted",
    "dimensions": "88.9 × 119.4 cm",
    "image": "https://upload.wikimedia.org/wikipedia/commons/thumb/4/47/Joseph_Mallord_William_Turner_-_Fishing_upon_the_Blythe-Sand%2C_Tide_Setting_In_-_Google_Art_Project.jpg/500px-Joseph_Mallord_William_Turner_-_Fishing_upon_the_Blythe-Sand%2C_Tide_Setting_In_-_Google_Art_Project.jpg?utm_source=en.wikipedia.org&amp;utm_campaign=parser&amp;utm_content=thumbnail",
    "notable": true,
    "wikipedia_en": "https://en.wikipedia.org/wiki/Fishing_Upon_the_Blythe_Sand",
    "creation_place": "London",
    "creation_lat": 51.5074,
    "creation_lon": -0.1278,
    "_source": {
     "source": "Wikipedia: List of paintings by J. M. W. Turner",
     "coord": "MediaWiki coordinates API"
    },
    "museum_id": "tate-britain",
    "qid": "Q18687324",
    "wikidata": "https://www.wikidata.org/wiki/Q18687324"
   }
  },
  {
   "type": "Feature",
   "geometry": {
    "type": "Point",
    "coordinates": [
     -1.26056,
     51.75556
    ]
   },
   "properties": {
    "painter": "J.M.W. Turner",
    "title": "View of the High Street, Oxford",
    "year": "1809-1810",
    "city": "Oxford",
    "country": "United Kingdom",
    "location": "Ashmolean Museum",
    "attribution": "generally accepted",
    "dimensions": "68.6 × 99.7 cm",
    "image": "https://upload.wikimedia.org/wikipedia/commons/thumb/0/0b/High_Street%2C_Oxford_%28painting%29%2C_by_Turner_%281810%29_crop.jpg/500px-High_Street%2C_Oxford_%28painting%29%2C_by_Turner_%281810%29_crop.jpg?utm_source=en.wikipedia.org&amp;utm_campaign=parser&amp;utm_content=thumbnail",
    "notable": true,
    "wikipedia_en": "https://en.wikipedia.org/wiki/High_Street,_Oxford_(painting)",
    "creation_place": "London",
    "creation_lat": 51.5074,
    "creation_lon": -0.1278,
    "_source": {
     "source": "Wikipedia: List of paintings by J. M. W. Turner",
     "coord": "MediaWiki coordinates API"
    },
    "museum_id": "ashmolean-museum",
    "qid": "Q21061735",
    "wikidata": "https://www.wikidata.org/wiki/Q21061735",
    "_merged": [
     {
      "source": "Wikidata",
      "title": "High Street, Oxford",
      "qid": "Q21061735",
      "url": "https://www.wikidata.org/wiki/Q21061735"
     }
    ]
   }
  },
  {
   "type": "Feature",
   "geometry": {
    "type": "Point",
    "coordinates": [
     -0.12722,
     51.49083
    ]
   },
   "properties": {
    "painter": "J.M.W. Turner",
    "title": "Harvest Dinner, Kingston Bank",
    "year": "1809",
    "city": "London",
    "country": "United Kingdom",
    "location": "Tate Britain",
    "attribution": "generally accepted",
    "dimensions": "90.2 × 121 cm",
    "image": "https://upload.wikimedia.org/wikipedia/commons/thumb/c/c8/Joseph_Mallord_William_Turner_%281775-1851%29_-_Harvest_Dinner%2C_Kingston_Bank_-_N00491_-_National_Gallery.jpg/500px-Joseph_Mallord_William_Turner_%281775-1851%29_-_Harvest_Dinner%2C_Kingston_Bank_-_N00491_-_National_Gallery.jpg?utm_source=en.wikipedia.org&amp;utm_campaign=parser&amp;utm_content=thumbnail",
    "notable": true,
    "wikipedia_en": "https://en.wikipedia.org/wiki/Harvest_Dinner,_Kingston_Bank",
    "creation_place": "London",
    "creation_lat": 51.5074,
    "creation_lon": -0.1278,
    "_source": {
     "source": "Wikipedia: List of paintings by J. M. W. Turner",
     "coord": "MediaWiki coordinates API"
    },
    "museum_id": "tate-britain",
    "qid": "Q28540598",
    "wikidata": "https://www.wikidata.org/wiki/Q28540598"
   }
  },
  {
   "type": "Feature",
   "geometry": {
    "type": "Point",
    "coordinates": [
     -0.12722,
     51.49083
    ]
   },
   "properties": {
    "painter": "J.M.W. Turner",
    "title": "The Quiet Ruin, Cattle in Water; A Sketch, Evening",
    "year": "1809",
    "city": "London",
    "country": "United Kingdom",
    "location": "Tate Britain",
    "attribution": "generally accepted",
    "dimensions": "61.2 × 76.5 cm",
    "image": "https://upload.wikimedia.org/wikipedia/commons/thumb/5/59/Joseph_Mallord_William_Turner_%281775-1851%29_-_The_Quiet_Ruin%2C_Cattle_in_Water%2C_A_Sketch%2C_Evening_-_N00487_-_National_Gallery.jpg/500px-Joseph_Mallord_William_Turner_%281775-1851%29_-_The_Quiet_Ruin%2C_Cattle_in_Water%2C_A_Sketch%2C_Evening_-_N00487_-_National_Gallery.jpg?utm_source=en.wikipedia.org&amp;utm_campaign=parser&amp;utm_content=thumbnail",
    "notable": true,
    "creation_place": "London",
    "creation_lat": 51.5074,
    "creation_lon": -0.1278,
    "_source": {
     "source": "Wikipedia: List of paintings by J. M. W. Turner",
     "coord": "MediaWiki coordinates API"
    },
    "museum_id": "tate-britain",
    "qid": "Q28540879",
    "wikidata": "https://www.wikidata.org/wiki/Q28540879",
    "_overrides": {
     "qid": {
      "at": "2026-08-24",
      "source": "Wikidata reconciliation",
      "note": "matched to Q28540879 by normalised title + year (±8), same creator (merge_wd_extras)"
     }
    }
   }
  },
  {
   "type": "Feature",
   "geometry": {
    "type": "Point",
    "coordinates": [
     -0.12722,
     51.49083
    ]
   },
   "properties": {
    "painter": "J.M.W. Turner",
    "title": "The Garreteer's Petition",
    "year": "1809",
    "city": "London",
    "country": "United Kingdom",
    "location": "Tate Britain",
    "attribution": "generally accepted",
    "dimensions": "55.2 × 79.1 cm",
    "image": "https://upload.wikimedia.org/wikipedia/commons/thumb/5/54/Joseph_Mallord_William_Turner_%281775-1851%29_-_The_Garreteer%27s_Petition_-_N00482_-_National_Gallery.jpg/500px-Joseph_Mallord_William_Turner_%281775-1851%29_-_The_Garreteer%27s_Petition_-_N00482_-_National_Gallery.jpg?utm_source=en.wikipedia.org&amp;utm_campaign=parser&amp;utm_content=thumbnail",
    "notable": true,
    "wikipedia_en": "https://en.wikipedia.org/wiki/The_Garreteer%27s_Petition",
    "creation_place": "London",
    "creation_lat": 51.5074,
    "creation_lon": -0.1278,
    "_source": {
     "source": "Wikipedia: List of paintings by J. M. W. Turner",
     "coord": "MediaWiki coordinates API"
    },
    "museum_id": "tate-britain",
    "qid": "Q28540908",
    "wikidata": "https://www.wikidata.org/wiki/Q28540908",
    "_merged": [
     {
      "source": "Wikidata",
      "title": "The Garreteer’s Petition",
      "qid": "Q28540908",
      "url": "https://www.wikidata.org/wiki/Q28540908"
     }
    ]
   }
  },
  {
   "type": "Feature",
   "geometry": {
    "type": "Point",
    "coordinates": [
     -0.12722,
     51.49083
    ]
   },
   "properties": {
    "painter": "J.M.W. Turner",
    "title": "River Scene with Cattle",
    "year": "1810",
    "city": "London",
    "country": "United Kingdom",
    "location": "Tate Britain",
    "attribution": "generally accepted",
    "dimensions": "128.3 × 174 cm",
    "image": "https://upload.wikimedia.org/wikipedia/commons/thumb/9/9b/Joseph_Mallord_William_Turner_%281775-1851%29_-_River_Scene_with_Cattle_-_N01857_-_National_Gallery.jpg/500px-Joseph_Mallord_William_Turner_%281775-1851%29_-_River_Scene_with_Cattle_-_N01857_-_National_Gallery.jpg?utm_source=en.wikipedia.org&amp;utm_campaign=parser&amp;utm_content=thumbnail",
    "notable": true,
    "creation_place": "London",
    "creation_lat": 51.5074,
    "creation_lon": -0.1278,
    "_source": {
     "source": "Wikipedia: List of paintings by J. M. W. Turner",
     "coord": "MediaWiki coordinates API"
    },
    "museum_id": "tate-britain",
    "qid": "Q28532654",
    "wikidata": "https://www.wikidata.org/wiki/Q28532654",
    "_overrides": {
     "qid": {
      "at": "2026-08-24",
      "source": "Wikidata reconciliation",
      "note": "matched to Q28532654 by normalised title + year (±8), same creator (merge_wd_extras)"
     }
    }
   }
  },
  {
   "type": "Feature",
   "geometry": {
    "type": "Point",
    "coordinates": [
     -1.91528,
     54.54194
    ]
   },
   "properties": {
    "painter": "J.M.W. Turner",
    "title": "Lowther Castle, Evening",
    "year": "1810",
    "city": "Barnard Castle",
    "location": "Bowes Museum",
    "attribution": "generally accepted",
    "image": "https://upload.wikimedia.org/wikipedia/commons/thumb/c/c4/Lowther_Castle_-_Evening_by_Turner_1810.jpg/500px-Lowther_Castle_-_Evening_by_Turner_1810.jpg?utm_source=en.wikipedia.org&amp;utm_campaign=parser&amp;utm_content=thumbnail",
    "notable": true,
    "creation_place": "London",
    "creation_lat": 51.5074,
    "creation_lon": -0.1278,
    "_source": {
     "source": "Wikipedia: List of paintings by J. M. W. Turner",
     "coord": "MediaWiki coordinates API"
    },
    "museum_id": "bowes-museum",
    "country": "United Kingdom"
   }
  },
  {
   "type": "Feature",
   "geometry": {
    "type": "Point",
    "coordinates": [
     -0.12722,
     51.49083
    ]
   },
   "properties": {
    "painter": "J.M.W. Turner",
    "title": "The Fall of an Avalanche in the Grisons",
    "year": "1810",
    "city": "London",
    "country": "United Kingdom",
    "location": "Tate Britain",
    "attribution": "generally accepted",
    "dimensions": "H 90.2 × 120",
    "image": "https://upload.wikimedia.org/wikipedia/commons/thumb/2/2c/%28Barcelona%29_The_Fall_of_an_Avalanche_in_the_Grisons_-_William_Turner_-_Tate_Britain.jpg/500px-%28Barcelona%29_The_Fall_of_an_Avalanche_in_the_Grisons_-_William_Turner_-_Tate_Britain.jpg?utm_source=en.wikipedia.org&amp;utm_campaign=parser&amp;utm_content=thumbnail",
    "notable": true,
    "creation_place": "London",
    "creation_lat": 51.5074,
    "creation_lon": -0.1278,
    "_source": {
     "source": "Wikipedia: List of paintings by J. M. W. Turner",
     "coord": "MediaWiki coordinates API"
    },
    "museum_id": "tate-britain",
    "qid": "Q28540780",
    "wikidata": "https://www.wikidata.org/wiki/Q28540780",
    "_overrides": {
     "qid": {
      "at": "2026-08-24",
      "source": "Wikidata reconciliation",
      "note": "matched to Q28540780 by normalised title + year (±8), same creator (merge_wd_extras)"
     }
    }
   }
  },
  {
   "type": "Feature",
   "geometry": {
    "type": "Point",
    "coordinates": [
     -9.15417,
     38.73667
    ]
   },
   "properties": {
    "painter": "J.M.W. Turner",
    "title": "The Wreck of a Transport Ship",
    "year": "1810",
    "city": "Lisbon",
    "country": "Portugal",
    "location": "Calouste Gulbenkian Museum",
    "attribution": "generally accepted",
    "dimensions": "173 × 245 cm",
    "image": "https://upload.wikimedia.org/wikipedia/commons/thumb/2/2e/Shipwreck_turner.jpg/500px-Shipwreck_turner.jpg?utm_source=en.wikipedia.org&amp;utm_campaign=parser&amp;utm_content=thumbnail",
    "notable": true,
    "wikipedia_en": "https://en.wikipedia.org/wiki/The_Wreck_of_a_Transport_Ship",
    "creation_place": "London",
    "creation_lat": 51.5074,
    "creation_lon": -0.1278,
    "_source": {
     "source": "Wikipedia: List of paintings by J. M. W. Turner",
     "coord": "MediaWiki coordinates API"
    },
    "museum_id": "calouste-gulbenkian-museum",
    "qid": "Q25445073",
    "wikidata": "https://www.wikidata.org/wiki/Q25445073"
   }
  },
  {
   "type": "Feature",
   "geometry": {
    "type": "Point",
    "coordinates": [
     -0.611,
     50.9881
    ]
   },
   "properties": {
    "painter": "J.M.W. Turner",
    "title": "Petworth, Sussex, the Seat of the Earl of Egremont: Dewy Morning",
    "year": "1810",
    "city": "Petworth",
    "location": "Petworth House",
    "attribution": "generally accepted",
    "dimensions": "91.5 × 120.5 cm",
    "image": "https://upload.wikimedia.org/wikipedia/commons/thumb/a/a2/Joseph_Mallord_William_Turner_%281775-1851%29_-_Petworth%2C_Sussex%2C_the_Seat_of_the_Earl_of_Egremont%2C_Dewy_Morning_-_T03880_-_Tate.jpg/500px-Joseph_Mallord_William_Turner_%281775-1851%29_-_Petworth%2C_Sussex%2C_the_Seat_of_the_Earl_of_Egremont%2C_Dewy_Morning_-_T03880_-_Tate.jpg?utm_source=en.wikipedia.org&amp;utm_campaign=parser&amp;utm_content=thumbnail",
    "notable": true,
    "creation_place": "London",
    "creation_lat": 51.5074,
    "creation_lon": -0.1278,
    "_source": {
     "source": "Wikipedia: List of paintings by J. M. W. Turner",
     "coord": "MediaWiki coordinates API"
    },
    "museum_id": "petworth-house",
    "qid": "Q28552855",
    "wikidata": "https://www.wikidata.org/wiki/Q28552855",
    "_overrides": {
     "qid": {
      "at": "2026-08-24",
      "source": "Wikidata reconciliation",
      "note": "matched to Q28552855 by normalised title + year (±8), same creator (merge_wd_extras)"
     }
    }
   }
  },
  {
   "type": "Feature",
   "geometry": {
    "type": "Point",
    "coordinates": [
     -0.611,
     50.9881
    ]
   },
   "properties": {
    "painter": "J.M.W. Turner",
    "title": "Cockermouth Castle",
    "year": "1810",
    "city": "Petworth",
    "location": "Petworth House",
    "attribution": "generally accepted",
    "dimensions": "60.5 × 90 c",
    "image": "https://upload.wikimedia.org/wikipedia/commons/thumb/7/72/Joseph_Mallord_William_Turner_%281775-1851%29_-_Cockermouth_Castle_-_T03879_-_Tate.jpg/500px-Joseph_Mallord_William_Turner_%281775-1851%29_-_Cockermouth_Castle_-_T03879_-_Tate.jpg?utm_source=en.wikipedia.org&amp;utm_campaign=parser&amp;utm_content=thumbnail",
    "notable": true,
    "creation_place": "London",
    "creation_lat": 51.5074,
    "creation_lon": -0.1278,
    "_source": {
     "source": "Wikipedia: List of paintings by J. M. W. Turner",
     "coord": "MediaWiki coordinates API"
    },
    "museum_id": "petworth-house",
    "qid": "Q28552946",
    "wikidata": "https://www.wikidata.org/wiki/Q28552946",
    "_overrides": {
     "qid": {
      "at": "2026-08-24",
      "source": "Wikidata reconciliation",
      "note": "matched to Q28552946 by normalised title + year (±8), same creator (merge_wd_extras)"
     }
    }
   }
  },
  {
   "type": "Feature",
   "geometry": {
    "type": "Point",
    "coordinates": [
     -118.3592,
     34.0633
    ]
   },
   "properties": {
    "painter": "J.M.W. Turner",
    "title": "Lake of Geneva from Montreux",
    "year": "1810",
    "location": "Los Angeles County Museum of Art",
    "attribution": "generally accepted",
    "dimensions": "102.8 × 162.5 cm",
    "image": "https://upload.wikimedia.org/wikipedia/commons/thumb/a/a5/Lake_of_Geneva_from_Montreux_LACMA_54.113.3.jpg/500px-Lake_of_Geneva_from_Montreux_LACMA_54.113.3.jpg?utm_source=en.wikipedia.org&amp;utm_campaign=parser&amp;utm_content=thumbnail",
    "notable": true,
    "creation_place": "London",
    "creation_lat": 51.5074,
    "creation_lon": -0.1278,
    "_source": {
     "source": "Wikipedia: List of paintings by J. M. W. Turner",
     "coord": "MediaWiki coordinates API"
    },
    "museum_id": "los-angeles-county-museum-of-art",
    "city": "Los Angeles",
    "country": "United States",
    "qid": "Q20881240",
    "wikidata": "https://www.wikidata.org/wiki/Q20881240",
    "_overrides": {
     "qid": {
      "at": "2026-08-24",
      "source": "Wikidata reconciliation",
      "note": "matched to Q20881240 by normalised title + year (±8), same creator (merge_wd_extras)"
     }
    }
   }
  },
  {
   "type": "Feature",
   "geometry": {
    "type": "Point",
    "coordinates": [
     -94.58084,
     39.04531
    ]
   },
   "properties": {
    "painter": "J.M.W. Turner",
    "title": "The Fish Market at Hastings Beach",
    "year": "1810",
    "location": "Nelson-Atkins Museum of Art",
    "attribution": "generally accepted",
    "dimensions": "90.8 x120.7",
    "image": "https://upload.wikimedia.org/wikipedia/commons/thumb/e/e8/Joseph_Mallord_William_Turner_-_The_Fish_Market_at_Hastings_Beach_-_Google_Art_Project.jpg/500px-Joseph_Mallord_William_Turner_-_The_Fish_Market_at_Hastings_Beach_-_Google_Art_Project.jpg?utm_source=en.wikipedia.org&amp;utm_campaign=parser&amp;utm_content=thumbnail",
    "notable": true,
    "wikipedia_en": "https://en.wikipedia.org/wiki/The_Fish_Market_at_Hastings_Beach",
    "creation_place": "London",
    "creation_lat": 51.5074,
    "creation_lon": -0.1278,
    "_source": {
     "source": "Wikipedia: List of paintings by J. M. W. Turner",
     "coord": "MediaWiki coordinates API"
    },
    "museum_id": "nelson-atkins-museum-of-art",
    "city": "Kansas City",
    "country": "United States",
    "qid": "Q28796838",
    "wikidata": "https://www.wikidata.org/wiki/Q28796838"
   }
  },
  {
   "type": "Feature",
   "geometry": {
    "type": "Point",
    "coordinates": [
     -73.9631,
     40.7794
    ]
   },
   "properties": {
    "painter": "J.M.W. Turner",
    "title": "Saltash with the Water Ferry",
    "year": "1811",
    "city": "New York",
    "location": "Metropolitan Museum of Art",
    "attribution": "generally accepted",
    "dimensions": "89.9 × 120.7 cm",
    "image": "https://upload.wikimedia.org/wikipedia/commons/thumb/a/ab/Saltash_with_the_Water_Ferry%2C_Cornwall_MET_DP169566.jpg/500px-Saltash_with_the_Water_Ferry%2C_Cornwall_MET_DP169566.jpg?utm_source=en.wikipedia.org&amp;utm_campaign=parser&amp;utm_content=thumbnail",
    "notable": true,
    "wikipedia_en": "https://en.wikipedia.org/wiki/Saltash_with_the_Water_Ferry",
    "creation_place": "London",
    "creation_lat": 51.5074,
    "creation_lon": -0.1278,
    "_source": {
     "source": "Wikipedia: List of paintings by J. M. W. Turner",
     "coord": "MediaWiki coordinates API"
    },
    "museum_id": "metropolitan-museum-of-art",
    "country": "United States",
    "qid": "Q19904861",
    "wikidata": "https://www.wikidata.org/wiki/Q19904861",
    "_merged": [
     {
      "source": "Wikidata",
      "title": "Saltash with the Water Ferry, Cornwall",
      "qid": "Q19904861",
      "url": "https://www.wikidata.org/wiki/Q19904861"
     }
    ]
   }
  },
  {
   "type": "Feature",
   "geometry": {
    "type": "Point",
    "coordinates": [
     -0.12722,
     51.49083
    ]
   },
   "properties": {
    "painter": "J.M.W. Turner",
    "title": "Apollo and Python",
    "year": "1811",
    "city": "London",
    "country": "United Kingdom",
    "location": "Tate Britain",
    "attribution": "generally accepted",
    "dimensions": "145.4 × 237.5 cm",
    "image": "https://upload.wikimedia.org/wikipedia/commons/thumb/1/13/%28Barcelona%29_Apollo_and_Python_-_1811_-_William_Turner_-_Tate_Britain.jpg/500px-%28Barcelona%29_Apollo_and_Python_-_1811_-_William_Turner_-_Tate_Britain.jpg?utm_source=en.wikipedia.org&amp;utm_campaign=parser&amp;utm_content=thumbnail",
    "notable": true,
    "wikipedia_en": "https://en.wikipedia.org/wiki/Apollo_and_Python",
    "creation_place": "London",
    "creation_lat": 51.5074,
    "creation_lon": -0.1278,
    "_source": {
     "source": "Wikipedia: List of paintings by J. M. W. Turner",
     "coord": "MediaWiki coordinates API"
    },
    "museum_id": "tate-britain",
    "qid": "Q28540935",
    "wikidata": "https://www.wikidata.org/wiki/Q28540935"
   }
  },
  {
   "type": "Feature",
   "geometry": {
    "type": "Point",
    "coordinates": [
     -3.2239,
     55.9519
    ]
   },
   "properties": {
    "painter": "J.M.W. Turner",
    "title": "Somer Hill, Tonbridge",
    "year": "1811",
    "location": "National Galleries of Scotland",
    "attribution": "generally accepted",
    "dimensions": "92 × 122 c",
    "image": "https://upload.wikimedia.org/wikipedia/commons/thumb/d/db/Joseph_Mallord_William_Turner_%281775-1851%29_-_Somer_Hill%2C_Tonbridge_-_NG_1614_-_National_Galleries_of_Scotland.jpg/500px-Joseph_Mallord_William_Turner_%281775-1851%29_-_Somer_Hill%2C_Tonbridge_-_NG_1614_-_National_Galleries_of_Scotland.jpg?utm_source=en.wikipedia.org&amp;utm_campaign=parser&amp;utm_content=thumbnail",
    "notable": true,
    "wikipedia_en": "https://en.wikipedia.org/wiki/Somer_Hill,_Tonbridge",
    "creation_place": "London",
    "creation_lat": 51.5074,
    "creation_lon": -0.1278,
    "_source": {
     "source": "Wikipedia: List of paintings by J. M. W. Turner",
     "coord": "MediaWiki coordinates API"
    },
    "museum_id": "national-galleries-of-scotland",
    "city": "Edinburgh",
    "country": "United Kingdom",
    "qid": "Q27968109",
    "wikidata": "https://www.wikidata.org/wiki/Q27968109"
   }
  },
  {
   "type": "Feature",
   "geometry": {
    "type": "Point",
    "coordinates": [
     -0.12722,
     51.49083
    ]
   },
   "properties": {
    "painter": "J.M.W. Turner",
    "title": "St Mawes at the Pilchard Season",
    "year": "1812",
    "city": "London",
    "country": "United Kingdom",
    "location": "Tate Britain",
    "attribution": "generally accepted",
    "dimensions": "91.1 × 120.6 cm",
    "image": "https://upload.wikimedia.org/wikipedia/commons/thumb/1/14/Joseph_Mallord_William_Turner_%281775-1851%29_-_St_Mawes_at_the_Pilchard_Season_-_N00484_-_National_Gallery.jpg/500px-Joseph_Mallord_William_Turner_%281775-1851%29_-_St_Mawes_at_the_Pilchard_Season_-_N00484_-_National_Gallery.jpg?utm_source=en.wikipedia.org&amp;utm_campaign=parser&amp;utm_content=thumbnail",
    "notable": true,
    "wikipedia_en": "https://en.wikipedia.org/wiki/St_Mawes_at_the_Pilchard_Season",
    "creation_place": "London",
    "creation_lat": 51.5074,
    "creation_lon": -0.1278,
    "_source": {
     "source": "Wikipedia: List of paintings by J. M. W. Turner",
     "coord": "MediaWiki coordinates API"
    },
    "museum_id": "tate-britain",
    "qid": "Q28540607",
    "wikidata": "https://www.wikidata.org/wiki/Q28540607"
   }
  },
  {
   "type": "Feature",
   "geometry": {
    "type": "Point",
    "coordinates": [
     -0.12722,
     51.49083
    ]
   },
   "properties": {
    "painter": "J.M.W. Turner",
    "title": "Snow Storm: Hannibal and his Army Crossing the Alps",
    "year": "1812",
    "city": "London",
    "country": "United Kingdom",
    "location": "Tate Britain",
    "attribution": "generally accepted",
    "dimensions": "146 × 237.5 cm",
    "image": "https://upload.wikimedia.org/wikipedia/commons/thumb/f/f4/Joseph_Mallord_William_Turner_081.jpg/500px-Joseph_Mallord_William_Turner_081.jpg?utm_source=en.wikipedia.org&amp;utm_campaign=parser&amp;utm_content=thumbnail",
    "notable": true,
    "wikipedia_en": "https://en.wikipedia.org/wiki/Snow_Storm:_Hannibal_and_his_Army_Crossing_the_Alps",
    "creation_place": "London",
    "creation_lat": 51.5074,
    "creation_lon": -0.1278,
    "_source": {
     "source": "Wikipedia: List of paintings by J. M. W. Turner",
     "coord": "MediaWiki coordinates API"
    },
    "museum_id": "tate-britain",
    "qid": "Q3646554",
    "wikidata": "https://www.wikidata.org/wiki/Q3646554"
   }
  },
  {
   "type": "Feature",
   "geometry": {
    "type": "Point",
    "coordinates": [
     -0.611,
     50.9881
    ]
   },
   "properties": {
    "painter": "J.M.W. Turner",
    "title": "Hulks on the Tamar",
    "year": "1812",
    "city": "Petworth",
    "location": "Petworth House",
    "attribution": "generally accepted",
    "dimensions": "89.2 × 120.2 cm",
    "image": "https://upload.wikimedia.org/wikipedia/commons/thumb/9/90/Joseph_Mallord_William_Turner_%281775-1851%29_-_Hulks_on_the_Tamar_-_T03881_-_Tate.jpg/500px-Joseph_Mallord_William_Turner_%281775-1851%29_-_Hulks_on_the_Tamar_-_T03881_-_Tate.jpg?utm_source=en.wikipedia.org&amp;utm_campaign=parser&amp;utm_content=thumbnail",
    "notable": true,
    "wikipedia_en": "https://en.wikipedia.org/wiki/Hulks_on_the_Tamar",
    "creation_place": "London",
    "creation_lat": 51.5074,
    "creation_lon": -0.1278,
    "_source": {
     "source": "Wikipedia: List of paintings by J. M. W. Turner",
     "coord": "MediaWiki coordinates API"
    },
    "museum_id": "petworth-house",
    "qid": "Q28552966",
    "wikidata": "https://www.wikidata.org/wiki/Q28552966"
   }
  },
  {
   "type": "Feature",
   "geometry": {
    "type": "Point",
    "coordinates": [
     -0.611,
     50.9881
    ]
   },
   "properties": {
    "painter": "J.M.W. Turner",
    "title": "Teignmouth",
    "year": "1812",
    "city": "Petworth",
    "location": "Petworth House",
    "attribution": "generally accepted",
    "dimensions": "90 × 120.5 cm",
    "image": "https://upload.wikimedia.org/wikipedia/commons/thumb/b/b0/Joseph_Mallord_William_Turner_%281775-1851%29_-_Teignmouth_-_T03882_-_Tate.jpg/500px-Joseph_Mallord_William_Turner_%281775-1851%29_-_Teignmouth_-_T03882_-_Tate.jpg?utm_source=en.wikipedia.org&amp;utm_campaign=parser&amp;utm_content=thumbnail",
    "notable": true,
    "wikipedia_en": "https://en.wikipedia.org/wiki/Teignmouth_(painting)",
    "creation_place": "London",
    "creation_lat": 51.5074,
    "creation_lon": -0.1278,
    "_source": {
     "source": "Wikipedia: List of paintings by J. M. W. Turner",
     "coord": "MediaWiki coordinates API"
    },
    "museum_id": "petworth-house",
    "qid": "Q28552823",
    "wikidata": "https://www.wikidata.org/wiki/Q28552823"
   }
  },
  {
   "type": "Feature",
   "geometry": {
    "type": "Point",
    "coordinates": [
     -0.12722,
     51.49083
    ]
   },
   "properties": {
    "painter": "J.M.W. Turner",
    "title": "Frosty Morning",
    "year": "1813",
    "city": "London",
    "country": "United Kingdom",
    "location": "Tate Britain",
    "attribution": "generally accepted",
    "dimensions": "113.7 × 174.6 cm",
    "image": "https://upload.wikimedia.org/wikipedia/commons/thumb/3/32/Joseph_Mallord_William_Turner_%281775-1851%29_-_Frosty_Morning_-_N00492_-_National_Gallery.jpg/500px-Joseph_Mallord_William_Turner_%281775-1851%29_-_Frosty_Morning_-_N00492_-_National_Gallery.jpg?utm_source=en.wikipedia.org&amp;utm_campaign=parser&amp;utm_content=thumbnail",
    "notable": true,
    "wikipedia_en": "https://en.wikipedia.org/wiki/Frosty_Morning",
    "creation_place": "London",
    "creation_lat": 51.5074,
    "creation_lon": -0.1278,
    "_source": {
     "source": "Wikipedia: List of paintings by J. M. W. Turner",
     "coord": "MediaWiki coordinates API"
    },
    "museum_id": "tate-britain",
    "qid": "Q28545863",
    "wikidata": "https://www.wikidata.org/wiki/Q28545863",
    "wga_url": "https://www.wga.hu/html/t/turner/1/106turne.html",
    "_merged": [
     {
      "source": "Wikidata",
      "title": "Frosty morning",
      "qid": "Q28545863",
      "url": "https://www.wikidata.org/wiki/Q28545863"
     }
    ]
   }
  },
  {
   "type": "Feature",
   "geometry": {
    "type": "Point",
    "coordinates": [
     -0.12722,
     51.49083
    ]
   },
   "properties": {
    "painter": "J.M.W. Turner",
    "title": "Apullia in Search of Appullus",
    "year": "1814",
    "city": "London",
    "country": "United Kingdom",
    "location": "Tate Britain",
    "attribution": "generally accepted",
    "dimensions": "148.5 × 241 cm",
    "image": "https://upload.wikimedia.org/wikipedia/commons/thumb/2/21/%28Barcelona%29_Apullia_in_Search_of_Appullus_1814_-_William_Turner_-_Tate_Britain.jpg/500px-%28Barcelona%29_Apullia_in_Search_of_Appullus_1814_-_William_Turner_-_Tate_Britain.jpg?utm_source=en.wikipedia.org&amp;utm_campaign=parser&amp;utm_content=thumbnail",
    "notable": true,
    "creation_place": "London",
    "creation_lat": 51.5074,
    "creation_lon": -0.1278,
    "_source": {
     "source": "Wikipedia: List of paintings by J. M. W. Turner",
     "coord": "MediaWiki coordinates API"
    },
    "museum_id": "tate-britain",
    "qid": "Q28540661",
    "wikidata": "https://www.wikidata.org/wiki/Q28540661",
    "_overrides": {
     "qid": {
      "at": "2026-08-24",
      "source": "Wikidata reconciliation",
      "note": "matched to Q28540661 by normalised title + year (±8), same creator (merge_wd_extras)"
     }
    }
   }
  },
  {
   "type": "Feature",
   "geometry": {
    "type": "Point",
    "coordinates": [
     -0.12722,
     51.49083
    ]
   },
   "properties": {
    "painter": "J.M.W. Turner",
    "title": "Dido and Aeneas",
    "year": "1814",
    "city": "London",
    "country": "United Kingdom",
    "location": "Tate Britain",
    "attribution": "generally accepted",
    "dimensions": "146 × 237. cm",
    "image": "https://upload.wikimedia.org/wikipedia/commons/thumb/e/ed/Joseph_Mallord_William_Turner_%281775-1851%29_-_Dido_and_Aeneas_-_N00494_-_National_Gallery.jpg/500px-Joseph_Mallord_William_Turner_%281775-1851%29_-_Dido_and_Aeneas_-_N00494_-_National_Gallery.jpg?utm_source=en.wikipedia.org&amp;utm_campaign=parser&amp;utm_content=thumbnail",
    "notable": true,
    "wikipedia_en": "https://en.wikipedia.org/wiki/Dido_and_Aeneas_(painting)",
    "creation_place": "London",
    "creation_lat": 51.5074,
    "creation_lon": -0.1278,
    "_source": {
     "source": "Wikipedia: List of paintings by J. M. W. Turner",
     "coord": "MediaWiki coordinates API"
    },
    "museum_id": "tate-britain",
    "qid": "Q28540632",
    "wikidata": "https://www.wikidata.org/wiki/Q28540632"
   }
  },
  {
   "type": "Feature",
   "geometry": {
    "type": "Point",
    "coordinates": [
     -72.930906,
     41.307908
    ]
   },
   "properties": {
    "painter": "J.M.W. Turner",
    "title": "Lake Avernus: Aeneas and the Cumaean Sybil",
    "year": "1814",
    "location": "Yale Center for British Art",
    "city": "New Haven",
    "country": "United States",
    "attribution": "generally accepted",
    "image": "https://commons.wikimedia.org/wiki/Special:FilePath/Joseph%20Mallord%20William%20Turner%20-%20Lake%20Avernus-%20Aeneas%20and%20the%20Cumaean%20Sybil%20-%20Google%20Art%20Project.jpg?width=500",
    "qid": "Q23758112",
    "wikidata": "https://www.wikidata.org/wiki/Q23758112",
    "_source": {
     "source": "Wikidata",
     "url": "https://www.wikidata.org/wiki/Q23758112",
     "note": "harvested: painting by this creator with an image and a documented collection"
    },
    "creation_place": "London",
    "creation_lat": 51.507222,
    "creation_lon": -0.1275,
    "_overrides": {
     "creation": {
      "at": "2026-08-24",
      "source": "derived",
      "note": "creation place inferred from the painter's itinerary at this work's date (approximate)"
     }
    },
    "dimensions": "71.8 × 97.2 cm",
    "_merged": [
     {
      "source": "Wikipedia list",
      "title": "Lake Avernus: Aeneas and the Cumaean Sibyl"
     }
    ]
   }
  },
  {
   "type": "Feature",
   "geometry": {
    "type": "Point",
    "coordinates": [
     -0.12722,
     51.49083
    ]
   },
   "properties": {
    "painter": "J.M.W. Turner",
    "title": "Crossing the Brook",
    "year": "1815",
    "city": "London",
    "country": "United Kingdom",
    "location": "Tate Britain",
    "attribution": "generally accepted",
    "dimensions": "193 × 165.1 cm",
    "image": "https://upload.wikimedia.org/wikipedia/commons/thumb/5/59/William_Turner_-_Crossing_the_Brook.jpg/500px-William_Turner_-_Crossing_the_Brook.jpg?utm_source=en.wikipedia.org&amp;utm_campaign=parser&amp;utm_content=thumbnail",
    "notable": true,
    "wikipedia_en": "https://en.wikipedia.org/wiki/Crossing_the_Brook",
    "creation_place": "London",
    "creation_lat": 51.5074,
    "creation_lon": -0.1278,
    "_source": {
     "source": "Wikipedia: List of paintings by J. M. W. Turner",
     "coord": "MediaWiki coordinates API"
    },
    "museum_id": "tate-britain",
    "qid": "Q3213272",
    "wikidata": "https://www.wikidata.org/wiki/Q3213272"
   }
  },
  {
   "type": "Feature",
   "geometry": {
    "type": "Point",
    "coordinates": [
     -0.1283,
     51.5089
    ]
   },
   "properties": {
    "painter": "J.M.W. Turner",
    "title": "Dido building Carthage or The Rise of the Carthaginian Empire",
    "year": "1815",
    "city": "London",
    "country": "United Kingdom",
    "location": "National Gallery",
    "attribution": "generally accepted",
    "dimensions": "155.5 × 230 cm",
    "image": "https://upload.wikimedia.org/wikipedia/commons/thumb/f/f4/Turner_Dido_Building_Carthage.jpg/500px-Turner_Dido_Building_Carthage.jpg?utm_source=en.wikipedia.org&amp;utm_campaign=parser&amp;utm_content=thumbnail",
    "notable": true,
    "wikipedia_en": "https://en.wikipedia.org/wiki/Dido_building_Carthage",
    "creation_place": "London",
    "creation_lat": 51.5074,
    "creation_lon": -0.1278,
    "_source": {
     "source": "Wikipedia: List of paintings by J. M. W. Turner",
     "coord": "MediaWiki coordinates API"
    },
    "museum_id": "national-gallery",
    "qid": "Q3027255",
    "wikidata": "https://www.wikidata.org/wiki/Q3027255"
   }
  },
  {
   "type": "Feature",
   "geometry": {
    "type": "Point",
    "coordinates": [
     -2.9917,
     53.4072
    ]
   },
   "properties": {
    "painter": "J.M.W. Turner",
    "title": "The Eruption of the Soufrière Mountains in the Island of St Vincent, 30 April 1812",
    "year": "1815",
    "city": "Liverpool",
    "location": "Victoria Gallery",
    "attribution": "generally accepted",
    "dimensions": "79 × 105 cm",
    "image": "https://upload.wikimedia.org/wikipedia/commons/thumb/6/6a/Turner_-_The_Eruption_of_the_Soufri%C3%A8re_Mountains_in_the_Island_of_St_Vincent%2C_30_April_1812%2C_1815%2C_FA.459.jpg/500px-Turner_-_The_Eruption_of_the_Soufri%C3%A8re_Mountains_in_the_Island_of_St_Vincent%2C_30_April_1812%2C_1815%2C_FA.459.jpg?utm_source=en.wikipedia.org&amp;utm_campaign=parser&amp;utm_content=thumbnail",
    "notable": true,
    "creation_place": "London",
    "creation_lat": 51.5074,
    "creation_lon": -0.1278,
    "_source": {
     "source": "Wikipedia: List of paintings by J. M. W. Turner",
     "coord": "MediaWiki coordinates API"
    },
    "museum_id": "victoria-gallery",
    "qid": "Q119033110",
    "wikidata": "https://www.wikidata.org/wiki/Q119033110",
    "_overrides": {
     "qid": {
      "at": "2026-08-24",
      "source": "Wikidata reconciliation",
      "note": "matched to Q119033110 by normalised title + year (±8), same creator (merge_wd_extras)"
     }
    }
   }
  },
  {
   "type": "Feature",
   "geometry": {
    "type": "Point",
    "coordinates": [
     -0.12722,
     51.49083
    ]
   },
   "properties": {
    "painter": "J.M.W. Turner",
    "title": "The Decline of the Carthaginian Empire",
    "year": "1817",
    "city": "London",
    "country": "United Kingdom",
    "location": "Tate Britain",
    "attribution": "generally accepted",
    "dimensions": "170.2 × 238.8 cm",
    "image": "https://upload.wikimedia.org/wikipedia/commons/thumb/7/77/Joseph_Mallord_William_Turner_%281775-1851%29_-_The_Decline_of_the_Carthaginian_Empire_..._-_N00499_-_National_Gallery.jpg/500px-Joseph_Mallord_William_Turner_%281775-1851%29_-_The_Decline_of_the_Carthaginian_Empire_..._-_N00499_-_National_Gallery.jpg?utm_source=en.wikipedia.org&amp;utm_campaign=parser&amp;utm_content=thumbnail",
    "notable": true,
    "wikipedia_en": "https://en.wikipedia.org/wiki/The_Decline_of_the_Carthaginian_Empire",
    "creation_place": "London",
    "creation_lat": 51.5074,
    "creation_lon": -0.1278,
    "_source": {
     "source": "Wikipedia: List of paintings by J. M. W. Turner",
     "coord": "MediaWiki coordinates API"
    },
    "museum_id": "tate-britain",
    "qid": "Q28540823",
    "wikidata": "https://www.wikidata.org/wiki/Q28540823",
    "_merged": [
     {
      "source": "Wikidata",
      "title": "The Decline of the Carthaginian Empire ...",
      "qid": "Q28540823",
      "url": "https://www.wikidata.org/wiki/Q28540823"
     }
    ]
   }
  },
  {
   "type": "Feature",
   "geometry": {
    "type": "Point",
    "coordinates": [
     -76.6165,
     39.29642
    ]
   },
   "properties": {
    "painter": "J.M.W. Turner",
    "title": "Raby Castle",
    "year": "1817",
    "city": "Baltimore",
    "location": "Walters Art Museum",
    "attribution": "generally accepted",
    "dimensions": "119 × 180.6 cm",
    "image": "https://upload.wikimedia.org/wikipedia/commons/thumb/b/b7/Joseph_Mallord_William_Turner_-_Raby_Castle%2C_the_Seat_of_the_Earl_of_Darlington_-_Walters_3741.jpg/500px-Joseph_Mallord_William_Turner_-_Raby_Castle%2C_the_Seat_of_the_Earl_of_Darlington_-_Walters_3741.jpg?utm_source=en.wikipedia.org&amp;utm_campaign=parser&amp;utm_content=thumbnail",
    "notable": true,
    "wikipedia_en": "https://en.wikipedia.org/wiki/Raby_Castle_(painting)",
    "creation_place": "London",
    "creation_lat": 51.5074,
    "creation_lon": -0.1278,
    "_source": {
     "source": "Wikipedia: List of paintings by J. M. W. Turner",
     "coord": "MediaWiki coordinates API"
    },
    "museum_id": "walters-art-museum",
    "country": "United States",
    "qid": "Q18748972",
    "wikidata": "https://www.wikidata.org/wiki/Q18748972",
    "_merged": [
     {
      "source": "Wikidata",
      "title": "Raby Castle, the Seat of the Earl of Darlington",
      "qid": "Q18748972",
      "url": "https://www.wikidata.org/wiki/Q18748972"
     }
    ]
   }
  },
  {
   "type": "Feature",
   "geometry": {
    "type": "Point",
    "coordinates": [
     -0.4642,
     52.1361
    ]
   },
   "properties": {
    "painter": "J.M.W. Turner",
    "title": "A First Rate Taking in Stores",
    "year": "1818",
    "city": "Bedford",
    "location": "Higgins Art Gallery",
    "attribution": "generally accepted",
    "dimensions": "28.6 × 39.7 cm",
    "image": "https://upload.wikimedia.org/wikipedia/en/thumb/2/2b/A_First_Rate_Taking_in_Stores.png/500px-A_First_Rate_Taking_in_Stores.png?utm_source=en.wikipedia.org&amp;utm_campaign=parser&amp;utm_content=thumbnail",
    "notable": true,
    "wikipedia_en": "https://en.wikipedia.org/wiki/A_First_Rate_Taking_in_Stores",
    "creation_place": "London",
    "creation_lat": 51.5074,
    "creation_lon": -0.1278,
    "_source": {
     "source": "Wikipedia: List of paintings by J. M. W. Turner",
     "coord": "MediaWiki coordinates API"
    },
    "museum_id": "higgins-art-gallery",
    "qid": "Q138755225",
    "wikidata": "https://www.wikidata.org/wiki/Q138755225"
   }
  },
  {
   "type": "Feature",
   "geometry": {
    "type": "Point",
    "coordinates": [
     -0.12722,
     51.49083
    ]
   },
   "properties": {
    "painter": "J.M.W. Turner",
    "title": "The Field of Waterloo",
    "year": "1818",
    "city": "London",
    "country": "United Kingdom",
    "location": "Tate Britain",
    "attribution": "generally accepted",
    "dimensions": "147.3 × 238.8 cm",
    "image": "https://upload.wikimedia.org/wikipedia/commons/thumb/f/f6/Joseph_Mallord_William_Turner_%281775-1851%29_-_The_Field_of_Waterloo_-_NG500_-_Tate.jpg/500px-Joseph_Mallord_William_Turner_%281775-1851%29_-_The_Field_of_Waterloo_-_NG500_-_Tate.jpg?utm_source=en.wikipedia.org&amp;utm_campaign=parser&amp;utm_content=thumbnail",
    "notable": true,
    "wikipedia_en": "https://en.wikipedia.org/wiki/The_Field_of_Waterloo_(painting)",
    "creation_place": "London",
    "creation_lat": 51.5074,
    "creation_lon": -0.1278,
    "_source": {
     "source": "Wikipedia: List of paintings by J. M. W. Turner",
     "coord": "MediaWiki coordinates API"
    },
    "museum_id": "tate-britain",
    "qid": "Q28538509",
    "wikidata": "https://www.wikidata.org/wiki/Q28538509"
   }
  },
  {
   "type": "Feature",
   "geometry": {
    "type": "Point",
    "coordinates": [
     -72.93091,
     41.30791
    ]
   },
   "properties": {
    "painter": "J.M.W. Turner",
    "title": "Dort or Dordrecht",
    "year": "1818",
    "city": "Connecticut",
    "location": "Yale Center for British Art",
    "attribution": "generally accepted",
    "dimensions": "157.5 × 233.7 cm",
    "image": "https://upload.wikimedia.org/wikipedia/commons/thumb/b/b7/Joseph_Mallord_William_Turner_-_Dort_or_Dordrecht-_The_Dort_Packet-Boat_from_Rotterdam_Becalmed_-_Google_Art_Project.jpg/500px-Joseph_Mallord_William_Turner_-_Dort_or_Dordrecht-_The_Dort_Packet-Boat_from_Rotterdam_Becalmed_-_Google_Art_Project.jpg?utm_source=en.wikipedia.org&amp;utm_campaign=parser&amp;utm_content=thumbnail",
    "notable": true,
    "wikipedia_en": "https://en.wikipedia.org/wiki/Dort_or_Dordrecht:_The_Dort_packet-boat_from_Rotterdam_becalmed",
    "creation_place": "London",
    "creation_lat": 51.5074,
    "creation_lon": -0.1278,
    "_source": {
     "source": "Wikipedia: List of paintings by J. M. W. Turner",
     "coord": "MediaWiki coordinates API"
    },
    "museum_id": "yale-center-for-british-art",
    "qid": "Q22329821",
    "wikidata": "https://www.wikidata.org/wiki/Q22329821",
    "_merged": [
     {
      "source": "Wikidata",
      "title": "Dort, or Dordrecht: The Dort packet-boat from Rotterdam becalmed",
      "qid": "Q22329821",
      "url": "https://www.wikidata.org/wiki/Q22329821"
     }
    ]
   }
  },
  {
   "type": "Feature",
   "geometry": {
    "type": "Point",
    "coordinates": [
     -0.12722,
     51.49083
    ]
   },
   "properties": {
    "painter": "J.M.W. Turner",
    "title": "Richmond Hill with Girls Carrying Corn",
    "year": "1819",
    "city": "London",
    "country": "United Kingdom",
    "location": "Tate Britain",
    "attribution": "generally accepted",
    "dimensions": "48 × 239.3 cm",
    "image": "https://upload.wikimedia.org/wikipedia/commons/thumb/3/33/Joseph_Mallord_William_Turner_%281775-1851%29_-_Richmond_Hill_with_Girls_Carrying_Corn_-_N05546_-_National_Gallery.jpg/500px-Joseph_Mallord_William_Turner_%281775-1851%29_-_Richmond_Hill_with_Girls_Carrying_Corn_-_N05546_-_National_Gallery.jpg?utm_source=en.wikipedia.org&amp;utm_campaign=parser&amp;utm_content=thumbnail",
    "notable": true,
    "creation_place": "London",
    "creation_lat": 51.5074,
    "creation_lon": -0.1278,
    "_source": {
     "source": "Wikipedia: List of paintings by J. M. W. Turner",
     "coord": "MediaWiki coordinates API"
    },
    "museum_id": "tate-britain",
    "qid": "Q28542111",
    "wikidata": "https://www.wikidata.org/wiki/Q28542111",
    "_overrides": {
     "qid": {
      "at": "2026-08-24",
      "source": "Wikidata reconciliation",
      "note": "matched to Q28542111 by normalised title + year (±8), same creator (merge_wd_extras)"
     }
    }
   }
  },
  {
   "type": "Feature",
   "geometry": {
    "type": "Point",
    "coordinates": [
     -0.12722,
     51.49083
    ]
   },
   "properties": {
    "painter": "J.M.W. Turner",
    "title": "Entrance of the Meuse",
    "year": "1819",
    "city": "London",
    "country": "United Kingdom",
    "location": "Tate Britain",
    "attribution": "generally accepted",
    "dimensions": "175.3 × 246.4 cm",
    "image": "https://upload.wikimedia.org/wikipedia/commons/thumb/7/79/Joseph_Mallord_William_Turner_%281775-1851%29_-_Entrance_of_the_Meuse%2C_Orange-Merchant_on_the_Bar%2C_Going_to_Pieces%2C_Brill_Church_bearing_S._E._by_S.%2C_Masensluys_E._by_S._-_N00501_-_National_Gallery.jpg/500px-thumbnail.jpg?utm_source=en.wikipedia.org&amp;utm_campaign=parser&amp;utm_content=thumbnail",
    "notable": true,
    "wikipedia_en": "https://en.wikipedia.org/wiki/Entrance_of_the_Meuse",
    "creation_place": "London",
    "creation_lat": 51.5074,
    "creation_lon": -0.1278,
    "_source": {
     "source": "Wikipedia: List of paintings by J. M. W. Turner",
     "coord": "MediaWiki coordinates API"
    },
    "museum_id": "tate-britain",
    "qid": "Q28538559",
    "wikidata": "https://www.wikidata.org/wiki/Q28538559",
    "_merged": [
     {
      "source": "Wikidata",
      "title": "Entrance of the Meuse: Orange-Merchant on the Bar, Going to Pieces; Brill Church bearing S. E. by S., Masensluys E. by S.",
      "qid": "Q28538559",
      "url": "https://www.wikidata.org/wiki/Q28538559"
     }
    ]
   }
  },
  {
   "type": "Feature",
   "geometry": {
    "type": "Point",
    "coordinates": [
     -0.12722,
     51.49083
    ]
   },
   "properties": {
    "painter": "J.M.W. Turner",
    "title": "England: Richmond Hill, on the Prince Regent's Birthday",
    "year": "1819",
    "city": "London",
    "country": "United Kingdom",
    "location": "Tate Britain",
    "attribution": "generally accepted",
    "dimensions": "180 × 334.6 cm",
    "image": "https://upload.wikimedia.org/wikipedia/commons/thumb/8/86/Joseph_Mallord_William_Turner_-_England-_Richmond_Hill%2C_on_the_Prince_Regent%27s_Birthday_-_Google_Art_Project.jpg/500px-Joseph_Mallord_William_Turner_-_England-_Richmond_Hill%2C_on_the_Prince_Regent%27s_Birthday_-_Google_Art_Project.jpg?utm_source=en.wikipedia.org&amp;utm_campaign=parser&amp;utm_content=thumbnail",
    "notable": true,
    "wikipedia_en": "https://en.wikipedia.org/wiki/England:_Richmond_Hill,_on_the_Prince_Regent%27s_Birthday",
    "creation_place": "London",
    "creation_lat": 51.5074,
    "creation_lon": -0.1278,
    "_source": {
     "source": "Wikipedia: List of paintings by J. M. W. Turner",
     "coord": "MediaWiki coordinates API"
    },
    "museum_id": "tate-britain",
    "qid": "Q18687341",
    "wikidata": "https://www.wikidata.org/wiki/Q18687341"
   }
  },
  {
   "type": "Feature",
   "geometry": {
    "type": "Point",
    "coordinates": [
     -0.12722,
     51.49083
    ]
   },
   "properties": {
    "painter": "J.M.W. Turner",
    "title": "The Rialto, Venice",
    "year": "1820",
    "city": "London",
    "country": "United Kingdom",
    "location": "Tate Britain",
    "attribution": "generally accepted",
    "dimensions": "177.5 × 335.3 cm",
    "image": "https://upload.wikimedia.org/wikipedia/commons/thumb/f/ff/Joseph_Mallord_William_Turner_%281775-1851%29_-_The_Rialto%2C_Venice_-_N05543_-_National_Gallery.jpg/500px-Joseph_Mallord_William_Turner_%281775-1851%29_-_The_Rialto%2C_Venice_-_N05543_-_National_Gallery.jpg?utm_source=en.wikipedia.org&amp;utm_campaign=parser&amp;utm_content=thumbnail",
    "notable": true,
    "creation_place": "London",
    "creation_lat": 51.5074,
    "creation_lon": -0.1278,
    "_source": {
     "source": "Wikipedia: List of paintings by J. M. W. Turner",
     "coord": "MediaWiki coordinates API"
    },
    "museum_id": "tate-britain",
    "qid": "Q28542179",
    "wikidata": "https://www.wikidata.org/wiki/Q28542179",
    "_overrides": {
     "qid": {
      "at": "2026-08-24",
      "source": "Wikidata reconciliation",
      "note": "matched to Q28542179 by normalised title + year (±8), same creator (merge_wd_extras)"
     }
    }
   }
  },
  {
   "type": "Feature",
   "geometry": {
    "type": "Point",
    "coordinates": [
     -0.12722,
     51.49083
    ]
   },
   "properties": {
    "painter": "J.M.W. Turner",
    "title": "Tynemouth Priory",
    "year": "1820-1825",
    "city": "London",
    "country": "United Kingdom",
    "location": "Tate Britain",
    "attribution": "generally accepted",
    "dimensions": "31.8 × 61 cm",
    "image": "https://upload.wikimedia.org/wikipedia/commons/thumb/4/46/Joseph_Mallord_William_Turner_%281775-1851%29_-_Tynemouth_Priory_-_NG3133_-_National_Gallery.jpg/500px-Joseph_Mallord_William_Turner_%281775-1851%29_-_Tynemouth_Priory_-_NG3133_-_National_Gallery.jpg?utm_source=en.wikipedia.org&amp;utm_campaign=parser&amp;utm_content=thumbnail",
    "notable": true,
    "creation_place": "London",
    "creation_lat": 51.5074,
    "creation_lon": -0.1278,
    "_source": {
     "source": "Wikipedia: List of paintings by J. M. W. Turner",
     "coord": "MediaWiki coordinates API"
    },
    "museum_id": "tate-britain",
    "qid": "Q28537375",
    "wikidata": "https://www.wikidata.org/wiki/Q28537375",
    "_overrides": {
     "qid": {
      "at": "2026-08-24",
      "source": "Wikidata reconciliation",
      "note": "matched to Q28537375 by normalised title + year (±8), same creator (merge_wd_extras)"
     }
    }
   }
  },
  {
   "type": "Feature",
   "geometry": {
    "type": "Point",
    "coordinates": [
     -0.12722,
     51.49083
    ]
   },
   "properties": {
    "painter": "J.M.W. Turner",
    "title": "Rome from the Vatican",
    "year": "1820",
    "city": "London",
    "country": "United Kingdom",
    "location": "Tate Britain",
    "attribution": "generally accepted",
    "dimensions": "177.2 × 335.3 cm",
    "image": "https://upload.wikimedia.org/wikipedia/commons/thumb/f/ff/Turner_-_Rome%2C_from_the_Vatican._Raffaelle%2C_Accompanied_by_La_Fornarina%2C_Preparing_his_Pictures_for_the_Decoration_of_the_Loggia%2C_exhibited_1820%2C_N00503.jpg/500px-Turner_-_Rome%2C_from_the_Vatican._Raffaelle%2C_Accompanied_by_La_Fornarina%2C_Preparing_his_Pictures_for_the_Decoration_of_the_Loggia%2C_exhibited_1820%2C_N00503.jpg?utm_source=en.wikipedia.org&amp;utm_campaign=parser&amp;utm_content=thumbnail",
    "notable": true,
    "wikipedia_en": "https://en.wikipedia.org/wiki/Rome_from_the_Vatican",
    "creation_place": "London",
    "creation_lat": 51.5074,
    "creation_lon": -0.1278,
    "_source": {
     "source": "Wikipedia: List of paintings by J. M. W. Turner",
     "coord": "MediaWiki coordinates API"
    },
    "museum_id": "tate-britain",
    "qid": "Q28538485",
    "wikidata": "https://www.wikidata.org/wiki/Q28538485"
   }
  },
  {
   "type": "Feature",
   "geometry": {
    "type": "Point",
    "coordinates": [
     -0.12722,
     51.49083
    ]
   },
   "properties": {
    "painter": "J.M.W. Turner",
    "title": "George IV at St Giles's, Edinburgh",
    "year": "1822",
    "city": "London",
    "country": "United Kingdom",
    "location": "Tate Britain",
    "attribution": "generally accepted",
    "dimensions": "74.6 × 91.8 cm",
    "image": "https://upload.wikimedia.org/wikipedia/commons/thumb/c/c2/Joseph_Mallord_William_Turner_%281775-1851%29_-_George_IV_at_St_Giles%27s%2C_Edinburgh_-_N02857_-_National_Gallery.jpg/500px-Joseph_Mallord_William_Turner_%281775-1851%29_-_George_IV_at_St_Giles%27s%2C_Edinburgh_-_N02857_-_National_Gallery.jpg?utm_source=en.wikipedia.org&amp;utm_campaign=parser&amp;utm_content=thumbnail",
    "notable": true,
    "wikipedia_en": "https://en.wikipedia.org/wiki/George_IV_at_St_Giles%27s,_Edinburgh",
    "creation_place": "London",
    "creation_lat": 51.5074,
    "creation_lon": -0.1278,
    "_source": {
     "source": "Wikipedia: List of paintings by J. M. W. Turner",
     "coord": "MediaWiki coordinates API"
    },
    "museum_id": "tate-britain",
    "qid": "Q28539384",
    "wikidata": "https://www.wikidata.org/wiki/Q28539384",
    "_merged": [
     {
      "source": "Wikidata",
      "title": "George IV at St Giles’s, Edinburgh",
      "qid": "Q28539384",
      "url": "https://www.wikidata.org/wiki/Q28539384"
     }
    ]
   }
  },
  {
   "type": "Feature",
   "geometry": {
    "type": "Point",
    "coordinates": [
     -0.12722,
     51.49083
    ]
   },
   "properties": {
    "painter": "J.M.W. Turner",
    "title": "George IV at the Provost's Banquet in the Parliament House, Edinburgh",
    "year": "1822",
    "city": "London",
    "country": "United Kingdom",
    "location": "Tate Britain",
    "attribution": "generally accepted",
    "dimensions": "68.6 × 91.8 cm",
    "image": "https://upload.wikimedia.org/wikipedia/commons/thumb/e/ea/Joseph_Mallord_William_Turner_%281775-1851%29_-_George_IV_at_the_Provost%27s_Banquet_in_the_Parliament_House%2C_Edinburgh_-_N02858_-_National_Gallery.jpg/500px-Joseph_Mallord_William_Turner_%281775-1851%29_-_George_IV_at_the_Provost%27s_Banquet_in_the_Parliament_House%2C_Edinburgh_-_N02858_-_National_Gallery.jpg?utm_source=en.wikipedia.org&amp;utm_campaign=parser&amp;utm_content=thumbnail",
    "notable": true,
    "creation_place": "London",
    "creation_lat": 51.5074,
    "creation_lon": -0.1278,
    "_source": {
     "source": "Wikipedia: List of paintings by J. M. W. Turner",
     "coord": "MediaWiki coordinates API"
    },
    "museum_id": "tate-britain",
    "qid": "Q28539391",
    "wikidata": "https://www.wikidata.org/wiki/Q28539391",
    "_overrides": {
     "qid": {
      "at": "2026-08-24",
      "source": "Wikidata reconciliation",
      "note": "matched to Q28539391 by normalised title + year (±8), same creator (merge_wd_extras)"
     }
    },
    "_merged": [
     {
      "source": "Wikidata",
      "title": "George IV at the Provost’s Banquet in the Parliament House, Edinburgh",
      "qid": "Q28539391",
      "url": "https://www.wikidata.org/wiki/Q28539391"
     }
    ]
   }
  },
  {
   "type": "Feature",
   "geometry": {
    "type": "Point",
    "coordinates": [
     -0.12722,
     51.49083
    ]
   },
   "properties": {
    "painter": "J.M.W. Turner",
    "title": "George IV's Departure from the 'Royal George', 1822",
    "year": "1822",
    "city": "London",
    "country": "United Kingdom",
    "location": "Tate Britain",
    "attribution": "generally accepted",
    "dimensions": "75.2 × 92.1 cm",
    "image": "https://upload.wikimedia.org/wikipedia/commons/thumb/4/41/Joseph_Mallord_William_Turner_%281775-1851%29_-_George_IV%27s_Departure_from_the_%27Royal_George%27%2C_1822_-_N02880_-_National_Gallery.jpg/500px-Joseph_Mallord_William_Turner_%281775-1851%29_-_George_IV%27s_Departure_from_the_%27Royal_George%27%2C_1822_-_N02880_-_National_Gallery.jpg?utm_source=en.wikipedia.org&amp;utm_campaign=parser&amp;utm_content=thumbnail",
    "notable": true,
    "creation_place": "London",
    "creation_lat": 51.5074,
    "creation_lon": -0.1278,
    "_source": {
     "source": "Wikipedia: List of paintings by J. M. W. Turner",
     "coord": "MediaWiki coordinates API"
    },
    "museum_id": "tate-britain",
    "qid": "Q28539388",
    "wikidata": "https://www.wikidata.org/wiki/Q28539388",
    "_overrides": {
     "qid": {
      "at": "2026-08-24",
      "source": "Wikidata reconciliation",
      "note": "matched to Q28539388 by normalised title + year (±8), same creator (merge_wd_extras)"
     }
    },
    "_merged": [
     {
      "source": "Wikidata",
      "title": "George IV’s Departure from the ‘Royal George’, 1822",
      "qid": "Q28539388",
      "url": "https://www.wikidata.org/wiki/Q28539388"
     }
    ]
   }
  },
  {
   "type": "Feature",
   "geometry": {
    "type": "Point",
    "coordinates": [
     -0.12722,
     51.49083
    ]
   },
   "properties": {
    "painter": "J.M.W. Turner",
    "title": "An Avenue of Trees",
    "year": "1822",
    "city": "London",
    "country": "United Kingdom",
    "location": "Tate Britain",
    "attribution": "generally accepted",
    "dimensions": "49.5 × 53.7 cm",
    "image": "https://upload.wikimedia.org/wikipedia/commons/thumb/b/bd/Joseph_Mallord_William_Turner_%281775-1851%29_-_An_Avenue_of_Trees_-_N05483_-_National_Gallery.jpg/500px-Joseph_Mallord_William_Turner_%281775-1851%29_-_An_Avenue_of_Trees_-_N05483_-_National_Gallery.jpg?utm_source=en.wikipedia.org&amp;utm_campaign=parser&amp;utm_content=thumbnail",
    "notable": true,
    "creation_place": "London",
    "creation_lat": 51.5074,
    "creation_lon": -0.1278,
    "_source": {
     "source": "Wikipedia: List of paintings by J. M. W. Turner",
     "coord": "MediaWiki coordinates API"
    },
    "museum_id": "tate-britain",
    "qid": "Q28533514",
    "wikidata": "https://www.wikidata.org/wiki/Q28533514",
    "_overrides": {
     "qid": {
      "at": "2026-08-24",
      "source": "Wikidata reconciliation",
      "note": "matched to Q28533514 by normalised title + year (±8), same creator (merge_wd_extras)"
     }
    }
   }
  },
  {
   "type": "Feature",
   "geometry": {
    "type": "Point",
    "coordinates": [
     -73.2137,
     42.7078
    ]
   },
   "properties": {
    "painter": "J.M.W. Turner",
    "title": "What You Will!",
    "year": "1822",
    "city": "Williamstown",
    "location": "Clark Art Institute",
    "attribution": "generally accepted",
    "dimensions": "49.8 × 54.3 cm",
    "image": "https://upload.wikimedia.org/wikipedia/commons/thumb/4/44/Turner_-_What_You_Will%21%2C_1822%2C_2007.8.107.jpg/500px-Turner_-_What_You_Will%21%2C_1822%2C_2007.8.107.jpg?utm_source=en.wikipedia.org&amp;utm_campaign=parser&amp;utm_content=thumbnail",
    "notable": true,
    "wikipedia_en": "https://en.wikipedia.org/wiki/What_You_Will!",
    "creation_place": "London",
    "creation_lat": 51.5074,
    "creation_lon": -0.1278,
    "_source": {
     "source": "Wikipedia: List of paintings by J. M. W. Turner",
     "coord": "MediaWiki coordinates API"
    },
    "museum_id": "clark-art-institute",
    "country": "United States",
    "qid": "Q104773806",
    "wikidata": "https://www.wikidata.org/wiki/Q104773806"
   }
  },
  {
   "type": "Feature",
   "geometry": {
    "type": "Point",
    "coordinates": [
     -0.00556,
     51.48111
    ]
   },
   "properties": {
    "painter": "J.M.W. Turner",
    "title": "The Battle of Trafalgar, 21 October 1805",
    "year": "1822-1824",
    "city": "Greenwich",
    "country": "United Kingdom",
    "location": "National Maritime Museum",
    "attribution": "generally accepted",
    "dimensions": "261.5 × 368.5 cm",
    "image": "https://upload.wikimedia.org/wikipedia/commons/thumb/2/29/Turner%2C_The_Battle_of_Trafalgar_%281822%29.jpg/500px-Turner%2C_The_Battle_of_Trafalgar_%281822%29.jpg?utm_source=en.wikipedia.org&amp;utm_campaign=parser&amp;utm_content=thumbnail",
    "notable": true,
    "wikipedia_en": "https://en.wikipedia.org/wiki/The_Battle_of_Trafalgar_(Turner)",
    "creation_place": "London",
    "creation_lat": 51.5074,
    "creation_lon": -0.1278,
    "_source": {
     "source": "Wikipedia: List of paintings by J. M. W. Turner",
     "coord": "MediaWiki coordinates API"
    },
    "museum_id": "national-maritime-museum",
    "qid": "Q1772871",
    "wikidata": "https://www.wikidata.org/wiki/Q1772871",
    "_merged": [
     {
      "source": "Wikidata",
      "title": "The Battle of Trafalgar",
      "qid": "Q1772871",
      "url": "https://www.wikidata.org/wiki/Q1772871"
     }
    ]
   }
  },
  {
   "type": "Feature",
   "geometry": {
    "type": "Point",
    "coordinates": [
     -0.12722,
     51.49083
    ]
   },
   "properties": {
    "painter": "J.M.W. Turner",
    "title": "The Bay of Baiae, with Apollo and the Sibyl",
    "year": "1823",
    "city": "London",
    "country": "United Kingdom",
    "location": "Tate Britain",
    "attribution": "generally accepted",
    "dimensions": "145.4 × 237.5 cm",
    "image": "https://upload.wikimedia.org/wikipedia/commons/thumb/8/8b/Joseph_Mallord_William_Turner_-_The_Bay_of_Baiae%2C_with_Apollo_and_the_Sibyl_-_Google_Art_Project.jpg/500px-Joseph_Mallord_William_Turner_-_The_Bay_of_Baiae%2C_with_Apollo_and_the_Sibyl_-_Google_Art_Project.jpg?utm_source=en.wikipedia.org&amp;utm_campaign=parser&amp;utm_content=thumbnail",
    "notable": true,
    "wikipedia_en": "https://en.wikipedia.org/wiki/The_Bay_of_Baiae,_with_Apollo_and_the_Sibyl",
    "creation_place": "London",
    "creation_lat": 51.5074,
    "creation_lon": -0.1278,
    "_source": {
     "source": "Wikipedia: List of paintings by J. M. W. Turner",
     "coord": "MediaWiki coordinates API"
    },
    "museum_id": "tate-britain",
    "qid": "Q18687466",
    "wikidata": "https://www.wikidata.org/wiki/Q18687466"
   }
  },
  {
   "type": "Feature",
   "geometry": {
    "type": "Point",
    "coordinates": [
     -0.12722,
     51.49083
    ]
   },
   "properties": {
    "painter": "J.M.W. Turner",
    "title": "First Sketch for 'The Battle of Trafalgar'",
    "year": "1823",
    "city": "London",
    "country": "United Kingdom",
    "location": "Tate Britain",
    "attribution": "generally accepted",
    "dimensions": "90.2 × 121.3 cm",
    "image": "https://upload.wikimedia.org/wikipedia/commons/thumb/d/d5/Joseph_Mallord_William_Turner_%281775-1851%29_-_First_Sketch_for_%27The_Battle_of_Trafalgar%27_-_N05480_-_National_Gallery.jpg/500px-Joseph_Mallord_William_Turner_%281775-1851%29_-_First_Sketch_for_%27The_Battle_of_Trafalgar%27_-_N05480_-_National_Gallery.jpg?utm_source=en.wikipedia.org&amp;utm_campaign=parser&amp;utm_content=thumbnail",
    "notable": true,
    "creation_place": "London",
    "creation_lat": 51.5074,
    "creation_lon": -0.1278,
    "_source": {
     "source": "Wikipedia: List of paintings by J. M. W. Turner",
     "coord": "MediaWiki coordinates API"
    },
    "museum_id": "tate-britain",
    "qid": "Q28533537",
    "wikidata": "https://www.wikidata.org/wiki/Q28533537",
    "_overrides": {
     "qid": {
      "at": "2026-08-24",
      "source": "Wikidata reconciliation",
      "note": "matched to Q28533537 by normalised title + year (±8), same creator (merge_wd_extras)"
     }
    },
    "_merged": [
     {
      "source": "Wikidata",
      "title": "First Sketch for ‘The Battle of Trafalgar’",
      "qid": "Q28533537",
      "url": "https://www.wikidata.org/wiki/Q28533537"
     }
    ]
   }
  },
  {
   "type": "Feature",
   "geometry": {
    "type": "Point",
    "coordinates": [
     -0.12722,
     51.49083
    ]
   },
   "properties": {
    "painter": "J.M.W. Turner",
    "title": "Second Sketch for 'The Battle of Trafalgar'",
    "year": "1823",
    "city": "London",
    "country": "United Kingdom",
    "location": "Tate Britain",
    "attribution": "generally accepted",
    "dimensions": "90.2 × 121.3 cm",
    "image": "https://upload.wikimedia.org/wikipedia/commons/thumb/c/c4/Joseph_Mallord_William_Turner_%281775-1851%29_-_Second_Sketch_for_%27The_Battle_of_Trafalgar%27_-_N00556_-_National_Gallery.jpg/500px-Joseph_Mallord_William_Turner_%281775-1851%29_-_Second_Sketch_for_%27The_Battle_of_Trafalgar%27_-_N00556_-_National_Gallery.jpg?utm_source=en.wikipedia.org&amp;utm_campaign=parser&amp;utm_content=thumbnail",
    "notable": true,
    "creation_place": "London",
    "creation_lat": 51.5074,
    "creation_lon": -0.1278,
    "_source": {
     "source": "Wikipedia: List of paintings by J. M. W. Turner",
     "coord": "MediaWiki coordinates API"
    },
    "museum_id": "tate-britain",
    "qid": "Q28538572",
    "wikidata": "https://www.wikidata.org/wiki/Q28538572",
    "_overrides": {
     "qid": {
      "at": "2026-08-24",
      "source": "Wikidata reconciliation",
      "note": "matched to Q28538572 by normalised title + year (±8), same creator (merge_wd_extras)"
     }
    },
    "_merged": [
     {
      "source": "Wikidata",
      "title": "Second Sketch for ‘The Battle of Trafalgar’",
      "qid": "Q28538572",
      "url": "https://www.wikidata.org/wiki/Q28538572"
     }
    ]
   }
  },
  {
   "type": "Feature",
   "geometry": {
    "type": "Point",
    "coordinates": [
     -0.12722,
     51.49083
    ]
   },
   "properties": {
    "painter": "J.M.W. Turner",
    "title": "Landscape: Christ and the Woman of Samaria",
    "year": "1825",
    "city": "London",
    "country": "United Kingdom",
    "location": "Tate Britain",
    "attribution": "generally accepted",
    "dimensions": "147.3 × 238.8 cm",
    "image": "https://upload.wikimedia.org/wikipedia/commons/thumb/8/89/Joseph_Mallord_William_Turner_%281775-1851%29_-_Landscape%2C_Christ_and_the_Woman_of_Samaria_-_N01875_-_National_Gallery.jpg/500px-Joseph_Mallord_William_Turner_%281775-1851%29_-_Landscape%2C_Christ_and_the_Woman_of_Samaria_-_N01875_-_National_Gallery.jpg?utm_source=en.wikipedia.org&amp;utm_campaign=parser&amp;utm_content=thumbnail",
    "notable": true,
    "creation_place": "London",
    "creation_lat": 51.5074,
    "creation_lon": -0.1278,
    "_source": {
     "source": "Wikipedia: List of paintings by J. M. W. Turner",
     "coord": "MediaWiki coordinates API"
    },
    "museum_id": "tate-britain",
    "qid": "Q28532676",
    "wikidata": "https://www.wikidata.org/wiki/Q28532676",
    "_overrides": {
     "qid": {
      "at": "2026-08-24",
      "source": "Wikidata reconciliation",
      "note": "matched to Q28532676 by normalised title + year (±8), same creator (merge_wd_extras)"
     }
    }
   }
  },
  {
   "type": "Feature",
   "geometry": {
    "type": "Point",
    "coordinates": [
     -0.12722,
     51.49083
    ]
   },
   "properties": {
    "painter": "J.M.W. Turner",
    "title": "The Cobbler's Home",
    "year": "1825",
    "city": "London",
    "country": "United Kingdom",
    "location": "Tate Britain",
    "attribution": "generally accepted",
    "dimensions": "59.7 × 80 cm",
    "image": "https://upload.wikimedia.org/wikipedia/commons/thumb/9/9e/Joseph_Mallord_William_Turner_%281775-1851%29_-_The_Cobbler%27s_Home_-_N02055_-_National_Gallery.jpg/500px-Joseph_Mallord_William_Turner_%281775-1851%29_-_The_Cobbler%27s_Home_-_N02055_-_National_Gallery.jpg?utm_source=en.wikipedia.org&amp;utm_campaign=parser&amp;utm_content=thumbnail",
    "notable": true,
    "creation_place": "London",
    "creation_lat": 51.5074,
    "creation_lon": -0.1278,
    "_source": {
     "source": "Wikipedia: List of paintings by J. M. W. Turner",
     "coord": "MediaWiki coordinates API"
    },
    "museum_id": "tate-britain",
    "qid": "Q28542104",
    "wikidata": "https://www.wikidata.org/wiki/Q28542104",
    "_overrides": {
     "qid": {
      "at": "2026-08-24",
      "source": "Wikidata reconciliation",
      "note": "matched to Q28542104 by normalised title + year (±8), same creator (merge_wd_extras)"
     }
    },
    "_merged": [
     {
      "source": "Wikidata",
      "title": "The Cobbler’s Home",
      "qid": "Q28542104",
      "url": "https://www.wikidata.org/wiki/Q28542104"
     }
    ]
   }
  },
  {
   "type": "Feature",
   "geometry": {
    "type": "Point",
    "coordinates": [
     -0.12722,
     51.49083
    ]
   },
   "properties": {
    "painter": "J.M.W. Turner",
    "title": "Valley with a Distant Bridge and Tower",
    "year": "1825",
    "city": "London",
    "country": "United Kingdom",
    "location": "Tate Britain",
    "attribution": "generally accepted",
    "dimensions": "91.1 × 122.2 cm",
    "image": "https://upload.wikimedia.org/wikipedia/commons/thumb/6/60/Joseph_Mallord_William_Turner_%281775-1851%29_-_Valley_with_a_Distant_Bridge_and_Tower_-_N05505_-_National_Gallery.jpg/500px-Joseph_Mallord_William_Turner_%281775-1851%29_-_Valley_with_a_Distant_Bridge_and_Tower_-_N05505_-_National_Gallery.jpg?utm_source=en.wikipedia.org&amp;utm_campaign=parser&amp;utm_content=thumbnail",
    "notable": true,
    "creation_place": "London",
    "creation_lat": 51.5074,
    "creation_lon": -0.1278,
    "_source": {
     "source": "Wikipedia: List of paintings by J. M. W. Turner",
     "coord": "MediaWiki coordinates API"
    },
    "museum_id": "tate-britain",
    "qid": "Q28545150",
    "wikidata": "https://www.wikidata.org/wiki/Q28545150",
    "_overrides": {
     "qid": {
      "at": "2026-08-24",
      "source": "Wikidata reconciliation",
      "note": "matched to Q28545150 by normalised title + year (±8), same creator (merge_wd_extras)"
     }
    }
   }
  },
  {
   "type": "Feature",
   "geometry": {
    "type": "Point",
    "coordinates": [
     -0.12722,
     51.49083
    ]
   },
   "properties": {
    "painter": "J.M.W. Turner",
    "title": "Lake or River with Trees on the Right",
    "year": "1825-1830",
    "city": "London",
    "country": "United Kingdom",
    "location": "Tate Britain",
    "attribution": "generally accepted",
    "dimensions": "41.3 × 59.7 cm",
    "image": "https://upload.wikimedia.org/wikipedia/commons/thumb/1/1c/Joseph_Mallord_William_Turner_%281775-1851%29_-_Lake_or_River_with_Trees_on_the_Right_-_N05525_-_National_Gallery.jpg/500px-Joseph_Mallord_William_Turner_%281775-1851%29_-_Lake_or_River_with_Trees_on_the_Right_-_N05525_-_National_Gallery.jpg?utm_source=en.wikipedia.org&amp;utm_campaign=parser&amp;utm_content=thumbnail",
    "notable": true,
    "creation_place": "London",
    "creation_lat": 51.5074,
    "creation_lon": -0.1278,
    "_source": {
     "source": "Wikipedia: List of paintings by J. M. W. Turner",
     "coord": "MediaWiki coordinates API"
    },
    "museum_id": "tate-britain",
    "qid": "Q28542209",
    "wikidata": "https://www.wikidata.org/wiki/Q28542209",
    "_overrides": {
     "qid": {
      "at": "2026-08-24",
      "source": "Wikidata reconciliation",
      "note": "matched to Q28542209 by normalised title + year (±8), same creator (merge_wd_extras)"
     }
    }
   }
  },
  {
   "type": "Feature",
   "geometry": {
    "type": "Point",
    "coordinates": [
     -0.12722,
     51.49083
    ]
   },
   "properties": {
    "painter": "J.M.W. Turner",
    "title": "Death on a Pale Horse (?)",
    "year": "1825-1830",
    "city": "London",
    "country": "United Kingdom",
    "location": "Tate Britain",
    "attribution": "generally accepted",
    "dimensions": "59.7 × 75.6 cm",
    "image": "https://upload.wikimedia.org/wikipedia/commons/thumb/7/71/Joseph_Mallord_William_Turner_-_Death_on_a_pale_horse_-_Google_Art_Project.jpg/500px-Joseph_Mallord_William_Turner_-_Death_on_a_pale_horse_-_Google_Art_Project.jpg?utm_source=en.wikipedia.org&amp;utm_campaign=parser&amp;utm_content=thumbnail",
    "notable": true,
    "creation_place": "London",
    "creation_lat": 51.5074,
    "creation_lon": -0.1278,
    "_source": {
     "source": "Wikipedia: List of paintings by J. M. W. Turner",
     "coord": "MediaWiki coordinates API"
    },
    "museum_id": "tate-britain",
    "qid": "Q18687288",
    "wikidata": "https://www.wikidata.org/wiki/Q18687288",
    "_overrides": {
     "qid": {
      "at": "2026-08-24",
      "source": "Wikidata reconciliation",
      "note": "matched to Q18687288 by normalised title + year (±8), same creator (merge_wd_extras)"
     }
    },
    "_merged": [
     {
      "source": "Wikidata",
      "title": "Death on a pale horse",
      "qid": "Q18687288",
      "url": "https://www.wikidata.org/wiki/Q18687288"
     }
    ]
   }
  },
  {
   "type": "Feature",
   "geometry": {
    "type": "Point",
    "coordinates": [
     -0.12722,
     51.49083
    ]
   },
   "properties": {
    "painter": "J.M.W. Turner",
    "title": "Shipping",
    "year": "1825-1830",
    "city": "London",
    "country": "United Kingdom",
    "location": "Tate Britain",
    "attribution": "generally accepted",
    "dimensions": "67.9 × 91.8 cm",
    "image": "https://upload.wikimedia.org/wikipedia/commons/thumb/6/60/%28Barcelona%29_Shipping_-_1825-30_-_William_Turner_in_Tate_Britain.jpg/500px-%28Barcelona%29_Shipping_-_1825-30_-_William_Turner_in_Tate_Britain.jpg?utm_source=en.wikipedia.org&amp;utm_campaign=parser&amp;utm_content=thumbnail",
    "notable": true,
    "creation_place": "London",
    "creation_lat": 51.5074,
    "creation_lon": -0.1278,
    "_source": {
     "source": "Wikipedia: List of paintings by J. M. W. Turner",
     "coord": "MediaWiki coordinates API"
    },
    "museum_id": "tate-britain",
    "qid": "Q28539410",
    "wikidata": "https://www.wikidata.org/wiki/Q28539410",
    "_overrides": {
     "qid": {
      "at": "2026-08-24",
      "source": "Wikidata reconciliation",
      "note": "matched to Q28539410 by normalised title + year (±8), same creator (merge_wd_extras)"
     }
    }
   }
  },
  {
   "type": "Feature",
   "geometry": {
    "type": "Point",
    "coordinates": [
     -0.12722,
     51.49083
    ]
   },
   "properties": {
    "painter": "J.M.W. Turner",
    "title": "Rocky Coast",
    "year": "1825-1830",
    "city": "London",
    "country": "United Kingdom",
    "location": "Tate Britain",
    "attribution": "generally accepted",
    "dimensions": "50.2 × 65.7 cm",
    "image": "https://upload.wikimedia.org/wikipedia/commons/thumb/3/3e/Joseph_Mallord_William_Turner_%281775-1851%29_-_Rocky_Coast_-_N05499_-_National_Gallery.jpg/500px-Joseph_Mallord_William_Turner_%281775-1851%29_-_Rocky_Coast_-_N05499_-_National_Gallery.jpg?utm_source=en.wikipedia.org&amp;utm_campaign=parser&amp;utm_content=thumbnail",
    "notable": true,
    "creation_place": "London",
    "creation_lat": 51.5074,
    "creation_lon": -0.1278,
    "_source": {
     "source": "Wikipedia: List of paintings by J. M. W. Turner",
     "coord": "MediaWiki coordinates API"
    },
    "museum_id": "tate-britain",
    "qid": "Q28533524",
    "wikidata": "https://www.wikidata.org/wiki/Q28533524",
    "_overrides": {
     "qid": {
      "at": "2026-08-24",
      "source": "Wikidata reconciliation",
      "note": "matched to Q28533524 by normalised title + year (±8), same creator (merge_wd_extras)"
     }
    }
   }
  },
  {
   "type": "Feature",
   "geometry": {
    "type": "Point",
    "coordinates": [
     -0.12722,
     51.49083
    ]
   },
   "properties": {
    "painter": "J.M.W. Turner",
    "title": "Seascape with a Sailing Boat and a Ship",
    "year": "1825-1830",
    "city": "London",
    "country": "United Kingdom",
    "location": "Tate Britain",
    "attribution": "generally accepted",
    "dimensions": "46.7 × 61 cm",
    "image": "https://upload.wikimedia.org/wikipedia/commons/thumb/0/0d/Joseph_Mallord_William_Turner_%281775-1851%29_-_Seascape_with_a_Sailing_Boat_and_a_Ship_-_N05520_-_National_Gallery.jpg/500px-Joseph_Mallord_William_Turner_%281775-1851%29_-_Seascape_with_a_Sailing_Boat_and_a_Ship_-_N05520_-_National_Gallery.jpg?utm_source=en.wikipedia.org&amp;utm_campaign=parser&amp;utm_content=thumbnail",
    "notable": true,
    "creation_place": "London",
    "creation_lat": 51.5074,
    "creation_lon": -0.1278,
    "_source": {
     "source": "Wikipedia: List of paintings by J. M. W. Turner",
     "coord": "MediaWiki coordinates API"
    },
    "museum_id": "tate-britain",
    "qid": "Q28542187",
    "wikidata": "https://www.wikidata.org/wiki/Q28542187",
    "_overrides": {
     "qid": {
      "at": "2026-08-24",
      "source": "Wikidata reconciliation",
      "note": "matched to Q28542187 by normalised title + year (±8), same creator (merge_wd_extras)"
     }
    }
   }
  },
  {
   "type": "Feature",
   "geometry": {
    "type": "Point",
    "coordinates": [
     -0.12722,
     51.49083
    ]
   },
   "properties": {
    "painter": "J.M.W. Turner",
    "title": "A Sandy Beach",
    "year": "1825-1830",
    "city": "London",
    "country": "United Kingdom",
    "location": "Tate Britain",
    "attribution": "generally accepted",
    "dimensions": "60 × 91.4 cm",
    "image": "https://upload.wikimedia.org/wikipedia/commons/thumb/c/cf/Joseph_Mallord_William_Turner_%281775-1851%29_-_A_Sandy_Beach_-_N05521_-_National_Gallery.jpg/500px-Joseph_Mallord_William_Turner_%281775-1851%29_-_A_Sandy_Beach_-_N05521_-_National_Gallery.jpg?utm_source=en.wikipedia.org&amp;utm_campaign=parser&amp;utm_content=thumbnail",
    "notable": true,
    "creation_place": "London",
    "creation_lat": 51.5074,
    "creation_lon": -0.1278,
    "_source": {
     "source": "Wikipedia: List of paintings by J. M. W. Turner",
     "coord": "MediaWiki coordinates API"
    },
    "museum_id": "tate-britain",
    "qid": "Q28542135",
    "wikidata": "https://www.wikidata.org/wiki/Q28542135",
    "_overrides": {
     "qid": {
      "at": "2026-08-24",
      "source": "Wikidata reconciliation",
      "note": "matched to Q28542135 by normalised title + year (±8), same creator (merge_wd_extras)"
     }
    }
   }
  },
  {
   "type": "Feature",
   "geometry": {
    "type": "Point",
    "coordinates": [
     -0.12722,
     51.49083
    ]
   },
   "properties": {
    "painter": "J.M.W. Turner",
    "title": "Italian Landscape with a Tower",
    "year": "1825-1830",
    "city": "London",
    "country": "United Kingdom",
    "location": "Tate Britain",
    "attribution": "generally accepted",
    "dimensions": "58.4 × 76.2 cm",
    "image": "https://upload.wikimedia.org/wikipedia/commons/thumb/6/6f/Joseph_Mallord_William_Turner_%281775-1851%29_-_Italian_Landscape_with_a_Tower_-_N05540_-_National_Gallery.jpg/500px-Joseph_Mallord_William_Turner_%281775-1851%29_-_Italian_Landscape_with_a_Tower_-_N05540_-_National_Gallery.jpg?utm_source=en.wikipedia.org&amp;utm_campaign=parser&amp;utm_content=thumbnail",
    "notable": true,
    "creation_place": "London",
    "creation_lat": 51.5074,
    "creation_lon": -0.1278,
    "_source": {
     "source": "Wikipedia: List of paintings by J. M. W. Turner",
     "coord": "MediaWiki coordinates API"
    },
    "museum_id": "tate-britain",
    "qid": "Q28545164",
    "wikidata": "https://www.wikidata.org/wiki/Q28545164",
    "_overrides": {
     "qid": {
      "at": "2026-08-24",
      "source": "Wikidata reconciliation",
      "note": "matched to Q28545164 by normalised title + year (±8), same creator (merge_wd_extras)"
     }
    }
   }
  },
  {
   "type": "Feature",
   "geometry": {
    "type": "Point",
    "coordinates": [
     -0.12722,
     51.49083
    ]
   },
   "properties": {
    "painter": "J.M.W. Turner",
    "title": "Seascape with a Yacht (?)",
    "year": "1825-1830",
    "city": "London",
    "country": "United Kingdom",
    "location": "Tate Britain",
    "attribution": "generally accepted",
    "dimensions": "50.2 × 66 cm",
    "image": "https://upload.wikimedia.org/wikipedia/commons/thumb/4/48/Joseph_Mallord_William_Turner_%281775-1851%29_-_Seascape_with_a_Yacht_%28%5E%29_-_N05485_-_National_Gallery.jpg/500px-Joseph_Mallord_William_Turner_%281775-1851%29_-_Seascape_with_a_Yacht_%28%5E%29_-_N05485_-_National_Gallery.jpg?utm_source=en.wikipedia.org&amp;utm_campaign=parser&amp;utm_content=thumbnail",
    "notable": true,
    "creation_place": "London",
    "creation_lat": 51.5074,
    "creation_lon": -0.1278,
    "_source": {
     "source": "Wikipedia: List of paintings by J. M. W. Turner",
     "coord": "MediaWiki coordinates API"
    },
    "museum_id": "tate-britain",
    "qid": "Q28533427",
    "wikidata": "https://www.wikidata.org/wiki/Q28533427",
    "_overrides": {
     "qid": {
      "at": "2026-08-24",
      "source": "Wikidata reconciliation",
      "note": "matched to Q28533427 by normalised title + year (±8), same creator (merge_wd_extras)"
     }
    }
   }
  },
  {
   "type": "Feature",
   "geometry": {
    "type": "Point",
    "coordinates": [
     -0.12722,
     51.49083
    ]
   },
   "properties": {
    "painter": "J.M.W. Turner",
    "title": "Two Compositions: A Claudian Seaport and an Open Landscape",
    "year": "1825-1830",
    "city": "London",
    "country": "United Kingdom",
    "location": "Tate Britain",
    "attribution": "generally accepted",
    "dimensions": "33.7 × 60.3 cm",
    "image": "https://upload.wikimedia.org/wikipedia/commons/thumb/2/23/Joseph_Mallord_William_Turner_%281775-1851%29_-_Two_Compositions%2C_A_Claudian_Seaport_and_an_Open_Landscape_-_N05533_-_National_Gallery.jpg/500px-Joseph_Mallord_William_Turner_%281775-1851%29_-_Two_Compositions%2C_A_Claudian_Seaport_and_an_Open_Landscape_-_N05533_-_National_Gallery.jpg?utm_source=en.wikipedia.org&amp;utm_campaign=parser&amp;utm_content=thumbnail",
    "notable": true,
    "creation_place": "London",
    "creation_lat": 51.5074,
    "creation_lon": -0.1278,
    "_source": {
     "source": "Wikipedia: List of paintings by J. M. W. Turner",
     "coord": "MediaWiki coordinates API"
    },
    "museum_id": "tate-britain",
    "qid": "Q28545138",
    "wikidata": "https://www.wikidata.org/wiki/Q28545138",
    "_overrides": {
     "qid": {
      "at": "2026-08-24",
      "source": "Wikidata reconciliation",
      "note": "matched to Q28545138 by normalised title + year (±8), same creator (merge_wd_extras)"
     }
    }
   }
  },
  {
   "type": "Feature",
   "geometry": {
    "type": "Point",
    "coordinates": [
     -0.12722,
     51.49083
    ]
   },
   "properties": {
    "painter": "J.M.W. Turner",
    "title": "Forum Romanum",
    "year": "1826",
    "city": "London",
    "country": "United Kingdom",
    "location": "Tate Britain",
    "attribution": "generally accepted",
    "dimensions": "145.7 × 236.3 cm",
    "image": "https://upload.wikimedia.org/wikipedia/commons/thumb/4/4b/Joseph_Mallord_William_Turner_-_Forum_Romanum%2C_for_Mr_Soane%27s_Museum_-_Google_Art_Project.jpg/500px-Joseph_Mallord_William_Turner_-_Forum_Romanum%2C_for_Mr_Soane%27s_Museum_-_Google_Art_Project.jpg?utm_source=en.wikipedia.org&amp;utm_campaign=parser&amp;utm_content=thumbnail",
    "notable": true,
    "wikipedia_en": "https://en.wikipedia.org/wiki/Forum_Romanum_(painting)",
    "creation_place": "London",
    "creation_lat": 51.5074,
    "creation_lon": -0.1278,
    "_source": {
     "source": "Wikipedia: List of paintings by J. M. W. Turner",
     "coord": "MediaWiki coordinates API"
    },
    "museum_id": "tate-britain",
    "qid": "Q18687453",
    "wikidata": "https://www.wikidata.org/wiki/Q18687453",
    "_merged": [
     {
      "source": "Wikidata",
      "title": "Forum Romanum, for Mr Soane's Museum",
      "qid": "Q18687453",
      "url": "https://www.wikidata.org/wiki/Q18687453"
     }
    ]
   }
  },
  {
   "type": "Feature",
   "geometry": {
    "type": "Point",
    "coordinates": [
     -73.9672,
     40.7711
    ]
   },
   "properties": {
    "painter": "J.M.W. Turner",
    "title": "The Harbour of Dieppe",
    "year": "1826",
    "city": "New York",
    "location": "Frick Collection",
    "attribution": "generally accepted",
    "dimensions": "173.7 × 225.4 cm",
    "image": "https://upload.wikimedia.org/wikipedia/commons/thumb/d/d8/Joseph_Mallord_William_Turner_-_The_Harbor_of_Dieppe_-_Google_Art_Project.jpg/500px-Joseph_Mallord_William_Turner_-_The_Harbor_of_Dieppe_-_Google_Art_Project.jpg?utm_source=en.wikipedia.org&amp;utm_campaign=parser&amp;utm_content=thumbnail",
    "notable": true,
    "wikipedia_en": "https://en.wikipedia.org/wiki/The_Harbour_of_Dieppe",
    "creation_place": "London",
    "creation_lat": 51.5074,
    "creation_lon": -0.1278,
    "_source": {
     "source": "Wikipedia: List of paintings by J. M. W. Turner",
     "coord": "MediaWiki coordinates API"
    },
    "museum_id": "frick-collection",
    "country": "United States",
    "qid": "Q18687560",
    "wikidata": "https://www.wikidata.org/wiki/Q18687560",
    "_merged": [
     {
      "source": "Wikidata",
      "title": "The Harbor of Dieppe",
      "qid": "Q18687560",
      "url": "https://www.wikidata.org/wiki/Q18687560"
     }
    ]
   }
  },
  {
   "type": "Feature",
   "geometry": {
    "type": "Point",
    "coordinates": [
     -73.9672,
     40.7711
    ]
   },
   "properties": {
    "painter": "J.M.W. Turner",
    "title": "Cologne, the Arrival of a Packet Boat in the Evening",
    "year": "1826",
    "city": "New York",
    "location": "Frick Collection",
    "attribution": "generally accepted",
    "dimensions": "168.6 × 224.2 cm",
    "image": "https://upload.wikimedia.org/wikipedia/commons/thumb/5/55/Turner_Cologne%2C_the_Arrival_of_a_Packet-Boat%2C_Evening.jpg/500px-Turner_Cologne%2C_the_Arrival_of_a_Packet-Boat%2C_Evening.jpg?utm_source=en.wikipedia.org&amp;utm_campaign=parser&amp;utm_content=thumbnail",
    "notable": true,
    "wikipedia_en": "https://en.wikipedia.org/wiki/Cologne,_the_Arrival_of_a_Packet_Boat_in_the_Evening",
    "creation_place": "London",
    "creation_lat": 51.5074,
    "creation_lon": -0.1278,
    "_source": {
     "source": "Wikipedia: List of paintings by J. M. W. Turner",
     "coord": "MediaWiki coordinates API"
    },
    "museum_id": "frick-collection",
    "country": "United States",
    "qid": "Q19857393",
    "wikidata": "https://www.wikidata.org/wiki/Q19857393"
   }
  },
  {
   "type": "Feature",
   "geometry": {
    "type": "Point",
    "coordinates": [
     -73.9672,
     40.7711
    ]
   },
   "properties": {
    "painter": "J.M.W. Turner",
    "title": "Mortlake Terrace: Early Summer Morning",
    "year": "1826",
    "city": "New York",
    "location": "Frick Collection",
    "attribution": "generally accepted",
    "dimensions": "93 × 123.2 cm",
    "image": "https://upload.wikimedia.org/wikipedia/commons/thumb/5/53/Turner_Mortlake_Terrace_Early_Summer_Morning_1826.jpg/500px-Turner_Mortlake_Terrace_Early_Summer_Morning_1826.jpg?utm_source=en.wikipedia.org&amp;utm_campaign=parser&amp;utm_content=thumbnail",
    "notable": true,
    "wikipedia_en": "https://en.wikipedia.org/wiki/Mortlake_Terrace:_Early_Summer_Morning",
    "creation_place": "London",
    "creation_lat": 51.5074,
    "creation_lon": -0.1278,
    "_source": {
     "source": "Wikipedia: List of paintings by J. M. W. Turner",
     "coord": "MediaWiki coordinates API"
    },
    "museum_id": "frick-collection",
    "country": "United States",
    "qid": "Q19857395",
    "wikidata": "https://www.wikidata.org/wiki/Q19857395"
   }
  },
  {
   "type": "Feature",
   "geometry": {
    "type": "Point",
    "coordinates": [
     -71.05778,
     42.36028
    ]
   },
   "properties": {
    "painter": "J.M.W. Turner",
    "title": "View from the Terrace of a Villa at Niton, Isle of Wight, from Sketches by a Lady",
    "year": "1826",
    "city": "Boston",
    "country": "United States",
    "location": "Museum of Fine Arts",
    "attribution": "generally accepted",
    "dimensions": "45.7 × 61 cm",
    "image": "https://upload.wikimedia.org/wikipedia/commons/thumb/d/da/Joseph_Mallord_William_Turner_-_View_from_the_Terrace_of_a_Villa_at_Niton%2C_Isle_of_Wight%2C_from_Sketches_by_a_Lady_-_1993.46_-_Museum_of_Fine_Arts.jpg/500px-Joseph_Mallord_William_Turner_-_View_from_the_Terrace_of_a_Villa_at_Niton%2C_Isle_of_Wight%2C_from_Sketches_by_a_Lady_-_1993.46_-_Museum_of_Fine_Arts.jpg?utm_source=en.wikipedia.org&amp;utm_campaign=parser&amp;utm_content=thumbnail",
    "notable": true,
    "creation_place": "London",
    "creation_lat": 51.5074,
    "creation_lon": -0.1278,
    "_source": {
     "source": "Wikipedia: List of paintings by J. M. W. Turner",
     "coord": "MediaWiki coordinates API"
    },
    "museum_id": "museum-of-fine-arts",
    "qid": "Q20540896",
    "wikidata": "https://www.wikidata.org/wiki/Q20540896",
    "_overrides": {
     "qid": {
      "at": "2026-08-24",
      "source": "Wikidata reconciliation",
      "note": "matched to Q20540896 by normalised title + year (±8), same creator (merge_wd_extras)"
     }
    }
   }
  },
  {
   "type": "Feature",
   "geometry": {
    "type": "Point",
    "coordinates": [
     -72.93091,
     41.30791
    ]
   },
   "properties": {
    "painter": "J.M.W. Turner",
    "title": "Port Ruysdael",
    "year": "1826-27",
    "city": "Connecticut",
    "location": "Yale Center for British Art",
    "attribution": "generally accepted",
    "dimensions": "92.1 × 122.6 cm",
    "image": "https://upload.wikimedia.org/wikipedia/commons/thumb/e/e2/Turner_-_Port_Rusdael.jpg/500px-Turner_-_Port_Rusdael.jpg?utm_source=en.wikipedia.org&amp;utm_campaign=parser&amp;utm_content=thumbnail",
    "notable": true,
    "wikipedia_en": "https://en.wikipedia.org/wiki/Port_Ruysdael",
    "creation_place": "London",
    "creation_lat": 51.5074,
    "creation_lon": -0.1278,
    "_source": {
     "source": "Wikipedia: List of paintings by J. M. W. Turner",
     "coord": "MediaWiki coordinates API"
    },
    "museum_id": "yale-center-for-british-art",
    "qid": "Q22330064",
    "wikidata": "https://www.wikidata.org/wiki/Q22330064"
   }
  },
  {
   "type": "Feature",
   "geometry": {
    "type": "Point",
    "coordinates": [
     -0.12722,
     51.49083
    ]
   },
   "properties": {
    "painter": "J.M.W. Turner",
    "title": "The Harbour of Brest: The Quayside and Château",
    "year": "1826-1828",
    "city": "London",
    "country": "United Kingdom",
    "location": "Tate Britain",
    "attribution": "generally accepted",
    "dimensions": "172.7 × 223.5 cm",
    "image": "https://upload.wikimedia.org/wikipedia/commons/thumb/3/3f/Joseph_Mallord_William_Turner_%281775-1851%29_-_The_Harbour_of_Brest%2C_The_Quayside_and_Ch%C3%A2teau_-_N05514_-_National_Gallery.jpg/500px-Joseph_Mallord_William_Turner_%281775-1851%29_-_The_Harbour_of_Brest%2C_The_Quayside_and_Ch%C3%A2teau_-_N05514_-_National_Gallery.jpg?utm_source=en.wikipedia.org&amp;utm_campaign=parser&amp;utm_content=thumbnail",
    "notable": true,
    "creation_place": "London",
    "creation_lat": 51.5074,
    "creation_lon": -0.1278,
    "_source": {
     "source": "Wikipedia: List of paintings by J. M. W. Turner",
     "coord": "MediaWiki coordinates API"
    },
    "museum_id": "tate-britain",
    "qid": "Q28542168",
    "wikidata": "https://www.wikidata.org/wiki/Q28542168",
    "_overrides": {
     "qid": {
      "at": "2026-08-24",
      "source": "Wikidata reconciliation",
      "note": "matched to Q28542168 by normalised title + year (±8), same creator (merge_wd_extras)"
     }
    }
   }
  },
  {
   "type": "Feature",
   "geometry": {
    "type": "Point",
    "coordinates": [
     -0.12722,
     51.49083
    ]
   },
   "properties": {
    "painter": "J.M.W. Turner",
    "title": "Dieppe: The Port from the Quai Henri IV",
    "year": "1827-28",
    "city": "London",
    "country": "United Kingdom",
    "location": "Tate Britain",
    "attribution": "generally accepted",
    "dimensions": "60.3 × 89.2 cm",
    "image": "https://upload.wikimedia.org/wikipedia/commons/thumb/9/93/Joseph_Mallord_William_Turner_%281775-1851%29_-_Dieppe%2C_The_Port_from_the_Quai_Henri_IV_-_N03385_-_National_Gallery.jpg/500px-Joseph_Mallord_William_Turner_%281775-1851%29_-_Dieppe%2C_The_Port_from_the_Quai_Henri_IV_-_N03385_-_National_Gallery.jpg?utm_source=en.wikipedia.org&amp;utm_campaign=parser&amp;utm_content=thumbnail",
    "notable": true,
    "creation_place": "London",
    "creation_lat": 51.5074,
    "creation_lon": -0.1278,
    "_source": {
     "source": "Wikipedia: List of paintings by J. M. W. Turner",
     "coord": "MediaWiki coordinates API"
    },
    "museum_id": "tate-britain",
    "qid": "Q28545230",
    "wikidata": "https://www.wikidata.org/wiki/Q28545230",
    "_overrides": {
     "qid": {
      "at": "2026-08-24",
      "source": "Wikidata reconciliation",
      "note": "matched to Q28545230 by normalised title + year (±8), same creator (merge_wd_extras)"
     }
    }
   }
  },
  {
   "type": "Feature",
   "geometry": {
    "type": "Point",
    "coordinates": [
     -0.12722,
     51.49083
    ]
   },
   "properties": {
    "painter": "J.M.W. Turner",
    "title": "Between Decks",
    "year": "1827",
    "city": "London",
    "country": "United Kingdom",
    "location": "Tate Britain",
    "attribution": "generally accepted",
    "dimensions": "30.5 × 48.6 cm",
    "image": "https://upload.wikimedia.org/wikipedia/commons/thumb/f/f4/Joseph_Mallord_William_Turner_%281775-1851%29_-_Between_Decks_-_N01996_-_National_Gallery.jpg/500px-Joseph_Mallord_William_Turner_%281775-1851%29_-_Between_Decks_-_N01996_-_National_Gallery.jpg?utm_source=en.wikipedia.org&amp;utm_campaign=parser&amp;utm_content=thumbnail",
    "notable": true,
    "creation_place": "London",
    "creation_lat": 51.5074,
    "creation_lon": -0.1278,
    "_source": {
     "source": "Wikipedia: List of paintings by J. M. W. Turner",
     "coord": "MediaWiki coordinates API"
    },
    "museum_id": "tate-britain",
    "qid": "Q28539776",
    "wikidata": "https://www.wikidata.org/wiki/Q28539776",
    "_overrides": {
     "qid": {
      "at": "2026-08-24",
      "source": "Wikidata reconciliation",
      "note": "matched to Q28539776 by normalised title + year (±8), same creator (merge_wd_extras)"
     }
    }
   }
  },
  {
   "type": "Feature",
   "geometry": {
    "type": "Point",
    "coordinates": [
     -0.12722,
     51.49083
    ]
   },
   "properties": {
    "painter": "J.M.W. Turner",
    "title": "Sketch for 'East Cowes Castle, the Regatta Beating to Windward' No. 1",
    "year": "1827",
    "city": "London",
    "country": "United Kingdom",
    "location": "Tate Britain",
    "attribution": "generally accepted",
    "dimensions": "29.8 × 48.9 cm",
    "image": "https://upload.wikimedia.org/wikipedia/commons/thumb/e/e7/Joseph_Mallord_William_Turner_%281775-1851%29_-_Sketch_for_%27East_Cowes_Castle%2C_the_Regatta_Beating_to_Windward%27_No._1_-_N01995_-_National_Gallery.jpg/500px-Joseph_Mallord_William_Turner_%281775-1851%29_-_Sketch_for_%27East_Cowes_Castle%2C_the_Regatta_Beating_to_Windward%27_No._1_-_N01995_-_National_Gallery.jpg?utm_source=en.wikipedia.org&amp;utm_campaign=parser&amp;utm_content=thumbnail",
    "notable": true,
    "creation_place": "London",
    "creation_lat": 51.5074,
    "creation_lon": -0.1278,
    "_source": {
     "source": "Wikipedia: List of paintings by J. M. W. Turner",
     "coord": "MediaWiki coordinates API"
    },
    "museum_id": "tate-britain",
    "qid": "Q28539798",
    "wikidata": "https://www.wikidata.org/wiki/Q28539798",
    "_overrides": {
     "qid": {
      "at": "2026-08-24",
      "source": "Wikidata reconciliation",
      "note": "matched to Q28539798 by normalised title + year (±8), same creator (merge_wd_extras)"
     }
    },
    "_merged": [
     {
      "source": "Wikidata",
      "title": "Sketch for ‘East Cowes Castle, the Regatta Beating to Windward’ No. 1",
      "qid": "Q28539798",
      "url": "https://www.wikidata.org/wiki/Q28539798"
     }
    ]
   }
  },
  {
   "type": "Feature",
   "geometry": {
    "type": "Point",
    "coordinates": [
     -0.12722,
     51.49083
    ]
   },
   "properties": {
    "painter": "J.M.W. Turner",
    "title": "Sketch for 'East Cowes Castle, the Regatta Beating to Windward' No. 2",
    "year": "1827",
    "city": "London",
    "country": "United Kingdom",
    "location": "Tate Britain",
    "attribution": "generally accepted",
    "dimensions": "45.7 × 61 cm",
    "image": "https://upload.wikimedia.org/wikipedia/commons/thumb/d/d6/Joseph_Mallord_William_Turner_%281775-1851%29_-_Sketch_for_%27East_Cowes_Castle%2C_the_Regatta_Beating_to_Windward%27_No._2_-_N01994_-_National_Gallery.jpg/500px-Joseph_Mallord_William_Turner_%281775-1851%29_-_Sketch_for_%27East_Cowes_Castle%2C_the_Regatta_Beating_to_Windward%27_No._2_-_N01994_-_National_Gallery.jpg?utm_source=en.wikipedia.org&amp;utm_campaign=parser&amp;utm_content=thumbnail",
    "notable": true,
    "creation_place": "London",
    "creation_lat": 51.5074,
    "creation_lon": -0.1278,
    "_source": {
     "source": "Wikipedia: List of paintings by J. M. W. Turner",
     "coord": "MediaWiki coordinates API"
    },
    "museum_id": "tate-britain",
    "qid": "Q28539639",
    "wikidata": "https://www.wikidata.org/wiki/Q28539639",
    "_overrides": {
     "qid": {
      "at": "2026-08-24",
      "source": "Wikidata reconciliation",
      "note": "matched to Q28539639 by normalised title + year (±8), same creator (merge_wd_extras)"
     }
    },
    "_merged": [
     {
      "source": "Wikidata",
      "title": "Sketch for ‘East Cowes Castle, the Regatta Beating to Windward’ No. 2",
      "qid": "Q28539639",
      "url": "https://www.wikidata.org/wiki/Q28539639"
     }
    ]
   }
  },
  {
   "type": "Feature",
   "geometry": {
    "type": "Point",
    "coordinates": [
     -0.12722,
     51.49083
    ]
   },
   "properties": {
    "painter": "J.M.W. Turner",
    "title": "Sketch for 'East Cowes Castle, the Regatta Beating to Windward' No 3",
    "year": "1827",
    "city": "London",
    "country": "United Kingdom",
    "location": "Tate Britain",
    "attribution": "generally accepted",
    "dimensions": "46.4 × 72.4 cm",
    "image": "https://upload.wikimedia.org/wikipedia/commons/thumb/9/96/Joseph_Mallord_William_Turner_%281775-1851%29_-_Sketch_for_%27East_Cowes_Castle%2C_the_Regatta_Beating_to_Windward%27_No._3_-_N01993_-_National_Gallery.jpg/500px-Joseph_Mallord_William_Turner_%281775-1851%29_-_Sketch_for_%27East_Cowes_Castle%2C_the_Regatta_Beating_to_Windward%27_No._3_-_N01993_-_National_Gallery.jpg?utm_source=en.wikipedia.org&amp;utm_campaign=parser&amp;utm_content=thumbnail",
    "notable": true,
    "creation_place": "London",
    "creation_lat": 51.5074,
    "creation_lon": -0.1278,
    "_source": {
     "source": "Wikipedia: List of paintings by J. M. W. Turner",
     "coord": "MediaWiki coordinates API"
    },
    "museum_id": "tate-britain",
    "qid": "Q28539844",
    "wikidata": "https://www.wikidata.org/wiki/Q28539844",
    "_overrides": {
     "qid": {
      "at": "2026-08-24",
      "source": "Wikidata reconciliation",
      "note": "matched to Q28539844 by normalised title + year (±8), same creator (merge_wd_extras)"
     }
    },
    "_merged": [
     {
      "source": "Wikidata",
      "title": "Sketch for ‘East Cowes Castle, the Regatta Beating to Windward’ No. 3",
      "qid": "Q28539844",
      "url": "https://www.wikidata.org/wiki/Q28539844"
     }
    ]
   }
  },
  {
   "type": "Feature",
   "geometry": {
    "type": "Point",
    "coordinates": [
     -0.12722,
     51.49083
    ]
   },
   "properties": {
    "painter": "J.M.W. Turner",
    "title": "A Sail Boat at Rouen",
    "year": "1827-28",
    "city": "London",
    "country": "United Kingdom",
    "location": "Tate Britain",
    "attribution": "generally accepted",
    "dimensions": "60.3 × 90.8 cm",
    "image": "https://upload.wikimedia.org/wikipedia/commons/thumb/e/e9/Joseph_Mallord_William_Turner_%281775-1851%29_-_A_Sail_Boat_at_Rouen_-_N03386_-_National_Gallery.jpg/500px-Joseph_Mallord_William_Turner_%281775-1851%29_-_A_Sail_Boat_at_Rouen_-_N03386_-_National_Gallery.jpg?utm_source=en.wikipedia.org&amp;utm_campaign=parser&amp;utm_content=thumbnail",
    "notable": true,
    "creation_place": "London",
    "creation_lat": 51.5074,
    "creation_lon": -0.1278,
    "_source": {
     "source": "Wikipedia: List of paintings by J. M. W. Turner",
     "coord": "MediaWiki coordinates API"
    },
    "museum_id": "tate-britain",
    "qid": "Q28545238",
    "wikidata": "https://www.wikidata.org/wiki/Q28545238",
    "_overrides": {
     "qid": {
      "at": "2026-08-24",
      "source": "Wikidata reconciliation",
      "note": "matched to Q28545238 by normalised title + year (±8), same creator (merge_wd_extras)"
     }
    }
   }
  },
  {
   "type": "Feature",
   "geometry": {
    "type": "Point",
    "coordinates": [
     -0.12722,
     51.49083
    ]
   },
   "properties": {
    "painter": "J.M.W. Turner",
    "title": "Brighton Beach, with the Chain Pier in the Distance, from the West",
    "year": "1827",
    "city": "London",
    "country": "United Kingdom",
    "location": "Tate Britain",
    "attribution": "generally accepted",
    "dimensions": "90.2 × 121.9 cm",
    "image": "https://upload.wikimedia.org/wikipedia/commons/thumb/3/3c/Joseph_Mallord_William_Turner_%281775-1851%29_-_Brighton_Beach%2C_with_the_Chain_Pier_in_the_Distance%2C_from_the_West_-_N01986_-_National_Gallery.jpg/500px-Joseph_Mallord_William_Turner_%281775-1851%29_-_Brighton_Beach%2C_with_the_Chain_Pier_in_the_Distance%2C_from_the_West_-_N01986_-_National_Gallery.jpg?utm_source=en.wikipedia.org&amp;utm_campaign=parser&amp;utm_content=thumbnail",
    "notable": true,
    "creation_place": "London",
    "creation_lat": 51.5074,
    "creation_lon": -0.1278,
    "_source": {
     "source": "Wikipedia: List of paintings by J. M. W. Turner",
     "coord": "MediaWiki coordinates API"
    },
    "museum_id": "tate-britain",
    "qid": "Q28539698",
    "wikidata": "https://www.wikidata.org/wiki/Q28539698",
    "_overrides": {
     "qid": {
      "at": "2026-08-24",
      "source": "Wikidata reconciliation",
      "note": "matched to Q28539698 by normalised title + year (±8), same creator (merge_wd_extras)"
     }
    }
   }
  },
  {
   "type": "Feature",
   "geometry": {
    "type": "Point",
    "coordinates": [
     -2.24139,
     53.47861
    ]
   },
   "properties": {
    "painter": "J.M.W. Turner",
    "title": "' Now for the Painter' (Rope) – Passengers Going on Board",
    "year": "1827",
    "city": "Manchester",
    "location": "Manchester Art Gallery",
    "attribution": "generally accepted",
    "dimensions": "174.3 × 223.5 cm",
    "image": "https://upload.wikimedia.org/wikipedia/commons/thumb/8/87/Turner_-_%27Now_for_the_Painter%27_%28Rope%29_-_Passengers_Going_on_Board%2C_1827%2C_1947.507.jpg/500px-Turner_-_%27Now_for_the_Painter%27_%28Rope%29_-_Passengers_Going_on_Board%2C_1827%2C_1947.507.jpg?utm_source=en.wikipedia.org&amp;utm_campaign=parser&amp;utm_content=thumbnail",
    "notable": true,
    "creation_place": "London",
    "creation_lat": 51.5074,
    "creation_lon": -0.1278,
    "_source": {
     "source": "Wikipedia: List of paintings by J. M. W. Turner",
     "coord": "MediaWiki coordinates API"
    },
    "museum_id": "manchester-art-gallery",
    "country": "United Kingdom",
    "qid": "Q119040444",
    "wikidata": "https://www.wikidata.org/wiki/Q119040444",
    "_overrides": {
     "qid": {
      "at": "2026-08-24",
      "source": "Wikidata reconciliation",
      "note": "matched to Q119040444 by normalised title + year (±8), same creator (merge_wd_extras)"
     }
    }
   }
  },
  {
   "type": "Feature",
   "geometry": {
    "type": "Point",
    "coordinates": [
     -71.22472,
     46.79889
    ]
   },
   "properties": {
    "painter": "J.M.W. Turner",
    "title": "Scene in Derbyshire",
    "year": "1827",
    "location": "Musée national des beaux-arts du Québec",
    "attribution": "generally accepted",
    "dimensions": "45 × 61 cm",
    "image": "https://upload.wikimedia.org/wikipedia/commons/thumb/2/25/Turner_-_Sc%C3%A8ne_dans_le_Derbyshire._Les_Hauteurs_d%E2%80%99Abraham%2C_Matlock_Bath%2C_1827_ou_avant%2C_1959.579.jpg/500px-Turner_-_Sc%C3%A8ne_dans_le_Derbyshire._Les_Hauteurs_d%E2%80%99Abraham%2C_Matlock_Bath%2C_1827_ou_avant%2C_1959.579.jpg?utm_source=en.wikipedia.org&amp;utm_campaign=parser&amp;utm_content=thumbnail",
    "notable": true,
    "wikipedia_en": "https://en.wikipedia.org/wiki/Scene_in_Derbyshire",
    "creation_place": "London",
    "creation_lat": 51.5074,
    "creation_lon": -0.1278,
    "_source": {
     "source": "Wikipedia: List of paintings by J. M. W. Turner",
     "coord": "MediaWiki coordinates API"
    },
    "museum_id": "musee-national-des-beaux-arts-du-quebec",
    "qid": "Q136645959",
    "wikidata": "https://www.wikidata.org/wiki/Q136645959",
    "_merged": [
     {
      "source": "Wikidata",
      "title": "Scène dans le Derbyshire",
      "qid": "Q59562914",
      "url": "https://www.wikidata.org/wiki/Q59562914"
     }
    ]
   }
  },
  {
   "type": "Feature",
   "geometry": {
    "type": "Point",
    "coordinates": [
     -0.12722,
     51.49083
    ]
   },
   "properties": {
    "painter": "J.M.W. Turner",
    "title": "Sketch for 'East Cowes Castle, the Regatta Starting for Their Moorings' No. 1",
    "year": "1827",
    "city": "London",
    "country": "United Kingdom",
    "location": "Tate Britain",
    "attribution": "generally accepted",
    "dimensions": "46.4 × 61.6 cm",
    "image": "https://upload.wikimedia.org/wikipedia/commons/thumb/f/f6/Joseph_Mallord_William_Turner_%281775-1851%29_-_Sketch_for_%27East_Cowes_Castle%2C_the_Regatta_Starting_for_Their_Moorings%27_No._1_-_N01998_-_National_Gallery.jpg/500px-Joseph_Mallord_William_Turner_%281775-1851%29_-_Sketch_for_%27East_Cowes_Castle%2C_the_Regatta_Starting_for_Their_Moorings%27_No._1_-_N01998_-_National_Gallery.jpg?utm_source=en.wikipedia.org&amp;utm_campaign=parser&amp;utm_content=thumbnail",
    "notable": true,
    "creation_place": "London",
    "creation_lat": 51.5074,
    "creation_lon": -0.1278,
    "_source": {
     "source": "Wikipedia: List of paintings by J. M. W. Turner",
     "coord": "MediaWiki coordinates API"
    },
    "museum_id": "tate-britain",
    "qid": "Q28539715",
    "wikidata": "https://www.wikidata.org/wiki/Q28539715",
    "_overrides": {
     "qid": {
      "at": "2026-08-24",
      "source": "Wikidata reconciliation",
      "note": "matched to Q28539715 by normalised title + year (±8), same creator (merge_wd_extras)"
     }
    },
    "_merged": [
     {
      "source": "Wikidata",
      "title": "Sketch for ‘East Cowes Castle, the Regatta Starting for Their Moorings’ No. 1",
      "qid": "Q28539715",
      "url": "https://www.wikidata.org/wiki/Q28539715"
     }
    ]
   }
  },
  {
   "type": "Feature",
   "geometry": {
    "type": "Point",
    "coordinates": [
     -0.12722,
     51.49083
    ]
   },
   "properties": {
    "painter": "J.M.W. Turner",
    "title": "Sketch for 'East Cowes Castle, the Regatta Starting for Their Moorings' No. 2",
    "year": "1827",
    "city": "London",
    "country": "United Kingdom",
    "location": "Tate Britain",
    "attribution": "generally accepted",
    "dimensions": "44.5 × 73.7 cm",
    "image": "https://upload.wikimedia.org/wikipedia/commons/thumb/2/24/Turner_-_Sketch_for_%E2%80%98East_Cowes_Castle%2C_the_Regatta_Starting_for_Their_Moorings%E2%80%99_No._2%2C_1827%2C_N02000.jpg/500px-Turner_-_Sketch_for_%E2%80%98East_Cowes_Castle%2C_the_Regatta_Starting_for_Their_Moorings%E2%80%99_No._2%2C_1827%2C_N02000.jpg?utm_source=en.wikipedia.org&amp;utm_campaign=parser&amp;utm_content=thumbnail",
    "notable": true,
    "creation_place": "London",
    "creation_lat": 51.5074,
    "creation_lon": -0.1278,
    "_source": {
     "source": "Wikipedia: List of paintings by J. M. W. Turner",
     "coord": "MediaWiki coordinates API"
    },
    "museum_id": "tate-britain",
    "qid": "Q28542110",
    "wikidata": "https://www.wikidata.org/wiki/Q28542110",
    "_overrides": {
     "qid": {
      "at": "2026-08-24",
      "source": "Wikidata reconciliation",
      "note": "matched to Q28542110 by normalised title + year (±8), same creator (merge_wd_extras)"
     }
    },
    "_merged": [
     {
      "source": "Wikidata",
      "title": "Sketch for ‘East Cowes Castle, the Regatta Starting for Their Moorings’ No. 2",
      "qid": "Q28542110",
      "url": "https://www.wikidata.org/wiki/Q28542110"
     }
    ]
   }
  },
  {
   "type": "Feature",
   "geometry": {
    "type": "Point",
    "coordinates": [
     -0.12722,
     51.49083
    ]
   },
   "properties": {
    "painter": "J.M.W. Turner",
    "title": "Sketch for 'East Cowes Castle, the Regatta Starting for Their Moorings' No. 3",
    "year": "1827",
    "city": "London",
    "country": "United Kingdom",
    "location": "Tate Britain",
    "attribution": "generally accepted",
    "dimensions": "45.1 × 61 cm",
    "image": "https://upload.wikimedia.org/wikipedia/commons/thumb/7/78/Joseph_Mallord_William_Turner_%281775-1851%29_-_Sketch_for_%27East_Cowes_Castle%2C_the_Regatta_Starting_for_Their_Moorings%27_No._3_-_N01997_-_National_Gallery.jpg/500px-Joseph_Mallord_William_Turner_%281775-1851%29_-_Sketch_for_%27East_Cowes_Castle%2C_the_Regatta_Starting_for_Their_Moorings%27_No._3_-_N01997_-_National_Gallery.jpg?utm_source=en.wikipedia.org&amp;utm_campaign=parser&amp;utm_content=thumbnail",
    "notable": true,
    "creation_place": "London",
    "creation_lat": 51.5074,
    "creation_lon": -0.1278,
    "_source": {
     "source": "Wikipedia: List of paintings by J. M. W. Turner",
     "coord": "MediaWiki coordinates API"
    },
    "museum_id": "tate-britain",
    "qid": "Q28539750",
    "wikidata": "https://www.wikidata.org/wiki/Q28539750",
    "_overrides": {
     "qid": {
      "at": "2026-08-24",
      "source": "Wikidata reconciliation",
      "note": "matched to Q28539750 by normalised title + year (±8), same creator (merge_wd_extras)"
     }
    },
    "_merged": [
     {
      "source": "Wikidata",
      "title": "Sketch for ‘East Cowes Castle, the Regatta Starting for Their Moorings’ No. 3",
      "qid": "Q28539750",
      "url": "https://www.wikidata.org/wiki/Q28539750"
     }
    ]
   }
  },
  {
   "type": "Feature",
   "geometry": {
    "type": "Point",
    "coordinates": [
     -0.12722,
     51.49083
    ]
   },
   "properties": {
    "painter": "J.M.W. Turner",
    "title": "Shipping off East Cowes Headland",
    "year": "1827",
    "city": "London",
    "country": "United Kingdom",
    "location": "Tate Britain",
    "attribution": "generally accepted",
    "dimensions": "46 × 60.3 cm",
    "image": "https://upload.wikimedia.org/wikipedia/commons/thumb/a/a4/Joseph_Mallord_William_Turner_%281775-1851%29_-_Shipping_off_East_Cowes_Headland_-_N01999_-_National_Gallery.jpg/500px-Joseph_Mallord_William_Turner_%281775-1851%29_-_Shipping_off_East_Cowes_Headland_-_N01999_-_National_Gallery.jpg?utm_source=en.wikipedia.org&amp;utm_campaign=parser&amp;utm_content=thumbnail",
    "notable": true,
    "creation_place": "London",
    "creation_lat": 51.5074,
    "creation_lon": -0.1278,
    "_source": {
     "source": "Wikipedia: List of paintings by J. M. W. Turner",
     "coord": "MediaWiki coordinates API"
    },
    "museum_id": "tate-britain",
    "qid": "Q28539813",
    "wikidata": "https://www.wikidata.org/wiki/Q28539813",
    "_overrides": {
     "qid": {
      "at": "2026-08-24",
      "source": "Wikidata reconciliation",
      "note": "matched to Q28539813 by normalised title + year (±8), same creator (merge_wd_extras)"
     }
    }
   }
  },
  {
   "type": "Feature",
   "geometry": {
    "type": "Point",
    "coordinates": [
     -0.12722,
     51.49083
    ]
   },
   "properties": {
    "painter": "J.M.W. Turner",
    "title": "Study of Sea and Sky, Isle of Wight",
    "year": "1827",
    "city": "London",
    "country": "United Kingdom",
    "location": "Tate Britain",
    "attribution": "generally accepted",
    "dimensions": "32.1 × 50.2 cm",
    "image": "https://upload.wikimedia.org/wikipedia/commons/thumb/d/d0/Joseph_Mallord_William_Turner_%281775-1851%29_-_Study_of_Sea_and_Sky%2C_Isle_of_Wight_-_N02001_-_National_Gallery.jpg/500px-Joseph_Mallord_William_Turner_%281775-1851%29_-_Study_of_Sea_and_Sky%2C_Isle_of_Wight_-_N02001_-_National_Gallery.jpg?utm_source=en.wikipedia.org&amp;utm_campaign=parser&amp;utm_content=thumbnail",
    "notable": true,
    "creation_place": "London",
    "creation_lat": 51.5074,
    "creation_lon": -0.1278,
    "_source": {
     "source": "Wikipedia: List of paintings by J. M. W. Turner",
     "coord": "MediaWiki coordinates API"
    },
    "museum_id": "tate-britain",
    "qid": "Q28542097",
    "wikidata": "https://www.wikidata.org/wiki/Q28542097",
    "_overrides": {
     "qid": {
      "at": "2026-08-24",
      "source": "Wikidata reconciliation",
      "note": "matched to Q28542097 by normalised title + year (±8), same creator (merge_wd_extras)"
     }
    }
   }
  },
  {
   "type": "Feature",
   "geometry": {
    "type": "Point",
    "coordinates": [
     -0.12722,
     51.49083
    ]
   },
   "properties": {
    "painter": "J.M.W. Turner",
    "title": "Rouen: A View from the Left Bank in the Faubourg St-Sever",
    "year": "1827-28",
    "city": "London",
    "country": "United Kingdom",
    "location": "Tate Britain",
    "attribution": "generally accepted",
    "dimensions": "60.3 × 98.7 cm",
    "image": "https://upload.wikimedia.org/wikipedia/commons/thumb/3/38/Joseph_Mallord_William_Turner_%281775-1851%29_-_Rouen%2C_A_View_from_the_Left_Bank_in_the_Faubourg_St-Sever_-_N03384_-_National_Gallery.jpg/500px-Joseph_Mallord_William_Turner_%281775-1851%29_-_Rouen%2C_A_View_from_the_Left_Bank_in_the_Faubourg_St-Sever_-_N03384_-_National_Gallery.jpg?utm_source=en.wikipedia.org&amp;utm_campaign=parser&amp;utm_content=thumbnail",
    "notable": true,
    "creation_place": "London",
    "creation_lat": 51.5074,
    "creation_lon": -0.1278,
    "_source": {
     "source": "Wikipedia: List of paintings by J. M. W. Turner",
     "coord": "MediaWiki coordinates API"
    },
    "museum_id": "tate-britain",
    "qid": "Q28545205",
    "wikidata": "https://www.wikidata.org/wiki/Q28545205",
    "_overrides": {
     "qid": {
      "at": "2026-08-24",
      "source": "Wikidata reconciliation",
      "note": "matched to Q28545205 by normalised title + year (±8), same creator (merge_wd_extras)"
     }
    }
   }
  },
  {
   "type": "Feature",
   "geometry": {
    "type": "Point",
    "coordinates": [
     -0.12722,
     51.49083
    ]
   },
   "properties": {
    "painter": "J.M.W. Turner",
    "title": "Three Seascapes",
    "year": "1827",
    "city": "London",
    "country": "United Kingdom",
    "location": "Tate Britain",
    "attribution": "generally accepted",
    "dimensions": "90.8 × 60.3 cm",
    "image": "https://upload.wikimedia.org/wikipedia/commons/thumb/7/7f/Joseph_Mallord_William_Turner_%281775-1851%29_-_Three_Seascapes_-_N05491_-_National_Gallery.jpg/500px-Joseph_Mallord_William_Turner_%281775-1851%29_-_Three_Seascapes_-_N05491_-_National_Gallery.jpg?utm_source=en.wikipedia.org&amp;utm_campaign=parser&amp;utm_content=thumbnail",
    "notable": true,
    "creation_place": "London",
    "creation_lat": 51.5074,
    "creation_lon": -0.1278,
    "_source": {
     "source": "Wikipedia: List of paintings by J. M. W. Turner",
     "coord": "MediaWiki coordinates API"
    },
    "museum_id": "tate-britain",
    "qid": "Q28533548",
    "wikidata": "https://www.wikidata.org/wiki/Q28533548",
    "_overrides": {
     "qid": {
      "at": "2026-08-24",
      "source": "Wikidata reconciliation",
      "note": "matched to Q28533548 by normalised title + year (±8), same creator (merge_wd_extras)"
     }
    }
   }
  },
  {
   "type": "Feature",
   "geometry": {
    "type": "Point",
    "coordinates": [
     -77.02,
     38.8914
    ]
   },
   "properties": {
    "painter": "J.M.W. Turner",
    "title": "Mortlake Terrace",
    "year": "1827",
    "city": "Washington",
    "country": "United States",
    "location": "National Gallery of Art",
    "attribution": "generally accepted",
    "dimensions": "92.1 × 122.2 cm",
    "image": "https://upload.wikimedia.org/wikipedia/commons/thumb/5/54/Mortlake_Terrace_A11264.jpg/500px-Mortlake_Terrace_A11264.jpg?utm_source=en.wikipedia.org&amp;utm_campaign=parser&amp;utm_content=thumbnail",
    "notable": true,
    "creation_place": "London",
    "creation_lat": 51.5074,
    "creation_lon": -0.1278,
    "_source": {
     "source": "Wikipedia: List of paintings by J. M. W. Turner",
     "coord": "MediaWiki coordinates API"
    },
    "museum_id": "national-gallery-of-art",
    "qid": "Q20185584",
    "wikidata": "https://www.wikidata.org/wiki/Q20185584",
    "_overrides": {
     "qid": {
      "at": "2026-08-24",
      "source": "Wikidata reconciliation",
      "note": "matched to Q20185584 by normalised title + year (±8), same creator (merge_wd_extras)"
     }
    }
   }
  },
  {
   "type": "Feature",
   "geometry": {
    "type": "Point",
    "coordinates": [
     -71.1147,
     42.3742
    ]
   },
   "properties": {
    "painter": "J.M.W. Turner",
    "title": "Rembrandt's Daughter",
    "year": "1827",
    "location": "Fogg Museum",
    "attribution": "generally accepted",
    "dimensions": "159.4 × 127 cm",
    "image": "https://upload.wikimedia.org/wikipedia/commons/thumb/b/b3/Turner_-_Rembrandt%27s_Daughter%2C_1827%2C_1917.214.jpg/500px-Turner_-_Rembrandt%27s_Daughter%2C_1827%2C_1917.214.jpg?utm_source=en.wikipedia.org&amp;utm_campaign=parser&amp;utm_content=thumbnail",
    "notable": true,
    "wikipedia_en": "https://en.wikipedia.org/wiki/Rembrandt%27s_Daughter",
    "creation_place": "London",
    "creation_lat": 51.5074,
    "creation_lon": -0.1278,
    "_source": {
     "source": "Wikipedia: List of paintings by J. M. W. Turner",
     "coord": "MediaWiki coordinates API"
    },
    "museum_id": "fogg-museum",
    "city": "Cambridge",
    "country": "United States",
    "qid": "Q106861573",
    "wikidata": "https://www.wikidata.org/wiki/Q106861573"
   }
  },
  {
   "type": "Feature",
   "geometry": {
    "type": "Point",
    "coordinates": [
     -0.12722,
     51.49083
    ]
   },
   "properties": {
    "painter": "J.M.W. Turner",
    "title": "Rocky Bay",
    "year": "1827-28",
    "city": "London",
    "country": "United Kingdom",
    "location": "Tate Britain",
    "attribution": "generally accepted",
    "dimensions": "60.3 × 92.1 cm",
    "image": "https://upload.wikimedia.org/wikipedia/commons/thumb/b/b1/Joseph_Mallord_William_Turner_%281775-1851%29_-_Rocky_Bay_-_N03380_-_National_Gallery.jpg/500px-Joseph_Mallord_William_Turner_%281775-1851%29_-_Rocky_Bay_-_N03380_-_National_Gallery.jpg?utm_source=en.wikipedia.org&amp;utm_campaign=parser&amp;utm_content=thumbnail",
    "notable": true,
    "creation_place": "London",
    "creation_lat": 51.5074,
    "creation_lon": -0.1278,
    "_source": {
     "source": "Wikipedia: List of paintings by J. M. W. Turner",
     "coord": "MediaWiki coordinates API"
    },
    "museum_id": "tate-britain",
    "qid": "Q28545244",
    "wikidata": "https://www.wikidata.org/wiki/Q28545244",
    "_overrides": {
     "qid": {
      "at": "2026-08-24",
      "source": "Wikidata reconciliation",
      "note": "matched to Q28545244 by normalised title + year (±8), same creator (merge_wd_extras)"
     }
    }
   }
  },
  {
   "type": "Feature",
   "geometry": {
    "type": "Point",
    "coordinates": [
     -0.12722,
     51.49083
    ]
   },
   "properties": {
    "painter": "J.M.W. Turner",
    "title": "Rouen: The Left Bank, with Shipping Beyond",
    "year": "1827-28",
    "city": "London",
    "country": "United Kingdom",
    "location": "Tate Britain",
    "attribution": "generally accepted",
    "dimensions": "60 × 84.8 cm",
    "image": "https://upload.wikimedia.org/wikipedia/commons/thumb/6/64/Joseph_Mallord_William_Turner_%281775-1851%29_-_Rouen%2C_The_Left_Bank%2C_with_Shipping_Beyond_-_N03383_-_National_Gallery.jpg/500px-Joseph_Mallord_William_Turner_%281775-1851%29_-_Rouen%2C_The_Left_Bank%2C_with_Shipping_Beyond_-_N03383_-_National_Gallery.jpg?utm_source=en.wikipedia.org&amp;utm_campaign=parser&amp;utm_content=thumbnail",
    "notable": true,
    "creation_place": "London",
    "creation_lat": 51.5074,
    "creation_lon": -0.1278,
    "_source": {
     "source": "Wikipedia: List of paintings by J. M. W. Turner",
     "coord": "MediaWiki coordinates API"
    },
    "museum_id": "tate-britain",
    "qid": "Q28545223",
    "wikidata": "https://www.wikidata.org/wiki/Q28545223",
    "_overrides": {
     "qid": {
      "at": "2026-08-24",
      "source": "Wikidata reconciliation",
      "note": "matched to Q28545223 by normalised title + year (±8), same creator (merge_wd_extras)"
     }
    },
    "_merged": [
     {
      "source": "Wikidata",
      "title": "Rouen: The Left Bank, with  Shipping Beyond",
      "qid": "Q28545223",
      "url": "https://www.wikidata.org/wiki/Q28545223"
     }
    ]
   }
  },
  {
   "type": "Feature",
   "geometry": {
    "type": "Point",
    "coordinates": [
     -0.12722,
     51.49083
    ]
   },
   "properties": {
    "painter": "J.M.W. Turner",
    "title": "Italian Bay",
    "year": "1827-28",
    "city": "London",
    "country": "United Kingdom",
    "location": "Tate Britain",
    "attribution": "generally accepted",
    "dimensions": "60.3 × 102.2 cm",
    "image": "https://upload.wikimedia.org/wikipedia/commons/thumb/8/83/Joseph_Mallord_William_Turner_%281775-1851%29_-_Italian_Bay_-_N02959_-_National_Gallery.jpg/500px-Joseph_Mallord_William_Turner_%281775-1851%29_-_Italian_Bay_-_N02959_-_National_Gallery.jpg?utm_source=en.wikipedia.org&amp;utm_campaign=parser&amp;utm_content=thumbnail",
    "notable": true,
    "creation_place": "London",
    "creation_lat": 51.5074,
    "creation_lon": -0.1278,
    "_source": {
     "source": "Wikipedia: List of paintings by J. M. W. Turner",
     "coord": "MediaWiki coordinates API"
    },
    "museum_id": "tate-britain",
    "qid": "Q28541405",
    "wikidata": "https://www.wikidata.org/wiki/Q28541405",
    "_overrides": {
     "qid": {
      "at": "2026-08-24",
      "source": "Wikidata reconciliation",
      "note": "matched to Q28541405 by normalised title + year (±8), same creator (merge_wd_extras)"
     }
    }
   }
  },
  {
   "type": "Feature",
   "geometry": {
    "type": "Point",
    "coordinates": [
     -0.12722,
     51.49083
    ]
   },
   "properties": {
    "painter": "J.M.W. Turner",
    "title": "Landscape with Tower, Trees and Figures; possibly Arcueil near Paris",
    "year": "1827-28",
    "city": "London",
    "country": "United Kingdom",
    "location": "Tate Britain",
    "attribution": "generally accepted",
    "dimensions": "60 × 88.6 cm",
    "image": "https://upload.wikimedia.org/wikipedia/commons/thumb/7/7e/Joseph_Mallord_William_Turner_%281775-1851%29_-_Landscape_with_Tower%2C_Trees_and_Figures%2C_possibly_Arcueil_near_Paris_-_N02992_-_National_Gallery.jpg/500px-Joseph_Mallord_William_Turner_%281775-1851%29_-_Landscape_with_Tower%2C_Trees_and_Figures%2C_possibly_Arcueil_near_Paris_-_N02992_-_National_Gallery.jpg?utm_source=en.wikipedia.org&amp;utm_campaign=parser&amp;utm_content=thumbnail",
    "notable": true,
    "creation_place": "London",
    "creation_lat": 51.5074,
    "creation_lon": -0.1278,
    "_source": {
     "source": "Wikipedia: List of paintings by J. M. W. Turner",
     "coord": "MediaWiki coordinates API"
    },
    "museum_id": "tate-britain",
    "qid": "Q28541341",
    "wikidata": "https://www.wikidata.org/wiki/Q28541341",
    "_overrides": {
     "qid": {
      "at": "2026-08-24",
      "source": "Wikidata reconciliation",
      "note": "matched to Q28541341 by normalised title + year (±8), same creator (merge_wd_extras)"
     }
    }
   }
  },
  {
   "type": "Feature",
   "geometry": {
    "type": "Point",
    "coordinates": [
     -0.12722,
     51.49083
    ]
   },
   "properties": {
    "painter": "J.M.W. Turner",
    "title": "Classical Harbour Scene; possibly based on Le Havre",
    "year": "1827-28",
    "city": "London",
    "country": "United Kingdom",
    "location": "Tate Britain",
    "attribution": "generally accepted",
    "dimensions": "60.3 × 101.9 cm",
    "image": "https://upload.wikimedia.org/wikipedia/commons/thumb/0/03/Joseph_Mallord_William_Turner_%281775-1851%29_-_Classical_Harbour_Scene%2C_possibly_based_on_Le_Havre_-_N03026_-_National_Gallery.jpg/500px-Joseph_Mallord_William_Turner_%281775-1851%29_-_Classical_Harbour_Scene%2C_possibly_based_on_Le_Havre_-_N03026_-_National_Gallery.jpg?utm_source=en.wikipedia.org&amp;utm_campaign=parser&amp;utm_content=thumbnail",
    "notable": true,
    "creation_place": "London",
    "creation_lat": 51.5074,
    "creation_lon": -0.1278,
    "_source": {
     "source": "Wikipedia: List of paintings by J. M. W. Turner",
     "coord": "MediaWiki coordinates API"
    },
    "museum_id": "tate-britain",
    "qid": "Q28537449",
    "wikidata": "https://www.wikidata.org/wiki/Q28537449",
    "_overrides": {
     "qid": {
      "at": "2026-08-24",
      "source": "Wikidata reconciliation",
      "note": "matched to Q28537449 by normalised title + year (±8), same creator (merge_wd_extras)"
     }
    }
   }
  },
  {
   "type": "Feature",
   "geometry": {
    "type": "Point",
    "coordinates": [
     -0.12722,
     51.49083
    ]
   },
   "properties": {
    "painter": "J.M.W. Turner",
    "title": "Tivoli, the Cascatelle",
    "year": "1827-28",
    "city": "London",
    "country": "United Kingdom",
    "location": "Tate Britain",
    "attribution": "generally accepted",
    "dimensions": "60.7 × 77.7 cm",
    "image": "https://upload.wikimedia.org/wikipedia/commons/thumb/a/af/Joseph_Mallord_William_Turner_-_Tivoli%2C_the_Cascatelle_-_Google_Art_Project.jpg/500px-Joseph_Mallord_William_Turner_-_Tivoli%2C_the_Cascatelle_-_Google_Art_Project.jpg?utm_source=en.wikipedia.org&amp;utm_campaign=parser&amp;utm_content=thumbnail",
    "notable": true,
    "creation_place": "London",
    "creation_lat": 51.5074,
    "creation_lon": -0.1278,
    "_source": {
     "source": "Wikipedia: List of paintings by J. M. W. Turner",
     "coord": "MediaWiki coordinates API"
    },
    "museum_id": "tate-britain",
    "qid": "Q18687532",
    "wikidata": "https://www.wikidata.org/wiki/Q18687532",
    "_overrides": {
     "qid": {
      "at": "2026-08-24",
      "source": "Wikidata reconciliation",
      "note": "matched to Q18687532 by normalised title + year (±8), same creator (merge_wd_extras)"
     }
    }
   }
  },
  {
   "type": "Feature",
   "geometry": {
    "type": "Point",
    "coordinates": [
     -0.12722,
     51.49083
    ]
   },
   "properties": {
    "painter": "J.M.W. Turner",
    "title": "The Lake, Petworth, Sunset; Sample Study",
    "year": "1827-28",
    "city": "London",
    "country": "United Kingdom",
    "location": "Tate Britain",
    "attribution": "generally accepted",
    "dimensions": "63.5 × 139.7 cm",
    "image": "https://upload.wikimedia.org/wikipedia/commons/thumb/8/85/%28Barcelona%29_The_Lake%2C_Petworth%2C_Sunset%3B_Sample_Study_-_William_Turner_-_Tate_Britain.jpg/500px-%28Barcelona%29_The_Lake%2C_Petworth%2C_Sunset%3B_Sample_Study_-_William_Turner_-_Tate_Britain.jpg?utm_source=en.wikipedia.org&amp;utm_campaign=parser&amp;utm_content=thumbnail",
    "notable": true,
    "creation_place": "London",
    "creation_lat": 51.5074,
    "creation_lon": -0.1278,
    "_source": {
     "source": "Wikipedia: List of paintings by J. M. W. Turner",
     "coord": "MediaWiki coordinates API"
    },
    "museum_id": "tate-britain",
    "qid": "Q28532512",
    "wikidata": "https://www.wikidata.org/wiki/Q28532512",
    "_overrides": {
     "qid": {
      "at": "2026-08-24",
      "source": "Wikidata reconciliation",
      "note": "matched to Q28532512 by normalised title + year (±8), same creator (merge_wd_extras)"
     }
    }
   }
  },
  {
   "type": "Feature",
   "geometry": {
    "type": "Point",
    "coordinates": [
     -0.12722,
     51.49083
    ]
   },
   "properties": {
    "painter": "J.M.W. Turner",
    "title": "Italian Landscape with Bridge and Tower",
    "year": "1827-28",
    "city": "London",
    "country": "United Kingdom",
    "location": "Tate Britain",
    "attribution": "generally accepted",
    "dimensions": "60.3 × 98.1 cm",
    "image": "https://upload.wikimedia.org/wikipedia/commons/thumb/a/a9/Joseph_Mallord_William_Turner_-_Italian_Landscape_with_Bridge_and_Tower_-_Google_Art_Project.jpg/500px-Joseph_Mallord_William_Turner_-_Italian_Landscape_with_Bridge_and_Tower_-_Google_Art_Project.jpg?utm_source=en.wikipedia.org&amp;utm_campaign=parser&amp;utm_content=thumbnail",
    "notable": true,
    "creation_place": "London",
    "creation_lat": 51.5074,
    "creation_lon": -0.1278,
    "_source": {
     "source": "Wikipedia: List of paintings by J. M. W. Turner",
     "coord": "MediaWiki coordinates API"
    },
    "museum_id": "tate-britain",
    "qid": "Q18687524",
    "wikidata": "https://www.wikidata.org/wiki/Q18687524",
    "_overrides": {
     "qid": {
      "at": "2026-08-24",
      "source": "Wikidata reconciliation",
      "note": "matched to Q18687524 by normalised title + year (±8), same creator (merge_wd_extras)"
     }
    }
   }
  },
  {
   "type": "Feature",
   "geometry": {
    "type": "Point",
    "coordinates": [
     -0.12722,
     51.49083
    ]
   },
   "properties": {
    "painter": "J.M.W. Turner",
    "title": "The Lake, Petworth, Sunrise",
    "year": "1827-28",
    "city": "London",
    "country": "United Kingdom",
    "location": "Tate Britain",
    "attribution": "generally accepted",
    "dimensions": "64.8 × 125.7 cm",
    "image": "https://upload.wikimedia.org/wikipedia/commons/thumb/d/dc/Joseph_Mallord_William_Turner_%281775-1851%29_-_The_Lake%2C_Petworth%2C_Sunrise_-_N05563_-_National_Gallery.jpg/500px-Joseph_Mallord_William_Turner_%281775-1851%29_-_The_Lake%2C_Petworth%2C_Sunrise_-_N05563_-_National_Gallery.jpg?utm_source=en.wikipedia.org&amp;utm_campaign=parser&amp;utm_content=thumbnail",
    "notable": true,
    "creation_place": "London",
    "creation_lat": 51.5074,
    "creation_lon": -0.1278,
    "_source": {
     "source": "Wikipedia: List of paintings by J. M. W. Turner",
     "coord": "MediaWiki coordinates API"
    },
    "museum_id": "tate-britain",
    "qid": "Q28542205",
    "wikidata": "https://www.wikidata.org/wiki/Q28542205",
    "_overrides": {
     "qid": {
      "at": "2026-08-24",
      "source": "Wikidata reconciliation",
      "note": "matched to Q28542205 by normalised title + year (±8), same creator (merge_wd_extras)"
     }
    }
   }
  },
  {
   "type": "Feature",
   "geometry": {
    "type": "Point",
    "coordinates": [
     -0.12722,
     51.49083
    ]
   },
   "properties": {
    "painter": "J.M.W. Turner",
    "title": "Rocky Bay with Figures",
    "year": "1827-28",
    "city": "London",
    "country": "United Kingdom",
    "location": "Tate Britain",
    "attribution": "generally accepted",
    "dimensions": "90.2 × 123.2 cm",
    "image": "https://upload.wikimedia.org/wikipedia/commons/thumb/d/d7/Joseph_Mallord_William_Turner_%281775-1851%29_-_Rocky_Bay_with_Figures_-_N01989_-_National_Gallery.jpg/500px-Joseph_Mallord_William_Turner_%281775-1851%29_-_Rocky_Bay_with_Figures_-_N01989_-_National_Gallery.jpg?utm_source=en.wikipedia.org&amp;utm_campaign=parser&amp;utm_content=thumbnail",
    "notable": true,
    "creation_place": "London",
    "creation_lat": 51.5074,
    "creation_lon": -0.1278,
    "_source": {
     "source": "Wikipedia: List of paintings by J. M. W. Turner",
     "coord": "MediaWiki coordinates API"
    },
    "museum_id": "tate-britain",
    "qid": "Q28539706",
    "wikidata": "https://www.wikidata.org/wiki/Q28539706",
    "_overrides": {
     "qid": {
      "at": "2026-08-24",
      "source": "Wikidata reconciliation",
      "note": "matched to Q28539706 by normalised title + year (±8), same creator (merge_wd_extras)"
     }
    }
   }
  },
  {
   "type": "Feature",
   "geometry": {
    "type": "Point",
    "coordinates": [
     -0.12722,
     51.49083
    ]
   },
   "properties": {
    "painter": "J.M.W. Turner",
    "title": "Archway with Trees by the Sea; Sketch for 'The Parting of Hero and Leander'",
    "year": "1827-28",
    "city": "London",
    "country": "United Kingdom",
    "location": "Tate Britain",
    "attribution": "generally accepted",
    "dimensions": "59.4 × 87 cm",
    "image": "https://upload.wikimedia.org/wikipedia/commons/thumb/3/35/%28Barcelona%29_Archway_with_Trees_by_the_Sea%3B_Sketch_for_The_Parting_of_Hero_and_Leander_-_c.1827-8_-_William_Turner_-_Tate_Britain.jpg/500px-%28Barcelona%29_Archway_with_Trees_by_the_Sea%3B_Sketch_for_The_Parting_of_Hero_and_Leander_-_c.1827-8_-_William_Turner_-_Tate_Britain.jpg?utm_source=en.wikipedia.org&amp;utm_campaign=parser&amp;utm_content=thumbnail",
    "notable": true,
    "creation_place": "London",
    "creation_lat": 51.5074,
    "creation_lon": -0.1278,
    "_source": {
     "source": "Wikipedia: List of paintings by J. M. W. Turner",
     "coord": "MediaWiki coordinates API"
    },
    "museum_id": "tate-britain",
    "qid": "Q28545191",
    "wikidata": "https://www.wikidata.org/wiki/Q28545191",
    "_overrides": {
     "qid": {
      "at": "2026-08-24",
      "source": "Wikidata reconciliation",
      "note": "matched to Q28545191 by normalised title + year (±8), same creator (merge_wd_extras)"
     }
    },
    "_merged": [
     {
      "source": "Wikidata",
      "title": "Archway with Trees by the Sea; Sketch for ‘The Parting of Hero and Leander’",
      "qid": "Q28545191",
      "url": "https://www.wikidata.org/wiki/Q28545191"
     }
    ]
   }
  },
  {
   "type": "Feature",
   "geometry": {
    "type": "Point",
    "coordinates": [
     -0.12722,
     51.49083
    ]
   },
   "properties": {
    "painter": "J.M.W. Turner",
    "title": "Lake Nemi",
    "year": "1827-28",
    "city": "London",
    "country": "United Kingdom",
    "location": "Tate Britain",
    "attribution": "generally accepted",
    "dimensions": "60.3 × 99.7 cm",
    "image": "https://upload.wikimedia.org/wikipedia/commons/thumb/1/16/Joseph_Mallord_William_Turner_%281775-1851%29_-_Lake_Nemi_-_N03027_-_National_Gallery.jpg/500px-Joseph_Mallord_William_Turner_%281775-1851%29_-_Lake_Nemi_-_N03027_-_National_Gallery.jpg?utm_source=en.wikipedia.org&amp;utm_campaign=parser&amp;utm_content=thumbnail",
    "notable": true,
    "creation_place": "London",
    "creation_lat": 51.5074,
    "creation_lon": -0.1278,
    "_source": {
     "source": "Wikipedia: List of paintings by J. M. W. Turner",
     "coord": "MediaWiki coordinates API"
    },
    "museum_id": "tate-britain",
    "qid": "Q28537452",
    "wikidata": "https://www.wikidata.org/wiki/Q28537452",
    "_overrides": {
     "qid": {
      "at": "2026-08-24",
      "source": "Wikidata reconciliation",
      "note": "matched to Q28537452 by normalised title + year (±8), same creator (merge_wd_extras)"
     }
    }
   }
  },
  {
   "type": "Feature",
   "geometry": {
    "type": "Point",
    "coordinates": [
     -0.12722,
     51.49083
    ]
   },
   "properties": {
    "painter": "J.M.W. Turner",
    "title": "Claudian Harbour Scene: Study for 'Dido Directing the Equipment of the Fleet'",
    "year": "1827-28",
    "city": "London",
    "country": "United Kingdom",
    "location": "Tate Britain",
    "attribution": "generally accepted",
    "dimensions": "60 × 93.7 cm",
    "image": "https://upload.wikimedia.org/wikipedia/commons/thumb/e/e3/Joseph_Mallord_William_Turner_%281775-1851%29_-_Claudian_Harbour_Scene%2C_Study_for_%27Dido_Directing_the_Equipment_of_the_Fleet%27_-_N03382_-_National_Gallery.jpg/500px-Joseph_Mallord_William_Turner_%281775-1851%29_-_Claudian_Harbour_Scene%2C_Study_for_%27Dido_Directing_the_Equipment_of_the_Fleet%27_-_N03382_-_National_Gallery.jpg?utm_source=en.wikipedia.org&amp;utm_campaign=parser&amp;utm_content=thumbnail",
    "notable": true,
    "creation_place": "London",
    "creation_lat": 51.5074,
    "creation_lon": -0.1278,
    "_source": {
     "source": "Wikipedia: List of paintings by J. M. W. Turner",
     "coord": "MediaWiki coordinates API"
    },
    "museum_id": "tate-britain",
    "qid": "Q28545186",
    "wikidata": "https://www.wikidata.org/wiki/Q28545186",
    "_overrides": {
     "qid": {
      "at": "2026-08-24",
      "source": "Wikidata reconciliation",
      "note": "matched to Q28545186 by normalised title + year (±8), same creator (merge_wd_extras)"
     }
    },
    "_merged": [
     {
      "source": "Wikidata",
      "title": "Claudian Harbour Scene: Study for ‘Dido Directing the Equipment of the Fleet’",
      "qid": "Q28545186",
      "url": "https://www.wikidata.org/wiki/Q28545186"
     }
    ]
   }
  },
  {
   "type": "Feature",
   "geometry": {
    "type": "Point",
    "coordinates": [
     -0.12722,
     51.49083
    ]
   },
   "properties": {
    "painter": "J.M.W. Turner",
    "title": "Overlooking the Coast, with Classical Building",
    "year": "1827-28",
    "city": "London",
    "country": "United Kingdom",
    "location": "Tate Britain",
    "attribution": "generally accepted",
    "dimensions": "60.3 × 84.5 cm",
    "image": "https://upload.wikimedia.org/wikipedia/commons/thumb/6/65/Joseph_Mallord_William_Turner_%281775-1851%29_-_Overlooking_the_Coast%2C_with_Classical_Building_-_N02991_-_National_Gallery.jpg/500px-Joseph_Mallord_William_Turner_%281775-1851%29_-_Overlooking_the_Coast%2C_with_Classical_Building_-_N02991_-_National_Gallery.jpg?utm_source=en.wikipedia.org&amp;utm_campaign=parser&amp;utm_content=thumbnail",
    "notable": true,
    "creation_place": "London",
    "creation_lat": 51.5074,
    "creation_lon": -0.1278,
    "_source": {
     "source": "Wikipedia: List of paintings by J. M. W. Turner",
     "coord": "MediaWiki coordinates API"
    },
    "museum_id": "tate-britain",
    "qid": "Q28541330",
    "wikidata": "https://www.wikidata.org/wiki/Q28541330",
    "_overrides": {
     "qid": {
      "at": "2026-08-24",
      "source": "Wikidata reconciliation",
      "note": "matched to Q28541330 by normalised title + year (±8), same creator (merge_wd_extras)"
     }
    }
   }
  },
  {
   "type": "Feature",
   "geometry": {
    "type": "Point",
    "coordinates": [
     -0.12722,
     51.49083
    ]
   },
   "properties": {
    "painter": "J.M.W. Turner",
    "title": "A Ship Aground, Yarmouth; Sample Study",
    "year": "1827-28",
    "city": "London",
    "country": "United Kingdom",
    "location": "Tate Britain",
    "attribution": "generally accepted",
    "dimensions": "69.8 × 135.9 cm",
    "image": "https://upload.wikimedia.org/wikipedia/commons/thumb/d/d8/Joseph_Mallord_William_Turner_%281775-1851%29_-_A_Ship_Aground%2C_Yarmouth%2C_Sample_Study_-_N02065_-_National_Gallery.jpg/500px-Joseph_Mallord_William_Turner_%281775-1851%29_-_A_Ship_Aground%2C_Yarmouth%2C_Sample_Study_-_N02065_-_National_Gallery.jpg?utm_source=en.wikipedia.org&amp;utm_campaign=parser&amp;utm_content=thumbnail",
    "notable": true,
    "creation_place": "London",
    "creation_lat": 51.5074,
    "creation_lon": -0.1278,
    "_source": {
     "source": "Wikipedia: List of paintings by J. M. W. Turner",
     "coord": "MediaWiki coordinates API"
    },
    "museum_id": "tate-britain",
    "qid": "Q28542080",
    "wikidata": "https://www.wikidata.org/wiki/Q28542080",
    "_overrides": {
     "qid": {
      "at": "2026-08-24",
      "source": "Wikidata reconciliation",
      "note": "matched to Q28542080 by normalised title + year (±8), same creator (merge_wd_extras)"
     }
    }
   }
  },
  {
   "type": "Feature",
   "geometry": {
    "type": "Point",
    "coordinates": [
     -0.12722,
     51.49083
    ]
   },
   "properties": {
    "painter": "J.M.W. Turner",
    "title": "Claudian Composition, possibly Arcueil at Dawn (formerly titled 'Ariccia (?): Sunset')",
    "year": "1827-28",
    "city": "London",
    "country": "United Kingdom",
    "location": "Tate Britain",
    "attribution": "generally accepted",
    "dimensions": "60.6 × 79.4 cm",
    "image": "https://upload.wikimedia.org/wikipedia/commons/thumb/9/95/Joseph_Mallord_William_Turner_%281775-1851%29_-_Claudian_Composition%2C_possibly_Arcueil_at_Dawn_%28formerly_titled_%27Ariccia_%28%5E%29%2C_Sunset%27%29_-_N02990_-_National_Gallery.jpg/500px-thumbnail.jpg?utm_source=en.wikipedia.org&amp;utm_campaign=parser&amp;utm_content=thumbnail",
    "notable": true,
    "creation_place": "London",
    "creation_lat": 51.5074,
    "creation_lon": -0.1278,
    "_source": {
     "source": "Wikipedia: List of paintings by J. M. W. Turner",
     "coord": "MediaWiki coordinates API"
    },
    "museum_id": "tate-britain",
    "qid": "Q28541350",
    "wikidata": "https://www.wikidata.org/wiki/Q28541350",
    "_overrides": {
     "qid": {
      "at": "2026-08-24",
      "source": "Wikidata reconciliation",
      "note": "matched to Q28541350 by normalised title + year (±8), same creator (merge_wd_extras)"
     }
    },
    "_merged": [
     {
      "source": "Wikidata",
      "title": "Claudian Composition, possibly Arcueil at Dawn (formerly titled ‘Ariccia (?): Sunset’)",
      "qid": "Q28541350",
      "url": "https://www.wikidata.org/wiki/Q28541350"
     }
    ]
   }
  },
  {
   "type": "Feature",
   "geometry": {
    "type": "Point",
    "coordinates": [
     -0.12722,
     51.49083
    ]
   },
   "properties": {
    "painter": "J.M.W. Turner",
    "title": "Sketch for 'Ulysses Deriding Polyphemus'",
    "year": "1827-28",
    "city": "London",
    "country": "United Kingdom",
    "location": "Tate Britain",
    "attribution": "generally accepted",
    "dimensions": "60 × 89.2 cm",
    "image": "https://upload.wikimedia.org/wikipedia/commons/thumb/4/40/%28Barcelona%29_Sketch_for_%27Ulysses_Deriding_Polyphemus%27_-_C1827-8_-_William_Turner_-_Tate_Britain.jpg/500px-%28Barcelona%29_Sketch_for_%27Ulysses_Deriding_Polyphemus%27_-_C1827-8_-_William_Turner_-_Tate_Britain.jpg?utm_source=en.wikipedia.org&amp;utm_campaign=parser&amp;utm_content=thumbnail",
    "notable": true,
    "creation_place": "London",
    "creation_lat": 51.5074,
    "creation_lon": -0.1278,
    "_source": {
     "source": "Wikipedia: List of paintings by J. M. W. Turner",
     "coord": "MediaWiki coordinates API"
    },
    "museum_id": "tate-britain",
    "qid": "Q28541396",
    "wikidata": "https://www.wikidata.org/wiki/Q28541396",
    "_overrides": {
     "qid": {
      "at": "2026-08-24",
      "source": "Wikidata reconciliation",
      "note": "matched to Q28541396 by normalised title + year (±8), same creator (merge_wd_extras)"
     }
    },
    "_merged": [
     {
      "source": "Wikidata",
      "title": "Sketch for ‘Ulysses Deriding Polyphemus’",
      "qid": "Q28541396",
      "url": "https://www.wikidata.org/wiki/Q28541396"
     }
    ]
   }
  },
  {
   "type": "Feature",
   "geometry": {
    "type": "Point",
    "coordinates": [
     -0.17194,
     51.49667
    ]
   },
   "properties": {
    "painter": "J.M.W. Turner",
    "title": "East Cowes Castle",
    "year": "1827-28",
    "city": "London",
    "country": "United Kingdom",
    "location": "Victoria and Albert Museum",
    "attribution": "generally accepted",
    "dimensions": "91.4 × 123.2 cm",
    "image": "https://upload.wikimedia.org/wikipedia/commons/thumb/0/04/0Turner%2C_Joseph_Mallord_William_-_East_Cowes_Castle.jpg/500px-0Turner%2C_Joseph_Mallord_William_-_East_Cowes_Castle.jpg?utm_source=en.wikipedia.org&amp;utm_campaign=parser&amp;utm_content=thumbnail",
    "notable": true,
    "wikipedia_en": "https://en.wikipedia.org/wiki/East_Cowes_Castle_(painting)",
    "creation_place": "London",
    "creation_lat": 51.5074,
    "creation_lon": -0.1278,
    "_source": {
     "source": "Wikipedia: List of paintings by J. M. W. Turner",
     "coord": "MediaWiki coordinates API"
    },
    "museum_id": "victoria-and-albert-museum",
    "qid": "Q111671363",
    "wikidata": "https://www.wikidata.org/wiki/Q111671363",
    "_merged": [
     {
      "source": "Wikidata",
      "title": "East Cowes Castle, the Seat of John Nash, Esq.; the Regatta Starting for their Moorings.",
      "qid": "Q111671363",
      "url": "https://www.wikidata.org/wiki/Q111671363"
     }
    ]
   }
  },
  {
   "type": "Feature",
   "geometry": {
    "type": "Point",
    "coordinates": [
     -86.1855,
     39.8259
    ]
   },
   "properties": {
    "painter": "J.M.W. Turner",
    "title": "East Cowes Castle, the Regatta Beating to Windward",
    "year": "1828",
    "city": "Indianapolis",
    "location": "Indianapolis Museum of Art",
    "attribution": "generally accepted",
    "dimensions": "90.2 × 120.7 cm",
    "image": "https://upload.wikimedia.org/wikipedia/en/thumb/2/24/East_Cowes_Castle%2C_the_Regatta_Beating_to_Windward.png/500px-East_Cowes_Castle%2C_the_Regatta_Beating_to_Windward.png?utm_source=en.wikipedia.org&amp;utm_campaign=parser&amp;utm_content=thumbnail",
    "notable": true,
    "creation_place": "London",
    "creation_lat": 51.5074,
    "creation_lon": -0.1278,
    "_source": {
     "source": "Wikipedia: List of paintings by J. M. W. Turner",
     "coord": "MediaWiki coordinates API"
    },
    "museum_id": "indianapolis-museum-of-art"
   }
  },
  {
   "type": "Feature",
   "geometry": {
    "type": "Point",
    "coordinates": [
     -0.12722,
     51.49083
    ]
   },
   "properties": {
    "painter": "J.M.W. Turner",
    "title": "The Chain Pier, Brighton",
    "year": "1828",
    "city": "London",
    "country": "United Kingdom",
    "location": "Tate Britain",
    "attribution": "generally accepted",
    "dimensions": "71.1 × 136.5 cm",
    "image": "https://upload.wikimedia.org/wikipedia/commons/thumb/1/19/Joseph_Mallord_William_Turner_%281775-1851%29_-_The_Chain_Pier%2C_Brighton_-_N02064_-_National_Gallery.jpg/500px-Joseph_Mallord_William_Turner_%281775-1851%29_-_The_Chain_Pier%2C_Brighton_-_N02064_-_National_Gallery.jpg?utm_source=en.wikipedia.org&amp;utm_campaign=parser&amp;utm_content=thumbnail",
    "notable": true,
    "wikipedia_en": "https://en.wikipedia.org/wiki/The_Chain_Pier,_Brighton_(Turner)",
    "creation_place": "London",
    "creation_lat": 51.5074,
    "creation_lon": -0.1278,
    "_source": {
     "source": "Wikipedia: List of paintings by J. M. W. Turner",
     "coord": "MediaWiki coordinates API"
    },
    "museum_id": "tate-britain",
    "qid": "Q132891305",
    "wikidata": "https://www.wikidata.org/wiki/Q132891305",
    "_merged": [
     {
      "source": "Wikidata",
      "title": "The Chain Pier, Brighton",
      "qid": "Q28542093",
      "url": "https://www.wikidata.org/wiki/Q28542093"
     }
    ]
   }
  },
  {
   "type": "Feature",
   "geometry": {
    "type": "Point",
    "coordinates": [
     -0.12722,
     51.49083
    ]
   },
   "properties": {
    "painter": "J.M.W. Turner",
    "title": "Petworth Park: Tillington Church in the Distance",
    "year": "1828",
    "city": "London",
    "country": "United Kingdom",
    "location": "Tate Britain",
    "attribution": "generally accepted",
    "dimensions": "60 × 145.7 cm",
    "image": "https://upload.wikimedia.org/wikipedia/commons/thumb/a/ac/Joseph_Mallord_William_Turner_%281775-1851%29_-_Petworth_Park%2C_Tillington_Church_in_the_Distance_-_N00559_-_National_Gallery.jpg/500px-Joseph_Mallord_William_Turner_%281775-1851%29_-_Petworth_Park%2C_Tillington_Church_in_the_Distance_-_N00559_-_National_Gallery.jpg?utm_source=en.wikipedia.org&amp;utm_campaign=parser&amp;utm_content=thumbnail",
    "notable": true,
    "creation_place": "London",
    "creation_lat": 51.5074,
    "creation_lon": -0.1278,
    "_source": {
     "source": "Wikipedia: List of paintings by J. M. W. Turner",
     "coord": "MediaWiki coordinates API"
    },
    "museum_id": "tate-britain",
    "qid": "Q28538672",
    "wikidata": "https://www.wikidata.org/wiki/Q28538672",
    "_overrides": {
     "qid": {
      "at": "2026-08-24",
      "source": "Wikidata reconciliation",
      "note": "matched to Q28538672 by normalised title + year (±8), same creator (merge_wd_extras)"
     }
    }
   }
  },
  {
   "type": "Feature",
   "geometry": {
    "type": "Point",
    "coordinates": [
     -0.12722,
     51.49083
    ]
   },
   "properties": {
    "painter": "J.M.W. Turner",
    "title": "Chichester Canal",
    "year": "1828",
    "city": "London",
    "country": "United Kingdom",
    "location": "Tate Britain",
    "attribution": "generally accepted",
    "dimensions": "65.4 × 134.6 cm",
    "image": "https://upload.wikimedia.org/wikipedia/commons/thumb/f/f8/Chichester_Canal_%281828%29.jpg/500px-Chichester_Canal_%281828%29.jpg?utm_source=en.wikipedia.org&amp;utm_campaign=parser&amp;utm_content=thumbnail",
    "notable": true,
    "wikipedia_en": "https://en.wikipedia.org/wiki/Chichester_Canal_(painting)",
    "creation_place": "London",
    "creation_lat": 51.5074,
    "creation_lon": -0.1278,
    "_source": {
     "source": "Wikipedia: List of paintings by J. M. W. Turner",
     "coord": "MediaWiki coordinates API"
    },
    "museum_id": "tate-britain",
    "qid": "Q15149679",
    "wikidata": "https://www.wikidata.org/wiki/Q15149679"
   }
  },
  {
   "type": "Feature",
   "geometry": {
    "type": "Point",
    "coordinates": [
     -0.12722,
     51.49083
    ]
   },
   "properties": {
    "painter": "J.M.W. Turner",
    "title": "The Rest on the Flight into Egypt",
    "year": "1828",
    "city": "London",
    "country": "United Kingdom",
    "location": "Tate Britain",
    "attribution": "generally accepted",
    "dimensions": "150.5 × 111.8 cm",
    "image": "https://upload.wikimedia.org/wikipedia/commons/thumb/7/7b/Joseph_Mallord_William_Turner_%281775-1851%29_-_The_Rest_on_the_Flight_into_Egypt_-_N05497_-_National_Gallery.jpg/500px-Joseph_Mallord_William_Turner_%281775-1851%29_-_The_Rest_on_the_Flight_into_Egypt_-_N05497_-_National_Gallery.jpg?utm_source=en.wikipedia.org&amp;utm_campaign=parser&amp;utm_content=thumbnail",
    "notable": true,
    "creation_place": "London",
    "creation_lat": 51.5074,
    "creation_lon": -0.1278,
    "_source": {
     "source": "Wikipedia: List of paintings by J. M. W. Turner",
     "coord": "MediaWiki coordinates API"
    },
    "museum_id": "tate-britain",
    "qid": "Q28533509",
    "wikidata": "https://www.wikidata.org/wiki/Q28533509",
    "_overrides": {
     "qid": {
      "at": "2026-08-24",
      "source": "Wikidata reconciliation",
      "note": "matched to Q28533509 by normalised title + year (±8), same creator (merge_wd_extras)"
     }
    }
   }
  },
  {
   "type": "Feature",
   "geometry": {
    "type": "Point",
    "coordinates": [
     -0.12722,
     51.49083
    ]
   },
   "properties": {
    "painter": "J.M.W. Turner",
    "title": "The Procuress; (?) Judith with the Head of Holofernes",
    "year": "1828",
    "city": "London",
    "country": "United Kingdom",
    "location": "Tate Britain",
    "attribution": "generally accepted",
    "dimensions": "124.1 × 91.4 cm",
    "image": "https://upload.wikimedia.org/wikipedia/commons/thumb/3/30/Joseph_Mallord_William_Turner_%281775-1851%29_-_The_Procuress%2C_%28%5E%29_Judith_with_the_Head_of_Holofernes_-_N05500_-_National_Gallery.jpg/500px-Joseph_Mallord_William_Turner_%281775-1851%29_-_The_Procuress%2C_%28%5E%29_Judith_with_the_Head_of_Holofernes_-_N05500_-_National_Gallery.jpg?utm_source=en.wikipedia.org&amp;utm_campaign=parser&amp;utm_content=thumbnail",
    "notable": true,
    "creation_place": "London",
    "creation_lat": 51.5074,
    "creation_lon": -0.1278,
    "_source": {
     "source": "Wikipedia: List of paintings by J. M. W. Turner",
     "coord": "MediaWiki coordinates API"
    },
    "museum_id": "tate-britain",
    "qid": "Q28542134",
    "wikidata": "https://www.wikidata.org/wiki/Q28542134",
    "_overrides": {
     "qid": {
      "at": "2026-08-24",
      "source": "Wikidata reconciliation",
      "note": "matched to Q28542134 by normalised title + year (±8), same creator (merge_wd_extras)"
     }
    }
   }
  },
  {
   "type": "Feature",
   "geometry": {
    "type": "Point",
    "coordinates": [
     -0.12722,
     51.49083
    ]
   },
   "properties": {
    "painter": "J.M.W. Turner",
    "title": "Coast Scene near Naples",
    "year": "1828",
    "city": "London",
    "country": "United Kingdom",
    "location": "Tate Britain",
    "attribution": "generally accepted",
    "dimensions": "41 × 59.7 cm",
    "image": "https://upload.wikimedia.org/wikipedia/commons/thumb/a/a0/Joseph_Mallord_William_Turner_%281775-1851%29_-_Coast_Scene_near_Naples_-_N05527_-_National_Gallery.jpg/500px-Joseph_Mallord_William_Turner_%281775-1851%29_-_Coast_Scene_near_Naples_-_N05527_-_National_Gallery.jpg?utm_source=en.wikipedia.org&amp;utm_campaign=parser&amp;utm_content=thumbnail",
    "notable": true,
    "creation_place": "London",
    "creation_lat": 51.5074,
    "creation_lon": -0.1278,
    "_source": {
     "source": "Wikipedia: List of paintings by J. M. W. Turner",
     "coord": "MediaWiki coordinates API"
    },
    "museum_id": "tate-britain",
    "qid": "Q28542115",
    "wikidata": "https://www.wikidata.org/wiki/Q28542115",
    "_overrides": {
     "qid": {
      "at": "2026-08-24",
      "source": "Wikidata reconciliation",
      "note": "matched to Q28542115 by normalised title + year (±8), same creator (merge_wd_extras)"
     }
    }
   }
  },
  {
   "type": "Feature",
   "geometry": {
    "type": "Point",
    "coordinates": [
     -0.12722,
     51.49083
    ]
   },
   "properties": {
    "painter": "J.M.W. Turner",
    "title": "Hilly Landscape with Tower",
    "year": "1828",
    "city": "London",
    "country": "United Kingdom",
    "location": "Tate Britain",
    "attribution": "generally accepted",
    "dimensions": "42.2 × 52.4 cm",
    "image": "https://upload.wikimedia.org/wikipedia/commons/thumb/9/95/Joseph_Mallord_William_Turner_%281775-1851%29_-_Hilly_Landscape_with_Tower_-_N05532_-_National_Gallery.jpg/500px-Joseph_Mallord_William_Turner_%281775-1851%29_-_Hilly_Landscape_with_Tower_-_N05532_-_National_Gallery.jpg?utm_source=en.wikipedia.org&amp;utm_campaign=parser&amp;utm_content=thumbnail",
    "notable": true,
    "creation_place": "London",
    "creation_lat": 51.5074,
    "creation_lon": -0.1278,
    "_source": {
     "source": "Wikipedia: List of paintings by J. M. W. Turner",
     "coord": "MediaWiki coordinates API"
    },
    "museum_id": "tate-britain",
    "qid": "Q28545125",
    "wikidata": "https://www.wikidata.org/wiki/Q28545125",
    "_overrides": {
     "qid": {
      "at": "2026-08-24",
      "source": "Wikidata reconciliation",
      "note": "matched to Q28545125 by normalised title + year (±8), same creator (merge_wd_extras)"
     }
    }
   }
  },
  {
   "type": "Feature",
   "geometry": {
    "type": "Point",
    "coordinates": [
     -0.12722,
     51.49083
    ]
   },
   "properties": {
    "painter": "J.M.W. Turner",
    "title": "Reclining Venus",
    "year": "1828",
    "city": "London",
    "country": "United Kingdom",
    "location": "Tate Britain",
    "attribution": "generally accepted",
    "dimensions": "75.3 × 248.9 cm",
    "image": "https://upload.wikimedia.org/wikipedia/commons/thumb/d/d1/Joseph_Mallord_William_Turner_%281775-1851%29_-_Reclining_Venus_-_N05498_-_National_Gallery.jpg/500px-Joseph_Mallord_William_Turner_%281775-1851%29_-_Reclining_Venus_-_N05498_-_National_Gallery.jpg?utm_source=en.wikipedia.org&amp;utm_campaign=parser&amp;utm_content=thumbnail",
    "notable": true,
    "creation_place": "London",
    "creation_lat": 51.5074,
    "creation_lon": -0.1278,
    "_source": {
     "source": "Wikipedia: List of paintings by J. M. W. Turner",
     "coord": "MediaWiki coordinates API"
    },
    "museum_id": "tate-britain",
    "qid": "Q28533541",
    "wikidata": "https://www.wikidata.org/wiki/Q28533541",
    "_overrides": {
     "qid": {
      "at": "2026-08-24",
      "source": "Wikidata reconciliation",
      "note": "matched to Q28533541 by normalised title + year (±8), same creator (merge_wd_extras)"
     }
    }
   }
  },
  {
   "type": "Feature",
   "geometry": {
    "type": "Point",
    "coordinates": [
     -0.12722,
     51.49083
    ]
   },
   "properties": {
    "painter": "J.M.W. Turner",
    "title": "Seacoast with Ruin, probably the Bay of Baiae",
    "year": "1828",
    "city": "London",
    "country": "United Kingdom",
    "location": "Tate Britain",
    "attribution": "generally accepted",
    "dimensions": "41.3 × 60.3 cm",
    "image": "https://upload.wikimedia.org/wikipedia/commons/thumb/c/c8/Joseph_Mallord_William_Turner_%281775-1851%29_-_Seacoast_with_Ruin%2C_probably_the_Bay_of_Baiae_-_N05530_-_National_Gallery.jpg/500px-Joseph_Mallord_William_Turner_%281775-1851%29_-_Seacoast_with_Ruin%2C_probably_the_Bay_of_Baiae_-_N05530_-_National_Gallery.jpg?utm_source=en.wikipedia.org&amp;utm_campaign=parser&amp;utm_content=thumbnail",
    "notable": true,
    "creation_place": "London",
    "creation_lat": 51.5074,
    "creation_lon": -0.1278,
    "_source": {
     "source": "Wikipedia: List of paintings by J. M. W. Turner",
     "coord": "MediaWiki coordinates API"
    },
    "museum_id": "tate-britain",
    "qid": "Q28542153",
    "wikidata": "https://www.wikidata.org/wiki/Q28542153",
    "_overrides": {
     "qid": {
      "at": "2026-08-24",
      "source": "Wikidata reconciliation",
      "note": "matched to Q28542153 by normalised title + year (±8), same creator (merge_wd_extras)"
     }
    }
   }
  },
  {
   "type": "Feature",
   "geometry": {
    "type": "Point",
    "coordinates": [
     -0.12722,
     51.49083
    ]
   },
   "properties": {
    "painter": "J.M.W. Turner",
    "title": "Regulus",
    "year": "1828",
    "city": "London",
    "country": "United Kingdom",
    "location": "Tate Britain",
    "attribution": "generally accepted",
    "dimensions": "89.5 × 123.8 cm",
    "image": "https://upload.wikimedia.org/wikipedia/commons/thumb/8/84/Turner_-_Regulus%2C_1828%2C_reworked_1837%2C_N00519.jpg/500px-Turner_-_Regulus%2C_1828%2C_reworked_1837%2C_N00519.jpg?utm_source=en.wikipedia.org&amp;utm_campaign=parser&amp;utm_content=thumbnail",
    "notable": true,
    "wikipedia_en": "https://en.wikipedia.org/wiki/Regulus_(painting)",
    "creation_place": "London",
    "creation_lat": 51.5074,
    "creation_lon": -0.1278,
    "_source": {
     "source": "Wikipedia: List of paintings by J. M. W. Turner",
     "coord": "MediaWiki coordinates API"
    },
    "museum_id": "tate-britain",
    "qid": "Q28538656",
    "wikidata": "https://www.wikidata.org/wiki/Q28538656"
   }
  },
  {
   "type": "Feature",
   "geometry": {
    "type": "Point",
    "coordinates": [
     -0.12722,
     51.49083
    ]
   },
   "properties": {
    "painter": "J.M.W. Turner",
    "title": "Palestrina - Composition",
    "year": "1828",
    "city": "London",
    "country": "United Kingdom",
    "location": "Tate Britain",
    "attribution": "generally accepted",
    "dimensions": "140.3 × 248.9 cm",
    "image": "https://upload.wikimedia.org/wikipedia/commons/thumb/f/fc/Joseph_Mallord_William_Turner_067.jpg/500px-Joseph_Mallord_William_Turner_067.jpg?utm_source=en.wikipedia.org&amp;utm_campaign=parser&amp;utm_content=thumbnail",
    "notable": true,
    "wikipedia_en": "https://en.wikipedia.org/wiki/Palestrina_-_Composition",
    "creation_place": "London",
    "creation_lat": 51.5074,
    "creation_lon": -0.1278,
    "_source": {
     "source": "Wikipedia: List of paintings by J. M. W. Turner",
     "coord": "MediaWiki coordinates API"
    },
    "museum_id": "tate-britain",
    "qid": "Q28537201",
    "wikidata": "https://www.wikidata.org/wiki/Q28537201"
   }
  },
  {
   "type": "Feature",
   "geometry": {
    "type": "Point",
    "coordinates": [
     -0.12722,
     51.49083
    ]
   },
   "properties": {
    "painter": "J.M.W. Turner",
    "title": "Boccaccio Relating the Tale of the Bird-Cage",
    "year": "1828",
    "city": "London",
    "country": "United Kingdom",
    "location": "Tate Britain",
    "attribution": "generally accepted",
    "dimensions": "121.9 × 89.9 cm",
    "image": "https://upload.wikimedia.org/wikipedia/commons/thumb/d/d6/Joseph_Mallord_William_Turner_%281775-1851%29_-_Boccaccio_Relating_the_Tale_of_the_Bird-Cage_-_N00507_-_National_Gallery.jpg/500px-Joseph_Mallord_William_Turner_%281775-1851%29_-_Boccaccio_Relating_the_Tale_of_the_Bird-Cage_-_N00507_-_National_Gallery.jpg?utm_source=en.wikipedia.org&amp;utm_campaign=parser&amp;utm_content=thumbnail",
    "notable": true,
    "creation_place": "London",
    "creation_lat": 51.5074,
    "creation_lon": -0.1278,
    "_source": {
     "source": "Wikipedia: List of paintings by J. M. W. Turner",
     "coord": "MediaWiki coordinates API"
    },
    "museum_id": "tate-britain",
    "qid": "Q28538557",
    "wikidata": "https://www.wikidata.org/wiki/Q28538557",
    "_overrides": {
     "qid": {
      "at": "2026-08-24",
      "source": "Wikidata reconciliation",
      "note": "matched to Q28538557 by normalised title + year (±8), same creator (merge_wd_extras)"
     }
    }
   }
  },
  {
   "type": "Feature",
   "geometry": {
    "type": "Point",
    "coordinates": [
     -0.12722,
     51.49083
    ]
   },
   "properties": {
    "painter": "J.M.W. Turner",
    "title": "Hill Town on the Edge of the Campagna",
    "year": "1828",
    "city": "London",
    "country": "United Kingdom",
    "location": "Tate Britain",
    "attribution": "generally accepted",
    "dimensions": "41 × 59.4 cm",
    "image": "https://upload.wikimedia.org/wikipedia/commons/thumb/2/2b/Joseph_Mallord_William_Turner_%281775-1851%29_-_Hill_Town_on_the_Edge_of_the_Campagna_-_N05526_-_National_Gallery.jpg/500px-Joseph_Mallord_William_Turner_%281775-1851%29_-_Hill_Town_on_the_Edge_of_the_Campagna_-_N05526_-_National_Gallery.jpg?utm_source=en.wikipedia.org&amp;utm_campaign=parser&amp;utm_content=thumbnail",
    "notable": true,
    "creation_place": "London",
    "creation_lat": 51.5074,
    "creation_lon": -0.1278,
    "_source": {
     "source": "Wikipedia: List of paintings by J. M. W. Turner",
     "coord": "MediaWiki coordinates API"
    },
    "museum_id": "tate-britain",
    "qid": "Q28542169",
    "wikidata": "https://www.wikidata.org/wiki/Q28542169",
    "_overrides": {
     "qid": {
      "at": "2026-08-24",
      "source": "Wikidata reconciliation",
      "note": "matched to Q28542169 by normalised title + year (±8), same creator (merge_wd_extras)"
     }
    }
   }
  },
  {
   "type": "Feature",
   "geometry": {
    "type": "Point",
    "coordinates": [
     -0.12722,
     51.49083
    ]
   },
   "properties": {
    "painter": "J.M.W. Turner",
    "title": "A Seashore",
    "year": "1828",
    "city": "London",
    "country": "United Kingdom",
    "location": "Tate Britain",
    "attribution": "generally accepted",
    "dimensions": "41.6 × 52.1 cm",
    "image": "https://upload.wikimedia.org/wikipedia/commons/thumb/d/d9/Joseph_Mallord_William_Turner_%281775-1851%29_-_A_Seashore_-_N05524_-_National_Gallery.jpg/500px-Joseph_Mallord_William_Turner_%281775-1851%29_-_A_Seashore_-_N05524_-_National_Gallery.jpg?utm_source=en.wikipedia.org&amp;utm_campaign=parser&amp;utm_content=thumbnail",
    "notable": true,
    "creation_place": "London",
    "creation_lat": 51.5074,
    "creation_lon": -0.1278,
    "_source": {
     "source": "Wikipedia: List of paintings by J. M. W. Turner",
     "coord": "MediaWiki coordinates API"
    },
    "museum_id": "tate-britain",
    "qid": "Q28542124",
    "wikidata": "https://www.wikidata.org/wiki/Q28542124",
    "_overrides": {
     "qid": {
      "at": "2026-08-24",
      "source": "Wikidata reconciliation",
      "note": "matched to Q28542124 by normalised title + year (±8), same creator (merge_wd_extras)"
     }
    }
   }
  },
  {
   "type": "Feature",
   "geometry": {
    "type": "Point",
    "coordinates": [
     -0.12722,
     51.49083
    ]
   },
   "properties": {
    "painter": "J.M.W. Turner",
    "title": "Seascape with Burning Hulk",
    "year": "1828",
    "city": "London",
    "country": "United Kingdom",
    "location": "Tate Britain",
    "attribution": "generally accepted",
    "dimensions": "24.1 × 41.6 cm",
    "image": "https://upload.wikimedia.org/wikipedia/commons/thumb/6/6e/Joseph_Mallord_William_Turner_%281775-1851%29_-_Seascape_with_Burning_Hulk_-_N05535_-_National_Gallery.jpg/500px-Joseph_Mallord_William_Turner_%281775-1851%29_-_Seascape_with_Burning_Hulk_-_N05535_-_National_Gallery.jpg?utm_source=en.wikipedia.org&amp;utm_campaign=parser&amp;utm_content=thumbnail",
    "notable": true,
    "creation_place": "London",
    "creation_lat": 51.5074,
    "creation_lon": -0.1278,
    "_source": {
     "source": "Wikipedia: List of paintings by J. M. W. Turner",
     "coord": "MediaWiki coordinates API"
    },
    "museum_id": "tate-britain",
    "qid": "Q28545154",
    "wikidata": "https://www.wikidata.org/wiki/Q28545154",
    "_overrides": {
     "qid": {
      "at": "2026-08-24",
      "source": "Wikidata reconciliation",
      "note": "matched to Q28545154 by normalised title + year (±8), same creator (merge_wd_extras)"
     }
    }
   }
  },
  {
   "type": "Feature",
   "geometry": {
    "type": "Point",
    "coordinates": [
     -0.12722,
     51.49083
    ]
   },
   "properties": {
    "painter": "J.M.W. Turner",
    "title": "Vision of Medea",
    "year": "1828",
    "city": "London",
    "country": "United Kingdom",
    "location": "Tate Britain",
    "attribution": "generally accepted",
    "dimensions": "173.7 × 248.9 cm",
    "image": "https://upload.wikimedia.org/wikipedia/commons/thumb/c/cd/Joseph_Mallord_William_Turner_-_Vision_of_Medea%2C_1828.jpg/500px-Joseph_Mallord_William_Turner_-_Vision_of_Medea%2C_1828.jpg?utm_source=en.wikipedia.org&amp;utm_campaign=parser&amp;utm_content=thumbnail",
    "notable": true,
    "wikipedia_en": "https://en.wikipedia.org/wiki/Vision_of_Medea",
    "creation_place": "London",
    "creation_lat": 51.5074,
    "creation_lon": -0.1278,
    "_source": {
     "source": "Wikipedia: List of paintings by J. M. W. Turner",
     "coord": "MediaWiki coordinates API"
    },
    "museum_id": "tate-britain",
    "qid": "Q28538500",
    "wikidata": "https://www.wikidata.org/wiki/Q28538500"
   }
  },
  {
   "type": "Feature",
   "geometry": {
    "type": "Point",
    "coordinates": [
     -0.12722,
     51.49083
    ]
   },
   "properties": {
    "painter": "J.M.W. Turner",
    "title": "Seascape",
    "year": "1828",
    "city": "London",
    "country": "United Kingdom",
    "location": "Tate Britain",
    "attribution": "generally accepted",
    "dimensions": "41.9 × 52.1 cm",
    "image": "https://upload.wikimedia.org/wikipedia/commons/thumb/8/85/Joseph_Mallord_William_Turner_%281775-1851%29_-_Seascape_-_N05481_-_National_Gallery.jpg/500px-Joseph_Mallord_William_Turner_%281775-1851%29_-_Seascape_-_N05481_-_National_Gallery.jpg?utm_source=en.wikipedia.org&amp;utm_campaign=parser&amp;utm_content=thumbnail",
    "notable": true,
    "creation_place": "London",
    "creation_lat": 51.5074,
    "creation_lon": -0.1278,
    "_source": {
     "source": "Wikipedia: List of paintings by J. M. W. Turner",
     "coord": "MediaWiki coordinates API"
    },
    "museum_id": "tate-britain",
    "qid": "Q28533469",
    "wikidata": "https://www.wikidata.org/wiki/Q28533469",
    "_overrides": {
     "qid": {
      "at": "2026-08-24",
      "source": "Wikidata reconciliation",
      "note": "matched to Q28533469 by normalised title + year (±8), same creator (merge_wd_extras)"
     }
    }
   }
  },
  {
   "type": "Feature",
   "geometry": {
    "type": "Point",
    "coordinates": [
     -0.12722,
     51.49083
    ]
   },
   "properties": {
    "painter": "J.M.W. Turner",
    "title": "Landscape with a Tree on the Right",
    "year": "1828",
    "city": "London",
    "country": "United Kingdom",
    "location": "Tate Britain",
    "attribution": "generally accepted",
    "dimensions": "27.9 × 41.6 cm",
    "image": "https://upload.wikimedia.org/wikipedia/commons/thumb/f/f4/Joseph_Mallord_William_Turner_%281775-1851%29_-_Landscape_with_a_Tree_on_the_Right_-_N05545_-_National_Gallery.jpg/500px-Joseph_Mallord_William_Turner_%281775-1851%29_-_Landscape_with_a_Tree_on_the_Right_-_N05545_-_National_Gallery.jpg?utm_source=en.wikipedia.org&amp;utm_campaign=parser&amp;utm_content=thumbnail",
    "notable": true,
    "creation_place": "London",
    "creation_lat": 51.5074,
    "creation_lon": -0.1278,
    "_source": {
     "source": "Wikipedia: List of paintings by J. M. W. Turner",
     "coord": "MediaWiki coordinates API"
    },
    "museum_id": "tate-britain",
    "qid": "Q28545115",
    "wikidata": "https://www.wikidata.org/wiki/Q28545115",
    "_overrides": {
     "qid": {
      "at": "2026-08-24",
      "source": "Wikidata reconciliation",
      "note": "matched to Q28545115 by normalised title + year (±8), same creator (merge_wd_extras)"
     }
    }
   }
  },
  {
   "type": "Feature",
   "geometry": {
    "type": "Point",
    "coordinates": [
     -0.12722,
     51.49083
    ]
   },
   "properties": {
    "painter": "J.M.W. Turner",
    "title": "Outline of a Venus Pudica",
    "year": "1828",
    "city": "London",
    "country": "United Kingdom",
    "location": "Tate Britain",
    "attribution": "generally accepted",
    "dimensions": "135.6 × 98.1 cm",
    "image": "https://upload.wikimedia.org/wikipedia/commons/thumb/4/40/Joseph_Mallord_William_Turner_%281775-1851%29_-_Outline_of_a_Venus_Pudica_-_N05509_-_National_Gallery.jpg/500px-Joseph_Mallord_William_Turner_%281775-1851%29_-_Outline_of_a_Venus_Pudica_-_N05509_-_National_Gallery.jpg?utm_source=en.wikipedia.org&amp;utm_campaign=parser&amp;utm_content=thumbnail",
    "notable": true,
    "creation_place": "London",
    "creation_lat": 51.5074,
    "creation_lon": -0.1278,
    "_source": {
     "source": "Wikipedia: List of paintings by J. M. W. Turner",
     "coord": "MediaWiki coordinates API"
    },
    "museum_id": "tate-britain",
    "qid": "Q28542162",
    "wikidata": "https://www.wikidata.org/wiki/Q28542162",
    "_overrides": {
     "qid": {
      "at": "2026-08-24",
      "source": "Wikidata reconciliation",
      "note": "matched to Q28542162 by normalised title + year (±8), same creator (merge_wd_extras)"
     }
    }
   }
  },
  {
   "type": "Feature",
   "geometry": {
    "type": "Point",
    "coordinates": [
     -0.12722,
     51.49083
    ]
   },
   "properties": {
    "painter": "J.M.W. Turner",
    "title": "Italian Landscape, probably Civita di Bagnoregio",
    "year": "1828",
    "city": "London",
    "country": "United Kingdom",
    "location": "Tate Britain",
    "attribution": "generally accepted",
    "dimensions": "149.9 × 249.6 cm",
    "image": "https://upload.wikimedia.org/wikipedia/commons/thumb/1/11/Joseph_Mallord_William_Turner_%281775-1851%29_-_Italian_Landscape%2C_probably_Civita_di_Bagnoregio_-_N05473_-_National_Gallery.jpg/500px-Joseph_Mallord_William_Turner_%281775-1851%29_-_Italian_Landscape%2C_probably_Civita_di_Bagnoregio_-_N05473_-_National_Gallery.jpg?utm_source=en.wikipedia.org&amp;utm_campaign=parser&amp;utm_content=thumbnail",
    "notable": true,
    "creation_place": "London",
    "creation_lat": 51.5074,
    "creation_lon": -0.1278,
    "_source": {
     "source": "Wikipedia: List of paintings by J. M. W. Turner",
     "coord": "MediaWiki coordinates API"
    },
    "museum_id": "tate-britain",
    "qid": "Q28533448",
    "wikidata": "https://www.wikidata.org/wiki/Q28533448",
    "_overrides": {
     "qid": {
      "at": "2026-08-24",
      "source": "Wikidata reconciliation",
      "note": "matched to Q28533448 by normalised title + year (±8), same creator (merge_wd_extras)"
     }
    }
   }
  },
  {
   "type": "Feature",
   "geometry": {
    "type": "Point",
    "coordinates": [
     -0.12722,
     51.49083
    ]
   },
   "properties": {
    "painter": "J.M.W. Turner",
    "title": "Landscape with Trees and a Castle",
    "year": "1828",
    "city": "London",
    "country": "United Kingdom",
    "location": "Tate Britain",
    "attribution": "generally accepted",
    "dimensions": "41.6 × 60 cm",
    "image": "https://upload.wikimedia.org/wikipedia/commons/thumb/5/57/Joseph_Mallord_William_Turner_%281775-1851%29_-_Landscape_with_Trees_and_a_Castle_-_N05528_-_National_Gallery.jpg/500px-Joseph_Mallord_William_Turner_%281775-1851%29_-_Landscape_with_Trees_and_a_Castle_-_N05528_-_National_Gallery.jpg?utm_source=en.wikipedia.org&amp;utm_campaign=parser&amp;utm_content=thumbnail",
    "notable": true,
    "creation_place": "London",
    "creation_lat": 51.5074,
    "creation_lon": -0.1278,
    "_source": {
     "source": "Wikipedia: List of paintings by J. M. W. Turner",
     "coord": "MediaWiki coordinates API"
    },
    "museum_id": "tate-britain",
    "qid": "Q28542176",
    "wikidata": "https://www.wikidata.org/wiki/Q28542176",
    "_overrides": {
     "qid": {
      "at": "2026-08-24",
      "source": "Wikidata reconciliation",
      "note": "matched to Q28542176 by normalised title + year (±8), same creator (merge_wd_extras)"
     }
    }
   }
  },
  {
   "type": "Feature",
   "geometry": {
    "type": "Point",
    "coordinates": [
     -0.12722,
     51.49083
    ]
   },
   "properties": {
    "painter": "J.M.W. Turner",
    "title": "Southern Landscape with an Aqueduct and Waterfall",
    "year": "1828",
    "city": "London",
    "country": "United Kingdom",
    "location": "Tate Britain",
    "attribution": "generally accepted",
    "dimensions": "50.2 × 249.2 cm",
    "image": "https://upload.wikimedia.org/wikipedia/commons/thumb/5/50/Joseph_Mallord_William_Turner_%281775-1851%29_-_Southern_Landscape_with_an_Aqueduct_and_Waterfall_-_N05506_-_National_Gallery.jpg/500px-Joseph_Mallord_William_Turner_%281775-1851%29_-_Southern_Landscape_with_an_Aqueduct_and_Waterfall_-_N05506_-_National_Gallery.jpg?utm_source=en.wikipedia.org&amp;utm_campaign=parser&amp;utm_content=thumbnail",
    "notable": true,
    "creation_place": "London",
    "creation_lat": 51.5074,
    "creation_lon": -0.1278,
    "_source": {
     "source": "Wikipedia: List of paintings by J. M. W. Turner",
     "coord": "MediaWiki coordinates API"
    },
    "museum_id": "tate-britain",
    "qid": "Q28542196",
    "wikidata": "https://www.wikidata.org/wiki/Q28542196",
    "_overrides": {
     "qid": {
      "at": "2026-08-24",
      "source": "Wikidata reconciliation",
      "note": "matched to Q28542196 by normalised title + year (±8), same creator (merge_wd_extras)"
     }
    }
   }
  },
  {
   "type": "Feature",
   "geometry": {
    "type": "Point",
    "coordinates": [
     -0.12722,
     51.49083
    ]
   },
   "properties": {
    "painter": "J.M.W. Turner",
    "title": "Southern Landscape",
    "year": "1828",
    "city": "London",
    "country": "United Kingdom",
    "location": "Tate Britain",
    "attribution": "generally accepted",
    "dimensions": "176.5 × 251.8 cm",
    "image": "https://upload.wikimedia.org/wikipedia/commons/thumb/c/c8/Joseph_Mallord_William_Turner_%281775-1851%29_-_Southern_Landscape_-_N05510_-_National_Gallery.jpg/500px-Joseph_Mallord_William_Turner_%281775-1851%29_-_Southern_Landscape_-_N05510_-_National_Gallery.jpg?utm_source=en.wikipedia.org&amp;utm_campaign=parser&amp;utm_content=thumbnail",
    "notable": true,
    "creation_place": "London",
    "creation_lat": 51.5074,
    "creation_lon": -0.1278,
    "_source": {
     "source": "Wikipedia: List of paintings by J. M. W. Turner",
     "coord": "MediaWiki coordinates API"
    },
    "museum_id": "tate-britain",
    "qid": "Q28542202",
    "wikidata": "https://www.wikidata.org/wiki/Q28542202",
    "_overrides": {
     "qid": {
      "at": "2026-08-24",
      "source": "Wikidata reconciliation",
      "note": "matched to Q28542202 by normalised title + year (±8), same creator (merge_wd_extras)"
     }
    }
   }
  },
  {
   "type": "Feature",
   "geometry": {
    "type": "Point",
    "coordinates": [
     -0.12722,
     51.49083
    ]
   },
   "properties": {
    "painter": "J.M.W. Turner",
    "title": "View of Orvieto",
    "year": "1828",
    "city": "London",
    "country": "United Kingdom",
    "location": "Tate Britain",
    "attribution": "generally accepted",
    "dimensions": "91.4 × 123.2 cm",
    "image": "https://upload.wikimedia.org/wikipedia/commons/thumb/f/f9/Joseph_Mallord_William_Turner_%281775-1851%29_-_View_of_Orvieto%2C_Painted_in_Rome_-_N00511_-_National_Gallery.jpg/500px-Joseph_Mallord_William_Turner_%281775-1851%29_-_View_of_Orvieto%2C_Painted_in_Rome_-_N00511_-_National_Gallery.jpg?utm_source=en.wikipedia.org&amp;utm_campaign=parser&amp;utm_content=thumbnail",
    "notable": true,
    "wikipedia_en": "https://en.wikipedia.org/wiki/View_of_Orvieto",
    "creation_place": "London",
    "creation_lat": 51.5074,
    "creation_lon": -0.1278,
    "_source": {
     "source": "Wikipedia: List of paintings by J. M. W. Turner",
     "coord": "MediaWiki coordinates API"
    },
    "museum_id": "tate-britain",
    "qid": "Q28538517",
    "wikidata": "https://www.wikidata.org/wiki/Q28538517",
    "_merged": [
     {
      "source": "Wikidata",
      "title": "View of Orvieto, Painted in Rome",
      "qid": "Q28538517",
      "url": "https://www.wikidata.org/wiki/Q28538517"
     }
    ]
   }
  },
  {
   "type": "Feature",
   "geometry": {
    "type": "Point",
    "coordinates": [
     -0.12722,
     51.49083
    ]
   },
   "properties": {
    "painter": "J.M.W. Turner",
    "title": "Mountainous Landscape",
    "year": "1828",
    "city": "London",
    "country": "United Kingdom",
    "location": "Tate Britain",
    "attribution": "generally accepted",
    "dimensions": "41.3 × 59.7 cm",
    "image": "https://upload.wikimedia.org/wikipedia/commons/thumb/5/5f/Joseph_Mallord_William_Turner_%281775-1851%29_-_Mountainous_Landscape_-_N05531_-_National_Gallery.jpg/500px-Joseph_Mallord_William_Turner_%281775-1851%29_-_Mountainous_Landscape_-_N05531_-_National_Gallery.jpg?utm_source=en.wikipedia.org&amp;utm_campaign=parser&amp;utm_content=thumbnail",
    "notable": true,
    "creation_place": "London",
    "creation_lat": 51.5074,
    "creation_lon": -0.1278,
    "_source": {
     "source": "Wikipedia: List of paintings by J. M. W. Turner",
     "coord": "MediaWiki coordinates API"
    },
    "museum_id": "tate-britain",
    "qid": "Q28542181",
    "wikidata": "https://www.wikidata.org/wiki/Q28542181",
    "_overrides": {
     "qid": {
      "at": "2026-08-24",
      "source": "Wikidata reconciliation",
      "note": "matched to Q28542181 by normalised title + year (±8), same creator (merge_wd_extras)"
     }
    }
   }
  },
  {
   "type": "Feature",
   "geometry": {
    "type": "Point",
    "coordinates": [
     -0.12722,
     51.49083
    ]
   },
   "properties": {
    "painter": "J.M.W. Turner",
    "title": "Two Recumbent Nude Figures",
    "year": "1828",
    "city": "London",
    "country": "United Kingdom",
    "location": "Tate Britain",
    "attribution": "generally accepted",
    "dimensions": "174.6 × 249.2 cm",
    "image": "https://upload.wikimedia.org/wikipedia/commons/thumb/0/06/Joseph_Mallord_William_Turner_%281775-1851%29_-_Two_Recumbent_Nude_Figures_-_N05517_-_National_Gallery.jpg/500px-Joseph_Mallord_William_Turner_%281775-1851%29_-_Two_Recumbent_Nude_Figures_-_N05517_-_National_Gallery.jpg?utm_source=en.wikipedia.org&amp;utm_campaign=parser&amp;utm_content=thumbnail",
    "notable": true,
    "creation_place": "London",
    "creation_lat": 51.5074,
    "creation_lon": -0.1278,
    "_source": {
     "source": "Wikipedia: List of paintings by J. M. W. Turner",
     "coord": "MediaWiki coordinates API"
    },
    "museum_id": "tate-britain",
    "qid": "Q28545129",
    "wikidata": "https://www.wikidata.org/wiki/Q28545129",
    "_overrides": {
     "qid": {
      "at": "2026-08-24",
      "source": "Wikidata reconciliation",
      "note": "matched to Q28545129 by normalised title + year (±8), same creator (merge_wd_extras)"
     }
    }
   }
  },
  {
   "type": "Feature",
   "geometry": {
    "type": "Point",
    "coordinates": [
     -71.80222,
     42.27306
    ]
   },
   "properties": {
    "painter": "J.M.W. Turner",
    "title": "The Banks of the Loire",
    "year": "1829",
    "city": "Massachusetts",
    "location": "Worcester Art Museum",
    "attribution": "generally accepted",
    "dimensions": "71.3 × 53.3 cm",
    "image": "https://upload.wikimedia.org/wikipedia/commons/thumb/e/e2/Turner_-_The_Banks_of_the_Loire%2C_about_1829%2C_1940.59.jpg/500px-Turner_-_The_Banks_of_the_Loire%2C_about_1829%2C_1940.59.jpg?utm_source=en.wikipedia.org&amp;utm_campaign=parser&amp;utm_content=thumbnail",
    "notable": true,
    "wikipedia_en": "https://en.wikipedia.org/wiki/The_Banks_of_the_Loire",
    "creation_place": "London",
    "creation_lat": 51.5074,
    "creation_lon": -0.1278,
    "_source": {
     "source": "Wikipedia: List of paintings by J. M. W. Turner",
     "coord": "MediaWiki coordinates API"
    },
    "museum_id": "worcester-art-museum",
    "qid": "Q38580588",
    "wikidata": "https://www.wikidata.org/wiki/Q38580588",
    "_merged": [
     {
      "source": "Wikidata",
      "title": "Banks of the Loire",
      "qid": "Q38580588",
      "url": "https://www.wikidata.org/wiki/Q38580588"
     }
    ]
   }
  },
  {
   "type": "Feature",
   "geometry": {
    "type": "Point",
    "coordinates": [
     -0.611,
     50.9881
    ]
   },
   "properties": {
    "painter": "J.M.W. Turner",
    "title": "Chichester Canal",
    "year": "1829",
    "city": "Petworth",
    "location": "Petworth House",
    "attribution": "generally accepted",
    "dimensions": "63.5 × 132 cm",
    "image": "https://upload.wikimedia.org/wikipedia/commons/thumb/5/53/Joseph_Mallord_William_Turner_%281775-1851%29_-_Chichester_Canal_-_T03885_-_Tate.jpg/500px-Joseph_Mallord_William_Turner_%281775-1851%29_-_Chichester_Canal_-_T03885_-_Tate.jpg?utm_source=en.wikipedia.org&amp;utm_campaign=parser&amp;utm_content=thumbnail",
    "notable": true,
    "creation_place": "London",
    "creation_lat": 51.5074,
    "creation_lon": -0.1278,
    "_source": {
     "source": "Wikipedia: List of paintings by J. M. W. Turner",
     "coord": "MediaWiki coordinates API"
    },
    "museum_id": "petworth-house",
    "_merged": [
     {
      "source": "Wikidata",
      "title": "Chichester Canal",
      "qid": "Q52253938",
      "url": "https://www.wikidata.org/wiki/Q52253938"
     }
    ]
   }
  },
  {
   "type": "Feature",
   "geometry": {
    "type": "Point",
    "coordinates": [
     -0.611,
     50.9881
    ]
   },
   "properties": {
    "painter": "J.M.W. Turner",
    "title": "The Lake, Petworth: Sunset, a Stag Drinking",
    "year": "1829",
    "city": "Petworth",
    "location": "Petworth House",
    "attribution": "generally accepted",
    "dimensions": "63.5 × 132 cm",
    "image": "https://upload.wikimedia.org/wikipedia/commons/thumb/6/6b/Joseph_Mallord_William_Turner_%281775-1851%29_-_The_Lake%2C_Petworth%2C_Sunset%2C_a_Stag_Drinking_-_T03884_-_Tate.jpg/500px-Joseph_Mallord_William_Turner_%281775-1851%29_-_The_Lake%2C_Petworth%2C_Sunset%2C_a_Stag_Drinking_-_T03884_-_Tate.jpg?utm_source=en.wikipedia.org&amp;utm_campaign=parser&amp;utm_content=thumbnail",
    "notable": true,
    "creation_place": "London",
    "creation_lat": 51.5074,
    "creation_lon": -0.1278,
    "_source": {
     "source": "Wikipedia: List of paintings by J. M. W. Turner",
     "coord": "MediaWiki coordinates API"
    },
    "museum_id": "petworth-house",
    "qid": "Q28552880",
    "wikidata": "https://www.wikidata.org/wiki/Q28552880",
    "_overrides": {
     "qid": {
      "at": "2026-08-24",
      "source": "Wikidata reconciliation",
      "note": "matched to Q28552880 by normalised title + year (±8), same creator (merge_wd_extras)"
     }
    }
   }
  },
  {
   "type": "Feature",
   "geometry": {
    "type": "Point",
    "coordinates": [
     -0.611,
     50.9881
    ]
   },
   "properties": {
    "painter": "J.M.W. Turner",
    "title": "The Lake, Petworth: Sunset, Fighting Bucks",
    "year": "1829",
    "city": "Petworth",
    "location": "Petworth House",
    "attribution": "generally accepted",
    "dimensions": "62 × 146 cm",
    "image": "https://upload.wikimedia.org/wikipedia/commons/thumb/e/e7/Joseph_Mallord_William_Turner_%281775-1851%29_-_The_Lake%2C_Petworth%2C_Sunset%2C_Fighting_Bucks_-_T03883_-_Tate.jpg/500px-Joseph_Mallord_William_Turner_%281775-1851%29_-_The_Lake%2C_Petworth%2C_Sunset%2C_Fighting_Bucks_-_T03883_-_Tate.jpg?utm_source=en.wikipedia.org&amp;utm_campaign=parser&amp;utm_content=thumbnail",
    "notable": true,
    "creation_place": "London",
    "creation_lat": 51.5074,
    "creation_lon": -0.1278,
    "_source": {
     "source": "Wikipedia: List of paintings by J. M. W. Turner",
     "coord": "MediaWiki coordinates API"
    },
    "museum_id": "petworth-house",
    "qid": "Q28552943",
    "wikidata": "https://www.wikidata.org/wiki/Q28552943",
    "_overrides": {
     "qid": {
      "at": "2026-08-24",
      "source": "Wikidata reconciliation",
      "note": "matched to Q28552943 by normalised title + year (±8), same creator (merge_wd_extras)"
     }
    }
   }
  },
  {
   "type": "Feature",
   "geometry": {
    "type": "Point",
    "coordinates": [
     -0.611,
     50.9881
    ]
   },
   "properties": {
    "painter": "J.M.W. Turner",
    "title": "Brighton from the Sea",
    "year": "1829",
    "city": "Petworth",
    "location": "Petworth House",
    "attribution": "generally accepted",
    "dimensions": "63.5 × 132 cm",
    "image": "https://upload.wikimedia.org/wikipedia/commons/thumb/1/11/Joseph_Mallord_William_Turner_%281775-1851%29_-_Brighton_from_the_Sea_-_T03886_-_Tate.jpg/500px-Joseph_Mallord_William_Turner_%281775-1851%29_-_Brighton_from_the_Sea_-_T03886_-_Tate.jpg?utm_source=en.wikipedia.org&amp;utm_campaign=parser&amp;utm_content=thumbnail",
    "notable": true,
    "creation_place": "London",
    "creation_lat": 51.5074,
    "creation_lon": -0.1278,
    "_source": {
     "source": "Wikipedia: List of paintings by J. M. W. Turner",
     "coord": "MediaWiki coordinates API"
    },
    "museum_id": "petworth-house",
    "qid": "Q28552817",
    "wikidata": "https://www.wikidata.org/wiki/Q28552817",
    "_overrides": {
     "qid": {
      "at": "2026-08-24",
      "source": "Wikidata reconciliation",
      "note": "matched to Q28552817 by normalised title + year (±8), same creator (merge_wd_extras)"
     }
    }
   }
  },
  {
   "type": "Feature",
   "geometry": {
    "type": "Point",
    "coordinates": [
     -0.12722,
     51.49083
    ]
   },
   "properties": {
    "painter": "J.M.W. Turner",
    "title": "The Loretto Necklace",
    "year": "1829",
    "city": "London",
    "country": "United Kingdom",
    "location": "Tate Britain",
    "attribution": "generally accepted",
    "dimensions": "130.8 × 174.9 cm",
    "image": "https://upload.wikimedia.org/wikipedia/commons/thumb/2/2d/Joseph_Mallord_William_Turner_%281775-1851%29_-_The_Loretto_Necklace_-_N00509_-_National_Gallery.jpg/500px-Joseph_Mallord_William_Turner_%281775-1851%29_-_The_Loretto_Necklace_-_N00509_-_National_Gallery.jpg?utm_source=en.wikipedia.org&amp;utm_campaign=parser&amp;utm_content=thumbnail",
    "notable": true,
    "wikipedia_en": "https://en.wikipedia.org/wiki/The_Loretto_Necklace",
    "creation_place": "London",
    "creation_lat": 51.5074,
    "creation_lon": -0.1278,
    "_source": {
     "source": "Wikipedia: List of paintings by J. M. W. Turner",
     "coord": "MediaWiki coordinates API"
    },
    "museum_id": "tate-britain",
    "qid": "Q28538577",
    "wikidata": "https://www.wikidata.org/wiki/Q28538577"
   }
  },
  {
   "type": "Feature",
   "geometry": {
    "type": "Point",
    "coordinates": [
     -0.1283,
     51.5089
    ]
   },
   "properties": {
    "painter": "J.M.W. Turner",
    "title": "Ulysses Deriding Polyphemus - Homer's Odyssey",
    "year": "1829",
    "city": "London",
    "country": "United Kingdom",
    "location": "National Gallery",
    "attribution": "generally accepted",
    "dimensions": "132.5 × 203 cm",
    "image": "https://upload.wikimedia.org/wikipedia/commons/thumb/d/de/Turner_-_Ulysses_deriding_Polyphemus_1829.jpg/500px-Turner_-_Ulysses_deriding_Polyphemus_1829.jpg?utm_source=en.wikipedia.org&amp;utm_campaign=parser&amp;utm_content=thumbnail",
    "notable": true,
    "wikipedia_en": "https://en.wikipedia.org/wiki/Ulysses_Deriding_Polyphemus",
    "creation_place": "London",
    "creation_lat": 51.5074,
    "creation_lon": -0.1278,
    "_source": {
     "source": "Wikipedia: List of paintings by J. M. W. Turner",
     "coord": "MediaWiki coordinates API"
    },
    "museum_id": "national-gallery",
    "qid": "Q4003071",
    "wikidata": "https://www.wikidata.org/wiki/Q4003071",
    "wga_url": "https://www.wga.hu/html/t/turner/2/209turne.html"
   }
  },
  {
   "type": "Feature",
   "geometry": {
    "type": "Point",
    "coordinates": [
     -0.12722,
     51.49083
    ]
   },
   "properties": {
    "painter": "J.M.W. Turner",
    "title": "Pilate Washing his Hands",
    "year": "1830",
    "city": "London",
    "country": "United Kingdom",
    "location": "Tate Britain",
    "attribution": "generally accepted",
    "dimensions": "91.4 × 121.9 cm",
    "image": "https://upload.wikimedia.org/wikipedia/commons/thumb/4/46/Joseph_Mallord_William_Turner_%281775-1851%29_-_Pilate_Washing_his_Hands_-_N00510_-_National_Gallery.jpg/500px-Joseph_Mallord_William_Turner_%281775-1851%29_-_Pilate_Washing_his_Hands_-_N00510_-_National_Gallery.jpg?utm_source=en.wikipedia.org&amp;utm_campaign=parser&amp;utm_content=thumbnail",
    "notable": true,
    "wikipedia_en": "https://en.wikipedia.org/wiki/Pilate_Washing_his_Hands",
    "creation_place": "London",
    "creation_lat": 51.5074,
    "creation_lon": -0.1278,
    "_source": {
     "source": "Wikipedia: List of paintings by J. M. W. Turner",
     "coord": "MediaWiki coordinates API"
    },
    "museum_id": "tate-britain",
    "qid": "Q28538525",
    "wikidata": "https://www.wikidata.org/wiki/Q28538525"
   }
  },
  {
   "type": "Feature",
   "geometry": {
    "type": "Point",
    "coordinates": [
     -0.12722,
     51.49083
    ]
   },
   "properties": {
    "painter": "J.M.W. Turner",
    "title": "A Lady in a Van Dyck Costume",
    "year": "1830-1835",
    "city": "London",
    "country": "United Kingdom",
    "location": "Tate Britain",
    "attribution": "generally accepted",
    "dimensions": "121.3 × 91.1 cm",
    "image": "https://upload.wikimedia.org/wikipedia/commons/thumb/d/d7/Joseph_Mallord_William_Turner_%281775-1851%29_-_A_Lady_in_a_Van_Dyck_Costume_-_N05511_-_National_Gallery.jpg/500px-Joseph_Mallord_William_Turner_%281775-1851%29_-_A_Lady_in_a_Van_Dyck_Costume_-_N05511_-_National_Gallery.jpg?utm_source=en.wikipedia.org&amp;utm_campaign=parser&amp;utm_content=thumbnail",
    "notable": true,
    "creation_place": "London",
    "creation_lat": 51.5074,
    "creation_lon": -0.1278,
    "_source": {
     "source": "Wikipedia: List of paintings by J. M. W. Turner",
     "coord": "MediaWiki coordinates API"
    },
    "museum_id": "tate-britain",
    "qid": "Q28542116",
    "wikidata": "https://www.wikidata.org/wiki/Q28542116",
    "_overrides": {
     "qid": {
      "at": "2026-08-24",
      "source": "Wikidata reconciliation",
      "note": "matched to Q28542116 by normalised title + year (±8), same creator (merge_wd_extras)"
     }
    }
   }
  },
  {
   "type": "Feature",
   "geometry": {
    "type": "Point",
    "coordinates": [
     -0.12722,
     51.49083
    ]
   },
   "properties": {
    "painter": "J.M.W. Turner",
    "title": "Dinner in a Great Room with Figures in Costume",
    "year": "1830-1835",
    "city": "London",
    "country": "United Kingdom",
    "location": "Tate Britain",
    "attribution": "generally accepted",
    "dimensions": "90.8 × 121.9 cm",
    "image": "https://upload.wikimedia.org/wikipedia/commons/thumb/6/66/Joseph_Mallord_William_Turner_%281775-1851%29_-_Dinner_in_a_Great_Room_with_Figures_in_Costume_-_N05502_-_National_Gallery.jpg/500px-Joseph_Mallord_William_Turner_%281775-1851%29_-_Dinner_in_a_Great_Room_with_Figures_in_Costume_-_N05502_-_National_Gallery.jpg?utm_source=en.wikipedia.org&amp;utm_campaign=parser&amp;utm_content=thumbnail",
    "notable": true,
    "creation_place": "London",
    "creation_lat": 51.5074,
    "creation_lon": -0.1278,
    "_source": {
     "source": "Wikipedia: List of paintings by J. M. W. Turner",
     "coord": "MediaWiki coordinates API"
    },
    "museum_id": "tate-britain",
    "qid": "Q28542208",
    "wikidata": "https://www.wikidata.org/wiki/Q28542208",
    "_overrides": {
     "qid": {
      "at": "2026-08-24",
      "source": "Wikidata reconciliation",
      "note": "matched to Q28542208 by normalised title + year (±8), same creator (merge_wd_extras)"
     }
    }
   }
  },
  {
   "type": "Feature",
   "geometry": {
    "type": "Point",
    "coordinates": [
     -0.1283,
     51.5089
    ]
   },
   "properties": {
    "painter": "J.M.W. Turner",
    "title": "The Evening Star",
    "year": "1830",
    "city": "London",
    "country": "United Kingdom",
    "location": "National Gallery",
    "attribution": "generally accepted",
    "dimensions": "91.1 × 122.6 cm",
    "image": "https://upload.wikimedia.org/wikipedia/commons/thumb/2/29/Turner_-_The_Evening_Star%2C_about_1830%2C_NG1991.jpg/500px-Turner_-_The_Evening_Star%2C_about_1830%2C_NG1991.jpg?utm_source=en.wikipedia.org&amp;utm_campaign=parser&amp;utm_content=thumbnail",
    "notable": true,
    "wikipedia_en": "https://en.wikipedia.org/wiki/The_Evening_Star_(painting)",
    "creation_place": "London",
    "creation_lat": 51.5074,
    "creation_lon": -0.1278,
    "_source": {
     "source": "Wikipedia: List of paintings by J. M. W. Turner",
     "coord": "MediaWiki coordinates API"
    },
    "museum_id": "national-gallery",
    "qid": "Q26706280",
    "wikidata": "https://www.wikidata.org/wiki/Q26706280"
   }
  },
  {
   "type": "Feature",
   "geometry": {
    "type": "Point",
    "coordinates": [
     -0.12722,
     51.49083
    ]
   },
   "properties": {
    "painter": "J.M.W. Turner",
    "title": "Funeral of Sir Thomas Lawrence",
    "year": "1830",
    "city": "London",
    "country": "United Kingdom",
    "location": "Tate Britain",
    "attribution": "generally accepted",
    "image": "https://upload.wikimedia.org/wikipedia/en/thumb/f/fd/Funeral_of_Sir_Thomas_Lawrence.jpg/500px-Funeral_of_Sir_Thomas_Lawrence.jpg?utm_source=en.wikipedia.org&amp;utm_campaign=parser&amp;utm_content=thumbnail",
    "notable": true,
    "wikipedia_en": "https://en.wikipedia.org/wiki/Funeral_of_Sir_Thomas_Lawrence",
    "creation_place": "London",
    "creation_lat": 51.5074,
    "creation_lon": -0.1278,
    "_source": {
     "source": "Wikipedia: List of paintings by J. M. W. Turner",
     "coord": "MediaWiki coordinates API"
    },
    "museum_id": "tate-britain",
    "qid": "Q18563597",
    "wikidata": "https://www.wikidata.org/wiki/Q18563597"
   }
  },
  {
   "type": "Feature",
   "geometry": {
    "type": "Point",
    "coordinates": [
     -0.12722,
     51.49083
    ]
   },
   "properties": {
    "painter": "J.M.W. Turner",
    "title": "Scene in a Church or Vaulted Hall",
    "year": "1830",
    "city": "London",
    "country": "United Kingdom",
    "location": "Tate Britain",
    "attribution": "generally accepted",
    "dimensions": "74.9 × 99.1 cm",
    "image": "https://upload.wikimedia.org/wikipedia/commons/thumb/4/4f/Joseph_Mallord_William_Turner_%281775-1851%29_-_Scene_in_a_Church_or_Vaulted_Hall_-_N05492_-_National_Gallery.jpg/500px-Joseph_Mallord_William_Turner_%281775-1851%29_-_Scene_in_a_Church_or_Vaulted_Hall_-_N05492_-_National_Gallery.jpg?utm_source=en.wikipedia.org&amp;utm_campaign=parser&amp;utm_content=thumbnail",
    "notable": true,
    "creation_place": "London",
    "creation_lat": 51.5074,
    "creation_lon": -0.1278,
    "_source": {
     "source": "Wikipedia: List of paintings by J. M. W. Turner",
     "coord": "MediaWiki coordinates API"
    },
    "museum_id": "tate-britain",
    "qid": "Q28533504",
    "wikidata": "https://www.wikidata.org/wiki/Q28533504",
    "_overrides": {
     "qid": {
      "at": "2026-08-24",
      "source": "Wikidata reconciliation",
      "note": "matched to Q28533504 by normalised title + year (±8), same creator (merge_wd_extras)"
     }
    }
   }
  },
  {
   "type": "Feature",
   "geometry": {
    "type": "Point",
    "coordinates": [
     -0.12722,
     51.49083
    ]
   },
   "properties": {
    "painter": "J.M.W. Turner",
    "title": "Sunset",
    "year": "1830-1835",
    "city": "London",
    "country": "United Kingdom",
    "location": "Tate Britain",
    "attribution": "generally accepted",
    "dimensions": "66.7 × 81.9 cm",
    "image": "https://upload.wikimedia.org/wikipedia/commons/thumb/a/ae/Joseph_Mallord_William_Turner_%281775-1851%29_-_Sunset_-_N01876_-_National_Gallery.jpg/500px-Joseph_Mallord_William_Turner_%281775-1851%29_-_Sunset_-_N01876_-_National_Gallery.jpg?utm_source=en.wikipedia.org&amp;utm_campaign=parser&amp;utm_content=thumbnail",
    "notable": true,
    "creation_place": "London",
    "creation_lat": 51.5074,
    "creation_lon": -0.1278,
    "_source": {
     "source": "Wikipedia: List of paintings by J. M. W. Turner",
     "coord": "MediaWiki coordinates API"
    },
    "museum_id": "tate-britain",
    "qid": "Q119860344",
    "wikidata": "https://www.wikidata.org/wiki/Q119860344",
    "_overrides": {
     "qid": {
      "at": "2026-08-24",
      "source": "Wikidata reconciliation",
      "note": "matched to Q119860344 by normalised title + year (±8), same creator (merge_wd_extras)"
     }
    },
    "_merged": [
     {
      "source": "Wikidata",
      "title": "Sunset",
      "qid": "Q28532674",
      "url": "https://www.wikidata.org/wiki/Q28532674"
     }
    ]
   }
  },
  {
   "type": "Feature",
   "geometry": {
    "type": "Point",
    "coordinates": [
     -0.12722,
     51.49083
    ]
   },
   "properties": {
    "painter": "J.M.W. Turner",
    "title": "The Thames above Waterloo Bridge",
    "year": "1830-1835",
    "city": "London",
    "country": "United Kingdom",
    "location": "Tate Britain",
    "attribution": "generally accepted",
    "dimensions": "90.5 × 121 cm",
    "image": "https://upload.wikimedia.org/wikipedia/commons/thumb/1/1d/Joseph_Mallord_William_Turner_-_The_Thames_above_Waterloo_Bridge_-_Google_Art_Project.jpg/500px-Joseph_Mallord_William_Turner_-_The_Thames_above_Waterloo_Bridge_-_Google_Art_Project.jpg?utm_source=en.wikipedia.org&amp;utm_campaign=parser&amp;utm_content=thumbnail",
    "notable": true,
    "creation_place": "London",
    "creation_lat": 51.5074,
    "creation_lon": -0.1278,
    "_source": {
     "source": "Wikipedia: List of paintings by J. M. W. Turner",
     "coord": "MediaWiki coordinates API"
    },
    "museum_id": "tate-britain",
    "qid": "Q18687378",
    "wikidata": "https://www.wikidata.org/wiki/Q18687378",
    "_overrides": {
     "qid": {
      "at": "2026-08-24",
      "source": "Wikidata reconciliation",
      "note": "matched to Q18687378 by normalised title + year (±8), same creator (merge_wd_extras)"
     }
    }
   }
  },
  {
   "type": "Feature",
   "geometry": {
    "type": "Point",
    "coordinates": [
     -0.12722,
     51.49083
    ]
   },
   "properties": {
    "painter": "J.M.W. Turner",
    "title": "Figures in a Building",
    "year": "1830-1835",
    "city": "London",
    "country": "United Kingdom",
    "location": "Tate Britain",
    "attribution": "generally accepted",
    "dimensions": "91.4 × 121.9 cm",
    "image": "https://upload.wikimedia.org/wikipedia/commons/thumb/b/bd/Joseph_Mallord_William_Turner_%281775-1851%29_-_Figures_in_a_Building_-_N05496_-_National_Gallery.jpg/500px-Joseph_Mallord_William_Turner_%281775-1851%29_-_Figures_in_a_Building_-_N05496_-_National_Gallery.jpg?utm_source=en.wikipedia.org&amp;utm_campaign=parser&amp;utm_content=thumbnail",
    "notable": true,
    "creation_place": "London",
    "creation_lat": 51.5074,
    "creation_lon": -0.1278,
    "_source": {
     "source": "Wikipedia: List of paintings by J. M. W. Turner",
     "coord": "MediaWiki coordinates API"
    },
    "museum_id": "tate-britain",
    "qid": "Q28533454",
    "wikidata": "https://www.wikidata.org/wiki/Q28533454",
    "_overrides": {
     "qid": {
      "at": "2026-08-24",
      "source": "Wikidata reconciliation",
      "note": "matched to Q28533454 by normalised title + year (±8), same creator (merge_wd_extras)"
     }
    }
   }
  },
  {
   "type": "Feature",
   "geometry": {
    "type": "Point",
    "coordinates": [
     -0.12722,
     51.49083
    ]
   },
   "properties": {
    "painter": "J.M.W. Turner",
    "title": "Interior of a Great House: The Drawing Room, East Cowes Castle",
    "year": "1830",
    "city": "London",
    "country": "United Kingdom",
    "location": "Tate Britain",
    "attribution": "generally accepted",
    "dimensions": "90.8 × 121.9 cm",
    "image": "https://upload.wikimedia.org/wikipedia/commons/thumb/5/57/Joseph_Mallord_William_Turner_%281775-1851%29_-_Interior_of_a_Great_House%2C_The_Drawing_Room%2C_East_Cowes_Castle_-_N01988_-_National_Gallery.jpg/500px-Joseph_Mallord_William_Turner_%281775-1851%29_-_Interior_of_a_Great_House%2C_The_Drawing_Room%2C_East_Cowes_Castle_-_N01988_-_National_Gallery.jpg?utm_source=en.wikipedia.org&amp;utm_campaign=parser&amp;utm_content=thumbnail",
    "notable": true,
    "creation_place": "London",
    "creation_lat": 51.5074,
    "creation_lon": -0.1278,
    "_source": {
     "source": "Wikipedia: List of paintings by J. M. W. Turner",
     "coord": "MediaWiki coordinates API"
    },
    "museum_id": "tate-britain",
    "qid": "Q28539723",
    "wikidata": "https://www.wikidata.org/wiki/Q28539723",
    "_overrides": {
     "qid": {
      "at": "2026-08-24",
      "source": "Wikidata reconciliation",
      "note": "matched to Q28539723 by normalised title + year (±8), same creator (merge_wd_extras)"
     }
    }
   }
  },
  {
   "type": "Feature",
   "geometry": {
    "type": "Point",
    "coordinates": [
     -0.12722,
     51.49083
    ]
   },
   "properties": {
    "painter": "J.M.W. Turner",
    "title": "The Vision of Jacob's Ladder (?)",
    "year": "1830",
    "city": "London",
    "country": "United Kingdom",
    "location": "Tate Britain",
    "attribution": "generally accepted",
    "dimensions": "123.2 × 188 cm",
    "image": "https://upload.wikimedia.org/wikipedia/commons/thumb/f/f7/%28Barcelona%29_The_Vision_of_Jacob%27s_Ladder_-_William_Turner_-_Tate_Britain.jpg/500px-%28Barcelona%29_The_Vision_of_Jacob%27s_Ladder_-_William_Turner_-_Tate_Britain.jpg?utm_source=en.wikipedia.org&amp;utm_campaign=parser&amp;utm_content=thumbnail",
    "notable": true,
    "creation_place": "London",
    "creation_lat": 51.5074,
    "creation_lon": -0.1278,
    "_source": {
     "source": "Wikipedia: List of paintings by J. M. W. Turner",
     "coord": "MediaWiki coordinates API"
    },
    "museum_id": "tate-britain",
    "qid": "Q28542149",
    "wikidata": "https://www.wikidata.org/wiki/Q28542149",
    "_overrides": {
     "qid": {
      "at": "2026-08-24",
      "source": "Wikidata reconciliation",
      "note": "matched to Q28542149 by normalised title + year (±8), same creator (merge_wd_extras)"
     }
    },
    "_merged": [
     {
      "source": "Wikidata",
      "title": "The Vision of Jacob’s Ladder (?)",
      "qid": "Q28542149",
      "url": "https://www.wikidata.org/wiki/Q28542149"
     }
    ]
   }
  },
  {
   "type": "Feature",
   "geometry": {
    "type": "Point",
    "coordinates": [
     -0.12722,
     51.49083
    ]
   },
   "properties": {
    "painter": "J.M.W. Turner",
    "title": "Two Women with a Letter",
    "year": "1830",
    "city": "London",
    "country": "United Kingdom",
    "location": "Tate Britain",
    "attribution": "generally accepted",
    "dimensions": "121.9 × 91.4 cm",
    "image": "https://upload.wikimedia.org/wikipedia/commons/thumb/d/d9/Joseph_Mallord_William_Turner_%281775-1851%29_-_Two_Women_with_a_Letter_-_N05501_-_National_Gallery.jpg/500px-Joseph_Mallord_William_Turner_%281775-1851%29_-_Two_Women_with_a_Letter_-_N05501_-_National_Gallery.jpg?utm_source=en.wikipedia.org&amp;utm_campaign=parser&amp;utm_content=thumbnail",
    "notable": true,
    "creation_place": "London",
    "creation_lat": 51.5074,
    "creation_lon": -0.1278,
    "_source": {
     "source": "Wikipedia: List of paintings by J. M. W. Turner",
     "coord": "MediaWiki coordinates API"
    },
    "museum_id": "tate-britain",
    "qid": "Q28542166",
    "wikidata": "https://www.wikidata.org/wiki/Q28542166",
    "_overrides": {
     "qid": {
      "at": "2026-08-24",
      "source": "Wikidata reconciliation",
      "note": "matched to Q28542166 by normalised title + year (±8), same creator (merge_wd_extras)"
     }
    }
   }
  },
  {
   "type": "Feature",
   "geometry": {
    "type": "Point",
    "coordinates": [
     -0.611,
     50.9881
    ]
   },
   "properties": {
    "painter": "J.M.W. Turner",
    "title": "Jessica",
    "year": "1830",
    "city": "Petworth",
    "location": "Petworth House",
    "attribution": "generally accepted",
    "dimensions": "122 × 91.5 cm",
    "image": "https://upload.wikimedia.org/wikipedia/commons/thumb/d/d1/Joseph_Mallord_William_Turner_%281775-1851%29_-_Jessica_-_T03887_-_Tate.jpg/500px-Joseph_Mallord_William_Turner_%281775-1851%29_-_Jessica_-_T03887_-_Tate.jpg?utm_source=en.wikipedia.org&amp;utm_campaign=parser&amp;utm_content=thumbnail",
    "notable": true,
    "wikipedia_en": "https://en.wikipedia.org/wiki/Jessica_(Turner)",
    "creation_place": "London",
    "creation_lat": 51.5074,
    "creation_lon": -0.1278,
    "_source": {
     "source": "Wikipedia: List of paintings by J. M. W. Turner",
     "coord": "MediaWiki coordinates API"
    },
    "museum_id": "petworth-house",
    "qid": "Q52253910",
    "wikidata": "https://www.wikidata.org/wiki/Q52253910",
    "_merged": [
     {
      "source": "Wikidata",
      "title": "Jessica (from William Shakespeare's The Merchant of Venice, Act II, sc.v)",
      "qid": "Q52253910",
      "url": "https://www.wikidata.org/wiki/Q52253910"
     }
    ]
   }
  },
  {
   "type": "Feature",
   "geometry": {
    "type": "Point",
    "coordinates": [
     -0.17194,
     51.49667
    ]
   },
   "properties": {
    "painter": "J.M.W. Turner",
    "title": "Lifeboat and Manby Apparatus Going off to a Stranded Vessel Making the Signal (Blue Lights) of Distress",
    "year": "1831",
    "city": "London",
    "country": "United Kingdom",
    "location": "Victoria & Albert Museum",
    "attribution": "generally accepted",
    "dimensions": "91.4 × 122 cm",
    "image": "https://upload.wikimedia.org/wikipedia/en/thumb/0/0b/Life-Boat_and_Manby_Apparatus_Going_Off_to_a_Stranded_Vessel_Making_Signal_%28Blue_Lights%29_of_Distress.png/500px-Life-Boat_and_Manby_Apparatus_Going_Off_to_a_Stranded_Vessel_Making_Signal_%28Blue_Lights%29_of_Distress.png?utm_source=en.wikipedia.org&amp;utm_campaign=parser&amp;utm_content=thumbnail",
    "notable": true,
    "wikipedia_en": "https://en.wikipedia.org/wiki/Lifeboat_and_Manby_Apparatus_Going_off_to_a_Stranded_Vessel_Making_the_Signal_(Blue_Lights)_of_Distress",
    "creation_place": "London",
    "creation_lat": 51.5074,
    "creation_lon": -0.1278,
    "_source": {
     "source": "Wikipedia: List of paintings by J. M. W. Turner",
     "coord": "MediaWiki coordinates API"
    },
    "museum_id": "victoria-albert-museum",
    "qid": "Q119040172",
    "wikidata": "https://www.wikidata.org/wiki/Q119040172"
   }
  },
  {
   "type": "Feature",
   "geometry": {
    "type": "Point",
    "coordinates": [
     -0.12722,
     51.49083
    ]
   },
   "properties": {
    "painter": "J.M.W. Turner",
    "title": "Extensive Landscape with River or Estuary and a Distant Mountain",
    "year": "1830-1840",
    "city": "London",
    "country": "United Kingdom",
    "location": "Tate Britain",
    "attribution": "generally accepted",
    "dimensions": "141 × 251.5 cm",
    "image": "https://upload.wikimedia.org/wikipedia/commons/thumb/b/b5/Joseph_Mallord_William_Turner_%281775-1851%29_-_Extensive_Landscape_with_River_or_Estuary_and_a_Distant_Mountain_-_N05542_-_National_Gallery.jpg/500px-Joseph_Mallord_William_Turner_%281775-1851%29_-_Extensive_Landscape_with_River_or_Estuary_and_a_Distant_Mountain_-_N05542_-_National_Gallery.jpg?utm_source=en.wikipedia.org&amp;utm_campaign=parser&amp;utm_content=thumbnail",
    "notable": true,
    "creation_place": "London",
    "creation_lat": 51.5074,
    "creation_lon": -0.1278,
    "_source": {
     "source": "Wikipedia: List of paintings by J. M. W. Turner",
     "coord": "MediaWiki coordinates API"
    },
    "museum_id": "tate-britain",
    "qid": "Q28542147",
    "wikidata": "https://www.wikidata.org/wiki/Q28542147",
    "_overrides": {
     "qid": {
      "at": "2026-08-24",
      "source": "Wikidata reconciliation",
      "note": "matched to Q28542147 by normalised title + year (±8), same creator (merge_wd_extras)"
     }
    }
   }
  },
  {
   "type": "Feature",
   "geometry": {
    "type": "Point",
    "coordinates": [
     -72.93091,
     41.30791
    ]
   },
   "properties": {
    "painter": "J.M.W. Turner",
    "title": "Staffa, Fingal's Cave",
    "year": "1831-32",
    "city": "Connecticut",
    "location": "Yale Center for British Art",
    "attribution": "generally accepted",
    "dimensions": "90.8 × 121.3 cm",
    "image": "https://upload.wikimedia.org/wikipedia/commons/thumb/1/18/Staffa%2C_Fingal%27s_cave_by_Joseph_Mallord_Turner.jpg/500px-Staffa%2C_Fingal%27s_cave_by_Joseph_Mallord_Turner.jpg?utm_source=en.wikipedia.org&amp;utm_campaign=parser&amp;utm_content=thumbnail",
    "notable": true,
    "wikipedia_en": "https://en.wikipedia.org/wiki/Staffa,_Fingal%27s_Cave",
    "creation_place": "London",
    "creation_lat": 51.5074,
    "creation_lon": -0.1278,
    "_source": {
     "source": "Wikipedia: List of paintings by J. M. W. Turner",
     "coord": "MediaWiki coordinates API"
    },
    "museum_id": "yale-center-for-british-art",
    "qid": "Q23758119",
    "wikidata": "https://www.wikidata.org/wiki/Q23758119"
   }
  },
  {
   "type": "Feature",
   "geometry": {
    "type": "Point",
    "coordinates": [
     -0.12722,
     51.49083
    ]
   },
   "properties": {
    "painter": "J.M.W. Turner",
    "title": "Lucy, Countess of Carlisle, and Dorothy Percy's Visit to their Father Lord Percy, when under Attainder ...",
    "year": "1831",
    "city": "London",
    "country": "United Kingdom",
    "location": "Tate Britain",
    "attribution": "generally accepted",
    "dimensions": "40 × 69.2 cm",
    "image": "https://upload.wikimedia.org/wikipedia/commons/thumb/4/47/Joseph_Mallord_William_Turner_%281775-1851%29_-_Lucy%2C_Countess_of_Carlisle%2C_and_Dorothy_Percy%27s_Visit_to_their_Father_Lord_Percy%2C_when_under_Attainder_..._-_N00515_-_National_Gallery.jpg/500px-thumbnail.jpg?utm_source=en.wikipedia.org&amp;utm_campaign=parser&amp;utm_content=thumbnail",
    "notable": true,
    "creation_place": "London",
    "creation_lat": 51.5074,
    "creation_lon": -0.1278,
    "_source": {
     "source": "Wikipedia: List of paintings by J. M. W. Turner",
     "coord": "MediaWiki coordinates API"
    },
    "museum_id": "tate-britain",
    "qid": "Q28538632",
    "wikidata": "https://www.wikidata.org/wiki/Q28538632",
    "_overrides": {
     "qid": {
      "at": "2026-08-24",
      "source": "Wikidata reconciliation",
      "note": "matched to Q28538632 by normalised title + year (±8), same creator (merge_wd_extras)"
     }
    },
    "_merged": [
     {
      "source": "Wikidata",
      "title": "Lucy, Countess of Carlisle, and Dorothy Percy’s Visit to their Father Lord Percy, when under Attainder ...",
      "qid": "Q28538632",
      "url": "https://www.wikidata.org/wiki/Q28538632"
     }
    ]
   }
  },
  {
   "type": "Feature",
   "geometry": {
    "type": "Point",
    "coordinates": [
     -0.12722,
     51.49083
    ]
   },
   "properties": {
    "painter": "J.M.W. Turner",
    "title": "Watteau Study by Fresnoy's Rules",
    "year": "1831",
    "city": "London",
    "country": "United Kingdom",
    "location": "Tate Britain",
    "attribution": "generally accepted",
    "dimensions": "40 × 69.2 cm",
    "image": "https://upload.wikimedia.org/wikipedia/commons/thumb/c/cc/Joseph_Mallord_William_Turner_%281775-1851%29_-_Watteau_Study_by_Fresnoy%27s_Rules_-_N00514_-_National_Gallery.jpg/500px-Joseph_Mallord_William_Turner_%281775-1851%29_-_Watteau_Study_by_Fresnoy%27s_Rules_-_N00514_-_National_Gallery.jpg?utm_source=en.wikipedia.org&amp;utm_campaign=parser&amp;utm_content=thumbnail",
    "notable": true,
    "creation_place": "London",
    "creation_lat": 51.5074,
    "creation_lon": -0.1278,
    "_source": {
     "source": "Wikipedia: List of paintings by J. M. W. Turner",
     "coord": "MediaWiki coordinates API"
    },
    "museum_id": "tate-britain",
    "qid": "Q28538552",
    "wikidata": "https://www.wikidata.org/wiki/Q28538552",
    "_overrides": {
     "qid": {
      "at": "2026-08-24",
      "source": "Wikidata reconciliation",
      "note": "matched to Q28538552 by normalised title + year (±8), same creator (merge_wd_extras)"
     }
    },
    "_merged": [
     {
      "source": "Wikidata",
      "title": "Watteau Study by Fresnoy’s Rules",
      "qid": "Q28538552",
      "url": "https://www.wikidata.org/wiki/Q28538552"
     }
    ]
   }
  },
  {
   "type": "Feature",
   "geometry": {
    "type": "Point",
    "coordinates": [
     -0.12722,
     51.49083
    ]
   },
   "properties": {
    "painter": "J.M.W. Turner",
    "title": "Caligula's Palace and Bridge",
    "year": "1831",
    "city": "London",
    "country": "United Kingdom",
    "location": "Tate Britain",
    "attribution": "generally accepted",
    "dimensions": "137.2 × 246.4 cm",
    "image": "https://upload.wikimedia.org/wikipedia/commons/thumb/b/bc/Joseph_Mallord_William_Turner_-_Caligula%27s_Palace_and_Bridge_-_Google_Art_Project.jpg/500px-Joseph_Mallord_William_Turner_-_Caligula%27s_Palace_and_Bridge_-_Google_Art_Project.jpg?utm_source=en.wikipedia.org&amp;utm_campaign=parser&amp;utm_content=thumbnail",
    "notable": true,
    "wikipedia_en": "https://en.wikipedia.org/wiki/Caligula%27s_Palace_and_Bridge",
    "creation_place": "London",
    "creation_lat": 51.5074,
    "creation_lon": -0.1278,
    "_source": {
     "source": "Wikipedia: List of paintings by J. M. W. Turner",
     "coord": "MediaWiki coordinates API"
    },
    "museum_id": "tate-britain",
    "qid": "Q18687480",
    "wikidata": "https://www.wikidata.org/wiki/Q18687480"
   }
  },
  {
   "type": "Feature",
   "geometry": {
    "type": "Point",
    "coordinates": [
     -0.1174,
     51.517
    ]
   },
   "properties": {
    "painter": "J.M.W. Turner",
    "title": "Van Tromp's Barge Entering the Texel, 1645",
    "year": "1831",
    "city": "London",
    "country": "United Kingdom",
    "location": "Sir John Soane's Museum",
    "attribution": "generally accepted",
    "dimensions": "90.2 × 121.9 cm",
    "image": "https://upload.wikimedia.org/wikipedia/commons/thumb/2/22/Turner_-_Van_Tromp%27s_Barge_Entering_the_Texel%2C_1645%2C_1831%2C_SM_P272.jpg/500px-Turner_-_Van_Tromp%27s_Barge_Entering_the_Texel%2C_1645%2C_1831%2C_SM_P272.jpg?utm_source=en.wikipedia.org&amp;utm_campaign=parser&amp;utm_content=thumbnail",
    "notable": true,
    "wikipedia_en": "https://en.wikipedia.org/wiki/Van_Tromp%27s_Barge_Entering_the_Texel",
    "creation_place": "London",
    "creation_lat": 51.5074,
    "creation_lon": -0.1278,
    "_source": {
     "source": "Wikipedia: List of paintings by J. M. W. Turner",
     "coord": "MediaWiki coordinates API"
    },
    "museum_id": "sir-john-soane-s-museum",
    "qid": "Q109912415",
    "wikidata": "https://www.wikidata.org/wiki/Q109912415"
   }
  },
  {
   "type": "Feature",
   "geometry": {
    "type": "Point",
    "coordinates": [
     -0.12722,
     51.49083
    ]
   },
   "properties": {
    "painter": "J.M.W. Turner",
    "title": "Christ Driving the Traders from the Temple",
    "year": "1832",
    "city": "London",
    "country": "United Kingdom",
    "location": "Tate Britain",
    "attribution": "generally accepted",
    "dimensions": "92.1 × 70.5 cm",
    "image": "https://upload.wikimedia.org/wikipedia/commons/thumb/8/85/Joseph_Mallord_William_Turner_%281775-1851%29_-_Christ_Driving_the_Traders_from_the_Temple_-_N05474_-_National_Gallery.jpg/500px-Joseph_Mallord_William_Turner_%281775-1851%29_-_Christ_Driving_the_Traders_from_the_Temple_-_N05474_-_National_Gallery.jpg?utm_source=en.wikipedia.org&amp;utm_campaign=parser&amp;utm_content=thumbnail",
    "notable": true,
    "wikipedia_en": "https://en.wikipedia.org/wiki/Christ_Driving_the_Traders_from_the_Temple_(Turner)",
    "creation_place": "London",
    "creation_lat": 51.5074,
    "creation_lon": -0.1278,
    "_source": {
     "source": "Wikipedia: List of paintings by J. M. W. Turner",
     "coord": "MediaWiki coordinates API"
    },
    "museum_id": "tate-britain",
    "qid": "Q28533496",
    "wikidata": "https://www.wikidata.org/wiki/Q28533496"
   }
  },
  {
   "type": "Feature",
   "geometry": {
    "type": "Point",
    "coordinates": [
     -0.97374,
     54.20682
    ]
   },
   "properties": {
    "painter": "J.M.W. Turner",
    "title": "Shrimpers: Lyme Regis",
    "year": "1832",
    "location": "Nunnington Hall",
    "attribution": "generally accepted",
    "dimensions": "21.5 × 29 cm",
    "image": "https://upload.wikimedia.org/wikipedia/commons/thumb/c/ca/Joseph_Mallord_William_Turner_%281775-1851%29_%28imitator_of%29_-_Shrimpers%2C_Lyme_Regis_-_980581_-_National_Trust.jpg/500px-Joseph_Mallord_William_Turner_%281775-1851%29_%28imitator_of%29_-_Shrimpers%2C_Lyme_Regis_-_980581_-_National_Trust.jpg?utm_source=en.wikipedia.org&amp;utm_campaign=parser&amp;utm_content=thumbnail",
    "notable": true,
    "creation_place": "London",
    "creation_lat": 51.5074,
    "creation_lon": -0.1278,
    "_source": {
     "source": "Wikipedia: List of paintings by J. M. W. Turner",
     "coord": "MediaWiki coordinates API"
    },
    "museum_id": "nunnington-hall"
   }
  },
  {
   "type": "Feature",
   "geometry": {
    "type": "Point",
    "coordinates": [
     -0.12722,
     51.49083
    ]
   },
   "properties": {
    "painter": "J.M.W. Turner",
    "title": "The Prince of Orange, William III, Embarked from Holland, and Landed at Torbay, November 4th, 1688, after a Stormy Passage",
    "year": "1832",
    "city": "London",
    "country": "United Kingdom",
    "location": "Tate Britain",
    "attribution": "generally accepted",
    "dimensions": "90.2 × 120 cm",
    "image": "https://upload.wikimedia.org/wikipedia/commons/thumb/0/09/Joseph_Mallord_William_Turner_%281775-1851%29_-_The_Prince_of_Orange%2C_William_III%2C_Embarked_from_Holland%2C_and_Landed_at_Torbay%2C_November_4th%2C_1688%2C_after_a_Stormy_Passage_-_N00369_-_National_Gallery.jpg/500px-thumbnail.jpg?utm_source=en.wikipedia.org&amp;utm_campaign=parser&amp;utm_content=thumbnail",
    "notable": true,
    "wikipedia_en": "https://en.wikipedia.org/wiki/The_Prince_of_Orange,_William_III,_Embarked_from_Holland,_and_Landed_at_Torbay,_November_4th,_1688,_after_a_Stormy_Passage",
    "creation_place": "London",
    "creation_lat": 51.5074,
    "creation_lon": -0.1278,
    "_source": {
     "source": "Wikipedia: List of paintings by J. M. W. Turner",
     "coord": "MediaWiki coordinates API"
    },
    "museum_id": "tate-britain",
    "qid": "Q28537066",
    "wikidata": "https://www.wikidata.org/wiki/Q28537066"
   }
  },
  {
   "type": "Feature",
   "geometry": {
    "type": "Point",
    "coordinates": [
     -0.12722,
     51.49083
    ]
   },
   "properties": {
    "painter": "J.M.W. Turner",
    "title": "Shadrach, Meshach and Abednego in the Burning Fiery Furnace",
    "year": "1832",
    "city": "London",
    "country": "United Kingdom",
    "location": "Tate Britain",
    "attribution": "generally accepted",
    "dimensions": "91.8 × 70.8 cm",
    "image": "https://upload.wikimedia.org/wikipedia/commons/thumb/4/47/Joseph_Mallord_William_Turner_%281775-1851%29_-_Shadrach%2C_Meshach_and_Abednego_in_the_Burning_Fiery_Furnace_-_N00517_-_National_Gallery.jpg/500px-Joseph_Mallord_William_Turner_%281775-1851%29_-_Shadrach%2C_Meshach_and_Abednego_in_the_Burning_Fiery_Furnace_-_N00517_-_National_Gallery.jpg?utm_source=en.wikipedia.org&amp;utm_campaign=parser&amp;utm_content=thumbnail",
    "notable": true,
    "creation_place": "London",
    "creation_lat": 51.5074,
    "creation_lon": -0.1278,
    "_source": {
     "source": "Wikipedia: List of paintings by J. M. W. Turner",
     "coord": "MediaWiki coordinates API"
    },
    "museum_id": "tate-britain",
    "qid": "Q28538645",
    "wikidata": "https://www.wikidata.org/wiki/Q28538645",
    "_overrides": {
     "qid": {
      "at": "2026-08-24",
      "source": "Wikidata reconciliation",
      "note": "matched to Q28538645 by normalised title + year (±8), same creator (merge_wd_extras)"
     }
    }
   }
  },
  {
   "type": "Feature",
   "geometry": {
    "type": "Point",
    "coordinates": [
     -0.12722,
     51.49083
    ]
   },
   "properties": {
    "painter": "J.M.W. Turner",
    "title": "Childe Harold's Pilgrimage - Italy",
    "year": "1832",
    "city": "London",
    "country": "United Kingdom",
    "location": "Tate Britain",
    "attribution": "generally accepted",
    "dimensions": "142.2 × 248.3 cm",
    "image": "https://upload.wikimedia.org/wikipedia/commons/thumb/3/35/Childe_harold.jpg/500px-Childe_harold.jpg?utm_source=en.wikipedia.org&amp;utm_campaign=parser&amp;utm_content=thumbnail",
    "notable": true,
    "wikipedia_en": "https://en.wikipedia.org/wiki/Childe_Harold%27s_Pilgrimage_-_Italy",
    "creation_place": "London",
    "creation_lat": 51.5074,
    "creation_lon": -0.1278,
    "_source": {
     "source": "Wikipedia: List of paintings by J. M. W. Turner",
     "coord": "MediaWiki coordinates API"
    },
    "museum_id": "tate-britain",
    "qid": "Q28538534",
    "wikidata": "https://www.wikidata.org/wiki/Q28538534",
    "_merged": [
     {
      "source": "Wikidata",
      "title": "Childe Harold’s Pilgrimage - Italy",
      "qid": "Q28538534",
      "url": "https://www.wikidata.org/wiki/Q28538534"
     }
    ]
   }
  },
  {
   "type": "Feature",
   "geometry": {
    "type": "Point",
    "coordinates": [
     -0.12722,
     51.49083
    ]
   },
   "properties": {
    "painter": "J.M.W. Turner",
    "title": "Van Tromp Returning after the Battle off the Dogger Bank",
    "year": "1833",
    "city": "London",
    "country": "United Kingdom",
    "location": "Tate Britain",
    "attribution": "generally accepted",
    "dimensions": "90.5 × 120.6 cm",
    "image": "https://upload.wikimedia.org/wikipedia/commons/thumb/a/a1/Joseph_Mallord_William_Turner_%281775-1851%29_-_Van_Tromp_Returning_after_the_Battle_off_the_Dogger_Bank_-_N00537_-_National_Gallery.jpg/500px-Joseph_Mallord_William_Turner_%281775-1851%29_-_Van_Tromp_Returning_after_the_Battle_off_the_Dogger_Bank_-_N00537_-_National_Gallery.jpg?utm_source=en.wikipedia.org&amp;utm_campaign=parser&amp;utm_content=thumbnail",
    "notable": true,
    "creation_place": "London",
    "creation_lat": 51.5074,
    "creation_lon": -0.1278,
    "_source": {
     "source": "Wikipedia: List of paintings by J. M. W. Turner",
     "coord": "MediaWiki coordinates API"
    },
    "museum_id": "tate-britain",
    "qid": "Q28538626",
    "wikidata": "https://www.wikidata.org/wiki/Q28538626",
    "_overrides": {
     "qid": {
      "at": "2026-08-24",
      "source": "Wikidata reconciliation",
      "note": "matched to Q28538626 by normalised title + year (±8), same creator (merge_wd_extras)"
     }
    }
   }
  },
  {
   "type": "Feature",
   "geometry": {
    "type": "Point",
    "coordinates": [
     -77.02,
     38.8914
    ]
   },
   "properties": {
    "painter": "J.M.W. Turner",
    "title": "Rotterdam Ferry-Boat",
    "year": "1833",
    "city": "Washington",
    "country": "United States",
    "location": "National Gallery of Art",
    "attribution": "generally accepted",
    "dimensions": "92.3 × 122.5 cm",
    "image": "https://upload.wikimedia.org/wikipedia/commons/thumb/2/27/J.M.W._Turner_-_Rotterdam_Ferry-Boat_%281833%29.jpg/500px-J.M.W._Turner_-_Rotterdam_Ferry-Boat_%281833%29.jpg?utm_source=en.wikipedia.org&amp;utm_campaign=parser&amp;utm_content=thumbnail",
    "notable": true,
    "wikipedia_en": "https://en.wikipedia.org/wiki/Rotterdam_Ferry-Boat",
    "creation_place": "London",
    "creation_lat": 51.5074,
    "creation_lon": -0.1278,
    "_source": {
     "source": "Wikipedia: List of paintings by J. M. W. Turner",
     "coord": "MediaWiki coordinates API"
    },
    "museum_id": "national-gallery-of-art",
    "qid": "Q20185784",
    "wikidata": "https://www.wikidata.org/wiki/Q20185784"
   }
  },
  {
   "type": "Feature",
   "geometry": {
    "type": "Point",
    "coordinates": [
     -73.9672,
     40.7711
    ]
   },
   "properties": {
    "painter": "J.M.W. Turner",
    "title": "Antwerp: Van Goyen Looking Out for a Subject",
    "year": "1833",
    "city": "New York",
    "location": "Frick Collection",
    "attribution": "generally accepted",
    "dimensions": "91.8 × 122.9 cm",
    "image": "https://upload.wikimedia.org/wikipedia/commons/thumb/c/c7/Turner_-_Antwerp_Van_Goyen_Looking_Out_for_a_Subject%2C_1833%2C_1901.1.118.jpg/500px-Turner_-_Antwerp_Van_Goyen_Looking_Out_for_a_Subject%2C_1833%2C_1901.1.118.jpg?utm_source=en.wikipedia.org&amp;utm_campaign=parser&amp;utm_content=thumbnail",
    "notable": true,
    "wikipedia_en": "https://en.wikipedia.org/wiki/Antwerp:_Van_Goyen_Looking_Out_for_a_Subject",
    "creation_place": "London",
    "creation_lat": 51.5074,
    "creation_lon": -0.1278,
    "_source": {
     "source": "Wikipedia: List of paintings by J. M. W. Turner",
     "coord": "MediaWiki coordinates API"
    },
    "museum_id": "frick-collection",
    "country": "United States",
    "qid": "Q19857392",
    "wikidata": "https://www.wikidata.org/wiki/Q19857392"
   }
  },
  {
   "type": "Feature",
   "geometry": {
    "type": "Point",
    "coordinates": [
     -9.15417,
     38.73667
    ]
   },
   "properties": {
    "painter": "J.M.W. Turner",
    "title": "Quillebeuf, Mouth of the Seine",
    "year": "1833",
    "city": "Lisbon",
    "country": "Portugal",
    "location": "Calouste Gulbenkian Museum",
    "attribution": "generally accepted",
    "dimensions": "88 × 120 cm",
    "image": "https://upload.wikimedia.org/wikipedia/commons/thumb/f/fa/Quillebeuf_Mouth_of_the_Seine_by_Joseph_Mallord_William_Turner.jpg/500px-Quillebeuf_Mouth_of_the_Seine_by_Joseph_Mallord_William_Turner.jpg?utm_source=en.wikipedia.org&amp;utm_campaign=parser&amp;utm_content=thumbnail",
    "notable": true,
    "wikipedia_en": "https://en.wikipedia.org/wiki/Quillebeuf,_Mouth_of_the_Seine",
    "creation_place": "London",
    "creation_lat": 51.5074,
    "creation_lon": -0.1278,
    "_source": {
     "source": "Wikipedia: List of paintings by J. M. W. Turner",
     "coord": "MediaWiki coordinates API"
    },
    "museum_id": "calouste-gulbenkian-museum",
    "qid": "Q25445077",
    "wikidata": "https://www.wikidata.org/wiki/Q25445077"
   }
  },
  {
   "type": "Feature",
   "geometry": {
    "type": "Point",
    "coordinates": [
     -72.93091,
     41.30791
    ]
   },
   "properties": {
    "painter": "J.M.W. Turner",
    "title": "Wreckers – Coast of Northumberland, with a Steamboat Assisting a Ship off Shore",
    "year": "1833-34",
    "city": "Connecticut",
    "location": "Yale Center for British Art",
    "attribution": "generally accepted",
    "dimensions": "90.5 × 120.8 cm",
    "image": "https://upload.wikimedia.org/wikipedia/commons/thumb/5/58/Joseph_Mallord_William_Turner_-_Wreckers_--_Coast_of_Northumberland%2C_with_a_Steam-Boat_Assisting_a_Ship_off_Shore_-_Google_Art_Project.jpg/500px-Joseph_Mallord_William_Turner_-_Wreckers_--_Coast_of_Northumberland%2C_with_a_Steam-Boat_Assisting_a_Ship_off_Shore_-_Google_Art_Project.jpg?utm_source=en.wikipedia.org&amp;utm_campaign=parser&amp;utm_content=thumbnail",
    "notable": true,
    "wikipedia_en": "https://en.wikipedia.org/wiki/Wreckers,_Coast_of_Northumberland",
    "creation_place": "London",
    "creation_lat": 51.5074,
    "creation_lon": -0.1278,
    "_source": {
     "source": "Wikipedia: List of paintings by J. M. W. Turner",
     "coord": "MediaWiki coordinates API"
    },
    "museum_id": "yale-center-for-british-art",
    "qid": "Q23758031",
    "wikidata": "https://www.wikidata.org/wiki/Q23758031",
    "_merged": [
     {
      "source": "Wikidata",
      "title": "Wreckers -- Coast of Northumberland, with a Steam-Boat Assisting a Ship off Shore",
      "qid": "Q23758031",
      "url": "https://www.wikidata.org/wiki/Q23758031"
     }
    ]
   }
  },
  {
   "type": "Feature",
   "geometry": {
    "type": "Point",
    "coordinates": [
     -0.12722,
     51.49083
    ]
   },
   "properties": {
    "painter": "J.M.W. Turner",
    "title": "Bridge of Sighs, Ducal Palace and Custom-House, Venice: Canaletti Painting",
    "year": "1833",
    "city": "London",
    "country": "United Kingdom",
    "location": "Tate Britain",
    "attribution": "generally accepted",
    "dimensions": "51.1 × 81.6 cm",
    "image": "https://upload.wikimedia.org/wikipedia/commons/thumb/8/81/William_Turner%2C_Bridge_of_Sighs%2C_Ducal_Palace_and_Custom-House.jpg/500px-William_Turner%2C_Bridge_of_Sighs%2C_Ducal_Palace_and_Custom-House.jpg?utm_source=en.wikipedia.org&amp;utm_campaign=parser&amp;utm_content=thumbnail",
    "notable": true,
    "wikipedia_en": "https://en.wikipedia.org/wiki/Bridge_of_Sighs,_Ducal_Palace_and_Custom_House",
    "creation_place": "London",
    "creation_lat": 51.5074,
    "creation_lon": -0.1278,
    "_source": {
     "source": "Wikipedia: List of paintings by J. M. W. Turner",
     "coord": "MediaWiki coordinates API"
    },
    "museum_id": "tate-britain",
    "qid": "Q20018652",
    "wikidata": "https://www.wikidata.org/wiki/Q20018652",
    "_merged": [
     {
      "source": "Wikidata",
      "title": "Bridge of Sighs, Ducal Palace and Custom House, Venice: Canaletto painting",
      "qid": "Q20018652",
      "url": "https://www.wikidata.org/wiki/Q20018652"
     }
    ]
   }
  },
  {
   "type": "Feature",
   "geometry": {
    "type": "Point",
    "coordinates": [
     -77.02,
     38.8914
    ]
   },
   "properties": {
    "painter": "J.M.W. Turner",
    "title": "Venice: The Dogana and San Giorgio Maggiore, 1834",
    "year": "1834",
    "city": "Washington",
    "country": "United States",
    "location": "National Gallery of Art",
    "attribution": "generally accepted",
    "dimensions": "91.5 × 122 cm",
    "image": "https://upload.wikimedia.org/wikipedia/commons/thumb/0/02/Turner_-_Venice-The_Dogana_and_San_Giorgio_Maggiore.jpg/500px-Turner_-_Venice-The_Dogana_and_San_Giorgio_Maggiore.jpg?utm_source=en.wikipedia.org&amp;utm_campaign=parser&amp;utm_content=thumbnail",
    "notable": true,
    "wikipedia_en": "https://en.wikipedia.org/wiki/Venice:_The_Dogana_and_San_Giorgio_Maggiore",
    "creation_place": "London",
    "creation_lat": 51.5074,
    "creation_lon": -0.1278,
    "_source": {
     "source": "Wikipedia: List of paintings by J. M. W. Turner",
     "coord": "MediaWiki coordinates API"
    },
    "museum_id": "national-gallery-of-art",
    "qid": "Q20018614",
    "wikidata": "https://www.wikidata.org/wiki/Q20018614",
    "_merged": [
     {
      "source": "Wikidata",
      "title": "Venice - The Dogana and San Giorgio Maggiore",
      "qid": "Q20018614",
      "url": "https://www.wikidata.org/wiki/Q20018614"
     }
    ]
   }
  },
  {
   "type": "Feature",
   "geometry": {
    "type": "Point",
    "coordinates": [
     -66.6356,
     45.9598
    ]
   },
   "properties": {
    "painter": "J.M.W. Turner",
    "title": "The Fountain of Indolence",
    "year": "1834",
    "city": "Fredericton",
    "location": "Beaverbrook Art Gallery",
    "attribution": "generally accepted",
    "dimensions": "106.5 × 166.4 cm",
    "image": "https://upload.wikimedia.org/wikipedia/commons/thumb/1/14/Fountain_of_Indolence_by_J._M._W._Turner.jpg/500px-Fountain_of_Indolence_by_J._M._W._Turner.jpg?utm_source=en.wikipedia.org&amp;utm_campaign=parser&amp;utm_content=thumbnail",
    "notable": true,
    "wikipedia_en": "https://en.wikipedia.org/wiki/The_Fountain_of_Indolence",
    "creation_place": "London",
    "creation_lat": 51.5074,
    "creation_lon": -0.1278,
    "_source": {
     "source": "Wikipedia: List of paintings by J. M. W. Turner",
     "coord": "MediaWiki coordinates API"
    },
    "museum_id": "beaverbrook-art-gallery",
    "qid": "Q17014543",
    "wikidata": "https://www.wikidata.org/wiki/Q17014543"
   }
  },
  {
   "type": "Feature",
   "geometry": {
    "type": "Point",
    "coordinates": [
     -0.12722,
     51.49083
    ]
   },
   "properties": {
    "painter": "J.M.W. Turner",
    "title": "The Golden Bough",
    "year": "1834",
    "city": "London",
    "country": "United Kingdom",
    "location": "Tate Britain",
    "attribution": "generally accepted",
    "dimensions": "104.1 × 163.8 cm",
    "image": "https://upload.wikimedia.org/wikipedia/commons/thumb/d/d4/%28Barcelona%29_The_Golden_Bough_-_Joseph_Mallord_William_Turner_-_Tate_Britain.jpg/500px-%28Barcelona%29_The_Golden_Bough_-_Joseph_Mallord_William_Turner_-_Tate_Britain.jpg?utm_source=en.wikipedia.org&amp;utm_campaign=parser&amp;utm_content=thumbnail",
    "notable": true,
    "wikipedia_en": "https://en.wikipedia.org/wiki/The_Golden_Bough_(painting)",
    "creation_place": "London",
    "creation_lat": 51.5074,
    "creation_lon": -0.1278,
    "_source": {
     "source": "Wikipedia: List of paintings by J. M. W. Turner",
     "coord": "MediaWiki coordinates API"
    },
    "museum_id": "tate-britain",
    "qid": "Q28537062",
    "wikidata": "https://www.wikidata.org/wiki/Q28537062"
   }
  },
  {
   "type": "Feature",
   "geometry": {
    "type": "Point",
    "coordinates": [
     -0.17194,
     51.49667
    ]
   },
   "properties": {
    "painter": "J.M.W. Turner",
    "title": "St Michael's Mount, Cornwall",
    "year": "1834",
    "city": "London",
    "country": "United Kingdom",
    "location": "Victoria and Albert Museum",
    "attribution": "generally accepted",
    "dimensions": "61 × 77.4 cm",
    "image": "https://upload.wikimedia.org/wikipedia/commons/thumb/b/bb/Turner_-_St_Michael%27s_Mount%2C_Cornwall%2C_c.1834%2C_FA.209%28O%29.jpg/500px-Turner_-_St_Michael%27s_Mount%2C_Cornwall%2C_c.1834%2C_FA.209%28O%29.jpg?utm_source=en.wikipedia.org&amp;utm_campaign=parser&amp;utm_content=thumbnail",
    "notable": true,
    "wikipedia_en": "https://en.wikipedia.org/wiki/St_Michael%27s_Mount,_Cornwall",
    "creation_place": "London",
    "creation_lat": 51.5074,
    "creation_lon": -0.1278,
    "_source": {
     "source": "Wikipedia: List of paintings by J. M. W. Turner",
     "coord": "MediaWiki coordinates API"
    },
    "museum_id": "victoria-and-albert-museum",
    "qid": "Q119041031",
    "wikidata": "https://www.wikidata.org/wiki/Q119041031"
   }
  },
  {
   "type": "Feature",
   "geometry": {
    "type": "Point",
    "coordinates": [
     -75.181,
     39.966
    ]
   },
   "properties": {
    "painter": "J.M.W. Turner",
    "title": "The Burning of the Houses of Lords and Commons, 16th October, 1834",
    "year": "1834-1835",
    "city": "Philadelphia",
    "country": "United States",
    "location": "Philadelphia Museum of Art",
    "attribution": "generally accepted",
    "dimensions": "92 × 123.1 cm",
    "image": "https://upload.wikimedia.org/wikipedia/commons/thumb/c/c3/Joseph_Mallord_William_Turner%2C_English_-_The_Burning_of_the_Houses_of_Lords_and_Commons%2C_October_16%2C_1834_-_Google_Art_Project.jpg/500px-Joseph_Mallord_William_Turner%2C_English_-_The_Burning_of_the_Houses_of_Lords_and_Commons%2C_October_16%2C_1834_-_Google_Art_Project.jpg?utm_source=en.wikipedia.org&amp;utm_campaign=parser&amp;utm_content=thumbnail",
    "notable": true,
    "wikipedia_en": "https://en.wikipedia.org/wiki/The_Burning_of_the_Houses_of_Lords_and_Commons",
    "creation_place": "London",
    "creation_lat": 51.5074,
    "creation_lon": -0.1278,
    "_source": {
     "source": "Wikipedia: List of paintings by J. M. W. Turner",
     "coord": "MediaWiki coordinates API"
    },
    "museum_id": "philadelphia-museum-of-art",
    "qid": "Q80974590",
    "wikidata": "https://www.wikidata.org/wiki/Q80974590",
    "_merged": [
     {
      "source": "Wikidata",
      "title": "The Burning of the Houses of Lords and Commons",
      "qid": "Q3204090",
      "url": "https://www.wikidata.org/wiki/Q3204090"
     }
    ]
   }
  },
  {
   "type": "Feature",
   "geometry": {
    "type": "Point",
    "coordinates": [
     -81.61167,
     41.50889
    ]
   },
   "properties": {
    "painter": "J.M.W. Turner",
    "title": "The Burning of the Houses of Lords and Commons, 16th October, 1834",
    "year": "1834-1835",
    "city": "Cleveland",
    "country": "United States",
    "location": "Cleveland Museum of Art",
    "attribution": "generally accepted",
    "dimensions": "92 × 123 cm",
    "image": "https://upload.wikimedia.org/wikipedia/commons/thumb/e/e5/Joseph_Mallord_William_Turner_-_The_Burning_of_the_Houses_of_Lords_and_Commons%2C_16_October_1834_-_1942.647_-_Cleveland_Museum_of_Art.jpg/500px-Joseph_Mallord_William_Turner_-_The_Burning_of_the_Houses_of_Lords_and_Commons%2C_16_October_1834_-_1942.647_-_Cleveland_Museum_of_Art.jpg?utm_source=en.wikipedia.org&amp;utm_campaign=parser&amp;utm_content=thumbnail",
    "notable": true,
    "wikipedia_en": "https://en.wikipedia.org/wiki/The_Burning_of_the_Houses_of_Lords_and_Commons",
    "creation_place": "London",
    "creation_lat": 51.5074,
    "creation_lon": -0.1278,
    "_source": {
     "source": "Wikipedia: List of paintings by J. M. W. Turner",
     "coord": "MediaWiki coordinates API"
    },
    "museum_id": "cleveland-museum-of-art",
    "qid": "Q80974590",
    "wikidata": "https://www.wikidata.org/wiki/Q80974590",
    "_merged": [
     {
      "source": "Wikidata",
      "title": "The Burning of the Houses of Lords and Commons, 16 October 1834",
      "qid": "Q60514853",
      "url": "https://www.wikidata.org/wiki/Q60514853"
     }
    ]
   }
  },
  {
   "type": "Feature",
   "geometry": {
    "type": "Point",
    "coordinates": [
     -0.12722,
     51.49083
    ]
   },
   "properties": {
    "painter": "J.M.W. Turner",
    "title": "The Long Cellar at Petworth",
    "year": "1835",
    "city": "London",
    "country": "United Kingdom",
    "location": "Tate Britain",
    "attribution": "generally accepted",
    "dimensions": "74.9 × 91.4 cm",
    "image": "https://upload.wikimedia.org/wikipedia/commons/thumb/3/3d/Joseph_Mallord_William_Turner_%281775-1851%29_-_The_Long_Cellar_at_Petworth_-_N05539_-_National_Gallery.jpg/500px-Joseph_Mallord_William_Turner_%281775-1851%29_-_The_Long_Cellar_at_Petworth_-_N05539_-_National_Gallery.jpg?utm_source=en.wikipedia.org&amp;utm_campaign=parser&amp;utm_content=thumbnail",
    "notable": true,
    "creation_place": "London",
    "creation_lat": 51.5074,
    "creation_lon": -0.1278,
    "_source": {
     "source": "Wikipedia: List of paintings by J. M. W. Turner",
     "coord": "MediaWiki coordinates API"
    },
    "museum_id": "tate-britain",
    "qid": "Q28542140",
    "wikidata": "https://www.wikidata.org/wiki/Q28542140",
    "_overrides": {
     "qid": {
      "at": "2026-08-24",
      "source": "Wikidata reconciliation",
      "note": "matched to Q28542140 by normalised title + year (±8), same creator (merge_wd_extras)"
     }
    }
   }
  },
  {
   "type": "Feature",
   "geometry": {
    "type": "Point",
    "coordinates": [
     -0.12722,
     51.49083
    ]
   },
   "properties": {
    "painter": "J.M.W. Turner",
    "title": "The Arch of Constantine, Rome",
    "year": "1835",
    "city": "London",
    "country": "United Kingdom",
    "location": "Tate Britain",
    "attribution": "generally accepted",
    "dimensions": "91.4 × 121.9 cm",
    "image": "https://upload.wikimedia.org/wikipedia/commons/thumb/f/f6/Joseph_Mallord_William_Turner_%281775-1851%29_-_The_Arch_of_Constantine%2C_Rome_-_N02066_-_National_Gallery.jpg/500px-Joseph_Mallord_William_Turner_%281775-1851%29_-_The_Arch_of_Constantine%2C_Rome_-_N02066_-_National_Gallery.jpg?utm_source=en.wikipedia.org&amp;utm_campaign=parser&amp;utm_content=thumbnail",
    "notable": true,
    "creation_place": "London",
    "creation_lat": 51.5074,
    "creation_lon": -0.1278,
    "_source": {
     "source": "Wikipedia: List of paintings by J. M. W. Turner",
     "coord": "MediaWiki coordinates API"
    },
    "museum_id": "tate-britain",
    "qid": "Q28542103",
    "wikidata": "https://www.wikidata.org/wiki/Q28542103",
    "_overrides": {
     "qid": {
      "at": "2026-08-24",
      "source": "Wikidata reconciliation",
      "note": "matched to Q28542103 by normalised title + year (±8), same creator (merge_wd_extras)"
     }
    }
   }
  },
  {
   "type": "Feature",
   "geometry": {
    "type": "Point",
    "coordinates": [
     -77.02,
     38.8914
    ]
   },
   "properties": {
    "painter": "J.M.W. Turner",
    "title": "Keelmen Heaving in Coals by Moonlight",
    "year": "1835",
    "city": "Washington",
    "country": "United States",
    "location": "National Gallery of Art",
    "attribution": "generally accepted",
    "dimensions": "92.3 × 122.8 cm",
    "image": "https://upload.wikimedia.org/wikipedia/commons/thumb/3/39/Joseph_Mallord_William_Turner_-_Keelmen_Heaving_in_Coals_by_Moonlight_-_Google_Art_Project.jpg/500px-Joseph_Mallord_William_Turner_-_Keelmen_Heaving_in_Coals_by_Moonlight_-_Google_Art_Project.jpg?utm_source=en.wikipedia.org&amp;utm_campaign=parser&amp;utm_content=thumbnail",
    "notable": true,
    "wikipedia_en": "https://en.wikipedia.org/wiki/Keelmen_Heaving_in_Coals_by_Moonlight",
    "creation_place": "London",
    "creation_lat": 51.5074,
    "creation_lon": -0.1278,
    "_source": {
     "source": "Wikipedia: List of paintings by J. M. W. Turner",
     "coord": "MediaWiki coordinates API"
    },
    "museum_id": "national-gallery-of-art",
    "qid": "Q20185817",
    "wikidata": "https://www.wikidata.org/wiki/Q20185817"
   }
  },
  {
   "type": "Feature",
   "geometry": {
    "type": "Point",
    "coordinates": [
     -3.1773,
     51.4858
    ]
   },
   "properties": {
    "painter": "J.M.W. Turner",
    "title": "A Sailing Boat off Deal",
    "year": "1835",
    "location": "National Museum Cardiff",
    "attribution": "generally accepted",
    "dimensions": "22.6 × 30.3 cm",
    "image": "https://upload.wikimedia.org/wikipedia/commons/thumb/e/e5/Turner_-_A_Sailing_Boat_off_Deal%2C_c.1835%2C_NMW_A_435.jpg/500px-Turner_-_A_Sailing_Boat_off_Deal%2C_c.1835%2C_NMW_A_435.jpg?utm_source=en.wikipedia.org&amp;utm_campaign=parser&amp;utm_content=thumbnail",
    "notable": true,
    "creation_place": "London",
    "creation_lat": 51.5074,
    "creation_lon": -0.1278,
    "_source": {
     "source": "Wikipedia: List of paintings by J. M. W. Turner",
     "coord": "MediaWiki coordinates API"
    },
    "museum_id": "national-museum-cardiff",
    "city": "Cardiff",
    "country": "Wales",
    "qid": "Q119041171",
    "wikidata": "https://www.wikidata.org/wiki/Q119041171",
    "_overrides": {
     "qid": {
      "at": "2026-08-24",
      "source": "Wikidata reconciliation",
      "note": "matched to Q119041171 by normalised title + year (±8), same creator (merge_wd_extras)"
     }
    }
   }
  },
  {
   "type": "Feature",
   "geometry": {
    "type": "Point",
    "coordinates": [
     -0.17194,
     51.49667
    ]
   },
   "properties": {
    "painter": "J.M.W. Turner",
    "title": "Line Fishing, Off Hastings",
    "year": "1835",
    "city": "London",
    "country": "United Kingdom",
    "location": "Victoria and Albert Museum",
    "attribution": "generally accepted",
    "dimensions": "58.4 × 76.2 cm",
    "image": "https://upload.wikimedia.org/wikipedia/commons/thumb/5/58/Turner%2C_Joseph_Mallord_William_%28RA%29_-_Line_Fishing%2C_Off_Hastings_-_Google_Art_Project.jpg/500px-Turner%2C_Joseph_Mallord_William_%28RA%29_-_Line_Fishing%2C_Off_Hastings_-_Google_Art_Project.jpg?utm_source=en.wikipedia.org&amp;utm_campaign=parser&amp;utm_content=thumbnail",
    "notable": true,
    "wikipedia_en": "https://en.wikipedia.org/wiki/Line_Fishing,_Off_Hastings",
    "creation_place": "London",
    "creation_lat": 51.5074,
    "creation_lon": -0.1278,
    "_source": {
     "source": "Wikipedia: List of paintings by J. M. W. Turner",
     "coord": "MediaWiki coordinates API"
    },
    "museum_id": "victoria-and-albert-museum",
    "qid": "Q119041403",
    "wikidata": "https://www.wikidata.org/wiki/Q119041403"
   }
  },
  {
   "type": "Feature",
   "geometry": {
    "type": "Point",
    "coordinates": [
     -0.12722,
     51.49083
    ]
   },
   "properties": {
    "painter": "J.M.W. Turner",
    "title": "The Cave of Despair",
    "year": "1835",
    "city": "London",
    "country": "United Kingdom",
    "location": "Tate Britain",
    "attribution": "generally accepted",
    "dimensions": "50.8 × 81.3 cm",
    "image": "https://upload.wikimedia.org/wikipedia/commons/thumb/a/a2/Joseph_Mallord_William_Turner_%281775-1851%29_-_The_Cave_of_Despair_-_N05522_-_National_Gallery.jpg/500px-Joseph_Mallord_William_Turner_%281775-1851%29_-_The_Cave_of_Despair_-_N05522_-_National_Gallery.jpg?utm_source=en.wikipedia.org&amp;utm_campaign=parser&amp;utm_content=thumbnail",
    "notable": true,
    "creation_place": "London",
    "creation_lat": 51.5074,
    "creation_lon": -0.1278,
    "_source": {
     "source": "Wikipedia: List of paintings by J. M. W. Turner",
     "coord": "MediaWiki coordinates API"
    },
    "museum_id": "tate-britain",
    "qid": "Q28542129",
    "wikidata": "https://www.wikidata.org/wiki/Q28542129",
    "_overrides": {
     "qid": {
      "at": "2026-08-24",
      "source": "Wikidata reconciliation",
      "note": "matched to Q28542129 by normalised title + year (±8), same creator (merge_wd_extras)"
     }
    }
   }
  },
  {
   "type": "Feature",
   "geometry": {
    "type": "Point",
    "coordinates": [
     -0.12722,
     51.49083
    ]
   },
   "properties": {
    "painter": "J.M.W. Turner",
    "title": "Music Party, East Cowes Castle",
    "year": "1835",
    "city": "London",
    "country": "United Kingdom",
    "location": "Tate Britain",
    "attribution": "generally accepted",
    "dimensions": "121.3 × 90.5 cm",
    "image": "https://upload.wikimedia.org/wikipedia/commons/thumb/2/26/Joseph_Mallord_William_Turner_%281775-1851%29_-_Music_Party%2C_East_Cowes_Castle_-_N03550_-_National_Gallery.jpg/500px-Joseph_Mallord_William_Turner_%281775-1851%29_-_Music_Party%2C_East_Cowes_Castle_-_N03550_-_National_Gallery.jpg?utm_source=en.wikipedia.org&amp;utm_campaign=parser&amp;utm_content=thumbnail",
    "notable": true,
    "creation_place": "London",
    "creation_lat": 51.5074,
    "creation_lon": -0.1278,
    "_source": {
     "source": "Wikipedia: List of paintings by J. M. W. Turner",
     "coord": "MediaWiki coordinates API"
    },
    "museum_id": "tate-britain",
    "qid": "Q3328785",
    "wikidata": "https://www.wikidata.org/wiki/Q3328785",
    "_overrides": {
     "qid": {
      "at": "2026-08-24",
      "source": "Wikidata reconciliation",
      "note": "matched to Q3328785 by normalised title + year (±8), same creator (merge_wd_extras)"
     }
    },
    "_merged": [
     {
      "source": "Wikidata",
      "title": "Music Party East Cowes Castle",
      "qid": "Q3328785",
      "url": "https://www.wikidata.org/wiki/Q3328785"
     }
    ]
   }
  },
  {
   "type": "Feature",
   "geometry": {
    "type": "Point",
    "coordinates": [
     -0.12722,
     51.49083
    ]
   },
   "properties": {
    "painter": "J.M.W. Turner",
    "title": "Tivoli: Tobias and the Angel",
    "year": "1835",
    "city": "London",
    "country": "United Kingdom",
    "location": "Tate Britain",
    "attribution": "generally accepted",
    "dimensions": "90.5 × 121 cm",
    "image": "https://upload.wikimedia.org/wikipedia/commons/thumb/b/bf/Turner_-_Tivoli_Tobias_and_the_Angel%2C_c.1835%2C_N02067.jpg/500px-Turner_-_Tivoli_Tobias_and_the_Angel%2C_c.1835%2C_N02067.jpg?utm_source=en.wikipedia.org&amp;utm_campaign=parser&amp;utm_content=thumbnail",
    "notable": true,
    "creation_place": "London",
    "creation_lat": 51.5074,
    "creation_lon": -0.1278,
    "_source": {
     "source": "Wikipedia: List of paintings by J. M. W. Turner",
     "coord": "MediaWiki coordinates API"
    },
    "museum_id": "tate-britain",
    "qid": "Q28542084",
    "wikidata": "https://www.wikidata.org/wiki/Q28542084",
    "_overrides": {
     "qid": {
      "at": "2026-08-24",
      "source": "Wikidata reconciliation",
      "note": "matched to Q28542084 by normalised title + year (±8), same creator (merge_wd_extras)"
     }
    }
   }
  },
  {
   "type": "Feature",
   "geometry": {
    "type": "Point",
    "coordinates": [
     -0.12722,
     51.49083
    ]
   },
   "properties": {
    "painter": "J.M.W. Turner",
    "title": "A Disaster at Sea",
    "year": "1835",
    "city": "London",
    "country": "United Kingdom",
    "location": "Tate Britain",
    "attribution": "generally accepted",
    "dimensions": "171.4 × 220.3 cm",
    "image": "https://upload.wikimedia.org/wikipedia/commons/thumb/d/d3/Joseph_Mallord_William_Turner_%281775-1851%29_-_A_Disaster_at_Sea_-_N00558_-_National_Gallery.jpg/500px-Joseph_Mallord_William_Turner_%281775-1851%29_-_A_Disaster_at_Sea_-_N00558_-_National_Gallery.jpg?utm_source=en.wikipedia.org&amp;utm_campaign=parser&amp;utm_content=thumbnail",
    "notable": true,
    "wikipedia_en": "https://en.wikipedia.org/wiki/A_Disaster_at_Sea",
    "creation_place": "London",
    "creation_lat": 51.5074,
    "creation_lon": -0.1278,
    "_source": {
     "source": "Wikipedia: List of paintings by J. M. W. Turner",
     "coord": "MediaWiki coordinates API"
    },
    "museum_id": "tate-britain",
    "qid": "Q18687252",
    "wikidata": "https://www.wikidata.org/wiki/Q18687252"
   }
  },
  {
   "type": "Feature",
   "geometry": {
    "type": "Point",
    "coordinates": [
     -73.9631,
     40.7794
    ]
   },
   "properties": {
    "painter": "J.M.W. Turner",
    "title": "Venice, from the Porch of Madonna della Salute",
    "year": "c. 1835",
    "city": "New York",
    "location": "Metropolitan Museum of Art",
    "attribution": "generally accepted",
    "dimensions": "91.4 × 122.2 cm",
    "image": "https://upload.wikimedia.org/wikipedia/commons/thumb/7/7d/Turner%2C_J._M._W._-_The_Grand_Canal_-_Venice.jpg/500px-Turner%2C_J._M._W._-_The_Grand_Canal_-_Venice.jpg?utm_source=en.wikipedia.org&amp;utm_campaign=parser&amp;utm_content=thumbnail",
    "notable": true,
    "wikipedia_en": "https://en.wikipedia.org/wiki/Venice,_from_the_Porch_of_Madonna_della_Salute",
    "creation_place": "London",
    "creation_lat": 51.5074,
    "creation_lon": -0.1278,
    "_source": {
     "source": "Wikipedia: List of paintings by J. M. W. Turner",
     "coord": "MediaWiki coordinates API"
    },
    "museum_id": "metropolitan-museum-of-art",
    "country": "United States",
    "qid": "Q20018653",
    "wikidata": "https://www.wikidata.org/wiki/Q20018653",
    "wga_url": "https://www.wga.hu/html/t/turner/1/110turne.html"
   }
  },
  {
   "type": "Feature",
   "geometry": {
    "type": "Point",
    "coordinates": [
     -0.12722,
     51.49083
    ]
   },
   "properties": {
    "painter": "J.M.W. Turner",
    "title": "Venice, the Piazzetta with the Ceremony of the Doge Marrying the Sea",
    "year": "1835",
    "city": "London",
    "country": "United Kingdom",
    "location": "Tate Britain",
    "attribution": "generally accepted",
    "dimensions": "91.4 × 121.9 cm",
    "image": "https://upload.wikimedia.org/wikipedia/commons/thumb/f/fe/%28Barcelona%29_Venice%2C_the_Piazzetta_with_the_Ceremony_of_the_Doge_Marryring_the_Sea_-_William_Turner_Tate_Britain.jpg/500px-%28Barcelona%29_Venice%2C_the_Piazzetta_with_the_Ceremony_of_the_Doge_Marryring_the_Sea_-_William_Turner_Tate_Britain.jpg?utm_source=en.wikipedia.org&amp;utm_campaign=parser&amp;utm_content=thumbnail",
    "notable": true,
    "creation_place": "London",
    "creation_lat": 51.5074,
    "creation_lon": -0.1278,
    "_source": {
     "source": "Wikipedia: List of paintings by J. M. W. Turner",
     "coord": "MediaWiki coordinates API"
    },
    "museum_id": "tate-britain",
    "qid": "Q28537472",
    "wikidata": "https://www.wikidata.org/wiki/Q28537472",
    "_overrides": {
     "qid": {
      "at": "2026-08-24",
      "source": "Wikidata reconciliation",
      "note": "matched to Q28537472 by normalised title + year (±8), same creator (merge_wd_extras)"
     }
    }
   }
  },
  {
   "type": "Feature",
   "geometry": {
    "type": "Point",
    "coordinates": [
     -0.12722,
     51.49083
    ]
   },
   "properties": {
    "painter": "J.M.W. Turner",
    "title": "Stormy Sea with Blazing Wreck",
    "year": "1835-1840",
    "city": "London",
    "country": "United Kingdom",
    "location": "Tate Britain",
    "attribution": "generally accepted",
    "dimensions": "99.4 × 141.6 cm",
    "image": "https://upload.wikimedia.org/wikipedia/commons/thumb/e/e1/%28Barcelona%29_Stromy_Sea_with_Blazing_Wreck_-_William_Turner_-_Tate_Britain.jpg/500px-%28Barcelona%29_Stromy_Sea_with_Blazing_Wreck_-_William_Turner_-_Tate_Britain.jpg?utm_source=en.wikipedia.org&amp;utm_campaign=parser&amp;utm_content=thumbnail",
    "notable": true,
    "creation_place": "London",
    "creation_lat": 51.5074,
    "creation_lon": -0.1278,
    "_source": {
     "source": "Wikipedia: List of paintings by J. M. W. Turner",
     "coord": "MediaWiki coordinates API"
    },
    "museum_id": "tate-britain",
    "qid": "Q28532867",
    "wikidata": "https://www.wikidata.org/wiki/Q28532867",
    "_overrides": {
     "qid": {
      "at": "2026-08-24",
      "source": "Wikidata reconciliation",
      "note": "matched to Q28532867 by normalised title + year (±8), same creator (merge_wd_extras)"
     }
    }
   }
  },
  {
   "type": "Feature",
   "geometry": {
    "type": "Point",
    "coordinates": [
     -0.12722,
     51.49083
    ]
   },
   "properties": {
    "painter": "J.M.W. Turner",
    "title": "Stormy Sea with Dolphins",
    "year": "1835-1840",
    "city": "London",
    "country": "United Kingdom",
    "location": "Tate Britain",
    "attribution": "generally accepted",
    "dimensions": "90.2 × 121.3 cm",
    "image": "https://upload.wikimedia.org/wikipedia/commons/thumb/5/5f/Joseph_Mallord_William_Turner_%281775-1851%29_-_Stormy_Sea_with_Dolphins_-_N04664_-_National_Gallery.jpg/500px-Joseph_Mallord_William_Turner_%281775-1851%29_-_Stormy_Sea_with_Dolphins_-_N04664_-_National_Gallery.jpg?utm_source=en.wikipedia.org&amp;utm_campaign=parser&amp;utm_content=thumbnail",
    "notable": true,
    "creation_place": "London",
    "creation_lat": 51.5074,
    "creation_lon": -0.1278,
    "_source": {
     "source": "Wikipedia: List of paintings by J. M. W. Turner",
     "coord": "MediaWiki coordinates API"
    },
    "museum_id": "tate-britain",
    "qid": "Q28532883",
    "wikidata": "https://www.wikidata.org/wiki/Q28532883",
    "_overrides": {
     "qid": {
      "at": "2026-08-24",
      "source": "Wikidata reconciliation",
      "note": "matched to Q28532883 by normalised title + year (±8), same creator (merge_wd_extras)"
     }
    }
   }
  },
  {
   "type": "Feature",
   "geometry": {
    "type": "Point",
    "coordinates": [
     -2.9214,
     53.3735
    ]
   },
   "properties": {
    "painter": "J.M.W. Turner",
    "title": "Margate Harbour",
    "year": "1835-1845",
    "city": "Liverpool",
    "location": "Sudley House",
    "attribution": "generally accepted",
    "dimensions": "45.9 × 61.1 cm",
    "image": "https://upload.wikimedia.org/wikipedia/commons/thumb/c/c9/Turner_-_Margate_Harbour%2C_c.1835%E2%80%93c.1845%2C_WAG_312.jpg/500px-Turner_-_Margate_Harbour%2C_c.1835%E2%80%93c.1845%2C_WAG_312.jpg?utm_source=en.wikipedia.org&amp;utm_campaign=parser&amp;utm_content=thumbnail",
    "notable": true,
    "creation_place": "London",
    "creation_lat": 51.5074,
    "creation_lon": -0.1278,
    "_source": {
     "source": "Wikipedia: List of paintings by J. M. W. Turner",
     "coord": "MediaWiki coordinates API"
    },
    "museum_id": "sudley-house",
    "qid": "Q119041634",
    "wikidata": "https://www.wikidata.org/wiki/Q119041634",
    "_overrides": {
     "qid": {
      "at": "2026-08-24",
      "source": "Wikidata reconciliation",
      "note": "matched to Q119041634 by normalised title + year (±8), same creator (merge_wd_extras)"
     }
    }
   }
  },
  {
   "type": "Feature",
   "geometry": {
    "type": "Point",
    "coordinates": [
     -3.1773,
     51.4858
    ]
   },
   "properties": {
    "painter": "J.M.W. Turner",
    "title": "The Morning after the Wreck",
    "year": "1835-1845",
    "location": "National Museum Cardiff",
    "attribution": "generally accepted",
    "dimensions": "38.7 × 61.8 cm",
    "image": "https://upload.wikimedia.org/wikipedia/commons/thumb/3/39/Turner_-_The_Morning_after_the_Wreck%2C_c.1835%E2%80%931840%2C_NMW_A_436.jpg/500px-Turner_-_The_Morning_after_the_Wreck%2C_c.1835%E2%80%931840%2C_NMW_A_436.jpg?utm_source=en.wikipedia.org&amp;utm_campaign=parser&amp;utm_content=thumbnail",
    "notable": true,
    "creation_place": "London",
    "creation_lat": 51.5074,
    "creation_lon": -0.1278,
    "_source": {
     "source": "Wikipedia: List of paintings by J. M. W. Turner",
     "coord": "MediaWiki coordinates API"
    },
    "museum_id": "national-museum-cardiff",
    "city": "Cardiff",
    "country": "Wales",
    "qid": "Q119041679",
    "wikidata": "https://www.wikidata.org/wiki/Q119041679",
    "_overrides": {
     "qid": {
      "at": "2026-08-24",
      "source": "Wikidata reconciliation",
      "note": "matched to Q119041679 by normalised title + year (±8), same creator (merge_wd_extras)"
     }
    }
   }
  },
  {
   "type": "Feature",
   "geometry": {
    "type": "Point",
    "coordinates": [
     -0.12722,
     51.49083
    ]
   },
   "properties": {
    "painter": "J.M.W. Turner",
    "title": "Breakers on a Flat Beach",
    "year": "1835–1840",
    "city": "London",
    "country": "United Kingdom",
    "location": "Tate Britain",
    "attribution": "generally accepted",
    "dimensions": "90.2 × 121 cm",
    "image": "https://upload.wikimedia.org/wikipedia/commons/thumb/b/b1/Joseph_Mallord_William_Turner_%281775-1851%29_-_Breakers_on_a_Flat_Beach_-_N01987_-_National_Gallery.jpg/500px-Joseph_Mallord_William_Turner_%281775-1851%29_-_Breakers_on_a_Flat_Beach_-_N01987_-_National_Gallery.jpg?utm_source=en.wikipedia.org&amp;utm_campaign=parser&amp;utm_content=thumbnail",
    "notable": true,
    "creation_place": "London",
    "creation_lat": 51.5074,
    "creation_lon": -0.1278,
    "_source": {
     "source": "Wikipedia: List of paintings by J. M. W. Turner",
     "coord": "MediaWiki coordinates API"
    },
    "museum_id": "tate-britain",
    "qid": "Q28539633",
    "wikidata": "https://www.wikidata.org/wiki/Q28539633",
    "_overrides": {
     "qid": {
      "at": "2026-08-24",
      "source": "Wikidata reconciliation",
      "note": "matched to Q28539633 by normalised title + year (±8), same creator (merge_wd_extras)"
     }
    }
   }
  },
  {
   "type": "Feature",
   "geometry": {
    "type": "Point",
    "coordinates": [
     -0.12722,
     51.49083
    ]
   },
   "properties": {
    "painter": "J.M.W. Turner",
    "title": "Seascape",
    "year": "1835–1840",
    "city": "London",
    "country": "United Kingdom",
    "location": "Tate Britain",
    "attribution": "generally accepted",
    "dimensions": "90.2 × 121 cm",
    "image": "https://upload.wikimedia.org/wikipedia/commons/thumb/5/55/Joseph_Mallord_William_Turner_%281775-1851%29_-_Seascape_-_N05515_-_National_Gallery.jpg/500px-Joseph_Mallord_William_Turner_%281775-1851%29_-_Seascape_-_N05515_-_National_Gallery.jpg?utm_source=en.wikipedia.org&amp;utm_campaign=parser&amp;utm_content=thumbnail",
    "notable": true,
    "creation_place": "London",
    "creation_lat": 51.5074,
    "creation_lon": -0.1278,
    "_source": {
     "source": "Wikipedia: List of paintings by J. M. W. Turner",
     "coord": "MediaWiki coordinates API"
    },
    "museum_id": "tate-britain",
    "qid": "Q28542204",
    "wikidata": "https://www.wikidata.org/wiki/Q28542204",
    "_overrides": {
     "qid": {
      "at": "2026-08-24",
      "source": "Wikidata reconciliation",
      "note": "matched to Q28542204 by normalised title + year (±8), same creator (merge_wd_extras)"
     }
    }
   }
  },
  {
   "type": "Feature",
   "geometry": {
    "type": "Point",
    "coordinates": [
     -3.1773,
     51.4858
    ]
   },
   "properties": {
    "painter": "J.M.W. Turner",
    "title": "The Beacon Light",
    "year": "1835-1845",
    "location": "National Museum Cardiff",
    "attribution": "generally accepted",
    "dimensions": "61.5 × 96 cm",
    "image": "https://upload.wikimedia.org/wikipedia/commons/thumb/1/12/Turner_-_The_Beacon_Light%2C_c.1835%E2%80%931845%2C_NMW_A_433.jpg/500px-Turner_-_The_Beacon_Light%2C_c.1835%E2%80%931845%2C_NMW_A_433.jpg?utm_source=en.wikipedia.org&amp;utm_campaign=parser&amp;utm_content=thumbnail",
    "notable": true,
    "creation_place": "London",
    "creation_lat": 51.5074,
    "creation_lon": -0.1278,
    "_source": {
     "source": "Wikipedia: List of paintings by J. M. W. Turner",
     "coord": "MediaWiki coordinates API"
    },
    "museum_id": "national-museum-cardiff",
    "city": "Cardiff",
    "country": "Wales",
    "qid": "Q7715989",
    "wikidata": "https://www.wikidata.org/wiki/Q7715989",
    "_overrides": {
     "qid": {
      "at": "2026-08-24",
      "source": "Wikidata reconciliation",
      "note": "matched to Q7715989 by normalised title + year (±8), same creator (merge_wd_extras)"
     }
    }
   }
  },
  {
   "type": "Feature",
   "geometry": {
    "type": "Point",
    "coordinates": [
     -0.12722,
     51.49083
    ]
   },
   "properties": {
    "painter": "J.M.W. Turner",
    "title": "Head of a Person Asleep",
    "year": "1835",
    "city": "London",
    "country": "United Kingdom",
    "location": "Tate Britain",
    "attribution": "generally accepted",
    "dimensions": "24.4 × 30.2 cm",
    "image": "https://upload.wikimedia.org/wikipedia/commons/thumb/c/cf/Joseph_Mallord_William_Turner_%281775-1851%29_-_Head_of_a_Person_Asleep_-_N05494_-_National_Gallery.jpg/500px-Joseph_Mallord_William_Turner_%281775-1851%29_-_Head_of_a_Person_Asleep_-_N05494_-_National_Gallery.jpg?utm_source=en.wikipedia.org&amp;utm_campaign=parser&amp;utm_content=thumbnail",
    "notable": true,
    "creation_place": "London",
    "creation_lat": 51.5074,
    "creation_lon": -0.1278,
    "_source": {
     "source": "Wikipedia: List of paintings by J. M. W. Turner",
     "coord": "MediaWiki coordinates API"
    },
    "museum_id": "tate-britain",
    "qid": "Q28533429",
    "wikidata": "https://www.wikidata.org/wiki/Q28533429",
    "_overrides": {
     "qid": {
      "at": "2026-08-24",
      "source": "Wikidata reconciliation",
      "note": "matched to Q28533429 by normalised title + year (±8), same creator (merge_wd_extras)"
     }
    }
   }
  },
  {
   "type": "Feature",
   "geometry": {
    "type": "Point",
    "coordinates": [
     -0.1283,
     51.5089
    ]
   },
   "properties": {
    "painter": "J.M.W. Turner",
    "title": "Margate (?), from the Sea",
    "year": "1835-1840",
    "city": "London",
    "country": "United Kingdom",
    "location": "National Gallery",
    "attribution": "generally accepted",
    "dimensions": "91.2 × 122.2 cm",
    "image": "https://upload.wikimedia.org/wikipedia/commons/thumb/f/f7/Joseph_Mallord_William_Turner_%281775-1851%29_-_Margate_%28%5E%29%2C_from_the_Sea_-_NG1984_-_National_Gallery.jpg/500px-Joseph_Mallord_William_Turner_%281775-1851%29_-_Margate_%28%5E%29%2C_from_the_Sea_-_NG1984_-_National_Gallery.jpg?utm_source=en.wikipedia.org&amp;utm_campaign=parser&amp;utm_content=thumbnail",
    "notable": true,
    "creation_place": "London",
    "creation_lat": 51.5074,
    "creation_lon": -0.1278,
    "_source": {
     "source": "Wikipedia: List of paintings by J. M. W. Turner",
     "coord": "MediaWiki coordinates API"
    },
    "museum_id": "national-gallery",
    "qid": "Q26692743",
    "wikidata": "https://www.wikidata.org/wiki/Q26692743",
    "_overrides": {
     "qid": {
      "at": "2026-08-24",
      "source": "Wikidata reconciliation",
      "note": "matched to Q26692743 by normalised title + year (±8), same creator (merge_wd_extras)"
     }
    }
   }
  },
  {
   "type": "Feature",
   "geometry": {
    "type": "Point",
    "coordinates": [
     -58.365,
     -34.59944
    ]
   },
   "properties": {
    "painter": "J.M.W. Turner",
    "title": "Juliet and Her Nurse",
    "year": "1836",
    "city": "Buenos Aires",
    "location": "AMALITA Collection",
    "attribution": "generally accepted",
    "dimensions": "88 × 121 cm",
    "image": "https://upload.wikimedia.org/wikipedia/commons/thumb/b/b1/J._M._W._Turner_-_Juliet_and_her_Nurse_%281836%29_Google_Art_Project.jpg/500px-J._M._W._Turner_-_Juliet_and_her_Nurse_%281836%29_Google_Art_Project.jpg?utm_source=en.wikipedia.org&amp;utm_campaign=parser&amp;utm_content=thumbnail",
    "notable": true,
    "wikipedia_en": "https://en.wikipedia.org/wiki/Juliet_and_her_Nurse",
    "creation_place": "London",
    "creation_lat": 51.5074,
    "creation_lon": -0.1278,
    "_source": {
     "source": "Wikipedia: List of paintings by J. M. W. Turner",
     "coord": "MediaWiki coordinates API"
    },
    "museum_id": "amalita-collection",
    "qid": "Q20819142",
    "wikidata": "https://www.wikidata.org/wiki/Q20819142",
    "_merged": [
     {
      "source": "Wikidata",
      "title": "Juliet and her Nurse",
      "qid": "Q20819142",
      "url": "https://www.wikidata.org/wiki/Q20819142"
     }
    ]
   }
  },
  {
   "type": "Feature",
   "geometry": {
    "type": "Point",
    "coordinates": [
     -75.69891,
     45.42954
    ]
   },
   "properties": {
    "painter": "J.M.W. Turner",
    "title": "Mercury and Argus",
    "year": "1836",
    "city": "Ottawa",
    "location": "National Gallery of Canada",
    "attribution": "generally accepted",
    "dimensions": "151.8 × 111.8 cm",
    "image": "https://upload.wikimedia.org/wikipedia/commons/thumb/b/bb/Turner_-_Mercury_and_Argus%2C_before_1836.jpg/500px-Turner_-_Mercury_and_Argus%2C_before_1836.jpg?utm_source=en.wikipedia.org&amp;utm_campaign=parser&amp;utm_content=thumbnail",
    "notable": true,
    "creation_place": "London",
    "creation_lat": 51.5074,
    "creation_lon": -0.1278,
    "_source": {
     "source": "Wikipedia: List of paintings by J. M. W. Turner",
     "coord": "MediaWiki coordinates API"
    },
    "museum_id": "national-gallery-of-canada",
    "country": "Canada"
   }
  },
  {
   "type": "Feature",
   "geometry": {
    "type": "Point",
    "coordinates": [
     -87.62389,
     41.87944
    ]
   },
   "properties": {
    "painter": "J.M.W. Turner",
    "title": "Valley of Aosta: Snowstorm, Avalanche, and Thunderstorm",
    "year": "1836-37",
    "city": "Chicago",
    "country": "United States",
    "location": "Art Institute of Chicago",
    "attribution": "generally accepted",
    "dimensions": "92.2 × 123 cm",
    "image": "https://upload.wikimedia.org/wikipedia/commons/thumb/a/ac/Valley_of_Aosta%2C_Snowstorm%2C_Avalanche%2C_and_Thunderstorm%2C_1836-1837%2C_by_Joseph_Mallord_William_Turner_-_Art_Institute_of_Chicago_-_DSC09550.JPG/500px-Valley_of_Aosta%2C_Snowstorm%2C_Avalanche%2C_and_Thunderstorm%2C_1836-1837%2C_by_Joseph_Mallord_William_Turner_-_Art_Institute_of_Chicago_-_DSC09550.JPG?utm_source=en.wikipedia.org&amp;utm_campaign=parser&amp;utm_content=thumbnail",
    "notable": true,
    "creation_place": "London",
    "creation_lat": 51.5074,
    "creation_lon": -0.1278,
    "_source": {
     "source": "Wikipedia: List of paintings by J. M. W. Turner",
     "coord": "MediaWiki coordinates API"
    },
    "museum_id": "art-institute-of-chicago",
    "qid": "Q20261032",
    "wikidata": "https://www.wikidata.org/wiki/Q20261032",
    "_overrides": {
     "qid": {
      "at": "2026-08-24",
      "source": "Wikidata reconciliation",
      "note": "matched to Q20261032 by normalised title + year (±8), same creator (merge_wd_extras)"
     }
    }
   }
  },
  {
   "type": "Feature",
   "geometry": {
    "type": "Point",
    "coordinates": [
     -0.1283,
     51.5089
    ]
   },
   "properties": {
    "painter": "J.M.W. Turner",
    "title": "The Parting of Hero and Leander",
    "year": "1837",
    "city": "London",
    "country": "United Kingdom",
    "location": "National Gallery",
    "attribution": "generally accepted",
    "dimensions": "146 × 236 cm",
    "image": "https://upload.wikimedia.org/wikipedia/commons/thumb/7/78/London_National_Gallery_Turner_Hero_and_Leander.jpg/500px-London_National_Gallery_Turner_Hero_and_Leander.jpg?utm_source=en.wikipedia.org&amp;utm_campaign=parser&amp;utm_content=thumbnail",
    "notable": true,
    "wikipedia_en": "https://en.wikipedia.org/wiki/The_Parting_of_Hero_and_Leander",
    "creation_place": "London",
    "creation_lat": 51.5074,
    "creation_lon": -0.1278,
    "_source": {
     "source": "Wikipedia: List of paintings by J. M. W. Turner",
     "coord": "MediaWiki coordinates API"
    },
    "museum_id": "national-gallery",
    "qid": "Q26707761",
    "wikidata": "https://www.wikidata.org/wiki/Q26707761"
   }
  },
  {
   "type": "Feature",
   "geometry": {
    "type": "Point",
    "coordinates": [
     -0.12722,
     51.49083
    ]
   },
   "properties": {
    "painter": "J.M.W. Turner",
    "title": "The Death of Actaeon, with a Distant View of Montjovet, Val d'Aosta",
    "year": "1837",
    "city": "London",
    "country": "United Kingdom",
    "location": "Tate Britain",
    "attribution": "generally accepted",
    "dimensions": "149.2 × 111.1 cm",
    "image": "https://upload.wikimedia.org/wikipedia/commons/thumb/a/a4/Joseph_Mallord_William_Turner_%281775-1851%29_-_The_Death_of_Actaeon%2C_with_a_Distant_View_of_Montjovet%2C_Val_d%27Aosta_-_A00909_-_Tate.jpg/500px-Joseph_Mallord_William_Turner_%281775-1851%29_-_The_Death_of_Actaeon%2C_with_a_Distant_View_of_Montjovet%2C_Val_d%27Aosta_-_A00909_-_Tate.jpg?utm_source=en.wikipedia.org&amp;utm_campaign=parser&amp;utm_content=thumbnail",
    "notable": true,
    "creation_place": "London",
    "creation_lat": 51.5074,
    "creation_lon": -0.1278,
    "_source": {
     "source": "Wikipedia: List of paintings by J. M. W. Turner",
     "coord": "MediaWiki coordinates API"
    },
    "museum_id": "tate-britain",
    "qid": "Q18542749",
    "wikidata": "https://www.wikidata.org/wiki/Q18542749",
    "_overrides": {
     "qid": {
      "at": "2026-08-24",
      "source": "Wikidata reconciliation",
      "note": "matched to Q18542749 by normalised title + year (±8), same creator (merge_wd_extras)"
     }
    },
    "_merged": [
     {
      "source": "Wikidata",
      "title": "The Death of Actaeon, with a Distant View of Montjovet, Val d’Aosta",
      "qid": "Q18542749",
      "url": "https://www.wikidata.org/wiki/Q18542749"
     }
    ]
   }
  },
  {
   "type": "Feature",
   "geometry": {
    "type": "Point",
    "coordinates": [
     -0.12722,
     51.49083
    ]
   },
   "properties": {
    "painter": "J.M.W. Turner",
    "title": "Story of Apollo and Daphne",
    "year": "1837",
    "city": "London",
    "country": "United Kingdom",
    "location": "Tate Britain",
    "attribution": "generally accepted",
    "dimensions": "109.9 × 198.8 cm",
    "image": "https://upload.wikimedia.org/wikipedia/commons/thumb/7/7b/%28Barcelona%29_Story_of_Apollo_and_Daphne_1837_-_William_Turner_-_Tate_Britain.jpg/500px-%28Barcelona%29_Story_of_Apollo_and_Daphne_1837_-_William_Turner_-_Tate_Britain.jpg?utm_source=en.wikipedia.org&amp;utm_campaign=parser&amp;utm_content=thumbnail",
    "notable": true,
    "creation_place": "London",
    "creation_lat": 51.5074,
    "creation_lon": -0.1278,
    "_source": {
     "source": "Wikipedia: List of paintings by J. M. W. Turner",
     "coord": "MediaWiki coordinates API"
    },
    "museum_id": "tate-britain",
    "qid": "Q28538493",
    "wikidata": "https://www.wikidata.org/wiki/Q28538493",
    "_overrides": {
     "qid": {
      "at": "2026-08-24",
      "source": "Wikidata reconciliation",
      "note": "matched to Q28538493 by normalised title + year (±8), same creator (merge_wd_extras)"
     }
    }
   }
  },
  {
   "type": "Feature",
   "geometry": {
    "type": "Point",
    "coordinates": [
     12.43333,
     43.93333
    ]
   },
   "properties": {
    "painter": "J.M.W. Turner",
    "title": "The Grand Canal: Scene - a Street in Venice",
    "year": "c.1837",
    "city": "Huntington Library",
    "location": "San Marino",
    "attribution": "generally accepted",
    "dimensions": "150.5 × 112.4 cm",
    "image": "https://upload.wikimedia.org/wikipedia/commons/thumb/2/2d/Turner%2C_J._M._W._-_The_Grand_Canal_-_Scene_-_A_Street_In_Venice.jpg/500px-Turner%2C_J._M._W._-_The_Grand_Canal_-_Scene_-_A_Street_In_Venice.jpg?utm_source=en.wikipedia.org&amp;utm_campaign=parser&amp;utm_content=thumbnail",
    "notable": true,
    "creation_place": "London",
    "creation_lat": 51.5074,
    "creation_lon": -0.1278,
    "_source": {
     "source": "Wikipedia: List of paintings by J. M. W. Turner",
     "coord": "MediaWiki coordinates API"
    },
    "museum_id": "san-marino",
    "qid": "Q114498189",
    "wikidata": "https://www.wikidata.org/wiki/Q114498189",
    "_overrides": {
     "qid": {
      "at": "2026-08-24",
      "source": "Wikidata reconciliation",
      "note": "matched to Q114498189 by normalised title + year (±8), same creator (merge_wd_extras)"
     }
    },
    "_merged": [
     {
      "source": "Wikidata",
      "title": "The Grand Canal: Scene - A Street in Venice",
      "qid": "Q114498189",
      "url": "https://www.wikidata.org/wiki/Q114498189"
     }
    ]
   }
  },
  {
   "type": "Feature",
   "geometry": {
    "type": "Point",
    "coordinates": [
     -87.62389,
     41.87944
    ]
   },
   "properties": {
    "painter": "J.M.W. Turner",
    "title": "Fishing Boats with Hucksters Bargaining for Fish",
    "year": "1837-38",
    "city": "Chicago",
    "country": "United States",
    "location": "Art Institute of Chicago",
    "attribution": "generally accepted",
    "dimensions": "174.5 × 224.9 cm",
    "image": "https://upload.wikimedia.org/wikipedia/commons/thumb/6/6e/Fishing_Boats_with_Hucksters_Bargaining_for_Fish_1837-1838_JMW_Turner.jpg/500px-Fishing_Boats_with_Hucksters_Bargaining_for_Fish_1837-1838_JMW_Turner.jpg?utm_source=en.wikipedia.org&amp;utm_campaign=parser&amp;utm_content=thumbnail",
    "notable": true,
    "wikipedia_en": "https://en.wikipedia.org/wiki/Fishing_Boats_with_Hucksters_Bargaining_for_Fish",
    "creation_place": "London",
    "creation_lat": 51.5074,
    "creation_lon": -0.1278,
    "_source": {
     "source": "Wikipedia: List of paintings by J. M. W. Turner",
     "coord": "MediaWiki coordinates API"
    },
    "museum_id": "art-institute-of-chicago",
    "qid": "Q20267642",
    "wikidata": "https://www.wikidata.org/wiki/Q20267642"
   }
  },
  {
   "type": "Feature",
   "geometry": {
    "type": "Point",
    "coordinates": [
     -0.12722,
     51.49083
    ]
   },
   "properties": {
    "painter": "J.M.W. Turner",
    "title": "Steamer and Lightship; a study for 'The Fighting Temeraire'",
    "year": "1838-39",
    "city": "London",
    "country": "United Kingdom",
    "location": "Tate Britain",
    "attribution": "generally accepted",
    "dimensions": "91.4 × 119.7 cm",
    "image": "https://upload.wikimedia.org/wikipedia/commons/thumb/b/be/Joseph_Mallord_William_Turner_%281775-1851%29_-_Steamer_and_Lightship%2C_a_study_for_%27The_Fighting_Temeraire%27_-_N05478_-_National_Gallery.jpg/500px-Joseph_Mallord_William_Turner_%281775-1851%29_-_Steamer_and_Lightship%2C_a_study_for_%27The_Fighting_Temeraire%27_-_N05478_-_National_Gallery.jpg?utm_source=en.wikipedia.org&amp;utm_campaign=parser&amp;utm_content=thumbnail",
    "notable": true,
    "creation_place": "London",
    "creation_lat": 51.5074,
    "creation_lon": -0.1278,
    "_source": {
     "source": "Wikipedia: List of paintings by J. M. W. Turner",
     "coord": "MediaWiki coordinates API"
    },
    "museum_id": "tate-britain",
    "qid": "Q28533491",
    "wikidata": "https://www.wikidata.org/wiki/Q28533491",
    "_overrides": {
     "qid": {
      "at": "2026-08-24",
      "source": "Wikidata reconciliation",
      "note": "matched to Q28533491 by normalised title + year (±8), same creator (merge_wd_extras)"
     }
    },
    "_merged": [
     {
      "source": "Wikidata",
      "title": "Steamer and Lightship; a study for ‘The Fighting Temeraire’",
      "qid": "Q28533491",
      "url": "https://www.wikidata.org/wiki/Q28533491"
     }
    ]
   }
  },
  {
   "type": "Feature",
   "geometry": {
    "type": "Point",
    "coordinates": [
     -4.29056,
     55.86861
    ]
   },
   "properties": {
    "painter": "J.M.W. Turner",
    "title": "Modern Italy: The Pifferari",
    "year": "1838",
    "city": "Glasgow",
    "country": "United Kingdom",
    "location": "Kelvingrove Art Gallery and Museum",
    "attribution": "generally accepted",
    "dimensions": "92.6 × 123.2 cm",
    "image": "https://upload.wikimedia.org/wikipedia/commons/thumb/1/10/Modern_Italy%2C_the_Pifferari_-_JMW_Turner.jpg/500px-Modern_Italy%2C_the_Pifferari_-_JMW_Turner.jpg?utm_source=en.wikipedia.org&amp;utm_campaign=parser&amp;utm_content=thumbnail",
    "notable": true,
    "creation_place": "London",
    "creation_lat": 51.5074,
    "creation_lon": -0.1278,
    "_source": {
     "source": "Wikipedia: List of paintings by J. M. W. Turner",
     "coord": "MediaWiki coordinates API"
    },
    "museum_id": "kelvingrove-art-gallery-and-museum",
    "qid": "Q110493162",
    "wikidata": "https://www.wikidata.org/wiki/Q110493162",
    "_overrides": {
     "qid": {
      "at": "2026-08-24",
      "source": "Wikidata reconciliation",
      "note": "matched to Q110493162 by normalised title + year (±8), same creator (merge_wd_extras)"
     }
    }
   }
  },
  {
   "type": "Feature",
   "geometry": {
    "type": "Point",
    "coordinates": [
     -0.12722,
     51.49083
    ]
   },
   "properties": {
    "painter": "J.M.W. Turner",
    "title": "Phryne Going to the Public Baths as Venus: Demosthenes Taunted by Aeschines",
    "year": "1838",
    "city": "London",
    "country": "United Kingdom",
    "location": "Tate Britain",
    "attribution": "generally accepted",
    "dimensions": "193 × 165.1 cm",
    "image": "https://upload.wikimedia.org/wikipedia/commons/thumb/4/48/Joseph_Mallord_William_Turner_%281775-1851%29_-_Phryne_Going_to_the_Public_Baths_as_Venus%2C_Demosthenes_Taunted_by_Aeschines_-_N00522_-_National_Gallery.jpg/500px-Joseph_Mallord_William_Turner_%281775-1851%29_-_Phryne_Going_to_the_Public_Baths_as_Venus%2C_Demosthenes_Taunted_by_Aeschines_-_N00522_-_National_Gallery.jpg?utm_source=en.wikipedia.org&amp;utm_campaign=parser&amp;utm_content=thumbnail",
    "notable": true,
    "wikipedia_en": "https://en.wikipedia.org/wiki/Phryne_Going_to_the_Public_Baths_as_Venus",
    "creation_place": "London",
    "creation_lat": 51.5074,
    "creation_lon": -0.1278,
    "_source": {
     "source": "Wikipedia: List of paintings by J. M. W. Turner",
     "coord": "MediaWiki coordinates API"
    },
    "museum_id": "tate-britain",
    "qid": "Q111509906",
    "wikidata": "https://www.wikidata.org/wiki/Q111509906",
    "_merged": [
     {
      "source": "Wikidata",
      "title": "Phryne Going to the Public Baths as Venus: Demosthenes Taunted by Aeschines",
      "qid": "Q28538564",
      "url": "https://www.wikidata.org/wiki/Q28538564"
     }
    ]
   }
  },
  {
   "type": "Feature",
   "geometry": {
    "type": "Point",
    "coordinates": [
     -0.1283,
     51.5089
    ]
   },
   "properties": {
    "painter": "J.M.W. Turner",
    "title": "The Fighting Temeraire",
    "year": "1839",
    "city": "London",
    "country": "United Kingdom",
    "location": "National Gallery",
    "attribution": "generally accepted",
    "dimensions": "90.7 × 121.6 cm",
    "image": "https://upload.wikimedia.org/wikipedia/commons/thumb/3/30/The_Fighting_Temeraire%2C_JMW_Turner%2C_National_Gallery.jpg/500px-The_Fighting_Temeraire%2C_JMW_Turner%2C_National_Gallery.jpg?utm_source=en.wikipedia.org&amp;utm_campaign=parser&amp;utm_content=thumbnail",
    "notable": true,
    "wikipedia_en": "https://en.wikipedia.org/wiki/The_Fighting_Temeraire",
    "creation_place": "London",
    "creation_lat": 51.5074,
    "creation_lon": -0.1278,
    "_source": {
     "source": "Wikipedia: List of paintings by J. M. W. Turner",
     "coord": "MediaWiki coordinates API"
    },
    "museum_id": "national-gallery",
    "qid": "Q257580",
    "wikidata": "https://www.wikidata.org/wiki/Q257580",
    "wga_url": "https://www.wga.hu/html/t/turner/2/201turne.html"
   }
  },
  {
   "type": "Feature",
   "geometry": {
    "type": "Point",
    "coordinates": [
     -0.12722,
     51.49083
    ]
   },
   "properties": {
    "painter": "J.M.W. Turner",
    "title": "Ancient Rome – Agrippina Landing with the Ashes of Germanicus",
    "year": "1839",
    "city": "London",
    "country": "United Kingdom",
    "location": "Tate Britain",
    "attribution": "generally accepted",
    "dimensions": "91.4 × 121.9 cm",
    "image": "https://upload.wikimedia.org/wikipedia/commons/thumb/0/0e/Joseph_Mallord_William_Turner_-_Ancient_Rome%3B_Agrippina_Landing_with_the_Ashes_of_Germanicus_-_Google_Art_Project.jpg/500px-Joseph_Mallord_William_Turner_-_Ancient_Rome%3B_Agrippina_Landing_with_the_Ashes_of_Germanicus_-_Google_Art_Project.jpg?utm_source=en.wikipedia.org&amp;utm_campaign=parser&amp;utm_content=thumbnail",
    "notable": true,
    "wikipedia_en": "https://en.wikipedia.org/wiki/Ancient_Rome_%E2%80%93_Agrippina_Landing_with_the_Ashes_of_Germanicus",
    "creation_place": "London",
    "creation_lat": 51.5074,
    "creation_lon": -0.1278,
    "_source": {
     "source": "Wikipedia: List of paintings by J. M. W. Turner",
     "coord": "MediaWiki coordinates API"
    },
    "museum_id": "tate-britain",
    "qid": "Q2843869",
    "wikidata": "https://www.wikidata.org/wiki/Q2843869",
    "_merged": [
     {
      "source": "Wikidata",
      "title": "Ancient Rome; Agrippina Landing with the Ashes of Germanicus",
      "qid": "Q2843869",
      "url": "https://www.wikidata.org/wiki/Q2843869"
     }
    ]
   }
  },
  {
   "type": "Feature",
   "geometry": {
    "type": "Point",
    "coordinates": [
     -77.02,
     38.8914
    ]
   },
   "properties": {
    "painter": "J.M.W. Turner",
    "title": "The Rape of Proserpine",
    "year": "1839",
    "city": "Washington",
    "country": "United States",
    "location": "National Gallery of Art",
    "attribution": "generally accepted",
    "dimensions": "92.6 × 123.7 cm",
    "image": "https://upload.wikimedia.org/wikipedia/commons/thumb/5/55/The_Rape_of_Proserpine_G-000641-20110523.jpg/500px-The_Rape_of_Proserpine_G-000641-20110523.jpg?utm_source=en.wikipedia.org&amp;utm_campaign=parser&amp;utm_content=thumbnail",
    "notable": true,
    "creation_place": "London",
    "creation_lat": 51.5074,
    "creation_lon": -0.1278,
    "_source": {
     "source": "Wikipedia: List of paintings by J. M. W. Turner",
     "coord": "MediaWiki coordinates API"
    },
    "museum_id": "national-gallery-of-art",
    "qid": "Q20186481",
    "wikidata": "https://www.wikidata.org/wiki/Q20186481",
    "_overrides": {
     "qid": {
      "at": "2026-08-24",
      "source": "Wikidata reconciliation",
      "note": "matched to Q20186481 by normalised title + year (±8), same creator (merge_wd_extras)"
     }
    }
   }
  },
  {
   "type": "Feature",
   "geometry": {
    "type": "Point",
    "coordinates": [
     -3.1773,
     51.4858
    ]
   },
   "properties": {
    "painter": "J.M.W. Turner",
    "title": "Margate Jetty",
    "year": "1840",
    "location": "National Museum Cardiff",
    "attribution": "generally accepted",
    "dimensions": "47 × 37 cm",
    "image": "https://upload.wikimedia.org/wikipedia/commons/thumb/f/fa/J.M.W._Turner_-_Margate_Jetty.jpg/500px-J.M.W._Turner_-_Margate_Jetty.jpg?utm_source=en.wikipedia.org&amp;utm_campaign=parser&amp;utm_content=thumbnail",
    "notable": true,
    "creation_place": "London",
    "creation_lat": 51.5074,
    "creation_lon": -0.1278,
    "_source": {
     "source": "Wikipedia: List of paintings by J. M. W. Turner",
     "coord": "MediaWiki coordinates API"
    },
    "museum_id": "national-museum-cardiff",
    "city": "Cardiff",
    "country": "Wales",
    "qid": "Q66003731",
    "wikidata": "https://www.wikidata.org/wiki/Q66003731",
    "_overrides": {
     "qid": {
      "at": "2026-08-24",
      "source": "Wikidata reconciliation",
      "note": "matched to Q66003731 by normalised title + year (±8), same creator (merge_wd_extras)"
     }
    }
   }
  },
  {
   "type": "Feature",
   "geometry": {
    "type": "Point",
    "coordinates": [
     -0.12722,
     51.49083
    ]
   },
   "properties": {
    "painter": "J.M.W. Turner",
    "title": "Waves Breaking against the Wind",
    "year": "1840",
    "city": "London",
    "country": "United Kingdom",
    "location": "Tate Britain",
    "attribution": "generally accepted",
    "dimensions": "60.4 × 95 cm",
    "image": "https://upload.wikimedia.org/wikipedia/commons/thumb/d/d8/Joseph_Mallord_William_Turner_%281775-1851%29_-_Waves_Breaking_against_the_Wind_-_N02881_-_National_Gallery.jpg/500px-Joseph_Mallord_William_Turner_%281775-1851%29_-_Waves_Breaking_against_the_Wind_-_N02881_-_National_Gallery.jpg?utm_source=en.wikipedia.org&amp;utm_campaign=parser&amp;utm_content=thumbnail",
    "notable": true,
    "creation_place": "London",
    "creation_lat": 51.5074,
    "creation_lon": -0.1278,
    "_source": {
     "source": "Wikipedia: List of paintings by J. M. W. Turner",
     "coord": "MediaWiki coordinates API"
    },
    "museum_id": "tate-britain",
    "qid": "Q28539405",
    "wikidata": "https://www.wikidata.org/wiki/Q28539405",
    "_overrides": {
     "qid": {
      "at": "2026-08-24",
      "source": "Wikidata reconciliation",
      "note": "matched to Q28539405 by normalised title + year (±8), same creator (merge_wd_extras)"
     }
    }
   }
  },
  {
   "type": "Feature",
   "geometry": {
    "type": "Point",
    "coordinates": [
     -0.12722,
     51.49083
    ]
   },
   "properties": {
    "painter": "J.M.W. Turner",
    "title": "Waves Breaking on a Lee Shore at Margate (Study for 'Rockets and Blue Lights')",
    "year": "1840",
    "city": "London",
    "country": "United Kingdom",
    "location": "Tate Britain",
    "attribution": "generally accepted",
    "dimensions": "59.7 × 95.2 cm",
    "image": "https://upload.wikimedia.org/wikipedia/commons/thumb/3/35/Joseph_Mallord_William_Turner_%281775-1851%29_-_Waves_Breaking_on_a_Lee_Shore_at_Margate_%28Study_for_%27Rockets_and_Blue_Lights%27%29_-_N02882_-_National_Gallery.jpg/500px-Joseph_Mallord_William_Turner_%281775-1851%29_-_Waves_Breaking_on_a_Lee_Shore_at_Margate_%28Study_for_%27Rockets_and_Blue_Lights%27%29_-_N02882_-_National_Gallery.jpg?utm_source=en.wikipedia.org&amp;utm_campaign=parser&amp;utm_content=thumbnail",
    "notable": true,
    "creation_place": "London",
    "creation_lat": 51.5074,
    "creation_lon": -0.1278,
    "_source": {
     "source": "Wikipedia: List of paintings by J. M. W. Turner",
     "coord": "MediaWiki coordinates API"
    },
    "museum_id": "tate-britain",
    "qid": "Q28539395",
    "wikidata": "https://www.wikidata.org/wiki/Q28539395",
    "_overrides": {
     "qid": {
      "at": "2026-08-24",
      "source": "Wikidata reconciliation",
      "note": "matched to Q28539395 by normalised title + year (±8), same creator (merge_wd_extras)"
     }
    },
    "_merged": [
     {
      "source": "Wikidata",
      "title": "Waves Breaking on a Lee Shore at Margate (Study for ‘Rockets and Blue Lights’)",
      "qid": "Q28539395",
      "url": "https://www.wikidata.org/wiki/Q28539395"
     }
    ]
   }
  },
  {
   "type": "Feature",
   "geometry": {
    "type": "Point",
    "coordinates": [
     -71.05778,
     42.36028
    ]
   },
   "properties": {
    "painter": "J.M.W. Turner",
    "title": "The Slave Ship",
    "year": "1840",
    "city": "Boston",
    "country": "United States",
    "location": "Museum of Fine Arts",
    "attribution": "generally accepted",
    "dimensions": "91 × 123 cm",
    "image": "https://upload.wikimedia.org/wikipedia/commons/thumb/2/26/Slave-ship.jpg/500px-Slave-ship.jpg?utm_source=en.wikipedia.org&amp;utm_campaign=parser&amp;utm_content=thumbnail",
    "notable": true,
    "wikipedia_en": "https://en.wikipedia.org/wiki/The_Slave_Ship",
    "creation_place": "London",
    "creation_lat": 51.5074,
    "creation_lon": -0.1278,
    "_source": {
     "source": "Wikipedia: List of paintings by J. M. W. Turner",
     "coord": "MediaWiki coordinates API"
    },
    "museum_id": "museum-of-fine-arts",
    "qid": "Q219344",
    "wikidata": "https://www.wikidata.org/wiki/Q219344"
   }
  },
  {
   "type": "Feature",
   "geometry": {
    "type": "Point",
    "coordinates": [
     -0.12722,
     51.49083
    ]
   },
   "properties": {
    "painter": "J.M.W. Turner",
    "title": "Seascape with Distant Coast",
    "year": "1840",
    "city": "London",
    "country": "United Kingdom",
    "location": "Tate Britain",
    "attribution": "generally accepted",
    "dimensions": "91.4 × 121.9 cm",
    "image": "https://upload.wikimedia.org/wikipedia/commons/thumb/9/9f/Joseph_Mallord_William_Turner_%281775-1851%29_-_Seascape_with_Distant_Coast_-_N05516_-_National_Gallery.jpg/500px-Joseph_Mallord_William_Turner_%281775-1851%29_-_Seascape_with_Distant_Coast_-_N05516_-_National_Gallery.jpg?utm_source=en.wikipedia.org&amp;utm_campaign=parser&amp;utm_content=thumbnail",
    "notable": true,
    "creation_place": "London",
    "creation_lat": 51.5074,
    "creation_lon": -0.1278,
    "_source": {
     "source": "Wikipedia: List of paintings by J. M. W. Turner",
     "coord": "MediaWiki coordinates API"
    },
    "museum_id": "tate-britain",
    "qid": "Q28542174",
    "wikidata": "https://www.wikidata.org/wiki/Q28542174",
    "_overrides": {
     "qid": {
      "at": "2026-08-24",
      "source": "Wikidata reconciliation",
      "note": "matched to Q28542174 by normalised title + year (±8), same creator (merge_wd_extras)"
     }
    }
   }
  },
  {
   "type": "Feature",
   "geometry": {
    "type": "Point",
    "coordinates": [
     -0.12722,
     51.49083
    ]
   },
   "properties": {
    "painter": "J.M.W. Turner",
    "title": "Seascape with Buoy",
    "year": "1840",
    "city": "London",
    "country": "United Kingdom",
    "location": "Tate Britain",
    "attribution": "generally accepted",
    "dimensions": "91.4 × 121.9 cm",
    "image": "https://upload.wikimedia.org/wikipedia/commons/thumb/3/3d/Joseph_Mallord_William_Turner_%281775-1851%29_-_Seascape_with_Buoy_-_N05477_-_National_Gallery.jpg/500px-Joseph_Mallord_William_Turner_%281775-1851%29_-_Seascape_with_Buoy_-_N05477_-_National_Gallery.jpg?utm_source=en.wikipedia.org&amp;utm_campaign=parser&amp;utm_content=thumbnail",
    "notable": true,
    "creation_place": "London",
    "creation_lat": 51.5074,
    "creation_lon": -0.1278,
    "_source": {
     "source": "Wikipedia: List of paintings by J. M. W. Turner",
     "coord": "MediaWiki coordinates API"
    },
    "museum_id": "tate-britain",
    "qid": "Q28533520",
    "wikidata": "https://www.wikidata.org/wiki/Q28533520",
    "_overrides": {
     "qid": {
      "at": "2026-08-24",
      "source": "Wikidata reconciliation",
      "note": "matched to Q28533520 by normalised title + year (±8), same creator (merge_wd_extras)"
     }
    }
   }
  },
  {
   "type": "Feature",
   "geometry": {
    "type": "Point",
    "coordinates": [
     -0.12722,
     51.49083
    ]
   },
   "properties": {
    "painter": "J.M.W. Turner",
    "title": "Bacchus and Ariadne",
    "year": "1840",
    "city": "London",
    "country": "United Kingdom",
    "location": "Tate Britain",
    "attribution": "generally accepted",
    "dimensions": "78.7 × 78.7 cm",
    "image": "https://upload.wikimedia.org/wikipedia/commons/thumb/e/e4/%28Barcelona%29_Bacchus_and_Ariadne_1840_-_William_Turner_-_Tate_Britain.jpg/500px-%28Barcelona%29_Bacchus_and_Ariadne_1840_-_William_Turner_-_Tate_Britain.jpg?utm_source=en.wikipedia.org&amp;utm_campaign=parser&amp;utm_content=thumbnail",
    "notable": true,
    "creation_place": "London",
    "creation_lat": 51.5074,
    "creation_lon": -0.1278,
    "_source": {
     "source": "Wikipedia: List of paintings by J. M. W. Turner",
     "coord": "MediaWiki coordinates API"
    },
    "museum_id": "tate-britain",
    "qid": "Q28538478",
    "wikidata": "https://www.wikidata.org/wiki/Q28538478",
    "_overrides": {
     "qid": {
      "at": "2026-08-24",
      "source": "Wikidata reconciliation",
      "note": "matched to Q28538478 by normalised title + year (±8), same creator (merge_wd_extras)"
     }
    }
   }
  },
  {
   "type": "Feature",
   "geometry": {
    "type": "Point",
    "coordinates": [
     -0.12722,
     51.49083
    ]
   },
   "properties": {
    "painter": "J.M.W. Turner",
    "title": "The New Moon; or, 'I've lost My Boat, You shan't have Your Hoop'",
    "year": "1840",
    "city": "London",
    "country": "United Kingdom",
    "location": "Tate Britain",
    "attribution": "generally accepted",
    "dimensions": "5.4 × 81.3 cm",
    "image": "https://upload.wikimedia.org/wikipedia/commons/thumb/a/a0/%28Barcelona%29_The_New_Moon%3B_or%2C_%E2%80%98I%E2%80%99ve_lost_My_Boat%2C_You_shan%E2%80%99t_have_Your_Hoop%E2%80%99_-_William_Turner_-_Tate_Britain.jpg/500px-%28Barcelona%29_The_New_Moon%3B_or%2C_%E2%80%98I%E2%80%99ve_lost_My_Boat%2C_You_shan%E2%80%99t_have_Your_Hoop%E2%80%99_-_William_Turner_-_Tate_Britain.jpg?utm_source=en.wikipedia.org&amp;utm_campaign=parser&amp;utm_content=thumbnail",
    "notable": true,
    "creation_place": "London",
    "creation_lat": 51.5074,
    "creation_lon": -0.1278,
    "_source": {
     "source": "Wikipedia: List of paintings by J. M. W. Turner",
     "coord": "MediaWiki coordinates API"
    },
    "museum_id": "tate-britain",
    "qid": "Q28538587",
    "wikidata": "https://www.wikidata.org/wiki/Q28538587",
    "_overrides": {
     "qid": {
      "at": "2026-08-24",
      "source": "Wikidata reconciliation",
      "note": "matched to Q28538587 by normalised title + year (±8), same creator (merge_wd_extras)"
     }
    },
    "_merged": [
     {
      "source": "Wikidata",
      "title": "The New Moon; or, ‘I’ve lost My Boat, You shan’t have Your Hoop’",
      "qid": "Q28538587",
      "url": "https://www.wikidata.org/wiki/Q28538587"
     }
    ]
   }
  },
  {
   "type": "Feature",
   "geometry": {
    "type": "Point",
    "coordinates": [
     12.43333,
     43.93333
    ]
   },
   "properties": {
    "painter": "J.M.W. Turner",
    "title": "Neapolitan Fisher Girls Surprised Bathing by Moonlight",
    "year": "c.1840",
    "city": "Huntington Library",
    "location": "San Marino",
    "attribution": "generally accepted",
    "dimensions": "65.7 × 81 cm",
    "image": "https://upload.wikimedia.org/wikipedia/commons/thumb/e/e8/Turner_-_Neapolitan_Fisher-girls_Surprised_Bathing_by_Moonlight%2C_ca._1840%2C_81.13.jpg/500px-Turner_-_Neapolitan_Fisher-girls_Surprised_Bathing_by_Moonlight%2C_ca._1840%2C_81.13.jpg?utm_source=en.wikipedia.org&amp;utm_campaign=parser&amp;utm_content=thumbnail",
    "notable": true,
    "wikipedia_en": "https://en.wikipedia.org/wiki/Neapolitan_Fisher_Girls_Surprised_Bathing_by_Moonlight",
    "creation_place": "London",
    "creation_lat": 51.5074,
    "creation_lon": -0.1278,
    "_source": {
     "source": "Wikipedia: List of paintings by J. M. W. Turner",
     "coord": "MediaWiki coordinates API"
    },
    "museum_id": "san-marino",
    "qid": "Q134704706",
    "wikidata": "https://www.wikidata.org/wiki/Q134704706"
   }
  },
  {
   "type": "Feature",
   "geometry": {
    "type": "Point",
    "coordinates": [
     -0.17194,
     51.49667
    ]
   },
   "properties": {
    "painter": "J.M.W. Turner",
    "title": "Venice from the Giudecca",
    "year": "1840",
    "city": "London",
    "country": "United Kingdom",
    "location": "Victoria and Albert Museum",
    "attribution": "generally accepted",
    "dimensions": "61 × 91.4 cm",
    "image": "https://upload.wikimedia.org/wikipedia/commons/thumb/f/fc/Joseph_Mallord_William_Turner_094.jpg/500px-Joseph_Mallord_William_Turner_094.jpg?utm_source=en.wikipedia.org&amp;utm_campaign=parser&amp;utm_content=thumbnail",
    "notable": true,
    "wikipedia_en": "https://en.wikipedia.org/wiki/Venice_from_the_Giudecca",
    "creation_place": "London",
    "creation_lat": 51.5074,
    "creation_lon": -0.1278,
    "_source": {
     "source": "Wikipedia: List of paintings by J. M. W. Turner",
     "coord": "MediaWiki coordinates API"
    },
    "museum_id": "victoria-and-albert-museum",
    "qid": "Q4009608",
    "wikidata": "https://www.wikidata.org/wiki/Q4009608"
   }
  },
  {
   "type": "Feature",
   "geometry": {
    "type": "Point",
    "coordinates": [
     -0.12722,
     51.49083
    ]
   },
   "properties": {
    "painter": "J.M.W. Turner",
    "title": "Venice, the Bridge of Sighs",
    "year": "1840",
    "city": "London",
    "country": "United Kingdom",
    "location": "Tate Britain",
    "attribution": "generally accepted",
    "image": "https://upload.wikimedia.org/wikipedia/commons/thumb/4/4b/Joseph_Mallord_William_Turner_-_Venice%2C_the_Bridge_of_Sighs_-_Google_Art_Project.jpg/500px-Joseph_Mallord_William_Turner_-_Venice%2C_the_Bridge_of_Sighs_-_Google_Art_Project.jpg?utm_source=en.wikipedia.org&amp;utm_campaign=parser&amp;utm_content=thumbnail",
    "notable": true,
    "wikipedia_en": "https://en.wikipedia.org/wiki/Venice,_the_Bridge_of_Sighs",
    "creation_place": "London",
    "creation_lat": 51.5074,
    "creation_lon": -0.1278,
    "_source": {
     "source": "Wikipedia: List of paintings by J. M. W. Turner",
     "coord": "MediaWiki coordinates API"
    },
    "museum_id": "tate-britain",
    "qid": "Q18687494",
    "wikidata": "https://www.wikidata.org/wiki/Q18687494"
   }
  },
  {
   "type": "Feature",
   "geometry": {
    "type": "Point",
    "coordinates": [
     -0.12722,
     51.49083
    ]
   },
   "properties": {
    "painter": "J.M.W. Turner",
    "title": "Seascape with Storm Coming On",
    "year": "1840",
    "city": "London",
    "country": "United Kingdom",
    "location": "Tate Britain",
    "attribution": "generally accepted",
    "image": "https://upload.wikimedia.org/wikipedia/commons/thumb/5/54/Joseph_Mallord_William_Turner_%281775-1851%29_-_Seascape_with_Storm_Coming_On_-_N04445_-_National_Gallery.jpg/500px-Joseph_Mallord_William_Turner_%281775-1851%29_-_Seascape_with_Storm_Coming_On_-_N04445_-_National_Gallery.jpg?utm_source=en.wikipedia.org&amp;utm_campaign=parser&amp;utm_content=thumbnail",
    "notable": true,
    "creation_place": "London",
    "creation_lat": 51.5074,
    "creation_lon": -0.1278,
    "_source": {
     "source": "Wikipedia: List of paintings by J. M. W. Turner",
     "coord": "MediaWiki coordinates API"
    },
    "museum_id": "tate-britain",
    "qid": "Q28537521",
    "wikidata": "https://www.wikidata.org/wiki/Q28537521",
    "_overrides": {
     "qid": {
      "at": "2026-08-24",
      "source": "Wikidata reconciliation",
      "note": "matched to Q28537521 by normalised title + year (±8), same creator (merge_wd_extras)"
     }
    }
   }
  },
  {
   "type": "Feature",
   "geometry": {
    "type": "Point",
    "coordinates": [
     -0.12722,
     51.49083
    ]
   },
   "properties": {
    "painter": "J.M.W. Turner",
    "title": "Sun Setting over a Lake",
    "year": "1840",
    "city": "London",
    "country": "United Kingdom",
    "location": "Tate Britain",
    "attribution": "generally accepted",
    "image": "https://upload.wikimedia.org/wikipedia/commons/thumb/a/a3/Joseph_Mallord_William_Turner_%281775-1851%29_-_Sun_Setting_over_a_Lake_-_N04665_-_National_Gallery.jpg/500px-Joseph_Mallord_William_Turner_%281775-1851%29_-_Sun_Setting_over_a_Lake_-_N04665_-_National_Gallery.jpg?utm_source=en.wikipedia.org&amp;utm_campaign=parser&amp;utm_content=thumbnail",
    "notable": true,
    "creation_place": "London",
    "creation_lat": 51.5074,
    "creation_lon": -0.1278,
    "_source": {
     "source": "Wikipedia: List of paintings by J. M. W. Turner",
     "coord": "MediaWiki coordinates API"
    },
    "museum_id": "tate-britain",
    "qid": "Q28532889",
    "wikidata": "https://www.wikidata.org/wiki/Q28532889",
    "_overrides": {
     "qid": {
      "at": "2026-08-24",
      "source": "Wikidata reconciliation",
      "note": "matched to Q28532889 by normalised title + year (±8), same creator (merge_wd_extras)"
     }
    }
   }
  },
  {
   "type": "Feature",
   "geometry": {
    "type": "Point",
    "coordinates": [
     -97.365,
     32.7486
    ]
   },
   "properties": {
    "painter": "J.M.W. Turner",
    "title": "Glaucus and Scylla",
    "year": "1841",
    "location": "Kimbell Art Museum",
    "attribution": "generally accepted",
    "dimensions": "77 × 78 cm",
    "image": "https://upload.wikimedia.org/wikipedia/commons/thumb/3/3b/Joseph_Mallord_William_Turner%2C_%E2%80%98Glaucus_and_Scylla%E2%80%99%2C_1841.jpg/500px-Joseph_Mallord_William_Turner%2C_%E2%80%98Glaucus_and_Scylla%E2%80%99%2C_1841.jpg?utm_source=en.wikipedia.org&amp;utm_campaign=parser&amp;utm_content=thumbnail",
    "notable": true,
    "wikipedia_en": "https://en.wikipedia.org/wiki/Glaucus_and_Scylla",
    "creation_place": "London",
    "creation_lat": 51.5074,
    "creation_lon": -0.1278,
    "_source": {
     "source": "Wikipedia: List of paintings by J. M. W. Turner",
     "coord": "MediaWiki coordinates API"
    },
    "museum_id": "kimbell-art-museum",
    "city": "Fort Worth",
    "country": "United States",
    "qid": "Q28797937",
    "wikidata": "https://www.wikidata.org/wiki/Q28797937"
   }
  },
  {
   "type": "Feature",
   "geometry": {
    "type": "Point",
    "coordinates": [
     -2.9214,
     53.3735
    ]
   },
   "properties": {
    "painter": "J.M.W. Turner",
    "title": "Schloss Rosenau",
    "year": "1841",
    "city": "Liverpool",
    "location": "Sudley House",
    "attribution": "generally accepted",
    "image": "https://upload.wikimedia.org/wikipedia/commons/thumb/c/c3/Turner_-_Schloss_Rosenau%2C_Bavaria%2C_Seat_of_HRH_Prince_Albert_of_Coburg%2C_c.1841%2C_WAG_309.jpg/500px-Turner_-_Schloss_Rosenau%2C_Bavaria%2C_Seat_of_HRH_Prince_Albert_of_Coburg%2C_c.1841%2C_WAG_309.jpg?utm_source=en.wikipedia.org&amp;utm_campaign=parser&amp;utm_content=thumbnail",
    "notable": true,
    "wikipedia_en": "https://en.wikipedia.org/wiki/Schloss_Rosenau_(painting)",
    "creation_place": "London",
    "creation_lat": 51.5074,
    "creation_lon": -0.1278,
    "_source": {
     "source": "Wikipedia: List of paintings by J. M. W. Turner",
     "coord": "MediaWiki coordinates API"
    },
    "museum_id": "sudley-house",
    "qid": "Q133809000",
    "wikidata": "https://www.wikidata.org/wiki/Q133809000",
    "_merged": [
     {
      "source": "Wikidata",
      "title": "Schloss Rosenau, Bavaria, Seat of HRH Prince Albert of Coburg",
      "qid": "Q119052308",
      "url": "https://www.wikidata.org/wiki/Q119052308"
     }
    ]
   }
  },
  {
   "type": "Feature",
   "geometry": {
    "type": "Point",
    "coordinates": [
     -5.935,
     54.582
    ]
   },
   "properties": {
    "painter": "J.M.W. Turner",
    "title": "Dawn of Christianity (Flight into Egypt)",
    "year": "1841",
    "city": "Belfast",
    "location": "Ulster Museum",
    "attribution": "generally accepted",
    "dimensions": "79 × 79 cm",
    "image": "https://upload.wikimedia.org/wikipedia/commons/thumb/d/de/The_Dawn_of_Christianity_%28The_Flight_into_Egypt%29.jpg/500px-The_Dawn_of_Christianity_%28The_Flight_into_Egypt%29.jpg?utm_source=en.wikipedia.org&amp;utm_campaign=parser&amp;utm_content=thumbnail",
    "notable": true,
    "creation_place": "London",
    "creation_lat": 51.5074,
    "creation_lon": -0.1278,
    "_source": {
     "source": "Wikipedia: List of paintings by J. M. W. Turner",
     "coord": "MediaWiki coordinates API"
    },
    "museum_id": "ulster-museum",
    "qid": "Q119061323",
    "wikidata": "https://www.wikidata.org/wiki/Q119061323",
    "_overrides": {
     "qid": {
      "at": "2026-08-24",
      "source": "Wikidata reconciliation",
      "note": "matched to Q119061323 by normalised title + year (±8), same creator (merge_wd_extras)"
     }
    }
   }
  },
  {
   "type": "Feature",
   "geometry": {
    "type": "Point",
    "coordinates": [
     -82.21678,
     41.29371
    ]
   },
   "properties": {
    "painter": "J.M.W. Turner",
    "title": "The Ducal Palace, Dogana and Part of San Giorgio",
    "year": "1841",
    "city": "Oberlin",
    "location": "Allen Memorial Art Museum",
    "attribution": "generally accepted",
    "dimensions": "63.5 × 93 cm",
    "image": "https://upload.wikimedia.org/wikipedia/commons/thumb/f/fb/Turner_-_View_of_Venice_The_Ducal_Palace%2C_Dogana_and_Part_of_San_Giorgio%2C_1841%2C_1944.54.jpg/500px-Turner_-_View_of_Venice_The_Ducal_Palace%2C_Dogana_and_Part_of_San_Giorgio%2C_1841%2C_1944.54.jpg?utm_source=en.wikipedia.org&amp;utm_campaign=parser&amp;utm_content=thumbnail",
    "notable": true,
    "wikipedia_en": "https://en.wikipedia.org/wiki/The_Ducal_Palace,_Dogana_and_Part_of_San_Giorgio",
    "creation_place": "London",
    "creation_lat": 51.5074,
    "creation_lon": -0.1278,
    "_source": {
     "source": "Wikipedia: List of paintings by J. M. W. Turner",
     "coord": "MediaWiki coordinates API"
    },
    "museum_id": "allen-memorial-art-museum",
    "country": "United States",
    "qid": "Q139552349",
    "wikidata": "https://www.wikidata.org/wiki/Q139552349",
    "_merged": [
     {
      "source": "Wikidata",
      "title": "View of Venice: The Ducal Palace, Dogana and Part of San Giorgio",
      "qid": "Q139552349",
      "url": "https://www.wikidata.org/wiki/Q139552349"
     }
    ]
   }
  },
  {
   "type": "Feature",
   "geometry": {
    "type": "Point",
    "coordinates": [
     -0.12722,
     51.49083
    ]
   },
   "properties": {
    "painter": "J.M.W. Turner",
    "title": "Peace - Burial at Sea",
    "year": "1842",
    "city": "London",
    "country": "United Kingdom",
    "location": "Tate Britain",
    "attribution": "generally accepted",
    "dimensions": "87 × 86.7 cm",
    "image": "https://upload.wikimedia.org/wikipedia/commons/thumb/a/a3/Turner_-_Peace_-_Burial_at_Sea.jpg/500px-Turner_-_Peace_-_Burial_at_Sea.jpg?utm_source=en.wikipedia.org&amp;utm_campaign=parser&amp;utm_content=thumbnail",
    "notable": true,
    "wikipedia_en": "https://en.wikipedia.org/wiki/Peace_-_Burial_at_Sea",
    "creation_place": "London",
    "creation_lat": 51.5074,
    "creation_lon": -0.1278,
    "_source": {
     "source": "Wikipedia: List of paintings by J. M. W. Turner",
     "coord": "MediaWiki coordinates API"
    },
    "museum_id": "tate-britain",
    "qid": "Q27410621",
    "wikidata": "https://www.wikidata.org/wiki/Q27410621",
    "wga_url": "https://www.wga.hu/html/t/turner/2/202turne.html"
   }
  },
  {
   "type": "Feature",
   "geometry": {
    "type": "Point",
    "coordinates": [
     -0.12722,
     51.49083
    ]
   },
   "properties": {
    "painter": "J.M.W. Turner",
    "title": "The Dogano, San Giorgio, Citella, from the Steps of the Europa",
    "year": "1842",
    "city": "London",
    "country": "United Kingdom",
    "location": "Tate Britain",
    "attribution": "generally accepted",
    "dimensions": "61.6 × 92.7 cm",
    "image": "https://upload.wikimedia.org/wikipedia/commons/thumb/9/91/Joseph_Mallord_William_Turner_-_The_Dogano%2C_San_Giorgio%2C_Citella%2C_from_the_Steps_of_the_Europa_-_Google_Art_Project.jpg/500px-Joseph_Mallord_William_Turner_-_The_Dogano%2C_San_Giorgio%2C_Citella%2C_from_the_Steps_of_the_Europa_-_Google_Art_Project.jpg?utm_source=en.wikipedia.org&amp;utm_campaign=parser&amp;utm_content=thumbnail",
    "notable": true,
    "wikipedia_en": "https://en.wikipedia.org/wiki/The_Dogano,_San_Giorgio,_Citella,_from_the_Steps_of_the_Europa",
    "creation_place": "London",
    "creation_lat": 51.5074,
    "creation_lon": -0.1278,
    "_source": {
     "source": "Wikipedia: List of paintings by J. M. W. Turner",
     "coord": "MediaWiki coordinates API"
    },
    "museum_id": "tate-britain",
    "qid": "Q18687442",
    "wikidata": "https://www.wikidata.org/wiki/Q18687442"
   }
  },
  {
   "type": "Feature",
   "geometry": {
    "type": "Point",
    "coordinates": [
     -0.12722,
     51.49083
    ]
   },
   "properties": {
    "painter": "J.M.W. Turner",
    "title": "War. The Exile and the Rock Limpet",
    "year": "1842",
    "city": "London",
    "country": "United Kingdom",
    "location": "Tate Britain",
    "attribution": "generally accepted",
    "dimensions": "79.4 × 79.4 cm",
    "image": "https://upload.wikimedia.org/wikipedia/commons/thumb/3/3c/War%2C_the_Exile_and_the_Rock_Limpet_1842_JMW_Turner.jpg/500px-War%2C_the_Exile_and_the_Rock_Limpet_1842_JMW_Turner.jpg?utm_source=en.wikipedia.org&amp;utm_campaign=parser&amp;utm_content=thumbnail",
    "notable": true,
    "wikipedia_en": "https://en.wikipedia.org/wiki/War._The_Exile_and_the_Rock_Limpet",
    "creation_place": "London",
    "creation_lat": 51.5074,
    "creation_lon": -0.1278,
    "_source": {
     "source": "Wikipedia: List of paintings by J. M. W. Turner",
     "coord": "MediaWiki coordinates API"
    },
    "museum_id": "tate-britain",
    "qid": "Q27429785",
    "wikidata": "https://www.wikidata.org/wiki/Q27429785",
    "wga_url": "https://www.wga.hu/html/t/turner/2/203turne.html"
   }
  },
  {
   "type": "Feature",
   "geometry": {
    "type": "Point",
    "coordinates": [
     -0.12722,
     51.49083
    ]
   },
   "properties": {
    "painter": "J.M.W. Turner",
    "title": "Snow Storm: Steam-Boat off a Harbour's Mouth",
    "year": "1842",
    "city": "London",
    "country": "United Kingdom",
    "location": "Tate Britain",
    "attribution": "generally accepted",
    "dimensions": "91.4 × 121.9 cm",
    "image": "https://upload.wikimedia.org/wikipedia/commons/thumb/3/30/Joseph_Mallord_William_Turner_-_Snow_Storm_-_Steam-Boat_off_a_Harbour%27s_Mouth_-_WGA23178.jpg/500px-Joseph_Mallord_William_Turner_-_Snow_Storm_-_Steam-Boat_off_a_Harbour%27s_Mouth_-_WGA23178.jpg?utm_source=en.wikipedia.org&amp;utm_campaign=parser&amp;utm_content=thumbnail",
    "notable": true,
    "wikipedia_en": "https://en.wikipedia.org/wiki/Snow_Storm:_Steam-Boat_off_a_Harbour%27s_Mouth",
    "creation_place": "London",
    "creation_lat": 51.5074,
    "creation_lon": -0.1278,
    "_source": {
     "source": "Wikipedia: List of paintings by J. M. W. Turner",
     "coord": "MediaWiki coordinates API"
    },
    "museum_id": "tate-britain",
    "qid": "Q16038731",
    "wikidata": "https://www.wikidata.org/wiki/Q16038731",
    "wga_url": "https://www.wga.hu/html/t/turner/2/2040turn.html"
   }
  },
  {
   "type": "Feature",
   "geometry": {
    "type": "Point",
    "coordinates": [
     -83.5594,
     41.6583
    ]
   },
   "properties": {
    "painter": "J.M.W. Turner",
    "title": "Campo Santo, Venice",
    "year": "1842",
    "city": "Toledo",
    "location": "Toledo Museum of Art",
    "attribution": "generally accepted",
    "dimensions": "62.2 × 92.7 cm",
    "image": "https://upload.wikimedia.org/wikipedia/commons/thumb/6/61/Joseph_Mallord_William_Turner_-_Campo_Santo_-_WGA23179.jpg/500px-Joseph_Mallord_William_Turner_-_Campo_Santo_-_WGA23179.jpg?utm_source=en.wikipedia.org&amp;utm_campaign=parser&amp;utm_content=thumbnail",
    "notable": true,
    "wikipedia_en": "https://en.wikipedia.org/wiki/Campo_Santo,_Venice",
    "creation_place": "London",
    "creation_lat": 51.5074,
    "creation_lon": -0.1278,
    "_source": {
     "source": "Wikipedia: List of paintings by J. M. W. Turner",
     "coord": "MediaWiki coordinates API"
    },
    "museum_id": "toledo-museum-of-art",
    "country": "United States",
    "qid": "Q19945715",
    "wikidata": "https://www.wikidata.org/wiki/Q19945715",
    "wga_url": "https://www.wga.hu/html/t/turner/2/2041turn.html",
    "_merged": [
     {
      "source": "Wikidata",
      "title": "The Campo Santo",
      "qid": "Q19945715",
      "url": "https://www.wikidata.org/wiki/Q19945715"
     }
    ]
   }
  },
  {
   "type": "Feature",
   "geometry": {
    "type": "Point",
    "coordinates": [
     -0.12722,
     51.49083
    ]
   },
   "properties": {
    "painter": "J.M.W. Turner",
    "title": "The Opening of the Wallhalla",
    "year": "1843",
    "city": "London",
    "country": "United Kingdom",
    "location": "Tate Britain",
    "attribution": "generally accepted",
    "dimensions": "112.7 × 200.7 cm",
    "image": "https://upload.wikimedia.org/wikipedia/commons/thumb/2/28/Joseph_Mallord_William_Turner_%281775-1851%29_-_The_Opening_of_the_Wallhalla%2C_1842_-_N00533_-_National_Gallery.jpg/500px-Joseph_Mallord_William_Turner_%281775-1851%29_-_The_Opening_of_the_Wallhalla%2C_1842_-_N00533_-_National_Gallery.jpg?utm_source=en.wikipedia.org&amp;utm_campaign=parser&amp;utm_content=thumbnail",
    "notable": true,
    "wikipedia_en": "https://en.wikipedia.org/wiki/The_Opening_of_the_Wallhalla",
    "creation_place": "London",
    "creation_lat": 51.5074,
    "creation_lon": -0.1278,
    "_source": {
     "source": "Wikipedia: List of paintings by J. M. W. Turner",
     "coord": "MediaWiki coordinates API"
    },
    "museum_id": "tate-britain",
    "qid": "Q28538530",
    "wikidata": "https://www.wikidata.org/wiki/Q28538530",
    "_merged": [
     {
      "source": "Wikidata",
      "title": "The Opening of the Wallhalla, 1842",
      "qid": "Q28538530",
      "url": "https://www.wikidata.org/wiki/Q28538530"
     }
    ]
   }
  },
  {
   "type": "Feature",
   "geometry": {
    "type": "Point",
    "coordinates": [
     -0.12722,
     51.49083
    ]
   },
   "properties": {
    "painter": "J.M.W. Turner",
    "title": "Shade and Darkness - the Evening of the Deluge",
    "year": "1843",
    "city": "London",
    "country": "United Kingdom",
    "location": "Tate Britain",
    "attribution": "generally accepted",
    "dimensions": "78.7 × 78.1 cm",
    "image": "https://upload.wikimedia.org/wikipedia/commons/thumb/7/74/Joseph_Mallord_William_Turner_%281775-1851%29_-_Shade_and_Darkness_-_the_Evening_of_the_Deluge_-_N00531_-_National_Gallery.jpg/500px-Joseph_Mallord_William_Turner_%281775-1851%29_-_Shade_and_Darkness_-_the_Evening_of_the_Deluge_-_N00531_-_National_Gallery.jpg?utm_source=en.wikipedia.org&amp;utm_campaign=parser&amp;utm_content=thumbnail",
    "notable": true,
    "creation_place": "London",
    "creation_lat": 51.5074,
    "creation_lon": -0.1278,
    "_source": {
     "source": "Wikipedia: List of paintings by J. M. W. Turner",
     "coord": "MediaWiki coordinates API"
    },
    "museum_id": "tate-britain",
    "_merged": [
     {
      "source": "Wikidata",
      "title": "Shade and Darkness",
      "qid": "Q15077736",
      "url": "https://www.wikidata.org/wiki/Q15077736"
     }
    ]
   }
  },
  {
   "type": "Feature",
   "geometry": {
    "type": "Point",
    "coordinates": [
     -0.12722,
     51.49083
    ]
   },
   "properties": {
    "painter": "J.M.W. Turner",
    "title": "St Benedetto, Looking Towards Fusina",
    "year": "1843",
    "city": "London",
    "country": "United Kingdom",
    "location": "Tate Britain",
    "attribution": "generally accepted",
    "dimensions": "62.2 × 92.7 cm",
    "image": "https://upload.wikimedia.org/wikipedia/commons/thumb/c/cf/Joseph_Mallord_William_Turner_%281775-1851%29_-_St_Benedetto%2C_Looking_towards_Fusina_-_N00534_-_National_Gallery.jpg/500px-Joseph_Mallord_William_Turner_%281775-1851%29_-_St_Benedetto%2C_Looking_towards_Fusina_-_N00534_-_National_Gallery.jpg?utm_source=en.wikipedia.org&amp;utm_campaign=parser&amp;utm_content=thumbnail",
    "notable": true,
    "wikipedia_en": "https://en.wikipedia.org/wiki/St_Benedetto,_Looking_Towards_Fusina",
    "creation_place": "London",
    "creation_lat": 51.5074,
    "creation_lon": -0.1278,
    "_source": {
     "source": "Wikipedia: List of paintings by J. M. W. Turner",
     "coord": "MediaWiki coordinates API"
    },
    "museum_id": "tate-britain",
    "qid": "Q28538623",
    "wikidata": "https://www.wikidata.org/wiki/Q28538623",
    "_merged": [
     {
      "source": "Wikidata",
      "title": "St Benedetto, Looking towards Fusina",
      "qid": "Q28538623",
      "url": "https://www.wikidata.org/wiki/Q28538623"
     }
    ]
   }
  },
  {
   "type": "Feature",
   "geometry": {
    "type": "Point",
    "coordinates": [
     -0.12722,
     51.49083
    ]
   },
   "properties": {
    "painter": "J.M.W. Turner",
    "title": "The Sun of Venice Going to Sea",
    "year": "1843",
    "city": "London",
    "country": "United Kingdom",
    "location": "Tate Britain",
    "attribution": "generally accepted",
    "dimensions": "61.6 × 92.1 cm",
    "image": "https://upload.wikimedia.org/wikipedia/commons/thumb/b/be/Joseph_Mallord_William_Turner_-_The_Sun_of_Venice_Going_to_Sea_-_Google_Art_Project.jpg/500px-Joseph_Mallord_William_Turner_-_The_Sun_of_Venice_Going_to_Sea_-_Google_Art_Project.jpg?utm_source=en.wikipedia.org&amp;utm_campaign=parser&amp;utm_content=thumbnail",
    "notable": true,
    "wikipedia_en": "https://en.wikipedia.org/wiki/The_Sun_of_Venice_Going_to_Sea",
    "creation_place": "London",
    "creation_lat": 51.5074,
    "creation_lon": -0.1278,
    "_source": {
     "source": "Wikipedia: List of paintings by J. M. W. Turner",
     "coord": "MediaWiki coordinates API"
    },
    "museum_id": "tate-britain",
    "qid": "Q18687507",
    "wikidata": "https://www.wikidata.org/wiki/Q18687507"
   }
  },
  {
   "type": "Feature",
   "geometry": {
    "type": "Point",
    "coordinates": [
     -0.12722,
     51.49083
    ]
   },
   "properties": {
    "painter": "J.M.W. Turner",
    "title": "Light and Colour (Goethe's Theory) – The Morning after the Deluge – Moses Writing the Book of Genesis",
    "year": "1843",
    "city": "London",
    "country": "United Kingdom",
    "location": "Tate Britain",
    "attribution": "generally accepted",
    "dimensions": "78.7 × W 78.7",
    "image": "https://upload.wikimedia.org/wikipedia/commons/thumb/1/1b/Unmatinapresledeluge.jpg/500px-Unmatinapresledeluge.jpg?utm_source=en.wikipedia.org&amp;utm_campaign=parser&amp;utm_content=thumbnail",
    "notable": true,
    "wikipedia_en": "https://en.wikipedia.org/wiki/Light_and_Colour_(Goethe%27s_Theory)_%E2%80%93_The_Morning_after_the_Deluge_%E2%80%93_Moses_Writing_the_Book_of_Genesis",
    "creation_place": "London",
    "creation_lat": 51.5074,
    "creation_lon": -0.1278,
    "_source": {
     "source": "Wikipedia: List of paintings by J. M. W. Turner",
     "coord": "MediaWiki coordinates API"
    },
    "museum_id": "tate-britain",
    "qid": "Q219271",
    "wikidata": "https://www.wikidata.org/wiki/Q219271"
   }
  },
  {
   "type": "Feature",
   "geometry": {
    "type": "Point",
    "coordinates": [
     -77.02,
     38.8914
    ]
   },
   "properties": {
    "painter": "J.M.W. Turner",
    "title": "The Evening of the Deluge",
    "year": "c. 1843",
    "city": "Washington",
    "country": "United States",
    "location": "National Gallery of Art",
    "attribution": "generally accepted",
    "dimensions": "76 × 76 cm",
    "image": "https://upload.wikimedia.org/wikipedia/commons/thumb/8/89/Joseph_Mallord_William_Turner%2C_The_Evening_of_the_Deluge%2C_c._1843%2C_NGA_46064.jpg/500px-Joseph_Mallord_William_Turner%2C_The_Evening_of_the_Deluge%2C_c._1843%2C_NGA_46064.jpg?utm_source=en.wikipedia.org&amp;utm_campaign=parser&amp;utm_content=thumbnail",
    "notable": true,
    "creation_place": "London",
    "creation_lat": 51.5074,
    "creation_lon": -0.1278,
    "_source": {
     "source": "Wikipedia: List of paintings by J. M. W. Turner",
     "coord": "MediaWiki coordinates API"
    },
    "museum_id": "national-gallery-of-art",
    "qid": "Q20187052",
    "wikidata": "https://www.wikidata.org/wiki/Q20187052",
    "_overrides": {
     "qid": {
      "at": "2026-08-24",
      "source": "Wikidata reconciliation",
      "note": "matched to Q20187052 by normalised title + year (±8), same creator (merge_wd_extras)"
     }
    }
   }
  },
  {
   "type": "Feature",
   "geometry": {
    "type": "Point",
    "coordinates": [
     -0.12722,
     51.49083
    ]
   },
   "properties": {
    "painter": "J.M.W. Turner",
    "title": "Lake Lucerne: the Bay of Uri from above Brunnen",
    "year": "1844",
    "city": "London",
    "country": "United Kingdom",
    "location": "Tate Britain",
    "attribution": "generally accepted",
    "dimensions": "72.7 × 98.3 cm",
    "image": "https://upload.wikimedia.org/wikipedia/commons/thumb/a/a3/%28Barcelona%29_Lake_Lucerne_%3B_the_Bay_of_Uri_from_above_Brunnen_-_William_Turner_-_Tate_Britain.jpg/500px-%28Barcelona%29_Lake_Lucerne_%3B_the_Bay_of_Uri_from_above_Brunnen_-_William_Turner_-_Tate_Britain.jpg?utm_source=en.wikipedia.org&amp;utm_campaign=parser&amp;utm_content=thumbnail",
    "notable": true,
    "creation_place": "London",
    "creation_lat": 51.5074,
    "creation_lon": -0.1278,
    "_source": {
     "source": "Wikipedia: List of paintings by J. M. W. Turner",
     "coord": "MediaWiki coordinates API"
    },
    "museum_id": "tate-britain",
    "qid": "Q28533542",
    "wikidata": "https://www.wikidata.org/wiki/Q28533542",
    "_overrides": {
     "qid": {
      "at": "2026-08-24",
      "source": "Wikidata reconciliation",
      "note": "matched to Q28533542 by normalised title + year (±8), same creator (merge_wd_extras)"
     }
    }
   }
  },
  {
   "type": "Feature",
   "geometry": {
    "type": "Point",
    "coordinates": [
     11.57111,
     48.14972
    ]
   },
   "properties": {
    "painter": "J.M.W. Turner",
    "title": "Ostend",
    "year": "1844",
    "city": "Munich",
    "country": "Germany",
    "location": "Neue Pinakothek",
    "attribution": "generally accepted",
    "dimensions": "91.6 × 122 cm",
    "image": "https://upload.wikimedia.org/wikipedia/commons/thumb/0/07/Joseph_Mallord_William_Turner_Ostende_1844.jpg/500px-Joseph_Mallord_William_Turner_Ostende_1844.jpg?utm_source=en.wikipedia.org&amp;utm_campaign=parser&amp;utm_content=thumbnail",
    "notable": true,
    "wikipedia_en": "https://en.wikipedia.org/wiki/Ostend_(painting)",
    "creation_place": "London",
    "creation_lat": 51.5074,
    "creation_lon": -0.1278,
    "_source": {
     "source": "Wikipedia: List of paintings by J. M. W. Turner",
     "coord": "MediaWiki coordinates API"
    },
    "museum_id": "neue-pinakothek",
    "qid": "Q30063586",
    "wikidata": "https://www.wikidata.org/wiki/Q30063586"
   }
  },
  {
   "type": "Feature",
   "geometry": {
    "type": "Point",
    "coordinates": [
     -118.475,
     34.0775
    ]
   },
   "properties": {
    "painter": "J.M.W. Turner",
    "title": "Van Tromp",
    "year": "1844",
    "location": "J. Paul Getty Museum",
    "city": "Los Angeles",
    "country": "United States",
    "attribution": "generally accepted",
    "image": "https://commons.wikimedia.org/wiki/Special:FilePath/Joseph%20Mallord%20William%20Turner%20%28British%20-%20Van%20Tromp%2C%20Going%20About%20to%20Please%20His%20Masters%20-%20Google%20Art%20Project.jpg?width=500",
    "qid": "Q20179743",
    "wikidata": "https://www.wikidata.org/wiki/Q20179743",
    "_source": {
     "source": "Wikidata",
     "url": "https://www.wikidata.org/wiki/Q20179743",
     "note": "harvested: painting by this creator with an image and a documented collection"
    },
    "creation_place": "London",
    "creation_lat": 51.507222,
    "creation_lon": -0.1275,
    "_overrides": {
     "creation": {
      "at": "2026-08-24",
      "source": "derived",
      "note": "creation place inferred from the painter's itinerary at this work's date (approximate)"
     }
    },
    "dimensions": "91.4 × 121.9 cm",
    "_merged": [
     {
      "source": "Wikipedia list",
      "title": "Van Tromp, Going About to Please His Masters"
     }
    ]
   }
  },
  {
   "type": "Feature",
   "geometry": {
    "type": "Point",
    "coordinates": [
     -0.12722,
     51.49083
    ]
   },
   "properties": {
    "painter": "J.M.W. Turner",
    "title": "Heidelberg",
    "year": "1844-5",
    "city": "London",
    "country": "United Kingdom",
    "location": "Tate Britain",
    "attribution": "generally accepted",
    "dimensions": "132.1 × 201.9 cm",
    "image": "https://upload.wikimedia.org/wikipedia/commons/thumb/8/87/Joseph_Mallord_William_Turner_%281775-1851%29_-_Heidelberg_-_N00518_-_National_Gallery.jpg/500px-Joseph_Mallord_William_Turner_%281775-1851%29_-_Heidelberg_-_N00518_-_National_Gallery.jpg?utm_source=en.wikipedia.org&amp;utm_campaign=parser&amp;utm_content=thumbnail",
    "notable": true,
    "creation_place": "London",
    "creation_lat": 51.5074,
    "creation_lon": -0.1278,
    "_source": {
     "source": "Wikipedia: List of paintings by J. M. W. Turner",
     "coord": "MediaWiki coordinates API"
    },
    "museum_id": "tate-britain",
    "qid": "Q28538583",
    "wikidata": "https://www.wikidata.org/wiki/Q28538583",
    "_overrides": {
     "qid": {
      "at": "2026-08-24",
      "source": "Wikidata reconciliation",
      "note": "matched to Q28538583 by normalised title + year (±8), same creator (merge_wd_extras)"
     }
    }
   }
  },
  {
   "type": "Feature",
   "geometry": {
    "type": "Point",
    "coordinates": [
     -0.12722,
     51.49083
    ]
   },
   "properties": {
    "painter": "J.M.W. Turner",
    "title": "Sunset From the Top of the Rigi",
    "year": "1844",
    "city": "London",
    "country": "United Kingdom",
    "location": "Tate Britain",
    "attribution": "generally accepted",
    "dimensions": "71.1 × 96.5 cm",
    "image": "https://upload.wikimedia.org/wikipedia/commons/thumb/4/41/%28Barcelona%29_Sunset_From_the_Top_of_the_Rigi_-_William_Turner_-_Tate_Britain.jpg/500px-%28Barcelona%29_Sunset_From_the_Top_of_the_Rigi_-_William_Turner_-_Tate_Britain.jpg?utm_source=en.wikipedia.org&amp;utm_campaign=parser&amp;utm_content=thumbnail",
    "notable": true,
    "creation_place": "London",
    "creation_lat": 51.5074,
    "creation_lon": -0.1278,
    "_source": {
     "source": "Wikipedia: List of paintings by J. M. W. Turner",
     "coord": "MediaWiki coordinates API"
    },
    "museum_id": "tate-britain",
    "qid": "Q28533437",
    "wikidata": "https://www.wikidata.org/wiki/Q28533437",
    "_overrides": {
     "qid": {
      "at": "2026-08-24",
      "source": "Wikidata reconciliation",
      "note": "matched to Q28533437 by normalised title + year (±8), same creator (merge_wd_extras)"
     }
    }
   }
  },
  {
   "type": "Feature",
   "geometry": {
    "type": "Point",
    "coordinates": [
     -72.930906,
     41.307908
    ]
   },
   "properties": {
    "painter": "J.M.W. Turner",
    "title": "Squally Weather",
    "year": "1840",
    "location": "Yale Center for British Art",
    "city": "New Haven",
    "country": "United States",
    "attribution": "generally accepted",
    "image": "https://commons.wikimedia.org/wiki/Special:FilePath/Joseph%20Mallord%20William%20Turner%20-%20Off%20the%20Nore%20-%20Google%20Art%20Project.jpg?width=500",
    "qid": "Q23758107",
    "wikidata": "https://www.wikidata.org/wiki/Q23758107",
    "_source": {
     "source": "Wikidata",
     "url": "https://www.wikidata.org/wiki/Q23758107",
     "note": "harvested: painting by this creator with an image and a documented collection"
    },
    "creation_place": "London",
    "creation_lat": 51.507222,
    "creation_lon": -0.1275,
    "_overrides": {
     "creation": {
      "at": "2026-08-24",
      "source": "derived",
      "note": "creation place inferred from the painter's itinerary at this work's date (approximate)"
     }
    },
    "dimensions": "30.5 × 45.7 cm",
    "_merged": [
     {
      "source": "Wikipedia list",
      "title": "Off the Nore"
     }
    ]
   }
  },
  {
   "type": "Feature",
   "geometry": {
    "type": "Point",
    "coordinates": [
     -0.12722,
     51.49083
    ]
   },
   "properties": {
    "painter": "J.M.W. Turner",
    "title": "A River Seen from a Hill",
    "year": "1840-1845",
    "city": "London",
    "country": "United Kingdom",
    "location": "Tate Britain",
    "attribution": "generally accepted",
    "dimensions": "78.7 × 79.4 cm",
    "image": "https://upload.wikimedia.org/wikipedia/commons/thumb/7/74/Joseph_Mallord_William_Turner_%281775-1851%29_-_A_River_Seen_from_a_Hill_-_N05475_-_National_Gallery.jpg/500px-Joseph_Mallord_William_Turner_%281775-1851%29_-_A_River_Seen_from_a_Hill_-_N05475_-_National_Gallery.jpg?utm_source=en.wikipedia.org&amp;utm_campaign=parser&amp;utm_content=thumbnail",
    "notable": true,
    "creation_place": "London",
    "creation_lat": 51.5074,
    "creation_lon": -0.1278,
    "_source": {
     "source": "Wikipedia: List of paintings by J. M. W. Turner",
     "coord": "MediaWiki coordinates API"
    },
    "museum_id": "tate-britain",
    "qid": "Q28533428",
    "wikidata": "https://www.wikidata.org/wiki/Q28533428",
    "_overrides": {
     "qid": {
      "at": "2026-08-24",
      "source": "Wikidata reconciliation",
      "note": "matched to Q28533428 by normalised title + year (±8), same creator (merge_wd_extras)"
     }
    }
   }
  },
  {
   "type": "Feature",
   "geometry": {
    "type": "Point",
    "coordinates": [
     -0.12722,
     51.49083
    ]
   },
   "properties": {
    "painter": "J.M.W. Turner",
    "title": "Landscape with Water",
    "year": "1840-1845",
    "city": "London",
    "country": "United Kingdom",
    "location": "Tate Britain",
    "attribution": "generally accepted",
    "dimensions": "121.9 × 182.2 cm",
    "image": "https://upload.wikimedia.org/wikipedia/commons/thumb/1/17/Joseph_Mallord_William_Turner_-_Landscape_with_Water_-_Google_Art_Project.jpg/500px-Joseph_Mallord_William_Turner_-_Landscape_with_Water_-_Google_Art_Project.jpg?utm_source=en.wikipedia.org&amp;utm_campaign=parser&amp;utm_content=thumbnail",
    "notable": true,
    "creation_place": "London",
    "creation_lat": 51.5074,
    "creation_lon": -0.1278,
    "_source": {
     "source": "Wikipedia: List of paintings by J. M. W. Turner",
     "coord": "MediaWiki coordinates API"
    },
    "museum_id": "tate-britain",
    "qid": "Q18687555",
    "wikidata": "https://www.wikidata.org/wiki/Q18687555",
    "_overrides": {
     "qid": {
      "at": "2026-08-24",
      "source": "Wikidata reconciliation",
      "note": "matched to Q18687555 by normalised title + year (±8), same creator (merge_wd_extras)"
     }
    }
   }
  },
  {
   "type": "Feature",
   "geometry": {
    "type": "Point",
    "coordinates": [
     -0.12722,
     51.49083
    ]
   },
   "properties": {
    "painter": "J.M.W. Turner",
    "title": "The Arrival of Louis-Philippe at Portsmouth",
    "year": "1844-45",
    "city": "London",
    "country": "United Kingdom",
    "location": "Tate Britain",
    "attribution": "generally accepted",
    "dimensions": "90.8 × 121.3 cm",
    "image": "https://upload.wikimedia.org/wikipedia/commons/thumb/c/c1/Joseph_Mallord_William_Turner_%281775-1851%29_-_The_Arrival_of_Louis-Philippe_at_Portsmouth%2C_8_October_1844_-_N04660_-_National_Gallery.jpg/500px-Joseph_Mallord_William_Turner_%281775-1851%29_-_The_Arrival_of_Louis-Philippe_at_Portsmouth%2C_8_October_1844_-_N04660_-_National_Gallery.jpg?utm_source=en.wikipedia.org&amp;utm_campaign=parser&amp;utm_content=thumbnail",
    "notable": true,
    "wikipedia_en": "https://en.wikipedia.org/wiki/The_Arrival_of_Louis-Philippe_at_Portsmouth",
    "creation_place": "London",
    "creation_lat": 51.5074,
    "creation_lon": -0.1278,
    "_source": {
     "source": "Wikipedia: List of paintings by J. M. W. Turner",
     "coord": "MediaWiki coordinates API"
    },
    "museum_id": "tate-britain",
    "qid": "Q136373305",
    "wikidata": "https://www.wikidata.org/wiki/Q136373305",
    "_merged": [
     {
      "source": "Wikidata",
      "title": "The Disembarkation of Louis-Philippe at the Royal Clarence Yard, Gosport, 8 October 1844",
      "qid": "Q28532892",
      "url": "https://www.wikidata.org/wiki/Q28532892"
     }
    ]
   }
  },
  {
   "type": "Feature",
   "geometry": {
    "type": "Point",
    "coordinates": [
     -0.12722,
     51.49083
    ]
   },
   "properties": {
    "painter": "J.M.W. Turner",
    "title": "The Disembarkation of Louis-Philippe at Portsmouth, 8 October 1844",
    "year": "1844-45",
    "city": "London",
    "country": "United Kingdom",
    "location": "Tate Britain",
    "attribution": "generally accepted",
    "dimensions": "90.2 × 120.6 cm",
    "image": "https://upload.wikimedia.org/wikipedia/commons/thumb/c/cd/Joseph_Mallord_William_Turner_%281775-1851%29_-_The_Disembarkation_of_Louis-Philippe_at_Portsmouth%2C_8_October_1844_-_N02068_-_National_Gallery.jpg/500px-Joseph_Mallord_William_Turner_%281775-1851%29_-_The_Disembarkation_of_Louis-Philippe_at_Portsmouth%2C_8_October_1844_-_N02068_-_National_Gallery.jpg?utm_source=en.wikipedia.org&amp;utm_campaign=parser&amp;utm_content=thumbnail",
    "notable": true,
    "creation_place": "London",
    "creation_lat": 51.5074,
    "creation_lon": -0.1278,
    "_source": {
     "source": "Wikipedia: List of paintings by J. M. W. Turner",
     "coord": "MediaWiki coordinates API"
    },
    "museum_id": "tate-britain",
    "_merged": [
     {
      "source": "Wikidata",
      "title": "The Arrival of Louis-Philippe at the Royal Clarence Yard, Gosport, 8 October 1844",
      "qid": "Q28542106",
      "url": "https://www.wikidata.org/wiki/Q28542106"
     }
    ]
   }
  },
  {
   "type": "Feature",
   "geometry": {
    "type": "Point",
    "coordinates": [
     -0.12722,
     51.49083
    ]
   },
   "properties": {
    "painter": "J.M.W. Turner",
    "title": "Rough Sea with Wreckage",
    "year": "1840-1845",
    "city": "London",
    "country": "United Kingdom",
    "location": "Tate Britain",
    "attribution": "generally accepted",
    "dimensions": "92.1 × 122.6 cm",
    "image": "https://upload.wikimedia.org/wikipedia/commons/thumb/f/ff/William_Turner_-_Rough_Sea_with_Wreckage.jpg/500px-William_Turner_-_Rough_Sea_with_Wreckage.jpg?utm_source=en.wikipedia.org&amp;utm_campaign=parser&amp;utm_content=thumbnail",
    "notable": true,
    "creation_place": "London",
    "creation_lat": 51.5074,
    "creation_lon": -0.1278,
    "_source": {
     "source": "Wikipedia: List of paintings by J. M. W. Turner",
     "coord": "MediaWiki coordinates API"
    },
    "museum_id": "tate-britain",
    "qid": "Q28539682",
    "wikidata": "https://www.wikidata.org/wiki/Q28539682",
    "_overrides": {
     "qid": {
      "at": "2026-08-24",
      "source": "Wikidata reconciliation",
      "note": "matched to Q28539682 by normalised title + year (±8), same creator (merge_wd_extras)"
     }
    }
   }
  },
  {
   "type": "Feature",
   "geometry": {
    "type": "Point",
    "coordinates": [
     -0.12722,
     51.49083
    ]
   },
   "properties": {
    "painter": "J.M.W. Turner",
    "title": "Yacht Approaching the Coast",
    "year": "1840-1845",
    "city": "London",
    "country": "United Kingdom",
    "location": "Tate Britain",
    "attribution": "generally accepted",
    "dimensions": "102.2 × 142.2 cm",
    "image": "https://upload.wikimedia.org/wikipedia/commons/thumb/d/db/Joseph_Mallord_William_Turner_-_Yacht_Approaching_the_Coast.jpg/500px-Joseph_Mallord_William_Turner_-_Yacht_Approaching_the_Coast.jpg?utm_source=en.wikipedia.org&amp;utm_campaign=parser&amp;utm_content=thumbnail",
    "notable": true,
    "creation_place": "London",
    "creation_lat": 51.5074,
    "creation_lon": -0.1278,
    "_source": {
     "source": "Wikipedia: List of paintings by J. M. W. Turner",
     "coord": "MediaWiki coordinates API"
    },
    "museum_id": "tate-britain",
    "qid": "Q28532910",
    "wikidata": "https://www.wikidata.org/wiki/Q28532910",
    "_overrides": {
     "qid": {
      "at": "2026-08-24",
      "source": "Wikidata reconciliation",
      "note": "matched to Q28532910 by normalised title + year (±8), same creator (merge_wd_extras)"
     }
    }
   }
  },
  {
   "type": "Feature",
   "geometry": {
    "type": "Point",
    "coordinates": [
     -0.12722,
     51.49083
    ]
   },
   "properties": {
    "painter": "J.M.W. Turner",
    "title": "Venetian Scene",
    "year": "1840-1845",
    "city": "London",
    "country": "United Kingdom",
    "location": "Tate Britain",
    "attribution": "generally accepted",
    "dimensions": "79.4 × 78.7 cm",
    "image": "https://upload.wikimedia.org/wikipedia/commons/thumb/e/ee/Joseph_Mallord_William_Turner_%281775-1851%29_-_Venetian_Scene_-_N05482_-_National_Gallery.jpg/500px-Joseph_Mallord_William_Turner_%281775-1851%29_-_Venetian_Scene_-_N05482_-_National_Gallery.jpg?utm_source=en.wikipedia.org&amp;utm_campaign=parser&amp;utm_content=thumbnail",
    "notable": true,
    "creation_place": "London",
    "creation_lat": 51.5074,
    "creation_lon": -0.1278,
    "_source": {
     "source": "Wikipedia: List of paintings by J. M. W. Turner",
     "coord": "MediaWiki coordinates API"
    },
    "museum_id": "tate-britain",
    "qid": "Q28533441",
    "wikidata": "https://www.wikidata.org/wiki/Q28533441",
    "_overrides": {
     "qid": {
      "at": "2026-08-24",
      "source": "Wikidata reconciliation",
      "note": "matched to Q28533441 by normalised title + year (±8), same creator (merge_wd_extras)"
     }
    }
   }
  },
  {
   "type": "Feature",
   "geometry": {
    "type": "Point",
    "coordinates": [
     -0.12722,
     51.49083
    ]
   },
   "properties": {
    "painter": "J.M.W. Turner",
    "title": "Sunrise, with a Boat between Headlands",
    "year": "1840-1845",
    "city": "London",
    "country": "United Kingdom",
    "location": "Tate Britain",
    "attribution": "generally accepted",
    "dimensions": "91.4 × 121.9 cm",
    "image": "https://upload.wikimedia.org/wikipedia/commons/thumb/0/03/Joseph_Mallord_William_Turner_%281775-1851%29_-_Sunrise%2C_with_a_Boat_between_Headlands_-_N02002_-_National_Gallery.jpg/500px-Joseph_Mallord_William_Turner_%281775-1851%29_-_Sunrise%2C_with_a_Boat_between_Headlands_-_N02002_-_National_Gallery.jpg?utm_source=en.wikipedia.org&amp;utm_campaign=parser&amp;utm_content=thumbnail",
    "notable": true,
    "creation_place": "London",
    "creation_lat": 51.5074,
    "creation_lon": -0.1278,
    "_source": {
     "source": "Wikipedia: List of paintings by J. M. W. Turner",
     "coord": "MediaWiki coordinates API"
    },
    "museum_id": "tate-britain",
    "qid": "Q28542105",
    "wikidata": "https://www.wikidata.org/wiki/Q28542105",
    "_overrides": {
     "qid": {
      "at": "2026-08-24",
      "source": "Wikidata reconciliation",
      "note": "matched to Q28542105 by normalised title + year (±8), same creator (merge_wd_extras)"
     }
    }
   }
  },
  {
   "type": "Feature",
   "geometry": {
    "type": "Point",
    "coordinates": [
     -2.97972,
     53.41
    ]
   },
   "properties": {
    "painter": "J.M.W. Turner",
    "title": "Landscape",
    "year": "1840-1845",
    "city": "Liverpool",
    "location": "Walker Art Gallery",
    "attribution": "generally accepted",
    "dimensions": "92 × 122. cm",
    "image": "https://upload.wikimedia.org/wikipedia/commons/thumb/8/8b/Joseph_Mallord_William_Turner_-_Landscape_-_Google_Art_Project.jpg/500px-Joseph_Mallord_William_Turner_-_Landscape_-_Google_Art_Project.jpg?utm_source=en.wikipedia.org&amp;utm_campaign=parser&amp;utm_content=thumbnail",
    "notable": true,
    "creation_place": "London",
    "creation_lat": 51.5074,
    "creation_lon": -0.1278,
    "_source": {
     "source": "Wikipedia: List of paintings by J. M. W. Turner",
     "coord": "MediaWiki coordinates API"
    },
    "museum_id": "walker-art-gallery",
    "country": "United Kingdom",
    "qid": "Q119049221",
    "wikidata": "https://www.wikidata.org/wiki/Q119049221",
    "_overrides": {
     "qid": {
      "at": "2026-08-24",
      "source": "Wikidata reconciliation",
      "note": "matched to Q119049221 by normalised title + year (±8), same creator (merge_wd_extras)"
     }
    }
   }
  },
  {
   "type": "Feature",
   "geometry": {
    "type": "Point",
    "coordinates": [
     -0.12722,
     51.49083
    ]
   },
   "properties": {
    "painter": "J.M.W. Turner",
    "title": "The Ponte Delle Torri, Spoleto",
    "year": "1840-1845",
    "city": "London",
    "country": "United Kingdom",
    "location": "Tate Britain",
    "attribution": "generally accepted",
    "dimensions": "91.4 × 121.9 cm",
    "image": "https://upload.wikimedia.org/wikipedia/commons/thumb/8/81/%28Barcelona%29_The_Ponte_Delle_Torri_-_Spoleto_C.1840-5_-_William_Turner_-_Tate_Britain.jpg/500px-%28Barcelona%29_The_Ponte_Delle_Torri_-_Spoleto_C.1840-5_-_William_Turner_-_Tate_Britain.jpg?utm_source=en.wikipedia.org&amp;utm_campaign=parser&amp;utm_content=thumbnail",
    "notable": true,
    "creation_place": "London",
    "creation_lat": 51.5074,
    "creation_lon": -0.1278,
    "_source": {
     "source": "Wikipedia: List of paintings by J. M. W. Turner",
     "coord": "MediaWiki coordinates API"
    },
    "museum_id": "tate-britain",
    "qid": "Q18687516",
    "wikidata": "https://www.wikidata.org/wiki/Q18687516",
    "_overrides": {
     "qid": {
      "at": "2026-08-24",
      "source": "Wikidata reconciliation",
      "note": "matched to Q18687516 by normalised title + year (±8), same creator (merge_wd_extras)"
     }
    }
   }
  },
  {
   "type": "Feature",
   "geometry": {
    "type": "Point",
    "coordinates": [
     -0.12722,
     51.49083
    ]
   },
   "properties": {
    "painter": "J.M.W. Turner",
    "title": "Venice with the Salute",
    "year": "1840-1845",
    "city": "London",
    "country": "United Kingdom",
    "location": "Tate Britain",
    "attribution": "generally accepted",
    "dimensions": "62.2 × 92.7 cm",
    "image": "https://upload.wikimedia.org/wikipedia/commons/thumb/0/08/Joseph_Mallord_William_Turner_-_Venice_with_the_Salute_-_Google_Art_Project.jpg/500px-Joseph_Mallord_William_Turner_-_Venice_with_the_Salute_-_Google_Art_Project.jpg?utm_source=en.wikipedia.org&amp;utm_campaign=parser&amp;utm_content=thumbnail",
    "notable": true,
    "creation_place": "London",
    "creation_lat": 51.5074,
    "creation_lon": -0.1278,
    "_source": {
     "source": "Wikipedia: List of paintings by J. M. W. Turner",
     "coord": "MediaWiki coordinates API"
    },
    "museum_id": "tate-britain",
    "qid": "Q18687544",
    "wikidata": "https://www.wikidata.org/wiki/Q18687544",
    "_overrides": {
     "qid": {
      "at": "2026-08-24",
      "source": "Wikidata reconciliation",
      "note": "matched to Q18687544 by normalised title + year (±8), same creator (merge_wd_extras)"
     }
    }
   }
  },
  {
   "type": "Feature",
   "geometry": {
    "type": "Point",
    "coordinates": [
     -0.12722,
     51.49083
    ]
   },
   "properties": {
    "painter": "J.M.W. Turner",
    "title": "A Wreck, with Fishing Boats",
    "year": "1840-1845",
    "city": "London",
    "country": "United Kingdom",
    "location": "Tate Britain",
    "attribution": "generally accepted",
    "dimensions": "91.4 × 122.2 cm",
    "image": "https://upload.wikimedia.org/wikipedia/commons/thumb/6/6e/Joseph_Mallord_William_Turner_%281775-1851%29_-_A_Wreck%2C_with_Fishing_Boats_-_N02425_-_National_Gallery.jpg/500px-Joseph_Mallord_William_Turner_%281775-1851%29_-_A_Wreck%2C_with_Fishing_Boats_-_N02425_-_National_Gallery.jpg?utm_source=en.wikipedia.org&amp;utm_campaign=parser&amp;utm_content=thumbnail",
    "notable": true,
    "creation_place": "London",
    "creation_lat": 51.5074,
    "creation_lon": -0.1278,
    "_source": {
     "source": "Wikipedia: List of paintings by J. M. W. Turner",
     "coord": "MediaWiki coordinates API"
    },
    "museum_id": "tate-britain",
    "qid": "Q28545342",
    "wikidata": "https://www.wikidata.org/wiki/Q28545342",
    "_overrides": {
     "qid": {
      "at": "2026-08-24",
      "source": "Wikidata reconciliation",
      "note": "matched to Q28545342 by normalised title + year (±8), same creator (merge_wd_extras)"
     }
    }
   }
  },
  {
   "type": "Feature",
   "geometry": {
    "type": "Point",
    "coordinates": [
     -0.12722,
     51.49083
    ]
   },
   "properties": {
    "painter": "J.M.W. Turner",
    "title": "Sunrise, a Castle on a Bay: 'Solitude'",
    "year": "1840-1845",
    "city": "London",
    "country": "United Kingdom",
    "location": "Tate Britain",
    "attribution": "generally accepted",
    "dimensions": "90.8 × 121.9 cm",
    "image": "https://upload.wikimedia.org/wikipedia/commons/thumb/a/a9/Joseph_Mallord_William_Turner_%281775-1851%29_-_Sunrise%2C_a_Castle_on_a_Bay%2C_%27Solitude%27_-_N01985_-_National_Gallery.jpg/500px-Joseph_Mallord_William_Turner_%281775-1851%29_-_Sunrise%2C_a_Castle_on_a_Bay%2C_%27Solitude%27_-_N01985_-_National_Gallery.jpg?utm_source=en.wikipedia.org&amp;utm_campaign=parser&amp;utm_content=thumbnail",
    "notable": true,
    "creation_place": "London",
    "creation_lat": 51.5074,
    "creation_lon": -0.1278,
    "_source": {
     "source": "Wikipedia: List of paintings by J. M. W. Turner",
     "coord": "MediaWiki coordinates API"
    },
    "museum_id": "tate-britain",
    "qid": "Q28539826",
    "wikidata": "https://www.wikidata.org/wiki/Q28539826",
    "_overrides": {
     "qid": {
      "at": "2026-08-24",
      "source": "Wikidata reconciliation",
      "note": "matched to Q28539826 by normalised title + year (±8), same creator (merge_wd_extras)"
     }
    },
    "_merged": [
     {
      "source": "Wikidata",
      "title": "Sunrise, a Castle on a Bay: ‘Solitude’",
      "qid": "Q28539826",
      "url": "https://www.wikidata.org/wiki/Q28539826"
     }
    ]
   }
  },
  {
   "type": "Feature",
   "geometry": {
    "type": "Point",
    "coordinates": [
     -3.1773,
     51.4858
    ]
   },
   "properties": {
    "painter": "J.M.W. Turner",
    "title": "The Storm",
    "year": "1840-1845",
    "location": "National Museum Cardiff",
    "attribution": "generally accepted",
    "dimensions": "54.6 × 77 cm",
    "image": "https://upload.wikimedia.org/wikipedia/commons/thumb/6/61/William_Turner_-_The_Storm.jpg/500px-William_Turner_-_The_Storm.jpg?utm_source=en.wikipedia.org&amp;utm_campaign=parser&amp;utm_content=thumbnail",
    "notable": true,
    "creation_place": "London",
    "creation_lat": 51.5074,
    "creation_lon": -0.1278,
    "_source": {
     "source": "Wikipedia: List of paintings by J. M. W. Turner",
     "coord": "MediaWiki coordinates API"
    },
    "museum_id": "national-museum-cardiff",
    "city": "Cardiff",
    "country": "Wales",
    "qid": "Q119047454",
    "wikidata": "https://www.wikidata.org/wiki/Q119047454",
    "_overrides": {
     "qid": {
      "at": "2026-08-24",
      "source": "Wikidata reconciliation",
      "note": "matched to Q119047454 by normalised title + year (±8), same creator (merge_wd_extras)"
     }
    }
   }
  },
  {
   "type": "Feature",
   "geometry": {
    "type": "Point",
    "coordinates": [
     -3.1773,
     51.4858
    ]
   },
   "properties": {
    "painter": "J.M.W. Turner",
    "title": "The Morning after the Storm",
    "year": "1840-1845",
    "location": "National Museum Cardiff",
    "attribution": "generally accepted",
    "dimensions": "32.6 × 54.4 cm",
    "image": "https://upload.wikimedia.org/wikipedia/commons/thumb/6/61/Turner_-_The_Morning_after_the_Storm%2C_c.1840%E2%80%931845%2C_NMW_A_434.jpg/500px-Turner_-_The_Morning_after_the_Storm%2C_c.1840%E2%80%931845%2C_NMW_A_434.jpg?utm_source=en.wikipedia.org&amp;utm_campaign=parser&amp;utm_content=thumbnail",
    "notable": true,
    "creation_place": "London",
    "creation_lat": 51.5074,
    "creation_lon": -0.1278,
    "_source": {
     "source": "Wikipedia: List of paintings by J. M. W. Turner",
     "coord": "MediaWiki coordinates API"
    },
    "museum_id": "national-museum-cardiff",
    "city": "Cardiff",
    "country": "Wales",
    "qid": "Q119050494",
    "wikidata": "https://www.wikidata.org/wiki/Q119050494",
    "_overrides": {
     "qid": {
      "at": "2026-08-24",
      "source": "Wikidata reconciliation",
      "note": "matched to Q119050494 by normalised title + year (±8), same creator (merge_wd_extras)"
     }
    }
   }
  },
  {
   "type": "Feature",
   "geometry": {
    "type": "Point",
    "coordinates": [
     -0.12722,
     51.49083
    ]
   },
   "properties": {
    "painter": "J.M.W. Turner",
    "title": "Scene in Venice",
    "year": "1840-1845",
    "city": "London",
    "country": "United Kingdom",
    "location": "Tate Britain",
    "attribution": "generally accepted",
    "dimensions": "62.2 × 92.7 cm",
    "image": "https://upload.wikimedia.org/wikipedia/commons/thumb/0/0c/Joseph_Mallord_William_Turner_%281775-1851%29_-_Scene_in_Venice_-_N05488_-_National_Gallery.jpg/500px-Joseph_Mallord_William_Turner_%281775-1851%29_-_Scene_in_Venice_-_N05488_-_National_Gallery.jpg?utm_source=en.wikipedia.org&amp;utm_campaign=parser&amp;utm_content=thumbnail",
    "notable": true,
    "creation_place": "London",
    "creation_lat": 51.5074,
    "creation_lon": -0.1278,
    "_source": {
     "source": "Wikipedia: List of paintings by J. M. W. Turner",
     "coord": "MediaWiki coordinates API"
    },
    "museum_id": "tate-britain",
    "qid": "Q28533499",
    "wikidata": "https://www.wikidata.org/wiki/Q28533499",
    "_overrides": {
     "qid": {
      "at": "2026-08-24",
      "source": "Wikidata reconciliation",
      "note": "matched to Q28533499 by normalised title + year (±8), same creator (merge_wd_extras)"
     }
    }
   }
  },
  {
   "type": "Feature",
   "geometry": {
    "type": "Point",
    "coordinates": [
     -0.12722,
     51.49083
    ]
   },
   "properties": {
    "painter": "J.M.W. Turner",
    "title": "Rough Sea",
    "year": "1840-1845",
    "city": "London",
    "country": "United Kingdom",
    "location": "Tate Britain",
    "attribution": "generally accepted",
    "dimensions": "91.4 × 121.9 cm",
    "image": "https://upload.wikimedia.org/wikipedia/commons/thumb/4/4b/Joseph_Mallord_William_Turner_%281775-1851%29_-_Rough_Sea_-_N05479_-_National_Gallery.jpg/500px-Joseph_Mallord_William_Turner_%281775-1851%29_-_Rough_Sea_-_N05479_-_National_Gallery.jpg?utm_source=en.wikipedia.org&amp;utm_campaign=parser&amp;utm_content=thumbnail",
    "notable": true,
    "creation_place": "London",
    "creation_lat": 51.5074,
    "creation_lon": -0.1278,
    "_source": {
     "source": "Wikipedia: List of paintings by J. M. W. Turner",
     "coord": "MediaWiki coordinates API"
    },
    "museum_id": "tate-britain",
    "qid": "Q28533488",
    "wikidata": "https://www.wikidata.org/wiki/Q28533488",
    "_overrides": {
     "qid": {
      "at": "2026-08-24",
      "source": "Wikidata reconciliation",
      "note": "matched to Q28533488 by normalised title + year (±8), same creator (merge_wd_extras)"
     }
    }
   }
  },
  {
   "type": "Feature",
   "geometry": {
    "type": "Point",
    "coordinates": [
     -72.93091,
     41.30791
    ]
   },
   "properties": {
    "painter": "J.M.W. Turner",
    "title": "Stormy Sea Breaking on a Shore",
    "year": "1840-1845",
    "city": "Connecticut",
    "location": "Yale Center for British Art",
    "attribution": "generally accepted",
    "dimensions": "44.5 × 63.5 cm",
    "image": "https://upload.wikimedia.org/wikipedia/commons/thumb/e/ed/Joseph_Mallord_William_Turner_-_Stormy_Sea_Breaking_on_a_Shore_-_Google_Art_Project.jpg/500px-Joseph_Mallord_William_Turner_-_Stormy_Sea_Breaking_on_a_Shore_-_Google_Art_Project.jpg?utm_source=en.wikipedia.org&amp;utm_campaign=parser&amp;utm_content=thumbnail",
    "notable": true,
    "creation_place": "London",
    "creation_lat": 51.5074,
    "creation_lon": -0.1278,
    "_source": {
     "source": "Wikipedia: List of paintings by J. M. W. Turner",
     "coord": "MediaWiki coordinates API"
    },
    "museum_id": "yale-center-for-british-art",
    "qid": "Q23700444",
    "wikidata": "https://www.wikidata.org/wiki/Q23700444",
    "_overrides": {
     "qid": {
      "at": "2026-08-24",
      "source": "Wikidata reconciliation",
      "note": "matched to Q23700444 by normalised title + year (±8), same creator (merge_wd_extras)"
     }
    }
   }
  },
  {
   "type": "Feature",
   "geometry": {
    "type": "Point",
    "coordinates": [
     -0.12722,
     51.49083
    ]
   },
   "properties": {
    "painter": "J.M.W. Turner",
    "title": "Venice Quay, Ducal Palace",
    "year": "1844",
    "city": "London",
    "country": "United Kingdom",
    "location": "Tate Britain",
    "attribution": "generally accepted",
    "dimensions": "62.2 × 92.7 cm",
    "image": "https://upload.wikimedia.org/wikipedia/commons/thumb/b/b7/Joseph_Mallord_William_Turner_%281775-1851%29_-_Venice_Quay%2C_Ducal_Palace_-_N00540_-_National_Gallery.jpg/500px-Joseph_Mallord_William_Turner_%281775-1851%29_-_Venice_Quay%2C_Ducal_Palace_-_N00540_-_National_Gallery.jpg?utm_source=en.wikipedia.org&amp;utm_campaign=parser&amp;utm_content=thumbnail",
    "notable": true,
    "wikipedia_en": "https://en.wikipedia.org/wiki/Venice_Quay,_Ducal_Palace",
    "creation_place": "London",
    "creation_lat": 51.5074,
    "creation_lon": -0.1278,
    "_source": {
     "source": "Wikipedia: List of paintings by J. M. W. Turner",
     "coord": "MediaWiki coordinates API"
    },
    "museum_id": "tate-britain",
    "qid": "Q28538549",
    "wikidata": "https://www.wikidata.org/wiki/Q28538549"
   }
  },
  {
   "type": "Feature",
   "geometry": {
    "type": "Point",
    "coordinates": [
     -77.02,
     38.8914
    ]
   },
   "properties": {
    "painter": "J.M.W. Turner",
    "title": "Approach to Venice",
    "year": "1844",
    "city": "Washington",
    "country": "United States",
    "location": "National Gallery of Art",
    "attribution": "generally accepted",
    "dimensions": "62 × 94 cm",
    "image": "https://upload.wikimedia.org/wikipedia/commons/thumb/a/a8/Approach_to_Venice_A11470.jpg/500px-Approach_to_Venice_A11470.jpg?utm_source=en.wikipedia.org&amp;utm_campaign=parser&amp;utm_content=thumbnail",
    "notable": true,
    "wikipedia_en": "https://en.wikipedia.org/wiki/Approach_to_Venice",
    "creation_place": "London",
    "creation_lat": 51.5074,
    "creation_lon": -0.1278,
    "_source": {
     "source": "Wikipedia: List of paintings by J. M. W. Turner",
     "coord": "MediaWiki coordinates API"
    },
    "museum_id": "national-gallery-of-art",
    "qid": "Q20187111",
    "wikidata": "https://www.wikidata.org/wiki/Q20187111"
   }
  },
  {
   "type": "Feature",
   "geometry": {
    "type": "Point",
    "coordinates": [
     -0.1283,
     51.5089
    ]
   },
   "properties": {
    "painter": "J.M.W. Turner",
    "title": "Rain, Steam and Speed – The Great Western Railway",
    "year": "1844",
    "city": "London",
    "country": "United Kingdom",
    "location": "National Gallery",
    "attribution": "generally accepted",
    "dimensions": "91 × 121.8 cm",
    "image": "https://upload.wikimedia.org/wikipedia/commons/thumb/9/96/Turner_-_Rain%2C_Steam_and_Speed_-_National_Gallery_file.jpg/500px-Turner_-_Rain%2C_Steam_and_Speed_-_National_Gallery_file.jpg?utm_source=en.wikipedia.org&amp;utm_campaign=parser&amp;utm_content=thumbnail",
    "notable": true,
    "wikipedia_en": "https://en.wikipedia.org/wiki/Rain,_Steam_and_Speed_%E2%80%93_The_Great_Western_Railway",
    "creation_place": "London",
    "creation_lat": 51.5074,
    "creation_lon": -0.1278,
    "_source": {
     "source": "Wikipedia: List of paintings by J. M. W. Turner",
     "coord": "MediaWiki coordinates API"
    },
    "museum_id": "national-gallery",
    "qid": "Q2339059",
    "wikidata": "https://www.wikidata.org/wiki/Q2339059",
    "wga_url": "https://www.wga.hu/html/t/turner/2/205turne.html"
   }
  },
  {
   "type": "Feature",
   "geometry": {
    "type": "Point",
    "coordinates": [
     -0.12722,
     51.49083
    ]
   },
   "properties": {
    "painter": "J.M.W. Turner",
    "title": "Venice, Maria della Salute",
    "year": "1844",
    "city": "London",
    "country": "United Kingdom",
    "location": "Tate Britain",
    "attribution": "generally accepted",
    "dimensions": "61.3 × 92.1 cm",
    "image": "https://upload.wikimedia.org/wikipedia/commons/thumb/8/85/Joseph_Mallord_William_Turner_%281775-1851%29_-_Venice_-_Maria_della_Salute_-_N00539_-_National_Gallery.jpg/500px-Joseph_Mallord_William_Turner_%281775-1851%29_-_Venice_-_Maria_della_Salute_-_N00539_-_National_Gallery.jpg?utm_source=en.wikipedia.org&amp;utm_campaign=parser&amp;utm_content=thumbnail",
    "notable": true,
    "wikipedia_en": "https://en.wikipedia.org/wiki/Venice,_Maria_della_Salute",
    "creation_place": "London",
    "creation_lat": 51.5074,
    "creation_lon": -0.1278,
    "_source": {
     "source": "Wikipedia: List of paintings by J. M. W. Turner",
     "coord": "MediaWiki coordinates API"
    },
    "museum_id": "tate-britain",
    "qid": "Q28538649",
    "wikidata": "https://www.wikidata.org/wiki/Q28538649",
    "_merged": [
     {
      "source": "Wikidata",
      "title": "Venice - Maria della Salute",
      "qid": "Q28538649",
      "url": "https://www.wikidata.org/wiki/Q28538649"
     }
    ]
   }
  },
  {
   "type": "Feature",
   "geometry": {
    "type": "Point",
    "coordinates": [
     -0.12722,
     51.49083
    ]
   },
   "properties": {
    "painter": "J.M.W. Turner",
    "title": "Fishing Boats Bringing a Disabled Ship into Port Ruysdael",
    "year": "1844",
    "city": "London",
    "country": "United Kingdom",
    "location": "Tate Britain",
    "attribution": "generally accepted",
    "dimensions": "91.4 × 123.2 cm",
    "image": "https://upload.wikimedia.org/wikipedia/commons/thumb/b/b2/Joseph_Mallord_William_Turner_%281775-1851%29_-_Fishing_Boats_Bringing_a_Disabled_Ship_into_Port_Ruysdael_-_N00536_-_National_Gallery.jpg/500px-Joseph_Mallord_William_Turner_%281775-1851%29_-_Fishing_Boats_Bringing_a_Disabled_Ship_into_Port_Ruysdael_-_N00536_-_National_Gallery.jpg?utm_source=en.wikipedia.org&amp;utm_campaign=parser&amp;utm_content=thumbnail",
    "notable": true,
    "creation_place": "London",
    "creation_lat": 51.5074,
    "creation_lon": -0.1278,
    "_source": {
     "source": "Wikipedia: List of paintings by J. M. W. Turner",
     "coord": "MediaWiki coordinates API"
    },
    "museum_id": "tate-britain",
    "qid": "Q28538568",
    "wikidata": "https://www.wikidata.org/wiki/Q28538568",
    "_overrides": {
     "qid": {
      "at": "2026-08-24",
      "source": "Wikidata reconciliation",
      "note": "matched to Q28538568 by normalised title + year (±8), same creator (merge_wd_extras)"
     }
    }
   }
  },
  {
   "type": "Feature",
   "geometry": {
    "type": "Point",
    "coordinates": [
     -0.12722,
     51.49083
    ]
   },
   "properties": {
    "painter": "J.M.W. Turner",
    "title": "Whalers",
    "year": "1845",
    "city": "London",
    "country": "United Kingdom",
    "location": "Tate Britain",
    "attribution": "generally accepted",
    "dimensions": "91.1 × 121.9 cm",
    "image": "https://upload.wikimedia.org/wikipedia/commons/thumb/b/b2/Joseph_Mallord_William_Turner_%281775-1851%29_-_Whalers_-_N00545_-_National_Gallery.jpg/500px-Joseph_Mallord_William_Turner_%281775-1851%29_-_Whalers_-_N00545_-_National_Gallery.jpg?utm_source=en.wikipedia.org&amp;utm_campaign=parser&amp;utm_content=thumbnail",
    "notable": true,
    "creation_place": "London",
    "creation_lat": 51.5074,
    "creation_lon": -0.1278,
    "_source": {
     "source": "Wikipedia: List of paintings by J. M. W. Turner",
     "coord": "MediaWiki coordinates API"
    },
    "museum_id": "tate-britain",
    "qid": "Q28538603",
    "wikidata": "https://www.wikidata.org/wiki/Q28538603",
    "_overrides": {
     "qid": {
      "at": "2026-08-24",
      "source": "Wikidata reconciliation",
      "note": "matched to Q28538603 by normalised title + year (±8), same creator (merge_wd_extras)"
     }
    }
   }
  },
  {
   "type": "Feature",
   "geometry": {
    "type": "Point",
    "coordinates": [
     -0.12722,
     51.49083
    ]
   },
   "properties": {
    "painter": "J.M.W. Turner",
    "title": "Venice - Sunset, a Fisher",
    "year": "1845",
    "city": "London",
    "country": "United Kingdom",
    "location": "Tate Britain",
    "attribution": "generally accepted",
    "dimensions": "61.3 × 92.1 cm",
    "image": "https://upload.wikimedia.org/wikipedia/commons/thumb/7/7f/Joseph_Mallord_William_Turner_%281775-1851%29_-_Venice_-_Sunset%2C_a_Fisher_-_N00542_-_National_Gallery.jpg/500px-Joseph_Mallord_William_Turner_%281775-1851%29_-_Venice_-_Sunset%2C_a_Fisher_-_N00542_-_National_Gallery.jpg?utm_source=en.wikipedia.org&amp;utm_campaign=parser&amp;utm_content=thumbnail",
    "notable": true,
    "creation_place": "London",
    "creation_lat": 51.5074,
    "creation_lon": -0.1278,
    "_source": {
     "source": "Wikipedia: List of paintings by J. M. W. Turner",
     "coord": "MediaWiki coordinates API"
    },
    "museum_id": "tate-britain",
    "qid": "Q28538636",
    "wikidata": "https://www.wikidata.org/wiki/Q28538636",
    "_overrides": {
     "qid": {
      "at": "2026-08-24",
      "source": "Wikidata reconciliation",
      "note": "matched to Q28538636 by normalised title + year (±8), same creator (merge_wd_extras)"
     }
    }
   }
  },
  {
   "type": "Feature",
   "geometry": {
    "type": "Point",
    "coordinates": [
     -0.12722,
     51.49083
    ]
   },
   "properties": {
    "painter": "J.M.W. Turner",
    "title": "Venice - Noon",
    "year": "1845",
    "city": "London",
    "country": "United Kingdom",
    "location": "Tate Britain",
    "attribution": "generally accepted",
    "dimensions": "61 × W 91.8",
    "image": "https://upload.wikimedia.org/wikipedia/commons/thumb/a/a3/Joseph_Mallord_William_Turner_%281775-1851%29_-_Venice_-_Noon_-_N00541_-_National_Gallery.jpg/500px-Joseph_Mallord_William_Turner_%281775-1851%29_-_Venice_-_Noon_-_N00541_-_National_Gallery.jpg?utm_source=en.wikipedia.org&amp;utm_campaign=parser&amp;utm_content=thumbnail",
    "notable": true,
    "creation_place": "London",
    "creation_lat": 51.5074,
    "creation_lon": -0.1278,
    "_source": {
     "source": "Wikipedia: List of paintings by J. M. W. Turner",
     "coord": "MediaWiki coordinates API"
    },
    "museum_id": "tate-britain",
    "qid": "Q28538668",
    "wikidata": "https://www.wikidata.org/wiki/Q28538668",
    "_overrides": {
     "qid": {
      "at": "2026-08-24",
      "source": "Wikidata reconciliation",
      "note": "matched to Q28538668 by normalised title + year (±8), same creator (merge_wd_extras)"
     }
    }
   }
  },
  {
   "type": "Feature",
   "geometry": {
    "type": "Point",
    "coordinates": [
     -0.12722,
     51.49083
    ]
   },
   "properties": {
    "painter": "J.M.W. Turner",
    "title": "Venetian Festival",
    "year": "1845",
    "city": "London",
    "country": "United Kingdom",
    "location": "Tate Britain",
    "attribution": "generally accepted",
    "dimensions": "72.4 × 113.3 cm",
    "image": "https://upload.wikimedia.org/wikipedia/commons/thumb/f/f3/%28Barcelona%29_Venetian_Festival_-_c.1845_-_William_Turner_Tate_Britain.jpg/500px-%28Barcelona%29_Venetian_Festival_-_c.1845_-_William_Turner_Tate_Britain.jpg?utm_source=en.wikipedia.org&amp;utm_campaign=parser&amp;utm_content=thumbnail",
    "notable": true,
    "creation_place": "London",
    "creation_lat": 51.5074,
    "creation_lon": -0.1278,
    "_source": {
     "source": "Wikipedia: List of paintings by J. M. W. Turner",
     "coord": "MediaWiki coordinates API"
    },
    "museum_id": "tate-britain",
    "qid": "Q28532862",
    "wikidata": "https://www.wikidata.org/wiki/Q28532862",
    "_overrides": {
     "qid": {
      "at": "2026-08-24",
      "source": "Wikidata reconciliation",
      "note": "matched to Q28532862 by normalised title + year (±8), same creator (merge_wd_extras)"
     }
    }
   }
  },
  {
   "type": "Feature",
   "geometry": {
    "type": "Point",
    "coordinates": [
     -72.93091,
     41.30791
    ]
   },
   "properties": {
    "painter": "J.M.W. Turner",
    "title": "Inverary Pier, Loch Fyne: Morning",
    "year": "1845",
    "city": "Connecticut",
    "location": "Yale Center for British Art",
    "attribution": "generally accepted",
    "dimensions": "91.4 × 121.9 cm",
    "image": "https://upload.wikimedia.org/wikipedia/commons/thumb/f/fd/Joseph_Mallord_William_Turner_-_Inverary_Pier%2C_Loch_Fyne-_Morning_-_Google_Art_Project.jpg/500px-Joseph_Mallord_William_Turner_-_Inverary_Pier%2C_Loch_Fyne-_Morning_-_Google_Art_Project.jpg?utm_source=en.wikipedia.org&amp;utm_campaign=parser&amp;utm_content=thumbnail",
    "notable": true,
    "creation_place": "London",
    "creation_lat": 51.5074,
    "creation_lon": -0.1278,
    "_source": {
     "source": "Wikipedia: List of paintings by J. M. W. Turner",
     "coord": "MediaWiki coordinates API"
    },
    "museum_id": "yale-center-for-british-art",
    "qid": "Q23731011",
    "wikidata": "https://www.wikidata.org/wiki/Q23731011",
    "_overrides": {
     "qid": {
      "at": "2026-08-24",
      "source": "Wikidata reconciliation",
      "note": "matched to Q23731011 by normalised title + year (±8), same creator (merge_wd_extras)"
     }
    }
   }
  },
  {
   "type": "Feature",
   "geometry": {
    "type": "Point",
    "coordinates": [
     -2.9994,
     53.35576
    ]
   },
   "properties": {
    "painter": "J.M.W. Turner",
    "title": "The Falls of the Clyde",
    "year": "1845",
    "city": "Wirral",
    "location": "Lady Lever Art Gallery",
    "attribution": "generally accepted",
    "dimensions": "89 × 119.5 cm",
    "image": "https://upload.wikimedia.org/wikipedia/commons/thumb/7/7f/Turner_-_The_Falls_of_the_Clyde%2C_c.1845%2C_LL_3584.jpg/500px-Turner_-_The_Falls_of_the_Clyde%2C_c.1845%2C_LL_3584.jpg?utm_source=en.wikipedia.org&amp;utm_campaign=parser&amp;utm_content=thumbnail",
    "notable": true,
    "creation_place": "London",
    "creation_lat": 51.5074,
    "creation_lon": -0.1278,
    "_source": {
     "source": "Wikipedia: List of paintings by J. M. W. Turner",
     "coord": "MediaWiki coordinates API"
    },
    "museum_id": "lady-lever-art-gallery",
    "qid": "Q119059690",
    "wikidata": "https://www.wikidata.org/wiki/Q119059690",
    "_overrides": {
     "qid": {
      "at": "2026-08-24",
      "source": "Wikidata reconciliation",
      "note": "matched to Q119059690 by normalised title + year (±8), same creator (merge_wd_extras)"
     }
    }
   }
  },
  {
   "type": "Feature",
   "geometry": {
    "type": "Point",
    "coordinates": [
     144.96889,
     -37.8225
    ]
   },
   "properties": {
    "painter": "J.M.W. Turner",
    "title": "Falls of Schaffhausen (Val d’Aosta)",
    "year": "1845",
    "city": "Melbourne",
    "location": "National Gallery of Victoria",
    "attribution": "generally accepted",
    "dimensions": "91.5 × 122.0 cm",
    "image": "https://upload.wikimedia.org/wikipedia/commons/thumb/f/f4/J._M._W._Turner_-_A_mountain_scene%2C_Val_d%27Aosta_-_Google_Art_Project.jpg/500px-J._M._W._Turner_-_A_mountain_scene%2C_Val_d%27Aosta_-_Google_Art_Project.jpg?utm_source=en.wikipedia.org&amp;utm_campaign=parser&amp;utm_content=thumbnail",
    "notable": true,
    "creation_place": "London",
    "creation_lat": 51.5074,
    "creation_lon": -0.1278,
    "_source": {
     "source": "Wikipedia: List of paintings by J. M. W. Turner",
     "coord": "MediaWiki coordinates API"
    },
    "museum_id": "national-gallery-of-victoria",
    "country": "Australia",
    "qid": "Q20407353",
    "wikidata": "https://www.wikidata.org/wiki/Q20407353",
    "_overrides": {
     "qid": {
      "at": "2026-08-24",
      "source": "Wikidata reconciliation",
      "note": "matched to Q20407353 by normalised title + year (±8), same creator (merge_wd_extras)"
     }
    }
   }
  },
  {
   "type": "Feature",
   "geometry": {
    "type": "Point",
    "coordinates": [
     -0.12722,
     51.49083
    ]
   },
   "properties": {
    "painter": "J.M.W. Turner",
    "title": "Sunrise with Sea Monsters",
    "year": "1845",
    "city": "London",
    "country": "United Kingdom",
    "location": "Tate Britain",
    "attribution": "generally accepted",
    "dimensions": "91.4 × 121.9 cm",
    "image": "https://upload.wikimedia.org/wikipedia/commons/thumb/f/fe/JMWTurner_Sunrise_with_Sea_Monsters.jpg/500px-JMWTurner_Sunrise_with_Sea_Monsters.jpg?utm_source=en.wikipedia.org&amp;utm_campaign=parser&amp;utm_content=thumbnail",
    "notable": true,
    "wikipedia_en": "https://en.wikipedia.org/wiki/Sunrise_with_Sea_Monsters",
    "creation_place": "London",
    "creation_lat": 51.5074,
    "creation_lon": -0.1278,
    "_source": {
     "source": "Wikipedia: List of paintings by J. M. W. Turner",
     "coord": "MediaWiki coordinates API"
    },
    "museum_id": "tate-britain",
    "qid": "Q1652056",
    "wikidata": "https://www.wikidata.org/wiki/Q1652056"
   }
  },
  {
   "type": "Feature",
   "geometry": {
    "type": "Point",
    "coordinates": [
     -0.12722,
     51.49083
    ]
   },
   "properties": {
    "painter": "J.M.W. Turner",
    "title": "Riva degli Schiavone, Venice: Water Fête",
    "year": "1845",
    "city": "London",
    "country": "United Kingdom",
    "location": "Tate Britain",
    "attribution": "generally accepted",
    "dimensions": "72.4 × 113 cm",
    "image": "https://upload.wikimedia.org/wikipedia/commons/thumb/c/c6/Joseph_Mallord_William_Turner_%281775-1851%29_-_Riva_degli_Schiavone%2C_Venice%2C_Water_F%C3%AAte_-_N04661_-_National_Gallery.jpg/500px-Joseph_Mallord_William_Turner_%281775-1851%29_-_Riva_degli_Schiavone%2C_Venice%2C_Water_F%C3%AAte_-_N04661_-_National_Gallery.jpg?utm_source=en.wikipedia.org&amp;utm_campaign=parser&amp;utm_content=thumbnail",
    "notable": true,
    "creation_place": "London",
    "creation_lat": 51.5074,
    "creation_lon": -0.1278,
    "_source": {
     "source": "Wikipedia: List of paintings by J. M. W. Turner",
     "coord": "MediaWiki coordinates API"
    },
    "museum_id": "tate-britain",
    "qid": "Q28532841",
    "wikidata": "https://www.wikidata.org/wiki/Q28532841",
    "_overrides": {
     "qid": {
      "at": "2026-08-24",
      "source": "Wikidata reconciliation",
      "note": "matched to Q28532841 by normalised title + year (±8), same creator (merge_wd_extras)"
     }
    }
   }
  },
  {
   "type": "Feature",
   "geometry": {
    "type": "Point",
    "coordinates": [
     -0.12722,
     51.49083
    ]
   },
   "properties": {
    "painter": "J.M.W. Turner",
    "title": "Norham Castle, Sunrise",
    "year": "1845",
    "city": "London",
    "country": "United Kingdom",
    "location": "Tate Britain",
    "attribution": "generally accepted",
    "dimensions": "90.8 × 121.9 cm",
    "image": "https://upload.wikimedia.org/wikipedia/commons/thumb/3/33/Joseph_Mallord_William_Turner_-_Norham_Castle%2C_Sunrise_-_WGA23182.jpg/500px-Joseph_Mallord_William_Turner_-_Norham_Castle%2C_Sunrise_-_WGA23182.jpg?utm_source=en.wikipedia.org&amp;utm_campaign=parser&amp;utm_content=thumbnail",
    "notable": true,
    "wikipedia_en": "https://en.wikipedia.org/wiki/Norham_Castle,_Sunrise",
    "creation_place": "London",
    "creation_lat": 51.5074,
    "creation_lon": -0.1278,
    "_source": {
     "source": "Wikipedia: List of paintings by J. M. W. Turner",
     "coord": "MediaWiki coordinates API"
    },
    "museum_id": "tate-britain",
    "qid": "Q28539779",
    "wikidata": "https://www.wikidata.org/wiki/Q28539779",
    "wga_url": "https://www.wga.hu/html/t/turner/2/206turne.html"
   }
  },
  {
   "type": "Feature",
   "geometry": {
    "type": "Point",
    "coordinates": [
     -73.9631,
     40.7794
    ]
   },
   "properties": {
    "painter": "J.M.W. Turner",
    "title": "Whalers",
    "year": "c. 1845",
    "city": "New York",
    "location": "Metropolitan Museum of Art",
    "attribution": "generally accepted",
    "dimensions": "91.8 × 122.6 cm",
    "image": "https://upload.wikimedia.org/wikipedia/commons/thumb/2/2a/Whalers_MET_DP169567.jpg/500px-Whalers_MET_DP169567.jpg?utm_source=en.wikipedia.org&amp;utm_campaign=parser&amp;utm_content=thumbnail",
    "notable": true,
    "wikipedia_en": "https://en.wikipedia.org/wiki/Whalers_(J._M._W._Turner)",
    "creation_place": "London",
    "creation_lat": 51.5074,
    "creation_lon": -0.1278,
    "_source": {
     "source": "Wikipedia: List of paintings by J. M. W. Turner",
     "coord": "MediaWiki coordinates API"
    },
    "museum_id": "metropolitan-museum-of-art",
    "country": "United States",
    "qid": "Q19904831",
    "wikidata": "https://www.wikidata.org/wiki/Q19904831"
   }
  },
  {
   "type": "Feature",
   "geometry": {
    "type": "Point",
    "coordinates": [
     -0.12722,
     51.49083
    ]
   },
   "properties": {
    "painter": "J.M.W. Turner",
    "title": "Hurrah! for the Whaler Erebus! Another Fish!",
    "year": "1846",
    "city": "London",
    "country": "United Kingdom",
    "location": "Tate Britain",
    "attribution": "generally accepted",
    "dimensions": "90.2 × 120.6 cm",
    "image": "https://upload.wikimedia.org/wikipedia/commons/thumb/9/98/Joseph_Mallord_William_Turner_%281775-1851%29_-_%27Hurrah%5E_for_the_Whaler_Erebus%5E_Another_Fish%5E%27_-_N00546_-_National_Gallery.jpg/500px-Joseph_Mallord_William_Turner_%281775-1851%29_-_%27Hurrah%5E_for_the_Whaler_Erebus%5E_Another_Fish%5E%27_-_N00546_-_National_Gallery.jpg?utm_source=en.wikipedia.org&amp;utm_campaign=parser&amp;utm_content=thumbnail",
    "notable": true,
    "creation_place": "London",
    "creation_lat": 51.5074,
    "creation_lon": -0.1278,
    "_source": {
     "source": "Wikipedia: List of paintings by J. M. W. Turner",
     "coord": "MediaWiki coordinates API"
    },
    "museum_id": "tate-britain",
    "qid": "Q28538612",
    "wikidata": "https://www.wikidata.org/wiki/Q28538612",
    "_overrides": {
     "qid": {
      "at": "2026-08-24",
      "source": "Wikidata reconciliation",
      "note": "matched to Q28538612 by normalised title + year (±8), same creator (merge_wd_extras)"
     }
    },
    "_merged": [
     {
      "source": "Wikidata",
      "title": "‘Hurrah! for the Whaler Erebus! Another Fish!’",
      "qid": "Q28538612",
      "url": "https://www.wikidata.org/wiki/Q28538612"
     }
    ]
   }
  },
  {
   "type": "Feature",
   "geometry": {
    "type": "Point",
    "coordinates": [
     -0.12722,
     51.49083
    ]
   },
   "properties": {
    "painter": "J.M.W. Turner",
    "title": "Going to the Ball (San Martino)",
    "year": "1846",
    "city": "London",
    "country": "United Kingdom",
    "location": "Tate Britain",
    "attribution": "generally accepted",
    "dimensions": "61.6 × 92.4 cm",
    "image": "https://upload.wikimedia.org/wikipedia/commons/thumb/5/5a/%28Barcelona%29_Going_to_the_Ball_%28San_Martino%29_-_William_Turner_-_Tate_Britain.jpg/500px-%28Barcelona%29_Going_to_the_Ball_%28San_Martino%29_-_William_Turner_-_Tate_Britain.jpg?utm_source=en.wikipedia.org&amp;utm_campaign=parser&amp;utm_content=thumbnail",
    "notable": true,
    "creation_place": "London",
    "creation_lat": 51.5074,
    "creation_lon": -0.1278,
    "_source": {
     "source": "Wikipedia: List of paintings by J. M. W. Turner",
     "coord": "MediaWiki coordinates API"
    },
    "museum_id": "tate-britain",
    "qid": "Q20018649",
    "wikidata": "https://www.wikidata.org/wiki/Q20018649",
    "_overrides": {
     "qid": {
      "at": "2026-08-24",
      "source": "Wikidata reconciliation",
      "note": "matched to Q20018649 by normalised title + year (±8), same creator (merge_wd_extras)"
     }
    }
   }
  },
  {
   "type": "Feature",
   "geometry": {
    "type": "Point",
    "coordinates": [
     -0.12722,
     51.49083
    ]
   },
   "properties": {
    "painter": "J.M.W. Turner",
    "title": "Queen Mab's Cave",
    "year": "1846",
    "city": "London",
    "country": "United Kingdom",
    "location": "Tate Britain",
    "attribution": "generally accepted",
    "dimensions": "92.1 × 122.6 cm",
    "image": "https://upload.wikimedia.org/wikipedia/commons/thumb/1/11/Joseph_Mallord_William_Turner_%281775-1851%29_-_Queen_Mab%27s_Cave_-_N00548_-_National_Gallery.jpg/500px-Joseph_Mallord_William_Turner_%281775-1851%29_-_Queen_Mab%27s_Cave_-_N00548_-_National_Gallery.jpg?utm_source=en.wikipedia.org&amp;utm_campaign=parser&amp;utm_content=thumbnail",
    "notable": true,
    "wikipedia_en": "https://en.wikipedia.org/wiki/Queen_Mab%27s_Cave",
    "creation_place": "London",
    "creation_lat": 51.5074,
    "creation_lon": -0.1278,
    "_source": {
     "source": "Wikipedia: List of paintings by J. M. W. Turner",
     "coord": "MediaWiki coordinates API"
    },
    "museum_id": "tate-britain",
    "qid": "Q28538641",
    "wikidata": "https://www.wikidata.org/wiki/Q28538641"
   }
  },
  {
   "type": "Feature",
   "geometry": {
    "type": "Point",
    "coordinates": [
     -0.12722,
     51.49083
    ]
   },
   "properties": {
    "painter": "J.M.W. Turner",
    "title": "The Angel Standing in the Sun",
    "year": "1846",
    "city": "London",
    "country": "United Kingdom",
    "location": "Tate Britain",
    "attribution": "generally accepted",
    "dimensions": "78.7 × 78.7 cm",
    "image": "https://upload.wikimedia.org/wikipedia/commons/thumb/3/3a/Joseph_Mallord_William_Turner_%281775-1851%29_-_The_Angel_Standing_in_the_Sun_-_N00550_-_National_Gallery.jpg/500px-Joseph_Mallord_William_Turner_%281775-1851%29_-_The_Angel_Standing_in_the_Sun_-_N00550_-_National_Gallery.jpg?utm_source=en.wikipedia.org&amp;utm_campaign=parser&amp;utm_content=thumbnail",
    "notable": true,
    "creation_place": "London",
    "creation_lat": 51.5074,
    "creation_lon": -0.1278,
    "_source": {
     "source": "Wikipedia: List of paintings by J. M. W. Turner",
     "coord": "MediaWiki coordinates API"
    },
    "museum_id": "tate-britain",
    "qid": "Q28538608",
    "wikidata": "https://www.wikidata.org/wiki/Q28538608",
    "_overrides": {
     "qid": {
      "at": "2026-08-24",
      "source": "Wikidata reconciliation",
      "note": "matched to Q28538608 by normalised title + year (±8), same creator (merge_wd_extras)"
     }
    }
   }
  },
  {
   "type": "Feature",
   "geometry": {
    "type": "Point",
    "coordinates": [
     -0.12722,
     51.49083
    ]
   },
   "properties": {
    "painter": "J.M.W. Turner",
    "title": "Undine Giving the Ring to Massaniello, Fisherman of Naples",
    "year": "1846",
    "city": "London",
    "country": "United Kingdom",
    "location": "Tate Britain",
    "attribution": "generally accepted",
    "dimensions": "79.1 × 79.1 cm",
    "image": "https://upload.wikimedia.org/wikipedia/commons/thumb/3/3b/Joseph_Mallord_William_Turner_-_Undine_Giving_the_Ring_to_Massaniello%2C_Fisherman_of_Naples_-_WGA23184.jpg/500px-Joseph_Mallord_William_Turner_-_Undine_Giving_the_Ring_to_Massaniello%2C_Fisherman_of_Naples_-_WGA23184.jpg?utm_source=en.wikipedia.org&amp;utm_campaign=parser&amp;utm_content=thumbnail",
    "notable": true,
    "creation_place": "London",
    "creation_lat": 51.5074,
    "creation_lon": -0.1278,
    "_source": {
     "source": "Wikipedia: List of paintings by J. M. W. Turner",
     "coord": "MediaWiki coordinates API"
    },
    "museum_id": "tate-britain",
    "qid": "Q28538660",
    "wikidata": "https://www.wikidata.org/wiki/Q28538660",
    "_overrides": {
     "qid": {
      "at": "2026-08-24",
      "source": "Wikidata reconciliation",
      "note": "matched to Q28538660 by normalised title + year (±8), same creator (merge_wd_extras)"
     }
    }
   }
  },
  {
   "type": "Feature",
   "geometry": {
    "type": "Point",
    "coordinates": [
     -0.12722,
     51.49083
    ]
   },
   "properties": {
    "painter": "J.M.W. Turner",
    "title": "Returning from the Ball (St Martha)",
    "year": "1846",
    "city": "London",
    "country": "United Kingdom",
    "location": "Tate Britain",
    "attribution": "generally accepted",
    "dimensions": "61.6 × 92.4 cm",
    "image": "https://upload.wikimedia.org/wikipedia/commons/thumb/7/72/Joseph_Mallord_William_Turner_%281775-1851%29_-_Returning_from_the_Ball_%28St_Martha%29_-_N00543_-_National_Gallery.jpg/500px-Joseph_Mallord_William_Turner_%281775-1851%29_-_Returning_from_the_Ball_%28St_Martha%29_-_N00543_-_National_Gallery.jpg?utm_source=en.wikipedia.org&amp;utm_campaign=parser&amp;utm_content=thumbnail",
    "notable": true,
    "creation_place": "London",
    "creation_lat": 51.5074,
    "creation_lon": -0.1278,
    "_source": {
     "source": "Wikipedia: List of paintings by J. M. W. Turner",
     "coord": "MediaWiki coordinates API"
    },
    "museum_id": "tate-britain",
    "qid": "Q28538539",
    "wikidata": "https://www.wikidata.org/wiki/Q28538539",
    "_overrides": {
     "qid": {
      "at": "2026-08-24",
      "source": "Wikidata reconciliation",
      "note": "matched to Q28538539 by normalised title + year (±8), same creator (merge_wd_extras)"
     }
    }
   }
  },
  {
   "type": "Feature",
   "geometry": {
    "type": "Point",
    "coordinates": [
     -0.12722,
     51.49083
    ]
   },
   "properties": {
    "painter": "J.M.W. Turner",
    "title": "Whalers (Boiling Blubber) Entangled in Flaw Ice, Endeavouring to Extricate Themselves",
    "year": "1846",
    "city": "London",
    "country": "United Kingdom",
    "location": "Tate Britain",
    "attribution": "generally accepted",
    "dimensions": "89.9 × 120 cm",
    "image": "https://upload.wikimedia.org/wikipedia/commons/thumb/5/51/Joseph_Mallord_William_Turner_%281775-1851%29_-_Whalers_%28Boiling_Blubber%29_Entangled_in_Flaw_Ice%2C_Endeavouring_to_Extricate_Themselves_-_N00547_-_National_Gallery.jpg/500px-thumbnail.jpg?utm_source=en.wikipedia.org&amp;utm_campaign=parser&amp;utm_content=thumbnail",
    "notable": true,
    "wikipedia_en": "https://en.wikipedia.org/wiki/Whalers_(Boiling_Blubber)_Entangled_in_Flaw_Ice,_Endeavouring_to_Extricate_Themselves",
    "creation_place": "London",
    "creation_lat": 51.5074,
    "creation_lon": -0.1278,
    "_source": {
     "source": "Wikipedia: List of paintings by J. M. W. Turner",
     "coord": "MediaWiki coordinates API"
    },
    "museum_id": "tate-britain",
    "qid": "Q136513731",
    "wikidata": "https://www.wikidata.org/wiki/Q136513731",
    "_merged": [
     {
      "source": "Wikidata",
      "title": "Whalers (Boiling Blubber) Entangled in Flaw Ice, Endeavouring to Extricate Themselves",
      "qid": "Q28538599",
      "url": "https://www.wikidata.org/wiki/Q28538599"
     }
    ]
   }
  },
  {
   "type": "Feature",
   "geometry": {
    "type": "Point",
    "coordinates": [
     -0.12722,
     51.49083
    ]
   },
   "properties": {
    "painter": "J.M.W. Turner",
    "title": "The Hero of a Hundred Fights",
    "year": "1847",
    "city": "London",
    "country": "United Kingdom",
    "location": "Tate Britain",
    "attribution": "generally accepted",
    "dimensions": "90.8 × 121.3 cm",
    "image": "https://upload.wikimedia.org/wikipedia/commons/thumb/7/7f/Joseph_Mallord_William_Turner_%281775-1851%29_-_The_Hero_of_a_Hundred_Fights_-_N00551_-_National_Gallery.jpg/500px-Joseph_Mallord_William_Turner_%281775-1851%29_-_The_Hero_of_a_Hundred_Fights_-_N00551_-_National_Gallery.jpg?utm_source=en.wikipedia.org&amp;utm_campaign=parser&amp;utm_content=thumbnail",
    "notable": true,
    "wikipedia_en": "https://en.wikipedia.org/wiki/The_Hero_of_a_Hundred_Fights",
    "creation_place": "London",
    "creation_lat": 51.5074,
    "creation_lon": -0.1278,
    "_source": {
     "source": "Wikipedia: List of paintings by J. M. W. Turner",
     "coord": "MediaWiki coordinates API"
    },
    "museum_id": "tate-britain",
    "qid": "Q28538679",
    "wikidata": "https://www.wikidata.org/wiki/Q28538679"
   }
  },
  {
   "type": "Feature",
   "geometry": {
    "type": "Point",
    "coordinates": [
     -2.9214,
     53.3735
    ]
   },
   "properties": {
    "painter": "J.M.W. Turner",
    "title": "The Wreck Buoy",
    "year": "1849",
    "city": "Liverpool",
    "location": "Sudley House",
    "attribution": "generally accepted",
    "dimensions": "92.7 × 123.2 cm",
    "image": "https://upload.wikimedia.org/wikipedia/commons/thumb/d/d2/Turner_-_The_Wreck_Buoy%2C_c.1849%2C_WAG_310.jpg/500px-Turner_-_The_Wreck_Buoy%2C_c.1849%2C_WAG_310.jpg?utm_source=en.wikipedia.org&amp;utm_campaign=parser&amp;utm_content=thumbnail",
    "notable": true,
    "wikipedia_en": "https://en.wikipedia.org/wiki/The_Wreck_Buoy",
    "creation_place": "London",
    "creation_lat": 51.5074,
    "creation_lon": -0.1278,
    "_source": {
     "source": "Wikipedia: List of paintings by J. M. W. Turner",
     "coord": "MediaWiki coordinates API"
    },
    "museum_id": "sudley-house",
    "qid": "Q115494645",
    "wikidata": "https://www.wikidata.org/wiki/Q115494645"
   }
  },
  {
   "type": "Feature",
   "geometry": {
    "type": "Point",
    "coordinates": [
     -0.12722,
     51.49083
    ]
   },
   "properties": {
    "painter": "J.M.W. Turner",
    "title": "Mercury Sent to Admonish Aeneas",
    "year": "1850",
    "city": "London",
    "country": "United Kingdom",
    "location": "Tate Britain",
    "attribution": "generally accepted",
    "dimensions": "90.2 × 120.6 cm",
    "image": "https://upload.wikimedia.org/wikipedia/commons/thumb/3/3b/Joseph_Mallord_William_Turner_%281775-1851%29_-_Mercury_Sent_to_Admonish_Aeneas_-_N00553_-_National_Gallery.jpg/500px-Joseph_Mallord_William_Turner_%281775-1851%29_-_Mercury_Sent_to_Admonish_Aeneas_-_N00553_-_National_Gallery.jpg?utm_source=en.wikipedia.org&amp;utm_campaign=parser&amp;utm_content=thumbnail",
    "notable": true,
    "wikipedia_en": "https://en.wikipedia.org/wiki/Mercury_Sent_to_Admonish_Aeneas",
    "creation_place": "London",
    "creation_lat": 51.5074,
    "creation_lon": -0.1278,
    "_source": {
     "source": "Wikipedia: List of paintings by J. M. W. Turner",
     "coord": "MediaWiki coordinates API"
    },
    "museum_id": "tate-britain",
    "qid": "Q28538483",
    "wikidata": "https://www.wikidata.org/wiki/Q28538483"
   }
  },
  {
   "type": "Feature",
   "geometry": {
    "type": "Point",
    "coordinates": [
     -0.12722,
     51.49083
    ]
   },
   "properties": {
    "painter": "J.M.W. Turner",
    "title": "The Visit to the Tomb",
    "year": "1850",
    "city": "London",
    "country": "United Kingdom",
    "location": "Tate Britain",
    "attribution": "generally accepted",
    "dimensions": "91.4 × 121.9 cm",
    "image": "https://upload.wikimedia.org/wikipedia/commons/thumb/5/5f/%28Barcelona%29_The_Visit_to_the_Tomb_-_William_Turner_-_Tate_Britain.jpg/500px-%28Barcelona%29_The_Visit_to_the_Tomb_-_William_Turner_-_Tate_Britain.jpg?utm_source=en.wikipedia.org&amp;utm_campaign=parser&amp;utm_content=thumbnail",
    "notable": true,
    "creation_place": "London",
    "creation_lat": 51.5074,
    "creation_lon": -0.1278,
    "_source": {
     "source": "Wikipedia: List of paintings by J. M. W. Turner",
     "coord": "MediaWiki coordinates API"
    },
    "museum_id": "tate-britain",
    "qid": "Q28538630",
    "wikidata": "https://www.wikidata.org/wiki/Q28538630",
    "_overrides": {
     "qid": {
      "at": "2026-08-24",
      "source": "Wikidata reconciliation",
      "note": "matched to Q28538630 by normalised title + year (±8), same creator (merge_wd_extras)"
     }
    }
   }
  },
  {
   "type": "Feature",
   "geometry": {
    "type": "Point",
    "coordinates": [
     -0.12722,
     51.49083
    ]
   },
   "properties": {
    "painter": "J.M.W. Turner",
    "title": "The Departure of the Fleet",
    "year": "1850",
    "city": "London",
    "country": "United Kingdom",
    "location": "Tate Britain",
    "attribution": "generally accepted",
    "dimensions": "89.9 × 120.3 cm",
    "image": "https://upload.wikimedia.org/wikipedia/commons/thumb/8/80/Joseph_Mallord_William_Turner_%281775-1851%29_-_The_Departure_of_the_Fleet_-_N00554_-_National_Gallery.jpg/500px-Joseph_Mallord_William_Turner_%281775-1851%29_-_The_Departure_of_the_Fleet_-_N00554_-_National_Gallery.jpg?utm_source=en.wikipedia.org&amp;utm_campaign=parser&amp;utm_content=thumbnail",
    "notable": true,
    "wikipedia_en": "https://en.wikipedia.org/wiki/The_Departure_of_the_Fleet",
    "creation_place": "London",
    "creation_lat": 51.5074,
    "creation_lon": -0.1278,
    "_source": {
     "source": "Wikipedia: List of paintings by J. M. W. Turner",
     "coord": "MediaWiki coordinates API"
    },
    "museum_id": "tate-britain",
    "qid": "Q28538616",
    "wikidata": "https://www.wikidata.org/wiki/Q28538616"
   }
  },
  {
   "type": "Feature",
   "geometry": {
    "type": "Point",
    "coordinates": [
     -0.127789,
     51.491062
    ]
   },
   "properties": {
    "painter": "J.M.W. Turner",
    "title": "Dido Directing the Equipment of the Fleet, or the Morning of the Carthaginian Empire",
    "year": "1828",
    "location": "Tate",
    "city": "City of Westminster",
    "country": "United Kingdom",
    "attribution": "generally accepted",
    "image": "https://commons.wikimedia.org/wiki/Special:FilePath/Photograph%20of%20Carthage%2C%20Dido%20directing%20the%20Equipment%20of%20the%20Fleet%20by%20JMW%20Turner.png?width=500",
    "qid": "Q28538544",
    "wikidata": "https://www.wikidata.org/wiki/Q28538544",
    "_source": {
     "source": "Wikidata",
     "url": "https://www.wikidata.org/wiki/Q28538544",
     "note": "harvested: painting by this creator with an image and a documented collection"
    },
    "creation_place": "London",
    "creation_lat": 51.507222,
    "creation_lon": -0.1275,
    "_overrides": {
     "creation": {
      "at": "2026-08-24",
      "source": "derived",
      "note": "creation place inferred from the painter's itinerary at this work's date (approximate)"
     }
    }
   }
  },
  {
   "type": "Feature",
   "geometry": {
    "type": "Point",
    "coordinates": [
     -0.128333333,
     51.508888888
    ]
   },
   "properties": {
    "painter": "J.M.W. Turner",
    "title": "Waves Breaking on a Shore",
    "year": "1835",
    "location": "National Gallery",
    "city": "City of Westminster",
    "country": "United Kingdom",
    "attribution": "generally accepted",
    "image": "https://commons.wikimedia.org/wiki/Special:FilePath/Joseph%20Mallord%20William%20Turner%20%281775-1851%29%20-%20Waves%20Breaking%20on%20a%20Shore%20-%20N05495%20-%20National%20Gallery.jpg?width=500",
    "qid": "Q28533444",
    "wikidata": "https://www.wikidata.org/wiki/Q28533444",
    "_source": {
     "source": "Wikidata",
     "url": "https://www.wikidata.org/wiki/Q28533444",
     "note": "harvested: painting by this creator with an image and a documented collection"
    },
    "creation_place": "London",
    "creation_lat": 51.507222,
    "creation_lon": -0.1275,
    "_overrides": {
     "creation": {
      "at": "2026-08-24",
      "source": "derived",
      "note": "creation place inferred from the painter's itinerary at this work's date (approximate)"
     }
    }
   }
  },
  {
   "type": "Feature",
   "geometry": {
    "type": "Point",
    "coordinates": [
     -0.128333333,
     51.508888888
    ]
   },
   "properties": {
    "painter": "J.M.W. Turner",
    "title": "Sketch for ‘The Banks of the Loire’",
    "year": "1828",
    "location": "National Gallery",
    "city": "City of Westminster",
    "country": "United Kingdom",
    "attribution": "generally accepted",
    "image": "https://commons.wikimedia.org/wiki/Special:FilePath/Joseph%20Mallord%20William%20Turner%20%281775-1851%29%20-%20Sketch%20for%20%27The%20Banks%20of%20the%20Loire%27%20-%20N05484%20-%20National%20Gallery.jpg?width=500",
    "qid": "Q28533507",
    "wikidata": "https://www.wikidata.org/wiki/Q28533507",
    "_source": {
     "source": "Wikidata",
     "url": "https://www.wikidata.org/wiki/Q28533507",
     "note": "harvested: painting by this creator with an image and a documented collection"
    },
    "creation_place": "London",
    "creation_lat": 51.507222,
    "creation_lon": -0.1275,
    "_overrides": {
     "creation": {
      "at": "2026-08-24",
      "source": "derived",
      "note": "creation place inferred from the painter's itinerary at this work's date (approximate)"
     }
    }
   }
  },
  {
   "type": "Feature",
   "geometry": {
    "type": "Point",
    "coordinates": [
     -0.127789,
     51.491062
    ]
   },
   "properties": {
    "painter": "J.M.W. Turner",
    "title": "Union of the Thames and Isis",
    "year": "1808",
    "location": "Tate Britain",
    "city": "City of Westminster",
    "country": "United Kingdom",
    "attribution": "generally accepted",
    "image": "https://commons.wikimedia.org/wiki/Special:FilePath/Joseph%20Mallord%20William%20Turner%20-%20Union%20of%20the%20Thames%20and%20Isis%20%28%27Dorchester%20Mead%2C%20Oxfordshire%29%20-%20Google%20Art%20Project.jpg?width=500",
    "qid": "Q18687299",
    "wikidata": "https://www.wikidata.org/wiki/Q18687299",
    "_source": {
     "source": "Wikidata",
     "url": "https://www.wikidata.org/wiki/Q18687299",
     "note": "harvested: painting by this creator with an image and a documented collection"
    },
    "creation_place": "London",
    "creation_lat": 51.507222,
    "creation_lon": -0.1275,
    "_overrides": {
     "creation": {
      "at": "2026-08-24",
      "source": "derived",
      "note": "creation place inferred from the painter's itinerary at this work's date (approximate)"
     }
    },
    "_merged": [
     {
      "source": "Wikipedia list",
      "title": "Union of the Thames and Isis ('Dorchester Mead, Oxfordshire')"
     }
    ]
   }
  },
  {
   "type": "Feature",
   "geometry": {
    "type": "Point",
    "coordinates": [
     -0.127789,
     51.491062
    ]
   },
   "properties": {
    "painter": "J.M.W. Turner",
    "title": "Seaport in the Grand Style",
    "year": "1835",
    "location": "Tate",
    "city": "City of Westminster",
    "country": "United Kingdom",
    "attribution": "generally accepted",
    "image": "https://commons.wikimedia.org/wiki/Special:FilePath/Joseph%20Mallord%20William%20Turner%20%281775-1851%29%20-%20Seaport%20in%20the%20Grand%20Style%20-%20N05544%20-%20National%20Gallery.jpg?width=500",
    "qid": "Q28542117",
    "wikidata": "https://www.wikidata.org/wiki/Q28542117",
    "_source": {
     "source": "Wikidata",
     "url": "https://www.wikidata.org/wiki/Q28542117",
     "note": "harvested: painting by this creator with an image and a documented collection"
    },
    "creation_place": "London",
    "creation_lat": 51.507222,
    "creation_lon": -0.1275,
    "_overrides": {
     "creation": {
      "at": "2026-08-24",
      "source": "derived",
      "note": "creation place inferred from the painter's itinerary at this work's date (approximate)"
     }
    }
   }
  },
  {
   "type": "Feature",
   "geometry": {
    "type": "Point",
    "coordinates": [
     -0.127789,
     51.491062
    ]
   },
   "properties": {
    "painter": "J.M.W. Turner",
    "title": "Studies for ‘Dawn of Christianity’",
    "year": "1841",
    "location": "Tate",
    "city": "City of Westminster",
    "country": "United Kingdom",
    "attribution": "generally accepted",
    "image": "https://commons.wikimedia.org/wiki/Special:FilePath/Joseph%20Mallord%20William%20Turner%20%281775-1851%29%20-%20Studies%20for%20%27Dawn%20of%20Christianity%27%20-%20N05508%20-%20National%20Gallery.jpg?width=500",
    "qid": "Q28542195",
    "wikidata": "https://www.wikidata.org/wiki/Q28542195",
    "_source": {
     "source": "Wikidata",
     "url": "https://www.wikidata.org/wiki/Q28542195",
     "note": "harvested: painting by this creator with an image and a documented collection"
    },
    "creation_place": "London",
    "creation_lat": 51.507222,
    "creation_lon": -0.1275,
    "_overrides": {
     "creation": {
      "at": "2026-08-24",
      "source": "derived",
      "note": "creation place inferred from the painter's itinerary at this work's date (approximate)"
     }
    }
   }
  },
  {
   "type": "Feature",
   "geometry": {
    "type": "Point",
    "coordinates": [
     18.078055555,
     59.328611111
    ]
   },
   "properties": {
    "painter": "J.M.W. Turner",
    "title": "A View of Deal",
    "year": "",
    "location": "Nationalmuseum",
    "city": "Stockholm",
    "country": "Sweden",
    "attribution": "generally accepted",
    "image": "https://commons.wikimedia.org/wiki/Special:FilePath/A%20View%20of%20Deal%20%28Joseph%20Mallard%20William%20Turner%29%20-%20Nationalmuseum%20-%2022576.tif?width=500",
    "qid": "Q18600993",
    "wikidata": "https://www.wikidata.org/wiki/Q18600993",
    "_source": {
     "source": "Wikidata",
     "url": "https://www.wikidata.org/wiki/Q18600993",
     "note": "harvested: painting by this creator with an image and a documented collection"
    }
   }
  },
  {
   "type": "Feature",
   "geometry": {
    "type": "Point",
    "coordinates": [
     -0.128333333,
     51.508888888
    ]
   },
   "properties": {
    "painter": "J.M.W. Turner",
    "title": "The Arrival of Louis-Philippe at the Royal Clarence Yard, Gosport, 8 October 1844",
    "year": "1844",
    "location": "National Gallery",
    "city": "City of Westminster",
    "country": "United Kingdom",
    "attribution": "generally accepted",
    "image": "https://commons.wikimedia.org/wiki/Special:FilePath/Joseph%20Mallord%20William%20Turner%20%281775-1851%29%20-%20The%20Disembarkation%20of%20Louis-Philippe%20at%20Portsmouth%2C%208%20October%201844%20-%20N02068%20-%20National%20Gallery.jpg?width=500",
    "qid": "Q28542106",
    "wikidata": "https://www.wikidata.org/wiki/Q28542106",
    "_source": {
     "source": "Wikidata",
     "url": "https://www.wikidata.org/wiki/Q28542106",
     "note": "harvested: painting by this creator with an image and a documented collection"
    },
    "creation_place": "London",
    "creation_lat": 51.507222,
    "creation_lon": -0.1275,
    "_overrides": {
     "creation": {
      "at": "2026-08-24",
      "source": "derived",
      "note": "creation place inferred from the painter's itinerary at this work's date (approximate)"
     }
    },
    "_merged": [
     {
      "source": "Wikipedia list",
      "title": "The Disembarkation of Louis-Philippe at Portsmouth, 8 October 1844"
     }
    ]
   }
  },
  {
   "type": "Feature",
   "geometry": {
    "type": "Point",
    "coordinates": [
     30.313611111,
     59.940555555
    ]
   },
   "properties": {
    "painter": "J.M.W. Turner",
    "title": "Landscape",
    "year": "1850",
    "location": "Hermitage Museum",
    "city": "Saint Petersburg",
    "country": "Russia",
    "attribution": "generally accepted",
    "image": "https://commons.wikimedia.org/wiki/Special:FilePath/Turner%20-%20Landscape%2C%20%D0%93%D0%AD-7011.jpg?width=500",
    "qid": "Q21715860",
    "wikidata": "https://www.wikidata.org/wiki/Q21715860",
    "_source": {
     "source": "Wikidata",
     "url": "https://www.wikidata.org/wiki/Q21715860",
     "note": "harvested: painting by this creator with an image and a documented collection"
    },
    "creation_place": "London",
    "creation_lat": 51.507222,
    "creation_lon": -0.1275,
    "_overrides": {
     "creation": {
      "at": "2026-08-24",
      "source": "derived",
      "note": "creation place inferred from the painter's itinerary at this work's date (approximate)"
     }
    }
   }
  },
  {
   "type": "Feature",
   "geometry": {
    "type": "Point",
    "coordinates": [
     -0.128333333,
     51.508888888
    ]
   },
   "properties": {
    "painter": "J.M.W. Turner",
    "title": "The Thames near Walton Bridges",
    "year": "1805",
    "location": "National Gallery",
    "city": "City of Westminster",
    "country": "United Kingdom",
    "attribution": "generally accepted",
    "image": "https://commons.wikimedia.org/wiki/Special:FilePath/Joseph%20Mallord%20William%20Turner%20-%20The%20Thames%20near%20Walton%20Bridges%20-%20Google%20Art%20Project.jpg?width=500",
    "qid": "Q18687429",
    "wikidata": "https://www.wikidata.org/wiki/Q18687429",
    "_source": {
     "source": "Wikidata",
     "url": "https://www.wikidata.org/wiki/Q18687429",
     "note": "harvested: painting by this creator with an image and a documented collection"
    },
    "creation_place": "London",
    "creation_lat": 51.507222,
    "creation_lon": -0.1275,
    "_overrides": {
     "creation": {
      "at": "2026-08-24",
      "source": "derived",
      "note": "creation place inferred from the painter's itinerary at this work's date (approximate)"
     }
    }
   }
  },
  {
   "type": "Feature",
   "geometry": {
    "type": "Point",
    "coordinates": [
     -76.616499,
     39.296425
    ]
   },
   "properties": {
    "painter": "J.M.W. Turner",
    "title": "Grand Canal, Venice",
    "year": "1850",
    "location": "Walters Art Museum",
    "city": "Baltimore",
    "country": "United States",
    "attribution": "generally accepted",
    "image": "https://commons.wikimedia.org/wiki/Special:FilePath/Joseph%20Mallord%20William%20Turner%20-%20Grand%20Canal%2C%20Venice%20-%20Walters%2037132.jpg?width=500",
    "qid": "Q18748968",
    "wikidata": "https://www.wikidata.org/wiki/Q18748968",
    "_source": {
     "source": "Wikidata",
     "url": "https://www.wikidata.org/wiki/Q18748968",
     "note": "harvested: painting by this creator with an image and a documented collection"
    },
    "creation_place": "London",
    "creation_lat": 51.507222,
    "creation_lon": -0.1275,
    "_overrides": {
     "creation": {
      "at": "2026-08-24",
      "source": "derived",
      "note": "creation place inferred from the painter's itinerary at this work's date (approximate)"
     }
    }
   }
  },
  {
   "type": "Feature",
   "geometry": {
    "type": "Point",
    "coordinates": [
     -77.02,
     38.891388888
    ]
   },
   "properties": {
    "painter": "J.M.W. Turner",
    "title": "The Dogana and Santa Maria della Salute, Venice",
    "year": "1843",
    "location": "Galería Nacional de Arte",
    "city": "Washington, D.C.",
    "country": "United States",
    "attribution": "generally accepted",
    "image": "https://commons.wikimedia.org/wiki/Special:FilePath/The%20Dogana%20and%20Santa%20Maria%20della%20Salute%2C%20Venice%20E10742.jpg?width=500",
    "qid": "Q20187050",
    "wikidata": "https://www.wikidata.org/wiki/Q20187050",
    "_source": {
     "source": "Wikidata",
     "url": "https://www.wikidata.org/wiki/Q20187050",
     "note": "harvested: painting by this creator with an image and a documented collection"
    },
    "creation_place": "London",
    "creation_lat": 51.507222,
    "creation_lon": -0.1275,
    "_overrides": {
     "creation": {
      "at": "2026-08-24",
      "source": "derived",
      "note": "creation place inferred from the painter's itinerary at this work's date (approximate)"
     }
    }
   }
  },
  {
   "type": "Feature",
   "geometry": {
    "type": "Point",
    "coordinates": [
     -75.181388888,
     39.965833333
    ]
   },
   "properties": {
    "painter": "J.M.W. Turner",
    "title": "Bonneville, Savoy",
    "year": "1812",
    "location": "Philadelphia Museum of Art",
    "city": "Philadelphia",
    "country": "United States",
    "attribution": "generally accepted",
    "image": "https://commons.wikimedia.org/wiki/Special:FilePath/Turner%20-%20Bonneville%2C%20Savoy%2C%20c.%201812%2C%20Cat.%20848.jpg?width=500",
    "qid": "Q20810216",
    "wikidata": "https://www.wikidata.org/wiki/Q20810216",
    "_source": {
     "source": "Wikidata",
     "url": "https://www.wikidata.org/wiki/Q20810216",
     "note": "harvested: painting by this creator with an image and a documented collection"
    },
    "creation_place": "London",
    "creation_lat": 51.507222,
    "creation_lon": -0.1275,
    "_overrides": {
     "creation": {
      "at": "2026-08-24",
      "source": "derived",
      "note": "creation place inferred from the painter's itinerary at this work's date (approximate)"
     }
    }
   }
  },
  {
   "type": "Feature",
   "geometry": {
    "type": "Point",
    "coordinates": [
     -77.046805555,
     38.911388888
    ]
   },
   "properties": {
    "painter": "J.M.W. Turner",
    "title": "A Scene on the English Coast",
    "year": "1798",
    "location": "The Phillips Collection",
    "city": "Washington, D.C.",
    "country": "United States",
    "attribution": "generally accepted",
    "image": "https://commons.wikimedia.org/wiki/Special:FilePath/Joseph%20Mallord%20William%20Turner%20-%20A%20Scene%20on%20the%20English%20Coast%20-%20Google%20Art%20Project.jpg?width=500",
    "qid": "Q23942055",
    "wikidata": "https://www.wikidata.org/wiki/Q23942055",
    "_source": {
     "source": "Wikidata",
     "url": "https://www.wikidata.org/wiki/Q23942055",
     "note": "harvested: painting by this creator with an image and a documented collection"
    },
    "creation_place": "London",
    "creation_lat": 51.507222,
    "creation_lon": -0.1275,
    "_overrides": {
     "creation": {
      "at": "2026-08-24",
      "source": "derived",
      "note": "creation place inferred from the painter's itinerary at this work's date (approximate)"
     }
    }
   }
  },
  {
   "type": "Feature",
   "geometry": {
    "type": "Point",
    "coordinates": [
     -46.655833333,
     -23.561111111
    ]
   },
   "properties": {
    "painter": "J.M.W. Turner",
    "title": "Caernarfon Castle",
    "year": "1830",
    "location": "São Paulo Museum of Art",
    "city": "São Paulo",
    "country": "Brazil",
    "attribution": "generally accepted",
    "image": "https://commons.wikimedia.org/wiki/Special:FilePath/Joseph%20Mallord%20William%20Turner%2C%20Caernarfon%20Castle%20%281830-1835%29.jpg?width=500",
    "qid": "Q49872775",
    "wikidata": "https://www.wikidata.org/wiki/Q49872775",
    "_source": {
     "source": "Wikidata",
     "url": "https://www.wikidata.org/wiki/Q49872775",
     "note": "harvested: painting by this creator with an image and a documented collection"
    },
    "creation_place": "London",
    "creation_lat": 51.507222,
    "creation_lon": -0.1275,
    "_overrides": {
     "creation": {
      "at": "2026-08-24",
      "source": "derived",
      "note": "creation place inferred from the painter's itinerary at this work's date (approximate)"
     }
    }
   }
  },
  {
   "type": "Feature",
   "geometry": {
    "type": "Point",
    "coordinates": [
     -3.177128,
     51.485577
    ]
   },
   "properties": {
    "painter": "J.M.W. Turner",
    "title": "Off Margate",
    "year": "1840",
    "location": "National Museum Cardiff",
    "city": "Cardiff",
    "country": "Wales",
    "attribution": "generally accepted",
    "image": "https://commons.wikimedia.org/wiki/Special:FilePath/J.M.W.%20Turner%20-%20Off%20Margate.jpg?width=500",
    "qid": "Q66003663",
    "wikidata": "https://www.wikidata.org/wiki/Q66003663",
    "_source": {
     "source": "Wikidata",
     "url": "https://www.wikidata.org/wiki/Q66003663",
     "note": "harvested: painting by this creator with an image and a documented collection"
    },
    "creation_place": "London",
    "creation_lat": 51.507222,
    "creation_lon": -0.1275,
    "_overrides": {
     "creation": {
      "at": "2026-08-24",
      "source": "derived",
      "note": "creation place inferred from the painter's itinerary at this work's date (approximate)"
     }
    }
   }
  },
  {
   "type": "Feature",
   "geometry": {
    "type": "Point",
    "coordinates": [
     -73.2136,
     42.7078
    ]
   },
   "properties": {
    "painter": "J.M.W. Turner",
    "title": "Rockets and Blue Lights (Close at Hand) to Warn Steamboats of Shoal",
    "year": "1840",
    "location": "Clark Art Institute",
    "city": "Massachusetts",
    "country": "United States",
    "attribution": "generally accepted",
    "image": "https://commons.wikimedia.org/wiki/Special:FilePath/J.M.W.%20Turner%27s%20Rockets%20and%20Blue%20Lights%20%28Close%20at%20Hand%29%20to%20Warn%20Steamboats%20of%20Shoal%20Water.jpg?width=500",
    "qid": "Q96621110",
    "wikidata": "https://www.wikidata.org/wiki/Q96621110",
    "_source": {
     "source": "Wikidata",
     "url": "https://www.wikidata.org/wiki/Q96621110",
     "note": "harvested: painting by this creator with an image and a documented collection"
    },
    "creation_place": "London",
    "creation_lat": 51.507222,
    "creation_lon": -0.1275,
    "_overrides": {
     "creation": {
      "at": "2026-08-24",
      "source": "derived",
      "note": "creation place inferred from the painter's itinerary at this work's date (approximate)"
     }
    }
   }
  },
  {
   "type": "Feature",
   "geometry": {
    "type": "Point",
    "coordinates": [
     -1.903611111,
     52.480277777
    ]
   },
   "properties": {
    "painter": "J.M.W. Turner",
    "title": "West Front Of St Albans' Abbey",
    "year": "1813",
    "location": "Birmingham Museum and Art Gallery",
    "city": "Birmingham",
    "country": "United Kingdom",
    "attribution": "generally accepted",
    "image": "https://commons.wikimedia.org/wiki/Special:FilePath/J%20M%20W%20Turner%20-%20West%20Front%20Of%20St%20Albans%27%20Abbey%20-%201928P583%20-%20Birmingham%20Museums%20Trust.jpg?width=500",
    "qid": "Q98144509",
    "wikidata": "https://www.wikidata.org/wiki/Q98144509",
    "_source": {
     "source": "Wikidata",
     "url": "https://www.wikidata.org/wiki/Q98144509",
     "note": "harvested: painting by this creator with an image and a documented collection"
    },
    "creation_place": "London",
    "creation_lat": 51.507222,
    "creation_lon": -0.1275,
    "_overrides": {
     "creation": {
      "at": "2026-08-24",
      "source": "derived",
      "note": "creation place inferred from the painter's itinerary at this work's date (approximate)"
     }
    }
   }
  },
  {
   "type": "Feature",
   "geometry": {
    "type": "Point",
    "coordinates": [
     -1.903611111,
     52.480277777
    ]
   },
   "properties": {
    "painter": "J.M.W. Turner",
    "title": "Lancaster Sands",
    "year": "1820",
    "location": "Birmingham Museum and Art Gallery",
    "city": "Birmingham",
    "country": "United Kingdom",
    "attribution": "generally accepted",
    "image": "https://commons.wikimedia.org/wiki/Special:FilePath/J%20M%20W%20Turner%20-%20Lancaster%20Sands%20-%201953P406%20-%20Birmingham%20Museums%20Trust.jpg?width=500",
    "qid": "Q98148853",
    "wikidata": "https://www.wikidata.org/wiki/Q98148853",
    "_source": {
     "source": "Wikidata",
     "url": "https://www.wikidata.org/wiki/Q98148853",
     "note": "harvested: painting by this creator with an image and a documented collection"
    },
    "creation_place": "London",
    "creation_lat": 51.507222,
    "creation_lon": -0.1275,
    "_overrides": {
     "creation": {
      "at": "2026-08-24",
      "source": "derived",
      "note": "creation place inferred from the painter's itinerary at this work's date (approximate)"
     }
    }
   }
  },
  {
   "type": "Feature",
   "geometry": {
    "type": "Point",
    "coordinates": [
     -1.903611111,
     52.480277777
    ]
   },
   "properties": {
    "painter": "J.M.W. Turner",
    "title": "Landscape with rainbow, Lindley Hall",
    "year": "1818",
    "location": "Birmingham Museum and Art Gallery",
    "city": "Birmingham",
    "country": "United Kingdom",
    "attribution": "generally accepted",
    "image": "https://commons.wikimedia.org/wiki/Special:FilePath/J%20M%20W%20Turner%20-%20Landscape%20with%20rainbow%2C%20Lindley%20Hall%20-%201953P404%20-%20Birmingham%20Museums%20Trust.jpg?width=500",
    "qid": "Q98149888",
    "wikidata": "https://www.wikidata.org/wiki/Q98149888",
    "_source": {
     "source": "Wikidata",
     "url": "https://www.wikidata.org/wiki/Q98149888",
     "note": "harvested: painting by this creator with an image and a documented collection"
    },
    "creation_place": "London",
    "creation_lat": 51.507222,
    "creation_lon": -0.1275,
    "_overrides": {
     "creation": {
      "at": "2026-08-24",
      "source": "derived",
      "note": "creation place inferred from the painter's itinerary at this work's date (approximate)"
     }
    }
   }
  },
  {
   "type": "Feature",
   "geometry": {
    "type": "Point",
    "coordinates": [
     -1.903611111,
     52.480277777
    ]
   },
   "properties": {
    "painter": "J.M.W. Turner",
    "title": "South View of Salisbury Cathedral",
    "year": "1797",
    "location": "Birmingham Museum and Art Gallery",
    "city": "Birmingham",
    "country": "United Kingdom",
    "attribution": "generally accepted",
    "image": "https://commons.wikimedia.org/wiki/Special:FilePath/J%20M%20W%20Turner%20-%20South%20View%20of%20Salisbury%20Cathedral%20-%201897P9%20-%20Birmingham%20Museums%20Trust.jpg?width=500",
    "qid": "Q98150231",
    "wikidata": "https://www.wikidata.org/wiki/Q98150231",
    "_source": {
     "source": "Wikidata",
     "url": "https://www.wikidata.org/wiki/Q98150231",
     "note": "harvested: painting by this creator with an image and a documented collection"
    },
    "creation_place": "London",
    "creation_lat": 51.507222,
    "creation_lon": -0.1275,
    "_overrides": {
     "creation": {
      "at": "2026-08-24",
      "source": "derived",
      "note": "creation place inferred from the painter's itinerary at this work's date (approximate)"
     }
    }
   }
  },
  {
   "type": "Feature",
   "geometry": {
    "type": "Point",
    "coordinates": [
     -1.903611111,
     52.480277777
    ]
   },
   "properties": {
    "painter": "J.M.W. Turner",
    "title": "Blenheim House and Park",
    "year": "1833",
    "location": "Birmingham Museum and Art Gallery",
    "city": "Birmingham",
    "country": "United Kingdom",
    "attribution": "generally accepted",
    "image": "https://commons.wikimedia.org/wiki/Special:FilePath/J%20M%20W%20Turner%20-%20Blenheim%20House%20and%20Park%20-%201920P1%20-%20Birmingham%20Museums%20Trust.jpg?width=500",
    "qid": "Q98150349",
    "wikidata": "https://www.wikidata.org/wiki/Q98150349",
    "_source": {
     "source": "Wikidata",
     "url": "https://www.wikidata.org/wiki/Q98150349",
     "note": "harvested: painting by this creator with an image and a documented collection"
    },
    "creation_place": "London",
    "creation_lat": 51.507222,
    "creation_lon": -0.1275,
    "_overrides": {
     "creation": {
      "at": "2026-08-24",
      "source": "derived",
      "note": "creation place inferred from the painter's itinerary at this work's date (approximate)"
     }
    }
   }
  },
  {
   "type": "Feature",
   "geometry": {
    "type": "Point",
    "coordinates": [
     -0.127789,
     51.491062
    ]
   },
   "properties": {
    "painter": "J.M.W. Turner",
    "title": "Small Boats beside a Man-o’-War",
    "year": "1796",
    "location": "Tate",
    "city": "City of Westminster",
    "country": "United Kingdom",
    "attribution": "generally accepted",
    "image": "https://commons.wikimedia.org/wiki/Special:FilePath/Horror%20und%20Delight-Turner-Small%20Boats%20beside%20a%20Man-o%27-War%20DSC2282.jpg?width=500",
    "qid": "Q18546202",
    "wikidata": "https://www.wikidata.org/wiki/Q18546202",
    "_source": {
     "source": "Wikidata",
     "url": "https://www.wikidata.org/wiki/Q18546202",
     "note": "harvested: painting by this creator with an image and a documented collection"
    },
    "creation_place": "London",
    "creation_lat": 51.507222,
    "creation_lon": -0.1275,
    "_overrides": {
     "creation": {
      "at": "2026-08-24",
      "source": "derived",
      "note": "creation place inferred from the painter's itinerary at this work's date (approximate)"
     }
    }
   }
  },
  {
   "type": "Feature",
   "geometry": {
    "type": "Point",
    "coordinates": [
     -0.128333333,
     51.508888888
    ]
   },
   "properties": {
    "painter": "J.M.W. Turner",
    "title": "Shade and Darkness",
    "year": "1848",
    "location": "National Gallery",
    "city": "City of Westminster",
    "country": "United Kingdom",
    "attribution": "generally accepted",
    "image": "https://commons.wikimedia.org/wiki/Special:FilePath/Joseph%20Mallord%20William%20Turner%20%281775-1851%29%20-%20Shade%20and%20Darkness%20-%20the%20Evening%20of%20the%20Deluge%20-%20N00531%20-%20National%20Gallery.jpg?width=500",
    "qid": "Q15077736",
    "wikidata": "https://www.wikidata.org/wiki/Q15077736",
    "_source": {
     "source": "Wikidata",
     "url": "https://www.wikidata.org/wiki/Q15077736",
     "note": "harvested: painting by this creator with an image and a documented collection"
    },
    "creation_place": "London",
    "creation_lat": 51.507222,
    "creation_lon": -0.1275,
    "_overrides": {
     "creation": {
      "at": "2026-08-24",
      "source": "derived",
      "note": "creation place inferred from the painter's itinerary at this work's date (approximate)"
     }
    },
    "_merged": [
     {
      "source": "Wikipedia list",
      "title": "Shade and Darkness - the Evening of the Deluge"
     }
    ]
   }
  },
  {
   "type": "Feature",
   "geometry": {
    "type": "Point",
    "coordinates": [
     -118.475,
     34.0775
    ]
   },
   "properties": {
    "painter": "J.M.W. Turner",
    "title": "Modern Rome – Campo Vaccino",
    "year": "1839",
    "location": "J. Paul Getty Museum",
    "city": "Los Angeles",
    "country": "United States",
    "attribution": "generally accepted",
    "image": "https://commons.wikimedia.org/wiki/Special:FilePath/JMW%20Turner%20-%20Modern%20Rome%20-%20Campo%20Vacino.jpg?width=500",
    "qid": "Q6888851",
    "wikidata": "https://www.wikidata.org/wiki/Q6888851",
    "_source": {
     "source": "Wikidata",
     "url": "https://www.wikidata.org/wiki/Q6888851",
     "note": "harvested: painting by this creator with an image and a documented collection"
    },
    "creation_place": "London",
    "creation_lat": 51.507222,
    "creation_lon": -0.1275,
    "_overrides": {
     "creation": {
      "at": "2026-08-24",
      "source": "derived",
      "note": "creation place inferred from the painter's itinerary at this work's date (approximate)"
     }
    }
   }
  },
  {
   "type": "Feature",
   "geometry": {
    "type": "Point",
    "coordinates": [
     2.335833,
     48.861111
    ]
   },
   "properties": {
    "painter": "J.M.W. Turner",
    "title": "Landscape with a river and a bay in the background",
    "year": "1835",
    "location": "Louvre",
    "city": "",
    "country": "France",
    "attribution": "generally accepted",
    "image": "https://commons.wikimedia.org/wiki/Special:FilePath/Fran%C3%A7oise%20Foliot%20-%20Turner%20-%20Paysage%20avec%20une%20rivi%C3%A8re%20et%20une%20baie%20dans%20le%20lointain.jpg?width=500",
    "qid": "Q15280947",
    "wikidata": "https://www.wikidata.org/wiki/Q15280947",
    "_source": {
     "source": "Wikidata",
     "url": "https://www.wikidata.org/wiki/Q15280947",
     "note": "harvested: painting by this creator with an image and a documented collection"
    },
    "creation_place": "London",
    "creation_lat": 51.507222,
    "creation_lon": -0.1275,
    "_overrides": {
     "creation": {
      "at": "2026-08-24",
      "source": "derived",
      "note": "creation place inferred from the painter's itinerary at this work's date (approximate)"
     }
    }
   }
  },
  {
   "type": "Feature",
   "geometry": {
    "type": "Point",
    "coordinates": [
     -72.930906,
     41.307908
    ]
   },
   "properties": {
    "painter": "J.M.W. Turner",
    "title": "Vesuvius in Eruption",
    "year": "1817",
    "location": "Yale Center for British Art",
    "city": "New Haven",
    "country": "United States",
    "attribution": "generally accepted",
    "image": "https://commons.wikimedia.org/wiki/Special:FilePath/Joseph%20Mallord%20William%20Turner%20-%20Ausbruch%20des%20Vesuvs%2C%201817.jpg?width=500",
    "qid": "Q12902531",
    "wikidata": "https://www.wikidata.org/wiki/Q12902531",
    "_source": {
     "source": "Wikidata",
     "url": "https://www.wikidata.org/wiki/Q12902531",
     "note": "harvested: painting by this creator with an image and a documented collection"
    },
    "creation_place": "London",
    "creation_lat": 51.507222,
    "creation_lon": -0.1275,
    "_overrides": {
     "creation": {
      "at": "2026-08-24",
      "source": "derived",
      "note": "creation place inferred from the painter's itinerary at this work's date (approximate)"
     }
    }
   }
  },
  {
   "type": "Feature",
   "geometry": {
    "type": "Point",
    "coordinates": [
     -71.099121,
     42.33818
    ]
   },
   "properties": {
    "painter": "J.M.W. Turner",
    "title": "The Roman Tower, Andernach",
    "year": "1817",
    "location": "Isabella Stewart Gardner Museum",
    "city": "Boston",
    "country": "United States",
    "attribution": "generally accepted",
    "image": "https://commons.wikimedia.org/wiki/Special:FilePath/Joseph%20Mallord%20William%20Turner%20-%20The%20Roman%20Tower%2C%20Andernach%20-%20P1e12%20-%20Isabella%20Stewart%20Gardner%20Museum.jpg?width=500",
    "qid": "Q103832865",
    "wikidata": "https://www.wikidata.org/wiki/Q103832865",
    "_source": {
     "source": "Wikidata",
     "url": "https://www.wikidata.org/wiki/Q103832865",
     "note": "harvested: painting by this creator with an image and a documented collection"
    },
    "creation_place": "London",
    "creation_lat": 51.507222,
    "creation_lon": -0.1275,
    "_overrides": {
     "creation": {
      "at": "2026-08-24",
      "source": "derived",
      "note": "creation place inferred from the painter's itinerary at this work's date (approximate)"
     }
    }
   }
  },
  {
   "type": "Feature",
   "geometry": {
    "type": "Point",
    "coordinates": [
     -1.7972,
     51.5637
    ]
   },
   "properties": {
    "painter": "J.M.W. Turner",
    "title": "Cicero at His Villa at Tusculum",
    "year": "1950",
    "location": "National Trust",
    "city": "",
    "country": "United Kingdom",
    "attribution": "generally accepted",
    "image": "https://commons.wikimedia.org/wiki/Special:FilePath/Cicero%20at%20His%20Villa%20at%20Tusculum.jpg?width=500",
    "qid": "Q106462872",
    "wikidata": "https://www.wikidata.org/wiki/Q106462872",
    "_source": {
     "source": "Wikidata",
     "url": "https://www.wikidata.org/wiki/Q106462872",
     "note": "harvested: painting by this creator with an image and a documented collection"
    }
   }
  },
  {
   "type": "Feature",
   "geometry": {
    "type": "Point",
    "coordinates": [
     -73.2136,
     42.7078
    ]
   },
   "properties": {
    "painter": "J.M.W. Turner",
    "title": "View off Margate, Evening",
    "year": "1840",
    "location": "Clark Art Institute",
    "city": "Massachusetts",
    "country": "United States",
    "attribution": "generally accepted",
    "image": "https://commons.wikimedia.org/wiki/Special:FilePath/Turner%20-%20View%20off%20Margate%2C%20Evening%2C%20c.%201840%2C%202007.8.117.jpg?width=500",
    "qid": "Q104773810",
    "wikidata": "https://www.wikidata.org/wiki/Q104773810",
    "_source": {
     "source": "Wikidata",
     "url": "https://www.wikidata.org/wiki/Q104773810",
     "note": "harvested: painting by this creator with an image and a documented collection"
    },
    "creation_place": "London",
    "creation_lat": 51.507222,
    "creation_lon": -0.1275,
    "_overrides": {
     "creation": {
      "at": "2026-08-24",
      "source": "derived",
      "note": "creation place inferred from the painter's itinerary at this work's date (approximate)"
     }
    }
   }
  },
  {
   "type": "Feature",
   "geometry": {
    "type": "Point",
    "coordinates": [
     -73.2136,
     42.7078
    ]
   },
   "properties": {
    "painter": "J.M.W. Turner",
    "title": "Distant View of Plymouth",
    "year": "1813",
    "location": "Clark Art Institute",
    "city": "Massachusetts",
    "country": "United States",
    "attribution": "generally accepted",
    "image": "https://commons.wikimedia.org/wiki/Special:FilePath/Joseph%20Mallord%20William%20Turner%20-%20Distant%20View%20of%20Plymouth%20-%202007.8.103%20-%20Clark%20Art%20Institute.tiff?width=500",
    "qid": "Q104774713",
    "wikidata": "https://www.wikidata.org/wiki/Q104774713",
    "_source": {
     "source": "Wikidata",
     "url": "https://www.wikidata.org/wiki/Q104774713",
     "note": "harvested: painting by this creator with an image and a documented collection"
    },
    "creation_place": "London",
    "creation_lat": 51.507222,
    "creation_lon": -0.1275,
    "_overrides": {
     "creation": {
      "at": "2026-08-24",
      "source": "derived",
      "note": "creation place inferred from the painter's itinerary at this work's date (approximate)"
     }
    }
   }
  },
  {
   "type": "Feature",
   "geometry": {
    "type": "Point",
    "coordinates": [
     -1.903611111,
     52.480277777
    ]
   },
   "properties": {
    "painter": "J.M.W. Turner",
    "title": "The Pass of Saint Gotthard, Switzerland",
    "year": "1803",
    "location": "Birmingham Museum and Art Gallery",
    "city": "Birmingham",
    "country": "United Kingdom",
    "attribution": "generally accepted",
    "image": "https://commons.wikimedia.org/wiki/Special:FilePath/Joseph%20Mallord%20William%20Turner%20%281775-1851%29%20-%20The%20Pass%20of%20Saint%20Gotthard%2C%20Switzerland%20-%201935P198%20-%20Birmingham%20Museums%20Trust.jpg?width=500",
    "qid": "Q98150576",
    "wikidata": "https://www.wikidata.org/wiki/Q98150576",
    "_source": {
     "source": "Wikidata",
     "url": "https://www.wikidata.org/wiki/Q98150576",
     "note": "harvested: painting by this creator with an image and a documented collection"
    },
    "creation_place": "London",
    "creation_lat": 51.507222,
    "creation_lon": -0.1275,
    "_overrides": {
     "creation": {
      "at": "2026-08-24",
      "source": "derived",
      "note": "creation place inferred from the painter's itinerary at this work's date (approximate)"
     }
    }
   }
  },
  {
   "type": "Feature",
   "geometry": {
    "type": "Point",
    "coordinates": [
     -1.903611111,
     52.480277777
    ]
   },
   "properties": {
    "painter": "J.M.W. Turner",
    "title": "Snowstorm, Mont Cenis",
    "year": "1820",
    "location": "Birmingham Museum and Art Gallery",
    "city": "Birmingham",
    "country": "United Kingdom",
    "attribution": "generally accepted",
    "image": "https://commons.wikimedia.org/wiki/Special:FilePath/J%20M%20W%20Turner%20-%20Snowstorm%2C%20Mont%20Cenis%20-%201953P409%20-%20Birmingham%20Museums%20Trust.jpg?width=500",
    "qid": "Q98152444",
    "wikidata": "https://www.wikidata.org/wiki/Q98152444",
    "_source": {
     "source": "Wikidata",
     "url": "https://www.wikidata.org/wiki/Q98152444",
     "note": "harvested: painting by this creator with an image and a documented collection"
    },
    "creation_place": "London",
    "creation_lat": 51.507222,
    "creation_lon": -0.1275,
    "_overrides": {
     "creation": {
      "at": "2026-08-24",
      "source": "derived",
      "note": "creation place inferred from the painter's itinerary at this work's date (approximate)"
     }
    }
   }
  },
  {
   "type": "Feature",
   "geometry": {
    "type": "Point",
    "coordinates": [
     -3.22784,
     55.950924
    ]
   },
   "properties": {
    "painter": "J.M.W. Turner",
    "title": "Sea View",
    "year": "1826",
    "location": "Scottish National Gallery of Modern Art",
    "city": "City of Edinburgh",
    "country": "United Kingdom",
    "attribution": "generally accepted",
    "image": "https://commons.wikimedia.org/wiki/Special:FilePath/%27Sea%20View%27%20by%20J.%20M.%20W.%20Turner%2C%20Scottish%20National%20Gallery.jpg?width=500",
    "qid": "Q105071481",
    "wikidata": "https://www.wikidata.org/wiki/Q105071481",
    "_source": {
     "source": "Wikidata",
     "url": "https://www.wikidata.org/wiki/Q105071481",
     "note": "harvested: painting by this creator with an image and a documented collection"
    },
    "creation_place": "London",
    "creation_lat": 51.507222,
    "creation_lon": -0.1275,
    "_overrides": {
     "creation": {
      "at": "2026-08-24",
      "source": "derived",
      "note": "creation place inferred from the painter's itinerary at this work's date (approximate)"
     }
    }
   }
  },
  {
   "type": "Feature",
   "geometry": {
    "type": "Point",
    "coordinates": [
     3.0611729,
     50.6309226
    ]
   },
   "properties": {
    "painter": "J.M.W. Turner",
    "title": "Incendie à Constantinople",
    "year": "1834",
    "location": "Palais des Beaux-Arts de Lille",
    "city": "Lille",
    "country": "France",
    "attribution": "generally accepted",
    "image": "https://commons.wikimedia.org/wiki/Special:FilePath/Lille%20Turner%20Constantinople.JPG?width=500",
    "qid": "Q72944205",
    "wikidata": "https://www.wikidata.org/wiki/Q72944205",
    "_source": {
     "source": "Wikidata",
     "url": "https://www.wikidata.org/wiki/Q72944205",
     "note": "harvested: painting by this creator with an image and a documented collection"
    },
    "creation_place": "London",
    "creation_lat": 51.507222,
    "creation_lon": -0.1275,
    "_overrides": {
     "creation": {
      "at": "2026-08-24",
      "source": "derived",
      "note": "creation place inferred from the painter's itinerary at this work's date (approximate)"
     }
    }
   }
  },
  {
   "type": "Feature",
   "geometry": {
    "type": "Point",
    "coordinates": [
     -3.22784,
     55.950924
    ]
   },
   "properties": {
    "painter": "J.M.W. Turner",
    "title": "Harbour View",
    "year": "1826",
    "location": "Scottish National Gallery of Modern Art",
    "city": "City of Edinburgh",
    "country": "United Kingdom",
    "attribution": "generally accepted",
    "image": "https://commons.wikimedia.org/wiki/Special:FilePath/Sea%20View%20by%20J.%20M.%20W.%20Turner%2C%20National%20Gallery%20of%20Scotland.jpg?width=500",
    "qid": "Q96632165",
    "wikidata": "https://www.wikidata.org/wiki/Q96632165",
    "_source": {
     "source": "Wikidata",
     "url": "https://www.wikidata.org/wiki/Q96632165",
     "note": "harvested: painting by this creator with an image and a documented collection"
    },
    "creation_place": "London",
    "creation_lat": 51.507222,
    "creation_lon": -0.1275,
    "_overrides": {
     "creation": {
      "at": "2026-08-24",
      "source": "derived",
      "note": "creation place inferred from the painter's itinerary at this work's date (approximate)"
     }
    }
   }
  },
  {
   "type": "Feature",
   "geometry": {
    "type": "Point",
    "coordinates": [
     -0.29808,
     51.452086
    ]
   },
   "properties": {
    "painter": "J.M.W. Turner",
    "title": "Grand Junction Canal at Southall Mill",
    "year": "1810",
    "location": "Doughty House",
    "city": "London Borough of Richmond upon Thames",
    "country": "United Kingdom",
    "attribution": "generally accepted",
    "image": "https://commons.wikimedia.org/wiki/Special:FilePath/Joseph%20Mallord%20William%20Turner%20014.jpg?width=500",
    "qid": "Q73980987",
    "wikidata": "https://www.wikidata.org/wiki/Q73980987",
    "_source": {
     "source": "Wikidata",
     "url": "https://www.wikidata.org/wiki/Q73980987",
     "note": "harvested: painting by this creator with an image and a documented collection"
    },
    "creation_place": "London",
    "creation_lat": 51.507222,
    "creation_lon": -0.1275,
    "_overrides": {
     "creation": {
      "at": "2026-08-24",
      "source": "derived",
      "note": "creation place inferred from the painter's itinerary at this work's date (approximate)"
     }
    }
   }
  },
  {
   "type": "Feature",
   "geometry": {
    "type": "Point",
    "coordinates": [
     -122.338133,
     47.607309
    ]
   },
   "properties": {
    "painter": "J.M.W. Turner",
    "title": "Depositing of John Bellini’s Three Pictures in La Chiesa Redentore, Venice",
    "year": "1841",
    "location": "Seattle Art Museum",
    "city": "Seattle",
    "country": "United States",
    "attribution": "generally accepted",
    "image": "https://commons.wikimedia.org/wiki/Special:FilePath/JMW%20Turner%20-%20Depositing%20of%20John%20Bellini%27s%20Three%20Pictures%20in%20La%20Chiesa%20Redentore%2C%20Venice%2C%201841%20-%20Paul%20G.%20Allen%20Collection.jpg?width=500",
    "qid": "Q114458461",
    "wikidata": "https://www.wikidata.org/wiki/Q114458461",
    "_source": {
     "source": "Wikidata",
     "url": "https://www.wikidata.org/wiki/Q114458461",
     "note": "harvested: painting by this creator with an image and a documented collection"
    },
    "creation_place": "London",
    "creation_lat": 51.507222,
    "creation_lon": -0.1275,
    "_overrides": {
     "creation": {
      "at": "2026-08-24",
      "source": "derived",
      "note": "creation place inferred from the painter's itinerary at this work's date (approximate)"
     }
    }
   }
  },
  {
   "type": "Feature",
   "geometry": {
    "type": "Point",
    "coordinates": [
     -0.126944444,
     51.519444444
    ]
   },
   "properties": {
    "painter": "J.M.W. Turner",
    "title": "Lucerne: Moonlight",
    "year": "1843",
    "location": "British Museum",
    "city": "London Borough of Camden",
    "country": "United Kingdom",
    "attribution": "generally accepted",
    "image": "https://commons.wikimedia.org/wiki/Special:FilePath/J.%20M.%20W.%20Turner%20-%20Lucerne-Moonlight.jpg?width=500",
    "qid": "Q112198313",
    "wikidata": "https://www.wikidata.org/wiki/Q112198313",
    "_source": {
     "source": "Wikidata",
     "url": "https://www.wikidata.org/wiki/Q112198313",
     "note": "harvested: painting by this creator with an image and a documented collection"
    },
    "creation_place": "London",
    "creation_lat": 51.507222,
    "creation_lon": -0.1275,
    "_overrides": {
     "creation": {
      "at": "2026-08-24",
      "source": "derived",
      "note": "creation place inferred from the painter's itinerary at this work's date (approximate)"
     }
    }
   }
  },
  {
   "type": "Feature",
   "geometry": {
    "type": "Point",
    "coordinates": [
     -0.126944444,
     51.519444444
    ]
   },
   "properties": {
    "painter": "J.M.W. Turner",
    "title": "Bridge at Meulan",
    "year": "1832",
    "location": "British Museum",
    "city": "London Borough of Camden",
    "country": "United Kingdom",
    "attribution": "generally accepted",
    "image": "https://commons.wikimedia.org/wiki/Special:FilePath/Bridge%20at%20Meulan.jpg?width=500",
    "qid": "Q134876101",
    "wikidata": "https://www.wikidata.org/wiki/Q134876101",
    "_source": {
     "source": "Wikidata",
     "url": "https://www.wikidata.org/wiki/Q134876101",
     "note": "harvested: painting by this creator with an image and a documented collection"
    },
    "creation_place": "London",
    "creation_lat": 51.507222,
    "creation_lon": -0.1275,
    "_overrides": {
     "creation": {
      "at": "2026-08-24",
      "source": "derived",
      "note": "creation place inferred from the painter's itinerary at this work's date (approximate)"
     }
    }
   }
  },
  {
   "type": "Feature",
   "geometry": {
    "type": "Point",
    "coordinates": [
     -0.127789,
     51.491062
    ]
   },
   "properties": {
    "painter": "J.M.W. Turner",
    "title": "Buttermere Lake, with Park of Cromackwater, Cumberland, a Shower",
    "year": "1797",
    "location": "Tate Britain",
    "city": "City of Westminster",
    "country": "United Kingdom",
    "attribution": "generally accepted",
    "image": "https://commons.wikimedia.org/wiki/Special:FilePath/%28Barcelona%29%20Buttermere%20Lake%2C%20with%20Park%20of%20Cromackwater%2C%20Cumberland%2C%20a%20Shower%20-%20William%20Turner%20in%20Tate%20Britain.jpg?width=500",
    "qid": "Q115494674",
    "wikidata": "https://www.wikidata.org/wiki/Q115494674",
    "_source": {
     "source": "Wikidata",
     "url": "https://www.wikidata.org/wiki/Q115494674",
     "note": "harvested: painting by this creator with an image and a documented collection"
    },
    "creation_place": "London",
    "creation_lat": 51.507222,
    "creation_lon": -0.1275,
    "_overrides": {
     "creation": {
      "at": "2026-08-24",
      "source": "derived",
      "note": "creation place inferred from the painter's itinerary at this work's date (approximate)"
     }
    }
   }
  },
  {
   "type": "Feature",
   "geometry": {
    "type": "Point",
    "coordinates": [
     -0.127789,
     51.491062
    ]
   },
   "properties": {
    "painter": "J.M.W. Turner",
    "title": "Sketch for \"Nantes from the Ile Feydeau.\"",
    "year": "1826",
    "location": "Tate Britain",
    "city": "City of Westminster",
    "country": "United Kingdom",
    "attribution": "generally accepted",
    "image": "https://commons.wikimedia.org/wiki/Special:FilePath/Turner%20Nantes%20sketch.jpg?width=500",
    "qid": "Q115494865",
    "wikidata": "https://www.wikidata.org/wiki/Q115494865",
    "_source": {
     "source": "Wikidata",
     "url": "https://www.wikidata.org/wiki/Q115494865",
     "note": "harvested: painting by this creator with an image and a documented collection"
    },
    "creation_place": "London",
    "creation_lat": 51.507222,
    "creation_lon": -0.1275,
    "_overrides": {
     "creation": {
      "at": "2026-08-24",
      "source": "derived",
      "note": "creation place inferred from the painter's itinerary at this work's date (approximate)"
     }
    }
   }
  },
  {
   "type": "Feature",
   "geometry": {
    "type": "Point",
    "coordinates": [
     -0.127789,
     51.491062
    ]
   },
   "properties": {
    "painter": "J.M.W. Turner",
    "title": "Citadel of St.-Esprit, with the Louis and Beck Bastions",
    "year": "1839",
    "location": "Tate Britain",
    "city": "City of Westminster",
    "country": "United Kingdom",
    "attribution": "generally accepted",
    "image": "https://commons.wikimedia.org/wiki/Special:FilePath/Turner%20St%20Esprit%20Luxembourg.jpg?width=500",
    "qid": "Q115495130",
    "wikidata": "https://www.wikidata.org/wiki/Q115495130",
    "_source": {
     "source": "Wikidata",
     "url": "https://www.wikidata.org/wiki/Q115495130",
     "note": "harvested: painting by this creator with an image and a documented collection"
    },
    "creation_place": "London",
    "creation_lat": 51.507222,
    "creation_lon": -0.1275,
    "_overrides": {
     "creation": {
      "at": "2026-08-24",
      "source": "derived",
      "note": "creation place inferred from the painter's itinerary at this work's date (approximate)"
     }
    }
   }
  },
  {
   "type": "Feature",
   "geometry": {
    "type": "Point",
    "coordinates": [
     -0.127789,
     51.491062
    ]
   },
   "properties": {
    "painter": "J.M.W. Turner",
    "title": "Saint-Maurice bridge",
    "year": "1820",
    "location": "Tate Britain",
    "city": "City of Westminster",
    "country": "United Kingdom",
    "attribution": "generally accepted",
    "image": "https://commons.wikimedia.org/wiki/Special:FilePath/Turner%20Saint-Maurice%20IMG%205306.jpg?width=500",
    "qid": "Q115495267",
    "wikidata": "https://www.wikidata.org/wiki/Q115495267",
    "_source": {
     "source": "Wikidata",
     "url": "https://www.wikidata.org/wiki/Q115495267",
     "note": "harvested: painting by this creator with an image and a documented collection"
    },
    "creation_place": "London",
    "creation_lat": 51.507222,
    "creation_lon": -0.1275,
    "_overrides": {
     "creation": {
      "at": "2026-08-24",
      "source": "derived",
      "note": "creation place inferred from the painter's itinerary at this work's date (approximate)"
     }
    }
   }
  },
  {
   "type": "Feature",
   "geometry": {
    "type": "Point",
    "coordinates": [
     -0.127789,
     51.491062
    ]
   },
   "properties": {
    "painter": "J.M.W. Turner",
    "title": "The Battle of Trafalgar (1806)",
    "year": "1806",
    "location": "Tate Britain",
    "city": "City of Westminster",
    "country": "United Kingdom",
    "attribution": "generally accepted",
    "image": "https://commons.wikimedia.org/wiki/Special:FilePath/Turner%2C%20The%20Battle%20of%20Trafalgar%20%281806%29.jpg?width=500",
    "qid": "Q115496256",
    "wikidata": "https://www.wikidata.org/wiki/Q115496256",
    "_source": {
     "source": "Wikidata",
     "url": "https://www.wikidata.org/wiki/Q115496256",
     "note": "harvested: painting by this creator with an image and a documented collection"
    },
    "creation_place": "London",
    "creation_lat": 51.507222,
    "creation_lon": -0.1275,
    "_overrides": {
     "creation": {
      "at": "2026-08-24",
      "source": "derived",
      "note": "creation place inferred from the painter's itinerary at this work's date (approximate)"
     }
    }
   }
  },
  {
   "type": "Feature",
   "geometry": {
    "type": "Point",
    "coordinates": [
     -0.127789,
     51.491062
    ]
   },
   "properties": {
    "painter": "J.M.W. Turner",
    "title": "A distant view of Petworth House across the lake in Petworth Park",
    "year": "",
    "location": "Tate Britain",
    "city": "City of Westminster",
    "country": "United Kingdom",
    "attribution": "generally accepted",
    "image": "https://commons.wikimedia.org/wiki/Special:FilePath/Joseph%20Mallord%20William%20Turner%20-%20A%20distant%20view%20of%20Petworth%20House%20across%20the%20lake%20in%20Petworth%20Park.jpg?width=500",
    "qid": "Q115496302",
    "wikidata": "https://www.wikidata.org/wiki/Q115496302",
    "_source": {
     "source": "Wikidata",
     "url": "https://www.wikidata.org/wiki/Q115496302",
     "note": "harvested: painting by this creator with an image and a documented collection"
    }
   }
  },
  {
   "type": "Feature",
   "geometry": {
    "type": "Point",
    "coordinates": [
     -0.127789,
     51.491062
    ]
   },
   "properties": {
    "painter": "J.M.W. Turner",
    "title": "Luxembourg from the Alzette Valley to the North",
    "year": "1839",
    "location": "Tate Britain",
    "city": "City of Westminster",
    "country": "United Kingdom",
    "attribution": "generally accepted",
    "image": "https://commons.wikimedia.org/wiki/Special:FilePath/J.%20W.%20M.%20Turner%20Luxembourg%20from%20the%20Alzette%20Valey.jpg?width=500",
    "qid": "Q115687076",
    "wikidata": "https://www.wikidata.org/wiki/Q115687076",
    "_source": {
     "source": "Wikidata",
     "url": "https://www.wikidata.org/wiki/Q115687076",
     "note": "harvested: painting by this creator with an image and a documented collection"
    },
    "creation_place": "London",
    "creation_lat": 51.507222,
    "creation_lon": -0.1275,
    "_overrides": {
     "creation": {
      "at": "2026-08-24",
      "source": "derived",
      "note": "creation place inferred from the painter's itinerary at this work's date (approximate)"
     }
    }
   }
  },
  {
   "type": "Feature",
   "geometry": {
    "type": "Point",
    "coordinates": [
     -0.127789,
     51.491062
    ]
   },
   "properties": {
    "painter": "J.M.W. Turner",
    "title": "Depiction of blacksmith debating price of iron.",
    "year": "1807",
    "location": "Tate Britain",
    "city": "City of Westminster",
    "country": "United Kingdom",
    "attribution": "generally accepted",
    "image": "https://commons.wikimedia.org/wiki/Special:FilePath/A%20country%20blacksmith%20disputing%20upon%20the%20price%20of%20iron.jpg?width=500",
    "qid": "Q123848589",
    "wikidata": "https://www.wikidata.org/wiki/Q123848589",
    "_source": {
     "source": "Wikidata",
     "url": "https://www.wikidata.org/wiki/Q123848589",
     "note": "harvested: painting by this creator with an image and a documented collection"
    },
    "creation_place": "London",
    "creation_lat": 51.507222,
    "creation_lon": -0.1275,
    "_overrides": {
     "creation": {
      "at": "2026-08-24",
      "source": "derived",
      "note": "creation place inferred from the painter's itinerary at this work's date (approximate)"
     }
    }
   }
  },
  {
   "type": "Feature",
   "geometry": {
    "type": "Point",
    "coordinates": [
     -0.17162,
     51.49685
    ]
   },
   "properties": {
    "painter": "J.M.W. Turner",
    "title": "Warkworth Castle, Northumberland",
    "year": "1799",
    "location": "Victoria and Albert Museum",
    "city": "Royal Borough of Kensington and Chelsea",
    "country": "United Kingdom",
    "attribution": "generally accepted",
    "image": "https://commons.wikimedia.org/wiki/Special:FilePath/Turner%20Walkworth%20Castle.jpg?width=500",
    "qid": "Q115494930",
    "wikidata": "https://www.wikidata.org/wiki/Q115494930",
    "_source": {
     "source": "Wikidata",
     "url": "https://www.wikidata.org/wiki/Q115494930",
     "note": "harvested: painting by this creator with an image and a documented collection"
    },
    "creation_place": "London",
    "creation_lat": 51.507222,
    "creation_lon": -0.1275,
    "_overrides": {
     "creation": {
      "at": "2026-08-24",
      "source": "derived",
      "note": "creation place inferred from the painter's itinerary at this work's date (approximate)"
     }
    }
   }
  },
  {
   "type": "Feature",
   "geometry": {
    "type": "Point",
    "coordinates": [
     -84.201111,
     39.765833
    ]
   },
   "properties": {
    "painter": "J.M.W. Turner",
    "title": "View in Devonshire",
    "year": "1813",
    "location": "Dayton Art Institute",
    "city": "Dayton",
    "country": "United States",
    "attribution": "generally accepted",
    "image": "https://commons.wikimedia.org/wiki/Special:FilePath/%27View%20in%20Devonshire%27%20by%20Joseph%20Mallord%20William%20Turner%2C%20Dayton%20Art%20Institute.JPG?width=500",
    "qid": "Q118130007",
    "wikidata": "https://www.wikidata.org/wiki/Q118130007",
    "_source": {
     "source": "Wikidata",
     "url": "https://www.wikidata.org/wiki/Q118130007",
     "note": "harvested: painting by this creator with an image and a documented collection"
    },
    "creation_place": "London",
    "creation_lat": 51.507222,
    "creation_lon": -0.1275,
    "_overrides": {
     "creation": {
      "at": "2026-08-24",
      "source": "derived",
      "note": "creation place inferred from the painter's itinerary at this work's date (approximate)"
     }
    }
   }
  },
  {
   "type": "Feature",
   "geometry": {
    "type": "Point",
    "coordinates": [
     138.603888888,
     -34.920555555
    ]
   },
   "properties": {
    "painter": "J.M.W. Turner",
    "title": "Alnwick Castle",
    "year": "1829",
    "location": "Art Gallery of South Australia",
    "city": "Adelaide",
    "country": "Australia",
    "attribution": "generally accepted",
    "image": "https://commons.wikimedia.org/wiki/Special:FilePath/Turner%20Alnwick%20Castle.jpg?width=500",
    "qid": "Q115494734",
    "wikidata": "https://www.wikidata.org/wiki/Q115494734",
    "_source": {
     "source": "Wikidata",
     "url": "https://www.wikidata.org/wiki/Q115494734",
     "note": "harvested: painting by this creator with an image and a documented collection"
    },
    "creation_place": "London",
    "creation_lat": 51.507222,
    "creation_lon": -0.1275,
    "_overrides": {
     "creation": {
      "at": "2026-08-24",
      "source": "derived",
      "note": "creation place inferred from the painter's itinerary at this work's date (approximate)"
     }
    }
   }
  },
  {
   "type": "Feature",
   "geometry": {
    "type": "Point",
    "coordinates": [
     -3.195686,
     55.950902
    ]
   },
   "properties": {
    "painter": "J.M.W. Turner",
    "title": "Rome from Monte Mario",
    "year": "1820",
    "location": "Scottish National Gallery",
    "city": "City of Edinburgh",
    "country": "United Kingdom",
    "attribution": "generally accepted",
    "image": "https://commons.wikimedia.org/wiki/Special:FilePath/J.M.W.%20Turner%2C%20Rome%20from%20Monte%20Mario%2C%201820%2C%20watercolor.jpg?width=500",
    "qid": "Q115495049",
    "wikidata": "https://www.wikidata.org/wiki/Q115495049",
    "_source": {
     "source": "Wikidata",
     "url": "https://www.wikidata.org/wiki/Q115495049",
     "note": "harvested: painting by this creator with an image and a documented collection"
    },
    "creation_place": "London",
    "creation_lat": 51.507222,
    "creation_lon": -0.1275,
    "_overrides": {
     "creation": {
      "at": "2026-08-24",
      "source": "derived",
      "note": "creation place inferred from the painter's itinerary at this work's date (approximate)"
     }
    }
   }
  },
  {
   "type": "Feature",
   "geometry": {
    "type": "Point",
    "coordinates": [
     -3.195686,
     55.950902
    ]
   },
   "properties": {
    "painter": "J.M.W. Turner",
    "title": "Bell Rock Lighthouse",
    "year": "1819",
    "location": "Scottish National Gallery",
    "city": "City of Edinburgh",
    "country": "United Kingdom",
    "attribution": "generally accepted",
    "image": "https://commons.wikimedia.org/wiki/Special:FilePath/Bell%20Rock%20Lighthouse%20.PNG?width=500",
    "qid": "Q131781756",
    "wikidata": "https://www.wikidata.org/wiki/Q131781756",
    "_source": {
     "source": "Wikidata",
     "url": "https://www.wikidata.org/wiki/Q131781756",
     "note": "harvested: painting by this creator with an image and a documented collection"
    },
    "creation_place": "London",
    "creation_lat": 51.507222,
    "creation_lon": -0.1275,
    "_overrides": {
     "creation": {
      "at": "2026-08-24",
      "source": "derived",
      "note": "creation place inferred from the painter's itinerary at this work's date (approximate)"
     }
    }
   }
  },
  {
   "type": "Feature",
   "geometry": {
    "type": "Point",
    "coordinates": [
     0.24176,
     52.0253
    ]
   },
   "properties": {
    "painter": "J.M.W. Turner",
    "title": "Ulysses and Polyphemus",
    "year": "",
    "location": "Saffron Walden Museum",
    "city": "Saffron Walden",
    "country": "United Kingdom",
    "attribution": "generally accepted",
    "image": "https://commons.wikimedia.org/wiki/Special:FilePath/Joseph%20Mallord%20William%20Turner%20%281775-1851%29%20%28copy%20after%29%20-%20Ulysses%20and%20Polyphemus%20-%201921.15%20-%20Saffron%20Walden%20Museum.jpg?width=500",
    "qid": "Q119950855",
    "wikidata": "https://www.wikidata.org/wiki/Q119950855",
    "_source": {
     "source": "Wikidata",
     "url": "https://www.wikidata.org/wiki/Q119950855",
     "note": "harvested: painting by this creator with an image and a documented collection"
    }
   }
  },
  {
   "type": "Feature",
   "geometry": {
    "type": "Point",
    "coordinates": [
     -0.085555555,
     50.865277777
    ]
   },
   "properties": {
    "painter": "J.M.W. Turner",
    "title": "Chain Pier, Brighton, East Sussex",
    "year": "",
    "location": "University of Sussex",
    "city": "",
    "country": "United Kingdom",
    "attribution": "generally accepted",
    "image": "https://commons.wikimedia.org/wiki/Special:FilePath/Joseph%20Mallord%20William%20Turner%20%281775-1851%29%20%28after%29%20-%20Chain%20Pier%2C%20Brighton%2C%20East%20Sussex%20-%20186PTG%20-%20University%20of%20Sussex.jpg?width=500",
    "qid": "Q119823338",
    "wikidata": "https://www.wikidata.org/wiki/Q119823338",
    "_source": {
     "source": "Wikidata",
     "url": "https://www.wikidata.org/wiki/Q119823338",
     "note": "harvested: painting by this creator with an image and a documented collection"
    }
   }
  },
  {
   "type": "Feature",
   "geometry": {
    "type": "Point",
    "coordinates": [
     -2.9214,
     53.3735
    ]
   },
   "properties": {
    "painter": "J.M.W. Turner",
    "title": "Emigrants Embarking at Margate",
    "year": "1845",
    "location": "Sudley House",
    "city": "Liverpool",
    "country": "United Kingdom",
    "attribution": "generally accepted",
    "image": "https://commons.wikimedia.org/wiki/Special:FilePath/Turner%20%28style%20of%29%20-%20Emigrants%20Embarking%20at%20Margate%2C%201840%E2%80%931875%2C%20WAG%20311.jpg?width=500",
    "qid": "Q119059617",
    "wikidata": "https://www.wikidata.org/wiki/Q119059617",
    "_source": {
     "source": "Wikidata",
     "url": "https://www.wikidata.org/wiki/Q119059617",
     "note": "harvested: painting by this creator with an image and a documented collection"
    },
    "creation_place": "London",
    "creation_lat": 51.507222,
    "creation_lon": -0.1275,
    "_overrides": {
     "creation": {
      "at": "2026-08-24",
      "source": "derived",
      "note": "creation place inferred from the painter's itinerary at this work's date (approximate)"
     }
    }
   }
  },
  {
   "type": "Feature",
   "geometry": {
    "type": "Point",
    "coordinates": [
     -3.177128,
     51.485577
    ]
   },
   "properties": {
    "painter": "J.M.W. Turner",
    "title": "Transept of Ewenny Priory, Glamorganshire",
    "year": "1797",
    "location": "National Museum Cardiff",
    "city": "Cardiff",
    "country": "Wales",
    "attribution": "generally accepted",
    "image": "https://commons.wikimedia.org/wiki/Special:FilePath/Turner%2C%20J.%20M.%20W.%20-%20Transept%20of%20Ewenny%20Priory%2C%20Glamorganshire.jpg?width=500",
    "qid": "Q115494946",
    "wikidata": "https://www.wikidata.org/wiki/Q115494946",
    "_source": {
     "source": "Wikidata",
     "url": "https://www.wikidata.org/wiki/Q115494946",
     "note": "harvested: painting by this creator with an image and a documented collection"
    },
    "creation_place": "London",
    "creation_lat": 51.507222,
    "creation_lon": -0.1275,
    "_overrides": {
     "creation": {
      "at": "2026-08-24",
      "source": "derived",
      "note": "creation place inferred from the painter's itinerary at this work's date (approximate)"
     }
    }
   }
  },
  {
   "type": "Feature",
   "geometry": {
    "type": "Point",
    "coordinates": [
     -2.979666,
     53.410068
    ]
   },
   "properties": {
    "painter": "J.M.W. Turner",
    "title": "The Fighting Temeraire Tugged to Her Last Berth to be Broken Up, 1838",
    "year": "1884",
    "location": "Walker Art Gallery",
    "city": "Liverpool",
    "country": "United Kingdom",
    "attribution": "generally accepted",
    "image": "https://commons.wikimedia.org/wiki/Special:FilePath/Joseph%20Mallord%20William%20Turner%20%281775-1851%29%20%28after%29%20-%20The%20Fighting%20Temeraire%20Tugged%20to%20Her%20Last%20Berth%20to%20be%20Broken%20Up%2C%201838%20-%20WAG%20416%20-%20Walker%20Art%20Gallery.jpg?width=500",
    "qid": "Q119929660",
    "wikidata": "https://www.wikidata.org/wiki/Q119929660",
    "_source": {
     "source": "Wikidata",
     "url": "https://www.wikidata.org/wiki/Q119929660",
     "note": "harvested: painting by this creator with an image and a documented collection"
    }
   }
  },
  {
   "type": "Feature",
   "geometry": {
    "type": "Point",
    "coordinates": [
     -2.99932,
     53.35576
    ]
   },
   "properties": {
    "painter": "J.M.W. Turner",
    "title": "San Benedetto Looking towards Fusina",
    "year": "",
    "location": "Lady Lever Art Gallery",
    "city": "Wirral",
    "country": "United Kingdom",
    "attribution": "generally accepted",
    "image": "https://commons.wikimedia.org/wiki/Special:FilePath/Joseph%20Mallord%20William%20Turner%20%281775-1851%29%20%28after%29%20-%20San%20Benedetto%20Looking%20towards%20Fusina%20-%20LL%203699%20-%20Lady%20Lever%20Art%20Gallery.jpg?width=500",
    "qid": "Q119823335",
    "wikidata": "https://www.wikidata.org/wiki/Q119823335",
    "_source": {
     "source": "Wikidata",
     "url": "https://www.wikidata.org/wiki/Q119823335",
     "note": "harvested: painting by this creator with an image and a documented collection"
    }
   }
  },
  {
   "type": "Feature",
   "geometry": {
    "type": "Point",
    "coordinates": [
     -2.22944,
     53.4603
    ]
   },
   "properties": {
    "painter": "J.M.W. Turner",
    "title": "Ullswater from Gobarrow Park",
    "year": "1819",
    "location": "Whitworth Art Gallery",
    "city": "Manchester",
    "country": "United Kingdom",
    "attribution": "generally accepted",
    "image": "https://commons.wikimedia.org/wiki/Special:FilePath/J%20M%20W%20Turner%20-%20Ullswater%20from%20Gobarrow%20Park.jpg?width=500",
    "qid": "Q112186740",
    "wikidata": "https://www.wikidata.org/wiki/Q112186740",
    "_source": {
     "source": "Wikidata",
     "url": "https://www.wikidata.org/wiki/Q112186740",
     "note": "harvested: painting by this creator with an image and a documented collection"
    },
    "creation_place": "London",
    "creation_lat": 51.507222,
    "creation_lon": -0.1275,
    "_overrides": {
     "creation": {
      "at": "2026-08-24",
      "source": "derived",
      "note": "creation place inferred from the painter's itinerary at this work's date (approximate)"
     }
    }
   }
  },
  {
   "type": "Feature",
   "geometry": {
    "type": "Point",
    "coordinates": [
     -0.128333333,
     51.508888888
    ]
   },
   "properties": {
    "painter": "J.M.W. Turner",
    "title": "The Disembarkation of Louis-Philippe at the Royal Clarence Yard, Gosport, 8 October 1844",
    "year": "1844",
    "location": "National Gallery",
    "city": "City of Westminster",
    "country": "United Kingdom",
    "attribution": "generally accepted",
    "image": "https://commons.wikimedia.org/wiki/Special:FilePath/Joseph%20Mallord%20William%20Turner%20%281775-1851%29%20-%20The%20Arrival%20of%20Louis-Philippe%20at%20Portsmouth%2C%208%20October%201844%20-%20N04660%20-%20National%20Gallery.jpg?width=500",
    "qid": "Q28532892",
    "wikidata": "https://www.wikidata.org/wiki/Q28532892",
    "_source": {
     "source": "Wikidata",
     "url": "https://www.wikidata.org/wiki/Q28532892",
     "note": "harvested: painting by this creator with an image and a documented collection"
    },
    "creation_place": "London",
    "creation_lat": 51.507222,
    "creation_lon": -0.1275,
    "_overrides": {
     "creation": {
      "at": "2026-08-24",
      "source": "derived",
      "note": "creation place inferred from the painter's itinerary at this work's date (approximate)"
     }
    },
    "_merged": [
     {
      "source": "Wikipedia list",
      "title": "The Arrival of Louis-Philippe at Portsmouth",
      "ref": "https://en.wikipedia.org/wiki/The_Arrival_of_Louis-Philippe_at_Portsmouth"
     }
    ]
   }
  },
  {
   "type": "Feature",
   "geometry": {
    "type": "Point",
    "coordinates": [
     -2.99932,
     53.35576
    ]
   },
   "properties": {
    "painter": "J.M.W. Turner",
    "title": "A Town on the Rhine, with a Bridge and a Castle on a Height – Sunrise",
    "year": "",
    "location": "Lady Lever Art Gallery",
    "city": "Wirral",
    "country": "United Kingdom",
    "attribution": "generally accepted",
    "image": "https://commons.wikimedia.org/wiki/Special:FilePath/Joseph%20Mallord%20William%20Turner%20%281775-1851%29%20%28style%20of%29%20-%20A%20Town%20on%20the%20Rhine%2C%20with%20a%20Bridge%20and%20a%20Castle%20on%20a%20Height%20%E2%80%93%20Sunrise%20-%20LL%203698%20-%20Lady%20Lever%20Art%20Gallery.jpg?width=500",
    "qid": "Q119823360",
    "wikidata": "https://www.wikidata.org/wiki/Q119823360",
    "_source": {
     "source": "Wikidata",
     "url": "https://www.wikidata.org/wiki/Q119823360",
     "note": "harvested: painting by this creator with an image and a documented collection"
    }
   }
  },
  {
   "type": "Feature",
   "geometry": {
    "type": "Point",
    "coordinates": [
     -3.1706,
     51.4862
    ]
   },
   "properties": {
    "painter": "J.M.W. Turner",
    "title": "Sailing and Other Vessels at Sunset with a View towards the Domes of a City (probably Venice)",
    "year": "",
    "location": "Mansion House",
    "city": "Cardiff",
    "country": "United Kingdom",
    "attribution": "generally accepted",
    "image": "https://commons.wikimedia.org/wiki/Special:FilePath/Joseph%20Mallord%20William%20Turner%20%281775-1851%29%20%28attributed%20to%29%20-%20Sailing%20and%20Other%20Vessels%20at%20Sunset%20with%20a%20View%20towards%20the%20Domes%20of%20a%20City%20%28probably%20Venice%29%20-%20PCF121%20-%20Mansion%20House.jpg?width=500",
    "qid": "Q119823316",
    "wikidata": "https://www.wikidata.org/wiki/Q119823316",
    "_source": {
     "source": "Wikidata",
     "url": "https://www.wikidata.org/wiki/Q119823316",
     "note": "harvested: painting by this creator with an image and a documented collection"
    }
   }
  },
  {
   "type": "Feature",
   "geometry": {
    "type": "Point",
    "coordinates": [
     -2.22944,
     53.4603
    ]
   },
   "properties": {
    "painter": "J.M.W. Turner",
    "title": "View of the Beach at Margate",
    "year": "",
    "location": "Whitworth Art Gallery",
    "city": "Manchester",
    "country": "United Kingdom",
    "attribution": "generally accepted",
    "image": "https://commons.wikimedia.org/wiki/Special:FilePath/Joseph%20Mallord%20William%20Turner%20%281775-1851%29%20-%20View%20of%20the%20Beach%20at%20Margate%20-%20O.1922.1%20-%20Whitworth%20Art%20Gallery.jpg?width=500",
    "qid": "Q119823309",
    "wikidata": "https://www.wikidata.org/wiki/Q119823309",
    "_source": {
     "source": "Wikidata",
     "url": "https://www.wikidata.org/wiki/Q119823309",
     "note": "harvested: painting by this creator with an image and a documented collection"
    }
   }
  },
  {
   "type": "Feature",
   "geometry": {
    "type": "Point",
    "coordinates": [
     -0.706175,
     51.89545
    ]
   },
   "properties": {
    "painter": "J.M.W. Turner",
    "title": "Cicero at His Villa at Tusculum",
    "year": "",
    "location": "Ascott House",
    "city": "Wing",
    "country": "United Kingdom",
    "attribution": "generally accepted",
    "image": "https://commons.wikimedia.org/wiki/Special:FilePath/Joseph%20Mallord%20William%20Turner%20%281775-1851%29%20-%20Cicero%20at%20His%20Villa%20at%20Tusculum%20-%201535124%20-%20Ascott%20House.jpg?width=500",
    "qid": "Q119823310",
    "wikidata": "https://www.wikidata.org/wiki/Q119823310",
    "_source": {
     "source": "Wikidata",
     "url": "https://www.wikidata.org/wiki/Q119823310",
     "note": "harvested: painting by this creator with an image and a documented collection"
    }
   }
  },
  {
   "type": "Feature",
   "geometry": {
    "type": "Point",
    "coordinates": [
     -1.1274,
     53.5207
    ]
   },
   "properties": {
    "painter": "J.M.W. Turner",
    "title": "The Golden Bough",
    "year": "1885",
    "location": "Danum Gallery, Library and Museum",
    "city": "Doncaster",
    "country": "United Kingdom",
    "attribution": "generally accepted",
    "image": "https://commons.wikimedia.org/wiki/Special:FilePath/Joseph%20Mallord%20William%20Turner%20%281775-1851%29%20%28after%29%20-%20The%20Golden%20Bough%20-%20DONMG%20%2C%20140.43%20-%20Danum%20Gallery%2C%20Library%20and%20Museum.jpg?width=500",
    "qid": "Q119823344",
    "wikidata": "https://www.wikidata.org/wiki/Q119823344",
    "_source": {
     "source": "Wikidata",
     "url": "https://www.wikidata.org/wiki/Q119823344",
     "note": "harvested: painting by this creator with an image and a documented collection"
    }
   }
  },
  {
   "type": "Feature",
   "geometry": {
    "type": "Point",
    "coordinates": [
     -1.2327,
     54.5745
    ]
   },
   "properties": {
    "painter": "J.M.W. Turner",
    "title": "Venice, Italy",
    "year": "",
    "location": "Middlesbrough Institute of Modern Art",
    "city": "Middlesbrough",
    "country": "United Kingdom",
    "attribution": "generally accepted",
    "image": "https://commons.wikimedia.org/wiki/Special:FilePath/Joseph%20Mallord%20William%20Turner%20%281775-1851%29%20%28circle%20of%29%20-%20Venice%2C%20Italy%20-%20MIDMA-FA-0931%20-%20Middlesbrough%20Institute%20of%20Modern%20Art.jpg?width=500",
    "qid": "Q119898075",
    "wikidata": "https://www.wikidata.org/wiki/Q119898075",
    "_source": {
     "source": "Wikidata",
     "url": "https://www.wikidata.org/wiki/Q119898075",
     "note": "harvested: painting by this creator with an image and a documented collection"
    }
   }
  },
  {
   "type": "Feature",
   "geometry": {
    "type": "Point",
    "coordinates": [
     -1.1278,
     52.6292
    ]
   },
   "properties": {
    "painter": "J.M.W. Turner",
    "title": "Cilgerran Castle",
    "year": "",
    "location": "Leicester Museum & Art Gallery",
    "city": "Leicester",
    "country": "United Kingdom",
    "attribution": "generally accepted",
    "image": "https://commons.wikimedia.org/wiki/Special:FilePath/Turner%20-%20Cilgerran%20Castle%2C%20L.F71.1955.0.0.jpg?width=500",
    "qid": "Q119500802",
    "wikidata": "https://www.wikidata.org/wiki/Q119500802",
    "_source": {
     "source": "Wikidata",
     "url": "https://www.wikidata.org/wiki/Q119500802",
     "note": "harvested: painting by this creator with an image and a documented collection"
    }
   }
  },
  {
   "type": "Feature",
   "geometry": {
    "type": "Point",
    "coordinates": [
     -4.13762,
     50.3745
    ]
   },
   "properties": {
    "painter": "J.M.W. Turner",
    "title": "Grand Canal, Venice",
    "year": "",
    "location": "The Box",
    "city": "Plymouth",
    "country": "United Kingdom",
    "attribution": "generally accepted",
    "image": "https://commons.wikimedia.org/wiki/Special:FilePath/Joseph%20Mallord%20William%20Turner%20%281775-1851%29%20%28after%29%20-%20Grand%20Canal%2C%20Venice%20-%20PLYMG.1900.75.77%20-%20The%20Box.jpg?width=500",
    "qid": "Q119950850",
    "wikidata": "https://www.wikidata.org/wiki/Q119950850",
    "_source": {
     "source": "Wikidata",
     "url": "https://www.wikidata.org/wiki/Q119950850",
     "note": "harvested: painting by this creator with an image and a documented collection"
    }
   }
  },
  {
   "type": "Feature",
   "geometry": {
    "type": "Point",
    "coordinates": [
     -1.8707,
     50.7176
    ]
   },
   "properties": {
    "painter": "J.M.W. Turner",
    "title": "Ehrenbreitstein, Germany",
    "year": "",
    "location": "Russell-Cotes Art Gallery & Museum",
    "city": "Bournemouth",
    "country": "United Kingdom",
    "attribution": "generally accepted",
    "image": "https://commons.wikimedia.org/wiki/Special:FilePath/Joseph%20Mallord%20William%20Turner%20%281775-1851%29%20%28copy%20after%29%20-%20Ehrenbreitstein%2C%20Germany%20-%20BORGM%2002484%20-%20Russell-Cotes%20Art%20Gallery%20%5E%20Museum.jpg?width=500",
    "qid": "Q119823352",
    "wikidata": "https://www.wikidata.org/wiki/Q119823352",
    "_source": {
     "source": "Wikidata",
     "url": "https://www.wikidata.org/wiki/Q119823352",
     "note": "harvested: painting by this creator with an image and a documented collection"
    }
   }
  },
  {
   "type": "Feature",
   "geometry": {
    "type": "Point",
    "coordinates": [
     -1.8707,
     50.7176
    ]
   },
   "properties": {
    "painter": "J.M.W. Turner",
    "title": "Aqueduct and Cascade near Rome",
    "year": "",
    "location": "Russell-Cotes Art Gallery & Museum",
    "city": "Bournemouth",
    "country": "United Kingdom",
    "attribution": "generally accepted",
    "image": "https://commons.wikimedia.org/wiki/Special:FilePath/Joseph%20Mallord%20William%20Turner%20%281775-1851%29%20%28copy%20after%29%20-%20Aqueduct%20and%20Cascade%20near%20Rome%20-%20T21.2.2007.1%20-%20Russell-Cotes%20Art%20Gallery%20%5E%20Museum.jpg?width=500",
    "qid": "Q119823353",
    "wikidata": "https://www.wikidata.org/wiki/Q119823353",
    "_source": {
     "source": "Wikidata",
     "url": "https://www.wikidata.org/wiki/Q119823353",
     "note": "harvested: painting by this creator with an image and a documented collection"
    }
   }
  },
  {
   "type": "Feature",
   "geometry": {
    "type": "Point",
    "coordinates": [
     -1.46679,
     53.379715
    ]
   },
   "properties": {
    "painter": "J.M.W. Turner",
    "title": "The Festival of the Opening of the Vintage at Mâcon, France",
    "year": "1803",
    "location": "Sheffield Galleries and Museums Trust",
    "city": "Sheffield",
    "country": "United Kingdom",
    "attribution": "generally accepted",
    "image": "https://commons.wikimedia.org/wiki/Special:FilePath/Turner%20-%20The%20Festival%20of%20the%20Opening%20of%20the%20Vintage%20at%20M%C3%A2con%2C%20France%2C%20c.1803%2C%20VIS.3129.jpg?width=500",
    "qid": "Q119823311",
    "wikidata": "https://www.wikidata.org/wiki/Q119823311",
    "_source": {
     "source": "Wikidata",
     "url": "https://www.wikidata.org/wiki/Q119823311",
     "note": "harvested: painting by this creator with an image and a documented collection"
    },
    "creation_place": "London",
    "creation_lat": 51.507222,
    "creation_lon": -0.1275,
    "_overrides": {
     "creation": {
      "at": "2026-08-24",
      "source": "derived",
      "note": "creation place inferred from the painter's itinerary at this work's date (approximate)"
     }
    }
   }
  },
  {
   "type": "Feature",
   "geometry": {
    "type": "Point",
    "coordinates": [
     -1.46679,
     53.379715
    ]
   },
   "properties": {
    "painter": "J.M.W. Turner",
    "title": "A View on the Colne, Moor Park, Hertfordshire",
    "year": "",
    "location": "Sheffield Galleries and Museums Trust",
    "city": "Sheffield",
    "country": "United Kingdom",
    "attribution": "generally accepted",
    "image": "https://commons.wikimedia.org/wiki/Special:FilePath/Joseph%20Mallord%20William%20Turner%20%281775-1851%29%20%28after%29%20-%20A%20View%20on%20the%20Colne%2C%20Moor%20Park%2C%20Hertfordshire%20-%20VIS.1630%20-%20Sheffield%20Galleries%20and%20Museums%20Trust.jpg?width=500",
    "qid": "Q119823342",
    "wikidata": "https://www.wikidata.org/wiki/Q119823342",
    "_source": {
     "source": "Wikidata",
     "url": "https://www.wikidata.org/wiki/Q119823342",
     "note": "harvested: painting by this creator with an image and a documented collection"
    }
   }
  },
  {
   "type": "Feature",
   "geometry": {
    "type": "Point",
    "coordinates": [
     -1.46679,
     53.379715
    ]
   },
   "properties": {
    "painter": "J.M.W. Turner",
    "title": "Dunbar Castle",
    "year": "",
    "location": "Sheffield Galleries and Museums Trust",
    "city": "Sheffield",
    "country": "United Kingdom",
    "attribution": "generally accepted",
    "image": "https://commons.wikimedia.org/wiki/Special:FilePath/Joseph%20Mallord%20William%20Turner%20%281775-1851%29%20%28after%29%20-%20Dunbar%20Castle%20-%20VIS.1417%20-%20Sheffield%20Galleries%20and%20Museums%20Trust.jpg?width=500",
    "qid": "Q119823350",
    "wikidata": "https://www.wikidata.org/wiki/Q119823350",
    "_source": {
     "source": "Wikidata",
     "url": "https://www.wikidata.org/wiki/Q119823350",
     "note": "harvested: painting by this creator with an image and a documented collection"
    }
   }
  },
  {
   "type": "Feature",
   "geometry": {
    "type": "Point",
    "coordinates": [
     -2.4131,
     53.296
    ]
   },
   "properties": {
    "painter": "J.M.W. Turner",
    "title": "Falls of the Rhine at Schaffhausen",
    "year": "",
    "location": "Tabley House",
    "city": "Tabley Inferior",
    "country": "United Kingdom",
    "attribution": "generally accepted",
    "image": "https://commons.wikimedia.org/wiki/Special:FilePath/Joseph%20Mallord%20William%20Turner%20%281775-1851%29%20%28after%29%20-%20Falls%20of%20the%20Rhine%20at%20Schaffhausen%20-%20211.5%20-%20Tabley%20House.jpg?width=500",
    "qid": "Q119823346",
    "wikidata": "https://www.wikidata.org/wiki/Q119823346",
    "_source": {
     "source": "Wikidata",
     "url": "https://www.wikidata.org/wiki/Q119823346",
     "note": "harvested: painting by this creator with an image and a documented collection"
    }
   }
  },
  {
   "type": "Feature",
   "geometry": {
    "type": "Point",
    "coordinates": [
     -84.503333,
     39.1025
    ]
   },
   "properties": {
    "painter": "J.M.W. Turner",
    "title": "Europa and the Bull",
    "year": "1845",
    "location": "Taft Museum of Art",
    "city": "Cincinnati",
    "country": "United States",
    "attribution": "generally accepted",
    "image": "https://commons.wikimedia.org/wiki/Special:FilePath/Turner%20-%20Europa%20and%20the%20Bull%2C%20about%201845%2C%201931.442.jpg?width=500",
    "qid": "Q136070393",
    "wikidata": "https://www.wikidata.org/wiki/Q136070393",
    "_source": {
     "source": "Wikidata",
     "url": "https://www.wikidata.org/wiki/Q136070393",
     "note": "harvested: painting by this creator with an image and a documented collection"
    },
    "creation_place": "London",
    "creation_lat": 51.507222,
    "creation_lon": -0.1275,
    "_overrides": {
     "creation": {
      "at": "2026-08-24",
      "source": "derived",
      "note": "creation place inferred from the painter's itinerary at this work's date (approximate)"
     }
    }
   }
  },
  {
   "type": "Feature",
   "geometry": {
    "type": "Point",
    "coordinates": [
     -3.039918,
     53.38468
    ]
   },
   "properties": {
    "painter": "J.M.W. Turner",
    "title": "Scene in Southern France",
    "year": "",
    "location": "Williamson Art Gallery and Museum",
    "city": "Wirral",
    "country": "United Kingdom",
    "attribution": "generally accepted",
    "image": "https://commons.wikimedia.org/wiki/Special:FilePath/Joseph%20Mallord%20William%20Turner%20%281775-1851%29%20%28attributed%20to%29%20-%20Scene%20in%20Southern%20France%20-%20BIKGM-3117%20-%20Williamson%20Art%20Gallery%20and%20Museum.jpg?width=500",
    "qid": "Q119823322",
    "wikidata": "https://www.wikidata.org/wiki/Q119823322",
    "_source": {
     "source": "Wikidata",
     "url": "https://www.wikidata.org/wiki/Q119823322",
     "note": "harvested: painting by this creator with an image and a documented collection"
    }
   }
  },
  {
   "type": "Feature",
   "geometry": {
    "type": "Point",
    "coordinates": [
     -3.039918,
     53.38468
    ]
   },
   "properties": {
    "painter": "J.M.W. Turner",
    "title": "Sailing Ship (Man of War)",
    "year": "",
    "location": "Williamson Art Gallery and Museum",
    "city": "Wirral",
    "country": "United Kingdom",
    "attribution": "generally accepted",
    "image": "https://commons.wikimedia.org/wiki/Special:FilePath/Joseph%20Mallord%20William%20Turner%20%281775-1851%29%20%28follower%20of%29%20-%20Sailing%20Ship%20%28Man%20of%20War%29%20-%20BIKGM-84%20-%20Williamson%20Art%20Gallery%20and%20Museum.jpg?width=500",
    "qid": "Q119823325",
    "wikidata": "https://www.wikidata.org/wiki/Q119823325",
    "_source": {
     "source": "Wikidata",
     "url": "https://www.wikidata.org/wiki/Q119823325",
     "note": "harvested: painting by this creator with an image and a documented collection"
    }
   }
  },
  {
   "type": "Feature",
   "geometry": {
    "type": "Point",
    "coordinates": [
     0.7348241,
     50.951475
    ]
   },
   "properties": {
    "painter": "J.M.W. Turner",
    "title": "English Village Scene with Cattle",
    "year": "",
    "location": "Rye Art Gallery",
    "city": "Rye",
    "country": "United Kingdom",
    "attribution": "generally accepted",
    "image": "https://commons.wikimedia.org/wiki/Special:FilePath/Joseph%20Mallord%20William%20Turner%20%281775-1851%29%20%28school%20of%29%20-%20English%20Village%20Scene%20with%20Cattle%20-%20Tur%201%20-%20Rye%20Art%20Gallery.jpg?width=500",
    "qid": "Q119823359",
    "wikidata": "https://www.wikidata.org/wiki/Q119823359",
    "_source": {
     "source": "Wikidata",
     "url": "https://www.wikidata.org/wiki/Q119823359",
     "note": "harvested: painting by this creator with an image and a documented collection"
    }
   }
  },
  {
   "type": "Feature",
   "geometry": {
    "type": "Point",
    "coordinates": [
     -86.185655,
     39.826019
    ]
   },
   "properties": {
    "painter": "J.M.W. Turner",
    "title": "copy of Prince of Orange Landing at Torbay",
    "year": "1831",
    "location": "Museo de Arte de Indianápolis",
    "city": "Indianapolis",
    "country": "United States",
    "attribution": "generally accepted",
    "image": "https://commons.wikimedia.org/wiki/Special:FilePath/Joseph%20Mallord%20William%20Turner%20-%20copy%20of%20Prince%20of%20Orange%20Landing%20at%20Torbay%20-%2082.170%20-%20Indianapolis%20Museum%20of%20Art.jpg?width=500",
    "qid": "Q27893915",
    "wikidata": "https://www.wikidata.org/wiki/Q27893915",
    "_source": {
     "source": "Wikidata",
     "url": "https://www.wikidata.org/wiki/Q27893915",
     "note": "harvested: painting by this creator with an image and a documented collection"
    },
    "creation_place": "London",
    "creation_lat": 51.507222,
    "creation_lon": -0.1275,
    "_overrides": {
     "creation": {
      "at": "2026-08-24",
      "source": "derived",
      "note": "creation place inferred from the painter's itinerary at this work's date (approximate)"
     }
    }
   }
  },
  {
   "type": "Feature",
   "geometry": {
    "type": "Point",
    "coordinates": [
     -86.185655,
     39.826019
    ]
   },
   "properties": {
    "painter": "J.M.W. Turner",
    "title": "Fontainebleau: The Departure of Napoleon",
    "year": "1833",
    "location": "Museo de Arte de Indianápolis",
    "city": "Indianapolis",
    "country": "United States",
    "attribution": "generally accepted",
    "image": "https://commons.wikimedia.org/wiki/Special:FilePath/WLA%20ima%20Fontainebleau%20The%20Departure%20of%20Napoleon%20Turner%202.jpg?width=500",
    "qid": "Q27893941",
    "wikidata": "https://www.wikidata.org/wiki/Q27893941",
    "_source": {
     "source": "Wikidata",
     "url": "https://www.wikidata.org/wiki/Q27893941",
     "note": "harvested: painting by this creator with an image and a documented collection"
    },
    "creation_place": "London",
    "creation_lat": 51.507222,
    "creation_lon": -0.1275,
    "_overrides": {
     "creation": {
      "at": "2026-08-24",
      "source": "derived",
      "note": "creation place inferred from the painter's itinerary at this work's date (approximate)"
     }
    }
   }
  },
  {
   "type": "Feature",
   "geometry": {
    "type": "Point",
    "coordinates": [
     -86.185655,
     39.826019
    ]
   },
   "properties": {
    "painter": "J.M.W. Turner",
    "title": "Rochester on the Medway",
    "year": "",
    "location": "Museo de Arte de Indianápolis",
    "city": "Indianapolis",
    "country": "United States",
    "attribution": "generally accepted",
    "image": "https://commons.wikimedia.org/wiki/Special:FilePath/Joseph%20Mallord%20William%20Turner%20-%20Rochester%20on%20the%20Medway%20-%2054.1%20-%20Indianapolis%20Museum%20of%20Art.jpg?width=500",
    "qid": "Q27895144",
    "wikidata": "https://www.wikidata.org/wiki/Q27895144",
    "_source": {
     "source": "Wikidata",
     "url": "https://www.wikidata.org/wiki/Q27895144",
     "note": "harvested: painting by this creator with an image and a documented collection"
    }
   }
  },
  {
   "type": "Feature",
   "geometry": {
    "type": "Point",
    "coordinates": [
     -86.185655,
     39.826019
    ]
   },
   "properties": {
    "painter": "J.M.W. Turner",
    "title": "East Cowes Castle, the Seat of J. Nash, Esq., the Regatta Beating to Windward",
    "year": "1828",
    "location": "Museo de Arte de Indianápolis",
    "city": "Indianapolis",
    "country": "United States",
    "attribution": "generally accepted",
    "image": "https://commons.wikimedia.org/wiki/Special:FilePath/East%20Cowes%20Castle%2C%20the%20Seat%20of%20J.%20Nash%2C%20Esq.%2C%20the%20Regatta%20Beating%20to%20Windward%2C%20Turner%20-%20Indianapolis%20Museum%20of%20Art%20-%20DSC00677.JPG?width=500",
    "qid": "Q27896662",
    "wikidata": "https://www.wikidata.org/wiki/Q27896662",
    "_source": {
     "source": "Wikidata",
     "url": "https://www.wikidata.org/wiki/Q27896662",
     "note": "harvested: painting by this creator with an image and a documented collection"
    },
    "creation_place": "London",
    "creation_lat": 51.507222,
    "creation_lon": -0.1275,
    "_overrides": {
     "creation": {
      "at": "2026-08-24",
      "source": "derived",
      "note": "creation place inferred from the painter's itinerary at this work's date (approximate)"
     }
    }
   }
  },
  {
   "type": "Feature",
   "geometry": {
    "type": "Point",
    "coordinates": [
     -86.185655,
     39.826019
    ]
   },
   "properties": {
    "painter": "J.M.W. Turner",
    "title": "Kilgarren Castle",
    "year": "",
    "location": "Museo de Arte de Indianápolis",
    "city": "Indianapolis",
    "country": "United States",
    "attribution": "generally accepted",
    "image": "https://commons.wikimedia.org/wiki/Special:FilePath/Joseph%20Mallord%20William%20Turner%20-%20Kilgarren%20Castle%20-%2072.207%20-%20Indianapolis%20Museum%20of%20Art.jpg?width=500",
    "qid": "Q27897836",
    "wikidata": "https://www.wikidata.org/wiki/Q27897836",
    "_source": {
     "source": "Wikidata",
     "url": "https://www.wikidata.org/wiki/Q27897836",
     "note": "harvested: painting by this creator with an image and a documented collection"
    }
   }
  },
  {
   "type": "Feature",
   "geometry": {
    "type": "Point",
    "coordinates": [
     -86.185655,
     39.826019
    ]
   },
   "properties": {
    "painter": "J.M.W. Turner",
    "title": "Abbotsford",
    "year": "",
    "location": "Museo de Arte de Indianápolis",
    "city": "Indianapolis",
    "country": "United States",
    "attribution": "generally accepted",
    "image": "https://commons.wikimedia.org/wiki/Special:FilePath/Joseph%20Mallord%20William%20Turner%20-%20Abbotsford%20-%2055.22%20-%20Indianapolis%20Museum%20of%20Art.jpg?width=500",
    "qid": "Q27898407",
    "wikidata": "https://www.wikidata.org/wiki/Q27898407",
    "_source": {
     "source": "Wikidata",
     "url": "https://www.wikidata.org/wiki/Q27898407",
     "note": "harvested: painting by this creator with an image and a documented collection"
    }
   }
  },
  {
   "type": "Feature",
   "geometry": {
    "type": "Point",
    "coordinates": [
     174.766237,
     -36.851354
    ]
   },
   "properties": {
    "painter": "J.M.W. Turner",
    "title": "Yachting at Cowes",
    "year": "",
    "location": "Auckland Art Gallery",
    "city": "Auckland Region",
    "country": "New Zealand",
    "attribution": "generally accepted",
    "image": "https://commons.wikimedia.org/wiki/Special:FilePath/Joseph%20Mallord%20William%20Turner%20-%20Yachting%20at%20Cowes%20-%201955-15%20-%20Auckland%20Art%20Gallery.jpg?width=500",
    "qid": "Q27876779",
    "wikidata": "https://www.wikidata.org/wiki/Q27876779",
    "_source": {
     "source": "Wikidata",
     "url": "https://www.wikidata.org/wiki/Q27876779",
     "note": "harvested: painting by this creator with an image and a documented collection"
    }
   }
  },
  {
   "type": "Feature",
   "geometry": {
    "type": "Point",
    "coordinates": [
     -2.298854,
     53.591733
    ]
   },
   "properties": {
    "painter": "J.M.W. Turner",
    "title": "Calais Sands at Low Water - Poissards Collecting Bait",
    "year": "1830",
    "location": "Bury Art Museum",
    "city": "Bury",
    "country": "United Kingdom",
    "attribution": "generally accepted",
    "image": "https://commons.wikimedia.org/wiki/Special:FilePath/J%20M%20W%20Turner%20-%20Calais%20Sands%20at%20Low%20Water%20-%20Poissards%20Collecting%20Bait.jpg?width=500",
    "qid": "Q112183392",
    "wikidata": "https://www.wikidata.org/wiki/Q112183392",
    "_source": {
     "source": "Wikidata",
     "url": "https://www.wikidata.org/wiki/Q112183392",
     "note": "harvested: painting by this creator with an image and a documented collection"
    },
    "creation_place": "London",
    "creation_lat": 51.507222,
    "creation_lon": -0.1275,
    "_overrides": {
     "creation": {
      "at": "2026-08-24",
      "source": "derived",
      "note": "creation place inferred from the painter's itinerary at this work's date (approximate)"
     }
    }
   }
  },
  {
   "type": "Feature",
   "geometry": {
    "type": "Point",
    "coordinates": [
     -82.98777,
     39.964384
    ]
   },
   "properties": {
    "painter": "J.M.W. Turner",
    "title": "the welsh Laugharne Castle during a storm",
    "year": "1831",
    "location": "Columbus Museum of Art",
    "city": "Columbus",
    "country": "United States",
    "attribution": "generally accepted",
    "image": "https://commons.wikimedia.org/wiki/Special:FilePath/Joseph%20Mallord%20William%20Turner%20-%20the%20welsh%20Laugharne%20Castle%20during%20a%20storm%201831.jpg?width=500",
    "qid": "Q115495066",
    "wikidata": "https://www.wikidata.org/wiki/Q115495066",
    "_source": {
     "source": "Wikidata",
     "url": "https://www.wikidata.org/wiki/Q115495066",
     "note": "harvested: painting by this creator with an image and a documented collection"
    },
    "creation_place": "London",
    "creation_lat": 51.507222,
    "creation_lon": -0.1275,
    "_overrides": {
     "creation": {
      "at": "2026-08-24",
      "source": "derived",
      "note": "creation place inferred from the painter's itinerary at this work's date (approximate)"
     }
    }
   }
  },
  {
   "type": "Feature",
   "geometry": {
    "type": "Point",
    "coordinates": [
     -78.18,
     39.1854
    ]
   },
   "properties": {
    "painter": "J.M.W. Turner",
    "title": "Hampton Court, Herefordshire, Seen from the Southeast",
    "year": "1797",
    "location": "Museum of the Shenandoah Valley",
    "city": "Virginia",
    "country": "United States",
    "attribution": "generally accepted",
    "image": "https://commons.wikimedia.org/wiki/Special:FilePath/Hampton%20Court%2C%20Herefordshire%2C%20Seen%20from%20the%20Southeast%20by%20Turner.jpg?width=500",
    "qid": "Q113045881",
    "wikidata": "https://www.wikidata.org/wiki/Q113045881",
    "_source": {
     "source": "Wikidata",
     "url": "https://www.wikidata.org/wiki/Q113045881",
     "note": "harvested: painting by this creator with an image and a documented collection"
    },
    "creation_place": "London",
    "creation_lat": 51.507222,
    "creation_lon": -0.1275,
    "_overrides": {
     "creation": {
      "at": "2026-08-24",
      "source": "derived",
      "note": "creation place inferred from the painter's itinerary at this work's date (approximate)"
     }
    }
   }
  },
  {
   "type": "Feature",
   "geometry": {
    "type": "Point",
    "coordinates": [
     -2.4131,
     53.296
    ]
   },
   "properties": {
    "painter": "J.M.W. Turner",
    "title": "Boat on Tabley Mere",
    "year": "1808",
    "location": "Tabley House",
    "city": "Tabley Inferior",
    "country": "United Kingdom",
    "attribution": "generally accepted",
    "image": "https://commons.wikimedia.org/wiki/Special:FilePath/Turner%20Tabley%20Windy%20Day.jpg?width=500",
    "qid": "Q115495078",
    "wikidata": "https://www.wikidata.org/wiki/Q115495078",
    "_source": {
     "source": "Wikidata",
     "url": "https://www.wikidata.org/wiki/Q115495078",
     "note": "harvested: painting by this creator with an image and a documented collection"
    },
    "creation_place": "London",
    "creation_lat": 51.507222,
    "creation_lon": -0.1275,
    "_overrides": {
     "creation": {
      "at": "2026-08-24",
      "source": "derived",
      "note": "creation place inferred from the painter's itinerary at this work's date (approximate)"
     }
    }
   }
  },
  {
   "type": "Feature",
   "geometry": {
    "type": "Point",
    "coordinates": [
     -84.503333,
     39.1025
    ]
   },
   "properties": {
    "painter": "J.M.W. Turner",
    "title": "The Whale on Shore",
    "year": "1837",
    "location": "Taft Museum of Art",
    "city": "Cincinnati",
    "country": "United States",
    "attribution": "generally accepted",
    "image": "https://commons.wikimedia.org/wiki/Special:FilePath/%27The%20Whale%20on%20Shore%27%20by%20Joseph%20Mallord%20William%20Turner%2C%20c%201837.jpg?width=500",
    "qid": "Q115496476",
    "wikidata": "https://www.wikidata.org/wiki/Q115496476",
    "_source": {
     "source": "Wikidata",
     "url": "https://www.wikidata.org/wiki/Q115496476",
     "note": "harvested: painting by this creator with an image and a documented collection"
    },
    "creation_place": "London",
    "creation_lat": 51.507222,
    "creation_lon": -0.1275,
    "_overrides": {
     "creation": {
      "at": "2026-08-24",
      "source": "derived",
      "note": "creation place inferred from the painter's itinerary at this work's date (approximate)"
     }
    }
   }
  },
  {
   "type": "Feature",
   "geometry": {
    "type": "Point",
    "coordinates": [
     -0.536556,
     53.2321
    ]
   },
   "properties": {
    "painter": "J.M.W. Turner",
    "title": "Lincoln Cathedral from the Holmes",
    "year": "1802",
    "location": "Usher Gallery",
    "city": "Lincoln",
    "country": "United Kingdom",
    "attribution": "generally accepted",
    "image": "https://commons.wikimedia.org/wiki/Special:FilePath/Lincoln%20Cathedral%20from%20the%20Holmes%20by%20Joseph%20Mallord%20William%20Turner.jpg?width=500",
    "qid": "Q110453683",
    "wikidata": "https://www.wikidata.org/wiki/Q110453683",
    "_source": {
     "source": "Wikidata",
     "url": "https://www.wikidata.org/wiki/Q110453683",
     "note": "harvested: painting by this creator with an image and a documented collection"
    },
    "creation_place": "London",
    "creation_lat": 51.507222,
    "creation_lon": -0.1275,
    "_overrides": {
     "creation": {
      "at": "2026-08-24",
      "source": "derived",
      "note": "creation place inferred from the painter's itinerary at this work's date (approximate)"
     }
    }
   }
  },
  {
   "type": "Feature",
   "geometry": {
    "type": "Point",
    "coordinates": [
     -4.366258,
     55.811757
    ]
   },
   "properties": {
    "painter": "J.M.W. Turner",
    "title": "Italian Scene with Boats and Figures",
    "year": "",
    "location": "Glasgow Museums Resource Centre",
    "city": "Glasgow City",
    "country": "United Kingdom",
    "attribution": "generally accepted",
    "image": "https://commons.wikimedia.org/wiki/Special:FilePath/Joseph%20Mallord%20William%20Turner%20%281775-1851%29%20%28imitator%20of%29%20-%20Italian%20Scene%20with%20Boats%20and%20Figures%20-%20792%20-%20Glasgow%20Museums%20Resource%20Centre.jpg?width=500",
    "qid": "Q119823357",
    "wikidata": "https://www.wikidata.org/wiki/Q119823357",
    "_source": {
     "source": "Wikidata",
     "url": "https://www.wikidata.org/wiki/Q119823357",
     "note": "harvested: painting by this creator with an image and a documented collection"
    }
   }
  },
  {
   "type": "Feature",
   "geometry": {
    "type": "Point",
    "coordinates": [
     -4.366258,
     55.811757
    ]
   },
   "properties": {
    "painter": "J.M.W. Turner",
    "title": "Italian Scene",
    "year": "",
    "location": "Glasgow Museums Resource Centre",
    "city": "Glasgow City",
    "country": "United Kingdom",
    "attribution": "generally accepted",
    "image": "https://commons.wikimedia.org/wiki/Special:FilePath/Joseph%20Mallord%20William%20Turner%20%281775-1851%29%20%28attributed%20to%29%20-%20Italian%20Scene%20-%201132%20-%20Glasgow%20Museums%20Resource%20Centre.jpg?width=500",
    "qid": "Q119921628",
    "wikidata": "https://www.wikidata.org/wiki/Q119921628",
    "_source": {
     "source": "Wikidata",
     "url": "https://www.wikidata.org/wiki/Q119921628",
     "note": "harvested: painting by this creator with an image and a documented collection"
    }
   }
  }
 ]
}