{
 "type": "FeatureCollection",
 "_note": "Generated by scripts/build.py from Wikidata. Do not edit by hand — put manual fixes in the painter's overlay (data/overlay/*.json). Each feature carries _source (scraped base or manual addition) and, when edited, _overrides.",
 "features": [
  {
   "type": "Feature",
   "geometry": {
    "type": "Point",
    "coordinates": [
     12.48278,
     41.89306
    ]
   },
   "properties": {
    "painter": "Veronese",
    "title": "Saint John the Baptist Preaching",
    "year": "1562",
    "city": "Metropolitan City of Rome",
    "country": "Italy",
    "location": "Rome",
    "kind": "museum",
    "attribution": "generally accepted",
    "status": "present",
    "medium": "Oil on canvas",
    "dimensions": "205 × 169 cm",
    "genre": "religious art",
    "image": "https://commons.wikimedia.org/wiki/Special:FilePath/Paolo%20Veronese%20-%20St%20John%20the%20Baptist%20Preaching%20-%20WGA24813.jpg?width=420",
    "wikipedia_en": "https://en.wikipedia.org/wiki/Saint_John_the_Baptist_Preaching",
    "wikipedia_it": "https://it.wikipedia.org/wiki/Predica_di_san_Giovanni_Battista_(Veronese)",
    "wikidata": "https://www.wikidata.org/wiki/Q103993781",
    "creation_place": "Venice",
    "creation_lat": 45.4408,
    "creation_lon": 12.3155,
    "_source": {
     "source": "Wikidata",
     "url": "https://www.wikidata.org/wiki/Q103993781",
     "retrieved_at": "2026-08-19"
    },
    "_overrides": {
     "creation": {
      "at": "2026-08-19",
      "source": "derived from start date + Caravaggio's documented itinerary (approximate)"
     }
    },
    "museum_id": "rome"
   }
  },
  {
   "type": "Feature",
   "geometry": {
    "type": "Point",
    "coordinates": [
     2.1217,
     48.80495
    ]
   },
   "properties": {
    "painter": "Veronese",
    "title": "The Feast in the House of Simon the Pharisee",
    "year": "1572",
    "city": "Versailles",
    "country": "France",
    "location": "Château de Versailles",
    "kind": "museum",
    "attribution": "attributed",
    "status": "present",
    "medium": "Oil on canvas",
    "dimensions": "454 × 974 cm",
    "genre": "religious art",
    "image": "https://commons.wikimedia.org/wiki/Special:FilePath/Paolo%20Veronese%20-%20Le%20Repas%20chez%20Simon%20le%20Pharisien%20-%20Google%20Art%20Project.jpg?width=420",
    "wikidata": "https://www.wikidata.org/wiki/Q105099743",
    "creation_place": "Venice",
    "creation_lat": 45.4408,
    "creation_lon": 12.3155,
    "_source": {
     "source": "Wikidata",
     "url": "https://www.wikidata.org/wiki/Q105099743",
     "retrieved_at": "2026-08-19"
    },
    "_overrides": {
     "creation": {
      "at": "2026-08-19",
      "source": "derived from start date + Caravaggio's documented itinerary (approximate)"
     }
    },
    "museum_id": "chateau-de-versailles"
   }
  },
  {
   "type": "Feature",
   "geometry": {
    "type": "Point",
    "coordinates": [
     5.7324,
     45.1945
    ]
   },
   "properties": {
    "painter": "Veronese",
    "title": "Christ meeting the wife and the sons of Zebedee",
    "year": "1565",
    "city": "Grenoble",
    "country": "France",
    "location": "Museum of Grenoble",
    "kind": "museum",
    "attribution": "attributed",
    "status": "present",
    "medium": "Oil on canvas",
    "dimensions": "194 × 337 cm",
    "genre": "religious art",
    "image": "https://commons.wikimedia.org/wiki/Special:FilePath/Paul%20V%C3%A9ron%C3%A8se%20-%20Christ%20rencontrant%20la%20femme%20de%20Z%C3%A9b%C3%A9d%C3%A9e.jpg?width=420",
    "wikidata": "https://www.wikidata.org/wiki/Q106575202",
    "creation_place": "Venice",
    "creation_lat": 45.4408,
    "creation_lon": 12.3155,
    "_source": {
     "source": "Wikidata",
     "url": "https://www.wikidata.org/wiki/Q106575202",
     "retrieved_at": "2026-08-19"
    },
    "_overrides": {
     "creation": {
      "at": "2026-08-19",
      "source": "derived from start date + Caravaggio's documented itinerary (approximate)"
     }
    },
    "museum_id": "museum-of-grenoble"
   }
  },
  {
   "type": "Feature",
   "geometry": {
    "type": "Point",
    "coordinates": [
     7.68618,
     45.07412
    ]
   },
   "properties": {
    "painter": "Veronese",
    "title": "Venus and Mars with Cupid",
    "city": "Turin",
    "country": "Italy",
    "location": "Galleria Sabauda",
    "kind": "museum",
    "attribution": "attributed",
    "status": "present",
    "image": "https://commons.wikimedia.org/wiki/Special:FilePath/Paolo%20Veronese%20-%20Venus%20and%20Mars%20with%20Cupid%20and%20a%20Horse%20-%20WGA24966.jpg?width=420",
    "wikidata": "https://www.wikidata.org/wiki/Q109601825",
    "_source": {
     "source": "Wikidata",
     "url": "https://www.wikidata.org/wiki/Q109601825",
     "retrieved_at": "2026-08-19"
    },
    "museum_id": "galleria-sabauda"
   }
  },
  {
   "type": "Feature",
   "geometry": {
    "type": "Point",
    "coordinates": [
     16.3616,
     48.20388
    ]
   },
   "properties": {
    "painter": "Veronese",
    "title": "Lucretia",
    "year": "1580",
    "city": "Vienna",
    "country": "Austria",
    "location": "Kunsthistorisches Museum",
    "kind": "museum",
    "attribution": "generally accepted",
    "status": "present",
    "medium": "Oil on canvas",
    "dimensions": "109 × 91 cm",
    "genre": "history painting",
    "image": "https://commons.wikimedia.org/wiki/Special:FilePath/Veronese.Lucretia01.jpg?width=420",
    "wikipedia_es": "https://es.wikipedia.org/wiki/Lucrecia_(Veron%C3%A9s)",
    "wikipedia_en": "https://en.wikipedia.org/wiki/Lucretia_(Veronese)",
    "wikipedia_it": "https://it.wikipedia.org/wiki/Lucrezia_(Veronese)",
    "wikidata": "https://www.wikidata.org/wiki/Q1103170",
    "creation_place": "Venice",
    "creation_lat": 45.4408,
    "creation_lon": 12.3155,
    "_source": {
     "source": "Wikidata",
     "url": "https://www.wikidata.org/wiki/Q1103170",
     "retrieved_at": "2026-08-19"
    },
    "_overrides": {
     "creation": {
      "at": "2026-08-19",
      "source": "derived from start date + Caravaggio's documented itinerary (approximate)"
     }
    },
    "museum_id": "kunsthistorisches-museum"
   }
  },
  {
   "type": "Feature",
   "geometry": {
    "type": "Point",
    "coordinates": [
     2.3358,
     48.8611
    ]
   },
   "properties": {
    "painter": "Veronese",
    "title": "Supper at Emmaus",
    "year": "1559",
    "city": "Paris",
    "country": "France",
    "location": "Louvre",
    "kind": "museum",
    "attribution": "generally accepted",
    "status": "present",
    "medium": "Oil on canvas",
    "dimensions": "242 × 416 cm",
    "genre": "religious art",
    "image": "https://commons.wikimedia.org/wiki/Special:FilePath/Les%20P%C3%A8lerins%20d%27Emma%C3%BCs%20-%20Paolo%20Veronese%20-%20Mus%C3%A9e%20du%20Louvre%20Peintures%20INV%20146%20%3B%20MR%20385.jpg?width=420",
    "wikipedia_en": "https://en.wikipedia.org/wiki/Supper_at_Emmaus_(Veronese)",
    "wikidata": "https://www.wikidata.org/wiki/Q11091298",
    "creation_place": "Venice",
    "creation_lat": 45.4408,
    "creation_lon": 12.3155,
    "_source": {
     "source": "Wikidata",
     "url": "https://www.wikidata.org/wiki/Q11091298",
     "retrieved_at": "2026-08-19"
    },
    "_overrides": {
     "creation": {
      "at": "2026-08-19",
      "source": "derived from start date + Caravaggio's documented itinerary (approximate)"
     }
    },
    "museum_id": "louvre"
   }
  },
  {
   "type": "Feature",
   "geometry": {
    "type": "Point",
    "coordinates": [
     -0.36166,
     49.18607
    ]
   },
   "properties": {
    "painter": "Veronese",
    "title": "Temptation of St Anthony",
    "year": "1552",
    "city": "Caen",
    "country": "France",
    "location": "Musée des Beaux-Arts de Caen",
    "kind": "museum",
    "attribution": "generally accepted",
    "status": "present",
    "medium": "Oil on canvas",
    "dimensions": "198.2 × 149.5 cm",
    "genre": "religious art",
    "image": "https://commons.wikimedia.org/wiki/Special:FilePath/Temptation%20of%20St%20Anthony%20by%20Paolo%20Veronese.jpg?width=420",
    "wikipedia_it": "https://it.wikipedia.org/wiki/Tentazioni_di_sant%27Antonio_(Veronese)",
    "wikidata": "https://www.wikidata.org/wiki/Q112185951",
    "creation_place": "Verona",
    "creation_lat": 45.4384,
    "creation_lon": 10.9916,
    "_source": {
     "source": "Wikidata",
     "url": "https://www.wikidata.org/wiki/Q112185951",
     "retrieved_at": "2026-08-19"
    },
    "_overrides": {
     "creation": {
      "at": "2026-08-19",
      "source": "derived from start date + Caravaggio's documented itinerary (approximate)"
     }
    },
    "museum_id": "musee-des-beaux-arts-de-caen"
   }
  },
  {
   "type": "Feature",
   "geometry": {
    "type": "Point",
    "coordinates": [
     3.88019,
     43.61174
    ]
   },
   "properties": {
    "painter": "Veronese",
    "title": "Le  Mariage  de  sainte  Catherine",
    "year": "1560",
    "city": "Montpellier",
    "country": "France",
    "location": "Musée Fabre",
    "kind": "museum",
    "attribution": "attributed",
    "status": "present",
    "medium": "Oil on canvas",
    "dimensions": "130.5 × 130.5 cm",
    "genre": "religious art",
    "image": "https://commons.wikimedia.org/wiki/Special:FilePath/PeinturesMus%C3%A9eFabre041.jpg?width=420",
    "wikidata": "https://www.wikidata.org/wiki/Q117226959",
    "creation_place": "Venice",
    "creation_lat": 45.4408,
    "creation_lon": 12.3155,
    "_source": {
     "source": "Wikidata",
     "url": "https://www.wikidata.org/wiki/Q117226959",
     "retrieved_at": "2026-08-19"
    },
    "_overrides": {
     "creation": {
      "at": "2026-08-19",
      "source": "derived from start date + Caravaggio's documented itinerary (approximate)"
     }
    },
    "museum_id": "musee-fabre"
   }
  },
  {
   "type": "Feature",
   "geometry": {
    "type": "Point",
    "coordinates": [
     11.25528,
     43.76833
    ]
   },
   "properties": {
    "painter": "Veronese",
    "title": "Venus and Mercury Presenting Anteros to Jupiter",
    "year": "1562",
    "city": "Florence",
    "country": "Italy",
    "location": "Uffizi Gallery",
    "kind": "museum",
    "attribution": "attributed",
    "status": "present",
    "medium": "Oil on canvas",
    "genre": "mythological painting",
    "image": "https://commons.wikimedia.org/wiki/Special:FilePath/Veronese%20-%20Venus%20and%20Mercury%20Presenting%20Anteros%20to%20Jupiter%2C%20circa%201560-1565.jpg?width=420",
    "wikidata": "https://www.wikidata.org/wiki/Q117774616",
    "creation_place": "Venice",
    "creation_lat": 45.4408,
    "creation_lon": 12.3155,
    "_source": {
     "source": "Wikidata",
     "url": "https://www.wikidata.org/wiki/Q117774616",
     "retrieved_at": "2026-08-19"
    },
    "_overrides": {
     "creation": {
      "at": "2026-08-19",
      "source": "derived from start date + Caravaggio's documented itinerary (approximate)"
     }
    },
    "museum_id": "uffizi-gallery"
   }
  },
  {
   "type": "Feature",
   "geometry": {
    "type": "Point",
    "coordinates": [
     12.32814,
     45.43108
    ]
   },
   "properties": {
    "painter": "Veronese",
    "title": "Saint Jerome in Penance",
    "year": "1580",
    "city": "Venice",
    "country": "Italy",
    "location": "Gallerie dell'Accademia",
    "kind": "museum",
    "attribution": "attributed",
    "status": "present",
    "medium": "Oil on canvas",
    "dimensions": "251 × 167 cm",
    "genre": "religious art",
    "image": "https://commons.wikimedia.org/wiki/Special:FilePath/%28Venice%29%20Saint%20Jerome%20in%20Penance%20by%20Veronese%20%28Accademia%29.jpg?width=420",
    "wikidata": "https://www.wikidata.org/wiki/Q120598701",
    "creation_place": "Venice",
    "creation_lat": 45.4408,
    "creation_lon": 12.3155,
    "_source": {
     "source": "Wikidata",
     "url": "https://www.wikidata.org/wiki/Q120598701",
     "retrieved_at": "2026-08-19"
    },
    "_overrides": {
     "creation": {
      "at": "2026-08-19",
      "source": "derived from start date + Caravaggio's documented itinerary (approximate)"
     }
    },
    "museum_id": "gallerie-dell-accademia"
   }
  },
  {
   "type": "Feature",
   "geometry": {
    "type": "Point",
    "coordinates": [
     9.41611,
     51.315
    ]
   },
   "properties": {
    "painter": "Veronese",
    "title": "The Madonna of the Cuccina Family",
    "year": "1571",
    "city": "Kassel",
    "country": "Germany",
    "location": "Gemäldegalerie Alte Meister",
    "kind": "museum",
    "attribution": "attributed",
    "status": "present",
    "medium": "Oil on canvas",
    "dimensions": "167 × 416 cm",
    "genre": "religious art",
    "image": "https://commons.wikimedia.org/wiki/Special:FilePath/Paolo%20Veronese%20-%20The%20Madonna%20of%20the%20Cuccina%20Family%20-%20Google%20Art%20Project.jpg?width=420",
    "wikidata": "https://www.wikidata.org/wiki/Q12120334",
    "creation_place": "Venice",
    "creation_lat": 45.4408,
    "creation_lon": 12.3155,
    "_source": {
     "source": "Wikidata",
     "url": "https://www.wikidata.org/wiki/Q12120334",
     "retrieved_at": "2026-08-19"
    },
    "_overrides": {
     "creation": {
      "at": "2026-08-19",
      "source": "derived from start date + Caravaggio's documented itinerary (approximate)"
     }
    },
    "museum_id": "gemaldegalerie-alte-meister"
   }
  },
  {
   "type": "Feature",
   "geometry": {
    "type": "Point",
    "coordinates": [
     1.44206,
     43.6003
    ]
   },
   "properties": {
    "painter": "Veronese",
    "title": "The falconer",
    "year": "1560",
    "city": "Toulouse",
    "country": "France",
    "location": "Collection Bemberg",
    "kind": "museum",
    "attribution": "attributed",
    "status": "present",
    "medium": "Oil on panel",
    "dimensions": "220 × 120 cm",
    "genre": "figure painting",
    "image": "https://commons.wikimedia.org/wiki/Special:FilePath/Bemberg%20Fondation%20Toulouse%20-%20Le%20Fauconnier%20-%20Veronese%20-%20Ca%201560%20Inv.1079.jpg?width=420",
    "wikidata": "https://www.wikidata.org/wiki/Q121295607",
    "creation_place": "Venice",
    "creation_lat": 45.4408,
    "creation_lon": 12.3155,
    "_source": {
     "source": "Wikidata",
     "url": "https://www.wikidata.org/wiki/Q121295607",
     "retrieved_at": "2026-08-19"
    },
    "_overrides": {
     "creation": {
      "at": "2026-08-19",
      "source": "derived from start date + Caravaggio's documented itinerary (approximate)"
     }
    },
    "museum_id": "collection-bemberg"
   }
  },
  {
   "type": "Feature",
   "geometry": {
    "type": "Point",
    "coordinates": [
     12.32814,
     45.43108
    ]
   },
   "properties": {
    "painter": "Veronese",
    "title": "Ezekiel",
    "city": "Venice",
    "country": "Italy",
    "location": "Gallerie dell'Accademia",
    "kind": "museum",
    "attribution": "attributed",
    "status": "present",
    "medium": "Oil on canvas",
    "image": "https://commons.wikimedia.org/wiki/Special:FilePath/%28Venice%29%20The%20Prophet%20Ezekiel%20by%20Paolo%20Veronese%20-%20gallerie%20Accademia%20Venice.jpg?width=420",
    "wikidata": "https://www.wikidata.org/wiki/Q123457772",
    "_source": {
     "source": "Wikidata",
     "url": "https://www.wikidata.org/wiki/Q123457772",
     "retrieved_at": "2026-08-19"
    },
    "museum_id": "gallerie-dell-accademia"
   }
  },
  {
   "type": "Feature",
   "geometry": {
    "type": "Point",
    "coordinates": [
     12.32814,
     45.43108
    ]
   },
   "properties": {
    "painter": "Veronese",
    "title": "Allegory of the Battle of Lepanto",
    "year": "1571",
    "city": "Venice",
    "country": "Italy",
    "location": "Gallerie dell'Accademia",
    "kind": "museum",
    "attribution": "generally accepted",
    "status": "present",
    "medium": "Oil on canvas",
    "dimensions": "169 × 137 cm",
    "genre": "allegory",
    "image": "https://commons.wikimedia.org/wiki/Special:FilePath/%28Venice%29%20Allegoria%20della%20battaglia%20di%20Lepanto%20-%20Gallerie%20Accademia.jpg?width=420",
    "wikipedia_en": "https://en.wikipedia.org/wiki/Allegory_of_the_Battle_of_Lepanto",
    "wikipedia_it": "https://it.wikipedia.org/wiki/Allegoria_della_battaglia_di_Lepanto",
    "wikidata": "https://www.wikidata.org/wiki/Q1237250",
    "creation_place": "Venice",
    "creation_lat": 45.4408,
    "creation_lon": 12.3155,
    "_source": {
     "source": "Wikidata",
     "url": "https://www.wikidata.org/wiki/Q1237250",
     "retrieved_at": "2026-08-19"
    },
    "_overrides": {
     "creation": {
      "at": "2026-08-19",
      "source": "derived from start date + Caravaggio's documented itinerary (approximate)"
     }
    },
    "museum_id": "gallerie-dell-accademia"
   }
  },
  {
   "type": "Feature",
   "geometry": {
    "type": "Point",
    "coordinates": [
     12.32814,
     45.43108
    ]
   },
   "properties": {
    "painter": "Veronese",
    "title": "Assumption of Mary",
    "year": "1586",
    "city": "Venice",
    "country": "Italy",
    "location": "Gallerie dell'Accademia",
    "kind": "museum",
    "attribution": "attributed",
    "status": "present",
    "medium": "Oil on canvas",
    "dimensions": "398 × 200 cm",
    "genre": "religious art",
    "image": "https://commons.wikimedia.org/wiki/Special:FilePath/Accademia%20-%20Assumption%20of%20the%20Virgin%20by%20Veronese%20cat265.jpg?width=420",
    "wikidata": "https://www.wikidata.org/wiki/Q124252036",
    "creation_place": "Venice",
    "creation_lat": 45.4408,
    "creation_lon": 12.3155,
    "_source": {
     "source": "Wikidata",
     "url": "https://www.wikidata.org/wiki/Q124252036",
     "retrieved_at": "2026-08-19"
    },
    "_overrides": {
     "creation": {
      "at": "2026-08-19",
      "source": "derived from start date + Caravaggio's documented itinerary (approximate)"
     }
    },
    "museum_id": "gallerie-dell-accademia"
   }
  },
  {
   "type": "Feature",
   "geometry": {
    "type": "Point",
    "coordinates": [
     12.32814,
     45.43108
    ]
   },
   "properties": {
    "painter": "Veronese",
    "title": "Assumption of the Virgin",
    "year": "1585",
    "city": "Venice",
    "country": "Italy",
    "location": "Gallerie dell'Accademia",
    "kind": "museum",
    "attribution": "attributed",
    "status": "present",
    "medium": "Oil on canvas",
    "dimensions": "472 × 302 cm",
    "genre": "religious art",
    "image": "https://commons.wikimedia.org/wiki/Special:FilePath/Academia%20-%20Assumption%20of%20the%20Virgin%20by%20Veronese%20cat%20541.jpg?width=420",
    "wikidata": "https://www.wikidata.org/wiki/Q124252053",
    "creation_place": "Venice",
    "creation_lat": 45.4408,
    "creation_lon": 12.3155,
    "_source": {
     "source": "Wikidata",
     "url": "https://www.wikidata.org/wiki/Q124252053",
     "retrieved_at": "2026-08-19"
    },
    "_overrides": {
     "creation": {
      "at": "2026-08-19",
      "source": "derived from start date + Caravaggio's documented itinerary (approximate)"
     }
    },
    "museum_id": "gallerie-dell-accademia"
   }
  },
  {
   "type": "Feature",
   "geometry": {
    "type": "Point",
    "coordinates": [
     12.32814,
     45.43108
    ]
   },
   "properties": {
    "painter": "Veronese",
    "title": "Q124253360",
    "year": "1562",
    "city": "Venice",
    "country": "Italy",
    "location": "Gallerie dell'Accademia",
    "kind": "museum",
    "attribution": "attributed",
    "status": "present",
    "medium": "Oil on canvas",
    "dimensions": "341 × 193 cm",
    "genre": "religious art",
    "image": "https://commons.wikimedia.org/wiki/Special:FilePath/Accademia%20-%20Madonna%20col%20Bambino%20e%20i%20Santi%20Giuseppe%2C%20Giustina%2C%20Francesco%2C%20Giovanni%20Battista%20fanciullo%20e%20Girolamo%20by%20Veronese.jpg?width=420",
    "wikidata": "https://www.wikidata.org/wiki/Q124253360",
    "creation_place": "Venice",
    "creation_lat": 45.4408,
    "creation_lon": 12.3155,
    "_source": {
     "source": "Wikidata",
     "url": "https://www.wikidata.org/wiki/Q124253360",
     "retrieved_at": "2026-08-19"
    },
    "_overrides": {
     "creation": {
      "at": "2026-08-19",
      "source": "derived from start date + Caravaggio's documented itinerary (approximate)"
     }
    },
    "museum_id": "gallerie-dell-accademia"
   }
  },
  {
   "type": "Feature",
   "geometry": {
    "type": "Point",
    "coordinates": [
     12.32814,
     45.43108
    ]
   },
   "properties": {
    "painter": "Veronese",
    "title": "Coronation of Mary",
    "city": "Venice",
    "country": "Italy",
    "location": "Gallerie dell'Accademia",
    "kind": "museum",
    "attribution": "attributed",
    "status": "present",
    "medium": "Oil on canvas",
    "genre": "religious art",
    "image": "https://commons.wikimedia.org/wiki/Special:FilePath/Accademia%20-%20Incoronazione%20della%20Vergine%20-%20Veronese%20Cat.264.jpg?width=420",
    "wikidata": "https://www.wikidata.org/wiki/Q124253395",
    "_source": {
     "source": "Wikidata",
     "url": "https://www.wikidata.org/wiki/Q124253395",
     "retrieved_at": "2026-08-19"
    },
    "museum_id": "gallerie-dell-accademia"
   }
  },
  {
   "type": "Feature",
   "geometry": {
    "type": "Point",
    "coordinates": [
     12.32814,
     45.43108
    ]
   },
   "properties": {
    "painter": "Veronese",
    "title": "Venice receives the homage of Hercules and Ceres",
    "year": "1575",
    "city": "Venice",
    "country": "Italy",
    "location": "Gallerie dell'Accademia",
    "kind": "museum",
    "attribution": "attributed",
    "status": "present",
    "medium": "Oil on canvas",
    "image": "https://commons.wikimedia.org/wiki/Special:FilePath/Accademia%20-%20Veronese%2C%20Venezia%20riceve%20omaggio%20da%20Ercole%20e%20Cerere.jpg?width=420",
    "wikidata": "https://www.wikidata.org/wiki/Q124256228",
    "creation_place": "Venice",
    "creation_lat": 45.4408,
    "creation_lon": 12.3155,
    "_source": {
     "source": "Wikidata",
     "url": "https://www.wikidata.org/wiki/Q124256228",
     "retrieved_at": "2026-08-19"
    },
    "_overrides": {
     "creation": {
      "at": "2026-08-19",
      "source": "derived from start date + Caravaggio's documented itinerary (approximate)"
     }
    },
    "museum_id": "gallerie-dell-accademia"
   }
  },
  {
   "type": "Feature",
   "geometry": {
    "type": "Point",
    "coordinates": [
     3.07556,
     50.37472
    ]
   },
   "properties": {
    "painter": "Veronese",
    "title": "Portrait of a Woman",
    "year": "1565",
    "city": "Douai",
    "country": "France",
    "location": "Musée de la Chartreuse de Douai",
    "kind": "museum",
    "attribution": "attributed",
    "status": "present",
    "medium": "Oil on canvas",
    "dimensions": "106 × 87 cm",
    "genre": "portrait",
    "image": "https://commons.wikimedia.org/wiki/Special:FilePath/Veronese%20-%20Portrait%20de%20femme%2C%201565%2C%20751.jpg?width=420",
    "wikidata": "https://www.wikidata.org/wiki/Q124695298",
    "creation_place": "Venice",
    "creation_lat": 45.4408,
    "creation_lon": 12.3155,
    "_source": {
     "source": "Wikidata",
     "url": "https://www.wikidata.org/wiki/Q124695298",
     "retrieved_at": "2026-08-19"
    },
    "_overrides": {
     "creation": {
      "at": "2026-08-19",
      "source": "derived from start date + Caravaggio's documented itinerary (approximate)"
     }
    },
    "museum_id": "musee-de-la-chartreuse-de-douai"
   }
  },
  {
   "type": "Feature",
   "geometry": {
    "type": "Point",
    "coordinates": [
     -0.581,
     44.8374
    ]
   },
   "properties": {
    "painter": "Veronese",
    "title": "Q124799838",
    "year": "1550",
    "city": "Bordeaux",
    "country": "France",
    "location": "Musée des Beaux-Arts de Bordeaux",
    "kind": "museum",
    "attribution": "attributed",
    "status": "present",
    "medium": "Oil on canvas",
    "dimensions": "77 × 96 cm",
    "genre": "religious art",
    "image": "https://commons.wikimedia.org/wiki/Special:FilePath/Veronese%20-%20Sainte%20Famille%20avec%20sainte%20Doroth%C3%A9e%2C%20Bx%20E%2036.jpg?width=420",
    "wikidata": "https://www.wikidata.org/wiki/Q124799838",
    "creation_place": "Verona",
    "creation_lat": 45.4384,
    "creation_lon": 10.9916,
    "_source": {
     "source": "Wikidata",
     "url": "https://www.wikidata.org/wiki/Q124799838",
     "retrieved_at": "2026-08-19"
    },
    "_overrides": {
     "creation": {
      "at": "2026-08-19",
      "source": "derived from start date + Caravaggio's documented itinerary (approximate)"
     }
    },
    "museum_id": "musee-des-beaux-arts-de-bordeaux"
   }
  },
  {
   "type": "Feature",
   "geometry": {
    "type": "Point",
    "coordinates": [
     12.352611,
     45.455139
    ]
   },
   "properties": {
    "painter": "Veronese",
    "title": "Saint Jerome",
    "year": "1600",
    "city": "Venice",
    "country": "Italy",
    "location": "San Pietro Martire",
    "kind": "church",
    "attribution": "attributed",
    "status": "present",
    "medium": "Oil paint",
    "genre": "religious art",
    "image": "https://commons.wikimedia.org/wiki/Special:FilePath/Veronese%20San%20Girolamo%20Murano%20San%20Pierro.jpg?width=420",
    "wikidata": "https://www.wikidata.org/wiki/Q126453198",
    "_source": {
     "source": "Wikidata",
     "url": "https://www.wikidata.org/wiki/Q126453198",
     "retrieved_at": "2026-08-19"
    },
    "museum_id": "san-pietro-martire"
   }
  },
  {
   "type": "Feature",
   "geometry": {
    "type": "Point",
    "coordinates": [
     11.25,
     43.7652
    ]
   },
   "properties": {
    "painter": "Veronese",
    "title": "The Baptism of Christ",
    "year": "1580",
    "city": "Florence",
    "country": "Italy",
    "location": "Galleria Palatina",
    "kind": "museum",
    "attribution": "attributed",
    "status": "present",
    "medium": "Oil on canvas",
    "dimensions": "195 × 131.5 cm",
    "genre": "religious art",
    "image": "https://commons.wikimedia.org/wiki/Special:FilePath/Paolo%20Caliari%20detto%20il%20Veronese%20-%20Battesimo%20di%20Cristo%20-%20186%20-%20Galleria%20Palatina.jpg?width=420",
    "wikidata": "https://www.wikidata.org/wiki/Q130515982",
    "creation_place": "Venice",
    "creation_lat": 45.4408,
    "creation_lon": 12.3155,
    "_source": {
     "source": "Wikidata",
     "url": "https://www.wikidata.org/wiki/Q130515982",
     "retrieved_at": "2026-08-19"
    },
    "_overrides": {
     "creation": {
      "at": "2026-08-19",
      "source": "derived from start date + Caravaggio's documented itinerary (approximate)"
     }
    },
    "museum_id": "galleria-palatina"
   }
  },
  {
   "type": "Feature",
   "geometry": {
    "type": "Point",
    "coordinates": [
     10.53306,
     52.26333
    ]
   },
   "properties": {
    "painter": "Veronese",
    "title": "The baptism of Christ",
    "year": "1588",
    "city": "Braunschweig",
    "country": "Germany",
    "location": "Herzog Anton Ulrich Museum",
    "kind": "museum",
    "attribution": "attributed",
    "status": "present",
    "medium": "Oil on canvas",
    "dimensions": "142 × 208 cm",
    "genre": "religious art",
    "image": "https://commons.wikimedia.org/wiki/Special:FilePath/The%20baptism%20of%20Christ%2C%20by%20Paolo%20Caliari.jpg?width=420",
    "wikidata": "https://www.wikidata.org/wiki/Q131143685",
    "creation_place": "Venice",
    "creation_lat": 45.4408,
    "creation_lon": 12.3155,
    "_source": {
     "source": "Wikidata",
     "url": "https://www.wikidata.org/wiki/Q131143685",
     "retrieved_at": "2026-08-19"
    },
    "_overrides": {
     "creation": {
      "at": "2026-08-19",
      "source": "derived from start date + Caravaggio's documented itinerary (approximate)"
     }
    },
    "museum_id": "herzog-anton-ulrich-museum"
   }
  },
  {
   "type": "Feature",
   "geometry": {
    "type": "Point",
    "coordinates": [
     -4.14778,
     40.58917
    ]
   },
   "properties": {
    "painter": "Veronese",
    "title": "Annunciation",
    "year": "1583",
    "city": "San Lorenzo de El Escorial",
    "country": "Spain",
    "location": "Royal Monastery of San Lorenzo de El Escorial",
    "kind": "museum",
    "attribution": "attributed",
    "status": "present",
    "medium": "Oil on canvas",
    "dimensions": "432 × 187 cm",
    "genre": "religious art",
    "image": "https://commons.wikimedia.org/wiki/Special:FilePath/Veronese%20-%20The%20Annunciation%2C%201583.jpg?width=420",
    "wikidata": "https://www.wikidata.org/wiki/Q131450110",
    "creation_place": "Venice",
    "creation_lat": 45.4408,
    "creation_lon": 12.3155,
    "_source": {
     "source": "Wikidata",
     "url": "https://www.wikidata.org/wiki/Q131450110",
     "retrieved_at": "2026-08-19"
    },
    "_overrides": {
     "creation": {
      "at": "2026-08-19",
      "source": "derived from start date + Caravaggio's documented itinerary (approximate)"
     }
    },
    "museum_id": "royal-monastery-of-san-lorenzo-de-el-escorial"
   }
  },
  {
   "type": "Feature",
   "geometry": {
    "type": "Point",
    "coordinates": [
     -78.70289,
     35.81019
    ]
   },
   "properties": {
    "painter": "Veronese",
    "title": "The Baptism of Christ",
    "year": "1555",
    "city": "Raleigh",
    "country": "United States",
    "location": "Museo d'arte della Carolina del Nord",
    "kind": "museum",
    "attribution": "attributed",
    "status": "present",
    "medium": "Oil on canvas",
    "dimensions": "85.7 × 116.8 cm",
    "genre": "religious art",
    "image": "https://commons.wikimedia.org/wiki/Special:FilePath/The%20Baptism%20of%20Christ%20-%20Veronese%20%28Paolo%20Caliari%29%20-%20Google%20Cultural%20Institute.jpg?width=420",
    "wikidata": "https://www.wikidata.org/wiki/Q131546464",
    "creation_place": "Venice",
    "creation_lat": 45.4408,
    "creation_lon": 12.3155,
    "_source": {
     "source": "Wikidata",
     "url": "https://www.wikidata.org/wiki/Q131546464",
     "retrieved_at": "2026-08-19"
    },
    "_overrides": {
     "creation": {
      "at": "2026-08-19",
      "source": "derived from start date + Caravaggio's documented itinerary (approximate)"
     }
    },
    "museum_id": "museo-d-arte-della-carolina-del-nord"
   }
  },
  {
   "type": "Feature",
   "geometry": {
    "type": "Point",
    "coordinates": [
     11.05552,
     43.81645
    ]
   },
   "properties": {
    "painter": "Veronese",
    "title": "Burning bush",
    "city": "Poggio a Caiano",
    "country": "Italy",
    "location": "Villa Medicea of Poggio a Caiano",
    "kind": "museum",
    "attribution": "attributed",
    "status": "present",
    "wikidata": "https://www.wikidata.org/wiki/Q131546553",
    "_source": {
     "source": "Wikidata",
     "url": "https://www.wikidata.org/wiki/Q131546553",
     "retrieved_at": "2026-08-19"
    },
    "museum_id": "villa-medicea-of-poggio-a-caiano"
   }
  },
  {
   "type": "Feature",
   "geometry": {
    "type": "Point",
    "coordinates": [
     12.3486,
     45.4381
    ]
   },
   "properties": {
    "painter": "Veronese",
    "title": "Holy Family with Sts Anthony Abbot, Catherine and the Infant John the Baptist",
    "city": "Venice",
    "country": "Italy",
    "location": "San Francesco della Vigna",
    "kind": "church",
    "attribution": "attributed",
    "status": "present",
    "wikidata": "https://www.wikidata.org/wiki/Q131561164",
    "_source": {
     "source": "Wikidata",
     "url": "https://www.wikidata.org/wiki/Q131561164",
     "retrieved_at": "2026-08-19"
    },
    "museum_id": "san-francesco-della-vigna"
   }
  },
  {
   "type": "Feature",
   "geometry": {
    "type": "Point",
    "coordinates": [
     11.25528,
     43.76833
    ]
   },
   "properties": {
    "painter": "Veronese",
    "title": "Madonna con Bambino con Santi e donatori",
    "city": "Florence",
    "country": "Italy",
    "location": "Uffizi Gallery",
    "kind": "museum",
    "attribution": "attributed",
    "status": "present",
    "wikidata": "https://www.wikidata.org/wiki/Q131579631",
    "_source": {
     "source": "Wikidata",
     "url": "https://www.wikidata.org/wiki/Q131579631",
     "retrieved_at": "2026-08-19"
    },
    "museum_id": "uffizi-gallery"
   }
  },
  {
   "type": "Feature",
   "geometry": {
    "type": "Point",
    "coordinates": [
     11.25528,
     43.76833
    ]
   },
   "properties": {
    "painter": "Veronese",
    "title": "Saint Agatha crowned by Angels",
    "year": "1580",
    "city": "Florence",
    "country": "Italy",
    "location": "Uffizi Gallery",
    "kind": "museum",
    "attribution": "attributed",
    "status": "present",
    "medium": "Oil on canvas",
    "dimensions": "20 × 18 cm",
    "genre": "religious art",
    "image": "https://commons.wikimedia.org/wiki/Special:FilePath/Veronese%2C%20sant%27agata%20incoronata%20dagli%20angeli%2C%201580%20ca.%2C%2002.jpg?width=420",
    "wikidata": "https://www.wikidata.org/wiki/Q131579660",
    "creation_place": "Venice",
    "creation_lat": 45.4408,
    "creation_lon": 12.3155,
    "_source": {
     "source": "Wikidata",
     "url": "https://www.wikidata.org/wiki/Q131579660",
     "retrieved_at": "2026-08-19"
    },
    "_overrides": {
     "creation": {
      "at": "2026-08-19",
      "source": "derived from start date + Caravaggio's documented itinerary (approximate)"
     }
    },
    "museum_id": "uffizi-gallery"
   }
  },
  {
   "type": "Feature",
   "geometry": {
    "type": "Point",
    "coordinates": [
     12.342397,
     45.439217
    ]
   },
   "properties": {
    "painter": "Veronese",
    "title": "Adoration of the Shepherds (II)",
    "year": "1558",
    "city": "Venice",
    "country": "Italy",
    "location": "Santi Giovanni e Paolo",
    "kind": "church",
    "attribution": "attributed",
    "status": "present",
    "medium": "Oil on canvas",
    "dimensions": "350 × 290 cm",
    "genre": "religious art",
    "image": "https://commons.wikimedia.org/wiki/Special:FilePath/Paolo%20Veronese%20-%20Adoration%20of%20the%20Shepherds%20-%20WGA24801.jpg?width=420",
    "wikidata": "https://www.wikidata.org/wiki/Q131613578",
    "creation_place": "Venice",
    "creation_lat": 45.4408,
    "creation_lon": 12.3155,
    "_source": {
     "source": "Wikidata",
     "url": "https://www.wikidata.org/wiki/Q131613578",
     "retrieved_at": "2026-08-19"
    },
    "_overrides": {
     "creation": {
      "at": "2026-08-19",
      "source": "derived from start date + Caravaggio's documented itinerary (approximate)"
     }
    },
    "museum_id": "santi-giovanni-e-paolo"
   }
  },
  {
   "type": "Feature",
   "geometry": {
    "type": "Point",
    "coordinates": [
     10.9216,
     44.6485
    ]
   },
   "properties": {
    "painter": "Veronese",
    "title": "Two holy bishops (Geminianus and Severus?)",
    "city": "Modena",
    "country": "Italy",
    "location": "Galleria Estense",
    "kind": "museum",
    "attribution": "attributed",
    "status": "present",
    "wikidata": "https://www.wikidata.org/wiki/Q131613631",
    "_source": {
     "source": "Wikidata",
     "url": "https://www.wikidata.org/wiki/Q131613631",
     "retrieved_at": "2026-08-19"
    },
    "museum_id": "galleria-estense"
   }
  },
  {
   "type": "Feature",
   "geometry": {
    "type": "Point",
    "coordinates": [
     12.34042,
     45.43367
    ]
   },
   "properties": {
    "painter": "Veronese",
    "title": "The Triumph of Virtue over Vice",
    "city": "Venice",
    "country": "Italy",
    "location": "Doge's Palace",
    "kind": "museum",
    "attribution": "attributed",
    "status": "present",
    "wikidata": "https://www.wikidata.org/wiki/Q131628765",
    "_source": {
     "source": "Wikidata",
     "url": "https://www.wikidata.org/wiki/Q131628765",
     "retrieved_at": "2026-08-19"
    },
    "museum_id": "doge-s-palace"
   }
  },
  {
   "type": "Feature",
   "geometry": {
    "type": "Point",
    "coordinates": [
     11.54587,
     45.53487
    ]
   },
   "properties": {
    "painter": "Veronese",
    "title": "Supper of Saint Gregorius",
    "year": "1501",
    "city": "Vicenza",
    "country": "Italy",
    "location": "Museo del Santuario di Monte Berico",
    "kind": "museum",
    "attribution": "attributed",
    "status": "present",
    "image": "https://commons.wikimedia.org/wiki/Special:FilePath/Paolo%20veronese%2C%20cena%20di%20s.%20gregorio%20magno%2003.JPG?width=420",
    "wikidata": "https://www.wikidata.org/wiki/Q131629557",
    "_source": {
     "source": "Wikidata",
     "url": "https://www.wikidata.org/wiki/Q131629557",
     "retrieved_at": "2026-08-19"
    },
    "museum_id": "museo-del-santuario-di-monte-berico"
   }
  },
  {
   "type": "Feature",
   "geometry": {
    "type": "Point",
    "coordinates": [
     12.34042,
     45.43367
    ]
   },
   "properties": {
    "painter": "Veronese",
    "title": "Conquest of Smyrna",
    "year": "1585",
    "city": "Venice",
    "country": "Italy",
    "location": "Doge's Palace",
    "kind": "museum",
    "attribution": "attributed",
    "status": "present",
    "medium": "Oil on canvas",
    "image": "https://commons.wikimedia.org/wiki/Special:FilePath/Paolo%20Veronese%20-%20Conquest%20of%20Smyrna%20-%20WGA24945.jpg?width=420",
    "wikidata": "https://www.wikidata.org/wiki/Q131674311",
    "creation_place": "Venice",
    "creation_lat": 45.4408,
    "creation_lon": 12.3155,
    "_source": {
     "source": "Wikidata",
     "url": "https://www.wikidata.org/wiki/Q131674311",
     "retrieved_at": "2026-08-19"
    },
    "_overrides": {
     "creation": {
      "at": "2026-08-19",
      "source": "derived from start date + Caravaggio's documented itinerary (approximate)"
     }
    },
    "museum_id": "doge-s-palace"
   }
  },
  {
   "type": "Feature",
   "geometry": {
    "type": "Point",
    "coordinates": [
     12.32469,
     45.43566
    ]
   },
   "properties": {
    "painter": "Veronese",
    "title": "Conversione of San Pantaleone",
    "city": "Venice",
    "country": "Italy",
    "location": "Chiesa di San Pantalon",
    "kind": "church",
    "attribution": "attributed",
    "status": "present",
    "wikidata": "https://www.wikidata.org/wiki/Q131674317",
    "_source": {
     "source": "Wikidata",
     "url": "https://www.wikidata.org/wiki/Q131674317",
     "retrieved_at": "2026-08-19"
    },
    "museum_id": "chiesa-di-san-pantalon"
   }
  },
  {
   "type": "Feature",
   "geometry": {
    "type": "Point",
    "coordinates": [
     12.34042,
     45.43367
    ]
   },
   "properties": {
    "painter": "Veronese",
    "title": "The Punishment of the Forger",
    "city": "Venice",
    "country": "Italy",
    "location": "Doge's Palace",
    "kind": "museum",
    "attribution": "attributed",
    "status": "present",
    "wikidata": "https://www.wikidata.org/wiki/Q131674409",
    "_source": {
     "source": "Wikidata",
     "url": "https://www.wikidata.org/wiki/Q131674409",
     "retrieved_at": "2026-08-19"
    },
    "museum_id": "doge-s-palace"
   }
  },
  {
   "type": "Feature",
   "geometry": {
    "type": "Point",
    "coordinates": [
     12.34042,
     45.43367
    ]
   },
   "properties": {
    "painter": "Veronese",
    "title": "Simplicity",
    "city": "Venice",
    "country": "Italy",
    "location": "Doge's Palace",
    "kind": "museum",
    "attribution": "attributed",
    "status": "present",
    "wikidata": "https://www.wikidata.org/wiki/Q131690646",
    "_source": {
     "source": "Wikidata",
     "url": "https://www.wikidata.org/wiki/Q131690646",
     "retrieved_at": "2026-08-19"
    },
    "museum_id": "doge-s-palace"
   }
  },
  {
   "type": "Feature",
   "geometry": {
    "type": "Point",
    "coordinates": [
     5.04267,
     47.3216
    ]
   },
   "properties": {
    "painter": "Veronese",
    "title": "Assumption of the Virgin",
    "year": "1580",
    "city": "Dijon",
    "country": "France",
    "location": "Musée des Beaux-Arts de Dijon",
    "kind": "museum",
    "attribution": "generally accepted",
    "status": "present",
    "medium": "Oil on canvas",
    "dimensions": "167 × 120.5 cm",
    "genre": "religious art",
    "image": "https://commons.wikimedia.org/wiki/Special:FilePath/Veronese%20-%20L%27Assomption%20de%20la%20Vierge%2C%20vers%201580%2C%20CA%2049.jpg?width=420",
    "wikipedia_en": "https://en.wikipedia.org/wiki/Assumption_of_the_Virgin_(Veronese)",
    "wikidata": "https://www.wikidata.org/wiki/Q131703323",
    "creation_place": "Venice",
    "creation_lat": 45.4408,
    "creation_lon": 12.3155,
    "_source": {
     "source": "Wikidata",
     "url": "https://www.wikidata.org/wiki/Q131703323",
     "retrieved_at": "2026-08-19"
    },
    "_overrides": {
     "creation": {
      "at": "2026-08-19",
      "source": "derived from start date + Caravaggio's documented itinerary (approximate)"
     }
    },
    "museum_id": "musee-des-beaux-arts-de-dijon"
   }
  },
  {
   "type": "Feature",
   "geometry": {
    "type": "Point",
    "coordinates": [
     12.352611,
     45.455139
    ]
   },
   "properties": {
    "painter": "Veronese",
    "title": "St. Agatha visited in prison by St. Peter",
    "city": "Venice",
    "country": "Italy",
    "location": "San Pietro Martire",
    "kind": "church",
    "attribution": "attributed",
    "status": "present",
    "wikidata": "https://www.wikidata.org/wiki/Q131719732",
    "_source": {
     "source": "Wikidata",
     "url": "https://www.wikidata.org/wiki/Q131719732",
     "retrieved_at": "2026-08-19"
    },
    "museum_id": "san-pietro-martire"
   }
  },
  {
   "type": "Feature",
   "geometry": {
    "type": "Point",
    "coordinates": [
     -76.2924,
     36.857
    ]
   },
   "properties": {
    "painter": "Veronese",
    "title": "The Virgin and Child with Angels Appearing to Saints Anthony Abbot and Paul, the Hermit",
    "city": "Q49231",
    "country": "United States",
    "location": "Chrysler Museum of Art",
    "kind": "museum",
    "attribution": "attributed",
    "status": "present",
    "image": "https://commons.wikimedia.org/wiki/Special:FilePath/Veronese%20-%20The%20Virgin%20and%20Child%20with%20Angels%20Appearing%20to%20Saints%20Anthony%20Abbot%20and%20Paul%2C%20the%20Hermit%2C%201562.jpg?width=420",
    "wikidata": "https://www.wikidata.org/wiki/Q131748068",
    "_source": {
     "source": "Wikidata",
     "url": "https://www.wikidata.org/wiki/Q131748068",
     "retrieved_at": "2026-08-19"
    },
    "museum_id": "chrysler-museum-of-art"
   }
  },
  {
   "type": "Feature",
   "geometry": {
    "type": "Point",
    "coordinates": [
     -0.36166,
     49.18607
    ]
   },
   "properties": {
    "painter": "Veronese",
    "title": "Judith and Holofernes",
    "year": "1581",
    "city": "Caen",
    "country": "France",
    "location": "Musée des Beaux-Arts de Caen",
    "kind": "museum",
    "attribution": "attributed",
    "status": "present",
    "medium": "Oil on canvas",
    "dimensions": "231.5 × 272.5 cm",
    "genre": "religious art",
    "image": "https://commons.wikimedia.org/wiki/Special:FilePath/Judith%20et%20Holopherne%20par%20V%C3%A9ron%C3%A8se.jpg?width=420",
    "wikidata": "https://www.wikidata.org/wiki/Q131759366",
    "creation_place": "Venice",
    "creation_lat": 45.4408,
    "creation_lon": 12.3155,
    "_source": {
     "source": "Wikidata",
     "url": "https://www.wikidata.org/wiki/Q131759366",
     "retrieved_at": "2026-08-19"
    },
    "_overrides": {
     "creation": {
      "at": "2026-08-19",
      "source": "derived from start date + Caravaggio's documented itinerary (approximate)"
     }
    },
    "museum_id": "musee-des-beaux-arts-de-caen"
   }
  },
  {
   "type": "Feature",
   "geometry": {
    "type": "Point",
    "coordinates": [
     12.34042,
     45.43367
    ]
   },
   "properties": {
    "painter": "Veronese",
    "title": "Female Figure Breaking her Chains",
    "city": "Venice",
    "country": "Italy",
    "location": "Doge's Palace",
    "kind": "museum",
    "attribution": "attributed",
    "status": "present",
    "wikidata": "https://www.wikidata.org/wiki/Q131766122",
    "_source": {
     "source": "Wikidata",
     "url": "https://www.wikidata.org/wiki/Q131766122",
     "retrieved_at": "2026-08-19"
    },
    "museum_id": "doge-s-palace"
   }
  },
  {
   "type": "Feature",
   "geometry": {
    "type": "Point",
    "coordinates": [
     12.34042,
     45.43367
    ]
   },
   "properties": {
    "painter": "Veronese",
    "title": "Ceiling of Anticollegio Room",
    "city": "Venice",
    "country": "Italy",
    "location": "Doge's Palace",
    "kind": "museum",
    "attribution": "attributed",
    "status": "present",
    "wikidata": "https://www.wikidata.org/wiki/Q131813148",
    "_source": {
     "source": "Wikidata",
     "url": "https://www.wikidata.org/wiki/Q131813148",
     "retrieved_at": "2026-08-19"
    },
    "museum_id": "doge-s-palace"
   }
  },
  {
   "type": "Feature",
   "geometry": {
    "type": "Point",
    "coordinates": [
     12.34042,
     45.43367
    ]
   },
   "properties": {
    "painter": "Veronese",
    "title": "Jupiter striking down vices",
    "city": "Venice",
    "country": "Italy",
    "location": "Doge's Palace",
    "kind": "museum",
    "attribution": "attributed",
    "status": "present",
    "wikidata": "https://www.wikidata.org/wiki/Q131823355",
    "_source": {
     "source": "Wikidata",
     "url": "https://www.wikidata.org/wiki/Q131823355",
     "retrieved_at": "2026-08-19"
    },
    "museum_id": "doge-s-palace"
   }
  },
  {
   "type": "Feature",
   "geometry": {
    "type": "Point",
    "coordinates": [
     12.34042,
     45.43367
    ]
   },
   "properties": {
    "painter": "Veronese",
    "title": "Juno and Saturn",
    "city": "Venice",
    "country": "Italy",
    "location": "Doge's Palace",
    "kind": "museum",
    "attribution": "attributed",
    "status": "present",
    "wikidata": "https://www.wikidata.org/wiki/Q131851028",
    "_source": {
     "source": "Wikidata",
     "url": "https://www.wikidata.org/wiki/Q131851028",
     "retrieved_at": "2026-08-19"
    },
    "museum_id": "doge-s-palace"
   }
  },
  {
   "type": "Feature",
   "geometry": {
    "type": "Point",
    "coordinates": [
     12.34042,
     45.43367
    ]
   },
   "properties": {
    "painter": "Veronese",
    "title": "Mansuetude",
    "city": "Venice",
    "country": "Italy",
    "location": "Doge's Palace",
    "kind": "museum",
    "attribution": "attributed",
    "status": "present",
    "wikidata": "https://www.wikidata.org/wiki/Q131851041",
    "_source": {
     "source": "Wikidata",
     "url": "https://www.wikidata.org/wiki/Q131851041",
     "retrieved_at": "2026-08-19"
    },
    "museum_id": "doge-s-palace"
   }
  },
  {
   "type": "Feature",
   "geometry": {
    "type": "Point",
    "coordinates": [
     12.34042,
     45.43367
    ]
   },
   "properties": {
    "painter": "Veronese",
    "title": "Mars and Neptune",
    "city": "Venice",
    "country": "Italy",
    "location": "Doge's Palace",
    "kind": "museum",
    "attribution": "attributed",
    "status": "present",
    "medium": "Oil paint",
    "genre": "mythological painting",
    "image": "https://commons.wikimedia.org/wiki/Special:FilePath/Mars%20and%20Neptune.jpg?width=420",
    "wikidata": "https://www.wikidata.org/wiki/Q131851042",
    "_source": {
     "source": "Wikidata",
     "url": "https://www.wikidata.org/wiki/Q131851042",
     "retrieved_at": "2026-08-19"
    },
    "museum_id": "doge-s-palace"
   }
  },
  {
   "type": "Feature",
   "geometry": {
    "type": "Point",
    "coordinates": [
     12.34042,
     45.43367
    ]
   },
   "properties": {
    "painter": "Veronese",
    "title": "Moderation",
    "city": "Venice",
    "country": "Italy",
    "location": "Doge's Palace",
    "kind": "museum",
    "attribution": "attributed",
    "status": "present",
    "wikidata": "https://www.wikidata.org/wiki/Q131851051",
    "_source": {
     "source": "Wikidata",
     "url": "https://www.wikidata.org/wiki/Q131851051",
     "retrieved_at": "2026-08-19"
    },
    "museum_id": "doge-s-palace"
   }
  },
  {
   "type": "Feature",
   "geometry": {
    "type": "Point",
    "coordinates": [
     12.34042,
     45.43367
    ]
   },
   "properties": {
    "painter": "Veronese",
    "title": "Prosperity",
    "city": "Venice",
    "country": "Italy",
    "location": "Doge's Palace",
    "kind": "museum",
    "attribution": "attributed",
    "status": "present",
    "image": "https://commons.wikimedia.org/wiki/Special:FilePath/Veronese%20-%20Palazzo%20Ducale%20%28Sala%20del%20Collegio%29%20-%20Allegories%20of%20the%20Virtues%20-%20Prosperity%20with%20a%20Cornucopia%2C%20circa%201575-1582.jpg?width=420",
    "wikidata": "https://www.wikidata.org/wiki/Q131851124",
    "_source": {
     "source": "Wikidata",
     "url": "https://www.wikidata.org/wiki/Q131851124",
     "retrieved_at": "2026-08-19"
    },
    "museum_id": "doge-s-palace"
   }
  },
  {
   "type": "Feature",
   "geometry": {
    "type": "Point",
    "coordinates": [
     12.34042,
     45.43367
    ]
   },
   "properties": {
    "painter": "Veronese",
    "title": "Religion and Faith",
    "city": "Venice",
    "country": "Italy",
    "location": "Doge's Palace",
    "kind": "museum",
    "attribution": "attributed",
    "status": "present",
    "wikidata": "https://www.wikidata.org/wiki/Q131851126",
    "_source": {
     "source": "Wikidata",
     "url": "https://www.wikidata.org/wiki/Q131851126",
     "retrieved_at": "2026-08-19"
    },
    "museum_id": "doge-s-palace"
   }
  },
  {
   "type": "Feature",
   "geometry": {
    "type": "Point",
    "coordinates": [
     12.34042,
     45.43367
    ]
   },
   "properties": {
    "painter": "Veronese",
    "title": "Reward",
    "year": "1575",
    "city": "Venice",
    "country": "Italy",
    "location": "Doge's Palace",
    "kind": "museum",
    "attribution": "attributed",
    "status": "present",
    "medium": "Oil on canvas",
    "dimensions": "250 × 180 cm",
    "genre": "allegory",
    "image": "https://commons.wikimedia.org/wiki/Special:FilePath/Paolo%20Veronese%20-%20Ricompensa%20-%20Palazzo%20Ducale.jpg?width=420",
    "wikidata": "https://www.wikidata.org/wiki/Q131851136",
    "creation_place": "Venice",
    "creation_lat": 45.4408,
    "creation_lon": 12.3155,
    "_source": {
     "source": "Wikidata",
     "url": "https://www.wikidata.org/wiki/Q131851136",
     "retrieved_at": "2026-08-19"
    },
    "_overrides": {
     "creation": {
      "at": "2026-08-19",
      "source": "derived from start date + Caravaggio's documented itinerary (approximate)"
     }
    },
    "museum_id": "doge-s-palace"
   }
  },
  {
   "type": "Feature",
   "geometry": {
    "type": "Point",
    "coordinates": [
     9.18782,
     45.47196
    ]
   },
   "properties": {
    "painter": "Veronese",
    "title": "The Feast in the House of Simon the Pharisee",
    "year": "1570",
    "city": "Milan",
    "country": "Italy",
    "location": "Pinacoteca di Brera",
    "kind": "museum",
    "attribution": "generally accepted",
    "status": "present",
    "medium": "Oil on canvas",
    "dimensions": "275 × 710 cm",
    "genre": "religious art",
    "image": "https://commons.wikimedia.org/wiki/Special:FilePath/Veronese%2C%20Paolo%20-%20Feast%20at%20the%20House%20of%20Simon%20-%201567-1570.jpg?width=420",
    "wikipedia_en": "https://en.wikipedia.org/wiki/The_Feast_in_the_House_of_Simon_the_Pharisee_(Veronese,_Milan)",
    "wikipedia_it": "https://it.wikipedia.org/wiki/Cena_in_casa_di_Simone_(Veronese_Milano)",
    "wikidata": "https://www.wikidata.org/wiki/Q15074981",
    "creation_place": "Venice",
    "creation_lat": 45.4408,
    "creation_lon": 12.3155,
    "_source": {
     "source": "Wikidata",
     "url": "https://www.wikidata.org/wiki/Q15074981",
     "retrieved_at": "2026-08-19"
    },
    "_overrides": {
     "creation": {
      "at": "2026-08-19",
      "source": "derived from start date + Caravaggio's documented itinerary (approximate)"
     }
    },
    "museum_id": "pinacoteca-di-brera"
   }
  },
  {
   "type": "Feature",
   "geometry": {
    "type": "Point",
    "coordinates": [
     -0.1283,
     51.5089
    ]
   },
   "properties": {
    "painter": "Veronese",
    "title": "Adoration of the Magi",
    "year": "1573",
    "city": "London",
    "country": "United Kingdom",
    "location": "National Gallery",
    "kind": "museum",
    "attribution": "generally accepted",
    "status": "present",
    "medium": "Oil on canvas",
    "dimensions": "355 × 320 cm",
    "genre": "religious art",
    "image": "https://commons.wikimedia.org/wiki/Special:FilePath/Paolo%20Veronese%20-%20Adoration%20of%20the%20Magi%20-%20National%20Gallery.jpg?width=420",
    "wikipedia_en": "https://en.wikipedia.org/wiki/Adoration_of_the_Magi_(Veronese)",
    "wikipedia_it": "https://it.wikipedia.org/wiki/Adorazione_dei_Magi_(Veronese_Londra)",
    "wikidata": "https://www.wikidata.org/wiki/Q15410148",
    "creation_place": "Venice",
    "creation_lat": 45.4408,
    "creation_lon": 12.3155,
    "_source": {
     "source": "Wikidata",
     "url": "https://www.wikidata.org/wiki/Q15410148",
     "retrieved_at": "2026-08-19"
    },
    "_overrides": {
     "creation": {
      "at": "2026-08-19",
      "source": "derived from start date + Caravaggio's documented itinerary (approximate)"
     }
    },
    "museum_id": "national-gallery"
   }
  },
  {
   "type": "Feature",
   "geometry": {
    "type": "Point",
    "coordinates": [
     11.25528,
     43.76833
    ]
   },
   "properties": {
    "painter": "Veronese",
    "title": "Annunciation",
    "year": "1556",
    "city": "Florence",
    "country": "Italy",
    "location": "Uffizi Gallery",
    "kind": "museum",
    "attribution": "generally accepted",
    "status": "present",
    "medium": "Oil on canvas",
    "dimensions": "143 × 291 cm",
    "genre": "religious art",
    "image": "https://commons.wikimedia.org/wiki/Special:FilePath/Veronese%20-%20Annunciazione%2C%201185100%2C%20Uffizi.jpg?width=420",
    "wikipedia_en": "https://en.wikipedia.org/wiki/Annunciation_(Veronese,_Uffizi)",
    "wikipedia_it": "https://it.wikipedia.org/wiki/Annunciazione_(Veronese_Uffizi)",
    "wikidata": "https://www.wikidata.org/wiki/Q15974329",
    "creation_place": "Venice",
    "creation_lat": 45.4408,
    "creation_lon": 12.3155,
    "_source": {
     "source": "Wikidata",
     "url": "https://www.wikidata.org/wiki/Q15974329",
     "retrieved_at": "2026-08-19"
    },
    "_overrides": {
     "creation": {
      "at": "2026-08-19",
      "source": "derived from start date + Caravaggio's documented itinerary (approximate)"
     }
    },
    "museum_id": "uffizi-gallery"
   }
  },
  {
   "type": "Feature",
   "geometry": {
    "type": "Point",
    "coordinates": [
     11.25528,
     43.76833
    ]
   },
   "properties": {
    "painter": "Veronese",
    "title": "The Martyrdom of Saint Justina",
    "year": "1555",
    "city": "Florence",
    "country": "Italy",
    "location": "Uffizi Gallery",
    "kind": "museum",
    "attribution": "generally accepted",
    "status": "present",
    "medium": "Oil on canvas",
    "dimensions": "103 × 113 cm",
    "genre": "religious art",
    "image": "https://commons.wikimedia.org/wiki/Special:FilePath/Paolo%20Veronese%20-%20Martirio%20di%20Santa%20Giustina%20-%20Google%20Art%20Project.jpg?width=420",
    "wikipedia_en": "https://en.wikipedia.org/wiki/The_Martyrdom_of_Saint_Justina",
    "wikipedia_it": "https://it.wikipedia.org/wiki/Martirio_di_santa_Giustina",
    "wikidata": "https://www.wikidata.org/wiki/Q15974345",
    "creation_place": "Venice",
    "creation_lat": 45.4408,
    "creation_lon": 12.3155,
    "_source": {
     "source": "Wikidata",
     "url": "https://www.wikidata.org/wiki/Q15974345",
     "retrieved_at": "2026-08-19"
    },
    "_overrides": {
     "creation": {
      "at": "2026-08-19",
      "source": "derived from start date + Caravaggio's documented itinerary (approximate)"
     }
    },
    "museum_id": "uffizi-gallery"
   }
  },
  {
   "type": "Feature",
   "geometry": {
    "type": "Point",
    "coordinates": [
     11.2549,
     43.7687
    ]
   },
   "properties": {
    "painter": "Veronese",
    "title": "Portrait of Iseppo da Porto and his son Adriano",
    "year": "1555",
    "city": "Florence",
    "country": "Italy",
    "location": "Contini Bonacossi collection",
    "kind": "museum",
    "attribution": "generally accepted",
    "status": "present",
    "medium": "Oil on canvas",
    "dimensions": "247 × 133 cm",
    "genre": "portrait",
    "image": "https://commons.wikimedia.org/wiki/Special:FilePath/Count%20Iseppo%20da%20Porto%2C%20by%20Paolo%20Veronese.jpg?width=420",
    "wikipedia_es": "https://es.wikipedia.org/wiki/Retrato_de_Iseppo_da_Porto_con_su_hijo_Adriano",
    "wikipedia_en": "https://en.wikipedia.org/wiki/Portrait_of_Iseppo_da_Porto_and_his_son_Adriano",
    "wikipedia_it": "https://it.wikipedia.org/wiki/Ritratto_di_Iseppo_da_Porto_col_figlio_Adriano",
    "wikidata": "https://www.wikidata.org/wiki/Q15974356",
    "creation_place": "Venice",
    "creation_lat": 45.4408,
    "creation_lon": 12.3155,
    "_source": {
     "source": "Wikidata",
     "url": "https://www.wikidata.org/wiki/Q15974356",
     "retrieved_at": "2026-08-19"
    },
    "_overrides": {
     "creation": {
      "at": "2026-08-19",
      "source": "derived from start date + Caravaggio's documented itinerary (approximate)"
     }
    },
    "museum_id": "contini-bonacossi-collection"
   }
  },
  {
   "type": "Feature",
   "geometry": {
    "type": "Point",
    "coordinates": [
     11.25528,
     43.76833
    ]
   },
   "properties": {
    "painter": "Veronese",
    "title": "The Holy Family with St Catherine and the Infant St John",
    "year": "1570",
    "city": "Florence",
    "country": "Italy",
    "location": "Uffizi Gallery",
    "kind": "museum",
    "attribution": "generally accepted",
    "status": "present",
    "medium": "Oil on canvas",
    "dimensions": "86 × 122 cm",
    "genre": "religious art",
    "image": "https://commons.wikimedia.org/wiki/Special:FilePath/Paolo%20Veronese%20-%20Holy%20Family%20with%20St%20Barbara%20and%20the%20Infant%20St%20John%20-%20WGA24826.jpg?width=420",
    "wikipedia_en": "https://en.wikipedia.org/wiki/Holy_Family_with_Saint_Catherine_and_Saint_John_the_Baptist",
    "wikipedia_it": "https://it.wikipedia.org/wiki/Sacra_Famiglia_con_i_santi_Caterina_e_Giovannino",
    "wikidata": "https://www.wikidata.org/wiki/Q15974361",
    "creation_place": "Venice",
    "creation_lat": 45.4408,
    "creation_lon": 12.3155,
    "_source": {
     "source": "Wikidata",
     "url": "https://www.wikidata.org/wiki/Q15974361",
     "retrieved_at": "2026-08-19"
    },
    "_overrides": {
     "creation": {
      "at": "2026-08-19",
      "source": "derived from start date + Caravaggio's documented itinerary (approximate)"
     }
    },
    "museum_id": "uffizi-gallery"
   }
  },
  {
   "type": "Feature",
   "geometry": {
    "type": "Point",
    "coordinates": [
     10.98778,
     45.44
    ]
   },
   "properties": {
    "painter": "Veronese",
    "title": "Lament over the Dead Christ",
    "year": "1540",
    "city": "Verona",
    "country": "Italy",
    "location": "Castelvecchio Museum",
    "kind": "museum",
    "attribution": "generally accepted",
    "status": "present",
    "medium": "Oil on canvas",
    "dimensions": "76 × 117 cm",
    "genre": "religious art",
    "image": "https://commons.wikimedia.org/wiki/Special:FilePath/Paolo%20Veronese%20-%20Lamentation%20over%20the%20Dead%20Christ%20-%20WGA24758.jpg?width=420",
    "wikipedia_en": "https://en.wikipedia.org/wiki/Lament_over_the_Dead_Christ_(Veronese)",
    "wikipedia_it": "https://it.wikipedia.org/wiki/Compianto_sul_Cristo_morto_(Veronese)",
    "wikidata": "https://www.wikidata.org/wiki/Q16543332",
    "_source": {
     "source": "Wikidata",
     "url": "https://www.wikidata.org/wiki/Q16543332",
     "retrieved_at": "2026-08-19"
    },
    "museum_id": "castelvecchio-museum"
   }
  },
  {
   "type": "Feature",
   "geometry": {
    "type": "Point",
    "coordinates": [
     19.07678,
     47.51587
    ]
   },
   "properties": {
    "painter": "Veronese",
    "title": "Portrait of a Man",
    "year": "1555",
    "city": "Zugló",
    "country": "Hungary",
    "location": "Museum of Fine Arts, Budapest",
    "kind": "museum",
    "attribution": "generally accepted",
    "status": "present",
    "medium": "Oil on canvas",
    "dimensions": "120 × 102 cm",
    "genre": "portrait",
    "image": "https://commons.wikimedia.org/wiki/Special:FilePath/Paolo%20Veronese%20-%20Portrait%20of%20a%20Man%20-%20Google%20Art%20Project.jpg?width=420",
    "wikipedia_es": "https://es.wikipedia.org/wiki/Gentilhombre_con_pelliza_de_lince",
    "wikipedia_en": "https://en.wikipedia.org/wiki/Portrait_of_a_Young_Man_Wearing_Lynx_Fur",
    "wikidata": "https://www.wikidata.org/wiki/Q16571134",
    "creation_place": "Venice",
    "creation_lat": 45.4408,
    "creation_lon": 12.3155,
    "_source": {
     "source": "Wikidata",
     "url": "https://www.wikidata.org/wiki/Q16571134",
     "retrieved_at": "2026-08-19"
    },
    "_overrides": {
     "creation": {
      "at": "2026-08-19",
      "source": "derived from start date + Caravaggio's documented itinerary (approximate)"
     }
    },
    "museum_id": "museum-of-fine-arts-budapest-2"
   }
  },
  {
   "type": "Feature",
   "geometry": {
    "type": "Point",
    "coordinates": [
     10.98778,
     45.44
    ]
   },
   "properties": {
    "painter": "Veronese",
    "title": "Madonna with child",
    "year": "1548",
    "city": "Verona",
    "country": "Italy",
    "location": "Castelvecchio Museum",
    "kind": "museum",
    "attribution": "generally accepted",
    "status": "present",
    "medium": "Oil on canvas",
    "dimensions": "223 × 172 cm",
    "genre": "religious art",
    "image": "https://commons.wikimedia.org/wiki/Special:FilePath/Paolo%20Veronese%20-%20Pala%20Bevilacqua%20Lazise%20-%20Verona%20Museo%20Castelvecchio.jpg?width=420",
    "wikipedia_en": "https://en.wikipedia.org/wiki/Bevilacqua-Lazise_Altarpiece",
    "wikipedia_it": "https://it.wikipedia.org/wiki/Pala_Bevilacqua-Lazise",
    "wikidata": "https://www.wikidata.org/wiki/Q16585848",
    "creation_place": "Verona",
    "creation_lat": 45.4384,
    "creation_lon": 10.9916,
    "_source": {
     "source": "Wikidata",
     "url": "https://www.wikidata.org/wiki/Q16585848",
     "retrieved_at": "2026-08-19"
    },
    "_overrides": {
     "creation": {
      "at": "2026-08-19",
      "source": "derived from start date + Caravaggio's documented itinerary (approximate)"
     }
    },
    "museum_id": "castelvecchio-museum"
   }
  },
  {
   "type": "Feature",
   "geometry": {
    "type": "Point",
    "coordinates": [
     2.3358,
     48.8611
    ]
   },
   "properties": {
    "painter": "Veronese",
    "title": "Portrait of a Venetian Woman, called La Belle Nani",
    "year": "1560",
    "city": "Paris",
    "country": "France",
    "location": "Louvre",
    "kind": "museum",
    "attribution": "generally accepted",
    "status": "present",
    "medium": "Oil on canvas",
    "dimensions": "119 × 103 cm",
    "genre": "portrait",
    "image": "https://commons.wikimedia.org/wiki/Special:FilePath/Paolo%20Veronese%20040.jpg?width=420",
    "wikipedia_en": "https://en.wikipedia.org/wiki/La_Bella_Nani",
    "wikipedia_it": "https://it.wikipedia.org/wiki/La_bella_Nani",
    "wikidata": "https://www.wikidata.org/wiki/Q18209062",
    "creation_place": "Venice",
    "creation_lat": 45.4408,
    "creation_lon": 12.3155,
    "_source": {
     "source": "Wikidata",
     "url": "https://www.wikidata.org/wiki/Q18209062",
     "retrieved_at": "2026-08-19"
    },
    "_overrides": {
     "creation": {
      "at": "2026-08-19",
      "source": "derived from start date + Caravaggio's documented itinerary (approximate)"
     }
    },
    "museum_id": "louvre"
   }
  },
  {
   "type": "Feature",
   "geometry": {
    "type": "Point",
    "coordinates": [
     12.45277,
     41.90573
    ]
   },
   "properties": {
    "painter": "Veronese",
    "title": "The Vision of St. Helena",
    "year": "1580",
    "city": "Vatican City",
    "country": "Vatican City",
    "location": "Pinacoteca Vaticana",
    "kind": "museum",
    "attribution": "generally accepted",
    "status": "present",
    "medium": "Oil on canvas",
    "dimensions": "166 × 134 cm",
    "genre": "religious art",
    "image": "https://commons.wikimedia.org/wiki/Special:FilePath/The%20Vision%20of%20St%20Helena%20veronese2.jpg?width=420",
    "wikipedia_it": "https://it.wikipedia.org/wiki/Visione_di_sant%27Elena",
    "wikidata": "https://www.wikidata.org/wiki/Q1832360",
    "creation_place": "Venice",
    "creation_lat": 45.4408,
    "creation_lon": 12.3155,
    "_source": {
     "source": "Wikidata",
     "url": "https://www.wikidata.org/wiki/Q1832360",
     "retrieved_at": "2026-08-19"
    },
    "_overrides": {
     "creation": {
      "at": "2026-08-19",
      "source": "derived from start date + Caravaggio's documented itinerary (approximate)"
     }
    },
    "museum_id": "pinacoteca-vaticana"
   }
  },
  {
   "type": "Feature",
   "geometry": {
    "type": "Point",
    "coordinates": [
     2.3358,
     48.8611
    ]
   },
   "properties": {
    "painter": "Veronese",
    "title": "Esther and Ahasuerus",
    "year": "1577",
    "city": "Paris",
    "country": "France",
    "location": "Louvre",
    "kind": "museum",
    "attribution": "attributed",
    "status": "present",
    "medium": "Oil on canvas",
    "dimensions": "198 × 306 cm",
    "genre": "religious art",
    "image": "https://commons.wikimedia.org/wiki/Special:FilePath/Esther%20et%20Assu%C3%A9rus%20-%20Paul%20V%C3%A9ron%C3%A8se%20-%20Mus%C3%A9e%20du%20Louvre%20Peintures%20INV%20138%20%3B%20MR%20387%20-%20photo%202.jpg?width=420",
    "wikidata": "https://www.wikidata.org/wiki/Q18573215",
    "creation_place": "Venice",
    "creation_lat": 45.4408,
    "creation_lon": 12.3155,
    "_source": {
     "source": "Wikidata",
     "url": "https://www.wikidata.org/wiki/Q18573215",
     "retrieved_at": "2026-08-19"
    },
    "_overrides": {
     "creation": {
      "at": "2026-08-19",
      "source": "derived from start date + Caravaggio's documented itinerary (approximate)"
     }
    },
    "museum_id": "louvre"
   }
  },
  {
   "type": "Feature",
   "geometry": {
    "type": "Point",
    "coordinates": [
     2.3358,
     48.8611
    ]
   },
   "properties": {
    "painter": "Veronese",
    "title": "The Olympians: Jupiter, Apollo, Diana and Mars",
    "year": "1557",
    "country": "France",
    "location": "Louvre",
    "kind": "museum",
    "attribution": "attributed",
    "status": "present",
    "medium": "Canvas",
    "dimensions": "310 × 228 cm",
    "genre": "mythological painting",
    "image": "https://commons.wikimedia.org/wiki/Special:FilePath/Veronese%20-%20Les%20Sept%20Divinit%C3%A9s%20plan%C3%A9taires%20Jupiter%2C%20Apollon%2C%20Diane%20et%20Mars%2C%20RF%202183.jpg?width=420",
    "wikidata": "https://www.wikidata.org/wiki/Q18573243",
    "creation_place": "Venice",
    "creation_lat": 45.4408,
    "creation_lon": 12.3155,
    "_source": {
     "source": "Wikidata",
     "url": "https://www.wikidata.org/wiki/Q18573243",
     "retrieved_at": "2026-08-19"
    },
    "_overrides": {
     "creation": {
      "at": "2026-08-19",
      "source": "derived from start date + Caravaggio's documented itinerary (approximate)"
     }
    },
    "museum_id": "louvre",
    "city": "Paris"
   }
  },
  {
   "type": "Feature",
   "geometry": {
    "type": "Point",
    "coordinates": [
     2.3358,
     48.8611
    ]
   },
   "properties": {
    "painter": "Veronese",
    "title": "Madonna and Child between St. Justina and St. George, with a Kneeling Benedictine Monk",
    "year": "1554",
    "city": "Paris",
    "country": "France",
    "location": "Louvre",
    "kind": "museum",
    "attribution": "attributed",
    "status": "present",
    "medium": "Oil on canvas",
    "dimensions": "100 × 99 cm",
    "genre": "religious art",
    "image": "https://commons.wikimedia.org/wiki/Special:FilePath/Paolo%20veronese%2C%20madonna%20col%20bambino%20tra%20i%20santi%20giorgio%20e%20giustina%20con%20un%20benedettino%20inginocchiato%2C%201554%20ca.%2002.JPG?width=420",
    "wikidata": "https://www.wikidata.org/wiki/Q18573246",
    "creation_place": "Venice",
    "creation_lat": 45.4408,
    "creation_lon": 12.3155,
    "_source": {
     "source": "Wikidata",
     "url": "https://www.wikidata.org/wiki/Q18573246",
     "retrieved_at": "2026-08-19"
    },
    "_overrides": {
     "creation": {
      "at": "2026-08-19",
      "source": "derived from start date + Caravaggio's documented itinerary (approximate)"
     }
    },
    "museum_id": "louvre"
   }
  },
  {
   "type": "Feature",
   "geometry": {
    "type": "Point",
    "coordinates": [
     2.3358,
     48.8611
    ]
   },
   "properties": {
    "painter": "Veronese",
    "title": "The Raising of Jairus' daughter",
    "year": "1546",
    "country": "France",
    "location": "Louvre",
    "kind": "museum",
    "attribution": "attributed",
    "status": "present",
    "medium": "Oil on canvas",
    "dimensions": "42 × 37 cm",
    "genre": "religious art",
    "image": "https://commons.wikimedia.org/wiki/Special:FilePath/Paolo%20Veronese%20cat01c.jpg?width=420",
    "wikidata": "https://www.wikidata.org/wiki/Q18573248",
    "_source": {
     "source": "Wikidata",
     "url": "https://www.wikidata.org/wiki/Q18573248",
     "retrieved_at": "2026-08-19"
    },
    "museum_id": "louvre",
    "city": "Paris"
   }
  },
  {
   "type": "Feature",
   "geometry": {
    "type": "Point",
    "coordinates": [
     2.3358,
     48.8611
    ]
   },
   "properties": {
    "painter": "Veronese",
    "title": "Jupiter Hurling Thunderbolts at the Vices",
    "year": "1553",
    "city": "Paris",
    "country": "France",
    "location": "Louvre",
    "kind": "museum",
    "attribution": "attributed",
    "status": "present",
    "medium": "Oil on canvas",
    "dimensions": "560 × 330 cm",
    "genre": "allegory, mythological painting",
    "image": "https://commons.wikimedia.org/wiki/Special:FilePath/Paolo%20Veronese%20-%20Giove%20che%20fulmina%20i%20vizi%20%281554-1556%29%20-%20Sala%20del%20Consiglio%20dei%20Dieci%20-%20Palazzo%20Ducale.jpg?width=420",
    "wikidata": "https://www.wikidata.org/wiki/Q18573249",
    "creation_place": "Verona",
    "creation_lat": 45.4384,
    "creation_lon": 10.9916,
    "_source": {
     "source": "Wikidata",
     "url": "https://www.wikidata.org/wiki/Q18573249",
     "retrieved_at": "2026-08-19"
    },
    "_overrides": {
     "creation": {
      "at": "2026-08-19",
      "source": "derived from start date + Caravaggio's documented itinerary (approximate)"
     }
    },
    "museum_id": "louvre"
   }
  },
  {
   "type": "Feature",
   "geometry": {
    "type": "Point",
    "coordinates": [
     2.3358,
     48.8611
    ]
   },
   "properties": {
    "painter": "Veronese",
    "title": "Portrait of a Woman with a Child and a Dog",
    "year": "1546",
    "country": "France",
    "location": "Louvre",
    "kind": "museum",
    "attribution": "attributed",
    "status": "present",
    "medium": "Oil on canvas",
    "dimensions": "115 × 95 cm",
    "genre": "portrait",
    "image": "https://commons.wikimedia.org/wiki/Special:FilePath/Paolo%20Veronese%20038.jpg?width=420",
    "wikidata": "https://www.wikidata.org/wiki/Q18573252",
    "_source": {
     "source": "Wikidata",
     "url": "https://www.wikidata.org/wiki/Q18573252",
     "retrieved_at": "2026-08-19"
    },
    "museum_id": "louvre",
    "city": "Paris"
   }
  },
  {
   "type": "Feature",
   "geometry": {
    "type": "Point",
    "coordinates": [
     2.3358,
     48.8611
    ]
   },
   "properties": {
    "painter": "Veronese",
    "title": "The Olympians: Venus, Saturn and Mercury",
    "year": "1557",
    "country": "France",
    "location": "Louvre",
    "kind": "museum",
    "attribution": "attributed",
    "status": "present",
    "medium": "Canvas",
    "dimensions": "310 × 228 cm",
    "genre": "nude",
    "image": "https://commons.wikimedia.org/wiki/Special:FilePath/Veronese%20-%20Les%20Sept%20Divinit%C3%A9s%20plan%C3%A9taires%20V%C3%A9nus%2C%20Saturne%20et%20Mercure%2C%20RF%202183%20bis.jpg?width=420",
    "wikidata": "https://www.wikidata.org/wiki/Q18573253",
    "creation_place": "Venice",
    "creation_lat": 45.4408,
    "creation_lon": 12.3155,
    "_source": {
     "source": "Wikidata",
     "url": "https://www.wikidata.org/wiki/Q18573253",
     "retrieved_at": "2026-08-19"
    },
    "_overrides": {
     "creation": {
      "at": "2026-08-19",
      "source": "derived from start date + Caravaggio's documented itinerary (approximate)"
     }
    },
    "museum_id": "louvre",
    "city": "Paris"
   }
  },
  {
   "type": "Feature",
   "geometry": {
    "type": "Point",
    "coordinates": [
     18.0781,
     59.3286
    ]
   },
   "properties": {
    "painter": "Veronese",
    "title": "Venus Mourning Adonis",
    "city": "Stockholm",
    "country": "Sweden",
    "location": "Nationalmuseum",
    "kind": "museum",
    "attribution": "attributed",
    "status": "present",
    "medium": "Oil on canvas",
    "dimensions": "145 × 173.5 cm",
    "genre": "mythological painting",
    "image": "https://commons.wikimedia.org/wiki/Special:FilePath/Venus%20Mourning%20Adonis%20%28Paolo%20Veronese%29%20-%20Nationalmuseum%20-%2021466.tif?width=420",
    "wikidata": "https://www.wikidata.org/wiki/Q18600073",
    "_source": {
     "source": "Wikidata",
     "url": "https://www.wikidata.org/wiki/Q18600073",
     "retrieved_at": "2026-08-19"
    },
    "museum_id": "nationalmuseum"
   }
  },
  {
   "type": "Feature",
   "geometry": {
    "type": "Point",
    "coordinates": [
     2.3358,
     48.8611
    ]
   },
   "properties": {
    "painter": "Veronese",
    "title": "Crucifixion",
    "year": "1584",
    "city": "Paris",
    "country": "France",
    "location": "Louvre",
    "kind": "museum",
    "attribution": "attributed",
    "status": "present",
    "medium": "Oil on canvas",
    "dimensions": "102 × 102 cm",
    "genre": "religious art",
    "image": "https://commons.wikimedia.org/wiki/Special:FilePath/Paolo%20Veronese%20010.jpg?width=420",
    "wikidata": "https://www.wikidata.org/wiki/Q18617031",
    "creation_place": "Venice",
    "creation_lat": 45.4408,
    "creation_lon": 12.3155,
    "_source": {
     "source": "Wikidata",
     "url": "https://www.wikidata.org/wiki/Q18617031",
     "retrieved_at": "2026-08-19"
    },
    "_overrides": {
     "creation": {
      "at": "2026-08-19",
      "source": "derived from start date + Caravaggio's documented itinerary (approximate)"
     }
    },
    "museum_id": "louvre"
   }
  },
  {
   "type": "Feature",
   "geometry": {
    "type": "Point",
    "coordinates": [
     -0.1283,
     51.5089
    ]
   },
   "properties": {
    "painter": "Veronese",
    "title": "The Dream of Saint Helena",
    "year": "1570",
    "city": "London",
    "country": "United Kingdom",
    "location": "National Gallery",
    "kind": "museum",
    "attribution": "attributed",
    "status": "present",
    "medium": "Oil on canvas",
    "dimensions": "197.5 × 115.6 cm",
    "genre": "religious art",
    "image": "https://commons.wikimedia.org/wiki/Special:FilePath/Paolo%20Veronese%20-%20The%20Dream%20of%20Saint%20Helena%20-%20Google%20Art%20Project.jpg?width=420",
    "wikidata": "https://www.wikidata.org/wiki/Q18688335",
    "creation_place": "Venice",
    "creation_lat": 45.4408,
    "creation_lon": 12.3155,
    "_source": {
     "source": "Wikidata",
     "url": "https://www.wikidata.org/wiki/Q18688335",
     "retrieved_at": "2026-08-19"
    },
    "_overrides": {
     "creation": {
      "at": "2026-08-19",
      "source": "derived from start date + Caravaggio's documented itinerary (approximate)"
     }
    },
    "museum_id": "national-gallery"
   }
  },
  {
   "type": "Feature",
   "geometry": {
    "type": "Point",
    "coordinates": [
     -0.1283,
     51.5089
    ]
   },
   "properties": {
    "painter": "Veronese",
    "title": "The Consecration of Saint Nicholas",
    "year": "1562",
    "city": "London",
    "country": "United Kingdom",
    "location": "National Gallery",
    "kind": "museum",
    "attribution": "attributed",
    "status": "present",
    "medium": "Oil on canvas",
    "dimensions": "286.5 × 175.3 cm",
    "genre": "religious art",
    "image": "https://commons.wikimedia.org/wiki/Special:FilePath/Paolo%20Veronese%20-%20The%20Consecration%20of%20Saint%20Nicholas%20-%20Google%20Art%20Project.jpg?width=420",
    "wikidata": "https://www.wikidata.org/wiki/Q18688336",
    "creation_place": "Venice",
    "creation_lat": 45.4408,
    "creation_lon": 12.3155,
    "_source": {
     "source": "Wikidata",
     "url": "https://www.wikidata.org/wiki/Q18688336",
     "retrieved_at": "2026-08-19"
    },
    "_overrides": {
     "creation": {
      "at": "2026-08-19",
      "source": "derived from start date + Caravaggio's documented itinerary (approximate)"
     }
    },
    "museum_id": "national-gallery"
   }
  },
  {
   "type": "Feature",
   "geometry": {
    "type": "Point",
    "coordinates": [
     -76.6165,
     39.29642
    ]
   },
   "properties": {
    "painter": "Veronese",
    "title": "Portrait of Countess Livia da Porto Thiene and her Daughter Deidamia",
    "year": "1552",
    "city": "Baltimore",
    "country": "United States",
    "location": "Walters Art Museum",
    "kind": "museum",
    "attribution": "attributed",
    "status": "present",
    "medium": "Oil on canvas",
    "dimensions": "208.4 × 121 cm",
    "genre": "portrait",
    "image": "https://commons.wikimedia.org/wiki/Special:FilePath/Paolo%20Veronese%20-%20Portrait%20of%20Countess%20Livia%20da%20Porto%20Thiene%20and%20her%20Daughter%20Deidamia%20-%20Walters%2037541.jpg?width=420",
    "wikidata": "https://www.wikidata.org/wiki/Q18749323",
    "creation_place": "Verona",
    "creation_lat": 45.4384,
    "creation_lon": 10.9916,
    "_source": {
     "source": "Wikidata",
     "url": "https://www.wikidata.org/wiki/Q18749323",
     "retrieved_at": "2026-08-19"
    },
    "_overrides": {
     "creation": {
      "at": "2026-08-19",
      "source": "derived from start date + Caravaggio's documented itinerary (approximate)"
     }
    },
    "museum_id": "walters-art-museum"
   }
  },
  {
   "type": "Feature",
   "geometry": {
    "type": "Point",
    "coordinates": [
     -0.1283,
     51.5089
    ]
   },
   "properties": {
    "painter": "Veronese",
    "title": "The Conversion of Mary Magdalene",
    "year": "1548",
    "city": "London",
    "country": "United Kingdom",
    "location": "National Gallery",
    "kind": "museum",
    "attribution": "generally accepted",
    "status": "present",
    "medium": "Oil on canvas",
    "dimensions": "117.5 × 163.5 cm",
    "genre": "religious art",
    "image": "https://commons.wikimedia.org/wiki/Special:FilePath/Paolo%20Veronese%2C%20The%20Conversion%20of%20Mary%20Magdalene.jpg?width=420",
    "wikipedia_en": "https://en.wikipedia.org/wiki/The_Conversion_of_Mary_Magdalene",
    "wikipedia_it": "https://it.wikipedia.org/wiki/Conversione_di_Maria_Maddalena",
    "wikidata": "https://www.wikidata.org/wiki/Q19574577",
    "creation_place": "Verona",
    "creation_lat": 45.4384,
    "creation_lon": 10.9916,
    "_source": {
     "source": "Wikidata",
     "url": "https://www.wikidata.org/wiki/Q19574577",
     "retrieved_at": "2026-08-19"
    },
    "_overrides": {
     "creation": {
      "at": "2026-08-19",
      "source": "derived from start date + Caravaggio's documented itinerary (approximate)"
     }
    },
    "museum_id": "national-gallery"
   }
  },
  {
   "type": "Feature",
   "geometry": {
    "type": "Point",
    "coordinates": [
     -73.9672,
     40.7711
    ]
   },
   "properties": {
    "painter": "Veronese",
    "title": "Allegory of Wisdom and Strength",
    "year": "1565",
    "city": "New York",
    "country": "United States",
    "location": "Frick Collection",
    "kind": "museum",
    "attribution": "generally accepted",
    "status": "present",
    "medium": "Oil on canvas",
    "dimensions": "214.6 × 167 cm",
    "genre": "allegory",
    "image": "https://commons.wikimedia.org/wiki/Special:FilePath/Veronese%20Allegory%20of%20Wisdom%20and%20Strength.jpg?width=420",
    "wikipedia_en": "https://en.wikipedia.org/wiki/Allegory_of_Wisdom_and_Strength",
    "wikipedia_it": "https://it.wikipedia.org/wiki/Allegoria_della_Saggezza_e_della_Forza",
    "wikidata": "https://www.wikidata.org/wiki/Q19857397",
    "creation_place": "Venice",
    "creation_lat": 45.4408,
    "creation_lon": 12.3155,
    "_source": {
     "source": "Wikidata",
     "url": "https://www.wikidata.org/wiki/Q19857397",
     "retrieved_at": "2026-08-19"
    },
    "_overrides": {
     "creation": {
      "at": "2026-08-19",
      "source": "derived from start date + Caravaggio's documented itinerary (approximate)"
     }
    },
    "museum_id": "frick-collection"
   }
  },
  {
   "type": "Feature",
   "geometry": {
    "type": "Point",
    "coordinates": [
     -73.9631,
     40.7794
    ]
   },
   "properties": {
    "painter": "Veronese",
    "title": "Saint Catherine of Alexandria in Prison",
    "year": "1580",
    "city": "New York",
    "country": "United States",
    "location": "Metropolitan Museum of Art",
    "kind": "museum",
    "attribution": "attributed",
    "status": "present",
    "medium": "Oil on canvas",
    "dimensions": "116.2 × 83.8 cm",
    "genre": "religious art",
    "image": "https://commons.wikimedia.org/wiki/Special:FilePath/Veronese%20-%20Santa%20Caterina%20di%20Alessandria%20in%20prigione%20-%20Metropolitan%20New%20York.jpg?width=420",
    "wikidata": "https://www.wikidata.org/wiki/Q19905270",
    "creation_place": "Venice",
    "creation_lat": 45.4408,
    "creation_lon": 12.3155,
    "_source": {
     "source": "Wikidata",
     "url": "https://www.wikidata.org/wiki/Q19905270",
     "retrieved_at": "2026-08-19"
    },
    "_overrides": {
     "creation": {
      "at": "2026-08-19",
      "source": "derived from start date + Caravaggio's documented itinerary (approximate)"
     }
    },
    "museum_id": "metropolitan-museum-of-art"
   }
  },
  {
   "type": "Feature",
   "geometry": {
    "type": "Point",
    "coordinates": [
     -73.9631,
     40.7794
    ]
   },
   "properties": {
    "painter": "Veronese",
    "title": "Boy with a Greyhound",
    "year": "1570",
    "city": "New York",
    "country": "United States",
    "location": "Metropolitan Museum of Art",
    "kind": "museum",
    "attribution": "attributed",
    "status": "present",
    "medium": "Oil on canvas",
    "dimensions": "173.7 × 101.9 cm",
    "genre": "portrait",
    "image": "https://commons.wikimedia.org/wiki/Special:FilePath/Metropolitan%20Museum%20of%20Art%2C%20Veronese%2C%20Boy%20with%20a%20Greyhound-2.jpg?width=420",
    "wikidata": "https://www.wikidata.org/wiki/Q19911888",
    "creation_place": "Venice",
    "creation_lat": 45.4408,
    "creation_lon": 12.3155,
    "_source": {
     "source": "Wikidata",
     "url": "https://www.wikidata.org/wiki/Q19911888",
     "retrieved_at": "2026-08-19"
    },
    "_overrides": {
     "creation": {
      "at": "2026-08-19",
      "source": "derived from start date + Caravaggio's documented itinerary (approximate)"
     }
    },
    "museum_id": "metropolitan-museum-of-art"
   }
  },
  {
   "type": "Feature",
   "geometry": {
    "type": "Point",
    "coordinates": [
     -73.9631,
     40.7794
    ]
   },
   "properties": {
    "painter": "Veronese",
    "title": "Alessandro Vittoria (1524/25–1608)",
    "year": "1580",
    "city": "New York",
    "country": "United States",
    "location": "Metropolitan Museum of Art",
    "kind": "museum",
    "attribution": "attributed",
    "status": "present",
    "medium": "Oil on canvas",
    "dimensions": "110.5 × 81.9 cm",
    "genre": "portrait",
    "image": "https://commons.wikimedia.org/wiki/Special:FilePath/Alessandro%20Vittoria%20-%20Paolo%20Veronese.jpg?width=420",
    "wikidata": "https://www.wikidata.org/wiki/Q19912118",
    "creation_place": "Venice",
    "creation_lat": 45.4408,
    "creation_lon": 12.3155,
    "_source": {
     "source": "Wikidata",
     "url": "https://www.wikidata.org/wiki/Q19912118",
     "retrieved_at": "2026-08-19"
    },
    "_overrides": {
     "creation": {
      "at": "2026-08-19",
      "source": "derived from start date + Caravaggio's documented itinerary (approximate)"
     }
    },
    "museum_id": "metropolitan-museum-of-art"
   }
  },
  {
   "type": "Feature",
   "geometry": {
    "type": "Point",
    "coordinates": [
     4.83361,
     45.76694
    ]
   },
   "properties": {
    "painter": "Veronese",
    "title": "The Finding of Moses",
    "year": "1550-1575",
    "city": "Lyon",
    "country": "France",
    "location": "Museum of Fine Arts of Lyon",
    "kind": "museum",
    "attribution": "generally accepted",
    "status": "present",
    "medium": "Oil on canvas",
    "dimensions": "129 × 115 cm",
    "genre": "religious art",
    "image": "https://commons.wikimedia.org/wiki/Special:FilePath/Mo%C3%AFse%20sauv%C3%A9%20des%20eaux%20-%20V%C3%A9ron%C3%A8se%20%28A%2066%29.jpg?width=420",
    "wikipedia_en": "https://en.wikipedia.org/wiki/The_Finding_of_Moses_(Veronese,_Lyon)",
    "wikidata": "https://www.wikidata.org/wiki/Q19947579",
    "creation_place": "Verona",
    "creation_lat": 45.4384,
    "creation_lon": 10.9916,
    "_source": {
     "source": "Wikidata",
     "url": "https://www.wikidata.org/wiki/Q19947579",
     "retrieved_at": "2026-08-19"
    },
    "_overrides": {
     "creation": {
      "at": "2026-08-19",
      "source": "derived from start date + Caravaggio's documented itinerary (approximate)"
     }
    },
    "museum_id": "museum-of-fine-arts-of-lyon"
   }
  },
  {
   "type": "Feature",
   "geometry": {
    "type": "Point",
    "coordinates": [
     12.32814,
     45.43108
    ]
   },
   "properties": {
    "painter": "Veronese",
    "title": "The Annunciation",
    "year": "1578",
    "city": "Venice",
    "country": "Italy",
    "location": "Gallerie dell'Accademia",
    "kind": "museum",
    "attribution": "generally accepted",
    "status": "present",
    "medium": "Oil on canvas",
    "dimensions": "279 × 551 cm",
    "genre": "religious art",
    "image": "https://commons.wikimedia.org/wiki/Special:FilePath/Accademia%20-%20The%20Annunciation%20-%20Veronese.jpg?width=420",
    "wikipedia_en": "https://en.wikipedia.org/wiki/Annunciation_(Veronese,_Accademia)",
    "wikidata": "https://www.wikidata.org/wiki/Q20065944",
    "creation_place": "Venice",
    "creation_lat": 45.4408,
    "creation_lon": 12.3155,
    "_source": {
     "source": "Wikidata",
     "url": "https://www.wikidata.org/wiki/Q20065944",
     "retrieved_at": "2026-08-19"
    },
    "_overrides": {
     "creation": {
      "at": "2026-08-19",
      "source": "derived from start date + Caravaggio's documented itinerary (approximate)"
     }
    },
    "museum_id": "gallerie-dell-accademia"
   }
  },
  {
   "type": "Feature",
   "geometry": {
    "type": "Point",
    "coordinates": [
     16.3616,
     48.20388
    ]
   },
   "properties": {
    "painter": "Veronese",
    "title": "Raising the Young Man of Nain",
    "year": "1560",
    "city": "Vienna",
    "country": "Austria",
    "location": "Kunsthistorisches Museum",
    "kind": "museum",
    "attribution": "generally accepted",
    "status": "present",
    "medium": "Oil paint",
    "dimensions": "102 × 136 cm",
    "genre": "religious art",
    "image": "https://commons.wikimedia.org/wiki/Special:FilePath/Paolo%20Caliari%2C%20gen.%20Veronese%2C%20Kunsthistorisches%20Museum%20Wien%2C%20Gem%C3%A4ldegalerie%20-%20Erweckung%20des%20J%C3%BCnglings%20zu%20Nain%20-%20GG%2052%20-%20Kunsthistorisches%20Museum.jpg?width=420",
    "wikipedia_en": "https://en.wikipedia.org/wiki/Resurrection_of_the_Widow_of_Nain%27s_Son",
    "wikidata": "https://www.wikidata.org/wiki/Q20074801",
    "creation_place": "Venice",
    "creation_lat": 45.4408,
    "creation_lon": 12.3155,
    "_source": {
     "source": "Wikidata",
     "url": "https://www.wikidata.org/wiki/Q20074801",
     "retrieved_at": "2026-08-19"
    },
    "_overrides": {
     "creation": {
      "at": "2026-08-19",
      "source": "derived from start date + Caravaggio's documented itinerary (approximate)"
     }
    },
    "museum_id": "kunsthistorisches-museum"
   }
  },
  {
   "type": "Feature",
   "geometry": {
    "type": "Point",
    "coordinates": [
     -77.02,
     38.8914
    ]
   },
   "properties": {
    "painter": "Veronese",
    "title": "The Finding of Moses",
    "year": "1570",
    "city": "Washington",
    "country": "United States",
    "location": "National Gallery of Art",
    "kind": "museum",
    "attribution": "generally accepted",
    "status": "present",
    "medium": "Oil on canvas",
    "dimensions": "58 × 44.5 cm",
    "genre": "religious art",
    "image": "https://commons.wikimedia.org/wiki/Special:FilePath/Paolo%20Veronese%20%E2%80%93%20The%20Finding%20of%20Moses%20-%20NGA.jpg?width=420",
    "wikipedia_en": "https://en.wikipedia.org/wiki/The_Finding_of_Moses_(Veronese,_Washington)",
    "wikidata": "https://www.wikidata.org/wiki/Q20176727",
    "creation_place": "Venice",
    "creation_lat": 45.4408,
    "creation_lon": 12.3155,
    "_source": {
     "source": "Wikidata",
     "url": "https://www.wikidata.org/wiki/Q20176727",
     "retrieved_at": "2026-08-19"
    },
    "_overrides": {
     "creation": {
      "at": "2026-08-19",
      "source": "derived from start date + Caravaggio's documented itinerary (approximate)"
     }
    },
    "museum_id": "national-gallery-of-art"
   }
  },
  {
   "type": "Feature",
   "geometry": {
    "type": "Point",
    "coordinates": [
     -77.02,
     38.8914
    ]
   },
   "properties": {
    "painter": "Veronese",
    "title": "The Annunciation",
    "year": "1580",
    "city": "Washington",
    "country": "United States",
    "location": "National Gallery of Art",
    "kind": "museum",
    "attribution": "attributed",
    "status": "present",
    "medium": "Oil on canvas",
    "dimensions": "98.4 × 75.3 cm",
    "genre": "religious art",
    "image": "https://commons.wikimedia.org/wiki/Special:FilePath/The%20Annunciation%20sc983.jpg?width=420",
    "wikidata": "https://www.wikidata.org/wiki/Q20176789",
    "creation_place": "Venice",
    "creation_lat": 45.4408,
    "creation_lon": 12.3155,
    "_source": {
     "source": "Wikidata",
     "url": "https://www.wikidata.org/wiki/Q20176789",
     "retrieved_at": "2026-08-19"
    },
    "_overrides": {
     "creation": {
      "at": "2026-08-19",
      "source": "derived from start date + Caravaggio's documented itinerary (approximate)"
     }
    },
    "museum_id": "national-gallery-of-art"
   }
  },
  {
   "type": "Feature",
   "geometry": {
    "type": "Point",
    "coordinates": [
     -77.02,
     38.8914
    ]
   },
   "properties": {
    "painter": "Veronese",
    "title": "Rebecca at the Well",
    "year": "1585",
    "city": "Washington",
    "country": "United States",
    "location": "National Gallery of Art",
    "kind": "museum",
    "attribution": "attributed",
    "status": "present",
    "medium": "Oil on canvas",
    "dimensions": "145.5 × 282.7 cm",
    "genre": "religious art",
    "image": "https://commons.wikimedia.org/wiki/Special:FilePath/Veronese%2C%20Paolo%20-%20Rebecca%20at%20the%20Well%20-%20c.%201580.jpg?width=420",
    "wikidata": "https://www.wikidata.org/wiki/Q20176796",
    "creation_place": "Venice",
    "creation_lat": 45.4408,
    "creation_lon": 12.3155,
    "_source": {
     "source": "Wikidata",
     "url": "https://www.wikidata.org/wiki/Q20176796",
     "retrieved_at": "2026-08-19"
    },
    "_overrides": {
     "creation": {
      "at": "2026-08-19",
      "source": "derived from start date + Caravaggio's documented itinerary (approximate)"
     }
    },
    "museum_id": "national-gallery-of-art"
   }
  },
  {
   "type": "Feature",
   "geometry": {
    "type": "Point",
    "coordinates": [
     -118.475,
     34.0775
    ]
   },
   "properties": {
    "painter": "Veronese",
    "title": "Portrait of a Man",
    "year": "1576",
    "city": "Los Angeles",
    "country": "United States",
    "location": "Getty Center",
    "kind": "museum",
    "attribution": "attributed",
    "status": "present",
    "medium": "Oil on canvas",
    "dimensions": "1921 × 1340 cm",
    "genre": "portrait",
    "image": "https://commons.wikimedia.org/wiki/Special:FilePath/Paolo%20Veronese%20-%20Portrait%20of%20a%20Man.jpg?width=420",
    "wikidata": "https://www.wikidata.org/wiki/Q20179892",
    "creation_place": "Venice",
    "creation_lat": 45.4408,
    "creation_lon": 12.3155,
    "_source": {
     "source": "Wikidata",
     "url": "https://www.wikidata.org/wiki/Q20179892",
     "retrieved_at": "2026-08-19"
    },
    "_overrides": {
     "creation": {
      "at": "2026-08-19",
      "source": "derived from start date + Caravaggio's documented itinerary (approximate)"
     }
    },
    "museum_id": "getty-center"
   }
  },
  {
   "type": "Feature",
   "geometry": {
    "type": "Point",
    "coordinates": [
     -118.475,
     34.0775
    ]
   },
   "properties": {
    "painter": "Veronese",
    "title": "The Baptism of Christ",
    "year": "1580",
    "city": "Los Angeles",
    "country": "United States",
    "location": "Getty Center",
    "kind": "museum",
    "attribution": "generally accepted",
    "status": "present",
    "medium": "Oil on canvas",
    "dimensions": "104.5 × 83.2 cm",
    "genre": "religious art",
    "image": "https://commons.wikimedia.org/wiki/Special:FilePath/Paolo%20Veronese%20%28Paolo%20Caliari%29%20and%20workshop%20-%20The%20Baptism%20of%20Christ%20-%2079.PA.19%20-%20J.%20Paul%20Getty%20Museum.jpg?width=420",
    "wikipedia_en": "https://en.wikipedia.org/wiki/Baptism_of_Christ_(Veronese)",
    "wikidata": "https://www.wikidata.org/wiki/Q20184549",
    "creation_place": "Venice",
    "creation_lat": 45.4408,
    "creation_lon": 12.3155,
    "_source": {
     "source": "Wikidata",
     "url": "https://www.wikidata.org/wiki/Q20184549",
     "retrieved_at": "2026-08-19"
    },
    "_overrides": {
     "creation": {
      "at": "2026-08-19",
      "source": "derived from start date + Caravaggio's documented itinerary (approximate)"
     }
    },
    "museum_id": "getty-center"
   }
  },
  {
   "type": "Feature",
   "geometry": {
    "type": "Point",
    "coordinates": [
     -71.09417,
     42.33944
    ]
   },
   "properties": {
    "painter": "Veronese",
    "title": "Actaeon Watching Diana and her Nymphs Bathing",
    "city": "Boston",
    "country": "United States",
    "location": "Museum of Fine Arts Boston",
    "kind": "museum",
    "attribution": "attributed",
    "status": "present",
    "medium": "Oil on canvas",
    "dimensions": "26 × 101 cm",
    "genre": "mythological painting",
    "image": "https://commons.wikimedia.org/wiki/Special:FilePath/Veronese%20-%20Actaeon%20Watching%20Diana%20and%20her%20Nymphs%20Bathing%20-%20Boston%20Museum%20of%20Fine%20Arts.jpeg?width=420",
    "wikidata": "https://www.wikidata.org/wiki/Q20553777",
    "_source": {
     "source": "Wikidata",
     "url": "https://www.wikidata.org/wiki/Q20553777",
     "retrieved_at": "2026-08-19"
    },
    "museum_id": "museum-of-fine-arts-boston"
   }
  },
  {
   "type": "Feature",
   "geometry": {
    "type": "Point",
    "coordinates": [
     -75.181,
     39.966
    ]
   },
   "properties": {
    "painter": "Veronese",
    "title": "Diana and Actaeon",
    "year": "1560",
    "city": "Philadelphia",
    "country": "United States",
    "location": "Philadelphia Museum of Art",
    "kind": "museum",
    "attribution": "attributed",
    "status": "present",
    "medium": "Oil on canvas",
    "genre": "mythological painting",
    "image": "https://commons.wikimedia.org/wiki/Special:FilePath/Paolo%20Veronese%2C%20Diana%20and%20Actaeon.jpg?width=420",
    "wikidata": "https://www.wikidata.org/wiki/Q20810256",
    "creation_place": "Venice",
    "creation_lat": 45.4408,
    "creation_lon": 12.3155,
    "_source": {
     "source": "Wikidata",
     "url": "https://www.wikidata.org/wiki/Q20810256",
     "retrieved_at": "2026-08-19"
    },
    "_overrides": {
     "creation": {
      "at": "2026-08-19",
      "source": "derived from start date + Caravaggio's documented itinerary (approximate)"
     }
    },
    "museum_id": "philadelphia-museum-of-art"
   }
  },
  {
   "type": "Feature",
   "geometry": {
    "type": "Point",
    "coordinates": [
     -3.69493,
     40.41604
    ]
   },
   "properties": {
    "painter": "Veronese",
    "title": "The Annunciation",
    "year": "1560",
    "city": "Madrid",
    "country": "Spain",
    "location": "Thyssen-Bornemisza Museum",
    "kind": "museum",
    "attribution": "attributed",
    "status": "present",
    "medium": "Oil on canvas",
    "dimensions": "110 × 87 cm",
    "genre": "religious art",
    "image": "https://commons.wikimedia.org/wiki/Special:FilePath/Veronese%20-%20Annunciazione%20-%20Thyssen-Bornemisza%20-%20Madrid.jpg?width=420",
    "wikidata": "https://www.wikidata.org/wiki/Q21711490",
    "creation_place": "Venice",
    "creation_lat": 45.4408,
    "creation_lon": 12.3155,
    "_source": {
     "source": "Wikidata",
     "url": "https://www.wikidata.org/wiki/Q21711490",
     "retrieved_at": "2026-08-19"
    },
    "_overrides": {
     "creation": {
      "at": "2026-08-19",
      "source": "derived from start date + Caravaggio's documented itinerary (approximate)"
     }
    },
    "museum_id": "thyssen-bornemisza-museum"
   }
  },
  {
   "type": "Feature",
   "geometry": {
    "type": "Point",
    "coordinates": [
     30.3136,
     59.9406
    ]
   },
   "properties": {
    "painter": "Veronese",
    "title": "Self-Portrait",
    "year": "1560",
    "city": "Saint Petersburg",
    "country": "Russia",
    "location": "Hermitage Museum",
    "kind": "museum",
    "attribution": "attributed",
    "status": "present",
    "medium": "Oil on canvas",
    "dimensions": "63 × 50.5 cm",
    "genre": "self-portrait",
    "image": "https://commons.wikimedia.org/wiki/Special:FilePath/Paolo%20Veronese%20-%20AUTORITRATTO%20%282%29%20-%20Museo%20dell%27Ermitage.jpg?width=420",
    "wikidata": "https://www.wikidata.org/wiki/Q21722618",
    "creation_place": "Venice",
    "creation_lat": 45.4408,
    "creation_lon": 12.3155,
    "_source": {
     "source": "Wikidata",
     "url": "https://www.wikidata.org/wiki/Q21722618",
     "retrieved_at": "2026-08-19"
    },
    "_overrides": {
     "creation": {
      "at": "2026-08-19",
      "source": "derived from start date + Caravaggio's documented itinerary (approximate)"
     }
    },
    "museum_id": "hermitage-museum"
   }
  },
  {
   "type": "Feature",
   "geometry": {
    "type": "Point",
    "coordinates": [
     30.3136,
     59.9406
    ]
   },
   "properties": {
    "painter": "Veronese",
    "title": "Adoration of the Magi",
    "year": "1570",
    "city": "Saint Petersburg",
    "country": "Russia",
    "location": "Hermitage Museum",
    "kind": "museum",
    "attribution": "attributed",
    "status": "present",
    "medium": "Oil on copper",
    "dimensions": "45 × 34.5 cm",
    "genre": "religious art",
    "image": "https://commons.wikimedia.org/wiki/Special:FilePath/Paolo%20Veronese%20-%20Adoration%20of%20the%20Magi%20-%20WGA24827.jpg?width=420",
    "wikidata": "https://www.wikidata.org/wiki/Q21722961",
    "creation_place": "Venice",
    "creation_lat": 45.4408,
    "creation_lon": 12.3155,
    "_source": {
     "source": "Wikidata",
     "url": "https://www.wikidata.org/wiki/Q21722961",
     "retrieved_at": "2026-08-19"
    },
    "_overrides": {
     "creation": {
      "at": "2026-08-19",
      "source": "derived from start date + Caravaggio's documented itinerary (approximate)"
     }
    },
    "museum_id": "hermitage-museum"
   }
  },
  {
   "type": "Feature",
   "geometry": {
    "type": "Point",
    "coordinates": [
     139.77585,
     35.71536
    ]
   },
   "properties": {
    "painter": "Veronese",
    "title": "The Mystic Marriage of St. Catherine",
    "year": "1547",
    "city": "Ueno-kōen",
    "country": "Japan",
    "location": "National Museum of Western Art",
    "kind": "museum",
    "attribution": "attributed",
    "status": "present",
    "medium": "Oil on canvas",
    "dimensions": "840 × 1000 cm",
    "genre": "religious art",
    "image": "https://commons.wikimedia.org/wiki/Special:FilePath/Paolo%20Veronese%20%28Paolo%20Caliari%29%20-%20The%20Mystic%20Marriage%20of%20St.%20Catherine%20-%20Google%20Art%20Project.jpg?width=420",
    "wikidata": "https://www.wikidata.org/wiki/Q23949315",
    "_source": {
     "source": "Wikidata",
     "url": "https://www.wikidata.org/wiki/Q23949315",
     "retrieved_at": "2026-08-19"
    },
    "museum_id": "national-museum-of-western-art"
   }
  },
  {
   "type": "Feature",
   "geometry": {
    "type": "Point",
    "coordinates": [
     16.3616,
     48.20388
    ]
   },
   "properties": {
    "painter": "Veronese",
    "title": "Judith with the Head of Holofernes",
    "year": "1580",
    "city": "Vienna",
    "country": "Austria",
    "location": "Kunsthistorisches Museum",
    "kind": "museum",
    "attribution": "generally accepted",
    "status": "present",
    "medium": "Oil on canvas",
    "dimensions": "1110 × 1005 cm",
    "genre": "religious art",
    "image": "https://commons.wikimedia.org/wiki/Special:FilePath/Paolo%20Caliari%2C%20gen.%20Veronese%2C%20%2C%20Kunsthistorisches%20Museum%20Wien%2C%20Gem%C3%A4ldegalerie%20-%20Judith%20mit%20dem%20Haupt%20des%20Holofernes%20-%20GG%2034%20-%20Kunsthistorisches%20Museum.jpg?width=420",
    "wikipedia_en": "https://en.wikipedia.org/wiki/Judith_with_the_Head_of_Holofernes_(Veronese)",
    "wikidata": "https://www.wikidata.org/wiki/Q25442937",
    "creation_place": "Venice",
    "creation_lat": 45.4408,
    "creation_lon": 12.3155,
    "_source": {
     "source": "Wikidata",
     "url": "https://www.wikidata.org/wiki/Q25442937",
     "retrieved_at": "2026-08-19"
    },
    "_overrides": {
     "creation": {
      "at": "2026-08-19",
      "source": "derived from start date + Caravaggio's documented itinerary (approximate)"
     }
    },
    "museum_id": "kunsthistorisches-museum"
   }
  },
  {
   "type": "Feature",
   "geometry": {
    "type": "Point",
    "coordinates": [
     5.7324,
     45.1945
    ]
   },
   "properties": {
    "painter": "Veronese",
    "title": "Noli me tangere",
    "year": "1600",
    "city": "Grenoble",
    "country": "France",
    "location": "Museum of Grenoble",
    "kind": "museum",
    "attribution": "attributed",
    "status": "present",
    "medium": "Oil on canvas",
    "dimensions": "67 × 95 cm",
    "genre": "religious art",
    "image": "https://commons.wikimedia.org/wiki/Special:FilePath/Paolo%20Veronese%20015.jpg?width=420",
    "wikidata": "https://www.wikidata.org/wiki/Q26710079",
    "_source": {
     "source": "Wikidata",
     "url": "https://www.wikidata.org/wiki/Q26710079",
     "retrieved_at": "2026-08-19"
    },
    "museum_id": "museum-of-grenoble"
   }
  },
  {
   "type": "Feature",
   "geometry": {
    "type": "Point",
    "coordinates": [
     -3.6922,
     40.4139
    ]
   },
   "properties": {
    "painter": "Veronese",
    "title": "Christ and the Centurion",
    "year": "1571",
    "city": "Madrid",
    "country": "Spain",
    "location": "Museo del Prado",
    "kind": "museum",
    "attribution": "attributed",
    "status": "present",
    "medium": "Oil on canvas",
    "dimensions": "192 × 297 cm",
    "genre": "religious art",
    "image": "https://commons.wikimedia.org/wiki/Special:FilePath/Jes%C3%BAs%20y%20el%20centuri%C3%B3n%20%28El%20Veron%C3%A9s%29.jpg?width=420",
    "wikidata": "https://www.wikidata.org/wiki/Q27698554",
    "creation_place": "Venice",
    "creation_lat": 45.4408,
    "creation_lon": 12.3155,
    "_source": {
     "source": "Wikidata",
     "url": "https://www.wikidata.org/wiki/Q27698554",
     "retrieved_at": "2026-08-19"
    },
    "_overrides": {
     "creation": {
      "at": "2026-08-19",
      "source": "derived from start date + Caravaggio's documented itinerary (approximate)"
     }
    },
    "museum_id": "museo-del-prado"
   }
  },
  {
   "type": "Feature",
   "geometry": {
    "type": "Point",
    "coordinates": [
     -3.6922,
     40.4139
    ]
   },
   "properties": {
    "painter": "Veronese",
    "title": "Susannah and the Elders",
    "year": "1580",
    "city": "Madrid",
    "country": "Spain",
    "location": "Museo del Prado",
    "kind": "museum",
    "attribution": "attributed",
    "status": "present",
    "medium": "Oil on canvas",
    "dimensions": "151 × 177 cm",
    "genre": "religious art",
    "image": "https://commons.wikimedia.org/wiki/Special:FilePath/Paolo%20Veronese%20-%20Susanna%20e%20i%20vecchioni%20-%20Museo%20Prado%20-%20Madrid.jpg?width=420",
    "wikidata": "https://www.wikidata.org/wiki/Q27698575",
    "creation_place": "Venice",
    "creation_lat": 45.4408,
    "creation_lon": 12.3155,
    "_source": {
     "source": "Wikidata",
     "url": "https://www.wikidata.org/wiki/Q27698575",
     "retrieved_at": "2026-08-19"
    },
    "_overrides": {
     "creation": {
      "at": "2026-08-19",
      "source": "derived from start date + Caravaggio's documented itinerary (approximate)"
     }
    },
    "museum_id": "museo-del-prado"
   }
  },
  {
   "type": "Feature",
   "geometry": {
    "type": "Point",
    "coordinates": [
     -3.6922,
     40.4139
    ]
   },
   "properties": {
    "painter": "Veronese",
    "title": "Penitent Magdalene",
    "year": "1583",
    "city": "Madrid",
    "country": "Spain",
    "location": "Museo del Prado",
    "kind": "museum",
    "attribution": "attributed",
    "status": "present",
    "medium": "Oil on canvas",
    "dimensions": "115.4 × 91.5 cm",
    "genre": "religious art",
    "image": "https://commons.wikimedia.org/wiki/Special:FilePath/Penitent%20Magdalene%20%28Veronese%29.jpg?width=420",
    "wikidata": "https://www.wikidata.org/wiki/Q27698867",
    "creation_place": "Venice",
    "creation_lat": 45.4408,
    "creation_lon": 12.3155,
    "_source": {
     "source": "Wikidata",
     "url": "https://www.wikidata.org/wiki/Q27698867",
     "retrieved_at": "2026-08-19"
    },
    "_overrides": {
     "creation": {
      "at": "2026-08-19",
      "source": "derived from start date + Caravaggio's documented itinerary (approximate)"
     }
    },
    "museum_id": "museo-del-prado"
   }
  },
  {
   "type": "Feature",
   "geometry": {
    "type": "Point",
    "coordinates": [
     11.25528,
     43.76833
    ]
   },
   "properties": {
    "painter": "Veronese",
    "title": "Esther before Ahasuerus",
    "year": "1555",
    "city": "Florence",
    "country": "Italy",
    "location": "Uffizi Gallery",
    "kind": "museum",
    "attribution": "attributed",
    "status": "present",
    "medium": "Oil paint",
    "genre": "religious art",
    "image": "https://commons.wikimedia.org/wiki/Special:FilePath/Veronese%20-%20Esther%20before%20Ahasuerus.jpg?width=420",
    "wikidata": "https://www.wikidata.org/wiki/Q27978428",
    "creation_place": "Venice",
    "creation_lat": 45.4408,
    "creation_lon": 12.3155,
    "_source": {
     "source": "Wikidata",
     "url": "https://www.wikidata.org/wiki/Q27978428",
     "retrieved_at": "2026-08-19"
    },
    "_overrides": {
     "creation": {
      "at": "2026-08-19",
      "source": "derived from start date + Caravaggio's documented itinerary (approximate)"
     }
    },
    "museum_id": "uffizi-gallery"
   }
  },
  {
   "type": "Feature",
   "geometry": {
    "type": "Point",
    "coordinates": [
     12.3308,
     45.4254
    ]
   },
   "properties": {
    "painter": "Veronese",
    "title": "Adam and Eve after the Expulsion from Paradise",
    "year": "1580",
    "city": "Venezia-Murano-Burano",
    "country": "Italy",
    "location": "San Giacomo della Giudecca",
    "kind": "church",
    "attribution": "attributed",
    "status": "present",
    "medium": "Oil on canvas",
    "dimensions": "124 × 174.5 cm",
    "genre": "religious art",
    "image": "https://commons.wikimedia.org/wiki/Special:FilePath/Paolo%20Caliari%2C%20gen.%20Veronese%20und%20Werkstatt%20-%20Adam%20und%20Eva%20nach%20der%20Vertreibung%20aus%20dem%20Paradies%20-%20GG%201514%20-%20Kunsthistorisches%20Museum.jpg?width=420",
    "wikidata": "https://www.wikidata.org/wiki/Q27979462",
    "creation_place": "Venice",
    "creation_lat": 45.4408,
    "creation_lon": 12.3155,
    "_source": {
     "source": "Wikidata",
     "url": "https://www.wikidata.org/wiki/Q27979462",
     "retrieved_at": "2026-08-19"
    },
    "_overrides": {
     "creation": {
      "at": "2026-08-19",
      "source": "derived from start date + Caravaggio's documented itinerary (approximate)"
     }
    },
    "museum_id": "san-giacomo-della-giudecca"
   }
  },
  {
   "type": "Feature",
   "geometry": {
    "type": "Point",
    "coordinates": [
     16.3616,
     48.20388
    ]
   },
   "properties": {
    "painter": "Veronese",
    "title": "Susannah and the Elders",
    "year": "1585",
    "city": "Vienna",
    "country": "Austria",
    "location": "Kunsthistorisches Museum",
    "kind": "museum",
    "attribution": "attributed",
    "status": "present",
    "medium": "Oil on canvas",
    "dimensions": "140 × 280 cm",
    "genre": "religious art",
    "image": "https://commons.wikimedia.org/wiki/Special:FilePath/Paolo%20Caliari%2C%20gen.%20Veronese%20und%20Werkstatt%2C%20Kunsthistorisches%20Museum%20Wien%2C%20Gem%C3%A4ldegalerie%20-%20Susanna%20und%20die%20beiden%20Alten%20-%20GG%203676%20-%20Kunsthistorisches%20Museum.jpg?width=420",
    "wikidata": "https://www.wikidata.org/wiki/Q27979464",
    "creation_place": "Venice",
    "creation_lat": 45.4408,
    "creation_lon": 12.3155,
    "_source": {
     "source": "Wikidata",
     "url": "https://www.wikidata.org/wiki/Q27979464",
     "retrieved_at": "2026-08-19"
    },
    "_overrides": {
     "creation": {
      "at": "2026-08-19",
      "source": "derived from start date + Caravaggio's documented itinerary (approximate)"
     }
    },
    "museum_id": "kunsthistorisches-museum"
   }
  },
  {
   "type": "Feature",
   "geometry": {
    "type": "Point",
    "coordinates": [
     4.83361,
     45.76694
    ]
   },
   "properties": {
    "painter": "Veronese",
    "title": "Bathsheba at Her Bath",
    "year": "1550-1580",
    "city": "Lyon",
    "country": "France",
    "location": "Museum of Fine Arts of Lyon",
    "kind": "museum",
    "attribution": "generally accepted",
    "status": "present",
    "medium": "Oil on canvas",
    "dimensions": "151 × 242 cm",
    "genre": "genre art, religious art",
    "image": "https://commons.wikimedia.org/wiki/Special:FilePath/Bathsheba%20in%20her%20bath-Veronese-MBA%20Lyon%20A63-IMG%200319.jpg?width=420",
    "wikipedia_en": "https://en.wikipedia.org/wiki/Bathsheba_at_Her_Bath_(Veronese)",
    "wikipedia_it": "https://it.wikipedia.org/wiki/Betsabea_al_bagno_(Veronese)",
    "wikidata": "https://www.wikidata.org/wiki/Q2900098",
    "creation_place": "Verona",
    "creation_lat": 45.4384,
    "creation_lon": 10.9916,
    "_source": {
     "source": "Wikidata",
     "url": "https://www.wikidata.org/wiki/Q2900098",
     "retrieved_at": "2026-08-19"
    },
    "_overrides": {
     "creation": {
      "at": "2026-08-19",
      "source": "derived from start date + Caravaggio's documented itinerary (approximate)"
     }
    },
    "museum_id": "museum-of-fine-arts-of-lyon"
   }
  },
  {
   "type": "Feature",
   "geometry": {
    "type": "Point",
    "coordinates": [
     9.41611,
     51.315
    ]
   },
   "properties": {
    "painter": "Veronese",
    "title": "The Wedding at Cana",
    "year": "1550-1571",
    "city": "Kassel",
    "country": "Germany",
    "location": "Gemäldegalerie Alte Meister",
    "kind": "museum",
    "attribution": "attributed",
    "status": "present",
    "medium": "Oil on canvas",
    "dimensions": "207 × 457 cm",
    "genre": "religious art",
    "image": "https://commons.wikimedia.org/wiki/Special:FilePath/Paolo%20Veronese%20009.jpg?width=420",
    "wikidata": "https://www.wikidata.org/wiki/Q29563416",
    "creation_place": "Verona",
    "creation_lat": 45.4384,
    "creation_lon": 10.9916,
    "_source": {
     "source": "Wikidata",
     "url": "https://www.wikidata.org/wiki/Q29563416",
     "retrieved_at": "2026-08-19"
    },
    "_overrides": {
     "creation": {
      "at": "2026-08-19",
      "source": "derived from start date + Caravaggio's documented itinerary (approximate)"
     }
    },
    "museum_id": "gemaldegalerie-alte-meister"
   }
  },
  {
   "type": "Feature",
   "geometry": {
    "type": "Point",
    "coordinates": [
     -71.80222,
     42.27306
    ]
   },
   "properties": {
    "painter": "Veronese",
    "title": "Venus Disarming Cupid",
    "year": "1550",
    "city": "Worcester",
    "country": "United States",
    "location": "Museo de Arte de Worcester",
    "kind": "museum",
    "attribution": "generally accepted",
    "status": "present",
    "medium": "Oil on canvas",
    "dimensions": "158.8 × 138.4 cm",
    "genre": "mythological painting",
    "image": "https://commons.wikimedia.org/wiki/Special:FilePath/Paolo%20Veronese%20Venus%20Disarming%20Cupid%2C%20Worcester%20Art%20Museum%2C%20c.%201560.jpg?width=420",
    "wikipedia_en": "https://en.wikipedia.org/wiki/Venus_Disarming_Cupid",
    "wikidata": "https://www.wikidata.org/wiki/Q38237651",
    "creation_place": "Verona",
    "creation_lat": 45.4384,
    "creation_lon": 10.9916,
    "_source": {
     "source": "Wikidata",
     "url": "https://www.wikidata.org/wiki/Q38237651",
     "retrieved_at": "2026-08-19"
    },
    "_overrides": {
     "creation": {
      "at": "2026-08-19",
      "source": "derived from start date + Caravaggio's documented itinerary (approximate)"
     }
    },
    "museum_id": "museo-de-arte-de-worcester"
   }
  },
  {
   "type": "Feature",
   "geometry": {
    "type": "Point",
    "coordinates": [
     -3.19556,
     55.95083
    ]
   },
   "properties": {
    "painter": "Veronese",
    "title": "Mars and Venus with Cupid and a Dog",
    "year": "1580",
    "city": "Edinburgh",
    "country": "United Kingdom",
    "location": "Scottish National Gallery",
    "kind": "museum",
    "attribution": "generally accepted",
    "status": "present",
    "medium": "Oil on canvas",
    "dimensions": "165.2 × 126.5 cm",
    "genre": "mythological painting, nude",
    "image": "https://commons.wikimedia.org/wiki/Special:FilePath/Paolo%20Veronese%20%28Caliari%29%20-%20Venus%2C%20Cupid%20and%20Mars%20-%20NG%20339%20-%20National%20Galleries%20of%20Scotland.jpg?width=420",
    "wikipedia_en": "https://en.wikipedia.org/wiki/Mars_and_Venus_with_Cupid_and_a_Dog",
    "wikipedia_it": "https://it.wikipedia.org/wiki/Marte_che_spoglia_Venere_con_amorino_e_cane",
    "wikidata": "https://www.wikidata.org/wiki/Q3849979",
    "creation_place": "Venice",
    "creation_lat": 45.4408,
    "creation_lon": 12.3155,
    "_source": {
     "source": "Wikidata",
     "url": "https://www.wikidata.org/wiki/Q3849979",
     "retrieved_at": "2026-08-19"
    },
    "_overrides": {
     "creation": {
      "at": "2026-08-19",
      "source": "derived from start date + Caravaggio's documented itinerary (approximate)"
     }
    },
    "museum_id": "scottish-national-gallery"
   }
  },
  {
   "type": "Feature",
   "geometry": {
    "type": "Point",
    "coordinates": [
     12.32705,
     45.43502
    ]
   },
   "properties": {
    "painter": "Veronese",
    "title": "Minerva between Geometry and Arithmetics",
    "year": "1551",
    "city": "Venice",
    "country": "Italy",
    "location": "Palazzo Balbi",
    "kind": "museum",
    "attribution": "generally accepted",
    "status": "present",
    "medium": "Fresco",
    "dimensions": "190 × 284 cm",
    "genre": "mythological painting",
    "image": "https://commons.wikimedia.org/wiki/Special:FilePath/MinervaGeometriaAritmeticaVeronese.jpg?width=420",
    "wikipedia_en": "https://en.wikipedia.org/wiki/Minerva_between_Geometry_and_Arithmetic",
    "wikipedia_it": "https://it.wikipedia.org/wiki/Minerva_fra_la_Geometria_e_l%27Aritmetica",
    "wikidata": "https://www.wikidata.org/wiki/Q3858373",
    "creation_place": "Verona",
    "creation_lat": 45.4384,
    "creation_lon": 10.9916,
    "_source": {
     "source": "Wikidata",
     "url": "https://www.wikidata.org/wiki/Q3858373",
     "retrieved_at": "2026-08-19"
    },
    "_overrides": {
     "creation": {
      "at": "2026-08-19",
      "source": "derived from start date + Caravaggio's documented itinerary (approximate)"
     }
    },
    "museum_id": "palazzo-balbi"
   }
  },
  {
   "type": "Feature",
   "geometry": {
    "type": "Point",
    "coordinates": [
     -81.61167,
     41.50889
    ]
   },
   "properties": {
    "painter": "Veronese",
    "title": "Portrait of Agostino Barbarigo",
    "year": "1571",
    "city": "Cleveland",
    "country": "United States",
    "location": "Cleveland Museum of Art",
    "kind": "museum",
    "attribution": "generally accepted",
    "status": "present",
    "medium": "Oil on canvas",
    "dimensions": "102.2 × 104.2 cm",
    "genre": "portrait",
    "image": "https://commons.wikimedia.org/wiki/Special:FilePath/Paolo%20Veronese%20-%20Portrait%20of%20Agostino%20Barbarigo%20-%201928.16%20-%20Cleveland%20Museum%20of%20Art.tiff?width=420",
    "wikipedia_en": "https://en.wikipedia.org/wiki/Portrait_of_Agostino_Barbarigo",
    "wikipedia_it": "https://it.wikipedia.org/wiki/Ritratto_di_Agostino_Barbarigo",
    "wikidata": "https://www.wikidata.org/wiki/Q3937452",
    "creation_place": "Venice",
    "creation_lat": 45.4408,
    "creation_lon": 12.3155,
    "_source": {
     "source": "Wikidata",
     "url": "https://www.wikidata.org/wiki/Q3937452",
     "retrieved_at": "2026-08-19"
    },
    "_overrides": {
     "creation": {
      "at": "2026-08-19",
      "source": "derived from start date + Caravaggio's documented itinerary (approximate)"
     }
    },
    "museum_id": "cleveland-museum-of-art"
   }
  },
  {
   "type": "Feature",
   "geometry": {
    "type": "Point",
    "coordinates": [
     11.25,
     43.7652
    ]
   },
   "properties": {
    "painter": "Veronese",
    "title": "Portrait of a gentleman in a fur",
    "year": "1558",
    "city": "Florence",
    "country": "Italy",
    "location": "Galleria Palatina",
    "kind": "museum",
    "attribution": "generally accepted",
    "status": "present",
    "medium": "Oil paint",
    "dimensions": "140 × 107 cm",
    "genre": "portrait",
    "image": "https://commons.wikimedia.org/wiki/Special:FilePath/Paolo%20Veronese%20016.jpg?width=420",
    "wikipedia_en": "https://en.wikipedia.org/wiki/Portrait_of_a_Gentleman_in_a_Fur",
    "wikipedia_it": "https://it.wikipedia.org/wiki/Ritratto_di_gentiluomo_in_pelliccia",
    "wikidata": "https://www.wikidata.org/wiki/Q3937768",
    "creation_place": "Venice",
    "creation_lat": 45.4408,
    "creation_lon": 12.3155,
    "_source": {
     "source": "Wikidata",
     "url": "https://www.wikidata.org/wiki/Q3937768",
     "retrieved_at": "2026-08-19"
    },
    "_overrides": {
     "creation": {
      "at": "2026-08-19",
      "source": "derived from start date + Caravaggio's documented itinerary (approximate)"
     }
    },
    "museum_id": "galleria-palatina"
   }
  },
  {
   "type": "Feature",
   "geometry": {
    "type": "Point",
    "coordinates": [
     -117.1496,
     32.7318
    ]
   },
   "properties": {
    "painter": "Veronese",
    "title": "Madonna and Child with St. Elizabeth, the Infant St. John the Baptist",
    "year": "1550",
    "city": "San Diego",
    "country": "United States",
    "location": "Timken Museum of Art",
    "kind": "museum",
    "attribution": "generally accepted",
    "status": "present",
    "medium": "Oil on canvas",
    "dimensions": "103.8 × 158.1 cm",
    "genre": "religious art",
    "image": "https://commons.wikimedia.org/wiki/Special:FilePath/Madonna%20and%20Child%20with%20Saint%20Elizabeth%2C%20the%20Infant%20Saint%20John%20the%20Baptist%2C%20and%20Saint%20Catherine%2C%20by%20Paolo%20Veronese.png?width=420",
    "wikipedia_en": "https://en.wikipedia.org/wiki/Madonna_and_Child_with_Saints_(Veronese)",
    "wikidata": "https://www.wikidata.org/wiki/Q45910487",
    "creation_place": "Verona",
    "creation_lat": 45.4384,
    "creation_lon": 10.9916,
    "_source": {
     "source": "Wikidata",
     "url": "https://www.wikidata.org/wiki/Q45910487",
     "retrieved_at": "2026-08-19"
    },
    "_overrides": {
     "creation": {
      "at": "2026-08-19",
      "source": "derived from start date + Caravaggio's documented itinerary (approximate)"
     }
    },
    "museum_id": "timken-museum-of-art"
   }
  },
  {
   "type": "Feature",
   "geometry": {
    "type": "Point",
    "coordinates": [
     -72.93099,
     41.30846
    ]
   },
   "properties": {
    "painter": "Veronese",
    "title": "The Mystic Marriage of Saint Catherine of Alexandria",
    "year": "1550",
    "city": "New Haven",
    "country": "United States",
    "location": "Yale University Art Gallery",
    "kind": "museum",
    "attribution": "generally accepted",
    "status": "present",
    "medium": "Oil on canvas",
    "dimensions": "58 × 91 cm",
    "genre": "religious art",
    "image": "https://commons.wikimedia.org/wiki/Special:FilePath/Veronese%20-%20Nozze%20Mistiche%20-Yale%20Museum.jpg?width=420",
    "wikipedia_en": "https://en.wikipedia.org/wiki/Mystic_Marriage_of_Saint_Catherine_(Veronese,_c._1547%E2%80%931550)",
    "wikidata": "https://www.wikidata.org/wiki/Q49344021",
    "creation_place": "Verona",
    "creation_lat": 45.4384,
    "creation_lon": 10.9916,
    "_source": {
     "source": "Wikidata",
     "url": "https://www.wikidata.org/wiki/Q49344021",
     "retrieved_at": "2026-08-19"
    },
    "_overrides": {
     "creation": {
      "at": "2026-08-19",
      "source": "derived from start date + Caravaggio's documented itinerary (approximate)"
     }
    },
    "museum_id": "yale-university-art-gallery"
   }
  },
  {
   "type": "Feature",
   "geometry": {
    "type": "Point",
    "coordinates": [
     9.41611,
     51.315
    ]
   },
   "properties": {
    "painter": "Veronese",
    "title": "Christ with the disciples at Emmaus",
    "year": "1560",
    "city": "Kassel",
    "country": "Germany",
    "location": "Gemäldegalerie Alte Meister",
    "kind": "museum",
    "attribution": "attributed",
    "status": "present",
    "medium": "Oil on canvas",
    "dimensions": "120 × 181 cm",
    "genre": "religious art",
    "image": "https://commons.wikimedia.org/wiki/Special:FilePath/Gem%C3%A4lde%20in%20der%20Gem%C3%A4ldegalerie%20Alte%20Meister%20in%20Dresden%202024%20009.jpg?width=420",
    "wikidata": "https://www.wikidata.org/wiki/Q50323107",
    "creation_place": "Venice",
    "creation_lat": 45.4408,
    "creation_lon": 12.3155,
    "_source": {
     "source": "Wikidata",
     "url": "https://www.wikidata.org/wiki/Q50323107",
     "retrieved_at": "2026-08-19"
    },
    "_overrides": {
     "creation": {
      "at": "2026-08-19",
      "source": "derived from start date + Caravaggio's documented itinerary (approximate)"
     }
    },
    "museum_id": "gemaldegalerie-alte-meister"
   }
  },
  {
   "type": "Feature",
   "geometry": {
    "type": "Point",
    "coordinates": [
     9.41611,
     51.315
    ]
   },
   "properties": {
    "painter": "Veronese",
    "title": "Adoration of the Magi",
    "year": "1571",
    "city": "Kassel",
    "country": "Germany",
    "location": "Gemäldegalerie Alte Meister",
    "kind": "museum",
    "attribution": "attributed",
    "status": "present",
    "medium": "Oil on canvas",
    "genre": "religious art",
    "image": "https://commons.wikimedia.org/wiki/Special:FilePath/Veronese%20-%20Die%20Anbetung%20der%20K%C3%B6nige%2C%20Um%20157.jpg?width=420",
    "wikidata": "https://www.wikidata.org/wiki/Q50323301",
    "creation_place": "Venice",
    "creation_lat": 45.4408,
    "creation_lon": 12.3155,
    "_source": {
     "source": "Wikidata",
     "url": "https://www.wikidata.org/wiki/Q50323301",
     "retrieved_at": "2026-08-19"
    },
    "_overrides": {
     "creation": {
      "at": "2026-08-19",
      "source": "derived from start date + Caravaggio's documented itinerary (approximate)"
     }
    },
    "museum_id": "gemaldegalerie-alte-meister"
   }
  },
  {
   "type": "Feature",
   "geometry": {
    "type": "Point",
    "coordinates": [
     9.41611,
     51.315
    ]
   },
   "properties": {
    "painter": "Veronese",
    "title": "Christ carrying the Cross",
    "year": "1571",
    "city": "Kassel",
    "country": "Germany",
    "location": "Gemäldegalerie Alte Meister",
    "kind": "museum",
    "attribution": "attributed",
    "status": "present",
    "medium": "Oil on canvas",
    "dimensions": "166 × 414 cm",
    "genre": "religious art",
    "image": "https://commons.wikimedia.org/wiki/Special:FilePath/Dresden%2C%20Gem%C3%A4ldegalerie%20Alte%20Meister%2C%20Paolo%20Veronese%2C%20die%20Kreuztragung.jpg?width=420",
    "wikidata": "https://www.wikidata.org/wiki/Q50323306",
    "creation_place": "Venice",
    "creation_lat": 45.4408,
    "creation_lon": 12.3155,
    "_source": {
     "source": "Wikidata",
     "url": "https://www.wikidata.org/wiki/Q50323306",
     "retrieved_at": "2026-08-19"
    },
    "_overrides": {
     "creation": {
      "at": "2026-08-19",
      "source": "derived from start date + Caravaggio's documented itinerary (approximate)"
     }
    },
    "museum_id": "gemaldegalerie-alte-meister"
   }
  },
  {
   "type": "Feature",
   "geometry": {
    "type": "Point",
    "coordinates": [
     9.41611,
     51.315
    ]
   },
   "properties": {
    "painter": "Veronese",
    "title": "Resurrection of Jesus",
    "year": "1572",
    "city": "Kassel",
    "country": "Germany",
    "location": "Gemäldegalerie Alte Meister",
    "kind": "museum",
    "attribution": "attributed",
    "status": "present",
    "medium": "Oil on canvas",
    "genre": "religious art",
    "image": "https://commons.wikimedia.org/wiki/Special:FilePath/Gem%C3%A4lde%20in%20der%20Gem%C3%A4ldegalerie%20Alte%20Meister%20in%20Dresden%202024%20010.jpg?width=420",
    "wikidata": "https://www.wikidata.org/wiki/Q50323355",
    "creation_place": "Venice",
    "creation_lat": 45.4408,
    "creation_lon": 12.3155,
    "_source": {
     "source": "Wikidata",
     "url": "https://www.wikidata.org/wiki/Q50323355",
     "retrieved_at": "2026-08-19"
    },
    "_overrides": {
     "creation": {
      "at": "2026-08-19",
      "source": "derived from start date + Caravaggio's documented itinerary (approximate)"
     }
    },
    "museum_id": "gemaldegalerie-alte-meister"
   }
  },
  {
   "type": "Feature",
   "geometry": {
    "type": "Point",
    "coordinates": [
     9.41611,
     51.315
    ]
   },
   "properties": {
    "painter": "Veronese",
    "title": "The Finding of Moses",
    "year": "1581",
    "city": "Kassel",
    "country": "Germany",
    "location": "Gemäldegalerie Alte Meister",
    "kind": "museum",
    "attribution": "generally accepted",
    "status": "present",
    "medium": "Oil on canvas",
    "dimensions": "178 × 277 cm",
    "genre": "religious art",
    "image": "https://commons.wikimedia.org/wiki/Special:FilePath/Paolo%20Veronese%20005.jpg?width=420",
    "wikipedia_en": "https://en.wikipedia.org/wiki/The_Finding_of_Moses_(Veronese,_Dresden)",
    "wikidata": "https://www.wikidata.org/wiki/Q50323390",
    "creation_place": "Venice",
    "creation_lat": 45.4408,
    "creation_lon": 12.3155,
    "_source": {
     "source": "Wikidata",
     "url": "https://www.wikidata.org/wiki/Q50323390",
     "retrieved_at": "2026-08-19"
    },
    "_overrides": {
     "creation": {
      "at": "2026-08-19",
      "source": "derived from start date + Caravaggio's documented itinerary (approximate)"
     }
    },
    "museum_id": "gemaldegalerie-alte-meister"
   }
  },
  {
   "type": "Feature",
   "geometry": {
    "type": "Point",
    "coordinates": [
     9.41611,
     51.315
    ]
   },
   "properties": {
    "painter": "Veronese",
    "title": "The Centurion of Capernaum before Christ",
    "year": "1581",
    "city": "Kassel",
    "country": "Germany",
    "location": "Gemäldegalerie Alte Meister",
    "kind": "museum",
    "attribution": "attributed",
    "status": "present",
    "medium": "Oil on canvas",
    "dimensions": "178 × 275 cm",
    "genre": "religious art",
    "image": "https://commons.wikimedia.org/wiki/Special:FilePath/Veronese%20-%20Der%20Hauptmann%20von%20Capernaum%20vor%20Christus%2C%20Um%201581-82.jpg?width=420",
    "wikidata": "https://www.wikidata.org/wiki/Q50323421",
    "creation_place": "Venice",
    "creation_lat": 45.4408,
    "creation_lon": 12.3155,
    "_source": {
     "source": "Wikidata",
     "url": "https://www.wikidata.org/wiki/Q50323421",
     "retrieved_at": "2026-08-19"
    },
    "_overrides": {
     "creation": {
      "at": "2026-08-19",
      "source": "derived from start date + Caravaggio's documented itinerary (approximate)"
     }
    },
    "museum_id": "gemaldegalerie-alte-meister"
   }
  },
  {
   "type": "Feature",
   "geometry": {
    "type": "Point",
    "coordinates": [
     0.11944,
     52.20028
    ]
   },
   "properties": {
    "painter": "Veronese",
    "title": "Hermes, Herse and Aglauros",
    "year": "1580",
    "city": "Cambridge",
    "country": "United Kingdom",
    "location": "Fitzwilliam Museum",
    "kind": "museum",
    "attribution": "attributed",
    "status": "present",
    "medium": "Oil on canvas",
    "dimensions": "232.4 × 173 cm",
    "genre": "mythological painting",
    "image": "https://commons.wikimedia.org/wiki/Special:FilePath/Paolo%20Veronese%20%281528-1588%29%20-%20Hermes%2C%20Herse%20and%20Aglauros%20-%20143%20-%20Fitzwilliam%20Museum.jpg?width=420",
    "wikidata": "https://www.wikidata.org/wiki/Q50811808",
    "creation_place": "Venice",
    "creation_lat": 45.4408,
    "creation_lon": 12.3155,
    "_source": {
     "source": "Wikidata",
     "url": "https://www.wikidata.org/wiki/Q50811808",
     "retrieved_at": "2026-08-19"
    },
    "_overrides": {
     "creation": {
      "at": "2026-08-19",
      "source": "derived from start date + Caravaggio's documented itinerary (approximate)"
     }
    },
    "museum_id": "fitzwilliam-museum"
   }
  },
  {
   "type": "Feature",
   "geometry": {
    "type": "Point",
    "coordinates": [
     -3.6922,
     40.4139
    ]
   },
   "properties": {
    "painter": "Veronese",
    "title": "Christ Among the Doctors",
    "year": "1560",
    "city": "Madrid",
    "country": "Spain",
    "location": "Museo del Prado",
    "kind": "museum",
    "attribution": "generally accepted",
    "status": "present",
    "medium": "Oil on canvas",
    "dimensions": "236 × 430 cm",
    "genre": "religious art",
    "image": "https://commons.wikimedia.org/wiki/Special:FilePath/Disputa%20con%20los%20doctores%20%28El%20Veron%C3%A9s%29%20grande.jpg?width=420",
    "wikipedia_es": "https://es.wikipedia.org/wiki/Jes%C3%BAs_entre_los_doctores_(Veron%C3%A9s)",
    "wikipedia_en": "https://en.wikipedia.org/wiki/Christ_Among_the_Doctors_(Veronese)",
    "wikipedia_it": "https://it.wikipedia.org/wiki/Disputa_di_Ges%C3%B9_con_i_dottori_del_Tempio_(Veronese)",
    "wikidata": "https://www.wikidata.org/wiki/Q5494602",
    "creation_place": "Venice",
    "creation_lat": 45.4408,
    "creation_lon": 12.3155,
    "_source": {
     "source": "Wikidata",
     "url": "https://www.wikidata.org/wiki/Q5494602",
     "retrieved_at": "2026-08-19"
    },
    "_overrides": {
     "creation": {
      "at": "2026-08-19",
      "source": "derived from start date + Caravaggio's documented itinerary (approximate)"
     }
    },
    "museum_id": "museo-del-prado"
   }
  },
  {
   "type": "Feature",
   "geometry": {
    "type": "Point",
    "coordinates": [
     14.292,
     48.2901
    ]
   },
   "properties": {
    "painter": "Veronese",
    "title": "Leda and the Swan",
    "year": "1580",
    "city": "Linz",
    "country": "German Reich",
    "location": "Führermuseum",
    "kind": "museum",
    "attribution": "attributed",
    "status": "present",
    "medium": "Oil on canvas",
    "dimensions": "121 × 100 cm",
    "genre": "mythological painting",
    "image": "https://commons.wikimedia.org/wiki/Special:FilePath/Leda%20et%20le%20cygne%20par%20Paolo%20Veronese%201.jpg?width=420",
    "wikidata": "https://www.wikidata.org/wiki/Q55168666",
    "creation_place": "Venice",
    "creation_lat": 45.4408,
    "creation_lon": 12.3155,
    "_source": {
     "source": "Wikidata",
     "url": "https://www.wikidata.org/wiki/Q55168666",
     "retrieved_at": "2026-08-19"
    },
    "_overrides": {
     "creation": {
      "at": "2026-08-19",
      "source": "derived from start date + Caravaggio's documented itinerary (approximate)"
     }
    },
    "museum_id": "fuhrermuseum"
   }
  },
  {
   "type": "Feature",
   "geometry": {
    "type": "Point",
    "coordinates": [
     -0.1283,
     51.5089
    ]
   },
   "properties": {
    "painter": "Veronese",
    "title": "Unfaithfulness",
    "year": "1575",
    "city": "London",
    "country": "United Kingdom",
    "location": "National Gallery",
    "kind": "museum",
    "attribution": "generally accepted",
    "status": "present",
    "medium": "Oil on canvas",
    "dimensions": "187 × 188 cm",
    "genre": "allegory",
    "image": "https://commons.wikimedia.org/wiki/Special:FilePath/Paolo%20Veronese%20020.jpg?width=420",
    "wikipedia_es": "https://es.wikipedia.org/wiki/La_infidelidad_(Veronese)",
    "wikidata": "https://www.wikidata.org/wiki/Q5967039",
    "creation_place": "Venice",
    "creation_lat": 45.4408,
    "creation_lon": 12.3155,
    "_source": {
     "source": "Wikidata",
     "url": "https://www.wikidata.org/wiki/Q5967039",
     "retrieved_at": "2026-08-19"
    },
    "_overrides": {
     "creation": {
      "at": "2026-08-19",
      "source": "derived from start date + Caravaggio's documented itinerary (approximate)"
     }
    },
    "museum_id": "national-gallery"
   }
  },
  {
   "type": "Feature",
   "geometry": {
    "type": "Point",
    "coordinates": [
     -3.6922,
     40.4139
    ]
   },
   "properties": {
    "painter": "Veronese",
    "title": "The Finding of Moses",
    "year": "1580",
    "city": "Madrid",
    "country": "Spain",
    "location": "Museo del Prado",
    "kind": "museum",
    "attribution": "generally accepted",
    "status": "present",
    "medium": "Oil on canvas",
    "dimensions": "57 × 43 cm",
    "genre": "religious art",
    "image": "https://commons.wikimedia.org/wiki/Special:FilePath/Mois%C3%A9s%20salvado%20de%20las%20aguas%20%28El%20Veron%C3%A9s%29.jpg?width=420",
    "wikipedia_es": "https://es.wikipedia.org/wiki/Mois%C3%A9s_salvado_de_las_aguas_del_Nilo_(Veronese)",
    "wikipedia_en": "https://en.wikipedia.org/wiki/The_Finding_of_Moses_(Veronese,_Madrid)",
    "wikipedia_it": "https://it.wikipedia.org/wiki/Mos%C3%A8_salvato_dalle_acque_(Veronese)",
    "wikidata": "https://www.wikidata.org/wiki/Q6020780",
    "creation_place": "Venice",
    "creation_lat": 45.4408,
    "creation_lon": 12.3155,
    "_source": {
     "source": "Wikidata",
     "url": "https://www.wikidata.org/wiki/Q6020780",
     "retrieved_at": "2026-08-19"
    },
    "_overrides": {
     "creation": {
      "at": "2026-08-19",
      "source": "derived from start date + Caravaggio's documented itinerary (approximate)"
     }
    },
    "museum_id": "museo-del-prado"
   }
  },
  {
   "type": "Feature",
   "geometry": {
    "type": "Point",
    "coordinates": [
     -81.61167,
     41.50889
    ]
   },
   "properties": {
    "painter": "Veronese",
    "title": "The Annunciation",
    "year": "1580",
    "city": "Cleveland",
    "country": "United States",
    "location": "Cleveland Museum of Art",
    "kind": "museum",
    "attribution": "attributed",
    "status": "present",
    "medium": "Oil on canvas",
    "dimensions": "150 × 133.4 cm",
    "genre": "religious art",
    "image": "https://commons.wikimedia.org/wiki/Special:FilePath/Paolo%20Veronese%20-%20The%20Annunciation%20-%201950.251%20-%20Cleveland%20Museum%20of%20Art.tif?width=420",
    "wikidata": "https://www.wikidata.org/wiki/Q60515744",
    "creation_place": "Venice",
    "creation_lat": 45.4408,
    "creation_lon": 12.3155,
    "_source": {
     "source": "Wikidata",
     "url": "https://www.wikidata.org/wiki/Q60515744",
     "retrieved_at": "2026-08-19"
    },
    "_overrides": {
     "creation": {
      "at": "2026-08-19",
      "source": "derived from start date + Caravaggio's documented itinerary (approximate)"
     }
    },
    "museum_id": "cleveland-museum-of-art"
   }
  },
  {
   "type": "Feature",
   "geometry": {
    "type": "Point",
    "coordinates": [
     7.68618,
     45.07412
    ]
   },
   "properties": {
    "painter": "Veronese",
    "title": "The Feast in the House of Simon the Pharisee (Veronese, Turin)",
    "year": "1550",
    "city": "Turin",
    "country": "Italy",
    "location": "Galleria Sabauda",
    "kind": "museum",
    "attribution": "generally accepted",
    "status": "present",
    "medium": "Oil on canvas",
    "dimensions": "315 × 451 cm",
    "genre": "religious art",
    "image": "https://commons.wikimedia.org/wiki/Special:FilePath/Paolo%20Veronese%20-%20The%20Feast%20in%20the%20House%20of%20Simon%20%281555-56%20Turin%29.jpg?width=420",
    "wikipedia_en": "https://en.wikipedia.org/wiki/The_Feast_in_the_House_of_Simon_the_Pharisee_(Veronese,_Turin)",
    "wikipedia_it": "https://it.wikipedia.org/wiki/Cena_in_casa_di_Simone_il_fariseo_(Veronese)",
    "wikidata": "https://www.wikidata.org/wiki/Q63871952",
    "creation_place": "Verona",
    "creation_lat": 45.4384,
    "creation_lon": 10.9916,
    "_source": {
     "source": "Wikidata",
     "url": "https://www.wikidata.org/wiki/Q63871952",
     "retrieved_at": "2026-08-19"
    },
    "_overrides": {
     "creation": {
      "at": "2026-08-19",
      "source": "derived from start date + Caravaggio's documented itinerary (approximate)"
     }
    },
    "museum_id": "galleria-sabauda"
   }
  },
  {
   "type": "Feature",
   "geometry": {
    "type": "Point",
    "coordinates": [
     12.49214,
     41.91421
    ]
   },
   "properties": {
    "painter": "Veronese",
    "title": "Saint Anthony Preaching to the Fish",
    "year": "1580",
    "city": "Rome",
    "country": "Italy",
    "location": "Galleria Borghese",
    "kind": "museum",
    "attribution": "generally accepted",
    "status": "present",
    "medium": "Oil on canvas",
    "dimensions": "104 × 150 cm",
    "genre": "religious art",
    "image": "https://commons.wikimedia.org/wiki/Special:FilePath/Veronese%20-%20Predica%20di%20Sant%27Antonio%20da%20Padova%2C%20101.jpg?width=420",
    "wikipedia_en": "https://en.wikipedia.org/wiki/Saint_Anthony_Preaching_to_the_Fish",
    "wikipedia_it": "https://it.wikipedia.org/wiki/Predica_di_sant%27Antonio_ai_pesci_(Veronese)",
    "wikidata": "https://www.wikidata.org/wiki/Q64606195",
    "creation_place": "Venice",
    "creation_lat": 45.4408,
    "creation_lon": 12.3155,
    "_source": {
     "source": "Wikidata",
     "url": "https://www.wikidata.org/wiki/Q64606195",
     "retrieved_at": "2026-08-19"
    },
    "_overrides": {
     "creation": {
      "at": "2026-08-19",
      "source": "derived from start date + Caravaggio's documented itinerary (approximate)"
     }
    },
    "museum_id": "galleria-borghese"
   }
  },
  {
   "type": "Feature",
   "geometry": {
    "type": "Point",
    "coordinates": [
     14.292,
     48.2901
    ]
   },
   "properties": {
    "painter": "Veronese",
    "title": "Portrait of Daniele Barbaro",
    "year": "1565",
    "city": "Linz",
    "country": "German Reich",
    "location": "Führermuseum",
    "kind": "museum",
    "attribution": "generally accepted",
    "status": "present",
    "medium": "Oil on canvas",
    "dimensions": "118 × 104 cm",
    "genre": "portrait",
    "image": "https://commons.wikimedia.org/wiki/Special:FilePath/Daniele%20Barbaro.jpg?width=420",
    "wikipedia_en": "https://en.wikipedia.org/wiki/Portrait_of_Daniele_Barbaro",
    "wikidata": "https://www.wikidata.org/wiki/Q7232266",
    "creation_place": "Venice",
    "creation_lat": 45.4408,
    "creation_lon": 12.3155,
    "_source": {
     "source": "Wikidata",
     "url": "https://www.wikidata.org/wiki/Q7232266",
     "retrieved_at": "2026-08-19"
    },
    "_overrides": {
     "creation": {
      "at": "2026-08-19",
      "source": "derived from start date + Caravaggio's documented itinerary (approximate)"
     }
    },
    "museum_id": "fuhrermuseum"
   }
  },
  {
   "type": "Feature",
   "geometry": {
    "type": "Point",
    "coordinates": [
     3.06117,
     50.63092
    ]
   },
   "properties": {
    "painter": "Veronese",
    "title": "Paradiso",
    "year": "1577",
    "city": "Lille",
    "country": "France",
    "location": "Palais des Beaux-Arts de Lille",
    "kind": "museum",
    "attribution": "generally accepted",
    "status": "present",
    "medium": "Oil on canvas",
    "dimensions": "86.5 × 235 cm",
    "genre": "religious art",
    "image": "https://commons.wikimedia.org/wiki/Special:FilePath/Lille%20PdBA%20veronese%20esquisse%20paradis.JPG?width=420",
    "wikipedia_it": "https://it.wikipedia.org/wiki/Paradiso_(Veronese)",
    "wikidata": "https://www.wikidata.org/wiki/Q72993080",
    "creation_place": "Venice",
    "creation_lat": 45.4408,
    "creation_lon": 12.3155,
    "_source": {
     "source": "Wikidata",
     "url": "https://www.wikidata.org/wiki/Q72993080",
     "retrieved_at": "2026-08-19"
    },
    "_overrides": {
     "creation": {
      "at": "2026-08-19",
      "source": "derived from start date + Caravaggio's documented itinerary (approximate)"
     }
    },
    "museum_id": "palais-des-beaux-arts-de-lille"
   }
  },
  {
   "type": "Feature",
   "geometry": {
    "type": "Point",
    "coordinates": [
     -0.1283,
     51.5089
    ]
   },
   "properties": {
    "painter": "Veronese",
    "title": "Portrait of a Gentleman of the Soranzo Family",
    "year": "1585",
    "city": "London",
    "country": "United Kingdom",
    "location": "National Gallery",
    "kind": "museum",
    "attribution": "attributed",
    "status": "present",
    "medium": "Oil on canvas",
    "dimensions": "181.5 × 111 cm",
    "genre": "portrait",
    "image": "https://commons.wikimedia.org/wiki/Special:FilePath/Paolo%20Veronese%20%281528-1588%29%20-%20Portrait%20of%20a%20Gentleman%20of%20the%20Soranzo%20Family%20-%20NG6694%20-%20National%20Gallery.jpg?width=420",
    "wikidata": "https://www.wikidata.org/wiki/Q73284061",
    "creation_place": "Venice",
    "creation_lat": 45.4408,
    "creation_lon": 12.3155,
    "_source": {
     "source": "Wikidata",
     "url": "https://www.wikidata.org/wiki/Q73284061",
     "retrieved_at": "2026-08-19"
    },
    "_overrides": {
     "creation": {
      "at": "2026-08-19",
      "source": "derived from start date + Caravaggio's documented itinerary (approximate)"
     }
    },
    "museum_id": "national-gallery"
   }
  },
  {
   "type": "Feature",
   "geometry": {
    "type": "Point",
    "coordinates": [
     -122.33813,
     47.60731
    ]
   },
   "properties": {
    "painter": "Veronese",
    "title": "Venus and Adonis",
    "year": "1570",
    "city": "Seattle",
    "country": "United States",
    "location": "Seattle Art Museum",
    "kind": "museum",
    "attribution": "attributed",
    "status": "present",
    "medium": "Oil paint",
    "genre": "mythological painting",
    "image": "https://commons.wikimedia.org/wiki/Special:FilePath/Marte%20y%20Venus%20Seattle%2001.JPG?width=420",
    "wikidata": "https://www.wikidata.org/wiki/Q74162657",
    "creation_place": "Venice",
    "creation_lat": 45.4408,
    "creation_lon": 12.3155,
    "_source": {
     "source": "Wikidata",
     "url": "https://www.wikidata.org/wiki/Q74162657",
     "retrieved_at": "2026-08-19"
    },
    "_overrides": {
     "creation": {
      "at": "2026-08-19",
      "source": "derived from start date + Caravaggio's documented itinerary (approximate)"
     }
    },
    "museum_id": "seattle-art-museum"
   }
  },
  {
   "type": "Feature",
   "geometry": {
    "type": "Point",
    "coordinates": [
     -0.1283,
     51.5089
    ]
   },
   "properties": {
    "painter": "Veronese",
    "title": "The Family of Darius Before Alexander",
    "year": "1565",
    "city": "London",
    "country": "United Kingdom",
    "location": "National Gallery",
    "kind": "museum",
    "attribution": "generally accepted",
    "status": "present",
    "medium": "Oil on canvas",
    "dimensions": "236.2 × 474.9 cm",
    "genre": "history painting",
    "image": "https://commons.wikimedia.org/wiki/Special:FilePath/The%20Family%20of%20Darius%20before%20Alexander%20by%20Paolo%20Veronese%201570.jpg?width=420",
    "wikipedia_en": "https://en.wikipedia.org/wiki/The_Family_of_Darius_Before_Alexander",
    "wikipedia_it": "https://it.wikipedia.org/wiki/Famiglia_di_Dario_ai_piedi_di_Alessandro",
    "wikidata": "https://www.wikidata.org/wiki/Q7733345",
    "creation_place": "Venice",
    "creation_lat": 45.4408,
    "creation_lon": 12.3155,
    "_source": {
     "source": "Wikidata",
     "url": "https://www.wikidata.org/wiki/Q7733345",
     "retrieved_at": "2026-08-19"
    },
    "_overrides": {
     "creation": {
      "at": "2026-08-19",
      "source": "derived from start date + Caravaggio's documented itinerary (approximate)"
     }
    },
    "museum_id": "national-gallery"
   }
  },
  {
   "type": "Feature",
   "geometry": {
    "type": "Point",
    "coordinates": [
     -6.25255,
     53.34091
    ]
   },
   "properties": {
    "painter": "Veronese",
    "title": "Saints Philip and James the Less",
    "city": "Dublin",
    "country": "Ireland",
    "location": "National Gallery of Ireland",
    "kind": "museum",
    "attribution": "attributed",
    "status": "present",
    "medium": "Oil on canvas",
    "dimensions": "204 × 156 cm",
    "genre": "religious art",
    "image": "https://commons.wikimedia.org/wiki/Special:FilePath/Saints%20Philip%20and%20James%20the%20Less%20.PNG?width=420",
    "wikidata": "https://www.wikidata.org/wiki/Q77886424",
    "_source": {
     "source": "Wikidata",
     "url": "https://www.wikidata.org/wiki/Q77886424",
     "retrieved_at": "2026-08-19"
    },
    "museum_id": "national-gallery-of-ireland"
   }
  },
  {
   "type": "Feature",
   "geometry": {
    "type": "Point",
    "coordinates": [
     10.995936,
     45.448889
    ]
   },
   "properties": {
    "painter": "Veronese",
    "title": "The Martyrdom of St George",
    "year": "1564",
    "city": "Verona",
    "country": "Italy",
    "location": "San Giorgio in Braida",
    "kind": "church",
    "attribution": "generally accepted",
    "status": "present",
    "medium": "Oil on canvas",
    "dimensions": "426 × 305 cm",
    "image": "https://commons.wikimedia.org/wiki/Special:FilePath/Paolo%20Veronese%20023.jpg?width=420",
    "wikipedia_en": "https://en.wikipedia.org/wiki/The_Martyrdom_of_Saint_George",
    "wikipedia_it": "https://it.wikipedia.org/wiki/Martirio_di_San_Giorgio",
    "wikidata": "https://www.wikidata.org/wiki/Q81755677",
    "creation_place": "Venice",
    "creation_lat": 45.4408,
    "creation_lon": 12.3155,
    "_source": {
     "source": "Wikidata",
     "url": "https://www.wikidata.org/wiki/Q81755677",
     "retrieved_at": "2026-08-19"
    },
    "_overrides": {
     "creation": {
      "at": "2026-08-19",
      "source": "derived from start date + Caravaggio's documented itinerary (approximate)"
     }
    },
    "museum_id": "san-giorgio-in-braida"
   }
  },
  {
   "type": "Feature",
   "geometry": {
    "type": "Point",
    "coordinates": [
     11.46751,
     45.23292
    ]
   },
   "properties": {
    "painter": "Veronese",
    "title": "Transfiguration of Christ",
    "year": "1555",
    "city": "Montagnana",
    "country": "Italy",
    "location": "Santa Maria Assunta church",
    "kind": "museum",
    "attribution": "generally accepted",
    "status": "present",
    "medium": "Oil on canvas",
    "dimensions": "555 × 260 cm",
    "genre": "religious art",
    "image": "https://commons.wikimedia.org/wiki/Special:FilePath/Paolo%20Veronese%20-%20Transfiguration%20of%20Christ%20-%20WGA24768.jpg?width=420",
    "wikipedia_it": "https://it.wikipedia.org/wiki/Trasfigurazione_di_Cristo_(Veronese)",
    "wikidata": "https://www.wikidata.org/wiki/Q87473211",
    "creation_place": "Venice",
    "creation_lat": 45.4408,
    "creation_lon": 12.3155,
    "_source": {
     "source": "Wikidata",
     "url": "https://www.wikidata.org/wiki/Q87473211",
     "retrieved_at": "2026-08-19"
    },
    "_overrides": {
     "creation": {
      "at": "2026-08-19",
      "source": "derived from start date + Caravaggio's documented itinerary (approximate)"
     }
    },
    "museum_id": "santa-maria-assunta-church"
   }
  },
  {
   "type": "Feature",
   "geometry": {
    "type": "Point",
    "coordinates": [
     16.3616,
     48.20388
    ]
   },
   "properties": {
    "painter": "Veronese",
    "title": "The Finding of Moses (Veronese, Vienna)",
    "year": "1570",
    "city": "Vienna",
    "country": "Austria",
    "location": "Kunsthistorisches Museum",
    "kind": "museum",
    "attribution": "attributed",
    "status": "present",
    "wikidata": "https://www.wikidata.org/wiki/Q88980864",
    "creation_place": "Venice",
    "creation_lat": 45.4408,
    "creation_lon": 12.3155,
    "_source": {
     "source": "Wikidata",
     "url": "https://www.wikidata.org/wiki/Q88980864",
     "retrieved_at": "2026-08-19"
    },
    "_overrides": {
     "creation": {
      "at": "2026-08-19",
      "source": "derived from start date + Caravaggio's documented itinerary (approximate)"
     }
    },
    "museum_id": "kunsthistorisches-museum"
   }
  },
  {
   "type": "Feature",
   "geometry": {
    "type": "Point",
    "coordinates": [
     5.04267,
     47.3216
    ]
   },
   "properties": {
    "painter": "Veronese",
    "title": "The Finding of Moses",
    "year": "1580",
    "city": "Dijon",
    "country": "France",
    "location": "Musée des Beaux-Arts de Dijon",
    "kind": "museum",
    "attribution": "generally accepted",
    "status": "present",
    "medium": "Oil on canvas",
    "dimensions": "121.5 × 174.8 cm",
    "genre": "religious art",
    "image": "https://commons.wikimedia.org/wiki/Special:FilePath/Dijon%20-%20Mus%C3%A9e%20des%20Beaux-Arts%20-%20Mo%C3%AFse%20sauv%C3%A9%20des%20eaux%2C%20par%20V%C3%A9ron%C3%A8se.jpg?width=420",
    "wikipedia_en": "https://en.wikipedia.org/wiki/The_Finding_of_Moses_(Veronese,_Dijon)",
    "wikidata": "https://www.wikidata.org/wiki/Q88980977",
    "creation_place": "Venice",
    "creation_lat": 45.4408,
    "creation_lon": 12.3155,
    "_source": {
     "source": "Wikidata",
     "url": "https://www.wikidata.org/wiki/Q88980977",
     "retrieved_at": "2026-08-19"
    },
    "_overrides": {
     "creation": {
      "at": "2026-08-19",
      "source": "derived from start date + Caravaggio's documented itinerary (approximate)"
     }
    },
    "museum_id": "musee-des-beaux-arts-de-dijon"
   }
  },
  {
   "type": "Feature",
   "geometry": {
    "type": "Point",
    "coordinates": [
     12.34042,
     45.43367
    ]
   },
   "properties": {
    "painter": "Veronese",
    "title": "Triumph of Venice",
    "year": "1585",
    "city": "Venice",
    "country": "Italy",
    "location": "Doge's Palace",
    "kind": "museum",
    "attribution": "generally accepted",
    "status": "present",
    "medium": "Oil on canvas",
    "dimensions": "904 × 579 cm",
    "genre": "allegory",
    "image": "https://commons.wikimedia.org/wiki/Special:FilePath/Veronese-Triomphe%20de%20Venise.jpg?width=420",
    "wikipedia_it": "https://it.wikipedia.org/wiki/Trionfo_di_Venezia",
    "wikidata": "https://www.wikidata.org/wiki/Q9158640",
    "creation_place": "Venice",
    "creation_lat": 45.4408,
    "creation_lon": 12.3155,
    "_source": {
     "source": "Wikidata",
     "url": "https://www.wikidata.org/wiki/Q9158640",
     "retrieved_at": "2026-08-19"
    },
    "_overrides": {
     "creation": {
      "at": "2026-08-19",
      "source": "derived from start date + Caravaggio's documented itinerary (approximate)"
     }
    },
    "museum_id": "doge-s-palace"
   }
  },
  {
   "type": "Feature",
   "geometry": {
    "type": "Point",
    "coordinates": [
     -73.9631,
     40.7794
    ]
   },
   "properties": {
    "painter": "Veronese",
    "title": "Venus and Mars",
    "year": "1570",
    "city": "New York",
    "country": "United States",
    "location": "Metropolitan Museum of Art",
    "kind": "museum",
    "attribution": "generally accepted",
    "status": "present",
    "medium": "Oil on canvas",
    "dimensions": "205.7 × 161 cm",
    "genre": "mythological painting",
    "image": "https://commons.wikimedia.org/wiki/Special:FilePath/Paolo%20Veronese%20-%20Mars%20and%20Venus%20United%20by%20Love%20-%20Google%20Art%20Project.jpg?width=420",
    "wikipedia_en": "https://en.wikipedia.org/wiki/Venus_and_Mars_(Veronese)",
    "wikipedia_it": "https://it.wikipedia.org/wiki/Venere_e_Marte_(Veronese)",
    "wikidata": "https://www.wikidata.org/wiki/Q9372005",
    "creation_place": "Venice",
    "creation_lat": 45.4408,
    "creation_lon": 12.3155,
    "_source": {
     "source": "Wikidata",
     "url": "https://www.wikidata.org/wiki/Q9372005",
     "retrieved_at": "2026-08-19"
    },
    "_overrides": {
     "creation": {
      "at": "2026-08-19",
      "source": "derived from start date + Caravaggio's documented itinerary (approximate)"
     }
    },
    "museum_id": "metropolitan-museum-of-art"
   }
  },
  {
   "type": "Feature",
   "geometry": {
    "type": "Point",
    "coordinates": [
     2,
     47
    ]
   },
   "properties": {
    "painter": "Veronese",
    "title": "Cephalus and Procris",
    "year": "1584",
    "city": "France",
    "country": "France",
    "location": "Musée des Beaux-Arts de Strasbourg",
    "kind": "museum",
    "attribution": "generally accepted",
    "status": "present",
    "medium": "Oil on canvas",
    "dimensions": "162 × 185 cm",
    "genre": "mythological painting",
    "image": "https://commons.wikimedia.org/wiki/Special:FilePath/Cephalus%20and%20Procris.jpg?width=420",
    "wikipedia_en": "https://en.wikipedia.org/wiki/Cephalus_and_Procris",
    "wikidata": "https://www.wikidata.org/wiki/Q9395635",
    "creation_place": "Venice",
    "creation_lat": 45.4408,
    "creation_lon": 12.3155,
    "_source": {
     "source": "Wikidata",
     "url": "https://www.wikidata.org/wiki/Q9395635",
     "retrieved_at": "2026-08-19"
    },
    "_overrides": {
     "creation": {
      "at": "2026-08-19",
      "source": "derived from start date + Caravaggio's documented itinerary (approximate)"
     }
    },
    "museum_id": "musee-des-beaux-arts-de-strasbourg"
   }
  },
  {
   "type": "Feature",
   "geometry": {
    "type": "Point",
    "coordinates": [
     -73.9672,
     40.7711
    ]
   },
   "properties": {
    "painter": "Veronese",
    "title": "Allegory of Virtue and Vice",
    "year": "1565",
    "city": "New York",
    "country": "United States",
    "location": "Frick Collection",
    "kind": "museum",
    "attribution": "generally accepted",
    "status": "present",
    "medium": "Oil on canvas",
    "dimensions": "219 × 170 cm",
    "genre": "allegory",
    "image": "https://commons.wikimedia.org/wiki/Special:FilePath/Paolo%20Veronese%20036.jpg?width=420",
    "wikipedia_es": "https://es.wikipedia.org/wiki/Alegor%C3%ADa_de_la_Virtud_y_el_Vicio",
    "wikipedia_en": "https://en.wikipedia.org/wiki/Allegory_of_Virtue_and_Vice_(Veronese)",
    "wikipedia_it": "https://it.wikipedia.org/wiki/Allegoria_della_Virt%C3%B9_e_del_Vizio_(Veronese)",
    "wikidata": "https://www.wikidata.org/wiki/Q961661",
    "creation_place": "Venice",
    "creation_lat": 45.4408,
    "creation_lon": 12.3155,
    "_source": {
     "source": "Wikidata",
     "url": "https://www.wikidata.org/wiki/Q961661",
     "retrieved_at": "2026-08-19"
    },
    "_overrides": {
     "creation": {
      "at": "2026-08-19",
      "source": "derived from start date + Caravaggio's documented itinerary (approximate)"
     }
    },
    "museum_id": "frick-collection"
   }
  },
  {
   "type": "Feature",
   "geometry": {
    "type": "Point",
    "coordinates": [
     7.68618,
     45.07412
    ]
   },
   "properties": {
    "painter": "Veronese",
    "title": "The Finding of Moses",
    "year": "1582",
    "city": "Turin",
    "country": "Italy",
    "location": "Galleria Sabauda",
    "kind": "museum",
    "attribution": "generally accepted",
    "status": "present",
    "medium": "Oil paint",
    "dimensions": "337 × 510 cm",
    "genre": "religious art",
    "image": "https://commons.wikimedia.org/wiki/Special:FilePath/Veronese%20Ritrovamento%20di%20Mos%C3%A8.jpg?width=420",
    "wikipedia_en": "https://en.wikipedia.org/wiki/The_Finding_of_Moses_(studio_of_Veronese,_Turin)",
    "wikidata": "https://www.wikidata.org/wiki/Q97358902",
    "creation_place": "Venice",
    "creation_lat": 45.4408,
    "creation_lon": 12.3155,
    "_source": {
     "source": "Wikidata",
     "url": "https://www.wikidata.org/wiki/Q97358902",
     "retrieved_at": "2026-08-19"
    },
    "_overrides": {
     "creation": {
      "at": "2026-08-19",
      "source": "derived from start date + Caravaggio's documented itinerary (approximate)"
     }
    },
    "museum_id": "galleria-sabauda"
   }
  },
  {
   "type": "Feature",
   "geometry": {
    "type": "Point",
    "coordinates": [
     12.33194,
     45.43972
    ]
   },
   "properties": {
    "painter": "Veronese",
    "title": "The Finding of Moses",
    "year": "1580",
    "city": "Metropolitan City of Venice",
    "country": "Italy",
    "location": "Venice",
    "kind": "museum",
    "attribution": "generally accepted",
    "status": "present",
    "genre": "religious art",
    "image": "https://commons.wikimedia.org/wiki/Special:FilePath/John%20Baptist%20Jackson%20after%20Veronese%2C%20The%20Finding%20of%20Moses%2C%201741%2C%20NGA%2033059.jpg?width=420",
    "wikipedia_en": "https://en.wikipedia.org/wiki/The_Finding_of_Moses_(Veronese,_Smith_collection)",
    "wikidata": "https://www.wikidata.org/wiki/Q97358907",
    "creation_place": "Venice",
    "creation_lat": 45.4408,
    "creation_lon": 12.3155,
    "_source": {
     "source": "Wikidata",
     "url": "https://www.wikidata.org/wiki/Q97358907",
     "retrieved_at": "2026-08-19"
    },
    "_overrides": {
     "creation": {
      "at": "2026-08-19",
      "source": "derived from start date + Caravaggio's documented itinerary (approximate)"
     }
    },
    "museum_id": "venice"
   }
  }
 ]
}