{"type": "FeatureCollection", "features": [{"type": "Feature", "geometry": {"type": "Point", "coordinates": [-3.214122, 43.375725]}, "properties": {"sources": ["osm", "frontons", "gis"], "source": "osm+frontons+gis", "confianza": "confirmado", "member_ids": ["osm/way/114104040", "frontons/3891", "gis/7580", "gis/7581", "gis/7582", "gis/7583", "gis/7584", "gis/7585"], "id": "osm/way/114104040", "region": "cantabria", "name": null, "municipio": "Castro Urdiales", "tipo": "pared_izq", "cubierto": null, "direccion": "Paseo Menéndez Pelayo 25 España", "foto": "https://static.frontons.net/data/photos/medium/fronton-pared-izquierda-39700-castro-urdiales-cantabria-espana-3891_0.jpg", "area_m2": 435, "osm_url": "https://www.openstreetmap.org/way/114104040", "edit_url": "https://www.openstreetmap.org/edit?way=114104040", "gis_url": "https://mapas.cantabria.es/", "frontons_url": "https://www.frontons.net/fronton-pared-izquierda/39700-castro-urdiales-cantabria-espana-3891.html", "estado": null}}, {"type": "Feature", "geometry": {"type": "Point", "coordinates": [-3.834458, 43.45283]}, "properties": {"sources": ["osm"], "source": "osm", "confianza": "por_verificar", "member_ids": ["osm/way/431358022"], "id": "osm/way/431358022", "region": "cantabria", "name": null, "municipio": "Monte", "tipo": null, "cubierto": null, "direccion": null, "foto": null, "area_m2": null, "osm_url": "https://www.openstreetmap.org/way/431358022", "edit_url": "https://www.openstreetmap.org/edit?way=431358022", "estado": null}}, {"type": "Feature", "geometry": {"type": "Point", "coordinates": [-3.523123, 43.48363]}, "properties": {"sources": ["osm"], "source": "osm", "confianza": "por_verificar", "member_ids": ["osm/way/684351827"], "id": "osm/way/684351827", "region": "cantabria", "name": null, "municipio": "Noja", "tipo": null, "cubierto": null, "direccion": null, "foto": null, "area_m2": null, "osm_url": "https://www.openstreetmap.org/way/684351827", "edit_url": "https://www.openstreetmap.org/edit?way=684351827", "estado": null}}, {"type": "Feature", "geometry": {"type": "Point", "coordinates": [-3.493124, 43.25731]}, "properties": {"sources": ["osm", "gis"], "source": "osm+gis", "confianza": "confirmado", "member_ids": ["osm/way/762375646", "gis/5205"], "id": "osm/way/762375646", "region": "cantabria", "name": null, "municipio": "Ramales de la Victoria", "tipo": null, "cubierto": null, "direccion": null, "foto": null, "area_m2": 209, "osm_url": "https://www.openstreetmap.org/way/762375646", "edit_url": "https://www.openstreetmap.org/edit?way=762375646", "gis_url": "https://mapas.cantabria.es/", "estado": null}}, {"type": "Feature", "geometry": {"type": "Point", "coordinates": [-3.450656, 43.326997]}, "properties": {"sources": ["osm", "frontons", "gis"], "source": "osm+frontons+gis", "confianza": "confirmado", "member_ids": ["osm/way/925640837", "frontons/3880", "gis/5206"], "id": "osm/way/925640837", "region": "cantabria", "name": null, "municipio": "La Aparecida", "tipo": "pared_izq", "cubierto": null, "direccion": null, "foto": "https://static.frontons.net/data/photos/medium/fronton-pared-izquierda-santuario-de-la-bien-aparecida-39849-la-aparecida-cantabria-espana-3880_0.jpg", "area_m2": 428, "osm_url": "https://www.openstreetmap.org/way/925640837", "edit_url": "https://www.openstreetmap.org/edit?way=925640837", "gis_url": "https://mapas.cantabria.es/", "frontons_url": "https://www.frontons.net/fronton-pared-izquierda/santuario-de-la-bien-aparecida-39849-la-aparecida-cantabria-espana-3880.html", "estado": null}}, {"type": "Feature", "geometry": {"type": "Point", "coordinates": [-2.190656, 43.051806]}, "properties": {"sources": ["osm", "frontons"], "source": "osm+frontons", "confianza": "confirmado", "member_ids": ["osm/node/537854196", "osm/way/42937141", "frontons/2324"], "id": "osm/node/537854196", "region": "euskadi", "name": null, "municipio": "Beasain", "tipo": "pared_izq", "cubierto": null, "direccion": "Mariarats Kalea 8A España", "foto": "https://static.frontons.net/data/photos/medium/fronton-pared-izquierda-20200-beasain-gipuzkoa-espana-2324_0.jpg", "area_m2": null, "osm_url": "https://www.openstreetmap.org/node/537854196", "edit_url": "https://www.openstreetmap.org/edit?node=537854196", "frontons_url": "https://www.frontons.net/fronton-pared-izquierda/20200-beasain-gipuzkoa-espana-2324.html", "estado": null}}, {"type": "Feature", "geometry": {"type": "Point", "coordinates": [-2.735328, 43.220873]}, "properties": {"sources": ["osm", "frontons"], "source": "osm+frontons", "confianza": "confirmado", "member_ids": ["osm/node/559235715", "frontons/2730"], "id": "osm/node/559235715", "region": "euskadi", "name": null, "municipio": "Amorebieta-Etxano", "tipo": "pared_izq", "cubierto": null, "direccion": "Zelaieta Ibilbidea España", "foto": "https://static.frontons.net/data/photos/medium/fronton-pared-izquierda-48340-amorebieta-etxano-bizkaia-espana-2730_0.jpg", "area_m2": null, "osm_url": "https://www.openstreetmap.org/node/559235715", "edit_url": "https://www.openstreetmap.org/edit?node=559235715", "frontons_url": "https://www.frontons.net/fronton-pared-izquierda/48340-amorebieta-etxano-bizkaia-espana-2730.html", "estado": null}}, {"type": "Feature", "geometry": {"type": "Point", "coordinates": [-2.257491, 43.239959]}, "properties": {"sources": ["osm", "frontons"], "source": "osm+frontons", "confianza": "confirmado", "member_ids": ["osm/node/652576870", "osm/way/303682841", "frontons/2785", "frontons/2787"], "id": "osm/node/652576870", "region": "euskadi", "name": "Gurutzeaga frontoia", "municipio": "Zestoa", "tipo": "pared_izq", "cubierto": null, "direccion": "Gurutze Kalea 10 España", "foto": "https://static.frontons.net/data/photos/medium/fronton-pared-izquierda-20740-zestoa-gipuzkoa-espana-2785_0.jpg", "area_m2": null, "osm_url": "https://www.openstreetmap.org/node/652576870", "edit_url": "https://www.openstreetmap.org/edit?node=652576870", "frontons_url": "https://www.frontons.net/fronton-pared-izquierda/20740-zestoa-gipuzkoa-espana-2785.html", "estado": null}}, {"type": "Feature", "geometry": {"type": "Point", "coordinates": [-1.899372, 43.31944]}, "properties": {"sources": ["osm", "frontons"], "source": "osm+frontons", "confianza": "confirmado", "member_ids": ["osm/node/652791907", "osm/way/1462886192", "frontons/2848", "frontons/5529"], "id": "osm/node/652791907", "region": "euskadi", "name": "Bekoerrota Kiroldegia", "municipio": "Lezo", "tipo": "pared_izq", "cubierto": null, "direccion": "Euskal Herria Plaza 2 España", "foto": "https://static.frontons.net/data/photos/medium/fronton-pared-izquierda-20100-lezo-gipuzkoa-espana-2848_0.jpg", "area_m2": null, "osm_url": "https://www.openstreetmap.org/node/652791907", "edit_url": "https://www.openstreetmap.org/edit?node=652791907", "frontons_url": "https://www.frontons.net/fronton-pared-izquierda/20100-lezo-gipuzkoa-espana-2848.html", "estado": null}}, {"type": "Feature", "geometry": {"type": "Point", "coordinates": [-2.980939, 43.381252]}, "properties": {"sources": ["osm", "frontons"], "source": "osm+frontons", "confianza": "confirmado", "member_ids": ["osm/node/2531847210", "frontons/2746"], "id": "osm/node/2531847210", "region": "euskadi", "name": "Sopelako Frontoia", "municipio": "Sopela", "tipo": "pared_izq", "cubierto": null, "direccion": "Loroño Kalea 2 España", "foto": "https://static.frontons.net/data/photos/medium/fronton-pared-izquierda-48600-sopela-bizkaia-espana-2746_0.jpg", "area_m2": null, "osm_url": "https://www.openstreetmap.org/node/2531847210", "edit_url": "https://www.openstreetmap.org/edit?node=2531847210", "frontons_url": "https://www.frontons.net/fronton-pared-izquierda/48600-sopela-bizkaia-espana-2746.html", "estado": null}}, {"type": "Feature", "geometry": {"type": "Point", "coordinates": [-1.770666, 43.339177]}, "properties": {"sources": ["osm", "frontons"], "source": "osm+frontons", "confianza": "confirmado", "member_ids": ["osm/node/2618491846", "frontons/2014"], "id": "osm/node/2618491846", "region": "euskadi", "name": "Trinquete Ramuntxo Berri", "municipio": "Irun", "tipo": "trinquete", "cubierto": null, "direccion": "Jose Maria Franco Kalea 6 España", "foto": "https://static.frontons.net/data/photos/medium/trinquete-20305-irun-gipuzkoa-espana-2014_0.jpg", "area_m2": null, "osm_url": "https://www.openstreetmap.org/node/2618491846", "edit_url": "https://www.openstreetmap.org/edit?node=2618491846", "frontons_url": "https://www.frontons.net/trinquete/20305-irun-gipuzkoa-espana-2014.html", "estado": null}}, {"type": "Feature", "geometry": {"type": "Point", "coordinates": [-3.01282, 42.99495]}, "properties": {"sources": ["osm", "frontons"], "source": "osm+frontons", "confianza": "confirmado", "member_ids": ["osm/node/3693276623", "osm/way/370061527", "frontons/2347", "frontons/2507"], "id": "osm/node/3693276623", "region": "euskadi", "name": "Frontón", "municipio": "Urduña", "tipo": "pared_izq", "cubierto": null, "direccion": "Gran Vía Kalea 13 España", "foto": "https://static.frontons.net/data/photos/medium/fronton-pared-izquierda-48460-urduna-bizkaia-espana-2347_0.jpg", "area_m2": null, "osm_url": "https://www.openstreetmap.org/node/3693276623", "edit_url": "https://www.openstreetmap.org/edit?node=3693276623", "frontons_url": "https://www.frontons.net/fronton-pared-izquierda/48460-urduna-bizkaia-espana-2347.html", "estado": null}}, {"type": "Feature", "geometry": {"type": "Point", "coordinates": [-3.104802, 43.163891]}, "properties": {"sources": ["osm", "frontons"], "source": "osm+frontons", "confianza": "confirmado", "member_ids": ["osm/node/3828205158", "osm/way/379517368", "frontons/2776"], "id": "osm/node/3828205158", "region": "euskadi", "name": "Frontón San Esteban", "municipio": "Gordexola", "tipo": "pared_izq", "cubierto": null, "direccion": "Lugar Barrio San Esteban 1A España", "foto": "https://static.frontons.net/data/photos/medium/fronton-pared-izquierda-48192-bizkaia-espana-2776_0.jpg", "area_m2": null, "osm_url": "https://www.openstreetmap.org/node/3828205158", "edit_url": "https://www.openstreetmap.org/edit?node=3828205158", "frontons_url": "https://www.frontons.net/fronton-pared-izquierda/48192-bizkaia-espana-2776.html", "estado": null}}, {"type": "Feature", "geometry": {"type": "Point", "coordinates": [-3.031704, 43.176682]}, "properties": {"sources": ["osm", "frontons"], "source": "osm+frontons", "confianza": "confirmado", "member_ids": ["osm/node/3828205159", "osm/way/379517370", "frontons/2715"], "id": "osm/node/3828205159", "region": "euskadi", "name": "Fronton de Zaldu", "municipio": "Gordejuela", "tipo": "pared_izq", "cubierto": null, "direccion": "BI-3641 3341 España", "foto": "https://static.frontons.net/data/photos/medium/fronton-pared-izquierda-48194-gordejuela-vizcaya-espana-2715_0.jpg", "area_m2": null, "osm_url": "https://www.openstreetmap.org/node/3828205159", "edit_url": "https://www.openstreetmap.org/edit?node=3828205159", "frontons_url": "https://www.frontons.net/fronton-pared-izquierda/48194-gordejuela-vizcaya-espana-2715.html", "estado": null}}, {"type": "Feature", "geometry": {"type": "Point", "coordinates": [-2.64165, 42.978561]}, "properties": {"sources": ["osm", "frontons"], "source": "osm+frontons", "confianza": "confirmado", "member_ids": ["osm/node/4602261445", "frontons/2236"], "id": "osm/node/4602261445", "region": "euskadi", "name": "Legutioko Frontoia", "municipio": "Legutio", "tipo": "pared_izq", "cubierto": null, "direccion": "La Union Plazatxoa 6 España", "foto": "https://static.frontons.net/data/photos/medium/fronton-pared-izquierda-01170-legutio-araba-espana-2236_0.jpg", "area_m2": null, "osm_url": "https://www.openstreetmap.org/node/4602261445", "edit_url": "https://www.openstreetmap.org/edit?node=4602261445", "frontons_url": "https://www.frontons.net/fronton-pared-izquierda/01170-legutio-araba-espana-2236.html", "estado": null}}, {"type": "Feature", "geometry": {"type": "Point", "coordinates": [-2.434694, 42.505751]}, "properties": {"sources": ["osm", "frontons"], "source": "osm+frontons", "confianza": "confirmado", "member_ids": ["osm/node/4984675854", "frontons/2577"], "id": "osm/node/4984675854", "region": "euskadi", "name": "Toki Alaia", "municipio": "Oion", "tipo": "pared_izq", "cubierto": null, "direccion": "Fueros Kalea 3 España", "foto": "https://static.frontons.net/data/photos/medium/fronton-pared-izquierda-01320-oion-araba-espana-2577_0.jpg", "area_m2": null, "osm_url": "https://www.openstreetmap.org/node/4984675854", "edit_url": "https://www.openstreetmap.org/edit?node=4984675854", "frontons_url": "https://www.frontons.net/fronton-pared-izquierda/01320-oion-araba-espana-2577.html", "estado": null}}, {"type": "Feature", "geometry": {"type": "Point", "coordinates": [-3.045477, 42.808329]}, "properties": {"sources": ["osm", "frontons"], "source": "osm+frontons", "confianza": "confirmado", "member_ids": ["osm/node/5044605587", "osm/way/503637028", "frontons/2473"], "id": "osm/node/5044605587", "region": "euskadi", "name": "Frontón de Espejo", "municipio": "Espejo", "tipo": "pared_izq", "cubierto": null, "direccion": "Calle Camino Tuesta 2 España", "foto": "https://static.frontons.net/data/photos/medium/fronton-pared-izquierda-01423-espejo-alava-espana-2473_0.jpg", "area_m2": null, "osm_url": "https://www.openstreetmap.org/node/5044605587", "edit_url": "https://www.openstreetmap.org/edit?node=5044605587", "frontons_url": "https://www.frontons.net/fronton-pared-izquierda/01423-espejo-alava-espana-2473.html", "estado": null}}, {"type": "Feature", "geometry": {"type": "Point", "coordinates": [-1.976634, 43.267905]}, "properties": {"sources": ["osm", "frontons"], "source": "osm+frontons", "confianza": "confirmado", "member_ids": ["osm/node/5054215356", "frontons/2934"], "id": "osm/node/5054215356", "region": "euskadi", "name": "Kiroldegiko Frontoia", "municipio": "Hernani", "tipo": "pared_izq", "cubierto": null, "direccion": "Elkano Kalea 29 España", "foto": "https://static.frontons.net/data/photos/medium/fronton-pared-izquierda-20120-hernani-gipuzkoa-espana-2934_0.jpg", "area_m2": null, "osm_url": "https://www.openstreetmap.org/node/5054215356", "edit_url": "https://www.openstreetmap.org/edit?node=5054215356", "frontons_url": "https://www.frontons.net/fronton-pared-izquierda/20120-hernani-gipuzkoa-espana-2934.html", "estado": null}}, {"type": "Feature", "geometry": {"type": "Point", "coordinates": [-3.012659, 43.351467]}, "properties": {"sources": ["osm", "frontons"], "source": "osm+frontons", "confianza": "confirmado", "member_ids": ["osm/node/5487351965", "frontons/3056"], "id": "osm/node/5487351965", "region": "euskadi", "name": "Saniko", "municipio": "Getxo", "tipo": "pared_izq", "cubierto": null, "direccion": "San Nicolas Plaza 1A España", "foto": "https://static.frontons.net/data/photos/medium/fronton-pared-izquierda-48991-getxo-bizkaia-espana-3056_0.jpg", "area_m2": null, "osm_url": "https://www.openstreetmap.org/node/5487351965", "edit_url": "https://www.openstreetmap.org/edit?node=5487351965", "frontons_url": "https://www.frontons.net/fronton-pared-izquierda/48991-getxo-bizkaia-espana-3056.html", "estado": null}}, {"type": "Feature", "geometry": {"type": "Point", "coordinates": [-2.752694, 43.299233]}, "properties": {"sources": ["osm"], "source": "osm", "confianza": "por_verificar", "member_ids": ["osm/node/8222805494"], "id": "osm/node/8222805494", "region": "euskadi", "name": "Frontoia", "municipio": "Morga", "tipo": null, "cubierto": null, "direccion": null, "foto": null, "area_m2": null, "osm_url": "https://www.openstreetmap.org/node/8222805494", "edit_url": "https://www.openstreetmap.org/edit?node=8222805494", "estado": null}}, {"type": "Feature", "geometry": {"type": "Point", "coordinates": [-2.414771, 43.118683]}, "properties": {"sources": ["osm"], "source": "osm", "confianza": "por_verificar", "member_ids": ["osm/node/11167881119"], "id": "osm/node/11167881119", "region": "euskadi", "name": null, "municipio": "Bergara", "tipo": null, "cubierto": null, "direccion": null, "foto": null, "area_m2": null, "osm_url": "https://www.openstreetmap.org/node/11167881119", "edit_url": "https://www.openstreetmap.org/edit?node=11167881119", "estado": null}}, {"type": "Feature", "geometry": {"type": "Point", "coordinates": [-2.945018, 43.403314]}, "properties": {"sources": ["osm", "frontons"], "source": "osm+frontons", "confianza": "confirmado", "member_ids": ["osm/node/11645108376", "osm/way/42086095", "frontons/1505"], "id": "osm/node/11645108376", "region": "euskadi", "name": "Plentzia Jai-Alai", "municipio": "Plentzia", "tipo": "pared_izq", "cubierto": null, "direccion": "Plazatxoa Plaza 2 España", "foto": "https://static.frontons.net/data/photos/medium/fronton-pared-izquierda-48620-plentzia-bizkaia-espana-1505_0.jpg", "area_m2": null, "osm_url": "https://www.openstreetmap.org/node/11645108376", "edit_url": "https://www.openstreetmap.org/edit?node=11645108376", "frontons_url": "https://www.frontons.net/fronton-pared-izquierda/48620-plentzia-bizkaia-espana-1505.html", "estado": null}}, {"type": "Feature", "geometry": {"type": "Point", "coordinates": [-3.087795, 43.344538]}, "properties": {"sources": ["osm", "frontons"], "source": "osm+frontons", "confianza": "confirmado", "member_ids": ["osm/node/11645110280", "frontons/2293"], "id": "osm/node/11645110280", "region": "euskadi", "name": "Polideportivo de Zierbena", "municipio": "Zierbena", "tipo": "pared_izq", "cubierto": null, "direccion": "Barrio San Román 2 España", "foto": "https://static.frontons.net/data/photos/medium/fronton-pared-izquierda-48508-zierbena-bizkaia-espana-2293_0.jpg", "area_m2": null, "osm_url": "https://www.openstreetmap.org/node/11645110280", "edit_url": "https://www.openstreetmap.org/edit?node=11645110280", "frontons_url": "https://www.frontons.net/fronton-pared-izquierda/48508-zierbena-bizkaia-espana-2293.html", "estado": null}}, {"type": "Feature", "geometry": {"type": "Point", "coordinates": [-2.986716, 43.298191]}, "properties": {"sources": ["osm", "frontons"], "source": "osm+frontons", "confianza": "confirmado", "member_ids": ["osm/node/11849982983", "frontons/3070"], "id": "osm/node/11849982983", "region": "euskadi", "name": null, "municipio": "Barakaldo", "tipo": "pared_izq", "cubierto": true, "direccion": "Aldapa Kalea 3A España", "foto": "https://static.frontons.net/data/photos/medium/fronton-pared-izquierda-48901-barakaldo-bizkaia-espana-3070_0.jpg", "area_m2": null, "osm_url": "https://www.openstreetmap.org/node/11849982983", "edit_url": "https://www.openstreetmap.org/edit?node=11849982983", "frontons_url": "https://www.frontons.net/fronton-pared-izquierda/48901-barakaldo-bizkaia-espana-3070.html", "estado": null}}, {"type": "Feature", "geometry": {"type": "Point", "coordinates": [-2.41236, 43.173418]}, "properties": {"sources": ["osm", "frontons"], "source": "osm+frontons", "confianza": "confirmado", "member_ids": ["osm/node/12014831212", "osm/node/12014831214", "osm/node/12014831216", "frontons/2342", "frontons/2343"], "id": "osm/node/12014831212", "region": "euskadi", "name": "Frontoi Arrosa", "municipio": "Soraluze - Placencia de Las Armas", "tipo": "pared_izq", "cubierto": null, "direccion": "Frontón Kalea 3 España", "foto": "https://static.frontons.net/data/photos/medium/fronton-pared-izquierda-20590-soraluze-gipuzkoa-espana-2342_0.jpg", "area_m2": null, "osm_url": "https://www.openstreetmap.org/node/12014831212", "edit_url": "https://www.openstreetmap.org/edit?node=12014831212", "frontons_url": "https://www.frontons.net/fronton-pared-izquierda/20590-soraluze-gipuzkoa-espana-2342.html", "estado": null}}, {"type": "Feature", "geometry": {"type": "Point", "coordinates": [-2.922099, 43.260352]}, "properties": {"sources": ["osm"], "source": "osm", "confianza": "por_verificar", "member_ids": ["osm/node/12574994345", "osm/way/1358721779"], "id": "osm/node/12574994345", "region": "euskadi", "name": "Bilbao Esperantza Pilota", "municipio": "Bilbao", "tipo": null, "cubierto": null, "direccion": null, "foto": null, "area_m2": null, "osm_url": "https://www.openstreetmap.org/node/12574994345", "edit_url": "https://www.openstreetmap.org/edit?node=12574994345", "estado": null}}, {"type": "Feature", "geometry": {"type": "Point", "coordinates": [-2.502203, 43.186655]}, "properties": {"sources": ["osm", "frontons"], "source": "osm+frontons", "confianza": "confirmado", "member_ids": ["osm/node/13080665466", "frontons/1507", "frontons/2765"], "id": "osm/node/13080665466", "region": "euskadi", "name": "Frontoia Orbe Kardenala plaza", "municipio": "Ermua", "tipo": "pared_izq", "cubierto": null, "direccion": "Erdikokale Zeharkalea 1 España", "foto": "https://static.frontons.net/data/photos/medium/fronton-pared-izquierda-48260-ermua-bizkaia-espana-1507_0.jpg", "area_m2": null, "osm_url": "https://www.openstreetmap.org/node/13080665466", "edit_url": "https://www.openstreetmap.org/edit?node=13080665466", "frontons_url": "https://www.frontons.net/fronton-pared-izquierda/48260-ermua-bizkaia-espana-1507.html", "estado": null}}, {"type": "Feature", "geometry": {"type": "Point", "coordinates": [-2.962972, 43.26249]}, "properties": {"sources": ["osm", "frontons"], "source": "osm+frontons", "confianza": "confirmado", "member_ids": ["osm/node/13446484308", "frontons/3122", "frontons/3345"], "id": "osm/node/13446484308", "region": "euskadi", "name": "Frontón", "municipio": "Bilbo", "tipo": "pared_izq", "cubierto": null, "direccion": "Lugar Barrio Altamira 23A España", "foto": "https://static.frontons.net/data/photos/medium/fronton-pared-izquierda-48002-bilbo-bizkaia-espana-3122_0.jpg", "area_m2": null, "osm_url": "https://www.openstreetmap.org/node/13446484308", "edit_url": "https://www.openstreetmap.org/edit?node=13446484308", "frontons_url": "https://www.frontons.net/fronton-pared-izquierda/48002-bilbo-bizkaia-espana-3122.html", "estado": null}}, {"type": "Feature", "geometry": {"type": "Point", "coordinates": [-2.696953, 43.195031]}, "properties": {"sources": ["osm", "frontons"], "source": "osm+frontons", "confianza": "confirmado", "member_ids": ["osm/way/27161172", "frontons/2707"], "id": "osm/way/27161172", "region": "euskadi", "name": "Frontoia", "municipio": "Euba", "tipo": "pared_izq", "cubierto": null, "direccion": "Lugar Barrio 1A España", "foto": "https://static.frontons.net/data/photos/medium/fronton-pared-izquierda-48340-euba-bizkaia-espana-2707_0.jpg", "area_m2": null, "osm_url": "https://www.openstreetmap.org/way/27161172", "edit_url": "https://www.openstreetmap.org/edit?way=27161172", "frontons_url": "https://www.frontons.net/fronton-pared-izquierda/48340-euba-bizkaia-espana-2707.html", "estado": null}}, {"type": "Feature", "geometry": {"type": "Point", "coordinates": [-2.333976, 43.251294]}, "properties": {"sources": ["osm", "frontons"], "source": "osm+frontons", "confianza": "confirmado", "member_ids": ["osm/way/27248469", "frontons/1509"], "id": "osm/way/27248469", "region": "euskadi", "name": null, "municipio": "Deba", "tipo": "pared_izq", "cubierto": null, "direccion": "San Nikolas Plaza 7 España", "foto": "https://static.frontons.net/data/photos/medium/fronton-pared-izquierda-20829-lastur-gipuzkoa-espana-1509_0.jpg", "area_m2": null, "osm_url": "https://www.openstreetmap.org/way/27248469", "edit_url": "https://www.openstreetmap.org/edit?way=27248469", "frontons_url": "https://www.frontons.net/fronton-pared-izquierda/20829-lastur-gipuzkoa-espana-1509.html", "estado": null}}, {"type": "Feature", "geometry": {"type": "Point", "coordinates": [-3.007765, 43.313805]}, "properties": {"sources": ["osm", "frontons"], "source": "osm+frontons", "confianza": "confirmado", "member_ids": ["osm/way/27386010", "frontons/2678"], "id": "osm/way/27386010", "region": "euskadi", "name": "Benedikta kiroldegia", "municipio": "Sestao", "tipo": "pared_izq", "cubierto": null, "direccion": "Sotera de la Mier Kalea 18 España", "foto": "https://static.frontons.net/data/photos/medium/fronton-pared-izquierda-48910-sestao-bizkaia-espana-2678_0.jpg", "area_m2": null, "osm_url": "https://www.openstreetmap.org/way/27386010", "edit_url": "https://www.openstreetmap.org/edit?way=27386010", "frontons_url": "https://www.frontons.net/fronton-pared-izquierda/48910-sestao-bizkaia-espana-2678.html", "estado": null}}, {"type": "Feature", "geometry": {"type": "Point", "coordinates": [-2.454673, 43.195533]}, "properties": {"sources": ["osm", "frontons"], "source": "osm+frontons", "confianza": "confirmado", "member_ids": ["osm/way/30128519", "frontons/2724"], "id": "osm/way/30128519", "region": "euskadi", "name": "Altzubarren frontoia", "municipio": "Eibar", "tipo": "pared_izq", "cubierto": null, "direccion": "Gorosta Balle Aldea 20 España", "foto": "https://static.frontons.net/data/photos/medium/fronton-pared-izquierda-20600-eibar-gipuzkoa-espana-2724_0.jpg", "area_m2": null, "osm_url": "https://www.openstreetmap.org/way/30128519", "edit_url": "https://www.openstreetmap.org/edit?way=30128519", "frontons_url": "https://www.frontons.net/fronton-pared-izquierda/20600-eibar-gipuzkoa-espana-2724.html", "estado": null}}, {"type": "Feature", "geometry": {"type": "Point", "coordinates": [-2.225598, 43.23381]}, "properties": {"sources": ["osm", "frontons"], "source": "osm+frontons", "confianza": "confirmado", "member_ids": ["osm/way/30214713", "frontons/2783"], "id": "osm/way/30214713", "region": "euskadi", "name": "Aizarna", "municipio": "Aizarna", "tipo": "pared_izq", "cubierto": null, "direccion": "Kalea Asuntzio 16B España", "foto": "https://static.frontons.net/data/photos/medium/fronton-pared-izquierda-20749-aizarna-gipuzkoa-espana-2783_0.jpg", "area_m2": null, "osm_url": "https://www.openstreetmap.org/way/30214713", "edit_url": "https://www.openstreetmap.org/edit?way=30214713", "frontons_url": "https://www.frontons.net/fronton-pared-izquierda/20749-aizarna-gipuzkoa-espana-2783.html", "estado": null}}, {"type": "Feature", "geometry": {"type": "Point", "coordinates": [-2.204062, 43.302914]}, "properties": {"sources": ["osm", "frontons"], "source": "osm+frontons", "confianza": "confirmado", "member_ids": ["osm/way/30621206", "frontons/1506", "frontons/2117"], "id": "osm/way/30621206", "region": "euskadi", "name": "Getariako pilotalekua", "municipio": "Getaria", "tipo": "pared_izq", "cubierto": null, "direccion": "Sahatsaga Kalea 1 España", "foto": "https://static.frontons.net/data/photos/medium/fronton-pared-izquierda-20808-getaria-gipuzkoa-espana-1506_0.jpg", "area_m2": null, "osm_url": "https://www.openstreetmap.org/way/30621206", "edit_url": "https://www.openstreetmap.org/edit?way=30621206", "frontons_url": "https://www.frontons.net/fronton-pared-izquierda/20808-getaria-gipuzkoa-espana-1506.html", "estado": null}}, {"type": "Feature", "geometry": {"type": "Point", "coordinates": [-2.196412, 43.248982]}, "properties": {"sources": ["osm"], "source": "osm", "confianza": "por_verificar", "member_ids": ["osm/way/30743774"], "id": "osm/way/30743774", "region": "euskadi", "name": null, "municipio": "Aia", "tipo": null, "cubierto": null, "direccion": null, "foto": null, "area_m2": null, "osm_url": "https://www.openstreetmap.org/way/30743774", "edit_url": "https://www.openstreetmap.org/edit?way=30743774", "estado": null}}, {"type": "Feature", "geometry": {"type": "Point", "coordinates": [-2.474423, 43.194343]}, "properties": {"sources": ["osm", "frontons"], "source": "osm+frontons", "confianza": "confirmado", "member_ids": ["osm/way/31091102", "frontons/2728"], "id": "osm/way/31091102", "region": "euskadi", "name": "J. A. Mogel Iturburu", "municipio": "Eibar", "tipo": "pared_izq", "cubierto": null, "direccion": "Mandiola Balle Aldea 29 España", "foto": "https://static.frontons.net/data/photos/medium/fronton-pared-izquierda-20600-eibar-gipuzkoa-espana-2728_0.jpg", "area_m2": null, "osm_url": "https://www.openstreetmap.org/way/31091102", "edit_url": "https://www.openstreetmap.org/edit?way=31091102", "frontons_url": "https://www.frontons.net/fronton-pared-izquierda/20600-eibar-gipuzkoa-espana-2728.html", "estado": null}}, {"type": "Feature", "geometry": {"type": "Point", "coordinates": [-1.913632, 43.281097]}, "properties": {"sources": ["osm", "frontons"], "source": "osm+frontons", "confianza": "confirmado", "member_ids": ["osm/way/32983053", "frontons/2922"], "id": "osm/way/32983053", "region": "euskadi", "name": "Auzo-Lan Pilotalekua", "municipio": "Astigarraga", "tipo": "pared_izq", "cubierto": null, "direccion": "Inaxio Berasarte Bidea 12 España", "foto": "https://static.frontons.net/data/photos/medium/fronton-pared-izquierda-20115-astigarraga-gipuzkoa-espana-2922_0.jpg", "area_m2": null, "osm_url": "https://www.openstreetmap.org/way/32983053", "edit_url": "https://www.openstreetmap.org/edit?way=32983053", "frontons_url": "https://www.frontons.net/fronton-pared-izquierda/20115-astigarraga-gipuzkoa-espana-2922.html", "estado": null}}, {"type": "Feature", "geometry": {"type": "Point", "coordinates": [-1.911488, 43.309213]}, "properties": {"sources": ["osm"], "source": "osm", "confianza": "por_verificar", "member_ids": ["osm/way/33061164"], "id": "osm/way/33061164", "region": "euskadi", "name": "Frontoia", "municipio": "Errenteria", "tipo": null, "cubierto": null, "direccion": null, "foto": null, "area_m2": null, "osm_url": "https://www.openstreetmap.org/way/33061164", "edit_url": "https://www.openstreetmap.org/edit?way=33061164", "estado": null}}, {"type": "Feature", "geometry": {"type": "Point", "coordinates": [-2.488123, 43.137163]}, "properties": {"sources": ["osm", "frontons"], "source": "osm+frontons", "confianza": "confirmado", "member_ids": ["osm/way/33515748", "frontons/1472"], "id": "osm/way/33515748", "region": "euskadi", "name": "Pilotalekua", "municipio": "Elgeta", "tipo": "pared_izq", "cubierto": null, "direccion": "Artekale Kalea 2 España", "foto": "https://static.frontons.net/data/photos/medium/fronton-pared-izquierda-pagatza-industrialdea-20690-elgeta-gipuzkoa-espana-1472_0.jpg", "area_m2": null, "osm_url": "https://www.openstreetmap.org/way/33515748", "edit_url": "https://www.openstreetmap.org/edit?way=33515748", "frontons_url": "https://www.frontons.net/fronton-pared-izquierda/pagatza-industrialdea-20690-elgeta-gipuzkoa-espana-1472.html", "estado": null}}, {"type": "Feature", "geometry": {"type": "Point", "coordinates": [-1.988304, 43.276967]}, "properties": {"sources": ["osm", "frontons"], "source": "osm+frontons", "confianza": "confirmado", "member_ids": ["osm/way/34767271", "frontons/1474"], "id": "osm/way/34767271", "region": "euskadi", "name": "Galarreta Jai-alai frontoia", "municipio": "Hernani", "tipo": "pared_izq", "cubierto": null, "direccion": "Jauregi Bailara 25 España", "foto": "https://static.frontons.net/data/photos/medium/fronton-pared-izquierda-20120-hernani-gipuzkoa-espana-1474_0.jpg", "area_m2": null, "osm_url": "https://www.openstreetmap.org/way/34767271", "edit_url": "https://www.openstreetmap.org/edit?way=34767271", "frontons_url": "https://www.frontons.net/fronton-pared-izquierda/20120-hernani-gipuzkoa-espana-1474.html", "estado": null}}, {"type": "Feature", "geometry": {"type": "Point", "coordinates": [-1.892448, 43.309144]}, "properties": {"sources": ["osm"], "source": "osm", "confianza": "por_verificar", "member_ids": ["osm/way/35460593", "osm/way/45755407"], "id": "osm/way/35460593", "region": "euskadi", "name": "Agustina Otaola pilotalekua", "municipio": "Errenteria", "tipo": null, "cubierto": null, "direccion": null, "foto": null, "area_m2": null, "osm_url": "https://www.openstreetmap.org/way/35460593", "edit_url": "https://www.openstreetmap.org/edit?way=35460593", "estado": null}}, {"type": "Feature", "geometry": {"type": "Point", "coordinates": [-2.649777, 42.875577]}, "properties": {"sources": ["osm"], "source": "osm", "confianza": "por_verificar", "member_ids": ["osm/way/35849341"], "id": "osm/way/35849341", "region": "euskadi", "name": null, "municipio": "Vitoria-Gasteiz", "tipo": null, "cubierto": null, "direccion": null, "foto": null, "area_m2": null, "osm_url": "https://www.openstreetmap.org/way/35849341", "edit_url": "https://www.openstreetmap.org/edit?way=35849341", "estado": null}}, {"type": "Feature", "geometry": {"type": "Point", "coordinates": [-2.497728, 43.062219]}, "properties": {"sources": ["osm", "frontons"], "source": "osm+frontons", "confianza": "confirmado", "member_ids": ["osm/way/37731641", "frontons/2651", "frontons/2652"], "id": "osm/way/37731641", "region": "euskadi", "name": null, "municipio": "Arrasate", "tipo": "pared_izq", "cubierto": null, "direccion": "Kalea Loramendi 4X España", "foto": "https://static.frontons.net/data/photos/medium/fronton-pared-izquierda-20500-arrasate-gipuzkoa-espana-2651_0.jpg", "area_m2": null, "osm_url": "https://www.openstreetmap.org/way/37731641", "edit_url": "https://www.openstreetmap.org/edit?way=37731641", "frontons_url": "https://www.frontons.net/fronton-pared-izquierda/20500-arrasate-gipuzkoa-espana-2651.html", "estado": null}}, {"type": "Feature", "geometry": {"type": "Point", "coordinates": [-1.975731, 43.301002]}, "properties": {"sources": ["osm"], "source": "osm", "confianza": "por_verificar", "member_ids": ["osm/way/38622827", "osm/way/241391470"], "id": "osm/way/38622827", "region": "euskadi", "name": "Atano III.a Frontoia", "municipio": "Donostia / San Sebastián", "tipo": null, "cubierto": null, "direccion": null, "foto": null, "area_m2": null, "osm_url": "https://www.openstreetmap.org/way/38622827", "edit_url": "https://www.openstreetmap.org/edit?way=38622827", "estado": null}}, {"type": "Feature", "geometry": {"type": "Point", "coordinates": [-1.965028, 43.312071]}, "properties": {"sources": ["osm", "frontons"], "source": "osm+frontons", "confianza": "confirmado", "member_ids": ["osm/way/38624846", "frontons/3007"], "id": "osm/way/38624846", "region": "euskadi", "name": null, "municipio": "Donostia", "tipo": "pared_izq", "cubierto": null, "direccion": "Aralar Mendia Kalea 17 España", "foto": "https://static.frontons.net/data/photos/medium/fronton-pared-izquierda-20014-donostia-gipuzkoa-espana-3007_0.jpg", "area_m2": null, "osm_url": "https://www.openstreetmap.org/way/38624846", "edit_url": "https://www.openstreetmap.org/edit?way=38624846", "frontons_url": "https://www.frontons.net/fronton-pared-izquierda/20014-donostia-gipuzkoa-espana-3007.html", "estado": null}}, {"type": "Feature", "geometry": {"type": "Point", "coordinates": [-1.935285, 43.31462]}, "properties": {"sources": ["osm", "frontons"], "source": "osm+frontons", "confianza": "confirmado", "member_ids": ["osm/way/38667648", "frontons/3092"], "id": "osm/way/38667648", "region": "euskadi", "name": null, "municipio": "Donostia / San Sebastián", "tipo": "pared_izq", "cubierto": null, "direccion": "De San Marcial Plaza 5 España", "foto": "https://static.frontons.net/data/photos/medium/fronton-pared-izquierda-20017-donostia-gipuzkoa-espana-3092_0.jpg", "area_m2": null, "osm_url": "https://www.openstreetmap.org/way/38667648", "edit_url": "https://www.openstreetmap.org/edit?way=38667648", "frontons_url": "https://www.frontons.net/fronton-pared-izquierda/20017-donostia-gipuzkoa-espana-3092.html", "estado": null}}, {"type": "Feature", "geometry": {"type": "Point", "coordinates": [-1.94884, 43.279889]}, "properties": {"sources": ["osm", "frontons"], "source": "osm+frontons", "confianza": "confirmado", "member_ids": ["osm/way/39116230", "frontons/2921"], "id": "osm/way/39116230", "region": "euskadi", "name": "Frontoia", "municipio": "Astigarraga", "tipo": "pared_izq", "cubierto": null, "direccion": "Foru Emparantza 12X España", "foto": "https://static.frontons.net/data/photos/medium/fronton-pared-izquierda-20115-astigarraga-gipuzkoa-espana-2921_0.jpg", "area_m2": null, "osm_url": "https://www.openstreetmap.org/way/39116230", "edit_url": "https://www.openstreetmap.org/edit?way=39116230", "frontons_url": "https://www.frontons.net/fronton-pared-izquierda/20115-astigarraga-gipuzkoa-espana-2921.html", "estado": null}}, {"type": "Feature", "geometry": {"type": "Point", "coordinates": [-2.075421, 43.136543]}, "properties": {"sources": ["osm"], "source": "osm", "confianza": "por_verificar", "member_ids": ["osm/way/40129038"], "id": "osm/way/40129038", "region": "euskadi", "name": "Beotibar pilotalekua", "municipio": "Tolosa", "tipo": null, "cubierto": null, "direccion": null, "foto": null, "area_m2": null, "osm_url": "https://www.openstreetmap.org/way/40129038", "edit_url": "https://www.openstreetmap.org/edit?way=40129038", "estado": null}}, {"type": "Feature", "geometry": {"type": "Point", "coordinates": [-2.433356, 43.320794]}, "properties": {"sources": ["osm", "frontons"], "source": "osm+frontons", "confianza": "confirmado", "member_ids": ["osm/way/40864216", "frontons/2180"], "id": "osm/way/40864216", "region": "euskadi", "name": "Kamiñazpiko frontoi", "municipio": "Ondarroa", "tipo": "pared_izq", "cubierto": null, "direccion": "Kamiñazpi Kalea 21 España", "foto": "https://static.frontons.net/data/photos/medium/fronton-pared-izquierda-48700-ondarroa-bizkaia-espana-2180_0.jpg", "area_m2": null, "osm_url": "https://www.openstreetmap.org/way/40864216", "edit_url": "https://www.openstreetmap.org/edit?way=40864216", "frontons_url": "https://www.frontons.net/fronton-pared-izquierda/48700-ondarroa-bizkaia-espana-2180.html", "estado": null}}, {"type": "Feature", "geometry": {"type": "Point", "coordinates": [-3.026553, 43.319916]}, "properties": {"sources": ["osm", "frontons"], "source": "osm+frontons", "confianza": "confirmado", "member_ids": ["osm/way/41320251", "frontons/2978", "frontons/2979"], "id": "osm/way/41320251", "region": "euskadi", "name": "Los Llanos pilotalekua", "municipio": "Portugalete", "tipo": "pared_izq", "cubierto": null, "direccion": "Etorbidea Llanos 2B España", "foto": "https://static.frontons.net/data/photos/medium/fronton-pared-izquierda-48920-portugalete-bizkaia-espana-2978_0.jpg", "area_m2": null, "osm_url": "https://www.openstreetmap.org/way/41320251", "edit_url": "https://www.openstreetmap.org/edit?way=41320251", "frontons_url": "https://www.frontons.net/fronton-pared-izquierda/48920-portugalete-bizkaia-espana-2978.html", "estado": null}}, {"type": "Feature", "geometry": {"type": "Point", "coordinates": [-2.987661, 43.278949]}, "properties": {"sources": ["osm"], "source": "osm", "confianza": "por_verificar", "member_ids": ["osm/way/41340645"], "id": "osm/way/41340645", "region": "euskadi", "name": "Frontón de La Siebe", "municipio": "Barakaldo", "tipo": null, "cubierto": null, "direccion": null, "foto": null, "area_m2": null, "osm_url": "https://www.openstreetmap.org/way/41340645", "edit_url": "https://www.openstreetmap.org/edit?way=41340645", "estado": null}}, {"type": "Feature", "geometry": {"type": "Point", "coordinates": [-2.133929, 43.107838]}, "properties": {"sources": ["osm"], "source": "osm", "confianza": "por_verificar", "member_ids": ["osm/way/41446464"], "id": "osm/way/41446464", "region": "euskadi", "name": "Pilotalekua", "municipio": "Tolosa", "tipo": null, "cubierto": null, "direccion": null, "foto": null, "area_m2": null, "osm_url": "https://www.openstreetmap.org/way/41446464", "edit_url": "https://www.openstreetmap.org/edit?way=41446464", "estado": null}}, {"type": "Feature", "geometry": {"type": "Point", "coordinates": [-2.171246, 43.051501]}, "properties": {"sources": ["osm", "frontons"], "source": "osm+frontons", "confianza": "confirmado", "member_ids": ["osm/way/41671676", "frontons/2220"], "id": "osm/way/41671676", "region": "euskadi", "name": "Jakintza ikastolako frontoia", "municipio": "Ordizia", "tipo": "pared_izq", "cubierto": null, "direccion": "Gernikako Arbolaren Ibilbidea 74 España", "foto": "https://static.frontons.net/data/photos/medium/fronton-pared-izquierda-20240-ordizia-gipuzkoa-espana-2220_0.jpg", "area_m2": null, "osm_url": "https://www.openstreetmap.org/way/41671676", "edit_url": "https://www.openstreetmap.org/edit?way=41671676", "frontons_url": "https://www.frontons.net/fronton-pared-izquierda/20240-ordizia-gipuzkoa-espana-2220.html", "estado": null}}, {"type": "Feature", "geometry": {"type": "Point", "coordinates": [-2.66995, 42.84534]}, "properties": {"sources": ["osm", "frontons"], "source": "osm+frontons", "confianza": "confirmado", "member_ids": ["osm/way/41685132", "frontons/1553"], "id": "osm/way/41685132", "region": "euskadi", "name": null, "municipio": "Vitoria-Gasteiz", "tipo": "pared_izq", "cubierto": null, "direccion": "Independentzia Kalea 14-16 España", "foto": "https://static.frontons.net/data/photos/medium/fronton-pared-izquierda-01005-vitoria-gasteiz-araba-espana-1553_0.jpg", "area_m2": null, "osm_url": "https://www.openstreetmap.org/way/41685132", "edit_url": "https://www.openstreetmap.org/edit?way=41685132", "frontons_url": "https://www.frontons.net/fronton-pared-izquierda/01005-vitoria-gasteiz-araba-espana-1553.html", "estado": null}}, {"type": "Feature", "geometry": {"type": "Point", "coordinates": [-2.17796, 43.054595]}, "properties": {"sources": ["osm"], "source": "osm", "confianza": "por_verificar", "member_ids": ["osm/way/41697593", "osm/way/41697594"], "id": "osm/way/41697593", "region": "euskadi", "name": "Frontoi txikia", "municipio": "Ordizia", "tipo": null, "cubierto": null, "direccion": null, "foto": null, "area_m2": null, "osm_url": "https://www.openstreetmap.org/way/41697593", "edit_url": "https://www.openstreetmap.org/edit?way=41697593", "estado": null}}, {"type": "Feature", "geometry": {"type": "Point", "coordinates": [-2.474578, 43.183574]}, "properties": {"sources": ["osm", "frontons"], "source": "osm+frontons", "confianza": "confirmado", "member_ids": ["osm/way/41877456", "frontons/1466"], "id": "osm/way/41877456", "region": "euskadi", "name": "Astelena", "municipio": "Eibar", "tipo": "pared_izq", "cubierto": null, "direccion": "Isasi Kalea 11 España", "foto": "https://static.frontons.net/data/photos/medium/fronton-pared-izquierda-20600-eibar-gipuzkoa-espana-1466_0.jpg", "area_m2": null, "osm_url": "https://www.openstreetmap.org/way/41877456", "edit_url": "https://www.openstreetmap.org/edit?way=41877456", "frontons_url": "https://www.frontons.net/fronton-pared-izquierda/20600-eibar-gipuzkoa-espana-1466.html", "estado": null}}, {"type": "Feature", "geometry": {"type": "Point", "coordinates": [-2.019651, 43.220146]}, "properties": {"sources": ["osm", "frontons"], "source": "osm+frontons", "confianza": "confirmado", "member_ids": ["osm/way/41898781", "osm/way/41898784", "frontons/2906"], "id": "osm/way/41898781", "region": "euskadi", "name": "Arrate Pilotalekua", "municipio": "Andoain", "tipo": "pared_izq", "cubierto": true, "direccion": "Arrate Plaza 1A España", "foto": "https://static.frontons.net/data/photos/medium/fronton-pared-izquierda-20140-andoain-gipuzkoa-espana-2906_0.jpg", "area_m2": null, "osm_url": "https://www.openstreetmap.org/way/41898781", "edit_url": "https://www.openstreetmap.org/edit?way=41898781", "frontons_url": "https://www.frontons.net/fronton-pared-izquierda/20140-andoain-gipuzkoa-espana-2906.html", "estado": null}}, {"type": "Feature", "geometry": {"type": "Point", "coordinates": [-2.666527, 42.858667]}, "properties": {"sources": ["osm", "frontons"], "source": "osm+frontons", "confianza": "confirmado", "member_ids": ["osm/way/41982476", "frontons/3107"], "id": "osm/way/41982476", "region": "euskadi", "name": "Zaramagako Udal Frontoia", "municipio": "Vitoria-Gasteiz", "tipo": "pared_izq", "cubierto": null, "direccion": "Llodio Plaza 1 España", "foto": "https://static.frontons.net/data/photos/medium/fronton-pared-izquierda-01013-vitoria-gasteiz-araba-espana-3107_0.jpg", "area_m2": null, "osm_url": "https://www.openstreetmap.org/way/41982476", "edit_url": "https://www.openstreetmap.org/edit?way=41982476", "frontons_url": "https://www.frontons.net/fronton-pared-izquierda/01013-vitoria-gasteiz-araba-espana-3107.html", "estado": null}}, {"type": "Feature", "geometry": {"type": "Point", "coordinates": [-2.655913, 42.852464]}, "properties": {"sources": ["osm", "frontons"], "source": "osm+frontons", "confianza": "confirmado", "member_ids": ["osm/way/42028324", "frontons/3115"], "id": "osm/way/42028324", "region": "euskadi", "name": "Arantzabelako frontoia", "municipio": "Vitoria-Gasteiz", "tipo": "pared_izq", "cubierto": null, "direccion": "Calle Heraclio Alfaro 8 España", "foto": "https://static.frontons.net/data/photos/medium/fronton-pared-izquierda-01002-vitoria-gasteiz-alava-espana-3115_0.jpg", "area_m2": null, "osm_url": "https://www.openstreetmap.org/way/42028324", "edit_url": "https://www.openstreetmap.org/edit?way=42028324", "frontons_url": "https://www.frontons.net/fronton-pared-izquierda/01002-vitoria-gasteiz-alava-espana-3115.html", "estado": null}}, {"type": "Feature", "geometry": {"type": "Point", "coordinates": [-2.151506, 43.038259]}, "properties": {"sources": ["osm", "frontons"], "source": "osm+frontons", "confianza": "confirmado", "member_ids": ["osm/way/42084037", "osm/way/429511782", "frontons/2185", "frontons/2203"], "id": "osm/way/42084037", "region": "euskadi", "name": "Resti Pilotalekua", "municipio": "Zaldibia", "tipo": "pared_izq", "cubierto": null, "direccion": "Santa Fe Kalea 30 España", "foto": "https://static.frontons.net/data/photos/medium/fronton-pared-izquierda-20247-zaldibia-gipuzkoa-espana-2185_0.jpg", "area_m2": null, "osm_url": "https://www.openstreetmap.org/way/42084037", "edit_url": "https://www.openstreetmap.org/edit?way=42084037", "frontons_url": "https://www.frontons.net/fronton-pared-izquierda/20247-zaldibia-gipuzkoa-espana-2185.html", "estado": null}}, {"type": "Feature", "geometry": {"type": "Point", "coordinates": [-2.998619, 43.349713]}, "properties": {"sources": ["osm", "frontons"], "source": "osm+frontons", "confianza": "confirmado", "member_ids": ["osm/way/42086496", "osm/relation/16685397", "frontons/3046"], "id": "osm/way/42086496", "region": "euskadi", "name": "Polideportivo Fadura", "municipio": "Getxo", "tipo": "pared_izq", "cubierto": null, "direccion": "Salsidualde Estarta 7 España", "foto": "https://static.frontons.net/data/photos/medium/fronton-pared-izquierda-48991-getxo-bizkaia-espana-3046_0.jpg", "area_m2": null, "osm_url": "https://www.openstreetmap.org/way/42086496", "edit_url": "https://www.openstreetmap.org/edit?way=42086496", "frontons_url": "https://www.frontons.net/fronton-pared-izquierda/48991-getxo-bizkaia-espana-3046.html", "estado": null}}, {"type": "Feature", "geometry": {"type": "Point", "coordinates": [-2.23708, 43.255698]}, "properties": {"sources": ["osm", "frontons"], "source": "osm+frontons", "confianza": "confirmado", "member_ids": ["osm/way/42109141", "osm/way/1296809089", "frontons/1512", "frontons/1513"], "id": "osm/way/42109141", "region": "euskadi", "name": "Atari - Soro frontoia", "municipio": "Aizarnazabal", "tipo": "pared_izq", "cubierto": null, "direccion": "Herriko Plaza 5 España", "foto": "https://static.frontons.net/data/photos/medium/fronton-pared-izquierda-20749-aizarnazabal-gipuzkoa-espana-1512_0.jpg", "area_m2": null, "osm_url": "https://www.openstreetmap.org/way/42109141", "edit_url": "https://www.openstreetmap.org/edit?way=42109141", "frontons_url": "https://www.frontons.net/fronton-pared-izquierda/20749-aizarnazabal-gipuzkoa-espana-1512.html", "estado": null}}, {"type": "Feature", "geometry": {"type": "Point", "coordinates": [-2.074261, 43.199502]}, "properties": {"sources": ["osm", "frontons"], "source": "osm+frontons", "confianza": "confirmado", "member_ids": ["osm/way/42142607", "osm/way/42143621", "frontons/2086"], "id": "osm/way/42142607", "region": "euskadi", "name": "Frontoi Txikia", "municipio": "Zizurkil", "tipo": "pared_izq", "cubierto": null, "direccion": "Pello Mari Otaño Plaza 2 España", "foto": "https://static.frontons.net/data/photos/medium/fronton-pared-izquierda-20159-zizurkil-gipuzkoa-espana-2086_0.jpg", "area_m2": null, "osm_url": "https://www.openstreetmap.org/way/42142607", "edit_url": "https://www.openstreetmap.org/edit?way=42142607", "frontons_url": "https://www.frontons.net/fronton-pared-izquierda/20159-zizurkil-gipuzkoa-espana-2086.html", "estado": null}}, {"type": "Feature", "geometry": {"type": "Point", "coordinates": [-1.861972, 43.298882]}, "properties": {"sources": ["osm", "frontons"], "source": "osm+frontons", "confianza": "confirmado", "member_ids": ["osm/way/42154749", "osm/way/215320127", "frontons/2851"], "id": "osm/way/42154749", "region": "euskadi", "name": "Madalensoro pilotalekua", "municipio": "Oiartzun", "tipo": "pared_izq", "cubierto": null, "direccion": "Manuel Lekuona Hiribidea 5 España", "foto": "https://static.frontons.net/data/photos/medium/fronton-pared-izquierda-20180-oiartzun-gipuzkoa-espana-2851_0.jpg", "area_m2": null, "osm_url": "https://www.openstreetmap.org/way/42154749", "edit_url": "https://www.openstreetmap.org/edit?way=42154749", "frontons_url": "https://www.frontons.net/fronton-pared-izquierda/20180-oiartzun-gipuzkoa-espana-2851.html", "estado": null}}, {"type": "Feature", "geometry": {"type": "Point", "coordinates": [-1.926522, 43.325328]}, "properties": {"sources": ["osm", "frontons"], "source": "osm+frontons", "confianza": "confirmado", "member_ids": ["osm/way/42798484", "osm/way/812596975", "frontons/2952"], "id": "osm/way/42798484", "region": "euskadi", "name": null, "municipio": "Pasaia", "tipo": "pared_izq", "cubierto": null, "direccion": "Esnabide Kalea 2 España", "foto": "https://static.frontons.net/data/photos/medium/fronton-pared-izquierda-20110-pasaia-gipuzkoa-espana-2952_0.jpg", "area_m2": null, "osm_url": "https://www.openstreetmap.org/way/42798484", "edit_url": "https://www.openstreetmap.org/edit?way=42798484", "frontons_url": "https://www.frontons.net/fronton-pared-izquierda/20110-pasaia-gipuzkoa-espana-2952.html", "estado": null}}, {"type": "Feature", "geometry": {"type": "Point", "coordinates": [-2.497902, 43.266669]}, "properties": {"sources": ["osm", "frontons"], "source": "osm+frontons", "confianza": "confirmado", "member_ids": ["osm/way/43022787", "osm/way/427523124", "frontons/2201"], "id": "osm/way/43022787", "region": "euskadi", "name": "Markinako pilotalekua", "municipio": "Markina-Xemein", "tipo": "pared_izq", "cubierto": null, "direccion": "Abesua Kalea 12 España", "foto": "https://static.frontons.net/data/photos/medium/fronton-pared-izquierda-48270-markina-xemein-bizkaia-espana-2201_0.jpg", "area_m2": null, "osm_url": "https://www.openstreetmap.org/way/43022787", "edit_url": "https://www.openstreetmap.org/edit?way=43022787", "frontons_url": "https://www.frontons.net/fronton-pared-izquierda/48270-markina-xemein-bizkaia-espana-2201.html", "estado": null}}, {"type": "Feature", "geometry": {"type": "Point", "coordinates": [-2.478, 43.185275]}, "properties": {"sources": ["osm", "frontons"], "source": "osm+frontons", "confianza": "confirmado", "member_ids": ["osm/way/43138594", "frontons/2751"], "id": "osm/way/43138594", "region": "euskadi", "name": "Legarreko frontoia", "municipio": "Eibar", "tipo": "pared_izq", "cubierto": null, "direccion": "Kalea Legarre 8W España", "foto": "https://static.frontons.net/data/photos/medium/fronton-pared-izquierda-20600-eibar-gipuzkoa-espana-2751_0.jpg", "area_m2": null, "osm_url": "https://www.openstreetmap.org/way/43138594", "edit_url": "https://www.openstreetmap.org/edit?way=43138594", "frontons_url": "https://www.frontons.net/fronton-pared-izquierda/20600-eibar-gipuzkoa-espana-2751.html", "estado": null}}, {"type": "Feature", "geometry": {"type": "Point", "coordinates": [-2.414351, 43.174807]}, "properties": {"sources": ["osm", "frontons"], "source": "osm+frontons", "confianza": "confirmado", "member_ids": ["osm/way/43339567", "frontons/2341"], "id": "osm/way/43339567", "region": "euskadi", "name": "Arane Kiroldegia", "municipio": "Soraluze - Placencia de Las Armas", "tipo": "pared_izq", "cubierto": null, "direccion": "Baltegieta Kalea 2 España", "foto": "https://static.frontons.net/data/photos/medium/fronton-pared-izquierda-20590-soraluze-gipuzkoa-espana-2341_0.jpg", "area_m2": null, "osm_url": "https://www.openstreetmap.org/way/43339567", "edit_url": "https://www.openstreetmap.org/edit?way=43339567", "frontons_url": "https://www.frontons.net/fronton-pared-izquierda/20590-soraluze-gipuzkoa-espana-2341.html", "estado": null}}, {"type": "Feature", "geometry": {"type": "Point", "coordinates": [-2.542493, 43.130814]}, "properties": {"sources": ["osm", "frontons"], "source": "osm+frontons", "confianza": "confirmado", "member_ids": ["osm/way/43508188", "frontons/2157"], "id": "osm/way/43508188", "region": "euskadi", "name": null, "municipio": "Elorrio", "tipo": "pared_izq", "cubierto": null, "direccion": "Gernikako Arbola Plaza 1 España", "foto": "https://static.frontons.net/data/photos/medium/fronton-pared-izquierda-48230-elorrio-bizkaia-espana-2157_0.jpg", "area_m2": null, "osm_url": "https://www.openstreetmap.org/way/43508188", "edit_url": "https://www.openstreetmap.org/edit?way=43508188", "frontons_url": "https://www.frontons.net/fronton-pared-izquierda/48230-elorrio-bizkaia-espana-2157.html", "estado": null}}, {"type": "Feature", "geometry": {"type": "Point", "coordinates": [-2.686248, 42.837044]}, "properties": {"sources": ["osm", "frontons"], "source": "osm+frontons", "confianza": "confirmado", "member_ids": ["osm/way/43711151", "frontons/1334", "frontons/3149", "frontons/1381"], "id": "osm/way/43711151", "region": "euskadi", "name": "Beti Jai frontoiak", "municipio": "Vitoria-Gasteiz", "tipo": "pared_izq", "cubierto": null, "direccion": "Jose Luis Compañon &quot;Compa&quot; Kalea 1 España", "foto": "https://static.frontons.net/data/photos/medium/fronton-pared-izquierda-01007-vitoria-gasteiz-alava-espana-1334_0.jpg", "area_m2": null, "osm_url": "https://www.openstreetmap.org/way/43711151", "edit_url": "https://www.openstreetmap.org/edit?way=43711151", "frontons_url": "https://www.frontons.net/fronton-pared-izquierda/01007-vitoria-gasteiz-alava-espana-1334.html", "estado": null}}, {"type": "Feature", "geometry": {"type": "Point", "coordinates": [-2.657179, 42.844317]}, "properties": {"sources": ["osm"], "source": "osm", "confianza": "por_verificar", "member_ids": ["osm/way/43766602"], "id": "osm/way/43766602", "region": "euskadi", "name": null, "municipio": "Vitoria-Gasteiz", "tipo": null, "cubierto": null, "direccion": null, "foto": null, "area_m2": null, "osm_url": "https://www.openstreetmap.org/way/43766602", "edit_url": "https://www.openstreetmap.org/edit?way=43766602", "estado": null}}, {"type": "Feature", "geometry": {"type": "Point", "coordinates": [-2.259436, 43.299442]}, "properties": {"sources": ["osm", "frontons"], "source": "osm+frontons", "confianza": "confirmado", "member_ids": ["osm/way/44180341", "frontons/1503"], "id": "osm/way/44180341", "region": "euskadi", "name": null, "municipio": "Zumaia", "tipo": "pared_izq", "cubierto": null, "direccion": "Larretxo Auzategia Auzoa 16 España", "foto": "https://static.frontons.net/data/photos/medium/fronton-pared-izquierda-20750-zumaia-gipuzkoa-espana-1503_0.jpg", "area_m2": null, "osm_url": "https://www.openstreetmap.org/way/44180341", "edit_url": "https://www.openstreetmap.org/edit?way=44180341", "frontons_url": "https://www.frontons.net/fronton-pared-izquierda/20750-zumaia-gipuzkoa-espana-1503.html", "estado": null}}, {"type": "Feature", "geometry": {"type": "Point", "coordinates": [-2.04131, 43.049819]}, "properties": {"sources": ["osm"], "source": "osm", "confianza": "por_verificar", "member_ids": ["osm/way/45051348"], "id": "osm/way/45051348", "region": "euskadi", "name": "Bedaioko Frontoia", "municipio": "Tolosa", "tipo": null, "cubierto": null, "direccion": null, "foto": null, "area_m2": null, "osm_url": "https://www.openstreetmap.org/way/45051348", "edit_url": "https://www.openstreetmap.org/edit?way=45051348", "estado": null}}, {"type": "Feature", "geometry": {"type": "Point", "coordinates": [-2.487249, 43.064572]}, "properties": {"sources": ["osm", "frontons"], "source": "osm+frontons", "confianza": "confirmado", "member_ids": ["osm/way/45107513", "frontons/2622"], "id": "osm/way/45107513", "region": "euskadi", "name": null, "municipio": "Arrasate", "tipo": "pared_izq", "cubierto": null, "direccion": "Zaldibar Kalea 6 España", "foto": "https://static.frontons.net/data/photos/medium/fronton-pared-izquierda-20500-arrasate-gipuzkoa-espana-2622_0.jpg", "area_m2": null, "osm_url": "https://www.openstreetmap.org/way/45107513", "edit_url": "https://www.openstreetmap.org/edit?way=45107513", "frontons_url": "https://www.frontons.net/fronton-pared-izquierda/20500-arrasate-gipuzkoa-espana-2622.html", "estado": null}}, {"type": "Feature", "geometry": {"type": "Point", "coordinates": [-2.487728, 43.067308]}, "properties": {"sources": ["osm"], "source": "osm", "confianza": "por_verificar", "member_ids": ["osm/way/45183062"], "id": "osm/way/45183062", "region": "euskadi", "name": "Uarkape frontoia", "municipio": "Arrasate / Mondragón", "tipo": null, "cubierto": null, "direccion": null, "foto": null, "area_m2": null, "osm_url": "https://www.openstreetmap.org/way/45183062", "edit_url": "https://www.openstreetmap.org/edit?way=45183062", "estado": null}}, {"type": "Feature", "geometry": {"type": "Point", "coordinates": [-2.414189, 43.031924]}, "properties": {"sources": ["osm", "frontons"], "source": "osm+frontons", "confianza": "confirmado", "member_ids": ["osm/way/45452871", "frontons/2603", "frontons/2601"], "id": "osm/way/45452871", "region": "euskadi", "name": "Pilotalekua", "municipio": "Oñati", "tipo": "pared_izq", "cubierto": null, "direccion": "Foruen Enparantza Plaza 12 España", "foto": "https://static.frontons.net/data/photos/medium/fronton-pared-izquierda-20560-onati-gipuzkoa-espana-2603_0.jpg", "area_m2": null, "osm_url": "https://www.openstreetmap.org/way/45452871", "edit_url": "https://www.openstreetmap.org/edit?way=45452871", "frontons_url": "https://www.frontons.net/fronton-pared-izquierda/20560-onati-gipuzkoa-espana-2603.html", "estado": null}}, {"type": "Feature", "geometry": {"type": "Point", "coordinates": [-2.313219, 43.092647]}, "properties": {"sources": ["osm", "frontons"], "source": "osm+frontons", "confianza": "confirmado", "member_ids": ["osm/way/45670798", "frontons/2331"], "id": "osm/way/45670798", "region": "euskadi", "name": "Ederrena pilotalekua", "municipio": "Urretxu", "tipo": "pared_izq", "cubierto": null, "direccion": "Barrenkale Kalea 15 España", "foto": "https://static.frontons.net/data/photos/medium/fronton-pared-izquierda-20700-urretxu-guipuzcoa-espana-2331_0.jpg", "area_m2": null, "osm_url": "https://www.openstreetmap.org/way/45670798", "edit_url": "https://www.openstreetmap.org/edit?way=45670798", "frontons_url": "https://www.frontons.net/fronton-pared-izquierda/20700-urretxu-guipuzcoa-espana-2331.html", "estado": null}}, {"type": "Feature", "geometry": {"type": "Point", "coordinates": [-1.889452, 43.307045]}, "properties": {"sources": ["osm", "frontons"], "source": "osm+frontons", "confianza": "confirmado", "member_ids": ["osm/way/45757245", "frontons/3060"], "id": "osm/way/45757245", "region": "euskadi", "name": "Eduardo Chillida pilotalekua", "municipio": "Errenteria", "tipo": "pared_izq", "cubierto": null, "direccion": "Fanderia Pasealekua Ibilbidea 922 España", "foto": "https://static.frontons.net/data/photos/medium/fronton-pared-izquierda-20100-errenteria-gipuzkoa-espana-3060_0.jpg", "area_m2": null, "osm_url": "https://www.openstreetmap.org/way/45757245", "edit_url": "https://www.openstreetmap.org/edit?way=45757245", "frontons_url": "https://www.frontons.net/fronton-pared-izquierda/20100-errenteria-gipuzkoa-espana-3060.html", "estado": null}}, {"type": "Feature", "geometry": {"type": "Point", "coordinates": [-2.960765, 43.32704]}, "properties": {"sources": ["osm", "frontons"], "source": "osm+frontons", "confianza": "confirmado", "member_ids": ["osm/way/45780140", "frontons/2956"], "id": "osm/way/45780140", "region": "euskadi", "name": "EHU frontoia", "municipio": "Erandio", "tipo": "pared_izq", "cubierto": null, "direccion": "Carretera Unibertsitateko Errepidea 8CUA España", "foto": "https://static.frontons.net/data/photos/medium/fronton-pared-izquierda-48950-bizkaia-espana-2956_0.jpg", "area_m2": null, "osm_url": "https://www.openstreetmap.org/way/45780140", "edit_url": "https://www.openstreetmap.org/edit?way=45780140", "frontons_url": "https://www.frontons.net/fronton-pared-izquierda/48950-bizkaia-espana-2956.html", "estado": null}}, {"type": "Feature", "geometry": {"type": "Point", "coordinates": [-2.065732, 43.167528]}, "properties": {"sources": ["osm", "frontons"], "source": "osm+frontons", "confianza": "confirmado", "member_ids": ["osm/way/45854229", "frontons/1497"], "id": "osm/way/45854229", "region": "euskadi", "name": "Trinketea", "municipio": "Irura", "tipo": "trinquete", "cubierto": null, "direccion": "Zillar Kalea 1 España", "foto": "https://static.frontons.net/data/photos/medium/trinquete-20270-irura-gipuzkoa-espana-1497_0.jpg", "area_m2": null, "osm_url": "https://www.openstreetmap.org/way/45854229", "edit_url": "https://www.openstreetmap.org/edit?way=45854229", "frontons_url": "https://www.frontons.net/trinquete/20270-irura-gipuzkoa-espana-1497.html", "estado": null}}, {"type": "Feature", "geometry": {"type": "Point", "coordinates": [-2.291771, 42.975962]}, "properties": {"sources": ["osm"], "source": "osm", "confianza": "por_verificar", "member_ids": ["osm/way/45982449"], "id": "osm/way/45982449", "region": "euskadi", "name": "Toki Alai udal kiroldegia", "municipio": "Zegama", "tipo": null, "cubierto": null, "direccion": null, "foto": null, "area_m2": null, "osm_url": "https://www.openstreetmap.org/way/45982449", "edit_url": "https://www.openstreetmap.org/edit?way=45982449", "estado": null}}, {"type": "Feature", "geometry": {"type": "Point", "coordinates": [-2.50507, 43.367356]}, "properties": {"sources": ["osm", "frontons"], "source": "osm+frontons", "confianza": "confirmado", "member_ids": ["osm/way/46194565", "frontons/2183"], "id": "osm/way/46194565", "region": "euskadi", "name": "Pilota plaza", "municipio": "Lekeitio", "tipo": "trinquete", "cubierto": null, "direccion": "Maria Diaz de Haro Kalea 8 España", "foto": "https://static.frontons.net/data/photos/medium/trinquete-48280-lekeitio-bizkaia-espana-2183_0.jpg", "area_m2": null, "osm_url": "https://www.openstreetmap.org/way/46194565", "edit_url": "https://www.openstreetmap.org/edit?way=46194565", "frontons_url": "https://www.frontons.net/trinquete/48280-lekeitio-bizkaia-espana-2183.html", "estado": null}}, {"type": "Feature", "geometry": {"type": "Point", "coordinates": [-2.672202, 42.849063]}, "properties": {"sources": ["osm"], "source": "osm", "confianza": "por_verificar", "member_ids": ["osm/way/46419612", "osm/way/407300712"], "id": "osm/way/46419612", "region": "euskadi", "name": "Landatxo", "municipio": "Vitoria-Gasteiz", "tipo": null, "cubierto": null, "direccion": null, "foto": null, "area_m2": null, "osm_url": "https://www.openstreetmap.org/way/46419612", "edit_url": "https://www.openstreetmap.org/edit?way=46419612", "estado": null}}, {"type": "Feature", "geometry": {"type": "Point", "coordinates": [-2.133378, 43.052679]}, "properties": {"sources": ["osm", "frontons"], "source": "osm+frontons", "confianza": "confirmado", "member_ids": ["osm/way/46612960", "osm/way/422252774", "frontons/2184"], "id": "osm/way/46612960", "region": "euskadi", "name": "Frontoia", "municipio": "Gaintza", "tipo": "pared_izq", "cubierto": null, "direccion": "Diseminado 48X España", "foto": "https://static.frontons.net/data/photos/medium/fronton-pared-izquierda-20248-gaintza-gipuzkoa-espana-2184_0.jpg", "area_m2": null, "osm_url": "https://www.openstreetmap.org/way/46612960", "edit_url": "https://www.openstreetmap.org/edit?way=46612960", "frontons_url": "https://www.frontons.net/fronton-pared-izquierda/20248-gaintza-gipuzkoa-espana-2184.html", "estado": null}}, {"type": "Feature", "geometry": {"type": "Point", "coordinates": [-2.035604, 43.30881]}, "properties": {"sources": ["osm", "frontons"], "source": "osm+frontons", "confianza": "confirmado", "member_ids": ["osm/way/46651109", "frontons/2963"], "id": "osm/way/46651109", "region": "euskadi", "name": "Igeldoko frontoia", "municipio": "Donostia", "tipo": "pared_izq", "cubierto": null, "direccion": "Lizardia Enparantza 1 España", "foto": "https://static.frontons.net/data/photos/medium/fronton-pared-izquierda-20008-donostia-gipuzkoa-espana-2963_0.jpg", "area_m2": null, "osm_url": "https://www.openstreetmap.org/way/46651109", "edit_url": "https://www.openstreetmap.org/edit?way=46651109", "frontons_url": "https://www.frontons.net/fronton-pared-izquierda/20008-donostia-gipuzkoa-espana-2963.html", "estado": null}}, {"type": "Feature", "geometry": {"type": "Point", "coordinates": [-2.333656, 43.049774]}, "properties": {"sources": ["osm", "frontons"], "source": "osm+frontons", "confianza": "confirmado", "member_ids": ["osm/way/46653528", "frontons/2278"], "id": "osm/way/46653528", "region": "euskadi", "name": "Urbeltz Pilotalekua", "municipio": "Legazpi", "tipo": "pared_izq", "cubierto": null, "direccion": "Plazaola Kalea 13 España", "foto": "https://static.frontons.net/data/photos/medium/fronton-pared-izquierda-20320-legazpi-gipuzkoa-espana-2278_0.jpg", "area_m2": null, "osm_url": "https://www.openstreetmap.org/way/46653528", "edit_url": "https://www.openstreetmap.org/edit?way=46653528", "frontons_url": "https://www.frontons.net/fronton-pared-izquierda/20320-legazpi-gipuzkoa-espana-2278.html", "estado": null}}, {"type": "Feature", "geometry": {"type": "Point", "coordinates": [-2.640171, 43.402688]}, "properties": {"sources": ["osm"], "source": "osm", "confianza": "por_verificar", "member_ids": ["osm/way/47250961"], "id": "osm/way/47250961", "region": "euskadi", "name": null, "municipio": "Elantxobe", "tipo": null, "cubierto": null, "direccion": null, "foto": null, "area_m2": null, "osm_url": "https://www.openstreetmap.org/way/47250961", "edit_url": "https://www.openstreetmap.org/edit?way=47250961", "estado": null}}, {"type": "Feature", "geometry": {"type": "Point", "coordinates": [-2.104836, 43.047863]}, "properties": {"sources": ["osm", "frontons"], "source": "osm+frontons", "confianza": "confirmado", "member_ids": ["osm/way/47474052", "frontons/2517"], "id": "osm/way/47474052", "region": "euskadi", "name": "Abaltzisketako pilotalekua", "municipio": "Abaltzisketa", "tipo": "pared_izq", "cubierto": null, "direccion": "Hirigunea Gunea 13A España", "foto": "https://static.frontons.net/data/photos/medium/fronton-pared-izquierda-20269-abaltzisketa-gipuzkoa-espana-2517_0.jpg", "area_m2": null, "osm_url": "https://www.openstreetmap.org/way/47474052", "edit_url": "https://www.openstreetmap.org/edit?way=47474052", "frontons_url": "https://www.frontons.net/fronton-pared-izquierda/20269-abaltzisketa-gipuzkoa-espana-2517.html", "estado": null}}, {"type": "Feature", "geometry": {"type": "Point", "coordinates": [-2.083462, 43.067951]}, "properties": {"sources": ["osm", "frontons"], "source": "osm+frontons", "confianza": "confirmado", "member_ids": ["osm/way/47483929", "frontons/2308"], "id": "osm/way/47483929", "region": "euskadi", "name": "Frontoia", "municipio": "Amezketa", "tipo": "pared_izq", "cubierto": null, "direccion": "Joxean Tolosa Kalea 8A España", "foto": "https://static.frontons.net/data/photos/medium/fronton-pared-izquierda-20268-amezketa-gipuzkoa-espana-2308_0.jpg", "area_m2": null, "osm_url": "https://www.openstreetmap.org/way/47483929", "edit_url": "https://www.openstreetmap.org/edit?way=47483929", "frontons_url": "https://www.frontons.net/fronton-pared-izquierda/20268-amezketa-gipuzkoa-espana-2308.html", "estado": null}}, {"type": "Feature", "geometry": {"type": "Point", "coordinates": [-2.334258, 43.053256]}, "properties": {"sources": ["osm", "frontons"], "source": "osm+frontons", "confianza": "confirmado", "member_ids": ["osm/way/47708473", "frontons/2296", "frontons/2297"], "id": "osm/way/47708473", "region": "euskadi", "name": "Haztegi Ikastola", "municipio": "Legazpi", "tipo": "pared_izq", "cubierto": null, "direccion": "Santikutz Kalea 7 España", "foto": "https://static.frontons.net/data/photos/medium/fronton-pared-izquierda-20320-legazpi-gipuzkoa-espana-2296_0.jpg", "area_m2": null, "osm_url": "https://www.openstreetmap.org/way/47708473", "edit_url": "https://www.openstreetmap.org/edit?way=47708473", "frontons_url": "https://www.frontons.net/fronton-pared-izquierda/20320-legazpi-gipuzkoa-espana-2296.html", "estado": null}}, {"type": "Feature", "geometry": {"type": "Point", "coordinates": [-2.584079, 43.381917]}, "properties": {"sources": ["osm", "frontons"], "source": "osm+frontons", "confianza": "confirmado", "member_ids": ["osm/way/47844965", "frontons/2316"], "id": "osm/way/47844965", "region": "euskadi", "name": "Frontón de Aritza", "municipio": "Ea", "tipo": "pared_izq", "cubierto": null, "direccion": "Aritza Kalea 2 España", "foto": "https://static.frontons.net/data/photos/medium/fronton-pared-izquierda-48287-ea-bizkaia-espana-2316_0.jpg", "area_m2": null, "osm_url": "https://www.openstreetmap.org/way/47844965", "edit_url": "https://www.openstreetmap.org/edit?way=47844965", "frontons_url": "https://www.frontons.net/fronton-pared-izquierda/48287-ea-bizkaia-espana-2316.html", "estado": null}}, {"type": "Feature", "geometry": {"type": "Point", "coordinates": [-2.265857, 43.184722]}, "properties": {"sources": ["osm", "frontons"], "source": "osm+frontons", "confianza": "confirmado", "member_ids": ["osm/way/48174625", "osm/way/50143345", "frontons/2642"], "id": "osm/way/48174625", "region": "euskadi", "name": "Frontoi-txiki", "municipio": "Azpeitia", "tipo": "pared_izq", "cubierto": null, "direccion": "Sāntiāgo Kāleā 9 España", "foto": "https://static.frontons.net/data/photos/medium/fronton-pared-izquierda-20730-azpeitia-gipuzkoa-espana-2642_0.jpg", "area_m2": null, "osm_url": "https://www.openstreetmap.org/way/48174625", "edit_url": "https://www.openstreetmap.org/edit?way=48174625", "frontons_url": "https://www.frontons.net/fronton-pared-izquierda/20730-azpeitia-gipuzkoa-espana-2642.html", "estado": null}}, {"type": "Feature", "geometry": {"type": "Point", "coordinates": [-3.012155, 43.353011]}, "properties": {"sources": ["osm", "frontons"], "source": "osm+frontons", "confianza": "confirmado", "member_ids": ["osm/way/48689227", "frontons/3048", "frontons/3049"], "id": "osm/way/48689227", "region": "euskadi", "name": "Frontón", "municipio": "Getxo", "tipo": "pared_izq", "cubierto": null, "direccion": "Kalea San Martin 6002 España", "foto": "https://static.frontons.net/data/photos/medium/fronton-pared-izquierda-48993-getxo-bizkaia-espana-3048_0.jpg", "area_m2": null, "osm_url": "https://www.openstreetmap.org/way/48689227", "edit_url": "https://www.openstreetmap.org/edit?way=48689227", "frontons_url": "https://www.frontons.net/fronton-pared-izquierda/48993-getxo-bizkaia-espana-3048.html", "estado": null}}, {"type": "Feature", "geometry": {"type": "Point", "coordinates": [-1.898764, 43.320715]}, "properties": {"sources": ["osm"], "source": "osm", "confianza": "por_verificar", "member_ids": ["osm/way/48715787"], "id": "osm/way/48715787", "region": "euskadi", "name": "Josetxo Etxandi Pilotalekua", "municipio": "Lezo", "tipo": null, "cubierto": null, "direccion": null, "foto": null, "area_m2": null, "osm_url": "https://www.openstreetmap.org/way/48715787", "edit_url": "https://www.openstreetmap.org/edit?way=48715787", "estado": null}}, {"type": "Feature", "geometry": {"type": "Point", "coordinates": [-2.38663, 43.307026]}, "properties": {"sources": ["osm", "frontons"], "source": "osm+frontons", "confianza": "confirmado", "member_ids": ["osm/way/48774956", "osm/way/50409033", "frontons/1671", "frontons/2720"], "id": "osm/way/48774956", "region": "euskadi", "name": "Miruaitz pilotalekua", "municipio": "Mutriku", "tipo": "pared_izq", "cubierto": true, "direccion": "Frontón Jaitsiera 8 España", "foto": "https://static.frontons.net/data/photos/medium/fronton-pared-izquierda-20830-mutriku-gipuzkoa-espana-1671_0.jpg", "area_m2": null, "osm_url": "https://www.openstreetmap.org/way/48774956", "edit_url": "https://www.openstreetmap.org/edit?way=48774956", "frontons_url": "https://www.frontons.net/fronton-pared-izquierda/20830-mutriku-gipuzkoa-espana-1671.html", "estado": null}}, {"type": "Feature", "geometry": {"type": "Point", "coordinates": [-2.68949, 42.852005]}, "properties": {"sources": ["osm", "frontons"], "source": "osm+frontons", "confianza": "confirmado", "member_ids": ["osm/way/49186357", "frontons/3061"], "id": "osm/way/49186357", "region": "euskadi", "name": null, "municipio": "Vitoria-Gasteiz", "tipo": "plaza_libre", "cubierto": null, "direccion": "Avenida Beato Tomás de Zumárraga 84 España", "foto": "https://static.frontons.net/data/photos/medium/fronton-plaza-libre-01009-vitoria-gasteiz-araba-espana-3061_0.jpg", "area_m2": null, "osm_url": "https://www.openstreetmap.org/way/49186357", "edit_url": "https://www.openstreetmap.org/edit?way=49186357", "frontons_url": "https://www.frontons.net/fronton-plaza-libre/01009-vitoria-gasteiz-araba-espana-3061.html", "estado": null}}, {"type": "Feature", "geometry": {"type": "Point", "coordinates": [-2.384729, 43.293869]}, "properties": {"sources": ["osm", "frontons"], "source": "osm+frontons", "confianza": "confirmado", "member_ids": ["osm/way/49450848", "frontons/2702"], "id": "osm/way/49450848", "region": "euskadi", "name": "Arnope Frontoia", "municipio": "Mutriku", "tipo": "pared_izq", "cubierto": null, "direccion": "Ibiri Auzoa 21 España", "foto": "https://static.frontons.net/data/photos/medium/fronton-pared-izquierda-20830-mutriku-gipuzkoa-espana-2702_0.jpg", "area_m2": null, "osm_url": "https://www.openstreetmap.org/way/49450848", "edit_url": "https://www.openstreetmap.org/edit?way=49450848", "frontons_url": "https://www.frontons.net/fronton-pared-izquierda/20830-mutriku-gipuzkoa-espana-2702.html", "estado": null}}, {"type": "Feature", "geometry": {"type": "Point", "coordinates": [-2.160445, 43.140386]}, "properties": {"sources": ["osm"], "source": "osm", "confianza": "por_verificar", "member_ids": ["osm/way/50437825"], "id": "osm/way/50437825", "region": "euskadi", "name": "Frontoia", "municipio": "Bidegoian", "tipo": null, "cubierto": null, "direccion": null, "foto": null, "area_m2": null, "osm_url": "https://www.openstreetmap.org/way/50437825", "edit_url": "https://www.openstreetmap.org/edit?way=50437825", "estado": null}}, {"type": "Feature", "geometry": {"type": "Point", "coordinates": [-2.010489, 43.094089]}, "properties": {"sources": ["osm", "frontons"], "source": "osm+frontons", "confianza": "confirmado", "member_ids": ["osm/way/50470128", "frontons/1493"], "id": "osm/way/50470128", "region": "euskadi", "name": "Errebote-atze pilotalekua", "municipio": "Orexa", "tipo": "pared_izq", "cubierto": null, "direccion": "Errebote Plaza 9A España", "foto": "https://static.frontons.net/data/photos/medium/fronton-pared-izquierda-20490-orexa-gipuzkoa-espana-1493_0.jpg", "area_m2": null, "osm_url": "https://www.openstreetmap.org/way/50470128", "edit_url": "https://www.openstreetmap.org/edit?way=50470128", "frontons_url": "https://www.frontons.net/fronton-pared-izquierda/20490-orexa-gipuzkoa-espana-1493.html", "estado": null}}, {"type": "Feature", "geometry": {"type": "Point", "coordinates": [-2.102685, 43.188137]}, "properties": {"sources": ["osm"], "source": "osm", "confianza": "por_verificar", "member_ids": ["osm/way/50635213"], "id": "osm/way/50635213", "region": "euskadi", "name": "Pilotalekua", "municipio": "Larraul", "tipo": null, "cubierto": null, "direccion": null, "foto": null, "area_m2": null, "osm_url": "https://www.openstreetmap.org/way/50635213", "edit_url": "https://www.openstreetmap.org/edit?way=50635213", "estado": null}}, {"type": "Feature", "geometry": {"type": "Point", "coordinates": [-1.989816, 43.247702]}, "properties": {"sources": ["osm", "frontons"], "source": "osm+frontons", "confianza": "confirmado", "member_ids": ["osm/way/50643422", "frontons/2901"], "id": "osm/way/50643422", "region": "euskadi", "name": "Pilotalekua", "municipio": "Urnieta", "tipo": "pared_izq", "cubierto": null, "direccion": "Kalea San Juan 1X España", "foto": "https://static.frontons.net/data/photos/medium/fronton-pared-izquierda-20130-urnieta-gipuzkoa-espana-2901_0.jpg", "area_m2": null, "osm_url": "https://www.openstreetmap.org/way/50643422", "edit_url": "https://www.openstreetmap.org/edit?way=50643422", "frontons_url": "https://www.frontons.net/fronton-pared-izquierda/20130-urnieta-gipuzkoa-espana-2901.html", "estado": null}}, {"type": "Feature", "geometry": {"type": "Point", "coordinates": [-2.085421, 43.154937]}, "properties": {"sources": ["osm"], "source": "osm", "confianza": "por_verificar", "member_ids": ["osm/way/51017667"], "id": "osm/way/51017667", "region": "euskadi", "name": "Pelotalekua", "municipio": "Hernialde", "tipo": null, "cubierto": null, "direccion": null, "foto": null, "area_m2": null, "osm_url": "https://www.openstreetmap.org/way/51017667", "edit_url": "https://www.openstreetmap.org/edit?way=51017667", "estado": null}}, {"type": "Feature", "geometry": {"type": "Point", "coordinates": [-2.088201, 43.048625]}, "properties": {"sources": ["osm", "frontons"], "source": "osm+frontons", "confianza": "confirmado", "member_ids": ["osm/way/51137639", "frontons/2333"], "id": "osm/way/51137639", "region": "euskadi", "name": "Pilotalekua", "municipio": "Amezketa", "tipo": "pared_izq", "cubierto": null, "direccion": "Plaza Fernando rraren 5W España", "foto": "https://static.frontons.net/data/photos/medium/fronton-pared-izquierda-20268-amezketa-gipuzkoa-espana-2333_0.jpg", "area_m2": null, "osm_url": "https://www.openstreetmap.org/way/51137639", "edit_url": "https://www.openstreetmap.org/edit?way=51137639", "frontons_url": "https://www.frontons.net/fronton-pared-izquierda/20268-amezketa-gipuzkoa-espana-2333.html", "estado": null}}, {"type": "Feature", "geometry": {"type": "Point", "coordinates": [-2.148913, 43.236947]}, "properties": {"sources": ["osm", "frontons"], "source": "osm+frontons", "confianza": "confirmado", "member_ids": ["osm/way/51555400", "frontons/2811"], "id": "osm/way/51555400", "region": "euskadi", "name": "Frontoia", "municipio": "Aia", "tipo": "pared_izq", "cubierto": null, "direccion": "Sartalde Kalea 1C España", "foto": "https://static.frontons.net/data/photos/medium/fronton-pared-izquierda-20809-aia-gipuzkoa-espana-2811_0.jpg", "area_m2": null, "osm_url": "https://www.openstreetmap.org/way/51555400", "edit_url": "https://www.openstreetmap.org/edit?way=51555400", "frontons_url": "https://www.frontons.net/fronton-pared-izquierda/20809-aia-gipuzkoa-espana-2811.html", "estado": null}}, {"type": "Feature", "geometry": {"type": "Point", "coordinates": [-2.050234, 43.270644]}, "properties": {"sources": ["osm", "frontons"], "source": "osm+frontons", "confianza": "confirmado", "member_ids": ["osm/way/51761567", "frontons/2836"], "id": "osm/way/51761567", "region": "euskadi", "name": null, "municipio": "Usurbil", "tipo": "pared_izq", "cubierto": null, "direccion": "Irazu Kalea 1 España", "foto": "https://static.frontons.net/data/photos/medium/fronton-pared-izquierda-20170-usurbil-gipuzkoa-espana-2836_0.jpg", "area_m2": null, "osm_url": "https://www.openstreetmap.org/way/51761567", "edit_url": "https://www.openstreetmap.org/edit?way=51761567", "frontons_url": "https://www.frontons.net/fronton-pared-izquierda/20170-usurbil-gipuzkoa-espana-2836.html", "estado": null}}, {"type": "Feature", "geometry": {"type": "Point", "coordinates": [-1.999406, 43.140565]}, "properties": {"sources": ["osm"], "source": "osm", "confianza": "por_verificar", "member_ids": ["osm/way/52018917"], "id": "osm/way/52018917", "region": "euskadi", "name": "Pilotalekua", "municipio": "Elduain", "tipo": null, "cubierto": null, "direccion": null, "foto": null, "area_m2": null, "osm_url": "https://www.openstreetmap.org/way/52018917", "edit_url": "https://www.openstreetmap.org/edit?way=52018917", "estado": null}}, {"type": "Feature", "geometry": {"type": "Point", "coordinates": [-1.978683, 43.123482]}, "properties": {"sources": ["osm"], "source": "osm", "confianza": "por_verificar", "member_ids": ["osm/way/52020954"], "id": "osm/way/52020954", "region": "euskadi", "name": "Pilotalekua", "municipio": "Berastegi", "tipo": null, "cubierto": null, "direccion": null, "foto": null, "area_m2": null, "osm_url": "https://www.openstreetmap.org/way/52020954", "edit_url": "https://www.openstreetmap.org/edit?way=52020954", "estado": null}}, {"type": "Feature", "geometry": {"type": "Point", "coordinates": [-2.405536, 43.033154]}, "properties": {"sources": ["osm"], "source": "osm", "confianza": "por_verificar", "member_ids": ["osm/way/52244657"], "id": "osm/way/52244657", "region": "euskadi", "name": "Fronton Garay", "municipio": "Oñati", "tipo": null, "cubierto": null, "direccion": null, "foto": null, "area_m2": null, "osm_url": "https://www.openstreetmap.org/way/52244657", "edit_url": "https://www.openstreetmap.org/edit?way=52244657", "estado": null}}, {"type": "Feature", "geometry": {"type": "Point", "coordinates": [-2.563148, 43.295788]}, "properties": {"sources": ["osm", "frontons"], "source": "osm+frontons", "confianza": "confirmado", "member_ids": ["osm/way/52502409", "frontons/2204"], "id": "osm/way/52502409", "region": "euskadi", "name": "Pilotalekua", "municipio": "Aulesti", "tipo": "pared_izq", "cubierto": null, "direccion": "Gernika Ibilbidea 1 España", "foto": "https://static.frontons.net/data/photos/medium/fronton-pared-izquierda-48380-aulesti-bizkaia-espana-2204_0.jpg", "area_m2": null, "osm_url": "https://www.openstreetmap.org/way/52502409", "edit_url": "https://www.openstreetmap.org/edit?way=52502409", "frontons_url": "https://www.frontons.net/fronton-pared-izquierda/48380-aulesti-bizkaia-espana-2204.html", "estado": null}}, {"type": "Feature", "geometry": {"type": "Point", "coordinates": [-2.538299, 43.330967]}, "properties": {"sources": ["osm", "frontons"], "source": "osm+frontons", "confianza": "confirmado", "member_ids": ["osm/way/52567286", "frontons/2212"], "id": "osm/way/52567286", "region": "euskadi", "name": "Pilotalekua", "municipio": "Gizaburuaga", "tipo": "pared_izq", "cubierto": null, "direccion": "Eguen Auzoa 5 España", "foto": "https://static.frontons.net/data/photos/medium/fronton-pared-izquierda-48289-gizaburuaga-bizkaia-espana-2212_0.jpg", "area_m2": null, "osm_url": "https://www.openstreetmap.org/way/52567286", "edit_url": "https://www.openstreetmap.org/edit?way=52567286", "frontons_url": "https://www.frontons.net/fronton-pared-izquierda/48289-gizaburuaga-bizkaia-espana-2212.html", "estado": null}}, {"type": "Feature", "geometry": {"type": "Point", "coordinates": [-2.071235, 43.161039]}, "properties": {"sources": ["osm"], "source": "osm", "confianza": "por_verificar", "member_ids": ["osm/way/52985030"], "id": "osm/way/52985030", "region": "euskadi", "name": "Alkartasuna pilotalekua", "municipio": "Anoeta", "tipo": null, "cubierto": null, "direccion": null, "foto": null, "area_m2": null, "osm_url": "https://www.openstreetmap.org/way/52985030", "edit_url": "https://www.openstreetmap.org/edit?way=52985030", "estado": null}}, {"type": "Feature", "geometry": {"type": "Point", "coordinates": [-2.502286, 43.366508]}, "properties": {"sources": ["osm", "frontons"], "source": "osm+frontons", "confianza": "confirmado", "member_ids": ["osm/way/53675667", "frontons/2223"], "id": "osm/way/53675667", "region": "euskadi", "name": "Pilotalekua", "municipio": "Lekeitio", "tipo": "pared_izq", "cubierto": null, "direccion": "Paskual Abaroa Etorbidea 49 España", "foto": "https://static.frontons.net/data/photos/medium/fronton-pared-izquierda-48280-lekeitio-bizkaia-espana-2223_0.jpg", "area_m2": null, "osm_url": "https://www.openstreetmap.org/way/53675667", "edit_url": "https://www.openstreetmap.org/edit?way=53675667", "frontons_url": "https://www.frontons.net/fronton-pared-izquierda/48280-lekeitio-bizkaia-espana-2223.html", "estado": null}}, {"type": "Feature", "geometry": {"type": "Point", "coordinates": [-2.795416, 42.588437]}, "properties": {"sources": ["osm", "frontons"], "source": "osm+frontons", "confianza": "confirmado", "member_ids": ["osm/way/53762998", "frontons/2753"], "id": "osm/way/53762998", "region": "euskadi", "name": null, "municipio": "Labastida", "tipo": "pared_izq", "cubierto": null, "direccion": "Fray Domingo Salazar Kalea 19 España", "foto": "https://static.frontons.net/data/photos/medium/fronton-pared-izquierda-01330-labastida-araba-espana-2753_0.jpg", "area_m2": null, "osm_url": "https://www.openstreetmap.org/way/53762998", "edit_url": "https://www.openstreetmap.org/edit?way=53762998", "frontons_url": "https://www.frontons.net/fronton-pared-izquierda/01330-labastida-araba-espana-2753.html", "estado": null}}, {"type": "Feature", "geometry": {"type": "Point", "coordinates": [-2.330522, 43.275601]}, "properties": {"sources": ["osm", "frontons"], "source": "osm+frontons", "confianza": "confirmado", "member_ids": ["osm/way/54439105", "frontons/2566"], "id": "osm/way/54439105", "region": "euskadi", "name": "Frontoia", "municipio": "Deba", "tipo": "pared_izq", "cubierto": null, "direccion": "Galtzada Kalea España", "foto": "https://static.frontons.net/data/photos/medium/fronton-pared-izquierda-20829-itziar-gipuzkoa-espana-2566_0.jpg", "area_m2": null, "osm_url": "https://www.openstreetmap.org/way/54439105", "edit_url": "https://www.openstreetmap.org/edit?way=54439105", "frontons_url": "https://www.frontons.net/fronton-pared-izquierda/20829-itziar-gipuzkoa-espana-2566.html", "estado": null}}, {"type": "Feature", "geometry": {"type": "Point", "coordinates": [-2.05, 43.134764]}, "properties": {"sources": ["osm"], "source": "osm", "confianza": "por_verificar", "member_ids": ["osm/way/54929865"], "id": "osm/way/54929865", "region": "euskadi", "name": null, "municipio": "Belauntza", "tipo": null, "cubierto": null, "direccion": null, "foto": null, "area_m2": null, "osm_url": "https://www.openstreetmap.org/way/54929865", "edit_url": "https://www.openstreetmap.org/edit?way=54929865", "estado": null}}, {"type": "Feature", "geometry": {"type": "Point", "coordinates": [-2.278755, 43.049935]}, "properties": {"sources": ["osm", "frontons"], "source": "osm+frontons", "confianza": "confirmado", "member_ids": ["osm/way/55350458", "frontons/2254"], "id": "osm/way/55350458", "region": "euskadi", "name": "Frontoia", "municipio": "Gabiria", "tipo": "pared_izq", "cubierto": null, "direccion": "Gunea 8 España", "foto": "https://static.frontons.net/data/photos/medium/fronton-pared-izquierda-20217-gabiria-gipuzkoa-espana-2254_0.jpg", "area_m2": null, "osm_url": "https://www.openstreetmap.org/way/55350458", "edit_url": "https://www.openstreetmap.org/edit?way=55350458", "frontons_url": "https://www.frontons.net/fronton-pared-izquierda/20217-gabiria-gipuzkoa-espana-2254.html", "estado": null}}, {"type": "Feature", "geometry": {"type": "Point", "coordinates": [-2.024805, 43.145778]}, "properties": {"sources": ["osm"], "source": "osm", "confianza": "por_verificar", "member_ids": ["osm/way/55885243"], "id": "osm/way/55885243", "region": "euskadi", "name": "Urralburu pilotalekua", "municipio": "Berrobi", "tipo": null, "cubierto": null, "direccion": null, "foto": null, "area_m2": null, "osm_url": "https://www.openstreetmap.org/way/55885243", "edit_url": "https://www.openstreetmap.org/edit?way=55885243", "estado": null}}, {"type": "Feature", "geometry": {"type": "Point", "coordinates": [-2.000612, 43.285918]}, "properties": {"sources": ["osm", "frontons"], "source": "osm+frontons", "confianza": "confirmado", "member_ids": ["osm/way/55885303", "frontons/2988", "frontons/2989"], "id": "osm/way/55885303", "region": "euskadi", "name": "Pilotalekua", "municipio": "Donostia / San Sebastián", "tipo": "pared_izq", "cubierto": null, "direccion": "Añorga Hiribidea 40 España", "foto": "https://static.frontons.net/data/photos/medium/fronton-pared-izquierda-20018-donostia-gipuzkoa-espana-2988_0.jpg", "area_m2": null, "osm_url": "https://www.openstreetmap.org/way/55885303", "edit_url": "https://www.openstreetmap.org/edit?way=55885303", "frontons_url": "https://www.frontons.net/fronton-pared-izquierda/20018-donostia-gipuzkoa-espana-2988.html", "estado": null}}, {"type": "Feature", "geometry": {"type": "Point", "coordinates": [-2.510328, 43.187004]}, "properties": {"sources": ["osm", "frontons"], "source": "osm+frontons", "confianza": "confirmado", "member_ids": ["osm/way/57022841", "frontons/2807"], "id": "osm/way/57022841", "region": "euskadi", "name": "Aritzmendi frontoia", "municipio": "Ermua", "tipo": "pared_izq", "cubierto": null, "direccion": "Kalea Zehar 30A España", "foto": "https://static.frontons.net/data/photos/medium/fronton-pared-izquierda-48260-ermua-bizkaia-espana-2807_0.jpg", "area_m2": null, "osm_url": "https://www.openstreetmap.org/way/57022841", "edit_url": "https://www.openstreetmap.org/edit?way=57022841", "frontons_url": "https://www.frontons.net/fronton-pared-izquierda/48260-ermua-bizkaia-espana-2807.html", "estado": null}}, {"type": "Feature", "geometry": {"type": "Point", "coordinates": [-2.386184, 43.252182]}, "properties": {"sources": ["osm", "frontons"], "source": "osm+frontons", "confianza": "confirmado", "member_ids": ["osm/way/57898193", "frontons/2698"], "id": "osm/way/57898193", "region": "euskadi", "name": "Pilotalekua", "municipio": "Mendaro", "tipo": "pared_izq", "cubierto": null, "direccion": "Herriko Enparantza Plaza 19 España", "foto": "https://static.frontons.net/data/photos/medium/fronton-pared-izquierda-20850-mendaro-gipuzkoa-espana-2698_0.jpg", "area_m2": null, "osm_url": "https://www.openstreetmap.org/way/57898193", "edit_url": "https://www.openstreetmap.org/edit?way=57898193", "frontons_url": "https://www.frontons.net/fronton-pared-izquierda/20850-mendaro-gipuzkoa-espana-2698.html", "estado": null}}, {"type": "Feature", "geometry": {"type": "Point", "coordinates": [-2.153515, 43.064739]}, "properties": {"sources": ["osm", "frontons"], "source": "osm+frontons", "confianza": "confirmado", "member_ids": ["osm/way/58071047", "frontons/2182"], "id": "osm/way/58071047", "region": "euskadi", "name": "Frontoia", "municipio": "Altzaga", "tipo": "pared_izq", "cubierto": null, "direccion": "Bidea 11W España", "foto": "https://static.frontons.net/data/photos/medium/fronton-pared-izquierda-20248-altzaga-gipuzkoa-espana-2182_0.jpg", "area_m2": null, "osm_url": "https://www.openstreetmap.org/way/58071047", "edit_url": "https://www.openstreetmap.org/edit?way=58071047", "frontons_url": "https://www.frontons.net/fronton-pared-izquierda/20248-altzaga-gipuzkoa-espana-2182.html", "estado": null}}, {"type": "Feature", "geometry": {"type": "Point", "coordinates": [-2.45571, 42.991604]}, "properties": {"sources": ["osm"], "source": "osm", "confianza": "por_verificar", "member_ids": ["osm/way/58074988"], "id": "osm/way/58074988", "region": "euskadi", "name": "Pilotalekua", "municipio": "Oñati", "tipo": null, "cubierto": null, "direccion": null, "foto": null, "area_m2": null, "osm_url": "https://www.openstreetmap.org/way/58074988", "edit_url": "https://www.openstreetmap.org/edit?way=58074988", "estado": null}}, {"type": "Feature", "geometry": {"type": "Point", "coordinates": [-2.180231, 42.978198]}, "properties": {"sources": ["osm", "frontons"], "source": "osm+frontons", "confianza": "confirmado", "member_ids": ["osm/way/58885423", "frontons/1498"], "id": "osm/way/58885423", "region": "euskadi", "name": "Zelai frontoia", "municipio": "Ataun", "tipo": "pared_izq", "cubierto": null, "direccion": "San Gregorio Auzoa 12A España", "foto": "https://static.frontons.net/data/photos/medium/fronton-pared-izquierda-20211-gipuzkoa-espana-1498_0.jpg", "area_m2": null, "osm_url": "https://www.openstreetmap.org/way/58885423", "edit_url": "https://www.openstreetmap.org/edit?way=58885423", "frontons_url": "https://www.frontons.net/fronton-pared-izquierda/20211-gipuzkoa-espana-1498.html", "estado": null}}, {"type": "Feature", "geometry": {"type": "Point", "coordinates": [-2.173414, 43.165028]}, "properties": {"sources": ["osm", "frontons"], "source": "osm+frontons", "confianza": "confirmado", "member_ids": ["osm/way/59062899", "frontons/2810"], "id": "osm/way/59062899", "region": "euskadi", "name": "Pilotalekua", "municipio": "Errezil", "tipo": "pared_izq", "cubierto": null, "direccion": "go Gunea 18B España", "foto": "https://static.frontons.net/data/photos/medium/fronton-pared-izquierda-20737-errezil-gipuzkoa-espana-2810_0.jpg", "area_m2": null, "osm_url": "https://www.openstreetmap.org/way/59062899", "edit_url": "https://www.openstreetmap.org/edit?way=59062899", "frontons_url": "https://www.frontons.net/fronton-pared-izquierda/20737-errezil-gipuzkoa-espana-2810.html", "estado": null}}, {"type": "Feature", "geometry": {"type": "Point", "coordinates": [-2.167443, 43.264264]}, "properties": {"sources": ["osm", "frontons"], "source": "osm+frontons", "confianza": "confirmado", "member_ids": ["osm/way/69969673", "frontons/2756"], "id": "osm/way/69969673", "region": "euskadi", "name": "Urtetako frontoia", "municipio": "Zarautz", "tipo": "pared_izq", "cubierto": null, "direccion": "Urteta Auzoa 428 España", "foto": "https://static.frontons.net/data/photos/medium/fronton-pared-izquierda-20800-zarautz-gipuzkoa-espana-2756_0.jpg", "area_m2": null, "osm_url": "https://www.openstreetmap.org/way/69969673", "edit_url": "https://www.openstreetmap.org/edit?way=69969673", "frontons_url": "https://www.frontons.net/fronton-pared-izquierda/20800-zarautz-gipuzkoa-espana-2756.html", "estado": null}}, {"type": "Feature", "geometry": {"type": "Point", "coordinates": [-2.074155, 43.271849]}, "properties": {"sources": ["osm", "frontons"], "source": "osm+frontons", "confianza": "confirmado", "member_ids": ["osm/way/70214646", "frontons/2837"], "id": "osm/way/70214646", "region": "euskadi", "name": "Frontoia", "municipio": "Usurbil", "tipo": "pared_izq", "cubierto": null, "direccion": "Erriberako Kalea 3 España", "foto": "https://static.frontons.net/data/photos/medium/fronton-pared-izquierda-20170-usurbil-gipuzkoa-espana-2837_0.jpg", "area_m2": null, "osm_url": "https://www.openstreetmap.org/way/70214646", "edit_url": "https://www.openstreetmap.org/edit?way=70214646", "frontons_url": "https://www.frontons.net/fronton-pared-izquierda/20170-usurbil-gipuzkoa-espana-2837.html", "estado": null}}, {"type": "Feature", "geometry": {"type": "Point", "coordinates": [-2.633608, 43.168276]}, "properties": {"sources": ["osm", "frontons"], "source": "osm+frontons", "confianza": "confirmado", "member_ids": ["osm/way/72192116", "frontons/2892"], "id": "osm/way/72192116", "region": "euskadi", "name": "Ezkurdi pilotalekua", "municipio": "Durango", "tipo": "pared_izq", "cubierto": null, "direccion": "Josemiel Barandiaran Kalea 8A España", "foto": "https://static.frontons.net/data/photos/medium/fronton-pared-izquierda-48200-durango-bizkaia-espana-2892_0.jpg", "area_m2": null, "osm_url": "https://www.openstreetmap.org/way/72192116", "edit_url": "https://www.openstreetmap.org/edit?way=72192116", "frontons_url": "https://www.frontons.net/fronton-pared-izquierda/48200-durango-bizkaia-espana-2892.html", "estado": null}}, {"type": "Feature", "geometry": {"type": "Point", "coordinates": [-2.691867, 43.181644]}, "properties": {"sources": ["osm", "frontons"], "source": "osm+frontons", "confianza": "confirmado", "member_ids": ["osm/way/74242194", "frontons/2708"], "id": "osm/way/74242194", "region": "euskadi", "name": "Bernagoitiko frontoia", "municipio": "Bernagoitia", "tipo": "pared_izq", "cubierto": null, "direccion": "Lugar Barrio Bernagoiti 14TRI España", "foto": "https://static.frontons.net/data/photos/medium/fronton-pared-izquierda-48340-bernagoitia-bizkaia-espana-2708_0.jpg", "area_m2": null, "osm_url": "https://www.openstreetmap.org/way/74242194", "edit_url": "https://www.openstreetmap.org/edit?way=74242194", "frontons_url": "https://www.frontons.net/fronton-pared-izquierda/48340-bernagoitia-bizkaia-espana-2708.html", "estado": null}}, {"type": "Feature", "geometry": {"type": "Point", "coordinates": [-2.173799, 43.286058]}, "properties": {"sources": ["osm", "frontons"], "source": "osm+frontons", "confianza": "confirmado", "member_ids": ["osm/way/75316023", "osm/way/75597802", "osm/way/607367077", "frontons/2119", "frontons/2800"], "id": "osm/way/75316023", "region": "euskadi", "name": "antoniano", "municipio": "Zarautz", "tipo": "pared_izq", "cubierto": null, "direccion": "Salegi Kalea 2 España", "foto": "https://static.frontons.net/data/photos/medium/fronton-pared-izquierda-20800-zarautz-gipuzkoa-espana-2119_0.jpg", "area_m2": null, "osm_url": "https://www.openstreetmap.org/way/75316023", "edit_url": "https://www.openstreetmap.org/edit?way=75316023", "frontons_url": "https://www.frontons.net/fronton-pared-izquierda/20800-zarautz-gipuzkoa-espana-2119.html", "estado": null}}, {"type": "Feature", "geometry": {"type": "Point", "coordinates": [-2.177302, 43.279434]}, "properties": {"sources": ["osm"], "source": "osm", "confianza": "por_verificar", "member_ids": ["osm/way/75318879"], "id": "osm/way/75318879", "region": "euskadi", "name": null, "municipio": "Zarautz", "tipo": null, "cubierto": null, "direccion": null, "foto": null, "area_m2": null, "osm_url": "https://www.openstreetmap.org/way/75318879", "edit_url": "https://www.openstreetmap.org/edit?way=75318879", "estado": null}}, {"type": "Feature", "geometry": {"type": "Point", "coordinates": [-2.177787, 43.284316]}, "properties": {"sources": ["osm", "frontons"], "source": "osm+frontons", "confianza": "confirmado", "member_ids": ["osm/way/75345893", "frontons/2761"], "id": "osm/way/75345893", "region": "euskadi", "name": "Villa Manuelako frontoia", "municipio": "Zarauz", "tipo": "pared_izq", "cubierto": null, "direccion": "GI-2633 13 España", "foto": "https://static.frontons.net/data/photos/medium/fronton-pared-izquierda-20800-zarauz-guipuzcoa-espana-2761_0.jpg", "area_m2": null, "osm_url": "https://www.openstreetmap.org/way/75345893", "edit_url": "https://www.openstreetmap.org/edit?way=75345893", "frontons_url": "https://www.frontons.net/fronton-pared-izquierda/20800-zarauz-guipuzcoa-espana-2761.html", "estado": null}}, {"type": "Feature", "geometry": {"type": "Point", "coordinates": [-2.162699, 43.280441]}, "properties": {"sources": ["osm", "frontons"], "source": "osm+frontons", "confianza": "confirmado", "member_ids": ["osm/way/75451185", "frontons/2789"], "id": "osm/way/75451185", "region": "euskadi", "name": null, "municipio": "Zarautz", "tipo": "pared_izq", "cubierto": null, "direccion": "Pagoeta Kalea 6 España", "foto": "https://static.frontons.net/data/photos/medium/fronton-pared-izquierda-20800-zarautz-gipuzkoa-espana-2789_0.jpg", "area_m2": null, "osm_url": "https://www.openstreetmap.org/way/75451185", "edit_url": "https://www.openstreetmap.org/edit?way=75451185", "frontons_url": "https://www.frontons.net/fronton-pared-izquierda/20800-zarautz-gipuzkoa-espana-2789.html", "estado": null}}, {"type": "Feature", "geometry": {"type": "Point", "coordinates": [-2.160085, 43.284202]}, "properties": {"sources": ["osm", "frontons"], "source": "osm+frontons", "confianza": "confirmado", "member_ids": ["osm/way/75592049", "frontons/2760"], "id": "osm/way/75592049", "region": "euskadi", "name": null, "municipio": "Zarautz", "tipo": "pared_izq", "cubierto": null, "direccion": "Kalea Maria Etxetxiki 14W España", "foto": "https://static.frontons.net/data/photos/medium/fronton-pared-izquierda-20800-zarautz-gipuzkoa-espana-2760_0.jpg", "area_m2": null, "osm_url": "https://www.openstreetmap.org/way/75592049", "edit_url": "https://www.openstreetmap.org/edit?way=75592049", "frontons_url": "https://www.frontons.net/fronton-pared-izquierda/20800-zarautz-gipuzkoa-espana-2760.html", "estado": null}}, {"type": "Feature", "geometry": {"type": "Point", "coordinates": [-2.491991, 43.236445]}, "properties": {"sources": ["osm", "frontons"], "source": "osm+frontons", "confianza": "confirmado", "member_ids": ["osm/way/83014441", "frontons/2189"], "id": "osm/way/83014441", "region": "euskadi", "name": "Pilotalekua", "municipio": "Barinaga", "tipo": "pared_izq", "cubierto": null, "direccion": "Auzoa 6 España", "foto": "https://static.frontons.net/data/photos/medium/fronton-pared-izquierda-48278-barinaga-bizkaia-espana-2189_0.jpg", "area_m2": null, "osm_url": "https://www.openstreetmap.org/way/83014441", "edit_url": "https://www.openstreetmap.org/edit?way=83014441", "frontons_url": "https://www.frontons.net/fronton-pared-izquierda/48278-barinaga-bizkaia-espana-2189.html", "estado": null}}, {"type": "Feature", "geometry": {"type": "Point", "coordinates": [-2.525525, 43.018914]}, "properties": {"sources": ["osm", "frontons"], "source": "osm+frontons", "confianza": "confirmado", "member_ids": ["osm/way/87386059", "frontons/2683"], "id": "osm/way/87386059", "region": "euskadi", "name": "Joseba Iñurrategi pilotalekua", "municipio": "Eskoriatza", "tipo": "pared_izq", "cubierto": null, "direccion": "Gaztañadui Kalea 23 España", "foto": "https://static.frontons.net/data/photos/medium/fronton-pared-izquierda-20540-eskoriatza-gipuzkoa-espana-2683_0.jpg", "area_m2": null, "osm_url": "https://www.openstreetmap.org/way/87386059", "edit_url": "https://www.openstreetmap.org/edit?way=87386059", "frontons_url": "https://www.frontons.net/fronton-pared-izquierda/20540-eskoriatza-gipuzkoa-espana-2683.html", "estado": null}}, {"type": "Feature", "geometry": {"type": "Point", "coordinates": [-2.568126, 42.987208]}, "properties": {"sources": ["osm", "frontons"], "source": "osm+frontons", "confianza": "confirmado", "member_ids": ["osm/way/93429886", "frontons/2680"], "id": "osm/way/93429886", "region": "euskadi", "name": "Frontoia", "municipio": "Leintz-gatzaga", "tipo": "pared_izq", "cubierto": null, "direccion": "San Miguel Plaza 1A España", "foto": "https://static.frontons.net/data/photos/medium/fronton-pared-izquierda-20530-leintz-gatzaga-gipuzkoa-espana-2680_0.jpg", "area_m2": null, "osm_url": "https://www.openstreetmap.org/way/93429886", "edit_url": "https://www.openstreetmap.org/edit?way=93429886", "frontons_url": "https://www.frontons.net/fronton-pared-izquierda/20530-leintz-gatzaga-gipuzkoa-espana-2680.html", "estado": null}}, {"type": "Feature", "geometry": {"type": "Point", "coordinates": [-2.245614, 43.157905]}, "properties": {"sources": ["osm", "frontons"], "source": "osm+frontons", "confianza": "confirmado", "member_ids": ["osm/way/94887430", "frontons/2644"], "id": "osm/way/94887430", "region": "euskadi", "name": "Pilotalekua", "municipio": "Azpeitia", "tipo": "pared_izq", "cubierto": null, "direccion": "Kerexeta Kalea 2 España", "foto": "https://static.frontons.net/data/photos/medium/fronton-pared-izquierda-20738-urrestilla-gipuzkoa-espana-2644_0.jpg", "area_m2": null, "osm_url": "https://www.openstreetmap.org/way/94887430", "edit_url": "https://www.openstreetmap.org/edit?way=94887430", "frontons_url": "https://www.frontons.net/fronton-pared-izquierda/20738-urrestilla-gipuzkoa-espana-2644.html", "estado": null}}, {"type": "Feature", "geometry": {"type": "Point", "coordinates": [-2.608089, 43.150643]}, "properties": {"sources": ["osm"], "source": "osm", "confianza": "por_verificar", "member_ids": ["osm/way/99632407"], "id": "osm/way/99632407", "region": "euskadi", "name": "Trinketea", "municipio": "Abadiño", "tipo": null, "cubierto": null, "direccion": null, "foto": null, "area_m2": null, "osm_url": "https://www.openstreetmap.org/way/99632407", "edit_url": "https://www.openstreetmap.org/edit?way=99632407", "estado": null}}, {"type": "Feature", "geometry": {"type": "Point", "coordinates": [-2.65518, 42.844633]}, "properties": {"sources": ["osm", "frontons"], "source": "osm+frontons", "confianza": "confirmado", "member_ids": ["osm/way/99806336", "frontons/1380"], "id": "osm/way/99806336", "region": "euskadi", "name": "Astronomoak trinketea", "municipio": "Vitoria-Gasteiz", "tipo": "trinquete", "cubierto": null, "direccion": "Los Astronomos Kalea 6 España", "foto": "https://static.frontons.net/data/photos/medium/trinquete-01003-vitoria-gasteiz-alava-espana-1380_0.jpg", "area_m2": null, "osm_url": "https://www.openstreetmap.org/way/99806336", "edit_url": "https://www.openstreetmap.org/edit?way=99806336", "frontons_url": "https://www.frontons.net/trinquete/01003-vitoria-gasteiz-alava-espana-1380.html", "estado": null}}, {"type": "Feature", "geometry": {"type": "Point", "coordinates": [-2.92733, 43.247914]}, "properties": {"sources": ["osm"], "source": "osm", "confianza": "por_verificar", "member_ids": ["osm/way/101544161"], "id": "osm/way/101544161", "region": "euskadi", "name": "Bizkaia Frontoia", "municipio": "Bilbao", "tipo": null, "cubierto": null, "direccion": null, "foto": null, "area_m2": null, "osm_url": "https://www.openstreetmap.org/way/101544161", "edit_url": "https://www.openstreetmap.org/edit?way=101544161", "estado": null}}, {"type": "Feature", "geometry": {"type": "Point", "coordinates": [-3.05552, 43.310108]}, "properties": {"sources": ["osm", "frontons"], "source": "osm+frontons", "confianza": "confirmado", "member_ids": ["osm/way/107120618", "frontons/2186"], "id": "osm/way/107120618", "region": "euskadi", "name": null, "municipio": "Ortuella", "tipo": "pared_izq", "cubierto": null, "direccion": "Kalea Catalina Gibaja 32003 España", "foto": "https://static.frontons.net/data/photos/medium/fronton-pared-izquierda-48530-ortuella-bizkaia-espana-2186_0.jpg", "area_m2": null, "osm_url": "https://www.openstreetmap.org/way/107120618", "edit_url": "https://www.openstreetmap.org/edit?way=107120618", "frontons_url": "https://www.frontons.net/fronton-pared-izquierda/48530-ortuella-bizkaia-espana-2186.html", "estado": null}}, {"type": "Feature", "geometry": {"type": "Point", "coordinates": [-3.09562, 43.317581]}, "properties": {"sources": ["osm", "frontons"], "source": "osm+frontons", "confianza": "confirmado", "member_ids": ["osm/way/107124940", "frontons/2339"], "id": "osm/way/107124940", "region": "euskadi", "name": "Frontoia", "municipio": "Las Carreras", "tipo": "pared_izq", "cubierto": true, "direccion": "Kalea Askartza Isusi 7A España", "foto": "https://static.frontons.net/data/photos/medium/fronton-pared-izquierda-48500-las-carreras-bizkaia-espana-2339_0.jpg", "area_m2": null, "osm_url": "https://www.openstreetmap.org/way/107124940", "edit_url": "https://www.openstreetmap.org/edit?way=107124940", "frontons_url": "https://www.frontons.net/fronton-pared-izquierda/48500-las-carreras-bizkaia-espana-2339.html", "estado": null}}, {"type": "Feature", "geometry": {"type": "Point", "coordinates": [-3.055502, 43.284381]}, "properties": {"sources": ["osm", "frontons"], "source": "osm+frontons", "confianza": "confirmado", "member_ids": ["osm/way/107256118", "frontons/2230"], "id": "osm/way/107256118", "region": "euskadi", "name": "Zugaztietako pilotalekua", "municipio": "La Arboleda", "tipo": "pared_izq", "cubierto": true, "direccion": "Francisco Inchaurraga Kalea 4 España", "foto": "https://static.frontons.net/data/photos/medium/fronton-pared-izquierda-48520-la-arboleda-bizkaia-espana-2230_0.jpg", "area_m2": null, "osm_url": "https://www.openstreetmap.org/way/107256118", "edit_url": "https://www.openstreetmap.org/edit?way=107256118", "frontons_url": "https://www.frontons.net/fronton-pared-izquierda/48520-la-arboleda-bizkaia-espana-2230.html", "estado": null}}, {"type": "Feature", "geometry": {"type": "Point", "coordinates": [-3.060985, 43.318815]}, "properties": {"sources": ["osm", "frontons"], "source": "osm+frontons", "confianza": "confirmado", "member_ids": ["osm/way/107348233", "frontons/2187"], "id": "osm/way/107348233", "region": "euskadi", "name": null, "municipio": "Nocedal", "tipo": "pared_izq", "cubierto": null, "direccion": "Lugar Barrio 44002 España", "foto": "https://static.frontons.net/data/photos/medium/fronton-pared-izquierda-48530-nocedal-bizkaia-espana-2187_0.jpg", "area_m2": null, "osm_url": "https://www.openstreetmap.org/way/107348233", "edit_url": "https://www.openstreetmap.org/edit?way=107348233", "frontons_url": "https://www.frontons.net/fronton-pared-izquierda/48530-nocedal-bizkaia-espana-2187.html", "estado": null}}, {"type": "Feature", "geometry": {"type": "Point", "coordinates": [-3.01621, 43.290519]}, "properties": {"sources": ["osm"], "source": "osm", "confianza": "por_verificar", "member_ids": ["osm/way/107527686"], "id": "osm/way/107527686", "region": "euskadi", "name": "Frontón", "municipio": "Valle de Trápaga-Trapagaran", "tipo": null, "cubierto": true, "direccion": null, "foto": null, "area_m2": null, "osm_url": "https://www.openstreetmap.org/way/107527686", "edit_url": "https://www.openstreetmap.org/edit?way=107527686", "estado": null}}, {"type": "Feature", "geometry": {"type": "Point", "coordinates": [-3.070696, 43.323913]}, "properties": {"sources": ["osm", "frontons"], "source": "osm+frontons", "confianza": "confirmado", "member_ids": ["osm/way/107801442", "frontons/2349"], "id": "osm/way/107801442", "region": "euskadi", "name": "Frontoia", "municipio": "Sanfuentes", "tipo": "pared_izq", "cubierto": null, "direccion": "Auzoa 12 España", "foto": "https://static.frontons.net/data/photos/medium/fronton-pared-izquierda-48500-sanfuentes-bizkaia-espana-2349_0.jpg", "area_m2": null, "osm_url": "https://www.openstreetmap.org/way/107801442", "edit_url": "https://www.openstreetmap.org/edit?way=107801442", "frontons_url": "https://www.frontons.net/fronton-pared-izquierda/48500-sanfuentes-bizkaia-espana-2349.html", "estado": null}}, {"type": "Feature", "geometry": {"type": "Point", "coordinates": [-2.018719, 43.255537]}, "properties": {"sources": ["osm", "frontons"], "source": "osm+frontons", "confianza": "confirmado", "member_ids": ["osm/way/109557967", "frontons/3086"], "id": "osm/way/109557967", "region": "euskadi", "name": null, "municipio": "Lasarte-Oria", "tipo": "pared_izq", "cubierto": null, "direccion": "Zirkuito Ibilbidea 1 España", "foto": "https://static.frontons.net/data/photos/medium/fronton-pared-izquierda-20160-lasarte-oria-gipuzkoa-espana-3086_0.jpg", "area_m2": null, "osm_url": "https://www.openstreetmap.org/way/109557967", "edit_url": "https://www.openstreetmap.org/edit?way=109557967", "frontons_url": "https://www.frontons.net/fronton-pared-izquierda/20160-lasarte-oria-gipuzkoa-espana-3086.html", "estado": null}}, {"type": "Feature", "geometry": {"type": "Point", "coordinates": [-3.009387, 43.310354]}, "properties": {"sources": ["osm", "frontons"], "source": "osm+frontons", "confianza": "confirmado", "member_ids": ["osm/way/109728735", "frontons/2335"], "id": "osm/way/109728735", "region": "euskadi", "name": "Las Llanas pilotalekua", "municipio": "Sestao", "tipo": "pared_izq", "cubierto": null, "direccion": "Kalea Alameda las Llanas 6A España", "foto": "https://static.frontons.net/data/photos/medium/fronton-pared-izquierda-48910-sestao-bizkaia-espana-2335_0.jpg", "area_m2": null, "osm_url": "https://www.openstreetmap.org/way/109728735", "edit_url": "https://www.openstreetmap.org/edit?way=109728735", "frontons_url": "https://www.frontons.net/fronton-pared-izquierda/48910-sestao-bizkaia-espana-2335.html", "estado": null}}, {"type": "Feature", "geometry": {"type": "Point", "coordinates": [-2.986871, 43.301244]}, "properties": {"sources": ["osm", "frontons"], "source": "osm+frontons", "confianza": "confirmado", "member_ids": ["osm/way/109863292", "frontons/3075"], "id": "osm/way/109863292", "region": "euskadi", "name": "Frontón", "municipio": "Barakaldo", "tipo": "pared_izq", "cubierto": null, "direccion": "Aldapa Kalea 59 España", "foto": "https://static.frontons.net/data/photos/medium/fronton-pared-izquierda-48901-barakaldo-bizkaia-espana-3075_0.jpg", "area_m2": null, "osm_url": "https://www.openstreetmap.org/way/109863292", "edit_url": "https://www.openstreetmap.org/edit?way=109863292", "frontons_url": "https://www.frontons.net/fronton-pared-izquierda/48901-barakaldo-bizkaia-espana-3075.html", "estado": null}}, {"type": "Feature", "geometry": {"type": "Point", "coordinates": [-2.975449, 43.276372]}, "properties": {"sources": ["osm", "frontons"], "source": "osm+frontons", "confianza": "confirmado", "member_ids": ["osm/way/110382764", "frontons/3101"], "id": "osm/way/110382764", "region": "euskadi", "name": "Frontón", "municipio": "Bilbo", "tipo": "pared_izq", "cubierto": null, "direccion": "Kalea Fray Juan 35A España", "foto": "https://static.frontons.net/data/photos/medium/fronton-pared-izquierda-48013-bilbo-bizkaia-espana-3101_0.jpg", "area_m2": null, "osm_url": "https://www.openstreetmap.org/way/110382764", "edit_url": "https://www.openstreetmap.org/edit?way=110382764", "frontons_url": "https://www.frontons.net/fronton-pared-izquierda/48013-bilbo-bizkaia-espana-3101.html", "estado": null}}, {"type": "Feature", "geometry": {"type": "Point", "coordinates": [-2.88668, 43.220492]}, "properties": {"sources": ["osm", "frontons"], "source": "osm+frontons", "confianza": "confirmado", "member_ids": ["osm/way/115276886", "frontons/2174"], "id": "osm/way/115276886", "region": "euskadi", "name": "Frontón", "municipio": "Elexalde", "tipo": "pared_izq", "cubierto": null, "direccion": "Beñat Etxepare Kalea 8 España", "foto": "https://static.frontons.net/data/photos/medium/fronton-pared-izquierda-48970-elexalde-bizkaia-espana-2174_0.jpg", "area_m2": null, "osm_url": "https://www.openstreetmap.org/way/115276886", "edit_url": "https://www.openstreetmap.org/edit?way=115276886", "frontons_url": "https://www.frontons.net/fronton-pared-izquierda/48970-elexalde-bizkaia-espana-2174.html", "estado": null}}, {"type": "Feature", "geometry": {"type": "Point", "coordinates": [-1.809693, 43.342082]}, "properties": {"sources": ["osm"], "source": "osm", "confianza": "por_verificar", "member_ids": ["osm/way/117720809", "osm/way/351706900"], "id": "osm/way/117720809", "region": "euskadi", "name": null, "municipio": "Irun", "tipo": null, "cubierto": null, "direccion": null, "foto": null, "area_m2": null, "osm_url": "https://www.openstreetmap.org/way/117720809", "edit_url": "https://www.openstreetmap.org/edit?way=117720809", "estado": null}}, {"type": "Feature", "geometry": {"type": "Point", "coordinates": [-1.797158, 43.366101]}, "properties": {"sources": ["osm", "frontons"], "source": "osm+frontons", "confianza": "confirmado", "member_ids": ["osm/way/117961738", "frontons/2735", "frontons/2752"], "id": "osm/way/117961738", "region": "euskadi", "name": "Soroetako pilotalekua", "municipio": "Hondarribia", "tipo": "pared_izq", "cubierto": null, "direccion": "Eguzkilore Kalea 6 España", "foto": "https://static.frontons.net/data/photos/medium/fronton-pared-izquierda-20280-hondarribia-gipuzkoa-espana-2735_0.jpg", "area_m2": null, "osm_url": "https://www.openstreetmap.org/way/117961738", "edit_url": "https://www.openstreetmap.org/edit?way=117961738", "frontons_url": "https://www.frontons.net/fronton-pared-izquierda/20280-hondarribia-gipuzkoa-espana-2735.html", "estado": null}}, {"type": "Feature", "geometry": {"type": "Point", "coordinates": [-1.948603, 43.31927]}, "properties": {"sources": ["osm", "frontons"], "source": "osm+frontons", "confianza": "confirmado", "member_ids": ["osm/way/118021174", "frontons/3096"], "id": "osm/way/118021174", "region": "euskadi", "name": null, "municipio": "Donostia", "tipo": "pared_izq", "cubierto": null, "direccion": "Zubiaurre Pasealekua 93 España", "foto": "https://static.frontons.net/data/photos/medium/fronton-pared-izquierda-20015-donostia-gipuzkoa-espana-3096_0.jpg", "area_m2": null, "osm_url": "https://www.openstreetmap.org/way/118021174", "edit_url": "https://www.openstreetmap.org/edit?way=118021174", "frontons_url": "https://www.frontons.net/fronton-pared-izquierda/20015-donostia-gipuzkoa-espana-3096.html", "estado": null}}, {"type": "Feature", "geometry": {"type": "Point", "coordinates": [-1.950535, 43.319907]}, "properties": {"sources": ["osm", "frontons"], "source": "osm+frontons", "confianza": "confirmado", "member_ids": ["osm/way/118021176", "frontons/3097"], "id": "osm/way/118021176", "region": "euskadi", "name": null, "municipio": "Donostia", "tipo": "pared_izq", "cubierto": null, "direccion": "Intxaurrondo Kalea 70 España", "foto": "https://static.frontons.net/data/photos/medium/fronton-pared-izquierda-20015-donostia-gipuzkoa-espana-3097_0.jpg", "area_m2": null, "osm_url": "https://www.openstreetmap.org/way/118021176", "edit_url": "https://www.openstreetmap.org/edit?way=118021176", "frontons_url": "https://www.frontons.net/fronton-pared-izquierda/20015-donostia-gipuzkoa-espana-3097.html", "estado": null}}, {"type": "Feature", "geometry": {"type": "Point", "coordinates": [-1.955065, 43.31602]}, "properties": {"sources": ["osm", "frontons"], "source": "osm+frontons", "confianza": "confirmado", "member_ids": ["osm/way/118046868", "frontons/3065"], "id": "osm/way/118046868", "region": "euskadi", "name": null, "municipio": "Donostia", "tipo": "pared_izq", "cubierto": null, "direccion": "Zarategi Pasealekua 82 España", "foto": "https://static.frontons.net/data/photos/medium/fronton-pared-izquierda-20015-donostia-gipuzkoa-espana-3065_0.jpg", "area_m2": null, "osm_url": "https://www.openstreetmap.org/way/118046868", "edit_url": "https://www.openstreetmap.org/edit?way=118046868", "frontons_url": "https://www.frontons.net/fronton-pared-izquierda/20015-donostia-gipuzkoa-espana-3065.html", "estado": null}}, {"type": "Feature", "geometry": {"type": "Point", "coordinates": [-1.948141, 43.316432]}, "properties": {"sources": ["osm", "frontons"], "source": "osm+frontons", "confianza": "confirmado", "member_ids": ["osm/way/118046872", "frontons/3064"], "id": "osm/way/118046872", "region": "euskadi", "name": null, "municipio": "Donostia", "tipo": "pared_izq", "cubierto": null, "direccion": "De Mons Ibilbidea 108 España", "foto": "https://static.frontons.net/data/photos/medium/fronton-pared-izquierda-20015-donostia-gipuzkoa-espana-3064_0.jpg", "area_m2": null, "osm_url": "https://www.openstreetmap.org/way/118046872", "edit_url": "https://www.openstreetmap.org/edit?way=118046872", "frontons_url": "https://www.frontons.net/fronton-pared-izquierda/20015-donostia-gipuzkoa-espana-3064.html", "estado": null}}, {"type": "Feature", "geometry": {"type": "Point", "coordinates": [-2.886874, 43.294315]}, "properties": {"sources": ["osm", "frontons"], "source": "osm+frontons", "confianza": "confirmado", "member_ids": ["osm/way/118182528", "frontons/2804", "frontons/2805"], "id": "osm/way/118182528", "region": "euskadi", "name": null, "municipio": "Derio", "tipo": "pared_izq", "cubierto": null, "direccion": "Etorbidea Mungialde 6B España", "foto": "https://static.frontons.net/data/photos/medium/fronton-pared-izquierda-48160-derio-bizkaia-espana-2804_0.jpg", "area_m2": null, "osm_url": "https://www.openstreetmap.org/way/118182528", "edit_url": "https://www.openstreetmap.org/edit?way=118182528", "frontons_url": "https://www.frontons.net/fronton-pared-izquierda/48160-derio-bizkaia-espana-2804.html", "estado": null}}, {"type": "Feature", "geometry": {"type": "Point", "coordinates": [-1.960223, 43.322367]}, "properties": {"sources": ["osm", "frontons"], "source": "osm+frontons", "confianza": "confirmado", "member_ids": ["osm/way/118382607", "frontons/3106"], "id": "osm/way/118382607", "region": "euskadi", "name": "Ategorrietako frontoia", "municipio": "Donostia", "tipo": "pared_izq", "cubierto": null, "direccion": "Bordatxipi Pasealekua 2 España", "foto": "https://static.frontons.net/data/photos/medium/fronton-pared-izquierda-20013-donostia-gipuzkoa-espana-3106_0.jpg", "area_m2": null, "osm_url": "https://www.openstreetmap.org/way/118382607", "edit_url": "https://www.openstreetmap.org/edit?way=118382607", "frontons_url": "https://www.frontons.net/fronton-pared-izquierda/20013-donostia-gipuzkoa-espana-3106.html", "estado": null}}, {"type": "Feature", "geometry": {"type": "Point", "coordinates": [-2.705878, 42.918087]}, "properties": {"sources": ["osm"], "source": "osm", "confianza": "por_verificar", "member_ids": ["osm/way/130210611"], "id": "osm/way/130210611", "region": "euskadi", "name": null, "municipio": "Zigoitia", "tipo": null, "cubierto": null, "direccion": null, "foto": null, "area_m2": null, "osm_url": "https://www.openstreetmap.org/way/130210611", "edit_url": "https://www.openstreetmap.org/edit?way=130210611", "estado": null}}, {"type": "Feature", "geometry": {"type": "Point", "coordinates": [-2.710671, 42.916324]}, "properties": {"sources": ["osm", "frontons"], "source": "osm+frontons", "confianza": "confirmado", "member_ids": ["osm/way/131559095", "frontons/2281"], "id": "osm/way/131559095", "region": "euskadi", "name": null, "municipio": "Etxabarri-Ibiña", "tipo": "pared_izq", "cubierto": null, "direccion": "Eliza Bidea 7 España", "foto": "https://static.frontons.net/data/photos/medium/fronton-pared-izquierda-01196-etxabarri-ibina-araba-espana-2281_0.jpg", "area_m2": null, "osm_url": "https://www.openstreetmap.org/way/131559095", "edit_url": "https://www.openstreetmap.org/edit?way=131559095", "frontons_url": "https://www.frontons.net/fronton-pared-izquierda/01196-etxabarri-ibina-araba-espana-2281.html", "estado": null}}, {"type": "Feature", "geometry": {"type": "Point", "coordinates": [-2.360993, 43.139803]}, "properties": {"sources": ["osm", "frontons"], "source": "osm+frontons", "confianza": "confirmado", "member_ids": ["osm/way/133144834", "frontons/2510"], "id": "osm/way/133144834", "region": "euskadi", "name": "Elurmendi, Elkartea", "municipio": "Bergara", "tipo": "pared_izq", "cubierto": null, "direccion": "Elosu Auzoa 5 España", "foto": "https://static.frontons.net/data/photos/medium/fronton-pared-izquierda-20577-bergara-gipuzkoa-espana-2510_0.jpg", "area_m2": null, "osm_url": "https://www.openstreetmap.org/way/133144834", "edit_url": "https://www.openstreetmap.org/edit?way=133144834", "frontons_url": "https://www.frontons.net/fronton-pared-izquierda/20577-bergara-gipuzkoa-espana-2510.html", "estado": null}}, {"type": "Feature", "geometry": {"type": "Point", "coordinates": [-2.868632, 43.238382]}, "properties": {"sources": ["osm", "frontons"], "source": "osm+frontons", "confianza": "confirmado", "member_ids": ["osm/way/136675566", "frontons/2353"], "id": "osm/way/136675566", "region": "euskadi", "name": null, "municipio": "Agirre-Aperribai", "tipo": "pared_izq", "cubierto": null, "direccion": "Aperribai Auzoa 38 España", "foto": "https://static.frontons.net/data/photos/medium/fronton-pared-izquierda-48960-agirre-aperribai-bizkaia-espana-2353_0.jpg", "area_m2": null, "osm_url": "https://www.openstreetmap.org/way/136675566", "edit_url": "https://www.openstreetmap.org/edit?way=136675566", "frontons_url": "https://www.frontons.net/fronton-pared-izquierda/48960-agirre-aperribai-bizkaia-espana-2353.html", "estado": null}}, {"type": "Feature", "geometry": {"type": "Point", "coordinates": [-3.039249, 43.332484]}, "properties": {"sources": ["osm", "frontons"], "source": "osm+frontons", "confianza": "confirmado", "member_ids": ["osm/way/137534548", "frontons/3030"], "id": "osm/way/137534548", "region": "euskadi", "name": "Isi Castaño", "municipio": "Santurtzi", "tipo": "pared_izq", "cubierto": null, "direccion": "Mamariga Kalea 66 España", "foto": "https://static.frontons.net/data/photos/medium/fronton-pared-izquierda-48980-santurtzi-bizkaia-espana-3030_0.jpg", "area_m2": null, "osm_url": "https://www.openstreetmap.org/way/137534548", "edit_url": "https://www.openstreetmap.org/edit?way=137534548", "frontons_url": "https://www.frontons.net/fronton-pared-izquierda/48980-santurtzi-bizkaia-espana-3030.html", "estado": null}}, {"type": "Feature", "geometry": {"type": "Point", "coordinates": [-1.78996, 43.331594]}, "properties": {"sources": ["osm"], "source": "osm", "confianza": "por_verificar", "member_ids": ["osm/way/138210796"], "id": "osm/way/138210796", "region": "euskadi", "name": null, "municipio": "Irun", "tipo": null, "cubierto": null, "direccion": null, "foto": null, "area_m2": null, "osm_url": "https://www.openstreetmap.org/way/138210796", "edit_url": "https://www.openstreetmap.org/edit?way=138210796", "estado": null}}, {"type": "Feature", "geometry": {"type": "Point", "coordinates": [-1.795884, 43.34471]}, "properties": {"sources": ["osm"], "source": "osm", "confianza": "por_verificar", "member_ids": ["osm/way/139074254"], "id": "osm/way/139074254", "region": "euskadi", "name": null, "municipio": "Irun", "tipo": null, "cubierto": null, "direccion": null, "foto": null, "area_m2": null, "osm_url": "https://www.openstreetmap.org/way/139074254", "edit_url": "https://www.openstreetmap.org/edit?way=139074254", "estado": null}}, {"type": "Feature", "geometry": {"type": "Point", "coordinates": [-3.040868, 43.304693]}, "properties": {"sources": ["osm", "frontons"], "source": "osm+frontons", "confianza": "confirmado", "member_ids": ["osm/way/144441305", "frontons/2232"], "id": "osm/way/144441305", "region": "euskadi", "name": "Frontoia", "municipio": "Trapagaran", "tipo": "pared_izq", "cubierto": null, "direccion": "Mendipe Etxe-Taldea Etxetaldea 21 España", "foto": "https://static.frontons.net/data/photos/medium/fronton-pared-izquierda-48510-trapagaran-bizkaia-espana-2232_0.jpg", "area_m2": null, "osm_url": "https://www.openstreetmap.org/way/144441305", "edit_url": "https://www.openstreetmap.org/edit?way=144441305", "frontons_url": "https://www.frontons.net/fronton-pared-izquierda/48510-trapagaran-bizkaia-espana-2232.html", "estado": null}}, {"type": "Feature", "geometry": {"type": "Point", "coordinates": [-2.720909, 43.418978]}, "properties": {"sources": ["osm", "frontons"], "source": "osm+frontons", "confianza": "confirmado", "member_ids": ["osm/way/148886012", "frontons/2616"], "id": "osm/way/148886012", "region": "euskadi", "name": "Artza Frontoia", "municipio": "Bermeo", "tipo": "pared_izq", "cubierto": null, "direccion": "Gaztelu Enparantza Plaza España", "foto": "https://static.frontons.net/data/photos/medium/fronton-pared-izquierda-48370-bermeo-bizkaia-espana-2616_0.jpg", "area_m2": null, "osm_url": "https://www.openstreetmap.org/way/148886012", "edit_url": "https://www.openstreetmap.org/edit?way=148886012", "frontons_url": "https://www.frontons.net/fronton-pared-izquierda/48370-bermeo-bizkaia-espana-2616.html", "estado": null}}, {"type": "Feature", "geometry": {"type": "Point", "coordinates": [-2.984414, 43.293211]}, "properties": {"sources": ["osm", "frontons"], "source": "osm+frontons", "confianza": "confirmado", "member_ids": ["osm/way/151581233", "frontons/3072"], "id": "osm/way/151581233", "region": "euskadi", "name": null, "municipio": "Barakaldo", "tipo": "pared_izq", "cubierto": null, "direccion": "Kalea Etxatxu 10A España", "foto": "https://static.frontons.net/data/photos/medium/fronton-pared-izquierda-48902-barakaldo-bizkaia-espana-3072_0.jpg", "area_m2": null, "osm_url": "https://www.openstreetmap.org/way/151581233", "edit_url": "https://www.openstreetmap.org/edit?way=151581233", "frontons_url": "https://www.frontons.net/fronton-pared-izquierda/48902-barakaldo-bizkaia-espana-3072.html", "estado": null}}, {"type": "Feature", "geometry": {"type": "Point", "coordinates": [-2.003627, 43.30466]}, "properties": {"sources": ["osm"], "source": "osm", "confianza": "por_verificar", "member_ids": ["osm/way/151792854"], "id": "osm/way/151792854", "region": "euskadi", "name": "Fronton Lorea", "municipio": "Donostia / San Sebastián", "tipo": null, "cubierto": null, "direccion": null, "foto": null, "area_m2": null, "osm_url": "https://www.openstreetmap.org/way/151792854", "edit_url": "https://www.openstreetmap.org/edit?way=151792854", "estado": null}}, {"type": "Feature", "geometry": {"type": "Point", "coordinates": [-3.014475, 43.303186]}, "properties": {"sources": ["osm", "frontons"], "source": "osm+frontons", "confianza": "confirmado", "member_ids": ["osm/way/154324023", "frontons/2231"], "id": "osm/way/154324023", "region": "euskadi", "name": "Frontón de Elguero", "municipio": "Trapagaran", "tipo": "pared_izq", "cubierto": null, "direccion": "Las Delicias Kalea España", "foto": "https://static.frontons.net/data/photos/medium/fronton-pared-izquierda-48510-trapagaran-bizkaia-espana-2231_0.jpg", "area_m2": null, "osm_url": "https://www.openstreetmap.org/way/154324023", "edit_url": "https://www.openstreetmap.org/edit?way=154324023", "frontons_url": "https://www.frontons.net/fronton-pared-izquierda/48510-trapagaran-bizkaia-espana-2231.html", "estado": null}}, {"type": "Feature", "geometry": {"type": "Point", "coordinates": [-2.979751, 43.287453]}, "properties": {"sources": ["osm", "frontons"], "source": "osm+frontons", "confianza": "confirmado", "member_ids": ["osm/way/154983676", "frontons/3073"], "id": "osm/way/154983676", "region": "euskadi", "name": null, "municipio": "Barakaldo", "tipo": "pared_izq", "cubierto": null, "direccion": "Texidor Kalea 7 España", "foto": "https://static.frontons.net/data/photos/medium/fronton-pared-izquierda-48903-barakaldo-bizkaia-espana-3073_0.jpg", "area_m2": null, "osm_url": "https://www.openstreetmap.org/way/154983676", "edit_url": "https://www.openstreetmap.org/edit?way=154983676", "frontons_url": "https://www.frontons.net/fronton-pared-izquierda/48903-barakaldo-bizkaia-espana-3073.html", "estado": null}}, {"type": "Feature", "geometry": {"type": "Point", "coordinates": [-2.315877, 43.087632]}, "properties": {"sources": ["osm", "frontons"], "source": "osm+frontons", "confianza": "confirmado", "member_ids": ["osm/way/157595743", "osm/way/158041533", "frontons/1494", "frontons/2299", "frontons/2300", "frontons/2307"], "id": "osm/way/157595743", "region": "euskadi", "name": "Beloki pilotalekua", "municipio": "Zumarraga", "tipo": "pared_izq", "cubierto": null, "direccion": "Iparraguirre Hiribidea 10 España", "foto": "https://static.frontons.net/data/photos/medium/fronton-pared-izquierda-20700-zumarraga-gipuzkoa-espana-1494_0.jpg", "area_m2": null, "osm_url": "https://www.openstreetmap.org/way/157595743", "edit_url": "https://www.openstreetmap.org/edit?way=157595743", "frontons_url": "https://www.frontons.net/fronton-pared-izquierda/20700-zumarraga-gipuzkoa-espana-1494.html", "estado": null}}, {"type": "Feature", "geometry": {"type": "Point", "coordinates": [-2.314546, 43.089404]}, "properties": {"sources": ["osm"], "source": "osm", "confianza": "por_verificar", "member_ids": ["osm/way/158030612"], "id": "osm/way/158030612", "region": "euskadi", "name": "Frontoia", "municipio": "Zumarraga", "tipo": null, "cubierto": null, "direccion": null, "foto": null, "area_m2": null, "osm_url": "https://www.openstreetmap.org/way/158030612", "edit_url": "https://www.openstreetmap.org/edit?way=158030612", "estado": null}}, {"type": "Feature", "geometry": {"type": "Point", "coordinates": [-2.311385, 43.086633]}, "properties": {"sources": ["osm", "frontons"], "source": "osm+frontons", "confianza": "confirmado", "member_ids": ["osm/way/158440550", "frontons/2301"], "id": "osm/way/158440550", "region": "euskadi", "name": "Eitzako Frontoia", "municipio": "Zumarraga", "tipo": "pared_izq", "cubierto": null, "direccion": "Euskalerria Hiribidea 6 España", "foto": "https://static.frontons.net/data/photos/medium/fronton-pared-izquierda-20700-zumarraga-gipuzkoa-espana-2301_0.jpg", "area_m2": null, "osm_url": "https://www.openstreetmap.org/way/158440550", "edit_url": "https://www.openstreetmap.org/edit?way=158440550", "frontons_url": "https://www.frontons.net/fronton-pared-izquierda/20700-zumarraga-gipuzkoa-espana-2301.html", "estado": null}}, {"type": "Feature", "geometry": {"type": "Point", "coordinates": [-2.004674, 43.309424]}, "properties": {"sources": ["osm", "frontons"], "source": "osm+frontons", "confianza": "confirmado", "member_ids": ["osm/way/162020192", "frontons/2976"], "id": "osm/way/162020192", "region": "euskadi", "name": "Lizarriturri pilotalekua", "municipio": "Donostia", "tipo": "pared_izq", "cubierto": null, "direccion": "Aizkorri Kalea 96 España", "foto": "https://static.frontons.net/data/photos/medium/fronton-pared-izquierda-20018-donostia-gipuzkoa-espana-2976_0.jpg", "area_m2": null, "osm_url": "https://www.openstreetmap.org/way/162020192", "edit_url": "https://www.openstreetmap.org/edit?way=162020192", "frontons_url": "https://www.frontons.net/fronton-pared-izquierda/20018-donostia-gipuzkoa-espana-2976.html", "estado": null}}, {"type": "Feature", "geometry": {"type": "Point", "coordinates": [-1.935068, 43.317252]}, "properties": {"sources": ["osm", "frontons"], "source": "osm+frontons", "confianza": "confirmado", "member_ids": ["osm/way/164645847", "frontons/3068"], "id": "osm/way/164645847", "region": "euskadi", "name": null, "municipio": "Donostia / San Sebastián", "tipo": "pared_izq", "cubierto": null, "direccion": "Harrobieta Kalea España", "foto": "https://static.frontons.net/data/photos/medium/fronton-pared-izquierda-parque-20017-donostia-gipuzkoa-espana-3068_0.jpg", "area_m2": null, "osm_url": "https://www.openstreetmap.org/way/164645847", "edit_url": "https://www.openstreetmap.org/edit?way=164645847", "frontons_url": "https://www.frontons.net/fronton-pared-izquierda/parque-20017-donostia-gipuzkoa-espana-3068.html", "estado": null}}, {"type": "Feature", "geometry": {"type": "Point", "coordinates": [-2.017888, 43.266686]}, "properties": {"sources": ["osm"], "source": "osm", "confianza": "por_verificar", "member_ids": ["osm/way/167644622"], "id": "osm/way/167644622", "region": "euskadi", "name": null, "municipio": "Lasarte-Oria", "tipo": null, "cubierto": null, "direccion": null, "foto": null, "area_m2": null, "osm_url": "https://www.openstreetmap.org/way/167644622", "edit_url": "https://www.openstreetmap.org/edit?way=167644622", "estado": null}}, {"type": "Feature", "geometry": {"type": "Point", "coordinates": [-2.014116, 43.288011]}, "properties": {"sources": ["osm"], "source": "osm", "confianza": "por_verificar", "member_ids": ["osm/way/168491994"], "id": "osm/way/168491994", "region": "euskadi", "name": "Pilotalekua", "municipio": "Donostia / San Sebastián", "tipo": null, "cubierto": null, "direccion": null, "foto": null, "area_m2": null, "osm_url": "https://www.openstreetmap.org/way/168491994", "edit_url": "https://www.openstreetmap.org/edit?way=168491994", "estado": null}}, {"type": "Feature", "geometry": {"type": "Point", "coordinates": [-2.01441, 43.299912]}, "properties": {"sources": ["osm"], "source": "osm", "confianza": "por_verificar", "member_ids": ["osm/way/169272144"], "id": "osm/way/169272144", "region": "euskadi", "name": "Trinkete Ibaeta", "municipio": "Donostia / San Sebastián", "tipo": null, "cubierto": null, "direccion": null, "foto": null, "area_m2": null, "osm_url": "https://www.openstreetmap.org/way/169272144", "edit_url": "https://www.openstreetmap.org/edit?way=169272144", "estado": null}}, {"type": "Feature", "geometry": {"type": "Point", "coordinates": [-2.987962, 43.324632]}, "properties": {"sources": ["osm", "frontons"], "source": "osm+frontons", "confianza": "confirmado", "member_ids": ["osm/way/171964093", "frontons/2948", "frontons/2932"], "id": "osm/way/171964093", "region": "euskadi", "name": "Sakoneta kiroldegia", "municipio": "Leioa", "tipo": "pared_izq", "cubierto": null, "direccion": "85 España", "foto": "https://static.frontons.net/data/photos/medium/fronton-pared-izquierda-av-sabino-arana-etorbidea-48940-lejona-vizcaya-espana-2948_0.jpg", "area_m2": null, "osm_url": "https://www.openstreetmap.org/way/171964093", "edit_url": "https://www.openstreetmap.org/edit?way=171964093", "frontons_url": "https://www.frontons.net/fronton-pared-izquierda/av-sabino-arana-etorbidea-48940-lejona-vizcaya-espana-2948.html", "estado": null}}, {"type": "Feature", "geometry": {"type": "Point", "coordinates": [-3.439153, 43.220219]}, "properties": {"sources": ["osm", "frontons"], "source": "osm+frontons", "confianza": "confirmado", "member_ids": ["osm/way/178491156", "frontons/2777"], "id": "osm/way/178491156", "region": "euskadi", "name": "Frontón", "municipio": "Lanestosa", "tipo": "pared_izq", "cubierto": null, "direccion": "Kalea Manuela Sainz de Rozas 1002 España", "foto": "https://static.frontons.net/data/photos/medium/fronton-pared-izquierda-48895-lanestosa-bizkaia-espana-2777_0.jpg", "area_m2": null, "osm_url": "https://www.openstreetmap.org/way/178491156", "edit_url": "https://www.openstreetmap.org/edit?way=178491156", "frontons_url": "https://www.frontons.net/fronton-pared-izquierda/48895-lanestosa-bizkaia-espana-2777.html", "estado": null}}, {"type": "Feature", "geometry": {"type": "Point", "coordinates": [-2.77881, 43.164117]}, "properties": {"sources": ["osm", "frontons"], "source": "osm+frontons", "confianza": "confirmado", "member_ids": ["osm/way/179544551", "frontons/2250"], "id": "osm/way/179544551", "region": "euskadi", "name": null, "municipio": "Igorre", "tipo": "pared_izq", "cubierto": null, "direccion": "Elexalde Kalea 1 España", "foto": "https://static.frontons.net/data/photos/medium/fronton-pared-izquierda-48140-igorre-bizkaia-espana-2250_0.jpg", "area_m2": null, "osm_url": "https://www.openstreetmap.org/way/179544551", "edit_url": "https://www.openstreetmap.org/edit?way=179544551", "frontons_url": "https://www.frontons.net/fronton-pared-izquierda/48140-igorre-bizkaia-espana-2250.html", "estado": null}}, {"type": "Feature", "geometry": {"type": "Point", "coordinates": [-1.788062, 43.324768]}, "properties": {"sources": ["osm"], "source": "osm", "confianza": "por_verificar", "member_ids": ["osm/way/181152292"], "id": "osm/way/181152292", "region": "euskadi", "name": "Trinkete Borda", "municipio": "Irun", "tipo": null, "cubierto": null, "direccion": null, "foto": null, "area_m2": null, "osm_url": "https://www.openstreetmap.org/way/181152292", "edit_url": "https://www.openstreetmap.org/edit?way=181152292", "estado": null}}, {"type": "Feature", "geometry": {"type": "Point", "coordinates": [-2.439585, 43.214101]}, "properties": {"sources": ["osm"], "source": "osm", "confianza": "por_verificar", "member_ids": ["osm/way/183289409"], "id": "osm/way/183289409", "region": "euskadi", "name": null, "municipio": "Elgoibar", "tipo": null, "cubierto": null, "direccion": null, "foto": null, "area_m2": null, "osm_url": "https://www.openstreetmap.org/way/183289409", "edit_url": "https://www.openstreetmap.org/edit?way=183289409", "estado": null}}, {"type": "Feature", "geometry": {"type": "Point", "coordinates": [-2.892623, 43.24631]}, "properties": {"sources": ["osm", "frontons"], "source": "osm+frontons", "confianza": "confirmado", "member_ids": ["osm/way/183753033", "frontons/2222"], "id": "osm/way/183753033", "region": "euskadi", "name": "Etxebarriko udal frontoia", "municipio": "Doneztebe", "tipo": "pared_izq", "cubierto": null, "direccion": "Amézola Kalea 4 España", "foto": "https://static.frontons.net/data/photos/medium/fronton-pared-izquierda-48450-doneztebe-bizkaia-espana-2222_0.jpg", "area_m2": null, "osm_url": "https://www.openstreetmap.org/way/183753033", "edit_url": "https://www.openstreetmap.org/edit?way=183753033", "frontons_url": "https://www.frontons.net/fronton-pared-izquierda/48450-doneztebe-bizkaia-espana-2222.html", "estado": null}}, {"type": "Feature", "geometry": {"type": "Point", "coordinates": [-1.985186, 43.313955]}, "properties": {"sources": ["osm", "frontons"], "source": "osm+frontons", "confianza": "confirmado", "member_ids": ["osm/way/183779445", "frontons/2998", "frontons/2990", "frontons/3104"], "id": "osm/way/183779445", "region": "euskadi", "name": null, "municipio": "Donostia", "tipo": "pared_izq", "cubierto": true, "direccion": "Kalea Amara 904 España", "foto": "https://static.frontons.net/data/photos/medium/fronton-pared-izquierda-20006-donostia-gipuzkoa-espana-2998_0.jpg", "area_m2": null, "osm_url": "https://www.openstreetmap.org/way/183779445", "edit_url": "https://www.openstreetmap.org/edit?way=183779445", "frontons_url": "https://www.frontons.net/fronton-pared-izquierda/20006-donostia-gipuzkoa-espana-2998.html", "estado": null}}, {"type": "Feature", "geometry": {"type": "Point", "coordinates": [-1.762423, 43.340204]}, "properties": {"sources": ["osm", "frontons"], "source": "osm+frontons", "confianza": "confirmado", "member_ids": ["osm/way/184607124", "osm/way/1009081638", "frontons/2941"], "id": "osm/way/184607124", "region": "euskadi", "name": null, "municipio": "Irun", "tipo": "pared_izq", "cubierto": null, "direccion": "Kalea Alcaldia de Sacas 14 España", "foto": "https://static.frontons.net/data/photos/medium/fronton-pared-izquierda-20305-irun-gipuzkoa-espana-2941_0.jpg", "area_m2": null, "osm_url": "https://www.openstreetmap.org/way/184607124", "edit_url": "https://www.openstreetmap.org/edit?way=184607124", "frontons_url": "https://www.frontons.net/fronton-pared-izquierda/20305-irun-gipuzkoa-espana-2941.html", "estado": null}}, {"type": "Feature", "geometry": {"type": "Point", "coordinates": [-2.58132, 43.173803]}, "properties": {"sources": ["osm", "frontons"], "source": "osm+frontons", "confianza": "confirmado", "member_ids": ["osm/way/184884517", "osm/way/1430040118", "frontons/2173", "frontons/2172"], "id": "osm/way/184884517", "region": "euskadi", "name": "Frontón descubierto", "municipio": "Berriz", "tipo": "pared_izq", "cubierto": null, "direccion": "Learreta-Markina Kalea 28 España", "foto": "https://static.frontons.net/data/photos/medium/fronton-pared-izquierda-48240-berriz-bizkaia-espana-2173_0.jpg", "area_m2": null, "osm_url": "https://www.openstreetmap.org/way/184884517", "edit_url": "https://www.openstreetmap.org/edit?way=184884517", "frontons_url": "https://www.frontons.net/fronton-pared-izquierda/48240-berriz-bizkaia-espana-2173.html", "estado": null}}, {"type": "Feature", "geometry": {"type": "Point", "coordinates": [-1.987661, 43.313873]}, "properties": {"sources": ["osm"], "source": "osm", "confianza": "por_verificar", "member_ids": ["osm/way/186668290"], "id": "osm/way/186668290", "region": "euskadi", "name": null, "municipio": "Donostia / San Sebastián", "tipo": null, "cubierto": null, "direccion": null, "foto": null, "area_m2": null, "osm_url": "https://www.openstreetmap.org/way/186668290", "edit_url": "https://www.openstreetmap.org/edit?way=186668290", "estado": null}}, {"type": "Feature", "geometry": {"type": "Point", "coordinates": [-1.997344, 43.307009]}, "properties": {"sources": ["osm", "frontons"], "source": "osm+frontons", "confianza": "confirmado", "member_ids": ["osm/way/187329315", "frontons/2984"], "id": "osm/way/187329315", "region": "euskadi", "name": null, "municipio": "Donostia", "tipo": "pared_izq", "cubierto": null, "direccion": "Doctor Marañon Ibilbidea 8 España", "foto": "https://static.frontons.net/data/photos/medium/fronton-pared-izquierda-20009-donostia-gipuzkoa-espana-2984_0.jpg", "area_m2": null, "osm_url": "https://www.openstreetmap.org/way/187329315", "edit_url": "https://www.openstreetmap.org/edit?way=187329315", "frontons_url": "https://www.frontons.net/fronton-pared-izquierda/20009-donostia-gipuzkoa-espana-2984.html", "estado": null}}, {"type": "Feature", "geometry": {"type": "Point", "coordinates": [-2.750919, 43.141914]}, "properties": {"sources": ["osm", "frontons"], "source": "osm+frontons", "confianza": "confirmado", "member_ids": ["osm/way/188025987", "frontons/2499"], "id": "osm/way/188025987", "region": "euskadi", "name": "Frontoia-Frontón", "municipio": "Ugarana", "tipo": "pared_izq", "cubierto": null, "direccion": "Telleri Kalea 27 España", "foto": "https://static.frontons.net/data/photos/medium/fronton-pared-izquierda-48141-ugarana-bizkaia-espana-2499_0.jpg", "area_m2": null, "osm_url": "https://www.openstreetmap.org/way/188025987", "edit_url": "https://www.openstreetmap.org/edit?way=188025987", "frontons_url": "https://www.frontons.net/fronton-pared-izquierda/48141-ugarana-bizkaia-espana-2499.html", "estado": null}}, {"type": "Feature", "geometry": {"type": "Point", "coordinates": [-2.782472, 43.132812]}, "properties": {"sources": ["osm", "frontons"], "source": "osm+frontons", "confianza": "confirmado", "member_ids": ["osm/way/188035344", "frontons/2238"], "id": "osm/way/188035344", "region": "euskadi", "name": "Pilotalekua", "municipio": "Gaztelu-Elexabeitia", "tipo": "pared_izq", "cubierto": null, "direccion": "Herriko Plaza 2 España", "foto": "https://static.frontons.net/data/photos/medium/fronton-pared-izquierda-48142-gaztelu-elexabeitia-bizkaia-espana-2238_0.jpg", "area_m2": null, "osm_url": "https://www.openstreetmap.org/way/188035344", "edit_url": "https://www.openstreetmap.org/edit?way=188035344", "frontons_url": "https://www.frontons.net/fronton-pared-izquierda/48142-gaztelu-elexabeitia-bizkaia-espana-2238.html", "estado": null}}, {"type": "Feature", "geometry": {"type": "Point", "coordinates": [-1.785569, 43.341053]}, "properties": {"sources": ["osm"], "source": "osm", "confianza": "por_verificar", "member_ids": ["osm/way/188126977"], "id": "osm/way/188126977", "region": "euskadi", "name": "Frontón Santiago", "municipio": "Irun", "tipo": null, "cubierto": null, "direccion": null, "foto": null, "area_m2": null, "osm_url": "https://www.openstreetmap.org/way/188126977", "edit_url": "https://www.openstreetmap.org/edit?way=188126977", "estado": null}}, {"type": "Feature", "geometry": {"type": "Point", "coordinates": [-1.819838, 43.33476]}, "properties": {"sources": ["osm"], "source": "osm", "confianza": "por_verificar", "member_ids": ["osm/way/188384576", "osm/way/188384581"], "id": "osm/way/188384576", "region": "euskadi", "name": null, "municipio": "Irun", "tipo": null, "cubierto": null, "direccion": null, "foto": null, "area_m2": null, "osm_url": "https://www.openstreetmap.org/way/188384576", "edit_url": "https://www.openstreetmap.org/edit?way=188384576", "estado": null}}, {"type": "Feature", "geometry": {"type": "Point", "coordinates": [-2.777998, 43.160459]}, "properties": {"sources": ["osm", "frontons"], "source": "osm+frontons", "confianza": "confirmado", "member_ids": ["osm/way/188480199", "frontons/2251"], "id": "osm/way/188480199", "region": "euskadi", "name": null, "municipio": "Igorre", "tipo": "pared_izq", "cubierto": null, "direccion": "Olabarri Auzoa 33 España", "foto": "https://static.frontons.net/data/photos/medium/fronton-pared-izquierda-48140-igorre-bizkaia-espana-2251_0.jpg", "area_m2": null, "osm_url": "https://www.openstreetmap.org/way/188480199", "edit_url": "https://www.openstreetmap.org/edit?way=188480199", "frontons_url": "https://www.frontons.net/fronton-pared-izquierda/48140-igorre-bizkaia-espana-2251.html", "estado": null}}, {"type": "Feature", "geometry": {"type": "Point", "coordinates": [-1.823567, 43.343995]}, "properties": {"sources": ["osm"], "source": "osm", "confianza": "por_verificar", "member_ids": ["osm/way/190645574"], "id": "osm/way/190645574", "region": "euskadi", "name": null, "municipio": "Hondarribia", "tipo": null, "cubierto": null, "direccion": null, "foto": null, "area_m2": null, "osm_url": "https://www.openstreetmap.org/way/190645574", "edit_url": "https://www.openstreetmap.org/edit?way=190645574", "estado": null}}, {"type": "Feature", "geometry": {"type": "Point", "coordinates": [-2.337337, 43.035896]}, "properties": {"sources": ["osm", "frontons"], "source": "osm+frontons", "confianza": "confirmado", "member_ids": ["osm/way/192260063", "frontons/2298"], "id": "osm/way/192260063", "region": "euskadi", "name": "Frontoia", "municipio": "Legazpi", "tipo": "pared_izq", "cubierto": null, "direccion": "Telleriarte Diseminado Barreiatua 12Y España", "foto": "https://static.frontons.net/data/photos/medium/fronton-pared-izquierda-20220-legazpi-gipuzkoa-espana-2298_0.jpg", "area_m2": null, "osm_url": "https://www.openstreetmap.org/way/192260063", "edit_url": "https://www.openstreetmap.org/edit?way=192260063", "frontons_url": "https://www.frontons.net/fronton-pared-izquierda/20220-legazpi-gipuzkoa-espana-2298.html", "estado": null}}, {"type": "Feature", "geometry": {"type": "Point", "coordinates": [-1.845182, 43.340594]}, "properties": {"sources": ["osm"], "source": "osm", "confianza": "por_verificar", "member_ids": ["osm/way/193160385"], "id": "osm/way/193160385", "region": "euskadi", "name": null, "municipio": "Hondarribia", "tipo": null, "cubierto": null, "direccion": null, "foto": null, "area_m2": null, "osm_url": "https://www.openstreetmap.org/way/193160385", "edit_url": "https://www.openstreetmap.org/edit?way=193160385", "estado": null}}, {"type": "Feature", "geometry": {"type": "Point", "coordinates": [-1.946828, 43.323062]}, "properties": {"sources": ["osm", "frontons"], "source": "osm+frontons", "confianza": "confirmado", "member_ids": ["osm/way/193412550", "frontons/3102", "frontons/3066"], "id": "osm/way/193412550", "region": "euskadi", "name": "Frontón de Bidebieta frontoia", "municipio": "Donostia", "tipo": "pared_izq", "cubierto": null, "direccion": "Alcalde J. Elosegi Hiribidea 279 España", "foto": "https://static.frontons.net/data/photos/medium/fronton-pared-izquierda-20015-donostia-gipuzkoa-espana-3102_0.jpg", "area_m2": null, "osm_url": "https://www.openstreetmap.org/way/193412550", "edit_url": "https://www.openstreetmap.org/edit?way=193412550", "frontons_url": "https://www.frontons.net/fronton-pared-izquierda/20015-donostia-gipuzkoa-espana-3102.html", "estado": null}}, {"type": "Feature", "geometry": {"type": "Point", "coordinates": [-2.758533, 43.399733]}, "properties": {"sources": ["osm"], "source": "osm", "confianza": "por_verificar", "member_ids": ["osm/way/194639157"], "id": "osm/way/194639157", "region": "euskadi", "name": "Mañuko frontoia", "municipio": "Bermeo", "tipo": null, "cubierto": null, "direccion": null, "foto": null, "area_m2": null, "osm_url": "https://www.openstreetmap.org/way/194639157", "edit_url": "https://www.openstreetmap.org/edit?way=194639157", "estado": null}}, {"type": "Feature", "geometry": {"type": "Point", "coordinates": [-2.767955, 43.161174]}, "properties": {"sources": ["osm"], "source": "osm", "confianza": "por_verificar", "member_ids": ["osm/way/194803837"], "id": "osm/way/194803837", "region": "euskadi", "name": null, "municipio": "Igorre", "tipo": null, "cubierto": null, "direccion": null, "foto": null, "area_m2": null, "osm_url": "https://www.openstreetmap.org/way/194803837", "edit_url": "https://www.openstreetmap.org/edit?way=194803837", "estado": null}}, {"type": "Feature", "geometry": {"type": "Point", "coordinates": [-2.749455, 43.097006]}, "properties": {"sources": ["osm", "frontons"], "source": "osm+frontons", "confianza": "confirmado", "member_ids": ["osm/way/195448227", "frontons/2194", "frontons/2213"], "id": "osm/way/195448227", "region": "euskadi", "name": "Frontoia", "municipio": "Plaza", "tipo": "pared_izq", "cubierto": null, "direccion": "Plazea Auzoa 11 España", "foto": "https://static.frontons.net/data/photos/medium/fronton-pared-izquierda-48144-plaza-bizkaia-espana-2194_0.jpg", "area_m2": null, "osm_url": "https://www.openstreetmap.org/way/195448227", "edit_url": "https://www.openstreetmap.org/edit?way=195448227", "frontons_url": "https://www.frontons.net/fronton-pared-izquierda/48144-plaza-bizkaia-espana-2194.html", "estado": null}}, {"type": "Feature", "geometry": {"type": "Point", "coordinates": [-1.776168, 43.323046]}, "properties": {"sources": ["osm"], "source": "osm", "confianza": "por_verificar", "member_ids": ["osm/way/196484578"], "id": "osm/way/196484578", "region": "euskadi", "name": null, "municipio": "Irun", "tipo": null, "cubierto": null, "direccion": null, "foto": null, "area_m2": null, "osm_url": "https://www.openstreetmap.org/way/196484578", "edit_url": "https://www.openstreetmap.org/edit?way=196484578", "estado": null}}, {"type": "Feature", "geometry": {"type": "Point", "coordinates": [-1.808691, 43.358013]}, "properties": {"sources": ["osm"], "source": "osm", "confianza": "por_verificar", "member_ids": ["osm/way/197434145"], "id": "osm/way/197434145", "region": "euskadi", "name": null, "municipio": "Hondarribia", "tipo": null, "cubierto": null, "direccion": null, "foto": null, "area_m2": null, "osm_url": "https://www.openstreetmap.org/way/197434145", "edit_url": "https://www.openstreetmap.org/edit?way=197434145", "estado": null}}, {"type": "Feature", "geometry": {"type": "Point", "coordinates": [-2.793373, 43.155766]}, "properties": {"sources": ["osm", "frontons"], "source": "osm+frontons", "confianza": "confirmado", "member_ids": ["osm/way/197768016", "frontons/2239"], "id": "osm/way/197768016", "region": "euskadi", "name": "Frontoia", "municipio": "Arantzazu", "tipo": "pared_izq", "cubierto": null, "direccion": "Barrio Oilakorbe 5 España", "foto": "https://static.frontons.net/data/photos/medium/fronton-pared-izquierda-48140-arantzazu-bizkaia-espana-2239_0.jpg", "area_m2": null, "osm_url": "https://www.openstreetmap.org/way/197768016", "edit_url": "https://www.openstreetmap.org/edit?way=197768016", "frontons_url": "https://www.frontons.net/fronton-pared-izquierda/48140-arantzazu-bizkaia-espana-2239.html", "estado": null}}, {"type": "Feature", "geometry": {"type": "Point", "coordinates": [-1.990836, 43.294128]}, "properties": {"sources": ["osm", "frontons"], "source": "osm+frontons", "confianza": "confirmado", "member_ids": ["osm/way/198384185", "frontons/2071"], "id": "osm/way/198384185", "region": "euskadi", "name": "Frontón", "municipio": "Donostia", "tipo": "pared_izq", "cubierto": null, "direccion": "Pakea Plaza 16-18 España", "foto": "https://static.frontons.net/data/photos/medium/fronton-pared-izquierda-20009-donostia-gipuzkoa-espana-2071_0.jpg", "area_m2": null, "osm_url": "https://www.openstreetmap.org/way/198384185", "edit_url": "https://www.openstreetmap.org/edit?way=198384185", "frontons_url": "https://www.frontons.net/fronton-pared-izquierda/20009-donostia-gipuzkoa-espana-2071.html", "estado": null}}, {"type": "Feature", "geometry": {"type": "Point", "coordinates": [-1.85064, 43.281877]}, "properties": {"sources": ["osm", "frontons"], "source": "osm+frontons", "confianza": "confirmado", "member_ids": ["osm/way/199365084", "frontons/2856"], "id": "osm/way/199365084", "region": "euskadi", "name": "Artaso pilotalekua", "municipio": "Elizalde", "tipo": "pared_izq", "cubierto": null, "direccion": "Oieleku Bidea 2 España", "foto": "https://static.frontons.net/data/photos/medium/fronton-pared-izquierda-20180-gipuzkoa-espana-2856_0.jpg", "area_m2": null, "osm_url": "https://www.openstreetmap.org/way/199365084", "edit_url": "https://www.openstreetmap.org/edit?way=199365084", "frontons_url": "https://www.frontons.net/fronton-pared-izquierda/20180-gipuzkoa-espana-2856.html", "estado": null}}, {"type": "Feature", "geometry": {"type": "Point", "coordinates": [-1.843811, 43.309947]}, "properties": {"sources": ["osm", "frontons"], "source": "osm+frontons", "confianza": "confirmado", "member_ids": ["osm/way/200958699", "frontons/2850"], "id": "osm/way/200958699", "region": "euskadi", "name": "Gurutzeko Frontoia", "municipio": "Gurutze", "tipo": "plaza_libre", "cubierto": null, "direccion": "Bizardia Plaza 2 España", "foto": "https://static.frontons.net/data/photos/medium/fronton-plaza-libre-20180-gurutze-gipuzkoa-espana-2850_0.jpg", "area_m2": null, "osm_url": "https://www.openstreetmap.org/way/200958699", "edit_url": "https://www.openstreetmap.org/edit?way=200958699", "frontons_url": "https://www.frontons.net/fronton-plaza-libre/20180-gurutze-gipuzkoa-espana-2850.html", "estado": null}}, {"type": "Feature", "geometry": {"type": "Point", "coordinates": [-1.978994, 43.299646]}, "properties": {"sources": ["osm", "frontons"], "source": "osm+frontons", "confianza": "confirmado", "member_ids": ["osm/way/201175262", "frontons/2995", "frontons/2999"], "id": "osm/way/201175262", "region": "euskadi", "name": null, "municipio": "Donostia", "tipo": "pared_izq", "cubierto": null, "direccion": "San Juan de Dios Bidea 12 España", "foto": "https://static.frontons.net/data/photos/medium/fronton-pared-izquierda-20009-donostia-gipuzkoa-espana-2995_0.jpg", "area_m2": null, "osm_url": "https://www.openstreetmap.org/way/201175262", "edit_url": "https://www.openstreetmap.org/edit?way=201175262", "frontons_url": "https://www.frontons.net/fronton-pared-izquierda/20009-donostia-gipuzkoa-espana-2995.html", "estado": null}}, {"type": "Feature", "geometry": {"type": "Point", "coordinates": [-2.006771, 43.302859]}, "properties": {"sources": ["osm", "frontons"], "source": "osm+frontons", "confianza": "confirmado", "member_ids": ["osm/way/201429746", "frontons/2977"], "id": "osm/way/201429746", "region": "euskadi", "name": "Lautximeneta pilotalekua", "municipio": "San Sebastián", "tipo": "pared_izq", "cubierto": true, "direccion": "Plaza Karlos tamaría 7 España", "foto": "https://static.frontons.net/data/photos/medium/fronton-pared-izquierda-20018-san-sebastian-guipuzcoa-espana-2977_0.jpg", "area_m2": null, "osm_url": "https://www.openstreetmap.org/way/201429746", "edit_url": "https://www.openstreetmap.org/edit?way=201429746", "frontons_url": "https://www.frontons.net/fronton-pared-izquierda/20018-san-sebastian-guipuzcoa-espana-2977.html", "estado": null}}, {"type": "Feature", "geometry": {"type": "Point", "coordinates": [-1.809592, 43.372855]}, "properties": {"sources": ["osm", "frontons"], "source": "osm+frontons", "confianza": "confirmado", "member_ids": ["osm/way/201467052", "frontons/2742"], "id": "osm/way/201467052", "region": "euskadi", "name": null, "municipio": "Fuenterrabía", "tipo": "pared_izq", "cubierto": null, "direccion": "Barrio Gornutz-Montaña 13 España", "foto": "https://static.frontons.net/data/photos/medium/fronton-pared-izquierda-20280-fuenterrabia-guipuzcoa-espana-2742_0.jpg", "area_m2": null, "osm_url": "https://www.openstreetmap.org/way/201467052", "edit_url": "https://www.openstreetmap.org/edit?way=201467052", "frontons_url": "https://www.frontons.net/fronton-pared-izquierda/20280-fuenterrabia-guipuzcoa-espana-2742.html", "estado": null}}, {"type": "Feature", "geometry": {"type": "Point", "coordinates": [-2.975818, 43.382231]}, "properties": {"sources": ["osm", "frontons"], "source": "osm+frontons", "confianza": "confirmado", "member_ids": ["osm/way/203327282", "osm/way/1103946200", "frontons/2747"], "id": "osm/way/203327282", "region": "euskadi", "name": null, "municipio": "Sopela", "tipo": "pared_izq", "cubierto": null, "direccion": "Bidea Larrondogane 1A España", "foto": "https://static.frontons.net/data/photos/medium/fronton-pared-izquierda-48600-sopela-bizkaia-espana-2747_0.jpg", "area_m2": null, "osm_url": "https://www.openstreetmap.org/way/203327282", "edit_url": "https://www.openstreetmap.org/edit?way=203327282", "frontons_url": "https://www.frontons.net/fronton-pared-izquierda/48600-sopela-bizkaia-espana-2747.html", "estado": null}}, {"type": "Feature", "geometry": {"type": "Point", "coordinates": [-2.351273, 43.295613]}, "properties": {"sources": ["osm", "frontons"], "source": "osm+frontons", "confianza": "confirmado", "member_ids": ["osm/way/204089662", "frontons/2567"], "id": "osm/way/204089662", "region": "euskadi", "name": null, "municipio": "Deba", "tipo": "pared_izq", "cubierto": null, "direccion": "Kalea Itsasbegi 4W España", "foto": "https://static.frontons.net/data/photos/medium/fronton-pared-izquierda-20820-deba-gipuzkoa-espana-2567_0.jpg", "area_m2": null, "osm_url": "https://www.openstreetmap.org/way/204089662", "edit_url": "https://www.openstreetmap.org/edit?way=204089662", "frontons_url": "https://www.frontons.net/fronton-pared-izquierda/20820-deba-gipuzkoa-espana-2567.html", "estado": null}}, {"type": "Feature", "geometry": {"type": "Point", "coordinates": [-1.875918, 43.273214]}, "properties": {"sources": ["osm"], "source": "osm", "confianza": "por_verificar", "member_ids": ["osm/way/204277119"], "id": "osm/way/204277119", "region": "euskadi", "name": null, "municipio": "Errenteria", "tipo": null, "cubierto": null, "direccion": null, "foto": null, "area_m2": null, "osm_url": "https://www.openstreetmap.org/way/204277119", "edit_url": "https://www.openstreetmap.org/edit?way=204277119", "estado": null}}, {"type": "Feature", "geometry": {"type": "Point", "coordinates": [-2.353182, 43.293655]}, "properties": {"sources": ["osm", "frontons"], "source": "osm+frontons", "confianza": "confirmado", "member_ids": ["osm/way/204561005", "frontons/1465", "frontons/2565"], "id": "osm/way/204561005", "region": "euskadi", "name": "Debako pilotalekua", "municipio": "Deba", "tipo": "pared_izq", "cubierto": null, "direccion": "Gurutze Kalea 7 España", "foto": "https://static.frontons.net/data/photos/medium/fronton-pared-izquierda-20820-deba-gipuzkoa-espana-1465_0.jpg", "area_m2": null, "osm_url": "https://www.openstreetmap.org/way/204561005", "edit_url": "https://www.openstreetmap.org/edit?way=204561005", "frontons_url": "https://www.frontons.net/fronton-pared-izquierda/20820-deba-gipuzkoa-espana-1465.html", "estado": null}}, {"type": "Feature", "geometry": {"type": "Point", "coordinates": [-1.841975, 43.291091]}, "properties": {"sources": ["osm"], "source": "osm", "confianza": "por_verificar", "member_ids": ["osm/way/204573106"], "id": "osm/way/204573106", "region": "euskadi", "name": null, "municipio": "Elizalde", "tipo": null, "cubierto": null, "direccion": null, "foto": null, "area_m2": null, "osm_url": "https://www.openstreetmap.org/way/204573106", "edit_url": "https://www.openstreetmap.org/edit?way=204573106", "estado": null}}, {"type": "Feature", "geometry": {"type": "Point", "coordinates": [-1.863533, 43.319562]}, "properties": {"sources": ["osm"], "source": "osm", "confianza": "por_verificar", "member_ids": ["osm/way/205241158"], "id": "osm/way/205241158", "region": "euskadi", "name": null, "municipio": "Elizalde", "tipo": null, "cubierto": null, "direccion": null, "foto": null, "area_m2": null, "osm_url": "https://www.openstreetmap.org/way/205241158", "edit_url": "https://www.openstreetmap.org/edit?way=205241158", "estado": null}}, {"type": "Feature", "geometry": {"type": "Point", "coordinates": [-2.940609, 43.272162]}, "properties": {"sources": ["osm", "frontons"], "source": "osm+frontons", "confianza": "confirmado", "member_ids": ["osm/way/205359440", "frontons/3063"], "id": "osm/way/205359440", "region": "euskadi", "name": null, "municipio": "Bilbo", "tipo": "pared_izq", "cubierto": null, "direccion": "Ugasko Bidea 5 España", "foto": "https://static.frontons.net/data/photos/medium/fronton-pared-izquierda-48014-bilbo-bizkaia-espana-3063_0.jpg", "area_m2": null, "osm_url": "https://www.openstreetmap.org/way/205359440", "edit_url": "https://www.openstreetmap.org/edit?way=205359440", "frontons_url": "https://www.frontons.net/fronton-pared-izquierda/48014-bilbo-bizkaia-espana-3063.html", "estado": null}}, {"type": "Feature", "geometry": {"type": "Point", "coordinates": [-1.986318, 43.324277]}, "properties": {"sources": ["osm", "frontons"], "source": "osm+frontons", "confianza": "confirmado", "member_ids": ["osm/way/205939793", "frontons/2084"], "id": "osm/way/205939793", "region": "euskadi", "name": "Trinitatearen frontoia", "municipio": "Donostia", "tipo": "pared_izq", "cubierto": null, "direccion": "De la Trinidad Plaza 3 España", "foto": "https://static.frontons.net/data/photos/medium/fronton-pared-izquierda-20003-donostia-gipuzkoa-espana-2084_0.jpg", "area_m2": null, "osm_url": "https://www.openstreetmap.org/way/205939793", "edit_url": "https://www.openstreetmap.org/edit?way=205939793", "frontons_url": "https://www.frontons.net/fronton-pared-izquierda/20003-donostia-gipuzkoa-espana-2084.html", "estado": null}}, {"type": "Feature", "geometry": {"type": "Point", "coordinates": [-1.859616, 43.335996]}, "properties": {"sources": ["osm"], "source": "osm", "confianza": "por_verificar", "member_ids": ["osm/way/206422327"], "id": "osm/way/206422327", "region": "euskadi", "name": null, "municipio": "Lezo", "tipo": null, "cubierto": null, "direccion": null, "foto": null, "area_m2": null, "osm_url": "https://www.openstreetmap.org/way/206422327", "edit_url": "https://www.openstreetmap.org/edit?way=206422327", "estado": null}}, {"type": "Feature", "geometry": {"type": "Point", "coordinates": [-2.317282, 42.889299]}, "properties": {"sources": ["osm", "frontons"], "source": "osm+frontons", "confianza": "confirmado", "member_ids": ["osm/way/208907823", "frontons/2465"], "id": "osm/way/208907823", "region": "euskadi", "name": "Iturbero", "municipio": "Araia", "tipo": "pared_izq", "cubierto": null, "direccion": "Iturbero Kalea 8 España", "foto": "https://static.frontons.net/data/photos/medium/fronton-pared-izquierda-01250-araia-araba-espana-2465_0.jpg", "area_m2": null, "osm_url": "https://www.openstreetmap.org/way/208907823", "edit_url": "https://www.openstreetmap.org/edit?way=208907823", "frontons_url": "https://www.frontons.net/fronton-pared-izquierda/01250-araia-araba-espana-2465.html", "estado": null}}, {"type": "Feature", "geometry": {"type": "Point", "coordinates": [-2.312367, 42.894905]}, "properties": {"sources": ["osm", "frontons"], "source": "osm+frontons", "confianza": "confirmado", "member_ids": ["osm/way/208923971", "frontons/2519"], "id": "osm/way/208923971", "region": "euskadi", "name": "Ola-Zar", "municipio": "Araia", "tipo": "pared_izq", "cubierto": null, "direccion": "Intuxi Kalea 50 España", "foto": "https://static.frontons.net/data/photos/medium/fronton-pared-izquierda-01250-araia-araba-espana-2519_0.jpg", "area_m2": null, "osm_url": "https://www.openstreetmap.org/way/208923971", "edit_url": "https://www.openstreetmap.org/edit?way=208923971", "frontons_url": "https://www.frontons.net/fronton-pared-izquierda/01250-araia-araba-espana-2519.html", "estado": null}}, {"type": "Feature", "geometry": {"type": "Point", "coordinates": [-2.313424, 42.887336]}, "properties": {"sources": ["osm", "frontons"], "source": "osm+frontons", "confianza": "confirmado", "member_ids": ["osm/way/208923973", "frontons/2818", "frontons/2819"], "id": "osm/way/208923973", "region": "euskadi", "name": null, "municipio": "Araia", "tipo": "pared_izq", "cubierto": null, "direccion": "Ilarduibide Kalea 2 España", "foto": "https://static.frontons.net/data/photos/medium/fronton-pared-izquierda-01250-araia-araba-espana-2818_0.jpg", "area_m2": null, "osm_url": "https://www.openstreetmap.org/way/208923973", "edit_url": "https://www.openstreetmap.org/edit?way=208923973", "frontons_url": "https://www.frontons.net/fronton-pared-izquierda/01250-araia-araba-espana-2818.html", "estado": null}}, {"type": "Feature", "geometry": {"type": "Point", "coordinates": [-1.838165, 43.288378]}, "properties": {"sources": ["osm"], "source": "osm", "confianza": "por_verificar", "member_ids": ["osm/way/210362443"], "id": "osm/way/210362443", "region": "euskadi", "name": null, "municipio": "Elizalde", "tipo": null, "cubierto": null, "direccion": null, "foto": null, "area_m2": null, "osm_url": "https://www.openstreetmap.org/way/210362443", "edit_url": "https://www.openstreetmap.org/edit?way=210362443", "estado": null}}, {"type": "Feature", "geometry": {"type": "Point", "coordinates": [-1.914376, 43.32349]}, "properties": {"sources": ["osm", "frontons"], "source": "osm+frontons", "confianza": "confirmado", "member_ids": ["osm/way/210623731", "frontons/2949"], "id": "osm/way/210623731", "region": "euskadi", "name": "Lizarazu", "municipio": "Pasai Donibane", "tipo": "pared_izq", "cubierto": null, "direccion": "Juan XXIII Kalea 2 España", "foto": "https://static.frontons.net/data/photos/medium/fronton-pared-izquierda-20110-pasai-donibane-gipuzkoa-espana-2949_0.jpg", "area_m2": null, "osm_url": "https://www.openstreetmap.org/way/210623731", "edit_url": "https://www.openstreetmap.org/edit?way=210623731", "frontons_url": "https://www.frontons.net/fronton-pared-izquierda/20110-pasai-donibane-gipuzkoa-espana-2949.html", "estado": null}}, {"type": "Feature", "geometry": {"type": "Point", "coordinates": [-1.857335, 43.291708]}, "properties": {"sources": ["osm", "frontons"], "source": "osm+frontons", "confianza": "confirmado", "member_ids": ["osm/way/210641605", "frontons/5114"], "id": "osm/way/210641605", "region": "euskadi", "name": null, "municipio": "Altzibar-Karrika", "tipo": "pared_izq", "cubierto": null, "direccion": "Zelaia Etxadia 3 España", "foto": "https://static.frontons.net/data/photos/medium/fronton-pared-izquierda-20180-altzibar-karrika-gipuzkoa-espana-5114_0.jpg", "area_m2": null, "osm_url": "https://www.openstreetmap.org/way/210641605", "edit_url": "https://www.openstreetmap.org/edit?way=210641605", "frontons_url": "https://www.frontons.net/fronton-pared-izquierda/20180-altzibar-karrika-gipuzkoa-espana-5114.html", "estado": null}}, {"type": "Feature", "geometry": {"type": "Point", "coordinates": [-1.861635, 43.29188]}, "properties": {"sources": ["osm"], "source": "osm", "confianza": "por_verificar", "member_ids": ["osm/way/210831065"], "id": "osm/way/210831065", "region": "euskadi", "name": null, "municipio": "Elizalde", "tipo": null, "cubierto": null, "direccion": null, "foto": null, "area_m2": null, "osm_url": "https://www.openstreetmap.org/way/210831065", "edit_url": "https://www.openstreetmap.org/edit?way=210831065", "estado": null}}, {"type": "Feature", "geometry": {"type": "Point", "coordinates": [-1.865587, 43.2924]}, "properties": {"sources": ["osm"], "source": "osm", "confianza": "por_verificar", "member_ids": ["osm/way/211017848"], "id": "osm/way/211017848", "region": "euskadi", "name": null, "municipio": "Elizalde", "tipo": null, "cubierto": null, "direccion": null, "foto": null, "area_m2": null, "osm_url": "https://www.openstreetmap.org/way/211017848", "edit_url": "https://www.openstreetmap.org/edit?way=211017848", "estado": null}}, {"type": "Feature", "geometry": {"type": "Point", "coordinates": [-1.866895, 43.289284]}, "properties": {"sources": ["osm"], "source": "osm", "confianza": "por_verificar", "member_ids": ["osm/way/211168880", "osm/way/241828837"], "id": "osm/way/211168880", "region": "euskadi", "name": null, "municipio": "Elizalde", "tipo": null, "cubierto": null, "direccion": null, "foto": null, "area_m2": null, "osm_url": "https://www.openstreetmap.org/way/211168880", "edit_url": "https://www.openstreetmap.org/edit?way=211168880", "estado": null}}, {"type": "Feature", "geometry": {"type": "Point", "coordinates": [-2.023299, 43.202534]}, "properties": {"sources": ["osm", "frontons"], "source": "osm+frontons", "confianza": "confirmado", "member_ids": ["osm/way/211762513", "frontons/2893"], "id": "osm/way/211762513", "region": "euskadi", "name": null, "municipio": "Andoain", "tipo": "pared_izq", "cubierto": true, "direccion": "Goiburu Auzoa 331C España", "foto": "https://static.frontons.net/data/photos/medium/fronton-pared-izquierda-20140-andoain-gipuzkoa-espana-2893_0.jpg", "area_m2": null, "osm_url": "https://www.openstreetmap.org/way/211762513", "edit_url": "https://www.openstreetmap.org/edit?way=211762513", "frontons_url": "https://www.frontons.net/fronton-pared-izquierda/20140-andoain-gipuzkoa-espana-2893.html", "estado": null}}, {"type": "Feature", "geometry": {"type": "Point", "coordinates": [-1.855455, 43.302323]}, "properties": {"sources": ["osm"], "source": "osm", "confianza": "por_verificar", "member_ids": ["osm/way/212453556"], "id": "osm/way/212453556", "region": "euskadi", "name": null, "municipio": "Elizalde", "tipo": null, "cubierto": null, "direccion": null, "foto": null, "area_m2": null, "osm_url": "https://www.openstreetmap.org/way/212453556", "edit_url": "https://www.openstreetmap.org/edit?way=212453556", "estado": null}}, {"type": "Feature", "geometry": {"type": "Point", "coordinates": [-1.868343, 43.300225]}, "properties": {"sources": ["osm"], "source": "osm", "confianza": "por_verificar", "member_ids": ["osm/way/214138724"], "id": "osm/way/214138724", "region": "euskadi", "name": null, "municipio": "Elizalde", "tipo": null, "cubierto": null, "direccion": null, "foto": null, "area_m2": null, "osm_url": "https://www.openstreetmap.org/way/214138724", "edit_url": "https://www.openstreetmap.org/edit?way=214138724", "estado": null}}, {"type": "Feature", "geometry": {"type": "Point", "coordinates": [-1.874284, 43.303252]}, "properties": {"sources": ["osm"], "source": "osm", "confianza": "por_verificar", "member_ids": ["osm/way/214765047"], "id": "osm/way/214765047", "region": "euskadi", "name": null, "municipio": "Elizalde", "tipo": null, "cubierto": null, "direccion": null, "foto": null, "area_m2": null, "osm_url": "https://www.openstreetmap.org/way/214765047", "edit_url": "https://www.openstreetmap.org/edit?way=214765047", "estado": null}}, {"type": "Feature", "geometry": {"type": "Point", "coordinates": [-2.839118, 43.231043]}, "properties": {"sources": ["osm", "frontons"], "source": "osm+frontons", "confianza": "confirmado", "member_ids": ["osm/way/217382188", "frontons/2379"], "id": "osm/way/217382188", "region": "euskadi", "name": null, "municipio": "Galdakao", "tipo": "pared_izq", "cubierto": null, "direccion": "Zabalgane Plaza 9 España", "foto": "https://static.frontons.net/data/photos/medium/fronton-pared-izquierda-48960-galdakao-bizkaia-espana-2379_0.jpg", "area_m2": null, "osm_url": "https://www.openstreetmap.org/way/217382188", "edit_url": "https://www.openstreetmap.org/edit?way=217382188", "frontons_url": "https://www.frontons.net/fronton-pared-izquierda/48960-galdakao-bizkaia-espana-2379.html", "estado": null}}, {"type": "Feature", "geometry": {"type": "Point", "coordinates": [-1.924749, 43.223733]}, "properties": {"sources": ["osm", "frontons"], "source": "osm+frontons", "confianza": "confirmado", "member_ids": ["osm/way/219020261", "frontons/2931", "frontons/2516"], "id": "osm/way/219020261", "region": "euskadi", "name": null, "municipio": "Hernani", "tipo": "pared_izq", "cubierto": null, "direccion": "Pagoaga Bailara 20 España", "foto": "https://static.frontons.net/data/photos/medium/fronton-pared-izquierda-20128-hernani-gipuzkoa-espana-2931_0.jpg", "area_m2": null, "osm_url": "https://www.openstreetmap.org/way/219020261", "edit_url": "https://www.openstreetmap.org/edit?way=219020261", "frontons_url": "https://www.frontons.net/fronton-pared-izquierda/20128-hernani-gipuzkoa-espana-2931.html", "estado": null}}, {"type": "Feature", "geometry": {"type": "Point", "coordinates": [-2.914513, 43.267694]}, "properties": {"sources": ["osm", "frontons"], "source": "osm+frontons", "confianza": "confirmado", "member_ids": ["osm/way/224291326", "frontons/2500"], "id": "osm/way/224291326", "region": "euskadi", "name": null, "municipio": "Bilbao", "tipo": "pared_izq", "cubierto": null, "direccion": "Lezamako Trenbide Zaharreko Bidea 68B España", "foto": "https://static.frontons.net/data/photos/medium/fronton-pared-izquierda-48007-bizkaia-espana-2500_0.jpg", "area_m2": null, "osm_url": "https://www.openstreetmap.org/way/224291326", "edit_url": "https://www.openstreetmap.org/edit?way=224291326", "frontons_url": "https://www.frontons.net/fronton-pared-izquierda/48007-bizkaia-espana-2500.html", "estado": null}}, {"type": "Feature", "geometry": {"type": "Point", "coordinates": [-2.032987, 43.271184]}, "properties": {"sources": ["osm", "frontons"], "source": "osm+frontons", "confianza": "confirmado", "member_ids": ["osm/way/224962163", "osm/way/224962312", "frontons/2839", "frontons/1991"], "id": "osm/way/224962163", "region": "euskadi", "name": "Zubietako pilotalekua", "municipio": "Donostia", "tipo": "pared_izq", "cubierto": null, "direccion": "Herriko Plaza 4 España", "foto": "https://static.frontons.net/data/photos/medium/fronton-pared-izquierda-20170-donostia-gipuzkoa-espana-2839_0.jpg", "area_m2": null, "osm_url": "https://www.openstreetmap.org/way/224962163", "edit_url": "https://www.openstreetmap.org/edit?way=224962163", "frontons_url": "https://www.frontons.net/fronton-pared-izquierda/20170-donostia-gipuzkoa-espana-2839.html", "estado": null}}, {"type": "Feature", "geometry": {"type": "Point", "coordinates": [-2.022821, 43.222266]}, "properties": {"sources": ["osm", "frontons"], "source": "osm+frontons", "confianza": "confirmado", "member_ids": ["osm/way/225784789", "frontons/2896"], "id": "osm/way/225784789", "region": "euskadi", "name": null, "municipio": "Andoain", "tipo": "pared_izq", "cubierto": null, "direccion": "Bazkardo Plaza España", "foto": "https://static.frontons.net/data/photos/medium/fronton-pared-izquierda-20140-andoain-gipuzkoa-espana-2896_0.jpg", "area_m2": null, "osm_url": "https://www.openstreetmap.org/way/225784789", "edit_url": "https://www.openstreetmap.org/edit?way=225784789", "frontons_url": "https://www.frontons.net/fronton-pared-izquierda/20140-andoain-gipuzkoa-espana-2896.html", "estado": null}}, {"type": "Feature", "geometry": {"type": "Point", "coordinates": [-2.27023, 43.277501]}, "properties": {"sources": ["osm"], "source": "osm", "confianza": "por_verificar", "member_ids": ["osm/way/230898021"], "id": "osm/way/230898021", "region": "euskadi", "name": "Frontoia", "municipio": "Zestoa", "tipo": null, "cubierto": null, "direccion": null, "foto": null, "area_m2": null, "osm_url": "https://www.openstreetmap.org/way/230898021", "edit_url": "https://www.openstreetmap.org/edit?way=230898021", "estado": null}}, {"type": "Feature", "geometry": {"type": "Point", "coordinates": [-2.946865, 43.252496]}, "properties": {"sources": ["osm", "frontons"], "source": "osm+frontons", "confianza": "confirmado", "member_ids": ["osm/way/236125706", "frontons/2092"], "id": "osm/way/236125706", "region": "euskadi", "name": null, "municipio": "Bilbao", "tipo": "pared_izq", "cubierto": true, "direccion": "Autovía del Cantábrico España", "foto": "https://static.frontons.net/data/photos/medium/fronton-pared-izquierda-48002-bilbao-bizkaia-espana-2092_0.jpg", "area_m2": null, "osm_url": "https://www.openstreetmap.org/way/236125706", "edit_url": "https://www.openstreetmap.org/edit?way=236125706", "frontons_url": "https://www.frontons.net/fronton-pared-izquierda/48002-bilbao-bizkaia-espana-2092.html", "estado": null}}, {"type": "Feature", "geometry": {"type": "Point", "coordinates": [-2.678575, 42.877292]}, "properties": {"sources": ["osm", "frontons"], "source": "osm+frontons", "confianza": "confirmado", "member_ids": ["osm/way/236867509", "frontons/3012", "frontons/3014", "frontons/3002", "frontons/3013"], "id": "osm/way/236867509", "region": "euskadi", "name": null, "municipio": "Vitoria-Gasteiz", "tipo": "pared_izq", "cubierto": null, "direccion": "Mayor de Abechuco Plaza 14 España", "foto": "https://static.frontons.net/data/photos/medium/fronton-pared-izquierda-01013-vitoria-gasteiz-araba-espana-3012_0.jpg", "area_m2": null, "osm_url": "https://www.openstreetmap.org/way/236867509", "edit_url": "https://www.openstreetmap.org/edit?way=236867509", "frontons_url": "https://www.frontons.net/fronton-pared-izquierda/01013-vitoria-gasteiz-araba-espana-3012.html", "estado": null}}, {"type": "Feature", "geometry": {"type": "Point", "coordinates": [-2.69456, 42.855215]}, "properties": {"sources": ["osm", "frontons"], "source": "osm+frontons", "confianza": "confirmado", "member_ids": ["osm/way/236881181", "frontons/3153", "frontons/3154"], "id": "osm/way/236881181", "region": "euskadi", "name": null, "municipio": "Vitoria-Gasteiz", "tipo": "pared_izq", "cubierto": null, "direccion": "2 España", "foto": "https://static.frontons.net/data/photos/medium/fronton-pared-izquierda-ramon-rubial-kalea-01010-vitoria-gasteiz-araba-espana-3153_0.jpg", "area_m2": null, "osm_url": "https://www.openstreetmap.org/way/236881181", "edit_url": "https://www.openstreetmap.org/edit?way=236881181", "frontons_url": "https://www.frontons.net/fronton-pared-izquierda/ramon-rubial-kalea-01010-vitoria-gasteiz-araba-espana-3153.html", "estado": null}}, {"type": "Feature", "geometry": {"type": "Point", "coordinates": [-2.684258, 42.847942]}, "properties": {"sources": ["osm"], "source": "osm", "confianza": "por_verificar", "member_ids": ["osm/way/236991855"], "id": "osm/way/236991855", "region": "euskadi", "name": null, "municipio": "Vitoria-Gasteiz", "tipo": null, "cubierto": null, "direccion": null, "foto": null, "area_m2": null, "osm_url": "https://www.openstreetmap.org/way/236991855", "edit_url": "https://www.openstreetmap.org/edit?way=236991855", "estado": null}}, {"type": "Feature", "geometry": {"type": "Point", "coordinates": [-2.650083, 42.834743]}, "properties": {"sources": ["osm", "frontons"], "source": "osm+frontons", "confianza": "confirmado", "member_ids": ["osm/way/239342618", "frontons/3151"], "id": "osm/way/239342618", "region": "euskadi", "name": "Errekaleorreko frontoia", "municipio": "Vitoria-Gasteiz", "tipo": "pared_izq", "cubierto": null, "direccion": "Errekaleor Kalea 23A España", "foto": "https://static.frontons.net/data/photos/medium/fronton-pared-izquierda-01006-vitoria-gasteiz-araba-espana-3151_0.jpg", "area_m2": null, "osm_url": "https://www.openstreetmap.org/way/239342618", "edit_url": "https://www.openstreetmap.org/edit?way=239342618", "frontons_url": "https://www.frontons.net/fronton-pared-izquierda/01006-vitoria-gasteiz-araba-espana-3151.html", "estado": null}}, {"type": "Feature", "geometry": {"type": "Point", "coordinates": [-1.994255, 43.29878]}, "properties": {"sources": ["osm"], "source": "osm", "confianza": "por_verificar", "member_ids": ["osm/way/239774563", "osm/way/239775711"], "id": "osm/way/239774563", "region": "euskadi", "name": null, "municipio": "Donostia / San Sebastián", "tipo": null, "cubierto": null, "direccion": null, "foto": null, "area_m2": null, "osm_url": "https://www.openstreetmap.org/way/239774563", "edit_url": "https://www.openstreetmap.org/edit?way=239774563", "estado": null}}, {"type": "Feature", "geometry": {"type": "Point", "coordinates": [-1.966523, 43.319577]}, "properties": {"sources": ["osm"], "source": "osm", "confianza": "por_verificar", "member_ids": ["osm/way/241993733"], "id": "osm/way/241993733", "region": "euskadi", "name": null, "municipio": "Donostia / San Sebastián", "tipo": null, "cubierto": null, "direccion": null, "foto": null, "area_m2": null, "osm_url": "https://www.openstreetmap.org/way/241993733", "edit_url": "https://www.openstreetmap.org/edit?way=241993733", "estado": null}}, {"type": "Feature", "geometry": {"type": "Point", "coordinates": [-1.937983, 43.317063]}, "properties": {"sources": ["osm", "frontons"], "source": "osm+frontons", "confianza": "confirmado", "member_ids": ["osm/way/243863718", "frontons/3091"], "id": "osm/way/243863718", "region": "euskadi", "name": null, "municipio": "Donostia", "tipo": "pared_izq", "cubierto": null, "direccion": "Ederrena Kalea 21 España", "foto": "https://static.frontons.net/data/photos/medium/fronton-pared-izquierda-20017-donostia-gipuzkoa-espana-3091_0.jpg", "area_m2": null, "osm_url": "https://www.openstreetmap.org/way/243863718", "edit_url": "https://www.openstreetmap.org/edit?way=243863718", "frontons_url": "https://www.frontons.net/fronton-pared-izquierda/20017-donostia-gipuzkoa-espana-3091.html", "estado": null}}, {"type": "Feature", "geometry": {"type": "Point", "coordinates": [-2.053219, 43.185432]}, "properties": {"sources": ["osm", "frontons"], "source": "osm+frontons", "confianza": "confirmado", "member_ids": ["osm/way/245502404", "osm/way/245502405", "frontons/1511"], "id": "osm/way/245502404", "region": "euskadi", "name": "Pilotalekua", "municipio": "Villabona", "tipo": "pared_izq", "cubierto": null, "direccion": "Calle Maiatzaren Lehena 4 España", "foto": "https://static.frontons.net/data/photos/medium/fronton-pared-izquierda-20150-villabona-gipuzkoa-espana-1511_0.jpg", "area_m2": null, "osm_url": "https://www.openstreetmap.org/way/245502404", "edit_url": "https://www.openstreetmap.org/edit?way=245502404", "frontons_url": "https://www.frontons.net/fronton-pared-izquierda/20150-villabona-gipuzkoa-espana-1511.html", "estado": null}}, {"type": "Feature", "geometry": {"type": "Point", "coordinates": [-2.034424, 43.212364]}, "properties": {"sources": ["osm", "frontons"], "source": "osm+frontons", "confianza": "confirmado", "member_ids": ["osm/way/245858321", "frontons/2905"], "id": "osm/way/245858321", "region": "euskadi", "name": null, "municipio": "Andoain", "tipo": "pared_izq", "cubierto": null, "direccion": "Sorabilla Auzoa 224 España", "foto": "https://static.frontons.net/data/photos/medium/fronton-pared-izquierda-20140-andoain-gipuzkoa-espana-2905_0.jpg", "area_m2": null, "osm_url": "https://www.openstreetmap.org/way/245858321", "edit_url": "https://www.openstreetmap.org/edit?way=245858321", "frontons_url": "https://www.frontons.net/fronton-pared-izquierda/20140-andoain-gipuzkoa-espana-2905.html", "estado": null}}, {"type": "Feature", "geometry": {"type": "Point", "coordinates": [-2.053473, 43.187359]}, "properties": {"sources": ["osm"], "source": "osm", "confianza": "por_verificar", "member_ids": ["osm/way/246479746"], "id": "osm/way/246479746", "region": "euskadi", "name": null, "municipio": "Villabona", "tipo": null, "cubierto": null, "direccion": null, "foto": null, "area_m2": null, "osm_url": "https://www.openstreetmap.org/way/246479746", "edit_url": "https://www.openstreetmap.org/edit?way=246479746", "estado": null}}, {"type": "Feature", "geometry": {"type": "Point", "coordinates": [-1.965581, 43.273354]}, "properties": {"sources": ["osm", "frontons"], "source": "osm+frontons", "confianza": "confirmado", "member_ids": ["osm/way/248099824", "frontons/2930"], "id": "osm/way/248099824", "region": "euskadi", "name": null, "municipio": "Hernani", "tipo": "pared_izq", "cubierto": null, "direccion": "Etxeberri Auzoa 4A España", "foto": "https://static.frontons.net/data/photos/medium/fronton-pared-izquierda-20120-hernani-gipuzkoa-espana-2930_0.jpg", "area_m2": null, "osm_url": "https://www.openstreetmap.org/way/248099824", "edit_url": "https://www.openstreetmap.org/edit?way=248099824", "frontons_url": "https://www.frontons.net/fronton-pared-izquierda/20120-hernani-gipuzkoa-espana-2930.html", "estado": null}}, {"type": "Feature", "geometry": {"type": "Point", "coordinates": [-2.944917, 43.272284]}, "properties": {"sources": ["osm", "frontons"], "source": "osm+frontons", "confianza": "confirmado", "member_ids": ["osm/way/248688330", "frontons/1766"], "id": "osm/way/248688330", "region": "euskadi", "name": null, "municipio": "Bilbao", "tipo": "pared_izq", "cubierto": null, "direccion": "Done Petri Plaza 1B España", "foto": "https://static.frontons.net/data/photos/medium/fronton-pared-izquierda-48014-bilbao-bizkaia-espana-1766_0.jpg", "area_m2": null, "osm_url": "https://www.openstreetmap.org/way/248688330", "edit_url": "https://www.openstreetmap.org/edit?way=248688330", "frontons_url": "https://www.frontons.net/fronton-pared-izquierda/48014-bilbao-bizkaia-espana-1766.html", "estado": null}}, {"type": "Feature", "geometry": {"type": "Point", "coordinates": [-1.79857, 43.370044]}, "properties": {"sources": ["osm", "frontons"], "source": "osm+frontons", "confianza": "confirmado", "member_ids": ["osm/way/250208278", "frontons/2736"], "id": "osm/way/250208278", "region": "euskadi", "name": null, "municipio": "Hondarribia", "tipo": "pared_izq", "cubierto": null, "direccion": "Donostia Kalea 25 España", "foto": "https://static.frontons.net/data/photos/medium/fronton-pared-izquierda-20280-hondarribia-gipuzkoa-espana-2736_0.jpg", "area_m2": null, "osm_url": "https://www.openstreetmap.org/way/250208278", "edit_url": "https://www.openstreetmap.org/edit?way=250208278", "frontons_url": "https://www.frontons.net/fronton-pared-izquierda/20280-hondarribia-gipuzkoa-espana-2736.html", "estado": null}}, {"type": "Feature", "geometry": {"type": "Point", "coordinates": [-2.990185, 43.245375]}, "properties": {"sources": ["osm", "frontons"], "source": "osm+frontons", "confianza": "confirmado", "member_ids": ["osm/way/251101158", "frontons/2216"], "id": "osm/way/251101158", "region": "euskadi", "name": "Frontón municipal", "municipio": "Alonsotegi", "tipo": "pared_izq", "cubierto": null, "direccion": "Kalea Lasao 34BIS España", "foto": "https://static.frontons.net/data/photos/medium/fronton-pared-izquierda-48810-alonsotegi-bizkaia-espana-2216_0.jpg", "area_m2": null, "osm_url": "https://www.openstreetmap.org/way/251101158", "edit_url": "https://www.openstreetmap.org/edit?way=251101158", "frontons_url": "https://www.frontons.net/fronton-pared-izquierda/48810-alonsotegi-bizkaia-espana-2216.html", "estado": null}}, {"type": "Feature", "geometry": {"type": "Point", "coordinates": [-3.016858, 43.233242]}, "properties": {"sources": ["osm", "frontons"], "source": "osm+frontons", "confianza": "confirmado", "member_ids": ["osm/way/251101159", "frontons/2684"], "id": "osm/way/251101159", "region": "euskadi", "name": "Estalpeko frontoia", "municipio": "Zaramillo", "tipo": "pared_izq", "cubierto": null, "direccion": "Kalea Eretza 2B España", "foto": "https://static.frontons.net/data/photos/medium/fronton-pared-izquierda-48820-zaramillo-bizkaia-espana-2684_0.jpg", "area_m2": null, "osm_url": "https://www.openstreetmap.org/way/251101159", "edit_url": "https://www.openstreetmap.org/edit?way=251101159", "frontons_url": "https://www.frontons.net/fronton-pared-izquierda/48820-zaramillo-bizkaia-espana-2684.html", "estado": null}}, {"type": "Feature", "geometry": {"type": "Point", "coordinates": [-3.117988, 43.209776]}, "properties": {"sources": ["osm", "frontons"], "source": "osm+frontons", "confianza": "confirmado", "member_ids": ["osm/way/251109602", "frontons/2827"], "id": "osm/way/251109602", "region": "euskadi", "name": "Frontón de Ibarrekolanda", "municipio": "Aranguren", "tipo": "pared_izq", "cubierto": null, "direccion": "Lugar Barrio la Inmaculada 11002 España", "foto": "https://static.frontons.net/data/photos/medium/fronton-pared-izquierda-48850-aranguren-bizkaia-espana-2827_0.jpg", "area_m2": null, "osm_url": "https://www.openstreetmap.org/way/251109602", "edit_url": "https://www.openstreetmap.org/edit?way=251109602", "frontons_url": "https://www.frontons.net/fronton-pared-izquierda/48850-aranguren-bizkaia-espana-2827.html", "estado": null}}, {"type": "Feature", "geometry": {"type": "Point", "coordinates": [-3.131298, 43.215363]}, "properties": {"sources": ["osm", "frontons"], "source": "osm+frontons", "confianza": "confirmado", "member_ids": ["osm/way/251152276", "frontons/1519"], "id": "osm/way/251152276", "region": "euskadi", "name": "Frontón Mimetiz", "municipio": "Mimetiz", "tipo": "pared_izq", "cubierto": null, "direccion": "Euskadi Plaza 8 España", "foto": "https://static.frontons.net/data/photos/medium/fronton-pared-izquierda-48860-mimetiz-bizkaia-espana-1519_0.jpg", "area_m2": null, "osm_url": "https://www.openstreetmap.org/way/251152276", "edit_url": "https://www.openstreetmap.org/edit?way=251152276", "frontons_url": "https://www.frontons.net/fronton-pared-izquierda/48860-mimetiz-bizkaia-espana-1519.html", "estado": null}}, {"type": "Feature", "geometry": {"type": "Point", "coordinates": [-2.350202, 42.669715]}, "properties": {"sources": ["osm", "frontons"], "source": "osm+frontons", "confianza": "confirmado", "member_ids": ["osm/way/251601695", "frontons/2383"], "id": "osm/way/251601695", "region": "euskadi", "name": null, "municipio": "Santikurutze Kanpezu", "tipo": "pared_izq", "cubierto": null, "direccion": "Juntas Generales Kalea 2 España", "foto": "https://static.frontons.net/data/photos/medium/fronton-pared-izquierda-01110-santikurutze-kanpezu-araba-espana-2383_0.jpg", "area_m2": null, "osm_url": "https://www.openstreetmap.org/way/251601695", "edit_url": "https://www.openstreetmap.org/edit?way=251601695", "frontons_url": "https://www.frontons.net/fronton-pared-izquierda/01110-santikurutze-kanpezu-araba-espana-2383.html", "estado": null}}, {"type": "Feature", "geometry": {"type": "Point", "coordinates": [-3.034799, 43.30427]}, "properties": {"sources": ["osm"], "source": "osm", "confianza": "por_verificar", "member_ids": ["osm/way/253333980"], "id": "osm/way/253333980", "region": "euskadi", "name": "Frontón municipal", "municipio": "Valle de Trápaga-Trapagaran", "tipo": null, "cubierto": null, "direccion": null, "foto": null, "area_m2": null, "osm_url": "https://www.openstreetmap.org/way/253333980", "edit_url": "https://www.openstreetmap.org/edit?way=253333980", "estado": null}}, {"type": "Feature", "geometry": {"type": "Point", "coordinates": [-2.965602, 43.145358]}, "properties": {"sources": ["osm", "frontons"], "source": "osm+frontons", "confianza": "confirmado", "member_ids": ["osm/way/255156500", "frontons/2170"], "id": "osm/way/255156500", "region": "euskadi", "name": null, "municipio": "Laudio", "tipo": "pared_izq", "cubierto": null, "direccion": "Granjabide Kalea 17 España", "foto": "https://static.frontons.net/data/photos/medium/fronton-pared-izquierda-01400-laudio-araba-espana-2170_0.jpg", "area_m2": null, "osm_url": "https://www.openstreetmap.org/way/255156500", "edit_url": "https://www.openstreetmap.org/edit?way=255156500", "frontons_url": "https://www.frontons.net/fronton-pared-izquierda/01400-laudio-araba-espana-2170.html", "estado": null}}, {"type": "Feature", "geometry": {"type": "Point", "coordinates": [-1.817031, 43.32818]}, "properties": {"sources": ["osm"], "source": "osm", "confianza": "por_verificar", "member_ids": ["osm/way/255814387"], "id": "osm/way/255814387", "region": "euskadi", "name": null, "municipio": "Irun", "tipo": null, "cubierto": null, "direccion": null, "foto": null, "area_m2": null, "osm_url": "https://www.openstreetmap.org/way/255814387", "edit_url": "https://www.openstreetmap.org/edit?way=255814387", "estado": null}}, {"type": "Feature", "geometry": {"type": "Point", "coordinates": [-2.959853, 43.265565]}, "properties": {"sources": ["osm", "frontons"], "source": "osm+frontons", "confianza": "confirmado", "member_ids": ["osm/way/259802784", "frontons/1504"], "id": "osm/way/259802784", "region": "euskadi", "name": "Frontón", "municipio": "Bilbao", "tipo": "pared_izq", "cubierto": null, "direccion": "San Nicolas de Olabeaga Kalea 50 España", "foto": "https://static.frontons.net/data/photos/medium/fronton-pared-izquierda-48013-bilbao-bizkaia-espana-1504_0.jpg", "area_m2": null, "osm_url": "https://www.openstreetmap.org/way/259802784", "edit_url": "https://www.openstreetmap.org/edit?way=259802784", "frontons_url": "https://www.frontons.net/fronton-pared-izquierda/48013-bilbao-bizkaia-espana-1504.html", "estado": null}}, {"type": "Feature", "geometry": {"type": "Point", "coordinates": [-2.888216, 43.208092]}, "properties": {"sources": ["osm", "frontons"], "source": "osm+frontons", "confianza": "confirmado", "member_ids": ["osm/way/262419194", "frontons/2654"], "id": "osm/way/262419194", "region": "euskadi", "name": "Frontón Municipal", "municipio": "Arrigorriaga", "tipo": "pared_izq", "cubierto": false, "direccion": "Paseo Urgoiti Kalea 10 España", "foto": "https://static.frontons.net/data/photos/medium/fronton-pared-izquierda-48480-arrigorriaga-bizkaia-espana-2654_0.jpg", "area_m2": null, "osm_url": "https://www.openstreetmap.org/way/262419194", "edit_url": "https://www.openstreetmap.org/edit?way=262419194", "frontons_url": "https://www.frontons.net/fronton-pared-izquierda/48480-arrigorriaga-bizkaia-espana-2654.html", "estado": null}}, {"type": "Feature", "geometry": {"type": "Point", "coordinates": [-2.700969, 43.368884]}, "properties": {"sources": ["osm"], "source": "osm", "confianza": "por_verificar", "member_ids": ["osm/way/264827358", "osm/way/264827359"], "id": "osm/way/264827358", "region": "euskadi", "name": "Frontoia", "municipio": "Busturia", "tipo": null, "cubierto": null, "direccion": null, "foto": null, "area_m2": null, "osm_url": "https://www.openstreetmap.org/way/264827358", "edit_url": "https://www.openstreetmap.org/edit?way=264827358", "estado": null}}, {"type": "Feature", "geometry": {"type": "Point", "coordinates": [-3.203731, 42.905066]}, "properties": {"sources": ["osm", "frontons"], "source": "osm+frontons", "confianza": "confirmado", "member_ids": ["osm/way/266718895", "frontons/2472"], "id": "osm/way/266718895", "region": "euskadi", "name": "Frontón", "municipio": "Bóveda", "tipo": "pared_izq", "cubierto": null, "direccion": "San Pelayo Kalea 7 España", "foto": "https://static.frontons.net/data/photos/medium/fronton-pared-izquierda-01427-boveda-araba-espana-2472_0.jpg", "area_m2": null, "osm_url": "https://www.openstreetmap.org/way/266718895", "edit_url": "https://www.openstreetmap.org/edit?way=266718895", "frontons_url": "https://www.frontons.net/fronton-pared-izquierda/01427-boveda-araba-espana-2472.html", "estado": null}}, {"type": "Feature", "geometry": {"type": "Point", "coordinates": [-3.015331, 43.262858]}, "properties": {"sources": ["osm", "frontons"], "source": "osm+frontons", "confianza": "confirmado", "member_ids": ["osm/way/270730572", "frontons/3090"], "id": "osm/way/270730572", "region": "euskadi", "name": "Frontón de El Regato", "municipio": "Barakaldo", "tipo": "pared_izq", "cubierto": null, "direccion": "Kalea Arragua 26 España", "foto": "https://static.frontons.net/data/photos/medium/fronton-pared-izquierda-48903-bizkaia-espana-3090_0.jpg", "area_m2": null, "osm_url": "https://www.openstreetmap.org/way/270730572", "edit_url": "https://www.openstreetmap.org/edit?way=270730572", "frontons_url": "https://www.frontons.net/fronton-pared-izquierda/48903-bizkaia-espana-3090.html", "estado": null}}, {"type": "Feature", "geometry": {"type": "Point", "coordinates": [-3.040046, 43.310343]}, "properties": {"sources": ["osm", "frontons"], "source": "osm+frontons", "confianza": "confirmado", "member_ids": ["osm/way/272336368", "frontons/2188"], "id": "osm/way/272336368", "region": "euskadi", "name": null, "municipio": "Urioste", "tipo": "pared_izq", "cubierto": null, "direccion": "Auzoa 115 España", "foto": "https://static.frontons.net/data/photos/medium/fronton-pared-izquierda-48530-urioste-bizkaia-espana-2188_0.jpg", "area_m2": null, "osm_url": "https://www.openstreetmap.org/way/272336368", "edit_url": "https://www.openstreetmap.org/edit?way=272336368", "frontons_url": "https://www.frontons.net/fronton-pared-izquierda/48530-urioste-bizkaia-espana-2188.html", "estado": null}}, {"type": "Feature", "geometry": {"type": "Point", "coordinates": [-2.620362, 42.515965]}, "properties": {"sources": ["osm", "frontons"], "source": "osm+frontons", "confianza": "confirmado", "member_ids": ["osm/way/278017977", "frontons/2436", "frontons/2476"], "id": "osm/way/278017977", "region": "euskadi", "name": null, "municipio": "Eltziego", "tipo": "pared_izq", "cubierto": null, "direccion": "Grupo Gallarza Etxetaldea 46 España", "foto": "https://static.frontons.net/data/photos/medium/fronton-pared-izquierda-01340-eltziego-araba-espana-2436_0.jpg", "area_m2": null, "osm_url": "https://www.openstreetmap.org/way/278017977", "edit_url": "https://www.openstreetmap.org/edit?way=278017977", "frontons_url": "https://www.frontons.net/fronton-pared-izquierda/01340-eltziego-araba-espana-2436.html", "estado": null}}, {"type": "Feature", "geometry": {"type": "Point", "coordinates": [-3.111971, 43.349811]}, "properties": {"sources": ["osm"], "source": "osm", "confianza": "por_verificar", "member_ids": ["osm/way/278047495"], "id": "osm/way/278047495", "region": "euskadi", "name": "Frontoia", "municipio": "Zierbena", "tipo": null, "cubierto": null, "direccion": null, "foto": null, "area_m2": null, "osm_url": "https://www.openstreetmap.org/way/278047495", "edit_url": "https://www.openstreetmap.org/edit?way=278047495", "estado": null}}, {"type": "Feature", "geometry": {"type": "Point", "coordinates": [-1.753523, 43.332824]}, "properties": {"sources": ["osm"], "source": "osm", "confianza": "por_verificar", "member_ids": ["osm/way/278593582"], "id": "osm/way/278593582", "region": "euskadi", "name": null, "municipio": "Irun", "tipo": null, "cubierto": null, "direccion": null, "foto": null, "area_m2": null, "osm_url": "https://www.openstreetmap.org/way/278593582", "edit_url": "https://www.openstreetmap.org/edit?way=278593582", "estado": null}}, {"type": "Feature", "geometry": {"type": "Point", "coordinates": [-3.154603, 43.274287]}, "properties": {"sources": ["osm", "frontons"], "source": "osm+frontons", "confianza": "confirmado", "member_ids": ["osm/way/280128133", "frontons/2712"], "id": "osm/way/280128133", "region": "euskadi", "name": "Frontón de Santa Ana", "municipio": "Sopuerta", "tipo": "pared_izq", "cubierto": null, "direccion": "Lugar Barrio Santa Ana 2C España", "foto": "https://static.frontons.net/data/photos/medium/fronton-pared-izquierda-48190-sopuerta-bizkaia-espana-2712_0.jpg", "area_m2": null, "osm_url": "https://www.openstreetmap.org/way/280128133", "edit_url": "https://www.openstreetmap.org/edit?way=280128133", "frontons_url": "https://www.frontons.net/fronton-pared-izquierda/48190-sopuerta-bizkaia-espana-2712.html", "estado": null}}, {"type": "Feature", "geometry": {"type": "Point", "coordinates": [-3.153078, 43.262156]}, "properties": {"sources": ["osm", "frontons"], "source": "osm+frontons", "confianza": "confirmado", "member_ids": ["osm/way/280146734", "frontons/2925"], "id": "osm/way/280146734", "region": "euskadi", "name": "Frontón de Mercadillo", "municipio": "Mercadillo", "tipo": "pared_izq", "cubierto": null, "direccion": "Lugar Barrio 23A España", "foto": "https://static.frontons.net/data/photos/medium/fronton-pared-izquierda-48190-mercadillo-bizkaia-espana-2925_0.jpg", "area_m2": null, "osm_url": "https://www.openstreetmap.org/way/280146734", "edit_url": "https://www.openstreetmap.org/edit?way=280146734", "frontons_url": "https://www.frontons.net/fronton-pared-izquierda/48190-mercadillo-bizkaia-espana-2925.html", "estado": null}}, {"type": "Feature", "geometry": {"type": "Point", "coordinates": [-2.051422, 43.274083]}, "properties": {"sources": ["osm", "frontons"], "source": "osm+frontons", "confianza": "confirmado", "member_ids": ["osm/way/285115811", "frontons/2840"], "id": "osm/way/285115811", "region": "euskadi", "name": null, "municipio": "Usurbil", "tipo": "pared_izq", "cubierto": null, "direccion": "Arratzain Bide Kalea 11 España", "foto": "https://static.frontons.net/data/photos/medium/fronton-pared-izquierda-20170-usurbil-gipuzkoa-espana-2840_0.jpg", "area_m2": null, "osm_url": "https://www.openstreetmap.org/way/285115811", "edit_url": "https://www.openstreetmap.org/edit?way=285115811", "frontons_url": "https://www.frontons.net/fronton-pared-izquierda/20170-usurbil-gipuzkoa-espana-2840.html", "estado": null}}, {"type": "Feature", "geometry": {"type": "Point", "coordinates": [-2.572343, 42.848008]}, "properties": {"sources": ["osm"], "source": "osm", "confianza": "por_verificar", "member_ids": ["osm/way/285766746"], "id": "osm/way/285766746", "region": "euskadi", "name": "Frontón", "municipio": "Vitoria-Gasteiz", "tipo": null, "cubierto": null, "direccion": null, "foto": null, "area_m2": null, "osm_url": "https://www.openstreetmap.org/way/285766746", "edit_url": "https://www.openstreetmap.org/edit?way=285766746", "estado": null}}, {"type": "Feature", "geometry": {"type": "Point", "coordinates": [-2.678476, 43.317205]}, "properties": {"sources": ["osm"], "source": "osm", "confianza": "por_verificar", "member_ids": ["osm/way/289996027", "osm/way/1173235450"], "id": "osm/way/289996027", "region": "euskadi", "name": "Frontón Jai Alai", "municipio": "Gernika-Lumo", "tipo": null, "cubierto": null, "direccion": null, "foto": null, "area_m2": null, "osm_url": "https://www.openstreetmap.org/way/289996027", "edit_url": "https://www.openstreetmap.org/edit?way=289996027", "estado": null}}, {"type": "Feature", "geometry": {"type": "Point", "coordinates": [-2.675181, 43.323982]}, "properties": {"sources": ["osm", "frontons"], "source": "osm+frontons", "confianza": "confirmado", "member_ids": ["osm/way/289996464", "frontons/2534", "frontons/2535"], "id": "osm/way/289996464", "region": "euskadi", "name": "Cinco frontones", "municipio": "Kortezubi", "tipo": "pared_izq", "cubierto": null, "direccion": "Aldape Kalea España", "foto": "https://static.frontons.net/data/photos/medium/fronton-pared-izquierda-48300-kortezubi-bizkaia-espana-2534_0.jpg", "area_m2": null, "osm_url": "https://www.openstreetmap.org/way/289996464", "edit_url": "https://www.openstreetmap.org/edit?way=289996464", "frontons_url": "https://www.frontons.net/fronton-pared-izquierda/48300-kortezubi-bizkaia-espana-2534.html", "estado": null}}, {"type": "Feature", "geometry": {"type": "Point", "coordinates": [-1.818601, 43.326081]}, "properties": {"sources": ["osm"], "source": "osm", "confianza": "por_verificar", "member_ids": ["osm/way/290130333"], "id": "osm/way/290130333", "region": "euskadi", "name": "Urzan plaza", "municipio": "Irun", "tipo": null, "cubierto": null, "direccion": null, "foto": null, "area_m2": null, "osm_url": "https://www.openstreetmap.org/way/290130333", "edit_url": "https://www.openstreetmap.org/edit?way=290130333", "estado": null}}, {"type": "Feature", "geometry": {"type": "Point", "coordinates": [-2.677976, 42.821861]}, "properties": {"sources": ["osm"], "source": "osm", "confianza": "por_verificar", "member_ids": ["osm/way/292082681"], "id": "osm/way/292082681", "region": "euskadi", "name": "Frontón", "municipio": "Vitoria-Gasteiz", "tipo": null, "cubierto": null, "direccion": null, "foto": null, "area_m2": null, "osm_url": "https://www.openstreetmap.org/way/292082681", "edit_url": "https://www.openstreetmap.org/edit?way=292082681", "estado": null}}, {"type": "Feature", "geometry": {"type": "Point", "coordinates": [-2.582146, 42.62631]}, "properties": {"sources": ["osm", "frontons"], "source": "osm+frontons", "confianza": "confirmado", "member_ids": ["osm/way/296711585", "frontons/2531"], "id": "osm/way/296711585", "region": "euskadi", "name": "Frontón", "municipio": "Lagrán", "tipo": "pared_izq", "cubierto": null, "direccion": "Calle las Escuelas 1 España", "foto": "https://static.frontons.net/data/photos/medium/fronton-pared-izquierda-01118-lagran-alava-espana-2531_0.jpg", "area_m2": null, "osm_url": "https://www.openstreetmap.org/way/296711585", "edit_url": "https://www.openstreetmap.org/edit?way=296711585", "frontons_url": "https://www.frontons.net/fronton-pared-izquierda/01118-lagran-alava-espana-2531.html", "estado": null}}, {"type": "Feature", "geometry": {"type": "Point", "coordinates": [-2.999703, 43.36634]}, "properties": {"sources": ["osm", "frontons"], "source": "osm+frontons", "confianza": "confirmado", "member_ids": ["osm/way/298534897", "frontons/2820"], "id": "osm/way/298534897", "region": "euskadi", "name": "Fronton de Berango", "municipio": "Berango", "tipo": "pared_izq", "cubierto": null, "direccion": "Sabino Arana Kalea 25 España", "foto": "https://static.frontons.net/data/photos/medium/fronton-pared-izquierda-48640-berango-bizkaia-espana-2820_0.jpg", "area_m2": null, "osm_url": "https://www.openstreetmap.org/way/298534897", "edit_url": "https://www.openstreetmap.org/edit?way=298534897", "frontons_url": "https://www.frontons.net/fronton-pared-izquierda/48640-berango-bizkaia-espana-2820.html", "estado": null}}, {"type": "Feature", "geometry": {"type": "Point", "coordinates": [-2.447672, 42.739151]}, "properties": {"sources": ["osm", "frontons"], "source": "osm+frontons", "confianza": "confirmado", "member_ids": ["osm/way/300132463", "osm/way/516214285", "frontons/2551", "frontons/2550"], "id": "osm/way/300132463", "region": "euskadi", "name": "Frontoia", "municipio": "Maeztu / Maestu", "tipo": "pared_izq", "cubierto": null, "direccion": "Cruz del Pañuelo Kalea 3 España", "foto": "https://static.frontons.net/data/photos/medium/fronton-pared-izquierda-01120-arraia-maeztu-araba-espana-2551_0.jpg", "area_m2": null, "osm_url": "https://www.openstreetmap.org/way/300132463", "edit_url": "https://www.openstreetmap.org/edit?way=300132463", "frontons_url": "https://www.frontons.net/fronton-pared-izquierda/01120-arraia-maeztu-araba-espana-2551.html", "estado": null}}, {"type": "Feature", "geometry": {"type": "Point", "coordinates": [-2.539755, 42.925391]}, "properties": {"sources": ["osm", "frontons"], "source": "osm+frontons", "confianza": "confirmado", "member_ids": ["osm/way/301165354", "frontons/2857", "frontons/466"], "id": "osm/way/301165354", "region": "euskadi", "name": null, "municipio": "Marieta-Larrintzar", "tipo": "pared_izq", "cubierto": null, "direccion": "Galtzarra Kalea 5 España", "foto": "https://static.frontons.net/data/photos/medium/fronton-pared-izquierda-01206-marieta-larrintzar-araba-espana-2857_0.jpg", "area_m2": null, "osm_url": "https://www.openstreetmap.org/way/301165354", "edit_url": "https://www.openstreetmap.org/edit?way=301165354", "frontons_url": "https://www.frontons.net/fronton-pared-izquierda/01206-marieta-larrintzar-araba-espana-2857.html", "estado": null}}, {"type": "Feature", "geometry": {"type": "Point", "coordinates": [-2.137523, 43.12923]}, "properties": {"sources": ["osm"], "source": "osm", "confianza": "por_verificar", "member_ids": ["osm/way/302506395"], "id": "osm/way/302506395", "region": "euskadi", "name": "Mendikute", "municipio": "Albiztur", "tipo": null, "cubierto": null, "direccion": null, "foto": null, "area_m2": null, "osm_url": "https://www.openstreetmap.org/way/302506395", "edit_url": "https://www.openstreetmap.org/edit?way=302506395", "estado": null}}, {"type": "Feature", "geometry": {"type": "Point", "coordinates": [-2.634254, 43.176719]}, "properties": {"sources": ["osm", "frontons"], "source": "osm+frontons", "confianza": "confirmado", "member_ids": ["osm/way/303304985", "frontons/2924"], "id": "osm/way/303304985", "region": "euskadi", "name": "Kepa Arroitajauregi Frontoia", "municipio": "Iurreta", "tipo": "pared_izq", "cubierto": null, "direccion": "Olaburu Kalea 1 España", "foto": "https://static.frontons.net/data/photos/medium/fronton-pared-izquierda-48215-iurreta-bizkaia-espana-2924_0.jpg", "area_m2": null, "osm_url": "https://www.openstreetmap.org/way/303304985", "edit_url": "https://www.openstreetmap.org/edit?way=303304985", "frontons_url": "https://www.frontons.net/fronton-pared-izquierda/48215-iurreta-bizkaia-espana-2924.html", "estado": null}}, {"type": "Feature", "geometry": {"type": "Point", "coordinates": [-2.726659, 43.315289]}, "properties": {"sources": ["osm", "frontons"], "source": "osm+frontons", "confianza": "confirmado", "member_ids": ["osm/way/303846525", "frontons/2479"], "id": "osm/way/303846525", "region": "euskadi", "name": "Frontoia", "municipio": "Eleizalde-Olabarri", "tipo": "pared_izq", "cubierto": true, "direccion": "Lekua Barrio Elexalde 2A España", "foto": "https://static.frontons.net/data/photos/medium/fronton-pared-izquierda-48309-eleizalde-olabarri-bizkaia-espana-2479_0.jpg", "area_m2": null, "osm_url": "https://www.openstreetmap.org/way/303846525", "edit_url": "https://www.openstreetmap.org/edit?way=303846525", "frontons_url": "https://www.frontons.net/fronton-pared-izquierda/48309-eleizalde-olabarri-bizkaia-espana-2479.html", "estado": null}}, {"type": "Feature", "geometry": {"type": "Point", "coordinates": [-1.968235, 43.325899]}, "properties": {"sources": ["osm", "frontons"], "source": "osm+frontons", "confianza": "confirmado", "member_ids": ["osm/way/310375556", "osm/way/527769687", "frontons/3140"], "id": "osm/way/310375556", "region": "euskadi", "name": "Manteoko frontoia", "municipio": "Donostia", "tipo": "pared_izq", "cubierto": null, "direccion": "Zemoria Kalea 20 España", "foto": "https://static.frontons.net/data/photos/medium/fronton-pared-izquierda-20013-donostia-gipuzkoa-espana-3140_0.jpg", "area_m2": null, "osm_url": "https://www.openstreetmap.org/way/310375556", "edit_url": "https://www.openstreetmap.org/edit?way=310375556", "frontons_url": "https://www.frontons.net/fronton-pared-izquierda/20013-donostia-gipuzkoa-espana-3140.html", "estado": null}}, {"type": "Feature", "geometry": {"type": "Point", "coordinates": [-2.688754, 42.850721]}, "properties": {"sources": ["osm", "frontons"], "source": "osm+frontons", "confianza": "confirmado", "member_ids": ["osm/way/311888919", "frontons/3117"], "id": "osm/way/311888919", "region": "euskadi", "name": null, "municipio": "Vitoria-Gasteiz", "tipo": "pared_izq", "cubierto": null, "direccion": "Pedro de Asua Kalea 2A España", "foto": "https://static.frontons.net/data/photos/medium/fronton-pared-izquierda-01008-vitoria-gasteiz-araba-espana-3117_0.jpg", "area_m2": null, "osm_url": "https://www.openstreetmap.org/way/311888919", "edit_url": "https://www.openstreetmap.org/edit?way=311888919", "frontons_url": "https://www.frontons.net/fronton-pared-izquierda/01008-vitoria-gasteiz-araba-espana-3117.html", "estado": null}}, {"type": "Feature", "geometry": {"type": "Point", "coordinates": [-2.420697, 43.320659]}, "properties": {"sources": ["osm", "frontons"], "source": "osm+frontons", "confianza": "confirmado", "member_ids": ["osm/way/314758827", "frontons/2158"], "id": "osm/way/314758827", "region": "euskadi", "name": "Frontoia", "municipio": "Ondarroa", "tipo": "pared_izq", "cubierto": null, "direccion": "Ipar kale Kalea 1 España", "foto": "https://static.frontons.net/data/photos/medium/fronton-pared-izquierda-48700-ondarroa-bizkaia-espana-2158_0.jpg", "area_m2": null, "osm_url": "https://www.openstreetmap.org/way/314758827", "edit_url": "https://www.openstreetmap.org/edit?way=314758827", "frontons_url": "https://www.frontons.net/fronton-pared-izquierda/48700-ondarroa-bizkaia-espana-2158.html", "estado": null}}, {"type": "Feature", "geometry": {"type": "Point", "coordinates": [-2.942761, 43.244936]}, "properties": {"sources": ["osm", "frontons"], "source": "osm+frontons", "confianza": "confirmado", "member_ids": ["osm/way/314796354", "frontons/3006", "frontons/3333", "frontons/3342"], "id": "osm/way/314796354", "region": "euskadi", "name": null, "municipio": "Bilbo", "tipo": "pared_izq", "cubierto": null, "direccion": "Kalea Matilde Orbegozo 21D España", "foto": "https://static.frontons.net/data/photos/medium/fronton-pared-izquierda-48003-bilbo-bizkaia-espana-3006_0.jpg", "area_m2": null, "osm_url": "https://www.openstreetmap.org/way/314796354", "edit_url": "https://www.openstreetmap.org/edit?way=314796354", "frontons_url": "https://www.frontons.net/fronton-pared-izquierda/48003-bilbo-bizkaia-espana-3006.html", "estado": null}}, {"type": "Feature", "geometry": {"type": "Point", "coordinates": [-2.470718, 42.569176]}, "properties": {"sources": ["osm", "frontons"], "source": "osm+frontons", "confianza": "confirmado", "member_ids": ["osm/way/317649952", "frontons/2600"], "id": "osm/way/317649952", "region": "euskadi", "name": null, "municipio": "Iekora", "tipo": "pared_izq", "cubierto": null, "direccion": "Eskide Kalea 6 España", "foto": "https://static.frontons.net/data/photos/medium/fronton-pared-izquierda-01322-iekora-araba-espana-2600_0.jpg", "area_m2": null, "osm_url": "https://www.openstreetmap.org/way/317649952", "edit_url": "https://www.openstreetmap.org/edit?way=317649952", "frontons_url": "https://www.frontons.net/fronton-pared-izquierda/01322-iekora-araba-espana-2600.html", "estado": null}}, {"type": "Feature", "geometry": {"type": "Point", "coordinates": [-2.035126, 43.102933]}, "properties": {"sources": ["osm", "frontons"], "source": "osm+frontons", "confianza": "confirmado", "member_ids": ["osm/way/318124940", "frontons/2348"], "id": "osm/way/318124940", "region": "euskadi", "name": "Aztinondo, Pilotalekua", "municipio": "Lizartza", "tipo": "pared_izq", "cubierto": null, "direccion": "Plaza Soro Auzoa 2 España", "foto": "https://static.frontons.net/data/photos/medium/fronton-pared-izquierda-20490-lizartza-gipuzkoa-espana-2348_0.jpg", "area_m2": null, "osm_url": "https://www.openstreetmap.org/way/318124940", "edit_url": "https://www.openstreetmap.org/edit?way=318124940", "frontons_url": "https://www.frontons.net/fronton-pared-izquierda/20490-lizartza-gipuzkoa-espana-2348.html", "estado": null}}, {"type": "Feature", "geometry": {"type": "Point", "coordinates": [-2.127321, 43.277977]}, "properties": {"sources": ["osm", "frontons"], "source": "osm+frontons", "confianza": "confirmado", "member_ids": ["osm/way/326133206", "frontons/2134"], "id": "osm/way/326133206", "region": "euskadi", "name": null, "municipio": "Orio", "tipo": "pared_izq", "cubierto": null, "direccion": "Eusko Gudarien Kalea 40 España", "foto": "https://static.frontons.net/data/photos/medium/fronton-pared-izquierda-20810-orio-gipuzkoa-espana-2134_0.jpg", "area_m2": null, "osm_url": "https://www.openstreetmap.org/way/326133206", "edit_url": "https://www.openstreetmap.org/edit?way=326133206", "frontons_url": "https://www.frontons.net/fronton-pared-izquierda/20810-orio-gipuzkoa-espana-2134.html", "estado": null}}, {"type": "Feature", "geometry": {"type": "Point", "coordinates": [-1.780438, 43.319247]}, "properties": {"sources": ["osm"], "source": "osm", "confianza": "por_verificar", "member_ids": ["osm/way/326955878"], "id": "osm/way/326955878", "region": "euskadi", "name": null, "municipio": "Irun", "tipo": null, "cubierto": null, "direccion": null, "foto": null, "area_m2": null, "osm_url": "https://www.openstreetmap.org/way/326955878", "edit_url": "https://www.openstreetmap.org/edit?way=326955878", "estado": null}}, {"type": "Feature", "geometry": {"type": "Point", "coordinates": [-1.970766, 43.326954]}, "properties": {"sources": ["osm", "frontons"], "source": "osm+frontons", "confianza": "confirmado", "member_ids": ["osm/way/331277176", "frontons/3139"], "id": "osm/way/331277176", "region": "euskadi", "name": null, "municipio": "San Sebastián", "tipo": "pared_izq", "cubierto": null, "direccion": "Calle Jose Miguel Barandiaran 8 España", "foto": "https://static.frontons.net/data/photos/medium/fronton-pared-izquierda-20013-san-sebastian-guipuzcoa-espana-3139_0.jpg", "area_m2": null, "osm_url": "https://www.openstreetmap.org/way/331277176", "edit_url": "https://www.openstreetmap.org/edit?way=331277176", "frontons_url": "https://www.frontons.net/fronton-pared-izquierda/20013-san-sebastian-guipuzcoa-espana-3139.html", "estado": null}}, {"type": "Feature", "geometry": {"type": "Point", "coordinates": [-2.048704, 43.183937]}, "properties": {"sources": ["osm"], "source": "osm", "confianza": "por_verificar", "member_ids": ["osm/way/331578119"], "id": "osm/way/331578119", "region": "euskadi", "name": "Amasa udal pilotalekua", "municipio": "Villabona", "tipo": null, "cubierto": null, "direccion": null, "foto": null, "area_m2": null, "osm_url": "https://www.openstreetmap.org/way/331578119", "edit_url": "https://www.openstreetmap.org/edit?way=331578119", "estado": null}}, {"type": "Feature", "geometry": {"type": "Point", "coordinates": [-2.047705, 43.190517]}, "properties": {"sources": ["osm"], "source": "osm", "confianza": "por_verificar", "member_ids": ["osm/way/331578157"], "id": "osm/way/331578157", "region": "euskadi", "name": null, "municipio": "Villabona", "tipo": null, "cubierto": true, "direccion": null, "foto": null, "area_m2": null, "osm_url": "https://www.openstreetmap.org/way/331578157", "edit_url": "https://www.openstreetmap.org/edit?way=331578157", "estado": null}}, {"type": "Feature", "geometry": {"type": "Point", "coordinates": [-2.05006, 43.203477]}, "properties": {"sources": ["osm"], "source": "osm", "confianza": "por_verificar", "member_ids": ["osm/way/332198498"], "id": "osm/way/332198498", "region": "euskadi", "name": "Frontoia", "municipio": "Aduna", "tipo": null, "cubierto": null, "direccion": null, "foto": null, "area_m2": null, "osm_url": "https://www.openstreetmap.org/way/332198498", "edit_url": "https://www.openstreetmap.org/edit?way=332198498", "estado": null}}, {"type": "Feature", "geometry": {"type": "Point", "coordinates": [-2.635566, 42.891368]}, "properties": {"sources": ["osm"], "source": "osm", "confianza": "por_verificar", "member_ids": ["osm/way/333047112"], "id": "osm/way/333047112", "region": "euskadi", "name": "Ikasbidea Frontoia", "municipio": "Durana", "tipo": null, "cubierto": null, "direccion": null, "foto": null, "area_m2": null, "osm_url": "https://www.openstreetmap.org/way/333047112", "edit_url": "https://www.openstreetmap.org/edit?way=333047112", "estado": null}}, {"type": "Feature", "geometry": {"type": "Point", "coordinates": [-2.275546, 43.081407]}, "properties": {"sources": ["osm", "frontons"], "source": "osm+frontons", "confianza": "confirmado", "member_ids": ["osm/way/335545760", "frontons/2257"], "id": "osm/way/335545760", "region": "euskadi", "name": null, "municipio": "Ezkio", "tipo": "pared_izq", "cubierto": null, "direccion": "Núcleo Gunea 14 España", "foto": "https://static.frontons.net/data/photos/medium/fronton-pared-izquierda-20709-ezkio-gipuzkoa-espana-2257_0.jpg", "area_m2": null, "osm_url": "https://www.openstreetmap.org/way/335545760", "edit_url": "https://www.openstreetmap.org/edit?way=335545760", "frontons_url": "https://www.frontons.net/fronton-pared-izquierda/20709-ezkio-gipuzkoa-espana-2257.html", "estado": null}}, {"type": "Feature", "geometry": {"type": "Point", "coordinates": [-2.810231, 43.311763]}, "properties": {"sources": ["osm", "frontons"], "source": "osm+frontons", "confianza": "confirmado", "member_ids": ["osm/way/338852434", "frontons/2638"], "id": "osm/way/338852434", "region": "euskadi", "name": null, "municipio": "Fika", "tipo": "plaza_libre", "cubierto": null, "direccion": "Barrio Elexalde 44C España", "foto": "https://static.frontons.net/data/photos/medium/fronton-plaza-libre-48113-fika-bizkaia-espana-2638_0.jpg", "area_m2": null, "osm_url": "https://www.openstreetmap.org/way/338852434", "edit_url": "https://www.openstreetmap.org/edit?way=338852434", "frontons_url": "https://www.frontons.net/fronton-plaza-libre/48113-fika-bizkaia-espana-2638.html", "estado": null}}, {"type": "Feature", "geometry": {"type": "Point", "coordinates": [-2.93425, 43.153002]}, "properties": {"sources": ["osm", "frontons"], "source": "osm+frontons", "confianza": "confirmado", "member_ids": ["osm/way/340488838", "frontons/2290"], "id": "osm/way/340488838", "region": "euskadi", "name": "Frontón", "municipio": "Arakaldo", "tipo": "pared_izq", "cubierto": null, "direccion": "Lugar Barrio Elexalde 3C España", "foto": "https://static.frontons.net/data/photos/medium/fronton-pared-izquierda-48498-arakaldo-bizkaia-espana-2290_0.jpg", "area_m2": null, "osm_url": "https://www.openstreetmap.org/way/340488838", "edit_url": "https://www.openstreetmap.org/edit?way=340488838", "frontons_url": "https://www.frontons.net/fronton-pared-izquierda/48498-arakaldo-bizkaia-espana-2290.html", "estado": null}}, {"type": "Feature", "geometry": {"type": "Point", "coordinates": [-1.95488, 43.293854]}, "properties": {"sources": ["osm"], "source": "osm", "confianza": "por_verificar", "member_ids": ["osm/way/340720823"], "id": "osm/way/340720823", "region": "euskadi", "name": null, "municipio": "Donostia / San Sebastián", "tipo": null, "cubierto": null, "direccion": null, "foto": null, "area_m2": null, "osm_url": "https://www.openstreetmap.org/way/340720823", "edit_url": "https://www.openstreetmap.org/edit?way=340720823", "estado": null}}, {"type": "Feature", "geometry": {"type": "Point", "coordinates": [-2.641011, 43.153901]}, "properties": {"sources": ["osm", "frontons"], "source": "osm+frontons", "confianza": "confirmado", "member_ids": ["osm/way/355533457", "frontons/2794"], "id": "osm/way/355533457", "region": "euskadi", "name": null, "municipio": "Izurtza", "tipo": "pared_izq", "cubierto": null, "direccion": "Elizalde Auzoa 18 España", "foto": "https://static.frontons.net/data/photos/medium/fronton-pared-izquierda-48213-izurtza-bizkaia-espana-2794_0.jpg", "area_m2": null, "osm_url": "https://www.openstreetmap.org/way/355533457", "edit_url": "https://www.openstreetmap.org/edit?way=355533457", "frontons_url": "https://www.frontons.net/fronton-pared-izquierda/48213-izurtza-bizkaia-espana-2794.html", "estado": null}}, {"type": "Feature", "geometry": {"type": "Point", "coordinates": [-2.179765, 43.082607]}, "properties": {"sources": ["osm"], "source": "osm", "confianza": "por_verificar", "member_ids": ["osm/way/361595177"], "id": "osm/way/361595177", "region": "euskadi", "name": null, "municipio": "Itsasondo", "tipo": null, "cubierto": null, "direccion": null, "foto": null, "area_m2": null, "osm_url": "https://www.openstreetmap.org/way/361595177", "edit_url": "https://www.openstreetmap.org/edit?way=361595177", "estado": null}}, {"type": "Feature", "geometry": {"type": "Point", "coordinates": [-2.593262, 43.265254]}, "properties": {"sources": ["osm", "frontons"], "source": "osm+frontons", "confianza": "confirmado", "member_ids": ["osm/way/364824285", "frontons/2252"], "id": "osm/way/364824285", "region": "euskadi", "name": null, "municipio": "Munitibar-Arbatzegi Gerrikaitz", "tipo": "pared_izq", "cubierto": null, "direccion": "Herriko Plaza 5 España", "foto": "https://static.frontons.net/data/photos/medium/fronton-pared-izquierda-48381-munitibar-arbatzegi-gerrikaitz-bizkaia-espana-2252_0.jpg", "area_m2": null, "osm_url": "https://www.openstreetmap.org/way/364824285", "edit_url": "https://www.openstreetmap.org/edit?way=364824285", "frontons_url": "https://www.frontons.net/fronton-pared-izquierda/48381-munitibar-arbatzegi-gerrikaitz-bizkaia-espana-2252.html", "estado": null}}, {"type": "Feature", "geometry": {"type": "Point", "coordinates": [-2.899141, 43.256012]}, "properties": {"sources": ["osm", "frontons"], "source": "osm+frontons", "confianza": "confirmado", "member_ids": ["osm/way/366040309", "osm/way/1504253245", "frontons/2657", "frontons/2658", "frontons/2659"], "id": "osm/way/366040309", "region": "euskadi", "name": null, "municipio": "Bilbo", "tipo": "pared_izq", "cubierto": null, "direccion": "Etorbidea Gaiarre Julian 100A España", "foto": "https://static.frontons.net/data/photos/medium/fronton-pared-izquierda-48004-bilbo-bizkaia-espana-2657_0.jpg", "area_m2": null, "osm_url": "https://www.openstreetmap.org/way/366040309", "edit_url": "https://www.openstreetmap.org/edit?way=366040309", "frontons_url": "https://www.frontons.net/fronton-pared-izquierda/48004-bilbo-bizkaia-espana-2657.html", "estado": null}}, {"type": "Feature", "geometry": {"type": "Point", "coordinates": [-2.364729, 43.197224]}, "properties": {"sources": ["osm"], "source": "osm", "confianza": "por_verificar", "member_ids": ["osm/way/367496205"], "id": "osm/way/367496205", "region": "euskadi", "name": "Frontón", "municipio": "Elgoibar", "tipo": null, "cubierto": null, "direccion": null, "foto": null, "area_m2": null, "osm_url": "https://www.openstreetmap.org/way/367496205", "edit_url": "https://www.openstreetmap.org/edit?way=367496205", "estado": null}}, {"type": "Feature", "geometry": {"type": "Point", "coordinates": [-2.436044, 43.232287]}, "properties": {"sources": ["osm"], "source": "osm", "confianza": "por_verificar", "member_ids": ["osm/way/367496251"], "id": "osm/way/367496251", "region": "euskadi", "name": null, "municipio": "Elgoibar", "tipo": null, "cubierto": null, "direccion": null, "foto": null, "area_m2": null, "osm_url": "https://www.openstreetmap.org/way/367496251", "edit_url": "https://www.openstreetmap.org/edit?way=367496251", "estado": null}}, {"type": "Feature", "geometry": {"type": "Point", "coordinates": [-2.768495, 43.341372]}, "properties": {"sources": ["osm", "frontons"], "source": "osm+frontons", "confianza": "confirmado", "member_ids": ["osm/way/369828685", "frontons/2350"], "id": "osm/way/369828685", "region": "euskadi", "name": null, "municipio": "Arrieta", "tipo": "pared_izq", "cubierto": null, "direccion": "Lekua Barrio Libao 8C España", "foto": "https://static.frontons.net/data/photos/medium/fronton-pared-izquierda-48114-arrieta-bizkaia-espana-2350_0.jpg", "area_m2": null, "osm_url": "https://www.openstreetmap.org/way/369828685", "edit_url": "https://www.openstreetmap.org/edit?way=369828685", "frontons_url": "https://www.frontons.net/fronton-pared-izquierda/48114-arrieta-bizkaia-espana-2350.html", "estado": null}}, {"type": "Feature", "geometry": {"type": "Point", "coordinates": [-2.27173, 43.011694]}, "properties": {"sources": ["osm"], "source": "osm", "confianza": "por_verificar", "member_ids": ["osm/way/370778618"], "id": "osm/way/370778618", "region": "euskadi", "name": "Frontoia", "municipio": "Zerain", "tipo": null, "cubierto": null, "direccion": null, "foto": null, "area_m2": null, "osm_url": "https://www.openstreetmap.org/way/370778618", "edit_url": "https://www.openstreetmap.org/edit?way=370778618", "estado": null}}, {"type": "Feature", "geometry": {"type": "Point", "coordinates": [-2.107783, 43.134036]}, "properties": {"sources": ["osm"], "source": "osm", "confianza": "por_verificar", "member_ids": ["osm/way/371504383"], "id": "osm/way/371504383", "region": "euskadi", "name": null, "municipio": "Tolosa", "tipo": null, "cubierto": null, "direccion": null, "foto": null, "area_m2": null, "osm_url": "https://www.openstreetmap.org/way/371504383", "edit_url": "https://www.openstreetmap.org/edit?way=371504383", "estado": null}}, {"type": "Feature", "geometry": {"type": "Point", "coordinates": [-2.484294, 43.345506]}, "properties": {"sources": ["osm", "frontons"], "source": "osm+frontons", "confianza": "confirmado", "member_ids": ["osm/way/371653176", "frontons/2219"], "id": "osm/way/371653176", "region": "euskadi", "name": "Frontoia", "municipio": "Zelaia", "tipo": "pared_izq", "cubierto": true, "direccion": "Auzoa 2A España", "foto": "https://static.frontons.net/data/photos/medium/fronton-pared-izquierda-48289-zelaia-bizkaia-espana-2219_0.jpg", "area_m2": null, "osm_url": "https://www.openstreetmap.org/way/371653176", "edit_url": "https://www.openstreetmap.org/edit?way=371653176", "frontons_url": "https://www.frontons.net/fronton-pared-izquierda/48289-zelaia-bizkaia-espana-2219.html", "estado": null}}, {"type": "Feature", "geometry": {"type": "Point", "coordinates": [-2.259574, 43.295537]}, "properties": {"sources": ["osm", "frontons"], "source": "osm+frontons", "confianza": "confirmado", "member_ids": ["osm/way/372703049", "frontons/1502"], "id": "osm/way/372703049", "region": "euskadi", "name": "Odieta pilotalekua", "municipio": "Zumaia", "tipo": "pared_izq", "cubierto": null, "direccion": "San Jose Kalea 13-15 España", "foto": "https://static.frontons.net/data/photos/medium/fronton-pared-izquierda-20750-zumaia-gipuzkoa-espana-1502_0.jpg", "area_m2": null, "osm_url": "https://www.openstreetmap.org/way/372703049", "edit_url": "https://www.openstreetmap.org/edit?way=372703049", "frontons_url": "https://www.frontons.net/fronton-pared-izquierda/20750-zumaia-gipuzkoa-espana-1502.html", "estado": null}}, {"type": "Feature", "geometry": {"type": "Point", "coordinates": [-2.310738, 43.033447]}, "properties": {"sources": ["osm"], "source": "osm", "confianza": "por_verificar", "member_ids": ["osm/way/374175248"], "id": "osm/way/374175248", "region": "euskadi", "name": "Frontoia", "municipio": "Gabiria", "tipo": null, "cubierto": null, "direccion": null, "foto": null, "area_m2": null, "osm_url": "https://www.openstreetmap.org/way/374175248", "edit_url": "https://www.openstreetmap.org/edit?way=374175248", "estado": null}}, {"type": "Feature", "geometry": {"type": "Point", "coordinates": [-1.917361, 43.317693]}, "properties": {"sources": ["osm", "frontons"], "source": "osm+frontons", "confianza": "confirmado", "member_ids": ["osm/way/376497056", "frontons/2951"], "id": "osm/way/376497056", "region": "euskadi", "name": null, "municipio": "Pasai Antxo", "tipo": "pared_izq", "cubierto": null, "direccion": "Hamarretxeta Kalea 8 España", "foto": "https://static.frontons.net/data/photos/medium/fronton-pared-izquierda-20110-pasai-antxo-gipuzkoa-espana-2951_0.jpg", "area_m2": null, "osm_url": "https://www.openstreetmap.org/way/376497056", "edit_url": "https://www.openstreetmap.org/edit?way=376497056", "frontons_url": "https://www.frontons.net/fronton-pared-izquierda/20110-pasai-antxo-gipuzkoa-espana-2951.html", "estado": null}}, {"type": "Feature", "geometry": {"type": "Point", "coordinates": [-2.428574, 43.319787]}, "properties": {"sources": ["osm"], "source": "osm", "confianza": "por_verificar", "member_ids": ["osm/way/378042630"], "id": "osm/way/378042630", "region": "euskadi", "name": "Zaldupeko fontoia", "municipio": "Ondarroa", "tipo": null, "cubierto": null, "direccion": null, "foto": null, "area_m2": null, "osm_url": "https://www.openstreetmap.org/way/378042630", "edit_url": "https://www.openstreetmap.org/edit?way=378042630", "estado": null}}, {"type": "Feature", "geometry": {"type": "Point", "coordinates": [-2.727905, 43.214361]}, "properties": {"sources": ["osm", "frontons"], "source": "osm+frontons", "confianza": "confirmado", "member_ids": ["osm/way/378797600", "osm/way/981970386", "osm/way/982839928", "osm/way/982839929", "frontons/2710", "frontons/2729", "frontons/2709"], "id": "osm/way/378797600", "region": "euskadi", "name": "Gure Kirolak", "municipio": "Amorebieta-Etxano", "tipo": "pared_izq", "cubierto": null, "direccion": "San Miguel Kalea 5 España", "foto": "https://static.frontons.net/data/photos/medium/fronton-pared-izquierda-48340-amorebieta-etxano-bizkaia-espana-2710_0.jpg", "area_m2": null, "osm_url": "https://www.openstreetmap.org/way/378797600", "edit_url": "https://www.openstreetmap.org/edit?way=378797600", "frontons_url": "https://www.frontons.net/fronton-pared-izquierda/48340-amorebieta-etxano-bizkaia-espana-2710.html", "estado": null}}, {"type": "Feature", "geometry": {"type": "Point", "coordinates": [-2.94882, 43.373186]}, "properties": {"sources": ["osm", "frontons"], "source": "osm+frontons", "confianza": "confirmado", "member_ids": ["osm/way/379470844", "frontons/2758"], "id": "osm/way/379470844", "region": "euskadi", "name": "Fronton Txiberri", "municipio": "Urduliz", "tipo": "pared_izq", "cubierto": null, "direccion": "Aita Gotzon Kalea 4 España", "foto": "https://static.frontons.net/data/photos/medium/fronton-pared-izquierda-48610-urduliz-bizkaia-espana-2758_0.jpg", "area_m2": null, "osm_url": "https://www.openstreetmap.org/way/379470844", "edit_url": "https://www.openstreetmap.org/edit?way=379470844", "frontons_url": "https://www.frontons.net/fronton-pared-izquierda/48610-urduliz-bizkaia-espana-2758.html", "estado": null}}, {"type": "Feature", "geometry": {"type": "Point", "coordinates": [-3.074319, 43.18093]}, "properties": {"sources": ["osm", "frontons"], "source": "osm+frontons", "confianza": "confirmado", "member_ids": ["osm/way/379517369", "frontons/2686"], "id": "osm/way/379517369", "region": "euskadi", "name": "Frontón Beraskola", "municipio": "Gordexola", "tipo": "pared_izq", "cubierto": null, "direccion": "De San Juan de Berbikez Errepidea 1 España", "foto": "https://static.frontons.net/data/photos/medium/fronton-pared-izquierda-48192-gordexola-bizkaia-espana-2686_0.jpg", "area_m2": null, "osm_url": "https://www.openstreetmap.org/way/379517369", "edit_url": "https://www.openstreetmap.org/edit?way=379517369", "frontons_url": "https://www.frontons.net/fronton-pared-izquierda/48192-gordexola-bizkaia-espana-2686.html", "estado": null}}, {"type": "Feature", "geometry": {"type": "Point", "coordinates": [-2.512454, 42.839925]}, "properties": {"sources": ["osm", "frontons"], "source": "osm+frontons", "confianza": "confirmado", "member_ids": ["osm/way/381279345", "frontons/2886"], "id": "osm/way/381279345", "region": "euskadi", "name": "Frontón", "municipio": "Dulantzi", "tipo": "pared_izq", "cubierto": null, "direccion": "Torrealdea Kalea 5 España", "foto": "https://static.frontons.net/data/photos/medium/fronton-pared-izquierda-01240-dulantzi-araba-espana-2886_0.jpg", "area_m2": null, "osm_url": "https://www.openstreetmap.org/way/381279345", "edit_url": "https://www.openstreetmap.org/edit?way=381279345", "frontons_url": "https://www.frontons.net/fronton-pared-izquierda/01240-dulantzi-araba-espana-2886.html", "estado": null}}, {"type": "Feature", "geometry": {"type": "Point", "coordinates": [-1.916278, 43.316174]}, "properties": {"sources": ["osm", "frontons"], "source": "osm+frontons", "confianza": "confirmado", "member_ids": ["osm/way/383856282", "frontons/2135"], "id": "osm/way/383856282", "region": "euskadi", "name": "Ibaiondo frontoia", "municipio": "Pasaia", "tipo": "pared_izq", "cubierto": null, "direccion": "Oarso Kalea 12 España", "foto": "https://static.frontons.net/data/photos/medium/fronton-pared-izquierda-20110-pasaia-gipuzkoa-espana-2135_0.jpg", "area_m2": null, "osm_url": "https://www.openstreetmap.org/way/383856282", "edit_url": "https://www.openstreetmap.org/edit?way=383856282", "frontons_url": "https://www.frontons.net/fronton-pared-izquierda/20110-pasaia-gipuzkoa-espana-2135.html", "estado": null}}, {"type": "Feature", "geometry": {"type": "Point", "coordinates": [-3.048396, 42.750601]}, "properties": {"sources": ["osm", "frontons"], "source": "osm+frontons", "confianza": "confirmado", "member_ids": ["osm/way/389403204", "frontons/2618"], "id": "osm/way/389403204", "region": "euskadi", "name": null, "municipio": "Lantaron", "tipo": "pared_izq", "cubierto": true, "direccion": "La Constitución Plaza 37 España", "foto": "https://static.frontons.net/data/photos/medium/fronton-pared-izquierda-01423-lantaron-araba-espana-2618_0.jpg", "area_m2": null, "osm_url": "https://www.openstreetmap.org/way/389403204", "edit_url": "https://www.openstreetmap.org/edit?way=389403204", "frontons_url": "https://www.frontons.net/fronton-pared-izquierda/01423-lantaron-araba-espana-2618.html", "estado": null}}, {"type": "Feature", "geometry": {"type": "Point", "coordinates": [-2.273615, 43.021971]}, "properties": {"sources": ["osm", "frontons"], "source": "osm+frontons", "confianza": "confirmado", "member_ids": ["osm/way/401276414", "frontons/2199"], "id": "osm/way/401276414", "region": "euskadi", "name": null, "municipio": "Mutiloa", "tipo": "pared_izq", "cubierto": null, "direccion": "España", "foto": "https://static.frontons.net/data/photos/medium/fronton-pared-izquierda-izoztegi-20014-mutiloa-guipuzcoa-espana-2199_0.jpg", "area_m2": null, "osm_url": "https://www.openstreetmap.org/way/401276414", "edit_url": "https://www.openstreetmap.org/edit?way=401276414", "frontons_url": "https://www.frontons.net/fronton-pared-izquierda/izoztegi-20014-mutiloa-guipuzcoa-espana-2199.html", "estado": null}}, {"type": "Feature", "geometry": {"type": "Point", "coordinates": [-2.254231, 43.008612]}, "properties": {"sources": ["osm", "frontons"], "source": "osm+frontons", "confianza": "confirmado", "member_ids": ["osm/way/401642797", "frontons/2198"], "id": "osm/way/401642797", "region": "euskadi", "name": null, "municipio": "Segura", "tipo": "pared_izq", "cubierto": null, "direccion": "Kalea Nagusia 40A España", "foto": "https://static.frontons.net/data/photos/medium/fronton-pared-izquierda-20214-segura-gipuzkoa-espana-2198_0.jpg", "area_m2": null, "osm_url": "https://www.openstreetmap.org/way/401642797", "edit_url": "https://www.openstreetmap.org/edit?way=401642797", "frontons_url": "https://www.frontons.net/fronton-pared-izquierda/20214-segura-gipuzkoa-espana-2198.html", "estado": null}}, {"type": "Feature", "geometry": {"type": "Point", "coordinates": [-2.169084, 43.03474]}, "properties": {"sources": ["osm"], "source": "osm", "confianza": "por_verificar", "member_ids": ["osm/way/403695998"], "id": "osm/way/403695998", "region": "euskadi", "name": "Pilotalekua", "municipio": "Lazkao", "tipo": null, "cubierto": null, "direccion": null, "foto": null, "area_m2": null, "osm_url": "https://www.openstreetmap.org/way/403695998", "edit_url": "https://www.openstreetmap.org/edit?way=403695998", "estado": null}}, {"type": "Feature", "geometry": {"type": "Point", "coordinates": [-2.558963, 43.011468]}, "properties": {"sources": ["osm"], "source": "osm", "confianza": "por_verificar", "member_ids": ["osm/way/405373497"], "id": "osm/way/405373497", "region": "euskadi", "name": null, "municipio": "Eskoriatza", "tipo": null, "cubierto": null, "direccion": null, "foto": null, "area_m2": null, "osm_url": "https://www.openstreetmap.org/way/405373497", "edit_url": "https://www.openstreetmap.org/edit?way=405373497", "estado": null}}, {"type": "Feature", "geometry": {"type": "Point", "coordinates": [-2.962953, 43.40669]}, "properties": {"sources": ["osm"], "source": "osm", "confianza": "por_verificar", "member_ids": ["osm/way/410787518"], "id": "osm/way/410787518", "region": "euskadi", "name": null, "municipio": "Barrika", "tipo": null, "cubierto": null, "direccion": null, "foto": null, "area_m2": null, "osm_url": "https://www.openstreetmap.org/way/410787518", "edit_url": "https://www.openstreetmap.org/edit?way=410787518", "estado": null}}, {"type": "Feature", "geometry": {"type": "Point", "coordinates": [-2.417247, 43.21457]}, "properties": {"sources": ["osm", "frontons"], "source": "osm+frontons", "confianza": "confirmado", "member_ids": ["osm/way/413742269", "frontons/1473"], "id": "osm/way/413742269", "region": "euskadi", "name": null, "municipio": "Elgoibar", "tipo": "pared_izq", "cubierto": null, "direccion": "Giza Eskubideen parkea 1 España", "foto": "https://static.frontons.net/data/photos/medium/fronton-pared-izquierda-20870-elgoibar-gipuzkoa-espana-1473_0.jpg", "area_m2": null, "osm_url": "https://www.openstreetmap.org/way/413742269", "edit_url": "https://www.openstreetmap.org/edit?way=413742269", "frontons_url": "https://www.frontons.net/fronton-pared-izquierda/20870-elgoibar-gipuzkoa-espana-1473.html", "estado": null}}, {"type": "Feature", "geometry": {"type": "Point", "coordinates": [-2.128184, 43.069697]}, "properties": {"sources": ["osm"], "source": "osm", "confianza": "por_verificar", "member_ids": ["osm/way/422252782"], "id": "osm/way/422252782", "region": "euskadi", "name": "Frontoia", "municipio": "Baliarrain", "tipo": null, "cubierto": null, "direccion": null, "foto": null, "area_m2": null, "osm_url": "https://www.openstreetmap.org/way/422252782", "edit_url": "https://www.openstreetmap.org/edit?way=422252782", "estado": null}}, {"type": "Feature", "geometry": {"type": "Point", "coordinates": [-2.149088, 43.085635]}, "properties": {"sources": ["osm"], "source": "osm", "confianza": "por_verificar", "member_ids": ["osm/way/422683052"], "id": "osm/way/422683052", "region": "euskadi", "name": null, "municipio": "Legorreta", "tipo": null, "cubierto": null, "direccion": null, "foto": null, "area_m2": null, "osm_url": "https://www.openstreetmap.org/way/422683052", "edit_url": "https://www.openstreetmap.org/edit?way=422683052", "estado": null}}, {"type": "Feature", "geometry": {"type": "Point", "coordinates": [-2.711129, 43.225905]}, "properties": {"sources": ["osm", "frontons"], "source": "osm+frontons", "confianza": "confirmado", "member_ids": ["osm/way/425278945", "frontons/2711"], "id": "osm/way/425278945", "region": "euskadi", "name": "Etxanoko frontoia", "municipio": "Etxano", "tipo": "pared_izq", "cubierto": null, "direccion": "Lugar Barrio Dudea 7DUP España", "foto": "https://static.frontons.net/data/photos/medium/fronton-pared-izquierda-48340-etxano-bizkaia-espana-2711_0.jpg", "area_m2": null, "osm_url": "https://www.openstreetmap.org/way/425278945", "edit_url": "https://www.openstreetmap.org/edit?way=425278945", "frontons_url": "https://www.frontons.net/fronton-pared-izquierda/48340-etxano-bizkaia-espana-2711.html", "estado": null}}, {"type": "Feature", "geometry": {"type": "Point", "coordinates": [-2.958253, 43.377483]}, "properties": {"sources": ["osm", "frontons"], "source": "osm+frontons", "confianza": "confirmado", "member_ids": ["osm/way/425501625", "frontons/2501"], "id": "osm/way/425501625", "region": "euskadi", "name": null, "municipio": "Landa", "tipo": "pared_izq", "cubierto": true, "direccion": "Kalea Elexalde 9B España", "foto": "https://static.frontons.net/data/photos/medium/fronton-pared-izquierda-48610-landa-bizkaia-espana-2501_0.jpg", "area_m2": null, "osm_url": "https://www.openstreetmap.org/way/425501625", "edit_url": "https://www.openstreetmap.org/edit?way=425501625", "frontons_url": "https://www.frontons.net/fronton-pared-izquierda/48610-landa-bizkaia-espana-2501.html", "estado": null}}, {"type": "Feature", "geometry": {"type": "Point", "coordinates": [-2.086467, 43.102344]}, "properties": {"sources": ["osm"], "source": "osm", "confianza": "por_verificar", "member_ids": ["osm/way/425504822"], "id": "osm/way/425504822", "region": "euskadi", "name": null, "municipio": "Altzo", "tipo": null, "cubierto": null, "direccion": null, "foto": null, "area_m2": null, "osm_url": "https://www.openstreetmap.org/way/425504822", "edit_url": "https://www.openstreetmap.org/edit?way=425504822", "estado": null}}, {"type": "Feature", "geometry": {"type": "Point", "coordinates": [-2.109397, 43.172515]}, "properties": {"sources": ["osm"], "source": "osm", "confianza": "por_verificar", "member_ids": ["osm/way/426005589"], "id": "osm/way/426005589", "region": "euskadi", "name": "Udal pilotalekua", "municipio": "Alkiza", "tipo": null, "cubierto": null, "direccion": null, "foto": null, "area_m2": null, "osm_url": "https://www.openstreetmap.org/way/426005589", "edit_url": "https://www.openstreetmap.org/edit?way=426005589", "estado": null}}, {"type": "Feature", "geometry": {"type": "Point", "coordinates": [-3.018777, 43.321583]}, "properties": {"sources": ["osm", "frontons"], "source": "osm+frontons", "confianza": "confirmado", "member_ids": ["osm/way/426307443", "frontons/2114"], "id": "osm/way/426307443", "region": "euskadi", "name": null, "municipio": "Portugalete", "tipo": "pared_izq", "cubierto": null, "direccion": "Martin Fernandez Villaran Kalea 2 España", "foto": "https://static.frontons.net/data/photos/medium/fronton-pared-izquierda-48920-portugalete-bizkaia-espana-2114_0.jpg", "area_m2": null, "osm_url": "https://www.openstreetmap.org/way/426307443", "edit_url": "https://www.openstreetmap.org/edit?way=426307443", "frontons_url": "https://www.frontons.net/fronton-pared-izquierda/48920-portugalete-bizkaia-espana-2114.html", "estado": null}}, {"type": "Feature", "geometry": {"type": "Point", "coordinates": [-2.905342, 43.330326]}, "properties": {"sources": ["osm"], "source": "osm", "confianza": "por_verificar", "member_ids": ["osm/way/426308343"], "id": "osm/way/426308343", "region": "euskadi", "name": null, "municipio": "Loiu", "tipo": null, "cubierto": null, "direccion": null, "foto": null, "area_m2": null, "osm_url": "https://www.openstreetmap.org/way/426308343", "edit_url": "https://www.openstreetmap.org/edit?way=426308343", "estado": null}}, {"type": "Feature", "geometry": {"type": "Point", "coordinates": [-2.902051, 43.335045]}, "properties": {"sources": ["osm"], "source": "osm", "confianza": "por_verificar", "member_ids": ["osm/way/426308344"], "id": "osm/way/426308344", "region": "euskadi", "name": "Frontón Lauroeta", "municipio": "Loiu", "tipo": null, "cubierto": null, "direccion": null, "foto": null, "area_m2": null, "osm_url": "https://www.openstreetmap.org/way/426308344", "edit_url": "https://www.openstreetmap.org/edit?way=426308344", "estado": null}}, {"type": "Feature", "geometry": {"type": "Point", "coordinates": [-2.409466, 43.119684]}, "properties": {"sources": ["osm", "frontons"], "source": "osm+frontons", "confianza": "confirmado", "member_ids": ["osm/way/429145378", "frontons/2509"], "id": "osm/way/429145378", "region": "euskadi", "name": "Boluako Frontoia", "municipio": "Bergara", "tipo": "pared_izq", "cubierto": null, "direccion": "Bolua Kalea 47 España", "foto": "https://static.frontons.net/data/photos/medium/fronton-pared-izquierda-20570-bergara-gipuzkoa-espana-2509_0.jpg", "area_m2": null, "osm_url": "https://www.openstreetmap.org/way/429145378", "edit_url": "https://www.openstreetmap.org/edit?way=429145378", "frontons_url": "https://www.frontons.net/fronton-pared-izquierda/20570-bergara-gipuzkoa-espana-2509.html", "estado": null}}, {"type": "Feature", "geometry": {"type": "Point", "coordinates": [-2.403734, 43.175225]}, "properties": {"sources": ["osm", "frontons"], "source": "osm+frontons", "confianza": "confirmado", "member_ids": ["osm/way/430855613", "frontons/2344"], "id": "osm/way/430855613", "region": "euskadi", "name": null, "municipio": "Soraluze - Placencia de Las Armas", "tipo": "pared_izq", "cubierto": true, "direccion": "San Andres Barrio Auzoa 19B España", "foto": "https://static.frontons.net/data/photos/medium/fronton-pared-izquierda-20590-gipuzkoa-espana-2344_0.jpg", "area_m2": null, "osm_url": "https://www.openstreetmap.org/way/430855613", "edit_url": "https://www.openstreetmap.org/edit?way=430855613", "frontons_url": "https://www.frontons.net/fronton-pared-izquierda/20590-gipuzkoa-espana-2344.html", "estado": null}}, {"type": "Feature", "geometry": {"type": "Point", "coordinates": [-2.60487, 42.557612]}, "properties": {"sources": ["osm"], "source": "osm", "confianza": "por_verificar", "member_ids": ["osm/way/433257579"], "id": "osm/way/433257579", "region": "euskadi", "name": "Frotón", "municipio": "Laguardia", "tipo": null, "cubierto": null, "direccion": null, "foto": null, "area_m2": null, "osm_url": "https://www.openstreetmap.org/way/433257579", "edit_url": "https://www.openstreetmap.org/edit?way=433257579", "estado": null}}, {"type": "Feature", "geometry": {"type": "Point", "coordinates": [-2.186739, 43.033821]}, "properties": {"sources": ["osm", "frontons"], "source": "osm+frontons", "confianza": "confirmado", "member_ids": ["osm/way/433494030", "frontons/2104", "frontons/2233", "frontons/2105"], "id": "osm/way/433494030", "region": "euskadi", "name": "Frontoia", "municipio": "Lazkao", "tipo": "pared_izq", "cubierto": null, "direccion": "Elosegi Kalea 5 España", "foto": "https://static.frontons.net/data/photos/medium/fronton-pared-izquierda-20210-lazkao-gipuzkoa-espana-2104_0.jpg", "area_m2": null, "osm_url": "https://www.openstreetmap.org/way/433494030", "edit_url": "https://www.openstreetmap.org/edit?way=433494030", "frontons_url": "https://www.frontons.net/fronton-pared-izquierda/20210-lazkao-gipuzkoa-espana-2104.html", "estado": null}}, {"type": "Feature", "geometry": {"type": "Point", "coordinates": [-1.939854, 43.242608]}, "properties": {"sources": ["osm", "frontons"], "source": "osm+frontons", "confianza": "confirmado", "member_ids": ["osm/way/434982184", "frontons/2154"], "id": "osm/way/434982184", "region": "euskadi", "name": null, "municipio": "Hernani", "tipo": "pared_izq", "cubierto": null, "direccion": "1 España", "foto": "https://static.frontons.net/data/photos/medium/fronton-pared-izquierda-erenotzu-auz-20128-hernani-gipuzkoa-espana-2154_0.jpg", "area_m2": null, "osm_url": "https://www.openstreetmap.org/way/434982184", "edit_url": "https://www.openstreetmap.org/edit?way=434982184", "frontons_url": "https://www.frontons.net/fronton-pared-izquierda/erenotzu-auz-20128-hernani-gipuzkoa-espana-2154.html", "estado": null}}, {"type": "Feature", "geometry": {"type": "Point", "coordinates": [-1.963546, 43.321048]}, "properties": {"sources": ["osm", "frontons"], "source": "osm+frontons", "confianza": "confirmado", "member_ids": ["osm/way/438463755", "frontons/3105"], "id": "osm/way/438463755", "region": "euskadi", "name": null, "municipio": "Donostia", "tipo": "pared_izq", "cubierto": null, "direccion": "Atarizar Kalea 15 España", "foto": "https://static.frontons.net/data/photos/medium/fronton-pared-izquierda-20013-donostia-gipuzkoa-espana-3105_0.jpg", "area_m2": null, "osm_url": "https://www.openstreetmap.org/way/438463755", "edit_url": "https://www.openstreetmap.org/edit?way=438463755", "frontons_url": "https://www.frontons.net/fronton-pared-izquierda/20013-donostia-gipuzkoa-espana-3105.html", "estado": null}}, {"type": "Feature", "geometry": {"type": "Point", "coordinates": [-2.415373, 43.212748]}, "properties": {"sources": ["osm"], "source": "osm", "confianza": "por_verificar", "member_ids": ["osm/way/439054372"], "id": "osm/way/439054372", "region": "euskadi", "name": null, "municipio": "Elgoibar", "tipo": null, "cubierto": null, "direccion": null, "foto": null, "area_m2": null, "osm_url": "https://www.openstreetmap.org/way/439054372", "edit_url": "https://www.openstreetmap.org/edit?way=439054372", "estado": null}}, {"type": "Feature", "geometry": {"type": "Point", "coordinates": [-2.344258, 43.207986]}, "properties": {"sources": ["osm", "frontons"], "source": "osm+frontons", "confianza": "confirmado", "member_ids": ["osm/way/439403928", "osm/way/439403988", "frontons/2628", "frontons/2629"], "id": "osm/way/439403928", "region": "euskadi", "name": null, "municipio": "Azkoitia", "tipo": "pared_izq", "cubierto": null, "direccion": "Madariaga Auzoa 104 España", "foto": "https://static.frontons.net/data/photos/medium/fronton-pared-izquierda-20720-azkoitia-gipuzkoa-espana-2628_0.jpg", "area_m2": null, "osm_url": "https://www.openstreetmap.org/way/439403928", "edit_url": "https://www.openstreetmap.org/edit?way=439403928", "frontons_url": "https://www.frontons.net/fronton-pared-izquierda/20720-azkoitia-gipuzkoa-espana-2628.html", "estado": null}}, {"type": "Feature", "geometry": {"type": "Point", "coordinates": [-2.90004, 43.257225]}, "properties": {"sources": ["osm"], "source": "osm", "confianza": "por_verificar", "member_ids": ["osm/way/440756935"], "id": "osm/way/440756935", "region": "euskadi", "name": null, "municipio": "Bilbao", "tipo": null, "cubierto": null, "direccion": null, "foto": null, "area_m2": null, "osm_url": "https://www.openstreetmap.org/way/440756935", "edit_url": "https://www.openstreetmap.org/edit?way=440756935", "estado": null}}, {"type": "Feature", "geometry": {"type": "Point", "coordinates": [-2.232273, 43.282899]}, "properties": {"sources": ["osm", "frontons"], "source": "osm+frontons", "confianza": "confirmado", "member_ids": ["osm/way/440859631", "frontons/2764"], "id": "osm/way/440859631", "region": "euskadi", "name": "Oikiako frontoia", "municipio": "Oikia", "tipo": "pared_izq", "cubierto": null, "direccion": "22W España", "foto": "https://static.frontons.net/data/photos/medium/fronton-pared-izquierda-oikia-auz-20759-oikia-gipuzkoa-espana-2764_0.jpg", "area_m2": null, "osm_url": "https://www.openstreetmap.org/way/440859631", "edit_url": "https://www.openstreetmap.org/edit?way=440859631", "frontons_url": "https://www.frontons.net/fronton-pared-izquierda/oikia-auz-20759-oikia-gipuzkoa-espana-2764.html", "estado": null}}, {"type": "Feature", "geometry": {"type": "Point", "coordinates": [-2.166057, 43.06349]}, "properties": {"sources": ["osm", "frontons"], "source": "osm+frontons", "confianza": "confirmado", "member_ids": ["osm/way/444183384", "frontons/2181"], "id": "osm/way/444183384", "region": "euskadi", "name": "Loitza pilotalekua", "municipio": "Arama", "tipo": "pared_izq", "cubierto": null, "direccion": "Plaza 10A España", "foto": "https://static.frontons.net/data/photos/medium/fronton-pared-izquierda-20248-arama-gipuzkoa-espana-2181_0.jpg", "area_m2": null, "osm_url": "https://www.openstreetmap.org/way/444183384", "edit_url": "https://www.openstreetmap.org/edit?way=444183384", "frontons_url": "https://www.frontons.net/fronton-pared-izquierda/20248-arama-gipuzkoa-espana-2181.html", "estado": null}}, {"type": "Feature", "geometry": {"type": "Point", "coordinates": [-2.387937, 43.201494]}, "properties": {"sources": ["osm"], "source": "osm", "confianza": "por_verificar", "member_ids": ["osm/way/446563734"], "id": "osm/way/446563734", "region": "euskadi", "name": null, "municipio": "Elgoibar", "tipo": null, "cubierto": null, "direccion": null, "foto": null, "area_m2": null, "osm_url": "https://www.openstreetmap.org/way/446563734", "edit_url": "https://www.openstreetmap.org/edit?way=446563734", "estado": null}}, {"type": "Feature", "geometry": {"type": "Point", "coordinates": [-2.166499, 43.067514]}, "properties": {"sources": ["osm", "frontons"], "source": "osm+frontons", "confianza": "confirmado", "member_ids": ["osm/way/449440473", "frontons/2179"], "id": "osm/way/449440473", "region": "euskadi", "name": null, "municipio": "Itsasondo", "tipo": "pared_izq", "cubierto": null, "direccion": "Goiko Kalea 6 España", "foto": "https://static.frontons.net/data/photos/medium/fronton-pared-izquierda-20249-itsasondo-gipuzkoa-espana-2179_0.jpg", "area_m2": null, "osm_url": "https://www.openstreetmap.org/way/449440473", "edit_url": "https://www.openstreetmap.org/edit?way=449440473", "frontons_url": "https://www.frontons.net/fronton-pared-izquierda/20249-itsasondo-gipuzkoa-espana-2179.html", "estado": null}}, {"type": "Feature", "geometry": {"type": "Point", "coordinates": [-2.16452, 43.067232]}, "properties": {"sources": ["osm", "frontons"], "source": "osm+frontons", "confianza": "confirmado", "member_ids": ["osm/way/449440589", "frontons/2176"], "id": "osm/way/449440589", "region": "euskadi", "name": null, "municipio": "Itsasondo", "tipo": "pared_izq", "cubierto": null, "direccion": "Kalea Nagusia 27W España", "foto": "https://static.frontons.net/data/photos/medium/fronton-pared-izquierda-20249-itsasondo-gipuzkoa-espana-2176_0.jpg", "area_m2": null, "osm_url": "https://www.openstreetmap.org/way/449440589", "edit_url": "https://www.openstreetmap.org/edit?way=449440589", "frontons_url": "https://www.frontons.net/fronton-pared-izquierda/20249-itsasondo-gipuzkoa-espana-2176.html", "estado": null}}, {"type": "Feature", "geometry": {"type": "Point", "coordinates": [-2.917372, 43.242059]}, "properties": {"sources": ["osm", "frontons"], "source": "osm+frontons", "confianza": "confirmado", "member_ids": ["osm/way/453725735", "frontons/2381", "frontons/3344"], "id": "osm/way/453725735", "region": "euskadi", "name": "Santa Isabel", "municipio": "Santa Isabel", "tipo": "pared_izq", "cubierto": null, "direccion": "Kalea 47 España", "foto": "https://static.frontons.net/data/photos/medium/fronton-pared-izquierda-48003-santa-isabel-bizkaia-espana-2381_0.jpg", "area_m2": null, "osm_url": "https://www.openstreetmap.org/way/453725735", "edit_url": "https://www.openstreetmap.org/edit?way=453725735", "frontons_url": "https://www.frontons.net/fronton-pared-izquierda/48003-santa-isabel-bizkaia-espana-2381.html", "estado": null}}, {"type": "Feature", "geometry": {"type": "Point", "coordinates": [-2.832985, 43.273553]}, "properties": {"sources": ["osm", "frontons"], "source": "osm+frontons", "confianza": "confirmado", "member_ids": ["osm/way/454092733", "frontons/2865"], "id": "osm/way/454092733", "region": "euskadi", "name": "Lezamako frontoia", "municipio": "Lezama", "tipo": "pared_izq", "cubierto": null, "direccion": "Aretxalde Auzoa 60 España", "foto": "https://static.frontons.net/data/photos/medium/fronton-pared-izquierda-48196-lezama-bizkaia-espana-2865_0.jpg", "area_m2": null, "osm_url": "https://www.openstreetmap.org/way/454092733", "edit_url": "https://www.openstreetmap.org/edit?way=454092733", "frontons_url": "https://www.frontons.net/fronton-pared-izquierda/48196-lezama-bizkaia-espana-2865.html", "estado": null}}, {"type": "Feature", "geometry": {"type": "Point", "coordinates": [-2.812896, 43.417143]}, "properties": {"sources": ["osm", "frontons"], "source": "osm+frontons", "confianza": "confirmado", "member_ids": ["osm/way/476649732", "frontons/2113", "frontons/2620"], "id": "osm/way/476649732", "region": "euskadi", "name": "Frontoia", "municipio": "Bakio", "tipo": "pared_izq", "cubierto": null, "direccion": "BI-3151 3 España", "foto": "https://static.frontons.net/data/photos/medium/fronton-pared-izquierda-48130-bakio-bizkaia-espana-2113_0.jpg", "area_m2": null, "osm_url": "https://www.openstreetmap.org/way/476649732", "edit_url": "https://www.openstreetmap.org/edit?way=476649732", "frontons_url": "https://www.frontons.net/fronton-pared-izquierda/48130-bakio-bizkaia-espana-2113.html", "estado": null}}, {"type": "Feature", "geometry": {"type": "Point", "coordinates": [-2.865443, 43.284326]}, "properties": {"sources": ["osm", "frontons"], "source": "osm+frontons", "confianza": "confirmado", "member_ids": ["osm/way/482031286", "frontons/2823"], "id": "osm/way/482031286", "region": "euskadi", "name": "Frontoia", "municipio": "Arteaga-San Martín", "tipo": "pared_izq", "cubierto": null, "direccion": "Sabino Arana Plaza 1 España", "foto": "https://static.frontons.net/data/photos/medium/fronton-pared-izquierda-48170-arteaga-san-martin-bizkaia-espana-2823_0.jpg", "area_m2": null, "osm_url": "https://www.openstreetmap.org/way/482031286", "edit_url": "https://www.openstreetmap.org/edit?way=482031286", "frontons_url": "https://www.frontons.net/fronton-pared-izquierda/48170-arteaga-san-martin-bizkaia-espana-2823.html", "estado": null}}, {"type": "Feature", "geometry": {"type": "Point", "coordinates": [-2.057285, 43.266319]}, "properties": {"sources": ["osm", "frontons"], "source": "osm+frontons", "confianza": "confirmado", "member_ids": ["osm/way/484400420", "frontons/2838"], "id": "osm/way/484400420", "region": "euskadi", "name": null, "municipio": "Usurbil", "tipo": "pared_izq", "cubierto": null, "direccion": "Santu-Enea Auzoa 31 España", "foto": "https://static.frontons.net/data/photos/medium/fronton-pared-izquierda-20170-usurbil-gipuzkoa-espana-2838_0.jpg", "area_m2": null, "osm_url": "https://www.openstreetmap.org/way/484400420", "edit_url": "https://www.openstreetmap.org/edit?way=484400420", "frontons_url": "https://www.frontons.net/fronton-pared-izquierda/20170-usurbil-gipuzkoa-espana-2838.html", "estado": null}}, {"type": "Feature", "geometry": {"type": "Point", "coordinates": [-2.153454, 43.28361]}, "properties": {"sources": ["osm"], "source": "osm", "confianza": "por_verificar", "member_ids": ["osm/way/484789837"], "id": "osm/way/484789837", "region": "euskadi", "name": null, "municipio": "Zarautz", "tipo": null, "cubierto": null, "direccion": null, "foto": null, "area_m2": null, "osm_url": "https://www.openstreetmap.org/way/484789837", "edit_url": "https://www.openstreetmap.org/edit?way=484789837", "estado": null}}, {"type": "Feature", "geometry": {"type": "Point", "coordinates": [-2.123084, 43.234944]}, "properties": {"sources": ["osm", "frontons"], "source": "osm+frontons", "confianza": "confirmado", "member_ids": ["osm/way/488322238", "frontons/2812"], "id": "osm/way/488322238", "region": "euskadi", "name": "Frontoia", "municipio": "Aia", "tipo": "pared_izq", "cubierto": null, "direccion": "Andatza Núcleo Gunea 6 España", "foto": "https://static.frontons.net/data/photos/medium/fronton-pared-izquierda-20809-aia-gipuzkoa-espana-2812_0.jpg", "area_m2": null, "osm_url": "https://www.openstreetmap.org/way/488322238", "edit_url": "https://www.openstreetmap.org/edit?way=488322238", "frontons_url": "https://www.frontons.net/fronton-pared-izquierda/20809-aia-gipuzkoa-espana-2812.html", "estado": null}}, {"type": "Feature", "geometry": {"type": "Point", "coordinates": [-2.391839, 42.849448]}, "properties": {"sources": ["osm", "frontons"], "source": "osm+frontons", "confianza": "confirmado", "member_ids": ["osm/way/488534721", "frontons/2919"], "id": "osm/way/488534721", "region": "euskadi", "name": "Frontón", "municipio": "Agurain / Salvatierra", "tipo": "pared_izq", "cubierto": null, "direccion": "Fueros Kalea 17 España", "foto": "https://static.frontons.net/data/photos/medium/fronton-pared-izquierda-01200-agurain-araba-espana-2919_0.jpg", "area_m2": null, "osm_url": "https://www.openstreetmap.org/way/488534721", "edit_url": "https://www.openstreetmap.org/edit?way=488534721", "frontons_url": "https://www.frontons.net/fronton-pared-izquierda/01200-agurain-araba-espana-2919.html", "estado": null}}, {"type": "Feature", "geometry": {"type": "Point", "coordinates": [-2.987047, 42.80275]}, "properties": {"sources": ["osm", "frontons"], "source": "osm+frontons", "confianza": "confirmado", "member_ids": ["osm/way/488554898", "frontons/2474"], "id": "osm/way/488554898", "region": "euskadi", "name": null, "municipio": "Salinas de Añana / Gesaltza Añana", "tipo": "pared_izq", "cubierto": null, "direccion": "Cerca Alta Kalea 2 España", "foto": "https://static.frontons.net/data/photos/medium/fronton-pared-izquierda-gesaltza-anana-araba-espana-2474_0.jpg", "area_m2": null, "osm_url": "https://www.openstreetmap.org/way/488554898", "edit_url": "https://www.openstreetmap.org/edit?way=488554898", "frontons_url": "https://www.frontons.net/fronton-pared-izquierda/gesaltza-anana-araba-espana-2474.html", "estado": null}}, {"type": "Feature", "geometry": {"type": "Point", "coordinates": [-2.829267, 42.949441]}, "properties": {"sources": ["osm", "frontons"], "source": "osm+frontons", "confianza": "confirmado", "member_ids": ["osm/way/488677934", "frontons/2277"], "id": "osm/way/488677934", "region": "euskadi", "name": "Frontón", "municipio": "Bitoriano", "tipo": "pared_izq", "cubierto": null, "direccion": "Herriko Kalea 30 España", "foto": "https://static.frontons.net/data/photos/medium/fronton-pared-izquierda-01139-bitoriano-araba-espana-2277_0.jpg", "area_m2": null, "osm_url": "https://www.openstreetmap.org/way/488677934", "edit_url": "https://www.openstreetmap.org/edit?way=488677934", "frontons_url": "https://www.frontons.net/fronton-pared-izquierda/01139-bitoriano-araba-espana-2277.html", "estado": null}}, {"type": "Feature", "geometry": {"type": "Point", "coordinates": [-2.512734, 43.326128]}, "properties": {"sources": ["osm", "frontons"], "source": "osm+frontons", "confianza": "confirmado", "member_ids": ["osm/way/491370113", "frontons/2217"], "id": "osm/way/491370113", "region": "euskadi", "name": null, "municipio": "Elexalde", "tipo": "pared_izq", "cubierto": null, "direccion": "Barrio 18 España", "foto": "https://static.frontons.net/data/photos/medium/fronton-pared-izquierda-48289-elexalde-bizkaia-espana-2217_0.jpg", "area_m2": null, "osm_url": "https://www.openstreetmap.org/way/491370113", "edit_url": "https://www.openstreetmap.org/edit?way=491370113", "frontons_url": "https://www.frontons.net/fronton-pared-izquierda/48289-elexalde-bizkaia-espana-2217.html", "estado": null}}, {"type": "Feature", "geometry": {"type": "Point", "coordinates": [-2.49, 42.891959]}, "properties": {"sources": ["osm", "frontons"], "source": "osm+frontons", "confianza": "confirmado", "member_ids": ["osm/way/494267036", "frontons/2933"], "id": "osm/way/494267036", "region": "euskadi", "name": null, "municipio": "Etura", "tipo": "pared_izq", "cubierto": null, "direccion": "Zelaia Kalea 2 España", "foto": "https://static.frontons.net/data/photos/medium/fronton-pared-izquierda-01206-etura-araba-espana-2933_0.jpg", "area_m2": null, "osm_url": "https://www.openstreetmap.org/way/494267036", "edit_url": "https://www.openstreetmap.org/edit?way=494267036", "frontons_url": "https://www.frontons.net/fronton-pared-izquierda/01206-etura-araba-espana-2933.html", "estado": null}}, {"type": "Feature", "geometry": {"type": "Point", "coordinates": [-2.356581, 43.29831]}, "properties": {"sources": ["osm", "frontons"], "source": "osm+frontons", "confianza": "confirmado", "member_ids": ["osm/way/496079931", "frontons/2699"], "id": "osm/way/496079931", "region": "euskadi", "name": "Ondarbeltz", "municipio": "Mutriku", "tipo": "pared_izq", "cubierto": null, "direccion": "GI-638 3 España", "foto": "https://static.frontons.net/data/photos/medium/fronton-pared-izquierda-20830-mutriku-guipuzcoa-espana-2699_0.jpg", "area_m2": null, "osm_url": "https://www.openstreetmap.org/way/496079931", "edit_url": "https://www.openstreetmap.org/edit?way=496079931", "frontons_url": "https://www.frontons.net/fronton-pared-izquierda/20830-mutriku-guipuzcoa-espana-2699.html", "estado": null}}, {"type": "Feature", "geometry": {"type": "Point", "coordinates": [-2.980018, 43.128138]}, "properties": {"sources": ["osm", "frontons"], "source": "osm+frontons", "confianza": "confirmado", "member_ids": ["osm/way/496474145", "frontons/2769"], "id": "osm/way/496474145", "region": "euskadi", "name": null, "municipio": "Laudio", "tipo": "pared_izq", "cubierto": null, "direccion": "Gardea Kalea 30 España", "foto": "https://static.frontons.net/data/photos/medium/fronton-pared-izquierda-01400-laudio-araba-espana-2769_0.jpg", "area_m2": null, "osm_url": "https://www.openstreetmap.org/way/496474145", "edit_url": "https://www.openstreetmap.org/edit?way=496474145", "frontons_url": "https://www.frontons.net/fronton-pared-izquierda/01400-laudio-araba-espana-2769.html", "estado": null}}, {"type": "Feature", "geometry": {"type": "Point", "coordinates": [-2.969424, 43.028387]}, "properties": {"sources": ["osm"], "source": "osm", "confianza": "por_verificar", "member_ids": ["osm/way/496485107"], "id": "osm/way/496485107", "region": "euskadi", "name": "Lezamako Frontoia", "municipio": "Aiarako kuadrilla", "tipo": null, "cubierto": null, "direccion": null, "foto": null, "area_m2": null, "osm_url": "https://www.openstreetmap.org/way/496485107", "edit_url": "https://www.openstreetmap.org/edit?way=496485107", "estado": null}}, {"type": "Feature", "geometry": {"type": "Point", "coordinates": [-2.095975, 43.102302]}, "properties": {"sources": ["osm"], "source": "osm", "confianza": "por_verificar", "member_ids": ["osm/way/498097834"], "id": "osm/way/498097834", "region": "euskadi", "name": null, "municipio": "Alegia", "tipo": null, "cubierto": null, "direccion": null, "foto": null, "area_m2": null, "osm_url": "https://www.openstreetmap.org/way/498097834", "edit_url": "https://www.openstreetmap.org/edit?way=498097834", "estado": null}}, {"type": "Feature", "geometry": {"type": "Point", "coordinates": [-2.12625, 43.093063]}, "properties": {"sources": ["osm"], "source": "osm", "confianza": "por_verificar", "member_ids": ["osm/way/498651038"], "id": "osm/way/498651038", "region": "euskadi", "name": null, "municipio": "Ikaztegieta", "tipo": null, "cubierto": null, "direccion": null, "foto": null, "area_m2": null, "osm_url": "https://www.openstreetmap.org/way/498651038", "edit_url": "https://www.openstreetmap.org/edit?way=498651038", "estado": null}}, {"type": "Feature", "geometry": {"type": "Point", "coordinates": [-2.199425, 43.046328]}, "properties": {"sources": ["osm", "frontons"], "source": "osm+frontons", "confianza": "confirmado", "member_ids": ["osm/way/499466122", "frontons/2320"], "id": "osm/way/499466122", "region": "euskadi", "name": "Pilotalekua", "municipio": "Beasain", "tipo": "pared_izq", "cubierto": null, "direccion": "Nafarroa Etorbidea 3 España", "foto": "https://static.frontons.net/data/photos/medium/fronton-pared-izquierda-20200-beasain-gipuzkoa-espana-2320_0.jpg", "area_m2": null, "osm_url": "https://www.openstreetmap.org/way/499466122", "edit_url": "https://www.openstreetmap.org/edit?way=499466122", "frontons_url": "https://www.frontons.net/fronton-pared-izquierda/20200-beasain-gipuzkoa-espana-2320.html", "estado": null}}, {"type": "Feature", "geometry": {"type": "Point", "coordinates": [-3.030968, 43.150242]}, "properties": {"sources": ["osm", "frontons"], "source": "osm+frontons", "confianza": "confirmado", "member_ids": ["osm/way/499868095", "frontons/2795"], "id": "osm/way/499868095", "region": "euskadi", "name": "Jai Alai", "municipio": "Okondo", "tipo": "pared_izq", "cubierto": null, "direccion": "Villachica Entitatea 27 España", "foto": "https://static.frontons.net/data/photos/medium/fronton-pared-izquierda-01409-okondo-araba-espana-2795_0.jpg", "area_m2": null, "osm_url": "https://www.openstreetmap.org/way/499868095", "edit_url": "https://www.openstreetmap.org/edit?way=499868095", "frontons_url": "https://www.frontons.net/fronton-pared-izquierda/01409-okondo-araba-espana-2795.html", "estado": null}}, {"type": "Feature", "geometry": {"type": "Point", "coordinates": [-2.29435, 42.956159]}, "properties": {"sources": ["osm"], "source": "osm", "confianza": "por_verificar", "member_ids": ["osm/way/502487485"], "id": "osm/way/502487485", "region": "euskadi", "name": null, "municipio": "Zegama", "tipo": null, "cubierto": null, "direccion": null, "foto": null, "area_m2": null, "osm_url": "https://www.openstreetmap.org/way/502487485", "edit_url": "https://www.openstreetmap.org/edit?way=502487485", "estado": null}}, {"type": "Feature", "geometry": {"type": "Point", "coordinates": [-2.319488, 42.75897]}, "properties": {"sources": ["osm", "frontons"], "source": "osm+frontons", "confianza": "confirmado", "member_ids": ["osm/way/503983691", "frontons/2390"], "id": "osm/way/503983691", "region": "euskadi", "name": "Frontón", "municipio": "Ullíbarri-Arana / Uribarri Harana", "tipo": "pared_izq", "cubierto": null, "direccion": "San Juan Kalea 7 España", "foto": "https://static.frontons.net/data/photos/medium/fronton-pared-izquierda-01117-ullibarri-arana-araba-espana-2390_0.jpg", "area_m2": null, "osm_url": "https://www.openstreetmap.org/way/503983691", "edit_url": "https://www.openstreetmap.org/edit?way=503983691", "frontons_url": "https://www.frontons.net/fronton-pared-izquierda/01117-ullibarri-arana-araba-espana-2390.html", "estado": null}}, {"type": "Feature", "geometry": {"type": "Point", "coordinates": [-2.295562, 42.770407]}, "properties": {"sources": ["osm", "frontons"], "source": "osm+frontons", "confianza": "confirmado", "member_ids": ["osm/way/503984551", "frontons/2389"], "id": "osm/way/503984551", "region": "euskadi", "name": "Frontón", "municipio": "Kontrasta", "tipo": "pared_izq", "cubierto": null, "direccion": "San Salvador Kalea 4 España", "foto": "https://static.frontons.net/data/photos/medium/fronton-pared-izquierda-01117-kontrasta-araba-espana-2389_0.jpg", "area_m2": null, "osm_url": "https://www.openstreetmap.org/way/503984551", "edit_url": "https://www.openstreetmap.org/edit?way=503984551", "frontons_url": "https://www.frontons.net/fronton-pared-izquierda/01117-kontrasta-araba-espana-2389.html", "estado": null}}, {"type": "Feature", "geometry": {"type": "Point", "coordinates": [-2.259732, 43.04259]}, "properties": {"sources": ["osm", "frontons"], "source": "osm+frontons", "confianza": "confirmado", "member_ids": ["osm/way/507059359", "frontons/2273", "frontons/2274"], "id": "osm/way/507059359", "region": "euskadi", "name": "Zubipe frontoia", "municipio": "Ormaiztegi", "tipo": "pared_izq", "cubierto": null, "direccion": "Gabirialde Kalea 20-18 España", "foto": "https://static.frontons.net/data/photos/medium/fronton-pared-izquierda-20216-ormaiztegi-gipuzkoa-espana-2273_0.jpg", "area_m2": null, "osm_url": "https://www.openstreetmap.org/way/507059359", "edit_url": "https://www.openstreetmap.org/edit?way=507059359", "frontons_url": "https://www.frontons.net/fronton-pared-izquierda/20216-ormaiztegi-gipuzkoa-espana-2273.html", "estado": null}}, {"type": "Feature", "geometry": {"type": "Point", "coordinates": [-3.094742, 43.212574]}, "properties": {"sources": ["osm", "frontons"], "source": "osm+frontons", "confianza": "confirmado", "member_ids": ["osm/way/508195902", "frontons/2689", "frontons/2690"], "id": "osm/way/508195902", "region": "euskadi", "name": "Frontón", "municipio": "Gueñes", "tipo": "pared_izq", "cubierto": null, "direccion": "Galdotxa Arana Plaza 1 España", "foto": "https://static.frontons.net/data/photos/medium/fronton-pared-izquierda-48840-guenes-bizkaia-espana-2689_0.jpg", "area_m2": null, "osm_url": "https://www.openstreetmap.org/way/508195902", "edit_url": "https://www.openstreetmap.org/edit?way=508195902", "frontons_url": "https://www.frontons.net/fronton-pared-izquierda/48840-guenes-bizkaia-espana-2689.html", "estado": null}}, {"type": "Feature", "geometry": {"type": "Point", "coordinates": [-2.808501, 42.818226]}, "properties": {"sources": ["osm", "frontons"], "source": "osm+frontons", "confianza": "confirmado", "member_ids": ["osm/way/508772533", "frontons/2904"], "id": "osm/way/508772533", "region": "euskadi", "name": "Pilotalekua", "municipio": "Nanclares de la Oca / Langraiz Oka", "tipo": "pared_izq", "cubierto": null, "direccion": "Lehendakari Jose Antonio Aguirre Lekube Parkea 2 España", "foto": "https://static.frontons.net/data/photos/medium/fronton-pared-izquierda-01230-nanclares-de-la-oca-araba-espana-2904_0.jpg", "area_m2": null, "osm_url": "https://www.openstreetmap.org/way/508772533", "edit_url": "https://www.openstreetmap.org/edit?way=508772533", "frontons_url": "https://www.frontons.net/fronton-pared-izquierda/01230-nanclares-de-la-oca-araba-espana-2904.html", "estado": null}}, {"type": "Feature", "geometry": {"type": "Point", "coordinates": [-2.590659, 42.932265]}, "properties": {"sources": ["osm"], "source": "osm", "confianza": "por_verificar", "member_ids": ["osm/way/508774711"], "id": "osm/way/508774711", "region": "euskadi", "name": null, "municipio": "Arratzua-Ubarrundia", "tipo": null, "cubierto": null, "direccion": null, "foto": null, "area_m2": null, "osm_url": "https://www.openstreetmap.org/way/508774711", "edit_url": "https://www.openstreetmap.org/edit?way=508774711", "estado": null}}, {"type": "Feature", "geometry": {"type": "Point", "coordinates": [-3.135007, 43.127955]}, "properties": {"sources": ["osm", "frontons"], "source": "osm+frontons", "confianza": "confirmado", "member_ids": ["osm/way/508790085", "frontons/2815"], "id": "osm/way/508790085", "region": "euskadi", "name": null, "municipio": "Artziniega", "tipo": "pared_izq", "cubierto": null, "direccion": "Barrio la Encina 1 España", "foto": "https://static.frontons.net/data/photos/medium/fronton-pared-izquierda-01474-artziniega-alava-espana-2815_0.jpg", "area_m2": null, "osm_url": "https://www.openstreetmap.org/way/508790085", "edit_url": "https://www.openstreetmap.org/edit?way=508790085", "frontons_url": "https://www.frontons.net/fronton-pared-izquierda/01474-artziniega-alava-espana-2815.html", "estado": null}}, {"type": "Feature", "geometry": {"type": "Point", "coordinates": [-3.097814, 42.848309]}, "properties": {"sources": ["osm", "frontons"], "source": "osm+frontons", "confianza": "confirmado", "member_ids": ["osm/way/509201756", "frontons/2171"], "id": "osm/way/509201756", "region": "euskadi", "name": null, "municipio": "Villanueva de Valdegovía", "tipo": "pared_izq", "cubierto": null, "direccion": "Arquitecto Jesus Guinea Kalea 44 Val govía España", "foto": "https://static.frontons.net/data/photos/medium/fronton-pared-izquierda-villanueva-de-valdegovia-araba-espana-2171_0.jpg", "area_m2": null, "osm_url": "https://www.openstreetmap.org/way/509201756", "edit_url": "https://www.openstreetmap.org/edit?way=509201756", "frontons_url": "https://www.frontons.net/fronton-pared-izquierda/villanueva-de-valdegovia-araba-espana-2171.html", "estado": null}}, {"type": "Feature", "geometry": {"type": "Point", "coordinates": [-2.860028, 42.683036]}, "properties": {"sources": ["osm", "frontons"], "source": "osm+frontons", "confianza": "confirmado", "member_ids": ["osm/way/509430229", "frontons/2310"], "id": "osm/way/509430229", "region": "euskadi", "name": null, "municipio": "Berantevilla", "tipo": "pared_izq", "cubierto": null, "direccion": "Abajo Kalea 1 España", "foto": "https://static.frontons.net/data/photos/medium/fronton-pared-izquierda-01211-berantevilla-araba-espana-2310_0.jpg", "area_m2": null, "osm_url": "https://www.openstreetmap.org/way/509430229", "edit_url": "https://www.openstreetmap.org/edit?way=509430229", "frontons_url": "https://www.frontons.net/fronton-pared-izquierda/01211-berantevilla-araba-espana-2310.html", "estado": null}}, {"type": "Feature", "geometry": {"type": "Point", "coordinates": [-2.714481, 42.643696]}, "properties": {"sources": ["osm", "frontons"], "source": "osm+frontons", "confianza": "confirmado", "member_ids": ["osm/way/509453875", "frontons/2679"], "id": "osm/way/509453875", "region": "euskadi", "name": null, "municipio": "Urizaharra", "tipo": "pared_izq", "cubierto": null, "direccion": "Peñacerrada Entitatea 14 España", "foto": "https://static.frontons.net/data/photos/medium/fronton-pared-izquierda-01212-urizaharra-araba-espana-2679_0.jpg", "area_m2": null, "osm_url": "https://www.openstreetmap.org/way/509453875", "edit_url": "https://www.openstreetmap.org/edit?way=509453875", "frontons_url": "https://www.frontons.net/fronton-pared-izquierda/01212-urizaharra-araba-espana-2679.html", "estado": null}}, {"type": "Feature", "geometry": {"type": "Point", "coordinates": [-2.793956, 42.589691]}, "properties": {"sources": ["osm", "frontons"], "source": "osm+frontons", "confianza": "confirmado", "member_ids": ["osm/way/509457639", "frontons/2487"], "id": "osm/way/509457639", "region": "euskadi", "name": "Bastidako frontoi zaharra", "municipio": "Labastida", "tipo": "pared_izq", "cubierto": null, "direccion": "La Florida Kalea 5 España", "foto": "https://static.frontons.net/data/photos/medium/fronton-pared-izquierda-01330-labastida-araba-espana-2487_0.jpg", "area_m2": null, "osm_url": "https://www.openstreetmap.org/way/509457639", "edit_url": "https://www.openstreetmap.org/edit?way=509457639", "frontons_url": "https://www.frontons.net/fronton-pared-izquierda/01330-labastida-araba-espana-2487.html", "estado": null}}, {"type": "Feature", "geometry": {"type": "Point", "coordinates": [-2.908209, 42.805882]}, "properties": {"sources": ["osm", "frontons"], "source": "osm+frontons", "confianza": "confirmado", "member_ids": ["osm/way/509592396", "frontons/2671"], "id": "osm/way/509592396", "region": "euskadi", "name": "Frontón de Ribera Alta", "municipio": "Pobes", "tipo": "pared_izq", "cubierto": true, "direccion": "Pobes Entitatea 17 España", "foto": "https://static.frontons.net/data/photos/medium/fronton-pared-izquierda-01420-araba-espana-2671_0.jpg", "area_m2": null, "osm_url": "https://www.openstreetmap.org/way/509592396", "edit_url": "https://www.openstreetmap.org/edit?way=509592396", "frontons_url": "https://www.frontons.net/fronton-pared-izquierda/01420-araba-espana-2671.html", "estado": null}}, {"type": "Feature", "geometry": {"type": "Point", "coordinates": [-2.682388, 42.567404]}, "properties": {"sources": ["osm", "frontons"], "source": "osm+frontons", "confianza": "confirmado", "member_ids": ["osm/way/511841851", "frontons/2393"], "id": "osm/way/511841851", "region": "euskadi", "name": null, "municipio": "Samaniego", "tipo": "pared_izq", "cubierto": null, "direccion": "Constitución Kalea España", "foto": "https://static.frontons.net/data/photos/medium/fronton-pared-izquierda-01307-samaniego-araba-espana-2393_0.jpg", "area_m2": null, "osm_url": "https://www.openstreetmap.org/way/511841851", "edit_url": "https://www.openstreetmap.org/edit?way=511841851", "frontons_url": "https://www.frontons.net/fronton-pared-izquierda/01307-samaniego-araba-espana-2393.html", "estado": null}}, {"type": "Feature", "geometry": {"type": "Point", "coordinates": [-3.021543, 43.36681]}, "properties": {"sources": ["osm", "frontons"], "source": "osm+frontons", "confianza": "confirmado", "member_ids": ["osm/way/512368391", "frontons/2973"], "id": "osm/way/512368391", "region": "euskadi", "name": null, "municipio": "Getxo", "tipo": "pared_izq", "cubierto": null, "direccion": "Diliz Estrata 5D España", "foto": "https://static.frontons.net/data/photos/medium/fronton-pared-izquierda-48993-bizkaia-espana-2973_0.jpg", "area_m2": null, "osm_url": "https://www.openstreetmap.org/way/512368391", "edit_url": "https://www.openstreetmap.org/edit?way=512368391", "frontons_url": "https://www.frontons.net/fronton-pared-izquierda/48993-bizkaia-espana-2973.html", "estado": null}}, {"type": "Feature", "geometry": {"type": "Point", "coordinates": [-3.214405, 43.241579]}, "properties": {"sources": ["osm", "frontons"], "source": "osm+frontons", "confianza": "confirmado", "member_ids": ["osm/way/512539413", "frontons/2706"], "id": "osm/way/512539413", "region": "euskadi", "name": null, "municipio": "Traslaviña", "tipo": "pared_izq", "cubierto": null, "direccion": "Etorbidea Lehendakari Agirre 28 España", "foto": "https://static.frontons.net/data/photos/medium/fronton-pared-izquierda-48879-traslavina-bizkaia-espana-2706_0.jpg", "area_m2": null, "osm_url": "https://www.openstreetmap.org/way/512539413", "edit_url": "https://www.openstreetmap.org/edit?way=512539413", "frontons_url": "https://www.frontons.net/fronton-pared-izquierda/48879-traslavina-bizkaia-espana-2706.html", "estado": null}}, {"type": "Feature", "geometry": {"type": "Point", "coordinates": [-3.221789, 43.250967]}, "properties": {"sources": ["osm", "frontons"], "source": "osm+frontons", "confianza": "confirmado", "member_ids": ["osm/way/512539543", "frontons/2167"], "id": "osm/way/512539543", "region": "euskadi", "name": null, "municipio": "San Miguel", "tipo": "pared_izq", "cubierto": null, "direccion": "Lugar Barrio de Linares 1C España", "foto": "https://static.frontons.net/data/photos/medium/fronton-pared-izquierda-48879-san-miguel-bizkaia-espana-2167_0.jpg", "area_m2": null, "osm_url": "https://www.openstreetmap.org/way/512539543", "edit_url": "https://www.openstreetmap.org/edit?way=512539543", "frontons_url": "https://www.frontons.net/fronton-pared-izquierda/48879-san-miguel-bizkaia-espana-2167.html", "estado": null}}, {"type": "Feature", "geometry": {"type": "Point", "coordinates": [-2.852, 43.230995]}, "properties": {"sources": ["osm", "frontons"], "source": "osm+frontons", "confianza": "confirmado", "member_ids": ["osm/way/513128494", "frontons/2705"], "id": "osm/way/513128494", "region": "euskadi", "name": "Frontón", "municipio": "Galdakao", "tipo": "pared_izq", "cubierto": null, "direccion": "Kalea Hermano Victor 19004 España", "foto": "https://static.frontons.net/data/photos/medium/fronton-pared-izquierda-48960-galdakao-bizkaia-espana-2705_0.jpg", "area_m2": null, "osm_url": "https://www.openstreetmap.org/way/513128494", "edit_url": "https://www.openstreetmap.org/edit?way=513128494", "frontons_url": "https://www.frontons.net/fronton-pared-izquierda/48960-galdakao-bizkaia-espana-2705.html", "estado": null}}, {"type": "Feature", "geometry": {"type": "Point", "coordinates": [-2.665508, 42.547922]}, "properties": {"sources": ["osm", "frontons"], "source": "osm+frontons", "confianza": "confirmado", "member_ids": ["osm/way/516612157", "frontons/2435"], "id": "osm/way/516612157", "region": "euskadi", "name": null, "municipio": "Eskuernaga", "tipo": "pared_izq", "cubierto": null, "direccion": "Herreria Kalea 21 España", "foto": "https://static.frontons.net/data/photos/medium/fronton-pared-izquierda-01307-eskuernaga-araba-espana-2435_0.jpg", "area_m2": null, "osm_url": "https://www.openstreetmap.org/way/516612157", "edit_url": "https://www.openstreetmap.org/edit?way=516612157", "frontons_url": "https://www.frontons.net/fronton-pared-izquierda/01307-eskuernaga-araba-espana-2435.html", "estado": null}}, {"type": "Feature", "geometry": {"type": "Point", "coordinates": [-2.573887, 43.168779]}, "properties": {"sources": ["osm", "frontons"], "source": "osm+frontons", "confianza": "confirmado", "member_ids": ["osm/way/518035427", "frontons/2666"], "id": "osm/way/518035427", "region": "euskadi", "name": "Frontón cubierto", "municipio": "Berriz", "tipo": "pared_izq", "cubierto": null, "direccion": "Plaza Olakueta 6 España", "foto": "https://static.frontons.net/data/photos/medium/fronton-pared-izquierda-48240-berriz-bizkaia-espana-2666_0.jpg", "area_m2": null, "osm_url": "https://www.openstreetmap.org/way/518035427", "edit_url": "https://www.openstreetmap.org/edit?way=518035427", "frontons_url": "https://www.frontons.net/fronton-pared-izquierda/48240-berriz-bizkaia-espana-2666.html", "estado": null}}, {"type": "Feature", "geometry": {"type": "Point", "coordinates": [-1.975942, 43.265743]}, "properties": {"sources": ["osm", "frontons"], "source": "osm+frontons", "confianza": "confirmado", "member_ids": ["osm/way/518038714", "frontons/2940"], "id": "osm/way/518038714", "region": "euskadi", "name": "Tilosetako frontoia", "municipio": "Hernani", "tipo": "pared_izq", "cubierto": null, "direccion": "Ispizua Kalea 7 España", "foto": "https://static.frontons.net/data/photos/medium/fronton-pared-izquierda-20120-hernani-gipuzkoa-espana-2940_0.jpg", "area_m2": null, "osm_url": "https://www.openstreetmap.org/way/518038714", "edit_url": "https://www.openstreetmap.org/edit?way=518038714", "frontons_url": "https://www.frontons.net/fronton-pared-izquierda/20120-hernani-gipuzkoa-espana-2940.html", "estado": null}}, {"type": "Feature", "geometry": {"type": "Point", "coordinates": [-3.200246, 43.273002]}, "properties": {"sources": ["osm", "frontons"], "source": "osm+frontons", "confianza": "confirmado", "member_ids": ["osm/way/525102390", "frontons/2778"], "id": "osm/way/525102390", "region": "euskadi", "name": "Frontón de Alen", "municipio": "Alén", "tipo": "pared_izq", "cubierto": null, "direccion": "Lugar Barrio Alen 6A España", "foto": "https://static.frontons.net/data/photos/medium/fronton-pared-izquierda-48870-alen-bizkaia-espana-2778_0.jpg", "area_m2": null, "osm_url": "https://www.openstreetmap.org/way/525102390", "edit_url": "https://www.openstreetmap.org/edit?way=525102390", "frontons_url": "https://www.frontons.net/fronton-pared-izquierda/48870-alen-bizkaia-espana-2778.html", "estado": null}}, {"type": "Feature", "geometry": {"type": "Point", "coordinates": [-2.950402, 43.404842]}, "properties": {"sources": ["osm", "frontons"], "source": "osm+frontons", "confianza": "confirmado", "member_ids": ["osm/way/526810204", "frontons/2798"], "id": "osm/way/526810204", "region": "euskadi", "name": "Frontón", "municipio": "Plentzia", "tipo": "pared_izq", "cubierto": null, "direccion": "Parque Kiroleta 2A España", "foto": "https://static.frontons.net/data/photos/medium/fronton-pared-izquierda-48620-plentzia-bizkaia-espana-2798_0.jpg", "area_m2": null, "osm_url": "https://www.openstreetmap.org/way/526810204", "edit_url": "https://www.openstreetmap.org/edit?way=526810204", "frontons_url": "https://www.frontons.net/fronton-pared-izquierda/48620-plentzia-bizkaia-espana-2798.html", "estado": null}}, {"type": "Feature", "geometry": {"type": "Point", "coordinates": [-2.708285, 42.838163]}, "properties": {"sources": ["osm"], "source": "osm", "confianza": "por_verificar", "member_ids": ["osm/way/528408301"], "id": "osm/way/528408301", "region": "euskadi", "name": null, "municipio": "Vitoria-Gasteiz", "tipo": null, "cubierto": null, "direccion": null, "foto": null, "area_m2": null, "osm_url": "https://www.openstreetmap.org/way/528408301", "edit_url": "https://www.openstreetmap.org/edit?way=528408301", "estado": null}}, {"type": "Feature", "geometry": {"type": "Point", "coordinates": [-2.598152, 43.115419]}, "properties": {"sources": ["osm", "frontons"], "source": "osm+frontons", "confianza": "confirmado", "member_ids": ["osm/way/529031472", "frontons/2623"], "id": "osm/way/529031472", "region": "euskadi", "name": "Axpeko Frontoia", "municipio": "Axpe", "tipo": "pared_izq", "cubierto": null, "direccion": "San Juan Plaza 6 España", "foto": "https://static.frontons.net/data/photos/medium/fronton-pared-izquierda-48291-axpe-bizkaia-espana-2623_0.jpg", "area_m2": null, "osm_url": "https://www.openstreetmap.org/way/529031472", "edit_url": "https://www.openstreetmap.org/edit?way=529031472", "frontons_url": "https://www.frontons.net/fronton-pared-izquierda/48291-axpe-bizkaia-espana-2623.html", "estado": null}}, {"type": "Feature", "geometry": {"type": "Point", "coordinates": [-2.68851, 43.023294]}, "properties": {"sources": ["osm", "frontons"], "source": "osm+frontons", "confianza": "confirmado", "member_ids": ["osm/way/533429204", "frontons/2190"], "id": "osm/way/533429204", "region": "euskadi", "name": "Udal Pilotalekua", "municipio": "Ubidea", "tipo": "pared_izq", "cubierto": null, "direccion": "Diseminados de Zigoitia Barreiatua 7 España", "foto": "https://static.frontons.net/data/photos/medium/fronton-pared-izquierda-01138-ubidea-araba-espana-2190_0.jpg", "area_m2": null, "osm_url": "https://www.openstreetmap.org/way/533429204", "edit_url": "https://www.openstreetmap.org/edit?way=533429204", "frontons_url": "https://www.frontons.net/fronton-pared-izquierda/01138-ubidea-araba-espana-2190.html", "estado": null}}, {"type": "Feature", "geometry": {"type": "Point", "coordinates": [-2.697056, 43.407174]}, "properties": {"sources": ["osm", "frontons"], "source": "osm+frontons", "confianza": "confirmado", "member_ids": ["osm/way/535043170", "frontons/2253", "frontons/2345"], "id": "osm/way/535043170", "region": "euskadi", "name": "Frontoia", "municipio": "Mundaka", "tipo": "pared_izq", "cubierto": null, "direccion": "Paseo Talaiako 1 España", "foto": "https://static.frontons.net/data/photos/medium/fronton-pared-izquierda-48360-mundaka-bizkaia-espana-2253_0.jpg", "area_m2": null, "osm_url": "https://www.openstreetmap.org/way/535043170", "edit_url": "https://www.openstreetmap.org/edit?way=535043170", "frontons_url": "https://www.frontons.net/fronton-pared-izquierda/48360-mundaka-bizkaia-espana-2253.html", "estado": null}}, {"type": "Feature", "geometry": {"type": "Point", "coordinates": [-2.479786, 42.731074]}, "properties": {"sources": ["osm", "frontons"], "source": "osm+frontons", "confianza": "confirmado", "member_ids": ["osm/way/543312164", "frontons/2530"], "id": "osm/way/543312164", "region": "euskadi", "name": null, "municipio": "Apellaniz", "tipo": "pared_izq", "cubierto": null, "direccion": "Elespara Auzoa 5 España", "foto": "https://static.frontons.net/data/photos/medium/fronton-pared-izquierda-01129-apellaniz-araba-espana-2530_0.jpg", "area_m2": null, "osm_url": "https://www.openstreetmap.org/way/543312164", "edit_url": "https://www.openstreetmap.org/edit?way=543312164", "frontons_url": "https://www.frontons.net/fronton-pared-izquierda/01129-apellaniz-araba-espana-2530.html", "estado": null}}, {"type": "Feature", "geometry": {"type": "Point", "coordinates": [-2.254567, 43.290545]}, "properties": {"sources": ["osm", "frontons"], "source": "osm+frontons", "confianza": "confirmado", "member_ids": ["osm/way/550873611", "osm/way/1365951394", "frontons/2762"], "id": "osm/way/550873611", "region": "euskadi", "name": "Aitzuri pilotalekua", "municipio": "Zumaia", "tipo": "pared_izq", "cubierto": null, "direccion": "Aita Mari Auzategia Auzoa 45 España", "foto": "https://static.frontons.net/data/photos/medium/fronton-pared-izquierda-20750-zumaia-gipuzkoa-espana-2762_0.jpg", "area_m2": null, "osm_url": "https://www.openstreetmap.org/way/550873611", "edit_url": "https://www.openstreetmap.org/edit?way=550873611", "frontons_url": "https://www.frontons.net/fronton-pared-izquierda/20750-zumaia-gipuzkoa-espana-2762.html", "estado": null}}, {"type": "Feature", "geometry": {"type": "Point", "coordinates": [-2.47883, 43.18196]}, "properties": {"sources": ["osm", "frontons"], "source": "osm+frontons", "confianza": "confirmado", "member_ids": ["osm/way/550909224", "frontons/2743"], "id": "osm/way/550909224", "region": "euskadi", "name": "Ipurua kiroldegia", "municipio": "Eibar", "tipo": "pared_izq", "cubierto": null, "direccion": "Santainés Kalea 7 España", "foto": "https://static.frontons.net/data/photos/medium/fronton-pared-izquierda-20600-eibar-gipuzkoa-espana-2743_0.jpg", "area_m2": null, "osm_url": "https://www.openstreetmap.org/way/550909224", "edit_url": "https://www.openstreetmap.org/edit?way=550909224", "frontons_url": "https://www.frontons.net/fronton-pared-izquierda/20600-eibar-gipuzkoa-espana-2743.html", "estado": null}}, {"type": "Feature", "geometry": {"type": "Point", "coordinates": [-2.022832, 43.116827]}, "properties": {"sources": ["osm"], "source": "osm", "confianza": "por_verificar", "member_ids": ["osm/way/552696252"], "id": "osm/way/552696252", "region": "euskadi", "name": null, "municipio": "Gaztelu", "tipo": null, "cubierto": null, "direccion": null, "foto": null, "area_m2": null, "osm_url": "https://www.openstreetmap.org/way/552696252", "edit_url": "https://www.openstreetmap.org/edit?way=552696252", "estado": null}}, {"type": "Feature", "geometry": {"type": "Point", "coordinates": [-2.431125, 43.142448]}, "properties": {"sources": ["osm", "frontons"], "source": "osm+frontons", "confianza": "confirmado", "member_ids": ["osm/way/553124122", "frontons/2511"], "id": "osm/way/553124122", "region": "euskadi", "name": "Basalgo", "municipio": "Basalgo", "tipo": "pared_izq", "cubierto": null, "direccion": "Auzoa 3B España", "foto": "https://static.frontons.net/data/photos/medium/fronton-pared-izquierda-20570-basalgo-gipuzkoa-espana-2511_0.jpg", "area_m2": null, "osm_url": "https://www.openstreetmap.org/way/553124122", "edit_url": "https://www.openstreetmap.org/edit?way=553124122", "frontons_url": "https://www.frontons.net/fronton-pared-izquierda/20570-basalgo-gipuzkoa-espana-2511.html", "estado": null}}, {"type": "Feature", "geometry": {"type": "Point", "coordinates": [-2.051433, 43.124413]}, "properties": {"sources": ["osm"], "source": "osm", "confianza": "por_verificar", "member_ids": ["osm/way/553784418"], "id": "osm/way/553784418", "region": "euskadi", "name": "Ttonttorpe pilotalekua", "municipio": "Leaburu", "tipo": null, "cubierto": null, "direccion": null, "foto": null, "area_m2": null, "osm_url": "https://www.openstreetmap.org/way/553784418", "edit_url": "https://www.openstreetmap.org/edit?way=553784418", "estado": null}}, {"type": "Feature", "geometry": {"type": "Point", "coordinates": [-2.40999, 43.215171]}, "properties": {"sources": ["osm"], "source": "osm", "confianza": "por_verificar", "member_ids": ["osm/way/555779971"], "id": "osm/way/555779971", "region": "euskadi", "name": null, "municipio": "Elgoibar", "tipo": null, "cubierto": null, "direccion": null, "foto": null, "area_m2": null, "osm_url": "https://www.openstreetmap.org/way/555779971", "edit_url": "https://www.openstreetmap.org/edit?way=555779971", "estado": null}}, {"type": "Feature", "geometry": {"type": "Point", "coordinates": [-2.028609, 43.311198]}, "properties": {"sources": ["osm"], "source": "osm", "confianza": "por_verificar", "member_ids": ["osm/way/556086181"], "id": "osm/way/556086181", "region": "euskadi", "name": null, "municipio": "Donostia / San Sebastián", "tipo": null, "cubierto": null, "direccion": null, "foto": null, "area_m2": null, "osm_url": "https://www.openstreetmap.org/way/556086181", "edit_url": "https://www.openstreetmap.org/edit?way=556086181", "estado": null}}, {"type": "Feature", "geometry": {"type": "Point", "coordinates": [-2.025992, 43.311981]}, "properties": {"sources": ["osm", "frontons"], "source": "osm+frontons", "confianza": "confirmado", "member_ids": ["osm/way/556086204", "frontons/2967"], "id": "osm/way/556086204", "region": "euskadi", "name": null, "municipio": "Donostia", "tipo": "pared_izq", "cubierto": null, "direccion": "Gudamendi Bidea 23 España", "foto": "https://static.frontons.net/data/photos/medium/fronton-pared-izquierda-20008-donostia-gipuzkoa-espana-2967_0.jpg", "area_m2": null, "osm_url": "https://www.openstreetmap.org/way/556086204", "edit_url": "https://www.openstreetmap.org/edit?way=556086204", "frontons_url": "https://www.frontons.net/fronton-pared-izquierda/20008-donostia-gipuzkoa-espana-2967.html", "estado": null}}, {"type": "Feature", "geometry": {"type": "Point", "coordinates": [-2.467235, 43.307918]}, "properties": {"sources": ["osm", "frontons"], "source": "osm+frontons", "confianza": "confirmado", "member_ids": ["osm/way/568569533", "osm/way/568569535", "frontons/1499", "frontons/2138"], "id": "osm/way/568569533", "region": "euskadi", "name": "Frontón Mendibarren", "municipio": "Berriatua", "tipo": "pared_izq", "cubierto": null, "direccion": "Zeharbide Kalea 10 España", "foto": "https://static.frontons.net/data/photos/medium/fronton-pared-izquierda-48710-berriatua-bizkaia-espana-1499_0.jpg", "area_m2": null, "osm_url": "https://www.openstreetmap.org/way/568569533", "edit_url": "https://www.openstreetmap.org/edit?way=568569533", "frontons_url": "https://www.frontons.net/fronton-pared-izquierda/48710-berriatua-bizkaia-espana-1499.html", "estado": null}}, {"type": "Feature", "geometry": {"type": "Point", "coordinates": [-2.502773, 43.035268]}, "properties": {"sources": ["osm", "frontons"], "source": "osm+frontons", "confianza": "confirmado", "member_ids": ["osm/way/576895376", "frontons/2697"], "id": "osm/way/576895376", "region": "euskadi", "name": "Iturrigorri", "municipio": "Aretxabaleta", "tipo": "pared_izq", "cubierto": null, "direccion": "Santakurtz Kalea 19A España", "foto": "https://static.frontons.net/data/photos/medium/fronton-pared-izquierda-20550-aretxabaleta-gipuzkoa-espana-2697_0.jpg", "area_m2": null, "osm_url": "https://www.openstreetmap.org/way/576895376", "edit_url": "https://www.openstreetmap.org/edit?way=576895376", "frontons_url": "https://www.frontons.net/fronton-pared-izquierda/20550-aretxabaleta-gipuzkoa-espana-2697.html", "estado": null}}, {"type": "Feature", "geometry": {"type": "Point", "coordinates": [-2.664809, 42.833687]}, "properties": {"sources": ["osm", "frontons"], "source": "osm+frontons", "confianza": "confirmado", "member_ids": ["osm/way/584451463", "frontons/2971", "frontons/3147", "frontons/3148"], "id": "osm/way/584451463", "region": "euskadi", "name": "Adurtzako frontoia", "municipio": "Vitoria-Gasteiz", "tipo": "pared_izq", "cubierto": null, "direccion": "Iturritxu Kalea 8 España", "foto": "https://static.frontons.net/data/photos/medium/fronton-pared-izquierda-01006-vitoria-gasteiz-araba-espana-2971_0.jpg", "area_m2": null, "osm_url": "https://www.openstreetmap.org/way/584451463", "edit_url": "https://www.openstreetmap.org/edit?way=584451463", "frontons_url": "https://www.frontons.net/fronton-pared-izquierda/01006-vitoria-gasteiz-araba-espana-2971.html", "estado": null}}, {"type": "Feature", "geometry": {"type": "Point", "coordinates": [-2.829948, 43.275306]}, "properties": {"sources": ["osm"], "source": "osm", "confianza": "por_verificar", "member_ids": ["osm/way/603011430"], "id": "osm/way/603011430", "region": "euskadi", "name": "Frontón", "municipio": "Lezama", "tipo": null, "cubierto": null, "direccion": null, "foto": null, "area_m2": null, "osm_url": "https://www.openstreetmap.org/way/603011430", "edit_url": "https://www.openstreetmap.org/edit?way=603011430", "estado": null}}, {"type": "Feature", "geometry": {"type": "Point", "coordinates": [-1.877146, 43.298116]}, "properties": {"sources": ["osm"], "source": "osm", "confianza": "por_verificar", "member_ids": ["osm/way/611316364"], "id": "osm/way/611316364", "region": "euskadi", "name": null, "municipio": "Elizalde", "tipo": null, "cubierto": null, "direccion": null, "foto": null, "area_m2": null, "osm_url": "https://www.openstreetmap.org/way/611316364", "edit_url": "https://www.openstreetmap.org/edit?way=611316364", "estado": null}}, {"type": "Feature", "geometry": {"type": "Point", "coordinates": [-2.260233, 43.254972]}, "properties": {"sources": ["osm", "frontons"], "source": "osm+frontons", "confianza": "confirmado", "member_ids": ["osm/way/612340870", "frontons/2786"], "id": "osm/way/612340870", "region": "euskadi", "name": null, "municipio": "Iraeta", "tipo": "pared_izq", "cubierto": null, "direccion": "Kalea Olaizola Eta Uria 2B España", "foto": "https://static.frontons.net/data/photos/medium/fronton-pared-izquierda-20749-iraeta-gipuzkoa-espana-2786_0.jpg", "area_m2": null, "osm_url": "https://www.openstreetmap.org/way/612340870", "edit_url": "https://www.openstreetmap.org/edit?way=612340870", "frontons_url": "https://www.frontons.net/fronton-pared-izquierda/20749-iraeta-gipuzkoa-espana-2786.html", "estado": null}}, {"type": "Feature", "geometry": {"type": "Point", "coordinates": [-2.030598, 43.21037]}, "properties": {"sources": ["osm"], "source": "osm", "confianza": "por_verificar", "member_ids": ["osm/way/614227283"], "id": "osm/way/614227283", "region": "euskadi", "name": null, "municipio": "Andoain", "tipo": null, "cubierto": null, "direccion": null, "foto": null, "area_m2": null, "osm_url": "https://www.openstreetmap.org/way/614227283", "edit_url": "https://www.openstreetmap.org/edit?way=614227283", "estado": null}}, {"type": "Feature", "geometry": {"type": "Point", "coordinates": [-2.702277, 43.255931]}, "properties": {"sources": ["osm", "frontons"], "source": "osm+frontons", "confianza": "confirmado", "member_ids": ["osm/way/617592219", "frontons/2475", "frontons/2483"], "id": "osm/way/617592219", "region": "euskadi", "name": "Gorozikako udal pilotalekua", "municipio": "Muxika", "tipo": "pared_izq", "cubierto": null, "direccion": "Lugar Barrio Gorozika 25BIS España", "foto": "https://static.frontons.net/data/photos/medium/fronton-pared-izquierda-48391-bizkaia-espana-2475_0.jpg", "area_m2": null, "osm_url": "https://www.openstreetmap.org/way/617592219", "edit_url": "https://www.openstreetmap.org/edit?way=617592219", "frontons_url": "https://www.frontons.net/fronton-pared-izquierda/48391-bizkaia-espana-2475.html", "estado": null}}, {"type": "Feature", "geometry": {"type": "Point", "coordinates": [-2.64002, 43.305754]}, "properties": {"sources": ["osm"], "source": "osm", "confianza": "por_verificar", "member_ids": ["osm/way/618751376"], "id": "osm/way/618751376", "region": "euskadi", "name": "Arratzuko frontoia", "municipio": "Arratzu", "tipo": null, "cubierto": null, "direccion": null, "foto": null, "area_m2": null, "osm_url": "https://www.openstreetmap.org/way/618751376", "edit_url": "https://www.openstreetmap.org/edit?way=618751376", "estado": null}}, {"type": "Feature", "geometry": {"type": "Point", "coordinates": [-2.695543, 43.393484]}, "properties": {"sources": ["osm", "frontons"], "source": "osm+frontons", "confianza": "confirmado", "member_ids": ["osm/way/621263643", "frontons/2224"], "id": "osm/way/621263643", "region": "euskadi", "name": "Frontoia", "municipio": "Sukarrieta", "tipo": "pared_izq", "cubierto": null, "direccion": "Toña Bidea 4 España", "foto": "https://static.frontons.net/data/photos/medium/fronton-pared-izquierda-48395-sukarrieta-bizkaia-espana-2224_0.jpg", "area_m2": null, "osm_url": "https://www.openstreetmap.org/way/621263643", "edit_url": "https://www.openstreetmap.org/edit?way=621263643", "frontons_url": "https://www.frontons.net/fronton-pared-izquierda/48395-sukarrieta-bizkaia-espana-2224.html", "estado": null}}, {"type": "Feature", "geometry": {"type": "Point", "coordinates": [-2.366666, 42.716489]}, "properties": {"sources": ["osm", "frontons"], "source": "osm+frontons", "confianza": "confirmado", "member_ids": ["osm/way/622340247", "frontons/2527"], "id": "osm/way/622340247", "region": "euskadi", "name": "Fronton", "municipio": "Oteo", "tipo": "pared_izq", "cubierto": null, "direccion": "Barrio el Medio 3 España", "foto": "https://static.frontons.net/data/photos/medium/fronton-pared-izquierda-01117-oteo-alava-espana-2527_0.jpg", "area_m2": null, "osm_url": "https://www.openstreetmap.org/way/622340247", "edit_url": "https://www.openstreetmap.org/edit?way=622340247", "frontons_url": "https://www.frontons.net/fronton-pared-izquierda/01117-oteo-alava-espana-2527.html", "estado": null}}, {"type": "Feature", "geometry": {"type": "Point", "coordinates": [-2.696977, 43.381332]}, "properties": {"sources": ["osm", "frontons"], "source": "osm+frontons", "confianza": "confirmado", "member_ids": ["osm/way/624148078", "osm/way/624148079", "frontons/2340"], "id": "osm/way/624148078", "region": "euskadi", "name": "Frontón", "municipio": "Busturia", "tipo": "pared_izq", "cubierto": null, "direccion": "Lugar Barrio Axpe 26002 España", "foto": "https://static.frontons.net/data/photos/medium/fronton-pared-izquierda-48350-bizkaia-espana-2340_0.jpg", "area_m2": null, "osm_url": "https://www.openstreetmap.org/way/624148078", "edit_url": "https://www.openstreetmap.org/edit?way=624148078", "frontons_url": "https://www.frontons.net/fronton-pared-izquierda/48350-bizkaia-espana-2340.html", "estado": null}}, {"type": "Feature", "geometry": {"type": "Point", "coordinates": [-2.077732, 43.124427]}, "properties": {"sources": ["osm"], "source": "osm", "confianza": "por_verificar", "member_ids": ["osm/way/629081714"], "id": "osm/way/629081714", "region": "euskadi", "name": null, "municipio": "Tolosa", "tipo": null, "cubierto": null, "direccion": null, "foto": null, "area_m2": null, "osm_url": "https://www.openstreetmap.org/way/629081714", "edit_url": "https://www.openstreetmap.org/edit?way=629081714", "estado": null}}, {"type": "Feature", "geometry": {"type": "Point", "coordinates": [-2.742521, 43.42607]}, "properties": {"sources": ["osm"], "source": "osm", "confianza": "por_verificar", "member_ids": ["osm/way/629641772"], "id": "osm/way/629641772", "region": "euskadi", "name": null, "municipio": "Bermeo", "tipo": null, "cubierto": null, "direccion": null, "foto": null, "area_m2": null, "osm_url": "https://www.openstreetmap.org/way/629641772", "edit_url": "https://www.openstreetmap.org/edit?way=629641772", "estado": null}}, {"type": "Feature", "geometry": {"type": "Point", "coordinates": [-2.203073, 43.265545]}, "properties": {"sources": ["osm"], "source": "osm", "confianza": "por_verificar", "member_ids": ["osm/way/632829296"], "id": "osm/way/632829296", "region": "euskadi", "name": "Elkanoko frontoia", "municipio": "Aia", "tipo": null, "cubierto": null, "direccion": null, "foto": null, "area_m2": null, "osm_url": "https://www.openstreetmap.org/way/632829296", "edit_url": "https://www.openstreetmap.org/edit?way=632829296", "estado": null}}, {"type": "Feature", "geometry": {"type": "Point", "coordinates": [-2.995583, 43.292985]}, "properties": {"sources": ["osm", "frontons"], "source": "osm+frontons", "confianza": "confirmado", "member_ids": ["osm/way/634625954", "frontons/3071"], "id": "osm/way/634625954", "region": "euskadi", "name": "Frontón Eguzkiagirre", "municipio": "Barakaldo", "tipo": "pared_izq", "cubierto": null, "direccion": "Economía Kalea 82 España", "foto": "https://static.frontons.net/data/photos/medium/fronton-pared-izquierda-48902-barakaldo-bizkaia-espana-3071_0.jpg", "area_m2": null, "osm_url": "https://www.openstreetmap.org/way/634625954", "edit_url": "https://www.openstreetmap.org/edit?way=634625954", "frontons_url": "https://www.frontons.net/fronton-pared-izquierda/48902-barakaldo-bizkaia-espana-3071.html", "estado": null}}, {"type": "Feature", "geometry": {"type": "Point", "coordinates": [-2.635794, 43.390618]}, "properties": {"sources": ["osm", "frontons"], "source": "osm+frontons", "confianza": "confirmado", "member_ids": ["osm/way/638133416", "frontons/2312"], "id": "osm/way/638133416", "region": "euskadi", "name": "Frontoia", "municipio": "Ibarrangelu", "tipo": "pared_izq", "cubierto": null, "direccion": "Ibaeta Auzoa 4 España", "foto": "https://static.frontons.net/data/photos/medium/fronton-pared-izquierda-48311-ibarrangelu-bizkaia-espana-2312_0.jpg", "area_m2": null, "osm_url": "https://www.openstreetmap.org/way/638133416", "edit_url": "https://www.openstreetmap.org/edit?way=638133416", "frontons_url": "https://www.frontons.net/fronton-pared-izquierda/48311-ibarrangelu-bizkaia-espana-2312.html", "estado": null}}, {"type": "Feature", "geometry": {"type": "Point", "coordinates": [-1.776355, 43.315731]}, "properties": {"sources": ["osm"], "source": "osm", "confianza": "por_verificar", "member_ids": ["osm/way/641337363"], "id": "osm/way/641337363", "region": "euskadi", "name": null, "municipio": "Irun", "tipo": null, "cubierto": null, "direccion": null, "foto": null, "area_m2": null, "osm_url": "https://www.openstreetmap.org/way/641337363", "edit_url": "https://www.openstreetmap.org/edit?way=641337363", "estado": null}}, {"type": "Feature", "geometry": {"type": "Point", "coordinates": [-2.920829, 43.268845]}, "properties": {"sources": ["osm", "frontons"], "source": "osm+frontons", "confianza": "confirmado", "member_ids": ["osm/way/659280341", "frontons/2613"], "id": "osm/way/659280341", "region": "euskadi", "name": "Frontón", "municipio": "Bilbo", "tipo": "pared_izq", "cubierto": null, "direccion": "Etxezuri Xenda 22 España", "foto": "https://static.frontons.net/data/photos/medium/fronton-pared-izquierda-48007-bilbo-bizkaia-espana-2613_0.jpg", "area_m2": null, "osm_url": "https://www.openstreetmap.org/way/659280341", "edit_url": "https://www.openstreetmap.org/edit?way=659280341", "frontons_url": "https://www.frontons.net/fronton-pared-izquierda/48007-bilbo-bizkaia-espana-2613.html", "estado": null}}, {"type": "Feature", "geometry": {"type": "Point", "coordinates": [-2.413878, 43.113067]}, "properties": {"sources": ["osm", "frontons"], "source": "osm+frontons", "confianza": "confirmado", "member_ids": ["osm/way/664802245", "osm/way/1138103460", "frontons/2549", "frontons/2560"], "id": "osm/way/664802245", "region": "euskadi", "name": null, "municipio": "Bergara", "tipo": "pared_izq", "cubierto": null, "direccion": "Martzial Agirre Kalea 4 España", "foto": "https://static.frontons.net/data/photos/medium/fronton-pared-izquierda-20570-bergara-gipuzkoa-espana-2549_0.jpg", "area_m2": null, "osm_url": "https://www.openstreetmap.org/way/664802245", "edit_url": "https://www.openstreetmap.org/edit?way=664802245", "frontons_url": "https://www.frontons.net/fronton-pared-izquierda/20570-bergara-gipuzkoa-espana-2549.html", "estado": null}}, {"type": "Feature", "geometry": {"type": "Point", "coordinates": [-2.199464, 43.134118]}, "properties": {"sources": ["osm", "frontons"], "source": "osm+frontons", "confianza": "confirmado", "member_ids": ["osm/way/665226343", "frontons/2802"], "id": "osm/way/665226343", "region": "euskadi", "name": null, "municipio": "Beizama", "tipo": "pared_izq", "cubierto": null, "direccion": "Nucleo 5W España", "foto": "https://static.frontons.net/data/photos/medium/fronton-pared-izquierda-20739-beizama-gipuzkoa-espana-2802_0.jpg", "area_m2": null, "osm_url": "https://www.openstreetmap.org/way/665226343", "edit_url": "https://www.openstreetmap.org/edit?way=665226343", "frontons_url": "https://www.frontons.net/fronton-pared-izquierda/20739-beizama-gipuzkoa-espana-2802.html", "estado": null}}, {"type": "Feature", "geometry": {"type": "Point", "coordinates": [-1.958862, 43.320588]}, "properties": {"sources": ["osm"], "source": "osm", "confianza": "por_verificar", "member_ids": ["osm/way/679736632"], "id": "osm/way/679736632", "region": "euskadi", "name": null, "municipio": "Donostia / San Sebastián", "tipo": null, "cubierto": null, "direccion": null, "foto": null, "area_m2": null, "osm_url": "https://www.openstreetmap.org/way/679736632", "edit_url": "https://www.openstreetmap.org/edit?way=679736632", "estado": null}}, {"type": "Feature", "geometry": {"type": "Point", "coordinates": [-2.802609, 43.362709]}, "properties": {"sources": ["osm", "frontons"], "source": "osm+frontons", "confianza": "confirmado", "member_ids": ["osm/way/681186423", "frontons/2648", "frontons/2649"], "id": "osm/way/681186423", "region": "euskadi", "name": "Meñakako Frontoia", "municipio": "Mesterika", "tipo": "pared_izq", "cubierto": null, "direccion": "Barrio 52 España", "foto": "https://static.frontons.net/data/photos/medium/fronton-pared-izquierda-48120-mesterika-bizkaia-espana-2648_0.jpg", "area_m2": null, "osm_url": "https://www.openstreetmap.org/way/681186423", "edit_url": "https://www.openstreetmap.org/edit?way=681186423", "frontons_url": "https://www.frontons.net/fronton-pared-izquierda/48120-mesterika-bizkaia-espana-2648.html", "estado": null}}, {"type": "Feature", "geometry": {"type": "Point", "coordinates": [-2.316215, 43.178052]}, "properties": {"sources": ["osm"], "source": "osm", "confianza": "por_verificar", "member_ids": ["osm/way/684315372"], "id": "osm/way/684315372", "region": "euskadi", "name": "Jorge Oteiza frontoiak", "municipio": "Azkoitia", "tipo": null, "cubierto": null, "direccion": null, "foto": null, "area_m2": null, "osm_url": "https://www.openstreetmap.org/way/684315372", "edit_url": "https://www.openstreetmap.org/edit?way=684315372", "estado": null}}, {"type": "Feature", "geometry": {"type": "Point", "coordinates": [-2.446218, 43.205194]}, "properties": {"sources": ["osm"], "source": "osm", "confianza": "por_verificar", "member_ids": ["osm/way/684349181"], "id": "osm/way/684349181", "region": "euskadi", "name": "Arrate", "municipio": "Eibar", "tipo": null, "cubierto": null, "direccion": null, "foto": null, "area_m2": null, "osm_url": "https://www.openstreetmap.org/way/684349181", "edit_url": "https://www.openstreetmap.org/edit?way=684349181", "estado": null}}, {"type": "Feature", "geometry": {"type": "Point", "coordinates": [-3.128559, 43.213066]}, "properties": {"sources": ["osm", "frontons"], "source": "osm+frontons", "confianza": "confirmado", "member_ids": ["osm/way/689447163", "frontons/2825"], "id": "osm/way/689447163", "region": "euskadi", "name": null, "municipio": "Mimetiz", "tipo": "pared_izq", "cubierto": null, "direccion": "Lugar Barrio Lusa 2 España", "foto": "https://static.frontons.net/data/photos/medium/fronton-pared-izquierda-48860-mimetiz-bizkaia-espana-2825_0.jpg", "area_m2": null, "osm_url": "https://www.openstreetmap.org/way/689447163", "edit_url": "https://www.openstreetmap.org/edit?way=689447163", "frontons_url": "https://www.frontons.net/fronton-pared-izquierda/48860-mimetiz-bizkaia-espana-2825.html", "estado": null}}, {"type": "Feature", "geometry": {"type": "Point", "coordinates": [-2.006959, 43.320664]}, "properties": {"sources": ["osm"], "source": "osm", "confianza": "por_verificar", "member_ids": ["osm/way/691638311", "osm/way/691638322"], "id": "osm/way/691638311", "region": "euskadi", "name": null, "municipio": "Donostia / San Sebastián", "tipo": null, "cubierto": null, "direccion": null, "foto": null, "area_m2": null, "osm_url": "https://www.openstreetmap.org/way/691638311", "edit_url": "https://www.openstreetmap.org/edit?way=691638311", "estado": null}}, {"type": "Feature", "geometry": {"type": "Point", "coordinates": [-2.047531, 43.272242]}, "properties": {"sources": ["osm", "frontons"], "source": "osm+frontons", "confianza": "confirmado", "member_ids": ["osm/way/694744927", "frontons/2841"], "id": "osm/way/694744927", "region": "euskadi", "name": "Artzabalgo frontoia", "municipio": "Usurbil", "tipo": "pared_izq", "cubierto": null, "direccion": "Kalea Errekatxiki 19W España", "foto": "https://static.frontons.net/data/photos/medium/fronton-pared-izquierda-20170-usurbil-gipuzkoa-espana-2841_0.jpg", "area_m2": null, "osm_url": "https://www.openstreetmap.org/way/694744927", "edit_url": "https://www.openstreetmap.org/edit?way=694744927", "frontons_url": "https://www.frontons.net/fronton-pared-izquierda/20170-usurbil-gipuzkoa-espana-2841.html", "estado": null}}, {"type": "Feature", "geometry": {"type": "Point", "coordinates": [-2.887144, 43.252678]}, "properties": {"sources": ["osm", "frontons"], "source": "osm+frontons", "confianza": "confirmado", "member_ids": ["osm/way/697048702", "frontons/2829", "frontons/2830"], "id": "osm/way/697048702", "region": "euskadi", "name": "Frontoia", "municipio": "Etxebarri", "tipo": "pared_izq", "cubierto": null, "direccion": "Canarias Kalea 3 España", "foto": "https://static.frontons.net/data/photos/medium/fronton-pared-izquierda-48450-etxebarri-bizkaia-espana-2829_0.jpg", "area_m2": null, "osm_url": "https://www.openstreetmap.org/way/697048702", "edit_url": "https://www.openstreetmap.org/edit?way=697048702", "frontons_url": "https://www.frontons.net/fronton-pared-izquierda/48450-etxebarri-bizkaia-espana-2829.html", "estado": null}}, {"type": "Feature", "geometry": {"type": "Point", "coordinates": [-2.989979, 43.297682]}, "properties": {"sources": ["osm", "frontons"], "source": "osm+frontons", "confianza": "confirmado", "member_ids": ["osm/way/734365549", "frontons/3082"], "id": "osm/way/734365549", "region": "euskadi", "name": "Pilotalekua", "municipio": "Baracaldo", "tipo": "pared_izq", "cubierto": null, "direccion": "Calle Juntas Generales 13 España", "foto": "https://static.frontons.net/data/photos/medium/fronton-pared-izquierda-48901-baracaldo-vizcaya-espana-3082_0.jpg", "area_m2": null, "osm_url": "https://www.openstreetmap.org/way/734365549", "edit_url": "https://www.openstreetmap.org/edit?way=734365549", "frontons_url": "https://www.frontons.net/fronton-pared-izquierda/48901-baracaldo-vizcaya-espana-3082.html", "estado": null}}, {"type": "Feature", "geometry": {"type": "Point", "coordinates": [-2.977719, 43.279898]}, "properties": {"sources": ["osm"], "source": "osm", "confianza": "por_verificar", "member_ids": ["osm/way/750383008"], "id": "osm/way/750383008", "region": "euskadi", "name": "Frontón de Burtzeña", "municipio": "Barakaldo", "tipo": null, "cubierto": null, "direccion": null, "foto": null, "area_m2": null, "osm_url": "https://www.openstreetmap.org/way/750383008", "edit_url": "https://www.openstreetmap.org/edit?way=750383008", "estado": null}}, {"type": "Feature", "geometry": {"type": "Point", "coordinates": [-2.949069, 43.242871]}, "properties": {"sources": ["osm", "frontons"], "source": "osm+frontons", "confianza": "confirmado", "member_ids": ["osm/way/757726325", "frontons/3338"], "id": "osm/way/757726325", "region": "euskadi", "name": null, "municipio": "Bilbo", "tipo": "pared_izq", "cubierto": null, "direccion": "Peñascal Bidea 1B España", "foto": "https://static.frontons.net/data/photos/medium/fronton-pared-izquierda-48002-bilbo-bizkaia-espana-3338_0.jpg", "area_m2": null, "osm_url": "https://www.openstreetmap.org/way/757726325", "edit_url": "https://www.openstreetmap.org/edit?way=757726325", "frontons_url": "https://www.frontons.net/fronton-pared-izquierda/48002-bilbo-bizkaia-espana-3338.html", "estado": null}}, {"type": "Feature", "geometry": {"type": "Point", "coordinates": [-2.46942, 43.182967]}, "properties": {"sources": ["osm", "frontons"], "source": "osm+frontons", "confianza": "confirmado", "member_ids": ["osm/way/772391778", "frontons/2750"], "id": "osm/way/772391778", "region": "euskadi", "name": "Sansaburu pilotalekua", "municipio": "Eibar", "tipo": "pared_izq", "cubierto": null, "direccion": "Sansaburu Kalea 2 España", "foto": "https://static.frontons.net/data/photos/medium/fronton-pared-izquierda-20600-eibar-gipuzkoa-espana-2750_0.jpg", "area_m2": null, "osm_url": "https://www.openstreetmap.org/way/772391778", "edit_url": "https://www.openstreetmap.org/edit?way=772391778", "frontons_url": "https://www.frontons.net/fronton-pared-izquierda/20600-eibar-gipuzkoa-espana-2750.html", "estado": null}}, {"type": "Feature", "geometry": {"type": "Point", "coordinates": [-2.011346, 43.270806]}, "properties": {"sources": ["osm"], "source": "osm", "confianza": "por_verificar", "member_ids": ["osm/way/777680495"], "id": "osm/way/777680495", "region": "euskadi", "name": "Zabaleta Frontoia", "municipio": "Lasarte-Oria", "tipo": null, "cubierto": null, "direccion": null, "foto": null, "area_m2": null, "osm_url": "https://www.openstreetmap.org/way/777680495", "edit_url": "https://www.openstreetmap.org/edit?way=777680495", "estado": null}}, {"type": "Feature", "geometry": {"type": "Point", "coordinates": [-1.988167, 43.299791]}, "properties": {"sources": ["osm"], "source": "osm", "confianza": "por_verificar", "member_ids": ["osm/way/778855512"], "id": "osm/way/778855512", "region": "euskadi", "name": null, "municipio": "Donostia / San Sebastián", "tipo": null, "cubierto": null, "direccion": null, "foto": null, "area_m2": null, "osm_url": "https://www.openstreetmap.org/way/778855512", "edit_url": "https://www.openstreetmap.org/edit?way=778855512", "estado": null}}, {"type": "Feature", "geometry": {"type": "Point", "coordinates": [-2.009121, 43.31514]}, "properties": {"sources": ["osm"], "source": "osm", "confianza": "por_verificar", "member_ids": ["osm/way/779612974"], "id": "osm/way/779612974", "region": "euskadi", "name": null, "municipio": "Donostia / San Sebastián", "tipo": null, "cubierto": null, "direccion": null, "foto": null, "area_m2": null, "osm_url": "https://www.openstreetmap.org/way/779612974", "edit_url": "https://www.openstreetmap.org/edit?way=779612974", "estado": null}}, {"type": "Feature", "geometry": {"type": "Point", "coordinates": [-2.241302, 43.108078]}, "properties": {"sources": ["osm"], "source": "osm", "confianza": "por_verificar", "member_ids": ["osm/way/784069416"], "id": "osm/way/784069416", "region": "euskadi", "name": null, "municipio": "Beasain", "tipo": null, "cubierto": null, "direccion": null, "foto": null, "area_m2": null, "osm_url": "https://www.openstreetmap.org/way/784069416", "edit_url": "https://www.openstreetmap.org/edit?way=784069416", "estado": null}}, {"type": "Feature", "geometry": {"type": "Point", "coordinates": [-2.255634, 43.006415]}, "properties": {"sources": ["osm"], "source": "osm", "confianza": "por_verificar", "member_ids": ["osm/way/808867645"], "id": "osm/way/808867645", "region": "euskadi", "name": "Baratze pilotalekua", "municipio": "Segura", "tipo": null, "cubierto": null, "direccion": null, "foto": null, "area_m2": null, "osm_url": "https://www.openstreetmap.org/way/808867645", "edit_url": "https://www.openstreetmap.org/edit?way=808867645", "estado": null}}, {"type": "Feature", "geometry": {"type": "Point", "coordinates": [-1.93133, 43.320383]}, "properties": {"sources": ["osm", "frontons"], "source": "osm+frontons", "confianza": "confirmado", "member_ids": ["osm/way/813170607", "frontons/3067"], "id": "osm/way/813170607", "region": "euskadi", "name": null, "municipio": "Donostia", "tipo": "pared_izq", "cubierto": null, "direccion": "Oleta Galtzada 20 España", "foto": "https://static.frontons.net/data/photos/medium/fronton-pared-izquierda-20017-donostia-gipuzkoa-espana-3067_0.jpg", "area_m2": null, "osm_url": "https://www.openstreetmap.org/way/813170607", "edit_url": "https://www.openstreetmap.org/edit?way=813170607", "frontons_url": "https://www.frontons.net/fronton-pared-izquierda/20017-donostia-gipuzkoa-espana-3067.html", "estado": null}}, {"type": "Feature", "geometry": {"type": "Point", "coordinates": [-3.027938, 43.303675]}, "properties": {"sources": ["osm"], "source": "osm", "confianza": "por_verificar", "member_ids": ["osm/way/830295828"], "id": "osm/way/830295828", "region": "euskadi", "name": "Frontón de San Gabriel", "municipio": "Valle de Trápaga-Trapagaran", "tipo": null, "cubierto": null, "direccion": null, "foto": null, "area_m2": null, "osm_url": "https://www.openstreetmap.org/way/830295828", "edit_url": "https://www.openstreetmap.org/edit?way=830295828", "estado": null}}, {"type": "Feature", "geometry": {"type": "Point", "coordinates": [-1.897524, 43.309702]}, "properties": {"sources": ["osm"], "source": "osm", "confianza": "por_verificar", "member_ids": ["osm/way/833648524"], "id": "osm/way/833648524", "region": "euskadi", "name": "Gaztañoko jolastoki estalia", "municipio": "Errenteria", "tipo": null, "cubierto": null, "direccion": null, "foto": null, "area_m2": null, "osm_url": "https://www.openstreetmap.org/way/833648524", "edit_url": "https://www.openstreetmap.org/edit?way=833648524", "estado": null}}, {"type": "Feature", "geometry": {"type": "Point", "coordinates": [-2.770563, 43.120855]}, "properties": {"sources": ["osm", "frontons"], "source": "osm+frontons", "confianza": "confirmado", "member_ids": ["osm/way/838819570", "frontons/2226"], "id": "osm/way/838819570", "region": "euskadi", "name": null, "municipio": "Areatza", "tipo": "pared_izq", "cubierto": null, "direccion": "Bartolome Deunaren Kalea 11 España", "foto": "https://static.frontons.net/data/photos/medium/fronton-pared-izquierda-48143-areatza-bizkaia-espana-2226_0.jpg", "area_m2": null, "osm_url": "https://www.openstreetmap.org/way/838819570", "edit_url": "https://www.openstreetmap.org/edit?way=838819570", "frontons_url": "https://www.frontons.net/fronton-pared-izquierda/48143-areatza-bizkaia-espana-2226.html", "estado": null}}, {"type": "Feature", "geometry": {"type": "Point", "coordinates": [-2.28793, 43.181698]}, "properties": {"sources": ["osm"], "source": "osm", "confianza": "por_verificar", "member_ids": ["osm/way/841893869"], "id": "osm/way/841893869", "region": "euskadi", "name": null, "municipio": "Azpeitia", "tipo": null, "cubierto": null, "direccion": null, "foto": null, "area_m2": null, "osm_url": "https://www.openstreetmap.org/way/841893869", "edit_url": "https://www.openstreetmap.org/edit?way=841893869", "estado": null}}, {"type": "Feature", "geometry": {"type": "Point", "coordinates": [-2.063785, 43.130853]}, "properties": {"sources": ["osm"], "source": "osm", "confianza": "por_verificar", "member_ids": ["osm/way/868688152"], "id": "osm/way/868688152", "region": "euskadi", "name": null, "municipio": "Ibarra", "tipo": null, "cubierto": null, "direccion": null, "foto": null, "area_m2": null, "osm_url": "https://www.openstreetmap.org/way/868688152", "edit_url": "https://www.openstreetmap.org/edit?way=868688152", "estado": null}}, {"type": "Feature", "geometry": {"type": "Point", "coordinates": [-2.832894, 43.14564]}, "properties": {"sources": ["osm", "frontons"], "source": "osm+frontons", "confianza": "confirmado", "member_ids": ["osm/way/887835433", "frontons/2241"], "id": "osm/way/887835433", "region": "euskadi", "name": null, "municipio": "Ermitabarri-Ibarra", "tipo": "pared_izq", "cubierto": null, "direccion": "Ermitabarri Auzoa 10 España", "foto": "https://static.frontons.net/data/photos/medium/fronton-pared-izquierda-48499-ermitabarri-ibarra-bizkaia-espana-2241_0.jpg", "area_m2": null, "osm_url": "https://www.openstreetmap.org/way/887835433", "edit_url": "https://www.openstreetmap.org/edit?way=887835433", "frontons_url": "https://www.frontons.net/fronton-pared-izquierda/48499-ermitabarri-ibarra-bizkaia-espana-2241.html", "estado": null}}, {"type": "Feature", "geometry": {"type": "Point", "coordinates": [-2.31428, 43.179781]}, "properties": {"sources": ["osm"], "source": "osm", "confianza": "por_verificar", "member_ids": ["osm/way/931917175"], "id": "osm/way/931917175", "region": "euskadi", "name": "On Bosco pilotalekua", "municipio": "Azkoitia", "tipo": null, "cubierto": null, "direccion": null, "foto": null, "area_m2": null, "osm_url": "https://www.openstreetmap.org/way/931917175", "edit_url": "https://www.openstreetmap.org/edit?way=931917175", "estado": null}}, {"type": "Feature", "geometry": {"type": "Point", "coordinates": [-2.313172, 43.177557]}, "properties": {"sources": ["osm"], "source": "osm", "confianza": "por_verificar", "member_ids": ["osm/way/933914376"], "id": "osm/way/933914376", "region": "euskadi", "name": "Goiko Losa pilotalekua", "municipio": "Azkoitia", "tipo": null, "cubierto": null, "direccion": null, "foto": null, "area_m2": null, "osm_url": "https://www.openstreetmap.org/way/933914376", "edit_url": "https://www.openstreetmap.org/edit?way=933914376", "estado": null}}, {"type": "Feature", "geometry": {"type": "Point", "coordinates": [-2.406785, 43.156158]}, "properties": {"sources": ["osm", "frontons"], "source": "osm+frontons", "confianza": "confirmado", "member_ids": ["osm/way/949210818", "frontons/2541"], "id": "osm/way/949210818", "region": "euskadi", "name": "Osintxuko frontoia", "municipio": "Bergara", "tipo": "pared_izq", "cubierto": null, "direccion": "Gunea 8 España", "foto": "https://static.frontons.net/data/photos/medium/fronton-pared-izquierda-20580-osintxu-gipuzkoa-espana-2541_0.jpg", "area_m2": null, "osm_url": "https://www.openstreetmap.org/way/949210818", "edit_url": "https://www.openstreetmap.org/edit?way=949210818", "frontons_url": "https://www.frontons.net/fronton-pared-izquierda/20580-osintxu-gipuzkoa-espana-2541.html", "estado": null}}, {"type": "Feature", "geometry": {"type": "Point", "coordinates": [-2.273777, 43.133443]}, "properties": {"sources": ["osm"], "source": "osm", "confianza": "por_verificar", "member_ids": ["osm/way/967658969"], "id": "osm/way/967658969", "region": "euskadi", "name": null, "municipio": "Azpeitia", "tipo": null, "cubierto": null, "direccion": null, "foto": null, "area_m2": null, "osm_url": "https://www.openstreetmap.org/way/967658969", "edit_url": "https://www.openstreetmap.org/edit?way=967658969", "estado": null}}, {"type": "Feature", "geometry": {"type": "Point", "coordinates": [-1.786425, 43.338567]}, "properties": {"sources": ["osm", "frontons"], "source": "osm+frontons", "confianza": "confirmado", "member_ids": ["osm/way/978758465", "osm/way/981858316", "frontons/2018"], "id": "osm/way/978758465", "region": "euskadi", "name": "Uranzu pilotalekua", "municipio": "Irun", "tipo": "pared_izq", "cubierto": null, "direccion": "Juncal Kalea 1 España", "foto": "https://static.frontons.net/data/photos/medium/fronton-pared-izquierda-20304-irun-gipuzkoa-espana-2018_0.jpg", "area_m2": null, "osm_url": "https://www.openstreetmap.org/way/978758465", "edit_url": "https://www.openstreetmap.org/edit?way=978758465", "frontons_url": "https://www.frontons.net/fronton-pared-izquierda/20304-irun-gipuzkoa-espana-2018.html", "estado": null}}, {"type": "Feature", "geometry": {"type": "Point", "coordinates": [-2.693567, 42.843868]}, "properties": {"sources": ["osm", "frontons"], "source": "osm+frontons", "confianza": "confirmado", "member_ids": ["osm/way/997111725", "frontons/3031"], "id": "osm/way/997111725", "region": "euskadi", "name": "Ariznabarrako frontoia", "municipio": "Vitoria-Gasteiz", "tipo": "pared_izq", "cubierto": null, "direccion": "Castillo de Buradon Kalea 2 España", "foto": "https://static.frontons.net/data/photos/medium/fronton-pared-izquierda-01007-vitoria-gasteiz-araba-espana-3031_0.jpg", "area_m2": null, "osm_url": "https://www.openstreetmap.org/way/997111725", "edit_url": "https://www.openstreetmap.org/edit?way=997111725", "frontons_url": "https://www.frontons.net/fronton-pared-izquierda/01007-vitoria-gasteiz-araba-espana-3031.html", "estado": null}}, {"type": "Feature", "geometry": {"type": "Point", "coordinates": [-1.899608, 43.316881]}, "properties": {"sources": ["osm", "frontons"], "source": "osm+frontons", "confianza": "confirmado", "member_ids": ["osm/way/1001443406", "frontons/2849"], "id": "osm/way/1001443406", "region": "euskadi", "name": "Altamirako Frontoia", "municipio": "Lezo", "tipo": "pared_izq", "cubierto": null, "direccion": "Kalea Tomas Garbizu 23 España", "foto": "https://static.frontons.net/data/photos/medium/fronton-pared-izquierda-20100-gipuzkoa-espana-2849_0.jpg", "area_m2": null, "osm_url": "https://www.openstreetmap.org/way/1001443406", "edit_url": "https://www.openstreetmap.org/edit?way=1001443406", "frontons_url": "https://www.frontons.net/fronton-pared-izquierda/20100-gipuzkoa-espana-2849.html", "estado": null}}, {"type": "Feature", "geometry": {"type": "Point", "coordinates": [-2.382167, 43.098384]}, "properties": {"sources": ["osm", "frontons"], "source": "osm+frontons", "confianza": "confirmado", "member_ids": ["osm/way/1001466353", "osm/relation/14364714", "frontons/2392"], "id": "osm/way/1001466353", "region": "euskadi", "name": "Udal Pilotalekua", "municipio": "Antzuola", "tipo": "pared_izq", "cubierto": null, "direccion": "Herriko Plaza 7 España", "foto": "https://static.frontons.net/data/photos/medium/fronton-pared-izquierda-20577-antzuola-gipuzkoa-espana-2392_0.jpg", "area_m2": null, "osm_url": "https://www.openstreetmap.org/way/1001466353", "edit_url": "https://www.openstreetmap.org/edit?way=1001466353", "frontons_url": "https://www.frontons.net/fronton-pared-izquierda/20577-antzuola-gipuzkoa-espana-2392.html", "estado": null}}, {"type": "Feature", "geometry": {"type": "Point", "coordinates": [-3.001238, 43.310443]}, "properties": {"sources": ["osm", "frontons"], "source": "osm+frontons", "confianza": "confirmado", "member_ids": ["osm/way/1003173533", "frontons/2336"], "id": "osm/way/1003173533", "region": "euskadi", "name": "Soleko Frontoia", "municipio": "Sestao", "tipo": "pared_izq", "cubierto": null, "direccion": "Isaac Albeniz Kalea 6-8 España", "foto": "https://static.frontons.net/data/photos/medium/fronton-pared-izquierda-48910-sestao-bizkaia-espana-2336_0.jpg", "area_m2": null, "osm_url": "https://www.openstreetmap.org/way/1003173533", "edit_url": "https://www.openstreetmap.org/edit?way=1003173533", "frontons_url": "https://www.frontons.net/fronton-pared-izquierda/48910-sestao-bizkaia-espana-2336.html", "estado": null}}, {"type": "Feature", "geometry": {"type": "Point", "coordinates": [-2.49529, 43.178294]}, "properties": {"sources": ["osm"], "source": "osm", "confianza": "por_verificar", "member_ids": ["osm/way/1009087272"], "id": "osm/way/1009087272", "region": "euskadi", "name": "Sallabente", "municipio": "Zaldibar", "tipo": null, "cubierto": null, "direccion": null, "foto": null, "area_m2": null, "osm_url": "https://www.openstreetmap.org/way/1009087272", "edit_url": "https://www.openstreetmap.org/edit?way=1009087272", "estado": null}}, {"type": "Feature", "geometry": {"type": "Point", "coordinates": [-2.441354, 43.062412]}, "properties": {"sources": ["osm", "frontons"], "source": "osm+frontons", "confianza": "confirmado", "member_ids": ["osm/way/1093129265", "frontons/2606"], "id": "osm/way/1093129265", "region": "euskadi", "name": null, "municipio": "Oñati", "tipo": "pared_izq", "cubierto": null, "direccion": "Zubillaga Auzoa 46A España", "foto": "https://static.frontons.net/data/photos/medium/fronton-pared-izquierda-20569-onati-guipuzcoa-espana-2606_0.jpg", "area_m2": null, "osm_url": "https://www.openstreetmap.org/way/1093129265", "edit_url": "https://www.openstreetmap.org/edit?way=1093129265", "frontons_url": "https://www.frontons.net/fronton-pared-izquierda/20569-onati-guipuzcoa-espana-2606.html", "estado": null}}, {"type": "Feature", "geometry": {"type": "Point", "coordinates": [-2.918186, 43.389146]}, "properties": {"sources": ["osm"], "source": "osm", "confianza": "por_verificar", "member_ids": ["osm/way/1104792378"], "id": "osm/way/1104792378", "region": "euskadi", "name": null, "municipio": "Lemoiz", "tipo": null, "cubierto": null, "direccion": null, "foto": null, "area_m2": null, "osm_url": "https://www.openstreetmap.org/way/1104792378", "edit_url": "https://www.openstreetmap.org/edit?way=1104792378", "estado": null}}, {"type": "Feature", "geometry": {"type": "Point", "coordinates": [-2.986265, 43.327797]}, "properties": {"sources": ["osm"], "source": "osm", "confianza": "por_verificar", "member_ids": ["osm/way/1106078168"], "id": "osm/way/1106078168", "region": "euskadi", "name": null, "municipio": "Leioa", "tipo": null, "cubierto": null, "direccion": null, "foto": null, "area_m2": null, "osm_url": "https://www.openstreetmap.org/way/1106078168", "edit_url": "https://www.openstreetmap.org/edit?way=1106078168", "estado": null}}, {"type": "Feature", "geometry": {"type": "Point", "coordinates": [-2.971528, 43.359297]}, "properties": {"sources": ["osm"], "source": "osm", "confianza": "por_verificar", "member_ids": ["osm/way/1132854023"], "id": "osm/way/1132854023", "region": "euskadi", "name": null, "municipio": "Berango", "tipo": null, "cubierto": null, "direccion": null, "foto": null, "area_m2": null, "osm_url": "https://www.openstreetmap.org/way/1132854023", "edit_url": "https://www.openstreetmap.org/edit?way=1132854023", "estado": null}}, {"type": "Feature", "geometry": {"type": "Point", "coordinates": [-2.072545, 43.159375]}, "properties": {"sources": ["osm"], "source": "osm", "confianza": "por_verificar", "member_ids": ["osm/way/1161339899"], "id": "osm/way/1161339899", "region": "euskadi", "name": null, "municipio": "Anoeta", "tipo": null, "cubierto": null, "direccion": null, "foto": null, "area_m2": null, "osm_url": "https://www.openstreetmap.org/way/1161339899", "edit_url": "https://www.openstreetmap.org/edit?way=1161339899", "estado": null}}, {"type": "Feature", "geometry": {"type": "Point", "coordinates": [-1.913232, 43.309944]}, "properties": {"sources": ["osm"], "source": "osm", "confianza": "por_verificar", "member_ids": ["osm/way/1163746304"], "id": "osm/way/1163746304", "region": "euskadi", "name": null, "municipio": "Errenteria", "tipo": null, "cubierto": null, "direccion": null, "foto": null, "area_m2": null, "osm_url": "https://www.openstreetmap.org/way/1163746304", "edit_url": "https://www.openstreetmap.org/edit?way=1163746304", "estado": null}}, {"type": "Feature", "geometry": {"type": "Point", "coordinates": [-1.997302, 43.31322]}, "properties": {"sources": ["osm"], "source": "osm", "confianza": "por_verificar", "member_ids": ["osm/way/1165444843"], "id": "osm/way/1165444843", "region": "euskadi", "name": null, "municipio": "Donostia / San Sebastián", "tipo": null, "cubierto": null, "direccion": null, "foto": null, "area_m2": null, "osm_url": "https://www.openstreetmap.org/way/1165444843", "edit_url": "https://www.openstreetmap.org/edit?way=1165444843", "estado": null}}, {"type": "Feature", "geometry": {"type": "Point", "coordinates": [-2.584192, 42.553341]}, "properties": {"sources": ["osm", "frontons"], "source": "osm+frontons", "confianza": "confirmado", "member_ids": ["osm/way/1168135833", "frontons/2915"], "id": "osm/way/1168135833", "region": "euskadi", "name": null, "municipio": "Guardia", "tipo": "pared_izq", "cubierto": null, "direccion": "Sancho Abarca Ibilbidea 3 España", "foto": "https://static.frontons.net/data/photos/medium/fronton-pared-izquierda-01300-guardia-araba-espana-2915_0.jpg", "area_m2": null, "osm_url": "https://www.openstreetmap.org/way/1168135833", "edit_url": "https://www.openstreetmap.org/edit?way=1168135833", "frontons_url": "https://www.frontons.net/fronton-pared-izquierda/01300-guardia-araba-espana-2915.html", "estado": null}}, {"type": "Feature", "geometry": {"type": "Point", "coordinates": [-2.680137, 43.319355]}, "properties": {"sources": ["osm", "frontons"], "source": "osm+frontons", "confianza": "confirmado", "member_ids": ["osm/way/1173234632", "frontons/2546"], "id": "osm/way/1173234632", "region": "euskadi", "name": null, "municipio": "Gernika-Lumo", "tipo": "pared_izq", "cubierto": null, "direccion": "Pedro de Elejalde Kalea 32 España", "foto": "https://static.frontons.net/data/photos/medium/fronton-pared-izquierda-48300-gernika-lumo-bizkaia-espana-2546_0.jpg", "area_m2": null, "osm_url": "https://www.openstreetmap.org/way/1173234632", "edit_url": "https://www.openstreetmap.org/edit?way=1173234632", "frontons_url": "https://www.frontons.net/fronton-pared-izquierda/48300-gernika-lumo-bizkaia-espana-2546.html", "estado": null}}, {"type": "Feature", "geometry": {"type": "Point", "coordinates": [-3.005671, 43.324857]}, "properties": {"sources": ["osm", "frontons"], "source": "osm+frontons", "confianza": "confirmado", "member_ids": ["osm/way/1187897700", "frontons/2926", "frontons/2954"], "id": "osm/way/1187897700", "region": "euskadi", "name": null, "municipio": "Leioa", "tipo": "plaza_libre", "cubierto": null, "direccion": "Gaztelubide Kalea 10 España", "foto": "https://static.frontons.net/data/photos/medium/fronton-plaza-libre-48940-leioa-bizkaia-espana-2926_0.jpg", "area_m2": null, "osm_url": "https://www.openstreetmap.org/way/1187897700", "edit_url": "https://www.openstreetmap.org/edit?way=1187897700", "frontons_url": "https://www.frontons.net/fronton-plaza-libre/48940-leioa-bizkaia-espana-2926.html", "estado": null}}, {"type": "Feature", "geometry": {"type": "Point", "coordinates": [-2.649366, 42.956319]}, "properties": {"sources": ["osm"], "source": "osm", "confianza": "por_verificar", "member_ids": ["osm/way/1193798314"], "id": "osm/way/1193798314", "region": "euskadi", "name": null, "municipio": "Legutio", "tipo": null, "cubierto": null, "direccion": null, "foto": null, "area_m2": null, "osm_url": "https://www.openstreetmap.org/way/1193798314", "edit_url": "https://www.openstreetmap.org/edit?way=1193798314", "estado": null}}, {"type": "Feature", "geometry": {"type": "Point", "coordinates": [-1.833018, 43.322121]}, "properties": {"sources": ["osm", "frontons"], "source": "osm+frontons", "confianza": "confirmado", "member_ids": ["osm/way/1197007492", "frontons/1496"], "id": "osm/way/1197007492", "region": "euskadi", "name": null, "municipio": "Irun", "tipo": "pared_izq", "cubierto": null, "direccion": "Ventas Auzoa 69 España", "foto": "https://static.frontons.net/data/photos/medium/fronton-pared-izquierda-20305-irun-gipuzkoa-espana-1496_0.jpg", "area_m2": null, "osm_url": "https://www.openstreetmap.org/way/1197007492", "edit_url": "https://www.openstreetmap.org/edit?way=1197007492", "frontons_url": "https://www.frontons.net/fronton-pared-izquierda/20305-irun-gipuzkoa-espana-1496.html", "estado": null}}, {"type": "Feature", "geometry": {"type": "Point", "coordinates": [-1.951942, 43.305662]}, "properties": {"sources": ["osm", "frontons"], "source": "osm+frontons", "confianza": "confirmado", "member_ids": ["osm/way/1226239978", "frontons/3004"], "id": "osm/way/1226239978", "region": "euskadi", "name": null, "municipio": "Donostia", "tipo": "pared_izq", "cubierto": null, "direccion": "Uba Bidea 61 España", "foto": "https://static.frontons.net/data/photos/medium/fronton-pared-izquierda-20014-donostia-gipuzkoa-espana-3004_0.jpg", "area_m2": null, "osm_url": "https://www.openstreetmap.org/way/1226239978", "edit_url": "https://www.openstreetmap.org/edit?way=1226239978", "frontons_url": "https://www.frontons.net/fronton-pared-izquierda/20014-donostia-gipuzkoa-espana-3004.html", "estado": null}}, {"type": "Feature", "geometry": {"type": "Point", "coordinates": [-2.532548, 43.015197]}, "properties": {"sources": ["osm", "frontons"], "source": "osm+frontons", "confianza": "confirmado", "member_ids": ["osm/way/1230562864", "frontons/2682"], "id": "osm/way/1230562864", "region": "euskadi", "name": "Olaetako frontoia", "municipio": "Eskoriatza", "tipo": "pared_izq", "cubierto": null, "direccion": "Aranburuzabala Kalea 50 España", "foto": "https://static.frontons.net/data/photos/medium/fronton-pared-izquierda-20540-eskoriatza-gipuzkoa-espana-2682_0.jpg", "area_m2": null, "osm_url": "https://www.openstreetmap.org/way/1230562864", "edit_url": "https://www.openstreetmap.org/edit?way=1230562864", "frontons_url": "https://www.frontons.net/fronton-pared-izquierda/20540-eskoriatza-gipuzkoa-espana-2682.html", "estado": null}}, {"type": "Feature", "geometry": {"type": "Point", "coordinates": [-3.037137, 43.073339]}, "properties": {"sources": ["osm"], "source": "osm", "confianza": "por_verificar", "member_ids": ["osm/way/1233205256"], "id": "osm/way/1233205256", "region": "euskadi", "name": null, "municipio": "Aiarako kuadrilla", "tipo": null, "cubierto": null, "direccion": null, "foto": null, "area_m2": null, "osm_url": "https://www.openstreetmap.org/way/1233205256", "edit_url": "https://www.openstreetmap.org/edit?way=1233205256", "estado": null}}, {"type": "Feature", "geometry": {"type": "Point", "coordinates": [-3.083991, 43.325187]}, "properties": {"sources": ["osm"], "source": "osm", "confianza": "por_verificar", "member_ids": ["osm/way/1237321904"], "id": "osm/way/1237321904", "region": "euskadi", "name": null, "municipio": "Abanto y Ciérvana-Abanto Zierbena", "tipo": null, "cubierto": null, "direccion": null, "foto": null, "area_m2": null, "osm_url": "https://www.openstreetmap.org/way/1237321904", "edit_url": "https://www.openstreetmap.org/edit?way=1237321904", "estado": null}}, {"type": "Feature", "geometry": {"type": "Point", "coordinates": [-1.943327, 43.318737]}, "properties": {"sources": ["osm", "frontons"], "source": "osm+frontons", "confianza": "confirmado", "member_ids": ["osm/way/1238847698", "frontons/3099"], "id": "osm/way/1238847698", "region": "euskadi", "name": null, "municipio": "Donostia", "tipo": "pared_izq", "cubierto": null, "direccion": "Montesol Etxetaldea 25 España", "foto": "https://static.frontons.net/data/photos/medium/fronton-pared-izquierda-20016-donostia-gipuzkoa-espana-3099_0.jpg", "area_m2": null, "osm_url": "https://www.openstreetmap.org/way/1238847698", "edit_url": "https://www.openstreetmap.org/edit?way=1238847698", "frontons_url": "https://www.frontons.net/fronton-pared-izquierda/20016-donostia-gipuzkoa-espana-3099.html", "estado": null}}, {"type": "Feature", "geometry": {"type": "Point", "coordinates": [-1.941661, 43.310811]}, "properties": {"sources": ["osm"], "source": "osm", "confianza": "por_verificar", "member_ids": ["osm/way/1247014391"], "id": "osm/way/1247014391", "region": "euskadi", "name": null, "municipio": "Donostia / San Sebastián", "tipo": null, "cubierto": null, "direccion": null, "foto": null, "area_m2": null, "osm_url": "https://www.openstreetmap.org/way/1247014391", "edit_url": "https://www.openstreetmap.org/edit?way=1247014391", "estado": null}}, {"type": "Feature", "geometry": {"type": "Point", "coordinates": [-3.001155, 43.052814]}, "properties": {"sources": ["osm", "frontons"], "source": "osm+frontons", "confianza": "confirmado", "member_ids": ["osm/way/1252793300", "frontons/2835"], "id": "osm/way/1252793300", "region": "euskadi", "name": "Amurrioko Frontoia", "municipio": "Amurrio", "tipo": "pared_izq", "cubierto": null, "direccion": "Frontoi Kalea 3 España", "foto": "https://static.frontons.net/data/photos/medium/fronton-pared-izquierda-01470-amurrio-araba-espana-2835_0.jpg", "area_m2": null, "osm_url": "https://www.openstreetmap.org/way/1252793300", "edit_url": "https://www.openstreetmap.org/edit?way=1252793300", "frontons_url": "https://www.frontons.net/fronton-pared-izquierda/01470-amurrio-araba-espana-2835.html", "estado": null}}, {"type": "Feature", "geometry": {"type": "Point", "coordinates": [-2.384345, 42.77828]}, "properties": {"sources": ["osm", "frontons"], "source": "osm+frontons", "confianza": "confirmado", "member_ids": ["osm/way/1259777885", "frontons/2532"], "id": "osm/way/1259777885", "region": "euskadi", "name": "Frontón", "municipio": "Roitegui", "tipo": "pared_izq", "cubierto": null, "direccion": "San Pedro Kalea 12 España", "foto": "https://static.frontons.net/data/photos/medium/fronton-pared-izquierda-01129-roitegui-araba-espana-2532_0.jpg", "area_m2": null, "osm_url": "https://www.openstreetmap.org/way/1259777885", "edit_url": "https://www.openstreetmap.org/edit?way=1259777885", "frontons_url": "https://www.frontons.net/fronton-pared-izquierda/01129-roitegui-araba-espana-2532.html", "estado": null}}, {"type": "Feature", "geometry": {"type": "Point", "coordinates": [-1.979617, 43.26876]}, "properties": {"sources": ["osm", "frontons"], "source": "osm+frontons", "confianza": "confirmado", "member_ids": ["osm/way/1271103122", "frontons/2938"], "id": "osm/way/1271103122", "region": "euskadi", "name": null, "municipio": "Hernani", "tipo": "pared_izq", "cubierto": null, "direccion": "Latsunbeberri Auzoa 32 España", "foto": "https://static.frontons.net/data/photos/medium/fronton-pared-izquierda-20120-hernani-gipuzkoa-espana-2938_0.jpg", "area_m2": null, "osm_url": "https://www.openstreetmap.org/way/1271103122", "edit_url": "https://www.openstreetmap.org/edit?way=1271103122", "frontons_url": "https://www.frontons.net/fronton-pared-izquierda/20120-hernani-gipuzkoa-espana-2938.html", "estado": null}}, {"type": "Feature", "geometry": {"type": "Point", "coordinates": [-2.542741, 42.868552]}, "properties": {"sources": ["osm", "frontons"], "source": "osm+frontons", "confianza": "confirmado", "member_ids": ["osm/way/1318341447", "frontons/2554"], "id": "osm/way/1318341447", "region": "euskadi", "name": null, "municipio": "Argomaniz", "tipo": "pared_izq", "cubierto": null, "direccion": "De la Fuente Bidea 2 España", "foto": "https://static.frontons.net/data/photos/medium/fronton-pared-izquierda-01192-argomaniz-araba-espana-2554_0.jpg", "area_m2": null, "osm_url": "https://www.openstreetmap.org/way/1318341447", "edit_url": "https://www.openstreetmap.org/edit?way=1318341447", "frontons_url": "https://www.frontons.net/fronton-pared-izquierda/01192-argomaniz-araba-espana-2554.html", "estado": null}}, {"type": "Feature", "geometry": {"type": "Point", "coordinates": [-2.898009, 42.741115]}, "properties": {"sources": ["osm", "frontons"], "source": "osm+frontons", "confianza": "confirmado", "member_ids": ["osm/way/1318619874", "frontons/2832"], "id": "osm/way/1318619874", "region": "euskadi", "name": null, "municipio": "Ribera Baja / Erriberabeitia", "tipo": "plaza_libre", "cubierto": null, "direccion": "Iglesia San Juan Kalea 2 España", "foto": "https://static.frontons.net/data/photos/medium/fronton-plaza-libre-melledes-araba-espana-2832_0.jpg", "area_m2": null, "osm_url": "https://www.openstreetmap.org/way/1318619874", "edit_url": "https://www.openstreetmap.org/edit?way=1318619874", "frontons_url": "https://www.frontons.net/fronton-plaza-libre/melledes-araba-espana-2832.html", "estado": null}}, {"type": "Feature", "geometry": {"type": "Point", "coordinates": [-2.52045, 43.070347]}, "properties": {"sources": ["osm"], "source": "osm", "confianza": "por_verificar", "member_ids": ["osm/way/1331653502"], "id": "osm/way/1331653502", "region": "euskadi", "name": null, "municipio": "Arrasate / Mondragón", "tipo": null, "cubierto": null, "direccion": null, "foto": null, "area_m2": null, "osm_url": "https://www.openstreetmap.org/way/1331653502", "edit_url": "https://www.openstreetmap.org/edit?way=1331653502", "estado": null}}, {"type": "Feature", "geometry": {"type": "Point", "coordinates": [-2.485514, 43.069105]}, "properties": {"sources": ["osm", "frontons"], "source": "osm+frontons", "confianza": "confirmado", "member_ids": ["osm/way/1341048114", "frontons/2663"], "id": "osm/way/1341048114", "region": "euskadi", "name": "Makatzena pilotalekua", "municipio": "Arrasate / Mondragon", "tipo": "pared_izq", "cubierto": null, "direccion": "Makatzena Kalea 2A España", "foto": "https://static.frontons.net/data/photos/medium/fronton-pared-izquierda-20500-arrasate-gipuzkoa-espana-2663_0.jpg", "area_m2": null, "osm_url": "https://www.openstreetmap.org/way/1341048114", "edit_url": "https://www.openstreetmap.org/edit?way=1341048114", "frontons_url": "https://www.frontons.net/fronton-pared-izquierda/20500-arrasate-gipuzkoa-espana-2663.html", "estado": null}}, {"type": "Feature", "geometry": {"type": "Point", "coordinates": [-2.889934, 43.212183]}, "properties": {"sources": ["osm", "frontons"], "source": "osm+frontons", "confianza": "confirmado", "member_ids": ["osm/way/1343693630", "frontons/2380"], "id": "osm/way/1343693630", "region": "euskadi", "name": null, "municipio": "Arrigorriaga", "tipo": "pared_izq", "cubierto": null, "direccion": "Pedro Muro Kalea 32 España", "foto": "https://static.frontons.net/data/photos/medium/fronton-pared-izquierda-48480-arrigorriaga-bizkaia-espana-2380_0.jpg", "area_m2": null, "osm_url": "https://www.openstreetmap.org/way/1343693630", "edit_url": "https://www.openstreetmap.org/edit?way=1343693630", "frontons_url": "https://www.frontons.net/fronton-pared-izquierda/48480-arrigorriaga-bizkaia-espana-2380.html", "estado": null}}, {"type": "Feature", "geometry": {"type": "Point", "coordinates": [-2.889746, 43.234514]}, "properties": {"sources": ["osm"], "source": "osm", "confianza": "por_verificar", "member_ids": ["osm/way/1344815984"], "id": "osm/way/1344815984", "region": "euskadi", "name": null, "municipio": "Basauri", "tipo": null, "cubierto": null, "direccion": null, "foto": null, "area_m2": null, "osm_url": "https://www.openstreetmap.org/way/1344815984", "edit_url": "https://www.openstreetmap.org/edit?way=1344815984", "estado": null}}, {"type": "Feature", "geometry": {"type": "Point", "coordinates": [-2.62482, 43.133907]}, "properties": {"sources": ["osm", "frontons"], "source": "osm+frontons", "confianza": "confirmado", "member_ids": ["osm/way/1352523070", "frontons/2563"], "id": "osm/way/1352523070", "region": "euskadi", "name": "Frontón de Mendiola", "municipio": "Abadiño", "tipo": "pared_izq", "cubierto": null, "direccion": "Lugar Barrio Mendiola 20B España", "foto": "https://static.frontons.net/data/photos/medium/fronton-pared-izquierda-48220-bizkaia-espana-2563_0.jpg", "area_m2": null, "osm_url": "https://www.openstreetmap.org/way/1352523070", "edit_url": "https://www.openstreetmap.org/edit?way=1352523070", "frontons_url": "https://www.frontons.net/fronton-pared-izquierda/48220-bizkaia-espana-2563.html", "estado": null}}, {"type": "Feature", "geometry": {"type": "Point", "coordinates": [-1.802143, 43.352981]}, "properties": {"sources": ["osm", "frontons"], "source": "osm+frontons", "confianza": "confirmado", "member_ids": ["osm/way/1354637985", "frontons/2731"], "id": "osm/way/1354637985", "region": "euskadi", "name": null, "municipio": "Amute-Kosta", "tipo": "pared_izq", "cubierto": null, "direccion": "Amute Auzoa 52 España", "foto": "https://static.frontons.net/data/photos/medium/fronton-pared-izquierda-20280-amute-kosta-guipuzcoa-espana-2731_0.jpg", "area_m2": null, "osm_url": "https://www.openstreetmap.org/way/1354637985", "edit_url": "https://www.openstreetmap.org/edit?way=1354637985", "frontons_url": "https://www.frontons.net/fronton-pared-izquierda/20280-amute-kosta-guipuzcoa-espana-2731.html", "estado": null}}, {"type": "Feature", "geometry": {"type": "Point", "coordinates": [-2.241045, 43.287972]}, "properties": {"sources": ["osm", "frontons"], "source": "osm+frontons", "confianza": "confirmado", "member_ids": ["osm/way/1364443905", "frontons/1994"], "id": "osm/way/1364443905", "region": "euskadi", "name": "Artadiko frontoia", "municipio": "Zumaia", "tipo": "pared_izq", "cubierto": null, "direccion": "España", "foto": "https://static.frontons.net/data/photos/medium/fronton-pared-izquierda-elizalde-20750-zumaia-guipuzcoa-espana-1994_0.jpg", "area_m2": null, "osm_url": "https://www.openstreetmap.org/way/1364443905", "edit_url": "https://www.openstreetmap.org/edit?way=1364443905", "frontons_url": "https://www.frontons.net/fronton-pared-izquierda/elizalde-20750-zumaia-guipuzcoa-espana-1994.html", "estado": null}}, {"type": "Feature", "geometry": {"type": "Point", "coordinates": [-3.031771, 43.330848]}, "properties": {"sources": ["osm"], "source": "osm", "confianza": "por_verificar", "member_ids": ["osm/way/1368477566"], "id": "osm/way/1368477566", "region": "euskadi", "name": null, "municipio": "Santurtzi", "tipo": null, "cubierto": null, "direccion": null, "foto": null, "area_m2": null, "osm_url": "https://www.openstreetmap.org/way/1368477566", "edit_url": "https://www.openstreetmap.org/edit?way=1368477566", "estado": null}}, {"type": "Feature", "geometry": {"type": "Point", "coordinates": [-2.817084, 42.69534]}, "properties": {"sources": ["osm", "frontons"], "source": "osm+frontons", "confianza": "confirmado", "member_ids": ["osm/way/1423875022", "frontons/2669"], "id": "osm/way/1423875022", "region": "euskadi", "name": null, "municipio": "Mijancas", "tipo": "pared_izq", "cubierto": null, "direccion": "Entitatea 18 España", "foto": "https://static.frontons.net/data/photos/medium/fronton-pared-izquierda-01211-mijancas-araba-espana-2669_0.jpg", "area_m2": null, "osm_url": "https://www.openstreetmap.org/way/1423875022", "edit_url": "https://www.openstreetmap.org/edit?way=1423875022", "frontons_url": "https://www.frontons.net/fronton-pared-izquierda/01211-mijancas-araba-espana-2669.html", "estado": null}}, {"type": "Feature", "geometry": {"type": "Point", "coordinates": [-2.580808, 43.100434]}, "properties": {"sources": ["osm", "frontons"], "source": "osm+frontons", "confianza": "confirmado", "member_ids": ["osm/way/1429478943", "frontons/2547"], "id": "osm/way/1429478943", "region": "euskadi", "name": null, "municipio": "Atxondo", "tipo": "pared_izq", "cubierto": null, "direccion": "Elizondo Plaza 4 España", "foto": "https://static.frontons.net/data/photos/medium/fronton-pared-izquierda-48291-atxondo-bizkaia-espana-2547_0.jpg", "area_m2": null, "osm_url": "https://www.openstreetmap.org/way/1429478943", "edit_url": "https://www.openstreetmap.org/edit?way=1429478943", "frontons_url": "https://www.frontons.net/fronton-pared-izquierda/48291-atxondo-bizkaia-espana-2547.html", "estado": null}}, {"type": "Feature", "geometry": {"type": "Point", "coordinates": [-2.023982, 43.307034]}, "properties": {"sources": ["osm"], "source": "osm", "confianza": "por_verificar", "member_ids": ["osm/way/1446468531"], "id": "osm/way/1446468531", "region": "euskadi", "name": null, "municipio": "Donostia / San Sebastián", "tipo": null, "cubierto": null, "direccion": null, "foto": null, "area_m2": null, "osm_url": "https://www.openstreetmap.org/way/1446468531", "edit_url": "https://www.openstreetmap.org/edit?way=1446468531", "estado": null}}, {"type": "Feature", "geometry": {"type": "Point", "coordinates": [-2.257475, 43.294269]}, "properties": {"sources": ["osm"], "source": "osm", "confianza": "por_verificar", "member_ids": ["osm/way/1459814373"], "id": "osm/way/1459814373", "region": "euskadi", "name": null, "municipio": "Zumaia", "tipo": null, "cubierto": null, "direccion": null, "foto": null, "area_m2": null, "osm_url": "https://www.openstreetmap.org/way/1459814373", "edit_url": "https://www.openstreetmap.org/edit?way=1459814373", "estado": null}}, {"type": "Feature", "geometry": {"type": "Point", "coordinates": [-2.848358, 43.256441]}, "properties": {"sources": ["osm"], "source": "osm", "confianza": "por_verificar", "member_ids": ["osm/way/1460067484", "osm/way/1460067485"], "id": "osm/way/1460067484", "region": "euskadi", "name": null, "municipio": "Galdakao", "tipo": null, "cubierto": null, "direccion": null, "foto": null, "area_m2": null, "osm_url": "https://www.openstreetmap.org/way/1460067484", "edit_url": "https://www.openstreetmap.org/edit?way=1460067484", "estado": null}}, {"type": "Feature", "geometry": {"type": "Point", "coordinates": [-1.992642, 43.311434]}, "properties": {"sources": ["osm", "frontons"], "source": "osm+frontons", "confianza": "confirmado", "member_ids": ["osm/way/1460957091", "frontons/2996"], "id": "osm/way/1460957091", "region": "euskadi", "name": null, "municipio": "Donostia", "tipo": "pared_izq", "cubierto": null, "direccion": "Kalea Izaburu 6W España", "foto": "https://static.frontons.net/data/photos/medium/fronton-pared-izquierda-20009-donostia-gipuzkoa-espana-2996_0.jpg", "area_m2": null, "osm_url": "https://www.openstreetmap.org/way/1460957091", "edit_url": "https://www.openstreetmap.org/edit?way=1460957091", "frontons_url": "https://www.frontons.net/fronton-pared-izquierda/20009-donostia-gipuzkoa-espana-2996.html", "estado": null}}, {"type": "Feature", "geometry": {"type": "Point", "coordinates": [-2.848044, 43.147247]}, "properties": {"sources": ["osm", "frontons"], "source": "osm+frontons", "confianza": "confirmado", "member_ids": ["osm/way/1463332514", "frontons/2249"], "id": "osm/way/1463332514", "region": "euskadi", "name": null, "municipio": "Zubialde", "tipo": "pared_izq", "cubierto": null, "direccion": "Auzoa 16 España", "foto": "https://static.frontons.net/data/photos/medium/fronton-pared-izquierda-48499-zubialde-bizkaia-espana-2249_0.jpg", "area_m2": null, "osm_url": "https://www.openstreetmap.org/way/1463332514", "edit_url": "https://www.openstreetmap.org/edit?way=1463332514", "frontons_url": "https://www.frontons.net/fronton-pared-izquierda/48499-zubialde-bizkaia-espana-2249.html", "estado": null}}, {"type": "Feature", "geometry": {"type": "Point", "coordinates": [-1.879871, 43.308244]}, "properties": {"sources": ["osm", "frontons"], "source": "osm+frontons", "confianza": "confirmado", "member_ids": ["osm/way/1464892486", "frontons/2855"], "id": "osm/way/1464892486", "region": "euskadi", "name": null, "municipio": "Elizalde", "tipo": "pared_izq", "cubierto": null, "direccion": "Ganboxa Bidea 4 España", "foto": "https://static.frontons.net/data/photos/medium/fronton-pared-izquierda-20180-gipuzkoa-espana-2855_0.jpg", "area_m2": null, "osm_url": "https://www.openstreetmap.org/way/1464892486", "edit_url": "https://www.openstreetmap.org/edit?way=1464892486", "frontons_url": "https://www.frontons.net/fronton-pared-izquierda/20180-gipuzkoa-espana-2855.html", "estado": null}}, {"type": "Feature", "geometry": {"type": "Point", "coordinates": [-2.96174, 43.281398]}, "properties": {"sources": ["osm", "frontons"], "source": "osm+frontons", "confianza": "confirmado", "member_ids": ["osm/way/1489100137", "frontons/2674"], "id": "osm/way/1489100137", "region": "euskadi", "name": null, "municipio": "Bilbo", "tipo": "pared_izq", "cubierto": null, "direccion": "Arturo Campión Kalea 27 España", "foto": "https://static.frontons.net/data/photos/medium/fronton-pared-izquierda-48015-bilbo-bizkaia-espana-2674_0.jpg", "area_m2": null, "osm_url": "https://www.openstreetmap.org/way/1489100137", "edit_url": "https://www.openstreetmap.org/edit?way=1489100137", "frontons_url": "https://www.frontons.net/fronton-pared-izquierda/48015-bilbo-bizkaia-espana-2674.html", "estado": null}}, {"type": "Feature", "geometry": {"type": "Point", "coordinates": [-2.910875, 43.261671]}, "properties": {"sources": ["osm"], "source": "osm", "confianza": "por_verificar", "member_ids": ["osm/way/1503329010"], "id": "osm/way/1503329010", "region": "euskadi", "name": null, "municipio": "Bilbao", "tipo": null, "cubierto": null, "direccion": null, "foto": null, "area_m2": null, "osm_url": "https://www.openstreetmap.org/way/1503329010", "edit_url": "https://www.openstreetmap.org/edit?way=1503329010", "estado": null}}, {"type": "Feature", "geometry": {"type": "Point", "coordinates": [-2.496392, 43.064868]}, "properties": {"sources": ["osm", "frontons"], "source": "osm+frontons", "confianza": "confirmado", "member_ids": ["osm/way/1509221822", "frontons/2625"], "id": "osm/way/1509221822", "region": "euskadi", "name": "Gorostiza Pilotalekua", "municipio": "Arrasate", "tipo": "pared_izq", "cubierto": null, "direccion": "Larragain Kalea 16 España", "foto": "https://static.frontons.net/data/photos/medium/fronton-pared-izquierda-20500-arrasate-gipuzkoa-espana-2625_0.jpg", "area_m2": null, "osm_url": "https://www.openstreetmap.org/way/1509221822", "edit_url": "https://www.openstreetmap.org/edit?way=1509221822", "frontons_url": "https://www.frontons.net/fronton-pared-izquierda/20500-arrasate-gipuzkoa-espana-2625.html", "estado": null}}, {"type": "Feature", "geometry": {"type": "Point", "coordinates": [-2.931396, 43.246351]}, "properties": {"sources": ["osm", "frontons"], "source": "osm+frontons", "confianza": "confirmado", "member_ids": ["osm/way/1514043358", "frontons/3116", "frontons/3331", "frontons/3340"], "id": "osm/way/1514043358", "region": "euskadi", "name": "Frontón de San Adrián", "municipio": "Bilbo", "tipo": "pared_izq", "cubierto": null, "direccion": "Kalea Goiko Torre 22A España", "foto": "https://static.frontons.net/data/photos/medium/fronton-pared-izquierda-48003-bilbo-bizkaia-espana-3116_0.jpg", "area_m2": null, "osm_url": "https://www.openstreetmap.org/way/1514043358", "edit_url": "https://www.openstreetmap.org/edit?way=1514043358", "frontons_url": "https://www.frontons.net/fronton-pared-izquierda/48003-bilbo-bizkaia-espana-3116.html", "estado": null}}, {"type": "Feature", "geometry": {"type": "Point", "coordinates": [-2.026537, 43.315283]}, "properties": {"sources": ["osm"], "source": "osm", "confianza": "por_verificar", "member_ids": ["osm/way/1518465391"], "id": "osm/way/1518465391", "region": "euskadi", "name": null, "municipio": "Donostia / San Sebastián", "tipo": null, "cubierto": null, "direccion": null, "foto": null, "area_m2": null, "osm_url": "https://www.openstreetmap.org/way/1518465391", "edit_url": "https://www.openstreetmap.org/edit?way=1518465391", "estado": null}}, {"type": "Feature", "geometry": {"type": "Point", "coordinates": [-2.636972, 43.171406]}, "properties": {"sources": ["osm", "frontons"], "source": "osm+frontons", "confianza": "confirmado", "member_ids": ["osm/way/1528216686", "frontons/2910"], "id": "osm/way/1528216686", "region": "euskadi", "name": null, "municipio": "Durango", "tipo": "pared_izq", "cubierto": null, "direccion": "Dario de Regoyos Kalea 8 España", "foto": "https://static.frontons.net/data/photos/medium/fronton-pared-izquierda-48200-durango-bizkaia-espana-2910_0.jpg", "area_m2": null, "osm_url": "https://www.openstreetmap.org/way/1528216686", "edit_url": "https://www.openstreetmap.org/edit?way=1528216686", "frontons_url": "https://www.frontons.net/fronton-pared-izquierda/48200-durango-bizkaia-espana-2910.html", "estado": null}}, {"type": "Feature", "geometry": {"type": "Point", "coordinates": [-2.034097, 43.275605]}, "properties": {"sources": ["osm"], "source": "osm", "confianza": "por_verificar", "member_ids": ["osm/way/1528506303"], "id": "osm/way/1528506303", "region": "euskadi", "name": null, "municipio": "Usurbil", "tipo": null, "cubierto": null, "direccion": null, "foto": null, "area_m2": null, "osm_url": "https://www.openstreetmap.org/way/1528506303", "edit_url": "https://www.openstreetmap.org/edit?way=1528506303", "estado": null}}, {"type": "Feature", "geometry": {"type": "Point", "coordinates": [-2.654551, 43.039812]}, "properties": {"sources": ["osm", "frontons"], "source": "osm+frontons", "confianza": "confirmado", "member_ids": ["osm/way/1534945446", "frontons/2175"], "id": "osm/way/1534945446", "region": "euskadi", "name": null, "municipio": "Otxandio", "tipo": "pared_izq", "cubierto": null, "direccion": "Uribārrenā Kalea 2 España", "foto": "https://static.frontons.net/data/photos/medium/fronton-pared-izquierda-48210-otxandio-bizkaia-espana-2175_0.jpg", "area_m2": null, "osm_url": "https://www.openstreetmap.org/way/1534945446", "edit_url": "https://www.openstreetmap.org/edit?way=1534945446", "frontons_url": "https://www.frontons.net/fronton-pared-izquierda/48210-otxandio-bizkaia-espana-2175.html", "estado": null}}, {"type": "Feature", "geometry": {"type": "Point", "coordinates": [-1.871464, 43.298608]}, "properties": {"sources": ["osm"], "source": "osm", "confianza": "por_verificar", "member_ids": ["osm/way/1542881884"], "id": "osm/way/1542881884", "region": "euskadi", "name": "Mendibil pilotalekua", "municipio": "Elizalde", "tipo": null, "cubierto": null, "direccion": null, "foto": null, "area_m2": null, "osm_url": "https://www.openstreetmap.org/way/1542881884", "edit_url": "https://www.openstreetmap.org/edit?way=1542881884", "estado": null}}, {"type": "Feature", "geometry": {"type": "Point", "coordinates": [-4.056535, 43.126548]}, "properties": {"sources": ["gis"], "source": "gis", "confianza": "por_verificar", "member_ids": ["gis/5202"], "id": "gis/5202", "region": "cantabria", "name": null, "municipio": "Bárcena de Pie de Concha", "tipo": null, "cubierto": null, "direccion": null, "foto": null, "area_m2": 363, "gis_url": "https://mapas.cantabria.es/", "estado": null}}, {"type": "Feature", "geometry": {"type": "Point", "coordinates": [-3.260676, 43.245099]}, "properties": {"sources": ["frontons", "gis"], "source": "frontons+gis", "confianza": "confirmado", "member_ids": ["frontons/2780", "gis/5203"], "id": "frontons/2780", "region": "cantabria", "name": null, "municipio": "Valle de Villaverde", "tipo": "pared_izq", "cubierto": null, "direccion": "Poblado Matanza 1B Villaver España", "foto": "https://static.frontons.net/data/photos/medium/fronton-pared-izquierda-39880-valle-de-villaverde-cantabria-espana-2780_0.jpg", "area_m2": 658, "gis_url": "https://mapas.cantabria.es/", "frontons_url": "https://www.frontons.net/fronton-pared-izquierda/39880-valle-de-villaverde-cantabria-espana-2780.html", "estado": null}}, {"type": "Feature", "geometry": {"type": "Point", "coordinates": [-3.263434, 43.256657]}, "properties": {"sources": ["frontons", "gis"], "source": "frontons+gis", "confianza": "confirmado", "member_ids": ["frontons/2781", "gis/5204"], "id": "frontons/2781", "region": "cantabria", "name": null, "municipio": "Valle de Villaverde", "tipo": "pared_izq", "cubierto": null, "direccion": "Diseminado Villaver 170 España", "foto": "https://static.frontons.net/data/photos/medium/fronton-pared-izquierda-39880-valle-de-villaverde-cantabria-espana-2781_0.jpg", "area_m2": 345, "gis_url": "https://mapas.cantabria.es/", "frontons_url": "https://www.frontons.net/fronton-pared-izquierda/39880-valle-de-villaverde-cantabria-espana-2781.html", "estado": null}}, {"type": "Feature", "geometry": {"type": "Point", "coordinates": [-3.201048, 43.35832]}, "properties": {"sources": ["frontons", "gis"], "source": "frontons+gis", "confianza": "confirmado", "member_ids": ["frontons/3890", "gis/5207"], "id": "frontons/3890", "region": "cantabria", "name": null, "municipio": "Santullán", "tipo": "pared_izq", "cubierto": null, "direccion": "Carretera Mioño s/n España", "foto": "https://static.frontons.net/data/photos/medium/fronton-pared-izquierda-39709-santullan-cantabria-espana-3890_0.jpg", "area_m2": 241, "gis_url": "https://mapas.cantabria.es/", "frontons_url": "https://www.frontons.net/fronton-pared-izquierda/39709-santullan-cantabria-espana-3890.html", "estado": null}}, {"type": "Feature", "geometry": {"type": "Point", "coordinates": [-4.21277, 43.388067]}, "properties": {"sources": ["gis"], "source": "gis", "confianza": "por_verificar", "member_ids": ["gis/5208"], "id": "gis/5208", "region": "cantabria", "name": null, "municipio": "Alfoz de Lloredo", "tipo": null, "cubierto": null, "direccion": null, "foto": null, "area_m2": 313, "gis_url": "https://mapas.cantabria.es/", "estado": null}}, {"type": "Feature", "geometry": {"type": "Point", "coordinates": [-3.373626, 43.394387]}, "properties": {"sources": ["frontons", "gis"], "source": "frontons+gis", "confianza": "confirmado", "member_ids": ["frontons/3885", "gis/5209"], "id": "frontons/3885", "region": "cantabria", "name": null, "municipio": "Hazas", "tipo": "pared_izq", "cubierto": null, "direccion": "Barrio 157 España", "foto": "https://static.frontons.net/data/photos/medium/fronton-pared-izquierda-39776-hazas-cantabria-espana-3885_0.jpg", "area_m2": 336, "gis_url": "https://mapas.cantabria.es/", "frontons_url": "https://www.frontons.net/fronton-pared-izquierda/39776-hazas-cantabria-espana-3885.html", "estado": null}}, {"type": "Feature", "geometry": {"type": "Point", "coordinates": [-4.007412, 43.40359]}, "properties": {"sources": ["gis"], "source": "gis", "confianza": "por_verificar", "member_ids": ["gis/5211"], "id": "gis/5211", "region": "cantabria", "name": null, "municipio": "Miengo", "tipo": null, "cubierto": null, "direccion": null, "foto": null, "area_m2": 141, "gis_url": "https://mapas.cantabria.es/", "estado": null}}, {"type": "Feature", "geometry": {"type": "Point", "coordinates": [-3.610949, 43.497696]}, "properties": {"sources": ["gis"], "source": "gis", "confianza": "por_verificar", "member_ids": ["gis/6126"], "id": "gis/6126", "region": "cantabria", "name": null, "municipio": "Ajo", "tipo": null, "cubierto": null, "direccion": null, "foto": null, "area_m2": 117, "gis_url": "https://mapas.cantabria.es/", "estado": null}}, {"type": "Feature", "geometry": {"type": "Point", "coordinates": [-3.968317, 43.356995]}, "properties": {"sources": ["gis"], "source": "gis", "confianza": "por_verificar", "member_ids": ["gis/6212"], "id": "gis/6212", "region": "cantabria", "name": null, "municipio": "Vioño de Piélagos", "tipo": null, "cubierto": null, "direccion": null, "foto": null, "area_m2": 500, "gis_url": "https://mapas.cantabria.es/", "estado": null}}, {"type": "Feature", "geometry": {"type": "Point", "coordinates": [-3.518355, 43.477914]}, "properties": {"sources": ["frontons", "gis"], "source": "frontons+gis", "confianza": "confirmado", "member_ids": ["frontons/3886", "gis/7017"], "id": "frontons/3886", "region": "cantabria", "name": null, "municipio": "Noja", "tipo": "pared_izq", "cubierto": null, "direccion": "Calle la Fuente 8 España", "foto": "https://static.frontons.net/data/photos/medium/fronton-pared-izquierda-39180-noja-cantabria-espana-3886_0.jpg", "area_m2": 447, "gis_url": "https://mapas.cantabria.es/", "frontons_url": "https://www.frontons.net/fronton-pared-izquierda/39180-noja-cantabria-espana-3886.html", "estado": null}}, {"type": "Feature", "geometry": {"type": "Point", "coordinates": [-4.062827, 43.266546]}, "properties": {"sources": ["frontons", "gis"], "source": "frontons+gis", "confianza": "confirmado", "member_ids": ["frontons/3879", "gis/7062"], "id": "frontons/3879", "region": "cantabria", "name": null, "municipio": "Los Corrales de Buelna", "tipo": "pared_izq", "cubierto": null, "direccion": "Calle Brunete 17 España", "foto": "https://static.frontons.net/data/photos/medium/fronton-pared-izquierda-39400-los-corrales-de-buelna-cantabria-espana-3879_0.jpg", "area_m2": 574, "gis_url": "https://mapas.cantabria.es/", "frontons_url": "https://www.frontons.net/fronton-pared-izquierda/39400-los-corrales-de-buelna-cantabria-espana-3879.html", "estado": null}}, {"type": "Feature", "geometry": {"type": "Point", "coordinates": [-3.878516, 43.468148]}, "properties": {"sources": ["frontons", "gis"], "source": "frontons+gis", "confianza": "confirmado", "member_ids": ["frontons/3881", "gis/7360"], "id": "frontons/3881", "region": "cantabria", "name": null, "municipio": "Sancibrián", "tipo": "pared_izq", "cubierto": null, "direccion": "Calle Murillo 7B España", "foto": "https://static.frontons.net/data/photos/medium/fronton-pared-izquierda-39110-cantabria-espana-3881_0.jpg", "area_m2": 406, "gis_url": "https://mapas.cantabria.es/", "frontons_url": "https://www.frontons.net/fronton-pared-izquierda/39110-cantabria-espana-3881.html", "estado": null}}, {"type": "Feature", "geometry": {"type": "Point", "coordinates": [-4.051261, 42.974644]}, "properties": {"sources": ["frontons", "gis"], "source": "frontons+gis", "confianza": "confirmado", "member_ids": ["frontons/3877", "gis/7635"], "id": "frontons/3877", "region": "cantabria", "name": null, "municipio": "Arroyo", "tipo": "pared_izq", "cubierto": null, "direccion": "Barrio 8A España", "foto": "https://static.frontons.net/data/photos/medium/fronton-pared-izquierda-lugar-39213-arroyo-cantabria-espana-3877_0.jpg", "area_m2": 390, "gis_url": "https://mapas.cantabria.es/", "frontons_url": "https://www.frontons.net/fronton-pared-izquierda/lugar-39213-arroyo-cantabria-espana-3877.html", "estado": null}}, {"type": "Feature", "geometry": {"type": "Point", "coordinates": [-2.665012, 42.849987]}, "properties": {"sources": ["frontons"], "source": "frontons", "confianza": "por_verificar", "member_ids": ["frontons/3152"], "id": "frontons/3152", "region": "euskadi", "name": null, "municipio": "Vitoria-Gasteiz", "tipo": "pared_izq", "cubierto": null, "direccion": "Arrieta Pasabidea 8 España", "foto": "https://static.frontons.net/data/photos/medium/fronton-pared-izquierda-01002-vitoria-gasteiz-araba-espana-3152_0.jpg", "area_m2": null, "frontons_url": "https://www.frontons.net/fronton-pared-izquierda/01002-vitoria-gasteiz-araba-espana-3152.html", "estado": null}}, {"type": "Feature", "geometry": {"type": "Point", "coordinates": [-2.660161, 42.842699]}, "properties": {"sources": ["frontons"], "source": "frontons", "confianza": "por_verificar", "member_ids": ["frontons/3155"], "id": "frontons/3155", "region": "euskadi", "name": null, "municipio": "Vitoria-Gasteiz", "tipo": "pared_izq", "cubierto": null, "direccion": "Kalea Federico Baraibar 7 España", "foto": "https://static.frontons.net/data/photos/medium/fronton-pared-izquierda-01003-vitoria-gasteiz-araba-espana-3155_0.jpg", "area_m2": null, "frontons_url": "https://www.frontons.net/fronton-pared-izquierda/01003-vitoria-gasteiz-araba-espana-3155.html", "estado": null}}, {"type": "Feature", "geometry": {"type": "Point", "coordinates": [-2.677814, 42.835574]}, "properties": {"sources": ["frontons"], "source": "frontons", "confianza": "por_verificar", "member_ids": ["frontons/3159"], "id": "frontons/3159", "region": "euskadi", "name": null, "municipio": "Vitoria-Gasteiz", "tipo": "pared_izq", "cubierto": null, "direccion": "Kalea 41D España", "foto": "https://static.frontons.net/data/photos/medium/fronton-pared-izquierda-01006-vitoria-gasteiz-araba-espana-3159_0.jpg", "area_m2": null, "frontons_url": "https://www.frontons.net/fronton-pared-izquierda/01006-vitoria-gasteiz-araba-espana-3159.html", "estado": null}}, {"type": "Feature", "geometry": {"type": "Point", "coordinates": [-2.678872, 42.839489]}, "properties": {"sources": ["frontons"], "source": "frontons", "confianza": "por_verificar", "member_ids": ["frontons/3157", "frontons/3158"], "id": "frontons/3157", "region": "euskadi", "name": null, "municipio": "Vitoria-Gasteiz", "tipo": "pared_izq", "cubierto": null, "direccion": "Nieves Cano Kalea 20 España", "foto": "https://static.frontons.net/data/photos/medium/fronton-pared-izquierda-01007-vitoria-gasteiz-araba-espana-3157_0.jpg", "area_m2": null, "frontons_url": "https://www.frontons.net/fronton-pared-izquierda/01007-vitoria-gasteiz-araba-espana-3157.html", "estado": null}}, {"type": "Feature", "geometry": {"type": "Point", "coordinates": [-2.677236, 42.848816]}, "properties": {"sources": ["frontons"], "source": "frontons", "confianza": "por_verificar", "member_ids": ["frontons/3145"], "id": "frontons/3145", "region": "euskadi", "name": null, "municipio": "Vitoria-Gasteiz", "tipo": "pared_izq", "cubierto": null, "direccion": "Zerkabarren Kalea 7A España", "foto": "https://static.frontons.net/data/photos/medium/fronton-pared-izquierda-01008-vitoria-gasteiz-araba-espana-3145_0.jpg", "area_m2": null, "frontons_url": "https://www.frontons.net/fronton-pared-izquierda/01008-vitoria-gasteiz-araba-espana-3145.html", "estado": null}}, {"type": "Feature", "geometry": {"type": "Point", "coordinates": [-2.686548, 42.853444]}, "properties": {"sources": ["frontons"], "source": "frontons", "confianza": "por_verificar", "member_ids": ["frontons/3143"], "id": "frontons/3143", "region": "euskadi", "name": null, "municipio": "Vitoria-Gasteiz", "tipo": "pared_izq", "cubierto": null, "direccion": "Máximo Guisasola Kalea 12 España", "foto": "https://static.frontons.net/data/photos/medium/fronton-pared-izquierda-01009-vitoria-gasteiz-araba-espana-3143_0.jpg", "area_m2": null, "frontons_url": "https://www.frontons.net/fronton-pared-izquierda/01009-vitoria-gasteiz-araba-espana-3143.html", "estado": null}}, {"type": "Feature", "geometry": {"type": "Point", "coordinates": [-2.699813, 42.856383]}, "properties": {"sources": ["frontons"], "source": "frontons", "confianza": "por_verificar", "member_ids": ["frontons/2982"], "id": "frontons/2982", "region": "euskadi", "name": null, "municipio": "Vitoria-Gasteiz", "tipo": "pared_izq", "cubierto": null, "direccion": "Calle Alonso de Sarria 11 España", "foto": "https://static.frontons.net/data/photos/medium/fronton-pared-izquierda-01010-vitoria-gasteiz-alava-espana-2982_0.jpg", "area_m2": null, "frontons_url": "https://www.frontons.net/fronton-pared-izquierda/01010-vitoria-gasteiz-alava-espana-2982.html", "estado": null}}, {"type": "Feature", "geometry": {"type": "Point", "coordinates": [-2.693907, 42.857932]}, "properties": {"sources": ["frontons"], "source": "frontons", "confianza": "por_verificar", "member_ids": ["frontons/2991"], "id": "frontons/2991", "region": "euskadi", "name": null, "municipio": "Vitoria-Gasteiz", "tipo": "pared_izq", "cubierto": null, "direccion": "Espoz y Mina Kalea 4 España", "foto": "https://static.frontons.net/data/photos/medium/fronton-pared-izquierda-01010-vitoria-gasteiz-araba-espana-2991_0.jpg", "area_m2": null, "frontons_url": "https://www.frontons.net/fronton-pared-izquierda/01010-vitoria-gasteiz-araba-espana-2991.html", "estado": null}}, {"type": "Feature", "geometry": {"type": "Point", "coordinates": [-2.678904, 42.864451]}, "properties": {"sources": ["frontons"], "source": "frontons", "confianza": "por_verificar", "member_ids": ["frontons/3028"], "id": "frontons/3028", "region": "euskadi", "name": null, "municipio": "Vitoria-Gasteiz", "tipo": "pared_izq", "cubierto": null, "direccion": "Francisco Javier de Landaburu Kalea 9A España", "foto": "https://static.frontons.net/data/photos/medium/fronton-pared-izquierda-01010-vitoria-gasteiz-araba-espana-3028_0.jpg", "area_m2": null, "frontons_url": "https://www.frontons.net/fronton-pared-izquierda/01010-vitoria-gasteiz-araba-espana-3028.html", "estado": null}}, {"type": "Feature", "geometry": {"type": "Point", "coordinates": [-2.691494, 42.868598]}, "properties": {"sources": ["frontons"], "source": "frontons", "confianza": "por_verificar", "member_ids": ["frontons/3043"], "id": "frontons/3043", "region": "euskadi", "name": null, "municipio": "Vitoria-Gasteiz", "tipo": "pared_izq", "cubierto": null, "direccion": "Landaberde Kalea 32 España", "foto": "https://static.frontons.net/data/photos/medium/fronton-pared-izquierda-01010-vitoria-gasteiz-araba-espana-3043_0.jpg", "area_m2": null, "frontons_url": "https://www.frontons.net/fronton-pared-izquierda/01010-vitoria-gasteiz-araba-espana-3043.html", "estado": null}}, {"type": "Feature", "geometry": {"type": "Point", "coordinates": [-2.69093, 42.860648]}, "properties": {"sources": ["frontons"], "source": "frontons", "confianza": "por_verificar", "member_ids": ["frontons/3045"], "id": "frontons/3045", "region": "euskadi", "name": null, "municipio": "Vitoria-Gasteiz", "tipo": "pared_izq", "cubierto": null, "direccion": "Calle del Duque de Wellington 6 España", "foto": "https://static.frontons.net/data/photos/medium/fronton-pared-izquierda-01010-vitoria-gasteiz-araba-espana-3045_0.jpg", "area_m2": null, "frontons_url": "https://www.frontons.net/fronton-pared-izquierda/01010-vitoria-gasteiz-araba-espana-3045.html", "estado": null}}, {"type": "Feature", "geometry": {"type": "Point", "coordinates": [-2.689104, 42.859699]}, "properties": {"sources": ["frontons"], "source": "frontons", "confianza": "por_verificar", "member_ids": ["frontons/3050"], "id": "frontons/3050", "region": "euskadi", "name": null, "municipio": "Vitoria-Gasteiz", "tipo": "pared_izq", "cubierto": null, "direccion": "Miguel Hernandez Kalea 2 España", "foto": "https://static.frontons.net/data/photos/medium/fronton-pared-izquierda-01010-vitoria-gasteiz-araba-espana-3050_0.jpg", "area_m2": null, "frontons_url": "https://www.frontons.net/fronton-pared-izquierda/01010-vitoria-gasteiz-araba-espana-3050.html", "estado": null}}, {"type": "Feature", "geometry": {"type": "Point", "coordinates": [-2.689138, 42.861285]}, "properties": {"sources": ["frontons"], "source": "frontons", "confianza": "por_verificar", "member_ids": ["frontons/3057"], "id": "frontons/3057", "region": "euskadi", "name": null, "municipio": "Vitoria-Gasteiz", "tipo": "pared_izq", "cubierto": null, "direccion": "Miguel Hernandez Kalea 2 España", "foto": "https://static.frontons.net/data/photos/medium/fronton-pared-izquierda-01010-vitoria-gasteiz-araba-espana-3057_0.jpg", "area_m2": null, "frontons_url": "https://www.frontons.net/fronton-pared-izquierda/01010-vitoria-gasteiz-araba-espana-3057.html", "estado": null}}, {"type": "Feature", "geometry": {"type": "Point", "coordinates": [-2.678405, 42.853356]}, "properties": {"sources": ["frontons"], "source": "frontons", "confianza": "por_verificar", "member_ids": ["frontons/3144"], "id": "frontons/3144", "region": "euskadi", "name": null, "municipio": "Vitoria-Gasteiz", "tipo": "pared_izq", "cubierto": null, "direccion": "Navarro Villoslada Kalea 6 España", "foto": "https://static.frontons.net/data/photos/medium/fronton-pared-izquierda-01012-vitoria-gasteiz-araba-espana-3144_0.jpg", "area_m2": null, "frontons_url": "https://www.frontons.net/fronton-pared-izquierda/01012-vitoria-gasteiz-araba-espana-3144.html", "estado": null}}, {"type": "Feature", "geometry": {"type": "Point", "coordinates": [-2.667195, 42.855601]}, "properties": {"sources": ["frontons"], "source": "frontons", "confianza": "por_verificar", "member_ids": ["frontons/3146"], "id": "frontons/3146", "region": "euskadi", "name": null, "municipio": "Vitoria-Gasteiz", "tipo": "pared_izq", "cubierto": null, "direccion": "Reyes de Navarra Kalea 18 España", "foto": "https://static.frontons.net/data/photos/medium/fronton-pared-izquierda-01013-vitoria-gasteiz-araba-espana-3146_0.jpg", "area_m2": null, "frontons_url": "https://www.frontons.net/fronton-pared-izquierda/01013-vitoria-gasteiz-araba-espana-3146.html", "estado": null}}, {"type": "Feature", "geometry": {"type": "Point", "coordinates": [-2.669479, 42.855544]}, "properties": {"sources": ["frontons"], "source": "frontons", "confianza": "por_verificar", "member_ids": ["frontons/3150"], "id": "frontons/3150", "region": "euskadi", "name": null, "municipio": "Vitoria-Gasteiz", "tipo": "pared_izq", "cubierto": null, "direccion": "Fermin Lasuen Kalea 9 España", "foto": "https://static.frontons.net/data/photos/medium/fronton-pared-izquierda-01013-vitoria-gasteiz-araba-espana-3150_0.jpg", "area_m2": null, "frontons_url": "https://www.frontons.net/fronton-pared-izquierda/01013-vitoria-gasteiz-araba-espana-3150.html", "estado": null}}, {"type": "Feature", "geometry": {"type": "Point", "coordinates": [-2.362066, 42.743988]}, "properties": {"sources": ["frontons"], "source": "frontons", "confianza": "por_verificar", "member_ids": ["frontons/2391"], "id": "frontons/2391", "region": "euskadi", "name": null, "municipio": "Done Bikendi Harana", "tipo": "pared_izq", "cubierto": null, "direccion": "Montoza Kalea 23 España", "foto": "https://static.frontons.net/data/photos/medium/fronton-pared-izquierda-01117-done-bikendi-harana-araba-espana-2391_0.jpg", "area_m2": null, "frontons_url": "https://www.frontons.net/fronton-pared-izquierda/01117-done-bikendi-harana-araba-espana-2391.html", "estado": null}}, {"type": "Feature", "geometry": {"type": "Point", "coordinates": [-2.492911, 42.629404]}, "properties": {"sources": ["frontons"], "source": "frontons", "confianza": "por_verificar", "member_ids": ["frontons/2645"], "id": "frontons/2645", "region": "euskadi", "name": null, "municipio": "Bernedo", "tipo": "pared_izq", "cubierto": null, "direccion": "Carretera Santa Cruz 61 España", "foto": "https://static.frontons.net/data/photos/medium/fronton-pared-izquierda-01118-bernedo-araba-espana-2645_0.jpg", "area_m2": null, "frontons_url": "https://www.frontons.net/fronton-pared-izquierda/01118-bernedo-araba-espana-2645.html", "estado": null}}, {"type": "Feature", "geometry": {"type": "Point", "coordinates": [-2.426245, 42.725833]}, "properties": {"sources": ["frontons"], "source": "frontons", "confianza": "por_verificar", "member_ids": ["frontons/2552"], "id": "frontons/2552", "region": "euskadi", "name": null, "municipio": "Atauri", "tipo": "pared_izq", "cubierto": null, "direccion": "Abajo Auzoa 6 España", "foto": "https://static.frontons.net/data/photos/medium/fronton-pared-izquierda-01128-atauri-alava-espana-2552_0.jpg", "area_m2": null, "frontons_url": "https://www.frontons.net/fronton-pared-izquierda/01128-atauri-alava-espana-2552.html", "estado": null}}, {"type": "Feature", "geometry": {"type": "Point", "coordinates": [-2.422982, 42.778269]}, "properties": {"sources": ["frontons"], "source": "frontons", "confianza": "por_verificar", "member_ids": ["frontons/2533"], "id": "frontons/2533", "region": "euskadi", "name": null, "municipio": "Musitu", "tipo": "pared_izq", "cubierto": null, "direccion": "San Martin Kalea 3 España", "foto": "https://static.frontons.net/data/photos/medium/fronton-pared-izquierda-01129-musitu-araba-espana-2533_0.jpg", "area_m2": null, "frontons_url": "https://www.frontons.net/fronton-pared-izquierda/01129-musitu-araba-espana-2533.html", "estado": null}}, {"type": "Feature", "geometry": {"type": "Point", "coordinates": [-2.819104, 42.955099]}, "properties": {"sources": ["frontons"], "source": "frontons", "confianza": "por_verificar", "member_ids": ["frontons/2271"], "id": "frontons/2271", "region": "euskadi", "name": null, "municipio": "Murgia", "tipo": "pared_izq", "cubierto": null, "direccion": "Añureta Kalea 3 España", "foto": "https://static.frontons.net/data/photos/medium/fronton-pared-izquierda-01130-murgia-araba-espana-2271_0.jpg", "area_m2": null, "frontons_url": "https://www.frontons.net/fronton-pared-izquierda/01130-murgia-araba-espana-2271.html", "estado": null}}, {"type": "Feature", "geometry": {"type": "Point", "coordinates": [-2.831415, 42.956839]}, "properties": {"sources": ["frontons"], "source": "frontons", "confianza": "por_verificar", "member_ids": ["frontons/2280"], "id": "frontons/2280", "region": "euskadi", "name": null, "municipio": "Murgia", "tipo": "pared_izq", "cubierto": null, "direccion": "Calle Domingo de Sautu 98 España", "foto": "https://static.frontons.net/data/photos/medium/fronton-pared-izquierda-01130-murgia-araba-espana-2280_0.jpg", "area_m2": null, "frontons_url": "https://www.frontons.net/fronton-pared-izquierda/01130-murgia-araba-espana-2280.html", "estado": null}}, {"type": "Feature", "geometry": {"type": "Point", "coordinates": [-2.820953, 42.959082]}, "properties": {"sources": ["frontons"], "source": "frontons", "confianza": "por_verificar", "member_ids": ["frontons/2895"], "id": "frontons/2895", "region": "euskadi", "name": null, "municipio": "Murgia", "tipo": "pared_izq", "cubierto": null, "direccion": "San Martin Kalea 62 España", "foto": "https://static.frontons.net/data/photos/medium/fronton-pared-izquierda-01130-murgia-araba-espana-2895_0.jpg", "area_m2": null, "frontons_url": "https://www.frontons.net/fronton-pared-izquierda/01130-murgia-araba-espana-2895.html", "estado": null}}, {"type": "Feature", "geometry": {"type": "Point", "coordinates": [-2.73045, 42.958043]}, "properties": {"sources": ["frontons"], "source": "frontons", "confianza": "por_verificar", "member_ids": ["frontons/2477"], "id": "frontons/2477", "region": "euskadi", "name": null, "municipio": "Gopegi", "tipo": "pared_izq", "cubierto": null, "direccion": "Bengolarra Kalea 2 España", "foto": "https://static.frontons.net/data/photos/medium/fronton-pared-izquierda-01138-gopegi-araba-espana-2477_0.jpg", "area_m2": null, "frontons_url": "https://www.frontons.net/fronton-pared-izquierda/01138-gopegi-araba-espana-2477.html", "estado": null}}, {"type": "Feature", "geometry": {"type": "Point", "coordinates": [-2.566063, 43.048207]}, "properties": {"sources": ["frontons"], "source": "frontons", "confianza": "por_verificar", "member_ids": ["frontons/2608", "frontons/2609"], "id": "frontons/2608", "region": "euskadi", "name": null, "municipio": "Ibarra", "tipo": "pared_izq", "cubierto": null, "direccion": "Nardeaga Kalea 44 España", "foto": "https://static.frontons.net/data/photos/medium/fronton-pared-izquierda-01160-ibarra-araba-espana-2608_0.jpg", "area_m2": null, "frontons_url": "https://www.frontons.net/fronton-pared-izquierda/01160-ibarra-araba-espana-2608.html", "estado": null}}, {"type": "Feature", "geometry": {"type": "Point", "coordinates": [-2.559595, 43.046451]}, "properties": {"sources": ["frontons"], "source": "frontons", "confianza": "por_verificar", "member_ids": ["frontons/2303"], "id": "frontons/2303", "region": "euskadi", "name": null, "municipio": "Ibarra", "tipo": "pared_izq", "cubierto": null, "direccion": "Barajuen Entitatea 8 España", "foto": "https://static.frontons.net/data/photos/medium/fronton-pared-izquierda-01169-ibarra-araba-espana-2303_0.jpg", "area_m2": null, "frontons_url": "https://www.frontons.net/fronton-pared-izquierda/01169-ibarra-araba-espana-2303.html", "estado": null}}, {"type": "Feature", "geometry": {"type": "Point", "coordinates": [-2.54216, 42.848209]}, "properties": {"sources": ["frontons"], "source": "frontons", "confianza": "por_verificar", "member_ids": ["frontons/2503", "frontons/2808"], "id": "frontons/2503", "region": "euskadi", "name": null, "municipio": "Burgelu", "tipo": "pared_izq", "cubierto": null, "direccion": "Avenida 42 España", "foto": "https://static.frontons.net/data/photos/medium/fronton-pared-izquierda-01192-burgelu-araba-espana-2503_0.jpg", "area_m2": null, "frontons_url": "https://www.frontons.net/fronton-pared-izquierda/01192-burgelu-araba-espana-2503.html", "estado": null}}, {"type": "Feature", "geometry": {"type": "Point", "coordinates": [-2.625434, 42.854252]}, "properties": {"sources": ["frontons"], "source": "frontons", "confianza": "por_verificar", "member_ids": ["frontons/3156"], "id": "frontons/3156", "region": "euskadi", "name": null, "municipio": "Vitoria-Gasteiz", "tipo": "pared_izq", "cubierto": null, "direccion": "Arcaute Entitatea 18 España", "foto": "https://static.frontons.net/data/photos/medium/fronton-pared-izquierda-01192-vitoria-gasteiz-araba-espana-3156_0.jpg", "area_m2": null, "frontons_url": "https://www.frontons.net/fronton-pared-izquierda/01192-vitoria-gasteiz-araba-espana-3156.html", "estado": null}}, {"type": "Feature", "geometry": {"type": "Point", "coordinates": [-2.521802, 42.814658]}, "properties": {"sources": ["frontons"], "source": "frontons", "confianza": "por_verificar", "member_ids": ["frontons/2221"], "id": "frontons/2221", "region": "euskadi", "name": null, "municipio": "Erenchu", "tipo": "pared_izq", "cubierto": null, "direccion": "Elisalde Auzoa 13 España", "foto": "https://static.frontons.net/data/photos/medium/fronton-pared-izquierda-01193-erenchu-araba-espana-2221_0.jpg", "area_m2": null, "frontons_url": "https://www.frontons.net/fronton-pared-izquierda/01193-erenchu-araba-espana-2221.html", "estado": null}}, {"type": "Feature", "geometry": {"type": "Point", "coordinates": [-2.696601, 42.823699]}, "properties": {"sources": ["frontons"], "source": "frontons", "confianza": "por_verificar", "member_ids": ["frontons/3118", "frontons/3119"], "id": "frontons/3118", "region": "euskadi", "name": null, "municipio": "Vitoria-Gasteiz", "tipo": "pared_izq", "cubierto": null, "direccion": "Portal de Lasarte Kalea 101 España", "foto": "https://static.frontons.net/data/photos/medium/fronton-pared-izquierda-01194-vitoria-gasteiz-araba-espana-3118_0.jpg", "area_m2": null, "frontons_url": "https://www.frontons.net/fronton-pared-izquierda/01194-vitoria-gasteiz-araba-espana-3118.html", "estado": null}}, {"type": "Feature", "geometry": {"type": "Point", "coordinates": [-2.495645, 42.922384]}, "properties": {"sources": ["frontons"], "source": "frontons", "confianza": "por_verificar", "member_ids": ["frontons/2504"], "id": "frontons/2504", "region": "euskadi", "name": null, "municipio": "Ozaeta", "tipo": "pared_izq", "cubierto": null, "direccion": "Calle Camino de Elgea Kalea 10 España", "foto": "https://static.frontons.net/data/photos/medium/fronton-pared-izquierda-01206-alava-espana-2504_0.jpg", "area_m2": null, "frontons_url": "https://www.frontons.net/fronton-pared-izquierda/01206-alava-espana-2504.html", "estado": null}}, {"type": "Feature", "geometry": {"type": "Point", "coordinates": [-2.444156, 42.87824]}, "properties": {"sources": ["frontons"], "source": "frontons", "confianza": "por_verificar", "member_ids": ["frontons/2553"], "id": "frontons/2553", "region": "euskadi", "name": null, "municipio": "Heredia", "tipo": "pared_izq", "cubierto": null, "direccion": "Torcida Kalea 5 España", "foto": "https://static.frontons.net/data/photos/medium/fronton-pared-izquierda-01206-heredia-araba-espana-2553_0.jpg", "area_m2": null, "frontons_url": "https://www.frontons.net/fronton-pared-izquierda/01206-heredia-araba-espana-2553.html", "estado": null}}, {"type": "Feature", "geometry": {"type": "Point", "coordinates": [-2.429734, 42.834793]}, "properties": {"sources": ["frontons"], "source": "frontons", "confianza": "por_verificar", "member_ids": ["frontons/2555"], "id": "frontons/2555", "region": "euskadi", "name": null, "municipio": "Langarika", "tipo": "pared_izq", "cubierto": null, "direccion": "Kalea 5 España", "foto": "https://static.frontons.net/data/photos/medium/fronton-pared-izquierda-01206-langarika-araba-espana-2555_0.jpg", "area_m2": null, "frontons_url": "https://www.frontons.net/fronton-pared-izquierda/01206-langarika-araba-espana-2555.html", "estado": null}}, {"type": "Feature", "geometry": {"type": "Point", "coordinates": [-2.316022, 42.863047]}, "properties": {"sources": ["frontons"], "source": "frontons", "confianza": "por_verificar", "member_ids": ["frontons/2821"], "id": "frontons/2821", "region": "euskadi", "name": null, "municipio": "San Millán / Donemiliaga", "tipo": "pared_izq", "cubierto": null, "direccion": "Acceso a San Román de Millán España", "foto": "https://static.frontons.net/data/photos/medium/fronton-pared-izquierda-01207-araba-espana-2821_0.jpg", "area_m2": null, "frontons_url": "https://www.frontons.net/fronton-pared-izquierda/01207-araba-espana-2821.html", "estado": null}}, {"type": "Feature", "geometry": {"type": "Point", "coordinates": [-2.389285, 42.819885]}, "properties": {"sources": ["frontons"], "source": "frontons", "confianza": "por_verificar", "member_ids": ["frontons/2521"], "id": "frontons/2521", "region": "euskadi", "name": null, "municipio": "Egileor", "tipo": "pared_izq", "cubierto": null, "direccion": "Arranbe Kalea 12 España", "foto": "https://static.frontons.net/data/photos/medium/fronton-pared-izquierda-01207-egileor-araba-espana-2521_0.jpg", "area_m2": null, "frontons_url": "https://www.frontons.net/fronton-pared-izquierda/01207-egileor-araba-espana-2521.html", "estado": null}}, {"type": "Feature", "geometry": {"type": "Point", "coordinates": [-2.345154, 42.885261]}, "properties": {"sources": ["frontons"], "source": "frontons", "confianza": "por_verificar", "member_ids": ["frontons/2668"], "id": "frontons/2668", "region": "euskadi", "name": null, "municipio": "Zalduondo", "tipo": "pared_izq", "cubierto": null, "direccion": "Lugar Barrio Torre 3 España", "foto": "https://static.frontons.net/data/photos/medium/fronton-pared-izquierda-01208-zalduondo-araba-espana-2668_0.jpg", "area_m2": null, "frontons_url": "https://www.frontons.net/fronton-pared-izquierda/01208-zalduondo-araba-espana-2668.html", "estado": null}}, {"type": "Feature", "geometry": {"type": "Point", "coordinates": [-2.879437, 42.663383]}, "properties": {"sources": ["frontons"], "source": "frontons", "confianza": "por_verificar", "member_ids": ["frontons/2332"], "id": "frontons/2332", "region": "euskadi", "name": null, "municipio": "Zanbrana", "tipo": "pared_izq", "cubierto": null, "direccion": "Polideportivo Bidea 9 España", "foto": "https://static.frontons.net/data/photos/medium/fronton-pared-izquierda-01212-zanbrana-araba-espana-2332_0.jpg", "area_m2": null, "frontons_url": "https://www.frontons.net/fronton-pared-izquierda/01212-zanbrana-araba-espana-2332.html", "estado": null}}, {"type": "Feature", "geometry": {"type": "Point", "coordinates": [-2.567363, 42.702923]}, "properties": {"sources": ["frontons"], "source": "frontons", "confianza": "por_verificar", "member_ids": ["frontons/2528"], "id": "frontons/2528", "region": "euskadi", "name": null, "municipio": "Markinez", "tipo": "pared_izq", "cubierto": null, "direccion": "Vitoria Kalea 17 España", "foto": "https://static.frontons.net/data/photos/medium/fronton-pared-izquierda-01216-markinez-araba-espana-2528_0.jpg", "area_m2": null, "frontons_url": "https://www.frontons.net/fronton-pared-izquierda/01216-markinez-araba-espana-2528.html", "estado": null}}, {"type": "Feature", "geometry": {"type": "Point", "coordinates": [-2.86486, 42.745217]}, "properties": {"sources": ["frontons"], "source": "frontons", "confianza": "por_verificar", "member_ids": ["frontons/2309"], "id": "frontons/2309", "region": "euskadi", "name": null, "municipio": "Ribera Baja / Erriberabeitia", "tipo": "pared_izq", "cubierto": null, "direccion": "Sobre la Rueda Kalea 14 España", "foto": "https://static.frontons.net/data/photos/medium/fronton-pared-izquierda-01220-araba-espana-2309_0.jpg", "area_m2": null, "frontons_url": "https://www.frontons.net/fronton-pared-izquierda/01220-araba-espana-2309.html", "estado": null}}, {"type": "Feature", "geometry": {"type": "Point", "coordinates": [-2.870449, 42.722255]}, "properties": {"sources": ["frontons"], "source": "frontons", "confianza": "por_verificar", "member_ids": ["frontons/2352"], "id": "frontons/2352", "region": "euskadi", "name": null, "municipio": "Armiñon", "tipo": "pared_izq", "cubierto": null, "direccion": "San José Kalea 2 España", "foto": "https://static.frontons.net/data/photos/medium/fronton-pared-izquierda-01220-arminon-araba-espana-2352_0.jpg", "area_m2": null, "frontons_url": "https://www.frontons.net/fronton-pared-izquierda/01220-arminon-araba-espana-2352.html", "estado": null}}, {"type": "Feature", "geometry": {"type": "Point", "coordinates": [-2.798186, 42.822743]}, "properties": {"sources": ["frontons"], "source": "frontons", "confianza": "por_verificar", "member_ids": ["frontons/2907", "frontons/2908"], "id": "frontons/2907", "region": "euskadi", "name": null, "municipio": "Nanclares de la Oca / Langraiz Oka", "tipo": "pared_izq", "cubierto": null, "direccion": "Etorbidea Langraiz 2 España", "foto": "https://static.frontons.net/data/photos/medium/fronton-pared-izquierda-01230-araba-espana-2907_0.jpg", "area_m2": null, "frontons_url": "https://www.frontons.net/fronton-pared-izquierda/01230-araba-espana-2907.html", "estado": null}}, {"type": "Feature", "geometry": {"type": "Point", "coordinates": [-2.799238, 42.817673]}, "properties": {"sources": ["frontons"], "source": "frontons", "confianza": "por_verificar", "member_ids": ["frontons/2911"], "id": "frontons/2911", "region": "euskadi", "name": null, "municipio": "Nanclares de la Oca", "tipo": "pared_izq", "cubierto": null, "direccion": "Langraiz Etorbi a 1 España", "foto": "https://static.frontons.net/data/photos/medium/fronton-pared-izquierda-01230-nanclares-de-la-oca-araba-espana-2911_0.jpg", "area_m2": null, "frontons_url": "https://www.frontons.net/fronton-pared-izquierda/01230-nanclares-de-la-oca-araba-espana-2911.html", "estado": null}}, {"type": "Feature", "geometry": {"type": "Point", "coordinates": [-2.514381, 42.844365]}, "properties": {"sources": ["frontons"], "source": "frontons", "confianza": "por_verificar", "member_ids": ["frontons/2846", "frontons/2887"], "id": "frontons/2846", "region": "euskadi", "name": null, "municipio": "Dulantzi", "tipo": "pared_izq", "cubierto": null, "direccion": "Nuestra Señora de Aiala Kalea 18 España", "foto": "https://static.frontons.net/data/photos/medium/fronton-pared-izquierda-01240-dulantzi-araba-espana-2846_0.jpg", "area_m2": null, "frontons_url": "https://www.frontons.net/fronton-pared-izquierda/01240-dulantzi-araba-espana-2846.html", "estado": null}}, {"type": "Feature", "geometry": {"type": "Point", "coordinates": [-2.583655, 42.550972]}, "properties": {"sources": ["frontons"], "source": "frontons", "confianza": "por_verificar", "member_ids": ["frontons/2916"], "id": "frontons/2916", "region": "euskadi", "name": null, "municipio": "Guardia", "tipo": "pared_izq", "cubierto": null, "direccion": "Calle la Barbacana 3 España", "foto": "https://static.frontons.net/data/photos/medium/fronton-pared-izquierda-01300-guardia-araba-espana-2916_0.jpg", "area_m2": null, "frontons_url": "https://www.frontons.net/fronton-pared-izquierda/01300-guardia-araba-espana-2916.html", "estado": null}}, {"type": "Feature", "geometry": {"type": "Point", "coordinates": [-2.581869, 42.553257]}, "properties": {"sources": ["frontons"], "source": "frontons", "confianza": "por_verificar", "member_ids": ["frontons/2917", "frontons/2918"], "id": "frontons/2917", "region": "euskadi", "name": null, "municipio": "Guardia", "tipo": "pared_izq", "cubierto": null, "direccion": "Excma. Diputación Hiribidea 12B España", "foto": "https://static.frontons.net/data/photos/medium/fronton-pared-izquierda-01300-guardia-araba-espana-2917_0.jpg", "area_m2": null, "frontons_url": "https://www.frontons.net/fronton-pared-izquierda/01300-guardia-araba-espana-2917.html", "estado": null}}, {"type": "Feature", "geometry": {"type": "Point", "coordinates": [-2.574174, 42.494024]}, "properties": {"sources": ["frontons"], "source": "frontons", "confianza": "por_verificar", "member_ids": ["frontons/2488"], "id": "frontons/2488", "region": "euskadi", "name": null, "municipio": "Lapuebla de Labarca", "tipo": "pared_izq", "cubierto": null, "direccion": "De los Depositos Bi a España", "foto": "https://static.frontons.net/data/photos/medium/fronton-pared-izquierda-01306-lapuebla-de-labarca-araba-espana-2488_0.jpg", "area_m2": null, "frontons_url": "https://www.frontons.net/fronton-pared-izquierda/01306-lapuebla-de-labarca-araba-espana-2488.html", "estado": null}}, {"type": "Feature", "geometry": {"type": "Point", "coordinates": [-2.577608, 42.492879]}, "properties": {"sources": ["frontons"], "source": "frontons", "confianza": "por_verificar", "member_ids": ["frontons/2506"], "id": "frontons/2506", "region": "euskadi", "name": null, "municipio": "Lapuebla de Labarca", "tipo": "pared_izq", "cubierto": null, "direccion": "Maria Crvz Saenz Diaz Kalea 3 España", "foto": "https://static.frontons.net/data/photos/medium/fronton-pared-izquierda-01306-lapuebla-de-labarca-araba-espana-2506_0.jpg", "area_m2": null, "frontons_url": "https://www.frontons.net/fronton-pared-izquierda/01306-lapuebla-de-labarca-araba-espana-2506.html", "estado": null}}, {"type": "Feature", "geometry": {"type": "Point", "coordinates": [-2.67819, 42.529344]}, "properties": {"sources": ["frontons"], "source": "frontons", "confianza": "por_verificar", "member_ids": ["frontons/2434"], "id": "frontons/2434", "region": "euskadi", "name": null, "municipio": "Mañueta", "tipo": "pared_izq", "cubierto": null, "direccion": "Kale Nagusia 4 España", "foto": "https://static.frontons.net/data/photos/medium/fronton-pared-izquierda-01307-manueta-araba-espana-2434_0.jpg", "area_m2": null, "frontons_url": "https://www.frontons.net/fronton-pared-izquierda/01307-manueta-araba-espana-2434.html", "estado": null}}, {"type": "Feature", "geometry": {"type": "Point", "coordinates": [-2.516031, 42.590296]}, "properties": {"sources": ["frontons"], "source": "frontons", "confianza": "por_verificar", "member_ids": ["frontons/2543"], "id": "frontons/2543", "region": "euskadi", "name": null, "municipio": "Kripan", "tipo": "pared_izq", "cubierto": null, "direccion": "Las Higuerillas Kalea 8 España", "foto": "https://static.frontons.net/data/photos/medium/fronton-pared-izquierda-01308-kripan-araba-espana-2543_0.jpg", "area_m2": null, "frontons_url": "https://www.frontons.net/fronton-pared-izquierda/01308-kripan-araba-espana-2543.html", "estado": null}}, {"type": "Feature", "geometry": {"type": "Point", "coordinates": [-2.513715, 42.561948]}, "properties": {"sources": ["frontons"], "source": "frontons", "confianza": "por_verificar", "member_ids": ["frontons/2544"], "id": "frontons/2544", "region": "euskadi", "name": null, "municipio": "Lantziego", "tipo": "pared_izq", "cubierto": null, "direccion": "La Kalea 15 España", "foto": "https://static.frontons.net/data/photos/medium/fronton-pared-izquierda-01308-lantziego-araba-espana-2544_0.jpg", "area_m2": null, "frontons_url": "https://www.frontons.net/fronton-pared-izquierda/01308-lantziego-araba-espana-2544.html", "estado": null}}, {"type": "Feature", "geometry": {"type": "Point", "coordinates": [-2.512269, 42.56498]}, "properties": {"sources": ["frontons"], "source": "frontons", "confianza": "por_verificar", "member_ids": ["frontons/2545"], "id": "frontons/2545", "region": "euskadi", "name": null, "municipio": "Lantziego", "tipo": "pared_izq", "cubierto": null, "direccion": "De Viñaspre Errepidea 9 España", "foto": "https://static.frontons.net/data/photos/medium/fronton-pared-izquierda-01308-lantziego-araba-espana-2545_0.jpg", "area_m2": null, "frontons_url": "https://www.frontons.net/fronton-pared-izquierda/01308-lantziego-araba-espana-2545.html", "estado": null}}, {"type": "Feature", "geometry": {"type": "Point", "coordinates": [-2.543212, 42.570282]}, "properties": {"sources": ["frontons"], "source": "frontons", "confianza": "por_verificar", "member_ids": ["frontons/2508"], "id": "frontons/2508", "region": "euskadi", "name": null, "municipio": "Bilar", "tipo": "pared_izq", "cubierto": null, "direccion": "Kalea Lanciego 5 España", "foto": "https://static.frontons.net/data/photos/medium/fronton-pared-izquierda-01309-bilar-araba-espana-2508_0.jpg", "area_m2": null, "frontons_url": "https://www.frontons.net/fronton-pared-izquierda/01309-bilar-araba-espana-2508.html", "estado": null}}, {"type": "Feature", "geometry": {"type": "Point", "coordinates": [-2.636332, 42.565043]}, "properties": {"sources": ["frontons"], "source": "frontons", "confianza": "por_verificar", "member_ids": ["frontons/2478"], "id": "frontons/2478", "region": "euskadi", "name": null, "municipio": "Leza", "tipo": "pared_izq", "cubierto": null, "direccion": "Las Cuevas Kalea 21 España", "foto": "https://static.frontons.net/data/photos/medium/fronton-pared-izquierda-01309-leza-araba-espana-2478_0.jpg", "area_m2": null, "frontons_url": "https://www.frontons.net/fronton-pared-izquierda/01309-leza-araba-espana-2478.html", "estado": null}}, {"type": "Feature", "geometry": {"type": "Point", "coordinates": [-2.623871, 42.543114]}, "properties": {"sources": ["frontons"], "source": "frontons", "confianza": "por_verificar", "member_ids": ["frontons/2486"], "id": "frontons/2486", "region": "euskadi", "name": null, "municipio": "Navaridas", "tipo": "pared_izq", "cubierto": null, "direccion": "Eras Abajo Kalea 2 España", "foto": "https://static.frontons.net/data/photos/medium/fronton-pared-izquierda-01309-navaridas-araba-espana-2486_0.jpg", "area_m2": null, "frontons_url": "https://www.frontons.net/fronton-pared-izquierda/01309-navaridas-araba-espana-2486.html", "estado": null}}, {"type": "Feature", "geometry": {"type": "Point", "coordinates": [-2.441971, 42.508365]}, "properties": {"sources": ["frontons"], "source": "frontons", "confianza": "por_verificar", "member_ids": ["frontons/2548"], "id": "frontons/2548", "region": "euskadi", "name": null, "municipio": "Oion", "tipo": "pared_izq", "cubierto": null, "direccion": "La Espina Kalea España", "foto": "https://static.frontons.net/data/photos/medium/fronton-pared-izquierda-01320-oion-araba-espana-2548_0.jpg", "area_m2": null, "frontons_url": "https://www.frontons.net/fronton-pared-izquierda/01320-oion-araba-espana-2548.html", "estado": null}}, {"type": "Feature", "geometry": {"type": "Point", "coordinates": [-2.506574, 42.499703]}, "properties": {"sources": ["frontons"], "source": "frontons", "confianza": "por_verificar", "member_ids": ["frontons/2612"], "id": "frontons/2612", "region": "euskadi", "name": null, "municipio": "Laserna", "tipo": "pared_izq", "cubierto": null, "direccion": "San Rafael Bidea 6 España", "foto": "https://static.frontons.net/data/photos/medium/fronton-pared-izquierda-01321-laserna-araba-espana-2612_0.jpg", "area_m2": null, "frontons_url": "https://www.frontons.net/fronton-pared-izquierda/01321-laserna-araba-espana-2612.html", "estado": null}}, {"type": "Feature", "geometry": {"type": "Point", "coordinates": [-2.408773, 42.523576]}, "properties": {"sources": ["frontons"], "source": "frontons", "confianza": "por_verificar", "member_ids": ["frontons/2578"], "id": "frontons/2578", "region": "euskadi", "name": null, "municipio": "Moreda Araba", "tipo": "pared_izq", "cubierto": null, "direccion": "Calle Los Jardines Kalea 14 España", "foto": "https://static.frontons.net/data/photos/medium/fronton-pared-izquierda-01322-moreda-araba-araba-espana-2578_0.jpg", "area_m2": null, "frontons_url": "https://www.frontons.net/fronton-pared-izquierda/01322-moreda-araba-araba-espana-2578.html", "estado": null}}, {"type": "Feature", "geometry": {"type": "Point", "coordinates": [-2.792213, 42.588377]}, "properties": {"sources": ["frontons"], "source": "frontons", "confianza": "por_verificar", "member_ids": ["frontons/2754"], "id": "frontons/2754", "region": "euskadi", "name": null, "municipio": "Labastida", "tipo": "pared_izq", "cubierto": null, "direccion": "El Otero Kalea 6 España", "foto": "https://static.frontons.net/data/photos/medium/fronton-pared-izquierda-01330-labastida-araba-espana-2754_0.jpg", "area_m2": null, "frontons_url": "https://www.frontons.net/fronton-pared-izquierda/01330-labastida-araba-espana-2754.html", "estado": null}}, {"type": "Feature", "geometry": {"type": "Point", "coordinates": [-2.961185, 43.135865]}, "properties": {"sources": ["frontons"], "source": "frontons", "confianza": "por_verificar", "member_ids": ["frontons/2766"], "id": "frontons/2766", "region": "euskadi", "name": null, "municipio": "Laudio", "tipo": "pared_izq", "cubierto": null, "direccion": "Galmaka Kalea 13 España", "foto": "https://static.frontons.net/data/photos/medium/fronton-pared-izquierda-01400-laudio-araba-espana-2766_0.jpg", "area_m2": null, "frontons_url": "https://www.frontons.net/fronton-pared-izquierda/01400-laudio-araba-espana-2766.html", "estado": null}}, {"type": "Feature", "geometry": {"type": "Point", "coordinates": [-2.95968, 43.137471]}, "properties": {"sources": ["frontons"], "source": "frontons", "confianza": "por_verificar", "member_ids": ["frontons/2767"], "id": "frontons/2767", "region": "euskadi", "name": null, "municipio": "Laudio", "tipo": "pared_izq", "cubierto": null, "direccion": "Asudio Kalea 2 España", "foto": "https://static.frontons.net/data/photos/medium/fronton-pared-izquierda-01400-laudio-araba-espana-2767_0.jpg", "area_m2": null, "frontons_url": "https://www.frontons.net/fronton-pared-izquierda/01400-laudio-araba-espana-2767.html", "estado": null}}, {"type": "Feature", "geometry": {"type": "Point", "coordinates": [-2.997996, 43.102177]}, "properties": {"sources": ["frontons"], "source": "frontons", "confianza": "por_verificar", "member_ids": ["frontons/2824"], "id": "frontons/2824", "region": "euskadi", "name": null, "municipio": "Luiaondo", "tipo": "pared_izq", "cubierto": null, "direccion": "La Torre Kalea 12 España", "foto": "https://static.frontons.net/data/photos/medium/fronton-pared-izquierda-01408-luiaondo-araba-espana-2824_0.jpg", "area_m2": null, "frontons_url": "https://www.frontons.net/fronton-pared-izquierda/01408-luiaondo-araba-espana-2824.html", "estado": null}}, {"type": "Feature", "geometry": {"type": "Point", "coordinates": [-2.909977, 42.803539]}, "properties": {"sources": ["frontons"], "source": "frontons", "confianza": "por_verificar", "member_ids": ["frontons/2337"], "id": "frontons/2337", "region": "euskadi", "name": null, "municipio": "Pobes", "tipo": "pared_izq", "cubierto": null, "direccion": "Entitatea 57B España", "foto": "https://static.frontons.net/data/photos/medium/fronton-pared-izquierda-01420-pobes-araba-espana-2337_0.jpg", "area_m2": null, "frontons_url": "https://www.frontons.net/fronton-pared-izquierda/01420-pobes-araba-espana-2337.html", "estado": null}}, {"type": "Feature", "geometry": {"type": "Point", "coordinates": [-3.028004, 42.746093]}, "properties": {"sources": ["frontons"], "source": "frontons", "confianza": "por_verificar", "member_ids": ["frontons/2670"], "id": "frontons/2670", "region": "euskadi", "name": null, "municipio": "Lantaron", "tipo": "pared_izq", "cubierto": null, "direccion": "Jose Mardones Plaza 2 España", "foto": "https://static.frontons.net/data/photos/medium/fronton-pared-izquierda-01423-lantaron-araba-espana-2670_0.jpg", "area_m2": null, "frontons_url": "https://www.frontons.net/fronton-pared-izquierda/01423-lantaron-araba-espana-2670.html", "estado": null}}, {"type": "Feature", "geometry": {"type": "Point", "coordinates": [-3.091721, 42.765801]}, "properties": {"sources": ["frontons"], "source": "frontons", "confianza": "por_verificar", "member_ids": ["frontons/2727"], "id": "frontons/2727", "region": "euskadi", "name": null, "municipio": "Lantaron", "tipo": "pared_izq", "cubierto": null, "direccion": "La Presa Kalea 2 España", "foto": "https://static.frontons.net/data/photos/medium/fronton-pared-izquierda-01423-lantaron-araba-espana-2727_0.jpg", "area_m2": null, "frontons_url": "https://www.frontons.net/fronton-pared-izquierda/01423-lantaron-araba-espana-2727.html", "estado": null}}, {"type": "Feature", "geometry": {"type": "Point", "coordinates": [-3.105322, 42.848507]}, "properties": {"sources": ["frontons"], "source": "frontons", "confianza": "por_verificar", "member_ids": ["frontons/2691"], "id": "frontons/2691", "region": "euskadi", "name": null, "municipio": "Uribarri Gaubea", "tipo": "pared_izq", "cubierto": null, "direccion": "Kalea Arquitecto Jesus Guinea 96 España", "foto": "https://static.frontons.net/data/photos/medium/fronton-pared-izquierda-01426-uribarri-gaubea-araba-espana-2691_0.jpg", "area_m2": null, "frontons_url": "https://www.frontons.net/fronton-pared-izquierda/01426-uribarri-gaubea-araba-espana-2691.html", "estado": null}}, {"type": "Feature", "geometry": {"type": "Point", "coordinates": [-2.888525, 42.870844]}, "properties": {"sources": ["frontons"], "source": "frontons", "confianza": "por_verificar", "member_ids": ["frontons/2272"], "id": "frontons/2272", "region": "euskadi", "name": null, "municipio": "Zuhatzu Kuartango", "tipo": "pared_izq", "cubierto": null, "direccion": "Entitatea 10 España", "foto": "https://static.frontons.net/data/photos/medium/fronton-pared-izquierda-01430-zuhatzu-kuartango-araba-espana-2272_0.jpg", "area_m2": null, "frontons_url": "https://www.frontons.net/fronton-pared-izquierda/01430-zuhatzu-kuartango-araba-espana-2272.html", "estado": null}}, {"type": "Feature", "geometry": {"type": "Point", "coordinates": [-2.919889, 43.048904]}, "properties": {"sources": ["frontons"], "source": "frontons", "confianza": "por_verificar", "member_ids": ["frontons/2894"], "id": "frontons/2894", "region": "euskadi", "name": null, "municipio": "Baranbio", "tipo": "pared_izq", "cubierto": null, "direccion": "Lugar 37A España", "foto": "https://static.frontons.net/data/photos/medium/fronton-pared-izquierda-01450-baranbio-araba-espana-2894_0.jpg", "area_m2": null, "frontons_url": "https://www.frontons.net/fronton-pared-izquierda/01450-baranbio-araba-espana-2894.html", "estado": null}}, {"type": "Feature", "geometry": {"type": "Point", "coordinates": [-3.132032, 43.119143]}, "properties": {"sources": ["frontons"], "source": "frontons", "confianza": "por_verificar", "member_ids": ["frontons/2814", "frontons/2817"], "id": "frontons/2814", "region": "euskadi", "name": null, "municipio": "Arceniega", "tipo": "pared_izq", "cubierto": null, "direccion": "Barrio la Bárcena 1 España", "foto": "https://static.frontons.net/data/photos/medium/fronton-pared-izquierda-01474-arceniega-alava-espana-2814_0.jpg", "area_m2": null, "frontons_url": "https://www.frontons.net/fronton-pared-izquierda/01474-arceniega-alava-espana-2814.html", "estado": null}}, {"type": "Feature", "geometry": {"type": "Point", "coordinates": [-3.1301, 43.121696]}, "properties": {"sources": ["frontons"], "source": "frontons", "confianza": "por_verificar", "member_ids": ["frontons/2816"], "id": "frontons/2816", "region": "euskadi", "name": null, "municipio": "Artziniega", "tipo": "pared_izq", "cubierto": null, "direccion": "Hiriko Atea Kalea 1 España", "foto": "https://static.frontons.net/data/photos/medium/fronton-pared-izquierda-01474-artziniega-araba-espana-2816_0.jpg", "area_m2": null, "frontons_url": "https://www.frontons.net/fronton-pared-izquierda/01474-artziniega-araba-espana-2816.html", "estado": null}}, {"type": "Feature", "geometry": {"type": "Point", "coordinates": [-3.060265, 43.089437]}, "properties": {"sources": ["frontons"], "source": "frontons", "confianza": "por_verificar", "member_ids": ["frontons/2822"], "id": "frontons/2822", "region": "euskadi", "name": null, "municipio": "Aiarako kuadrilla", "tipo": "pared_izq", "cubierto": null, "direccion": "Ibaguen Auzoa 1 España", "foto": "https://static.frontons.net/data/photos/medium/fronton-pared-izquierda-01477-araba-espana-2822_0.jpg", "area_m2": null, "frontons_url": "https://www.frontons.net/fronton-pared-izquierda/01477-araba-espana-2822.html", "estado": null}}, {"type": "Feature", "geometry": {"type": "Point", "coordinates": [-2.620401, 42.869395]}, "properties": {"sources": ["frontons"], "source": "frontons", "confianza": "por_verificar", "member_ids": ["frontons/3161"], "id": "frontons/3161", "region": "euskadi", "name": null, "municipio": "Zurbano", "tipo": "pared_izq", "cubierto": null, "direccion": "Barrio la Landa 18 España", "foto": "https://static.frontons.net/data/photos/medium/fronton-pared-izquierda-01520-zurbano-alava-espana-3161_0.jpg", "area_m2": null, "frontons_url": "https://www.frontons.net/fronton-pared-izquierda/01520-zurbano-alava-espana-3161.html", "estado": null}}, {"type": "Feature", "geometry": {"type": "Point", "coordinates": [-2.698056, 42.861328]}, "properties": {"sources": ["frontons"], "source": "frontons", "confianza": "por_verificar", "member_ids": ["frontons/3044"], "id": "frontons/3044", "region": "euskadi", "name": null, "municipio": "Vitoria-Gasteiz", "tipo": "pared_izq", "cubierto": null, "direccion": "España", "foto": "https://static.frontons.net/data/photos/medium/fronton-pared-izquierda-13-calle-pamplona-oficina-4-01010-vitoria-gasteiz-araba-espana-3044_0.jpg", "area_m2": null, "frontons_url": "https://www.frontons.net/fronton-pared-izquierda/13-calle-pamplona-oficina-4-01010-vitoria-gasteiz-araba-espana-3044.html", "estado": null}}, {"type": "Feature", "geometry": {"type": "Point", "coordinates": [-2.010908, 43.313872]}, "properties": {"sources": ["frontons"], "source": "frontons", "confianza": "por_verificar", "member_ids": ["frontons/5240"], "id": "frontons/5240", "region": "euskadi", "name": null, "municipio": "Donostia", "tipo": "pared_izq", "cubierto": null, "direccion": "Igeldo Pasealekua 80 España", "foto": "https://static.frontons.net/data/photos/medium/fronton-pared-izquierda-20008-donostia-gipuzkoa-espana-5240_0.jpg", "area_m2": null, "frontons_url": "https://www.frontons.net/fronton-pared-izquierda/20008-donostia-gipuzkoa-espana-5240.html", "estado": null}}, {"type": "Feature", "geometry": {"type": "Point", "coordinates": [-2.032319, 43.307959]}, "properties": {"sources": ["frontons"], "source": "frontons", "confianza": "por_verificar", "member_ids": ["frontons/2968"], "id": "frontons/2968", "region": "euskadi", "name": null, "municipio": "Donostia / San Sebastián", "tipo": "pared_izq", "cubierto": null, "direccion": "Bidea de Etume 25X España", "foto": "https://static.frontons.net/data/photos/medium/fronton-pared-izquierda-20008-gipuzkoa-espana-2968_0.jpg", "area_m2": null, "frontons_url": "https://www.frontons.net/fronton-pared-izquierda/20008-gipuzkoa-espana-2968.html", "estado": null}}, {"type": "Feature", "geometry": {"type": "Point", "coordinates": [-1.989094, 43.298563]}, "properties": {"sources": ["frontons"], "source": "frontons", "confianza": "por_verificar", "member_ids": ["frontons/2985", "frontons/2986"], "id": "frontons/2985", "region": "euskadi", "name": null, "municipio": "Donostia", "tipo": "pared_izq", "cubierto": null, "direccion": "Kalea Mantulene 908 España", "foto": "https://static.frontons.net/data/photos/medium/fronton-pared-izquierda-20009-donostia-gipuzkoa-espana-2985_0.jpg", "area_m2": null, "frontons_url": "https://www.frontons.net/fronton-pared-izquierda/20009-donostia-gipuzkoa-espana-2985.html", "estado": null}}, {"type": "Feature", "geometry": {"type": "Point", "coordinates": [-1.971155, 43.317793]}, "properties": {"sources": ["frontons"], "source": "frontons", "confianza": "por_verificar", "member_ids": ["frontons/3137"], "id": "frontons/3137", "region": "euskadi", "name": null, "municipio": "Donostia", "tipo": "pared_izq", "cubierto": null, "direccion": "Plaza Luis Martin Santos 1 España", "foto": "https://static.frontons.net/data/photos/medium/fronton-pared-izquierda-20012-donostia-gipuzkoa-espana-3137_0.jpg", "area_m2": null, "frontons_url": "https://www.frontons.net/fronton-pared-izquierda/20012-donostia-gipuzkoa-espana-3137.html", "estado": null}}, {"type": "Feature", "geometry": {"type": "Point", "coordinates": [-1.973195, 43.32081]}, "properties": {"sources": ["frontons"], "source": "frontons", "confianza": "por_verificar", "member_ids": ["frontons/3138"], "id": "frontons/3138", "region": "euskadi", "name": null, "municipio": "Donostia", "tipo": "pared_izq", "cubierto": null, "direccion": "Aldakonea Kalea 1 España", "foto": "https://static.frontons.net/data/photos/medium/fronton-pared-izquierda-20012-donostia-gipuzkoa-espana-3138_0.jpg", "area_m2": null, "frontons_url": "https://www.frontons.net/fronton-pared-izquierda/20012-donostia-gipuzkoa-espana-3138.html", "estado": null}}, {"type": "Feature", "geometry": {"type": "Point", "coordinates": [-1.966458, 43.317383]}, "properties": {"sources": ["frontons"], "source": "frontons", "confianza": "por_verificar", "member_ids": ["frontons/3141"], "id": "frontons/3141", "region": "euskadi", "name": null, "municipio": "Donostia", "tipo": "pared_izq", "cubierto": null, "direccion": "Ametzagaña Kalea 58 España", "foto": "https://static.frontons.net/data/photos/medium/fronton-pared-izquierda-20012-donostia-gipuzkoa-espana-3141_0.jpg", "area_m2": null, "frontons_url": "https://www.frontons.net/fronton-pared-izquierda/20012-donostia-gipuzkoa-espana-3141.html", "estado": null}}, {"type": "Feature", "geometry": {"type": "Point", "coordinates": [-1.976534, 43.311157]}, "properties": {"sources": ["frontons"], "source": "frontons", "confianza": "por_verificar", "member_ids": ["frontons/3142"], "id": "frontons/3142", "region": "euskadi", "name": null, "municipio": "Donostia", "tipo": "pared_izq", "cubierto": null, "direccion": "Kalea Mundaiz 30 España", "foto": "https://static.frontons.net/data/photos/medium/fronton-pared-izquierda-20012-donostia-gipuzkoa-espana-3142_0.jpg", "area_m2": null, "frontons_url": "https://www.frontons.net/fronton-pared-izquierda/20012-donostia-gipuzkoa-espana-3142.html", "estado": null}}, {"type": "Feature", "geometry": {"type": "Point", "coordinates": [-1.942862, 43.328594]}, "properties": {"sources": ["frontons"], "source": "frontons", "confianza": "por_verificar", "member_ids": ["frontons/3100"], "id": "frontons/3100", "region": "euskadi", "name": null, "municipio": "Donostia", "tipo": "pared_izq", "cubierto": null, "direccion": "De Guardaplata Bidea 28 España", "foto": "https://static.frontons.net/data/photos/medium/fronton-pared-izquierda-20013-donostia-gipuzkoa-espana-3100_0.jpg", "area_m2": null, "frontons_url": "https://www.frontons.net/fronton-pared-izquierda/20013-donostia-gipuzkoa-espana-3100.html", "estado": null}}, {"type": "Feature", "geometry": {"type": "Point", "coordinates": [-1.965652, 43.323264]}, "properties": {"sources": ["frontons"], "source": "frontons", "confianza": "por_verificar", "member_ids": ["frontons/3103"], "id": "frontons/3103", "region": "euskadi", "name": null, "municipio": "Donostia", "tipo": "pared_izq", "cubierto": null, "direccion": "Ategorrietako Galtzada Zaharra 26 España", "foto": "https://static.frontons.net/data/photos/medium/fronton-pared-izquierda-20013-donostia-gipuzkoa-espana-3103_0.jpg", "area_m2": null, "frontons_url": "https://www.frontons.net/fronton-pared-izquierda/20013-donostia-gipuzkoa-espana-3103.html", "estado": null}}, {"type": "Feature", "geometry": {"type": "Point", "coordinates": [-1.970626, 43.301266]}, "properties": {"sources": ["frontons"], "source": "frontons", "confianza": "por_verificar", "member_ids": ["frontons/3010"], "id": "frontons/3010", "region": "euskadi", "name": null, "municipio": "Donostia", "tipo": "pared_izq", "cubierto": null, "direccion": "Anoeta Pasalekua 18 España", "foto": "https://static.frontons.net/data/photos/medium/fronton-pared-izquierda-20014-donostia-gipuzkoa-espana-3010_0.jpg", "area_m2": null, "frontons_url": "https://www.frontons.net/fronton-pared-izquierda/20014-donostia-gipuzkoa-espana-3010.html", "estado": null}}, {"type": "Feature", "geometry": {"type": "Point", "coordinates": [-1.968412, 43.309626]}, "properties": {"sources": ["frontons"], "source": "frontons", "confianza": "por_verificar", "member_ids": ["frontons/3027"], "id": "frontons/3027", "region": "euskadi", "name": null, "municipio": "Donostia", "tipo": "pared_izq", "cubierto": null, "direccion": "Mad. Jauregiberri Ibilbidea 2 España", "foto": "https://static.frontons.net/data/photos/medium/fronton-pared-izquierda-20014-donostia-gipuzkoa-espana-3027_0.jpg", "area_m2": null, "frontons_url": "https://www.frontons.net/fronton-pared-izquierda/20014-donostia-gipuzkoa-espana-3027.html", "estado": null}}, {"type": "Feature", "geometry": {"type": "Point", "coordinates": [-1.962639, 43.295114]}, "properties": {"sources": ["frontons"], "source": "frontons", "confianza": "por_verificar", "member_ids": ["frontons/3029"], "id": "frontons/3029", "region": "euskadi", "name": null, "municipio": "Donostia", "tipo": "pared_izq", "cubierto": null, "direccion": "Bidea Larrañategui 901 España", "foto": "https://static.frontons.net/data/photos/medium/fronton-pared-izquierda-20014-donostia-gipuzkoa-espana-3029_0.jpg", "area_m2": null, "frontons_url": "https://www.frontons.net/fronton-pared-izquierda/20014-donostia-gipuzkoa-espana-3029.html", "estado": null}}, {"type": "Feature", "geometry": {"type": "Point", "coordinates": [-1.938911, 43.315811]}, "properties": {"sources": ["frontons"], "source": "frontons", "confianza": "por_verificar", "member_ids": ["frontons/3110"], "id": "frontons/3110", "region": "euskadi", "name": null, "municipio": "Donostia", "tipo": "pared_izq", "cubierto": null, "direccion": "Txirrita Bertsolaria PasealeKua 28 España", "foto": "https://static.frontons.net/data/photos/medium/fronton-pared-izquierda-20017-donostia-gipuzkoa-espana-3110_0.jpg", "area_m2": null, "frontons_url": "https://www.frontons.net/fronton-pared-izquierda/20017-donostia-gipuzkoa-espana-3110.html", "estado": null}}, {"type": "Feature", "geometry": {"type": "Point", "coordinates": [-1.995903, 43.291094]}, "properties": {"sources": ["frontons"], "source": "frontons", "confianza": "por_verificar", "member_ids": ["frontons/2987", "frontons/2983"], "id": "frontons/2987", "region": "euskadi", "name": null, "municipio": "20018 Donostia", "tipo": "pared_izq", "cubierto": null, "direccion": "Añorga-Txiki Etxetaldea 18 España", "foto": "https://static.frontons.net/data/photos/medium/fronton-pared-izquierda-20018-20018-donostia-gipuzkoa-espana-2987_0.jpg", "area_m2": null, "frontons_url": "https://www.frontons.net/fronton-pared-izquierda/20018-20018-donostia-gipuzkoa-espana-2987.html", "estado": null}}, {"type": "Feature", "geometry": {"type": "Point", "coordinates": [-2.013775, 43.303764]}, "properties": {"sources": ["frontons"], "source": "frontons", "confianza": "por_verificar", "member_ids": ["frontons/2965", "frontons/2964", "frontons/2966", "frontons/2962"], "id": "frontons/2965", "region": "euskadi", "name": null, "municipio": "Donostia", "tipo": "pared_izq", "cubierto": null, "direccion": "Paseo Manuel Lardizabal 24A España", "foto": "https://static.frontons.net/data/photos/medium/fronton-pared-izquierda-20018-donostia-gipuzkoa-espana-2965_0.jpg", "area_m2": null, "frontons_url": "https://www.frontons.net/fronton-pared-izquierda/20018-donostia-gipuzkoa-espana-2965.html", "estado": null}}, {"type": "Feature", "geometry": {"type": "Point", "coordinates": [-2.013768, 43.31364]}, "properties": {"sources": ["frontons"], "source": "frontons", "confianza": "por_verificar", "member_ids": ["frontons/2969", "frontons/2970"], "id": "frontons/2969", "region": "euskadi", "name": null, "municipio": "Donostia", "tipo": "pared_izq", "cubierto": null, "direccion": "Tontorgoxo Kalea 18 España", "foto": "https://static.frontons.net/data/photos/medium/fronton-pared-izquierda-20018-donostia-gipuzkoa-espana-2969_0.jpg", "area_m2": null, "frontons_url": "https://www.frontons.net/fronton-pared-izquierda/20018-donostia-gipuzkoa-espana-2969.html", "estado": null}}, {"type": "Feature", "geometry": {"type": "Point", "coordinates": [-1.905303, 43.309595]}, "properties": {"sources": ["frontons"], "source": "frontons", "confianza": "por_verificar", "member_ids": ["frontons/3059"], "id": "frontons/3059", "region": "euskadi", "name": null, "municipio": "Errenteria", "tipo": "pared_izq", "cubierto": null, "direccion": "Kalea Arditurri 3W España", "foto": "https://static.frontons.net/data/photos/medium/fronton-pared-izquierda-20100-errenteria-gipuzkoa-espana-3059_0.jpg", "area_m2": null, "frontons_url": "https://www.frontons.net/fronton-pared-izquierda/20100-errenteria-gipuzkoa-espana-3059.html", "estado": null}}, {"type": "Feature", "geometry": {"type": "Point", "coordinates": [-1.9074, 43.313579]}, "properties": {"sources": ["frontons"], "source": "frontons", "confianza": "por_verificar", "member_ids": ["frontons/3108"], "id": "frontons/3108", "region": "euskadi", "name": null, "municipio": "Errenteria", "tipo": "pared_izq", "cubierto": null, "direccion": "Alaberga Auzoa 38B España", "foto": "https://static.frontons.net/data/photos/medium/fronton-pared-izquierda-20100-errenteria-gipuzkoa-espana-3108_0.jpg", "area_m2": null, "frontons_url": "https://www.frontons.net/fronton-pared-izquierda/20100-errenteria-gipuzkoa-espana-3108.html", "estado": null}}, {"type": "Feature", "geometry": {"type": "Point", "coordinates": [-1.912831, 43.314503]}, "properties": {"sources": ["frontons"], "source": "frontons", "confianza": "por_verificar", "member_ids": ["frontons/3109"], "id": "frontons/3109", "region": "euskadi", "name": null, "municipio": "Errenteria", "tipo": "pared_izq", "cubierto": null, "direccion": "Esnabide Kalea 68A España", "foto": "https://static.frontons.net/data/photos/medium/fronton-pared-izquierda-20100-errenteria-gipuzkoa-espana-3109_0.jpg", "area_m2": null, "frontons_url": "https://www.frontons.net/fronton-pared-izquierda/20100-errenteria-gipuzkoa-espana-3109.html", "estado": null}}, {"type": "Feature", "geometry": {"type": "Point", "coordinates": [-1.898359, 43.317881]}, "properties": {"sources": ["frontons"], "source": "frontons", "confianza": "por_verificar", "member_ids": ["frontons/2847"], "id": "frontons/2847", "region": "euskadi", "name": null, "municipio": "Lezo", "tipo": "pared_izq", "cubierto": null, "direccion": "Kalea Tomas Garbizu 14W España", "foto": "https://static.frontons.net/data/photos/medium/fronton-pared-izquierda-20100-gipuzkoa-espana-2847_0.jpg", "area_m2": null, "frontons_url": "https://www.frontons.net/fronton-pared-izquierda/20100-gipuzkoa-espana-2847.html", "estado": null}}, {"type": "Feature", "geometry": {"type": "Point", "coordinates": [-1.914193, 43.325442]}, "properties": {"sources": ["frontons"], "source": "frontons", "confianza": "por_verificar", "member_ids": ["frontons/2950"], "id": "frontons/2950", "region": "euskadi", "name": null, "municipio": "Pasai Donibane", "tipo": "pared_izq", "cubierto": null, "direccion": "Larrabide Errepidea 5 España", "foto": "https://static.frontons.net/data/photos/medium/fronton-pared-izquierda-20110-pasai-donibane-gipuzkoa-espana-2950_0.jpg", "area_m2": null, "frontons_url": "https://www.frontons.net/fronton-pared-izquierda/20110-pasai-donibane-gipuzkoa-espana-2950.html", "estado": null}}, {"type": "Feature", "geometry": {"type": "Point", "coordinates": [-1.933558, 43.323614]}, "properties": {"sources": ["frontons"], "source": "frontons", "confianza": "por_verificar", "member_ids": ["frontons/2955"], "id": "frontons/2955", "region": "euskadi", "name": null, "municipio": "Pasaia", "tipo": "pared_izq", "cubierto": null, "direccion": "San Sebastian Kalea 6B España", "foto": "https://static.frontons.net/data/photos/medium/fronton-pared-izquierda-20110-pasaia-gipuzkoa-espana-2955_0.jpg", "area_m2": null, "frontons_url": "https://www.frontons.net/fronton-pared-izquierda/20110-pasaia-gipuzkoa-espana-2955.html", "estado": null}}, {"type": "Feature", "geometry": {"type": "Point", "coordinates": [-1.9757, 43.263685]}, "properties": {"sources": ["frontons"], "source": "frontons", "confianza": "por_verificar", "member_ids": ["frontons/2936"], "id": "frontons/2936", "region": "euskadi", "name": null, "municipio": "Hernani", "tipo": "pared_izq", "cubierto": null, "direccion": "Elizatxo Avzoa 9 España", "foto": "https://static.frontons.net/data/photos/medium/fronton-pared-izquierda-20120-hernani-gipuzkoa-espana-2936_0.jpg", "area_m2": null, "frontons_url": "https://www.frontons.net/fronton-pared-izquierda/20120-hernani-gipuzkoa-espana-2936.html", "estado": null}}, {"type": "Feature", "geometry": {"type": "Point", "coordinates": [-1.992396, 43.24965]}, "properties": {"sources": ["frontons"], "source": "frontons", "confianza": "por_verificar", "member_ids": ["frontons/2899"], "id": "frontons/2899", "region": "euskadi", "name": null, "municipio": "Urnieta", "tipo": "pared_izq", "cubierto": null, "direccion": "Lizardi Kalea 7 España", "foto": "https://static.frontons.net/data/photos/medium/fronton-pared-izquierda-20130-urnieta-gipuzkoa-espana-2899_0.jpg", "area_m2": null, "frontons_url": "https://www.frontons.net/fronton-pared-izquierda/20130-urnieta-gipuzkoa-espana-2899.html", "estado": null}}, {"type": "Feature", "geometry": {"type": "Point", "coordinates": [-1.993806, 43.241386]}, "properties": {"sources": ["frontons"], "source": "frontons", "confianza": "por_verificar", "member_ids": ["frontons/2900"], "id": "frontons/2900", "region": "euskadi", "name": null, "municipio": "Urnieta", "tipo": "pared_izq", "cubierto": null, "direccion": "Barrio Ergoyen 6B España", "foto": "https://static.frontons.net/data/photos/medium/fronton-pared-izquierda-20130-urnieta-guipuzcoa-espana-2900_0.jpg", "area_m2": null, "frontons_url": "https://www.frontons.net/fronton-pared-izquierda/20130-urnieta-guipuzcoa-espana-2900.html", "estado": null}}, {"type": "Feature", "geometry": {"type": "Point", "coordinates": [-2.024102, 43.217302]}, "properties": {"sources": ["frontons"], "source": "frontons", "confianza": "por_verificar", "member_ids": ["frontons/2945"], "id": "frontons/2945", "region": "euskadi", "name": null, "municipio": "Andoain", "tipo": "pared_izq", "cubierto": null, "direccion": "Sorabilla Auzoa 231 España", "foto": "https://static.frontons.net/data/photos/medium/fronton-pared-izquierda-20140-andoain-gipuzkoa-espana-2945_0.jpg", "area_m2": null, "frontons_url": "https://www.frontons.net/fronton-pared-izquierda/20140-andoain-gipuzkoa-espana-2945.html", "estado": null}}, {"type": "Feature", "geometry": {"type": "Point", "coordinates": [-2.025039, 43.270423]}, "properties": {"sources": ["frontons"], "source": "frontons", "confianza": "por_verificar", "member_ids": ["frontons/3087"], "id": "frontons/3087", "region": "euskadi", "name": null, "municipio": "Lasarte-Oria", "tipo": "pared_izq", "cubierto": null, "direccion": "Blas de Lezo Kalea 16 España", "foto": "https://static.frontons.net/data/photos/medium/fronton-pared-izquierda-20160-lasarte-oria-gipuzkoa-espana-3087_0.jpg", "area_m2": null, "frontons_url": "https://www.frontons.net/fronton-pared-izquierda/20160-lasarte-oria-gipuzkoa-espana-3087.html", "estado": null}}, {"type": "Feature", "geometry": {"type": "Point", "coordinates": [-2.02482, 43.271933]}, "properties": {"sources": ["frontons"], "source": "frontons", "confianza": "por_verificar", "member_ids": ["frontons/3094"], "id": "frontons/3094", "region": "euskadi", "name": null, "municipio": "Lasarte-Oria", "tipo": "pared_izq", "cubierto": null, "direccion": "Kalea Geltoki 22W España", "foto": "https://static.frontons.net/data/photos/medium/fronton-pared-izquierda-20160-lasarte-oria-gipuzkoa-espana-3094_0.jpg", "area_m2": null, "frontons_url": "https://www.frontons.net/fronton-pared-izquierda/20160-lasarte-oria-gipuzkoa-espana-3094.html", "estado": null}}, {"type": "Feature", "geometry": {"type": "Point", "coordinates": [-1.796391, 43.212837]}, "properties": {"sources": ["frontons"], "source": "frontons", "confianza": "por_verificar", "member_ids": ["frontons/1510"], "id": "frontons/1510", "region": "euskadi", "name": null, "municipio": "Goizueta", "tipo": "pared_izq", "cubierto": null, "direccion": "Berdabio Bidea 2 España", "foto": "https://static.frontons.net/data/photos/medium/fronton-pared-izquierda-20180-gipuzkoa-espana-1510_0.jpg", "area_m2": null, "frontons_url": "https://www.frontons.net/fronton-pared-izquierda/20180-gipuzkoa-espana-1510.html", "estado": null}}, {"type": "Feature", "geometry": {"type": "Point", "coordinates": [-1.863614, 43.297415]}, "properties": {"sources": ["frontons"], "source": "frontons", "confianza": "por_verificar", "member_ids": ["frontons/2852"], "id": "frontons/2852", "region": "euskadi", "name": null, "municipio": "Oiartzun", "tipo": "pared_izq", "cubierto": null, "direccion": "Manuel Lekuona Hiribidea 16 España", "foto": "https://static.frontons.net/data/photos/medium/fronton-pared-izquierda-20180-oiartzun-gipuzkoa-espana-2852_0.jpg", "area_m2": null, "frontons_url": "https://www.frontons.net/fronton-pared-izquierda/20180-oiartzun-gipuzkoa-espana-2852.html", "estado": null}}, {"type": "Feature", "geometry": {"type": "Point", "coordinates": [-2.201335, 43.048736]}, "properties": {"sources": ["frontons"], "source": "frontons", "confianza": "por_verificar", "member_ids": ["frontons/2322", "frontons/2321"], "id": "frontons/2322", "region": "euskadi", "name": null, "municipio": "Beasain", "tipo": "pared_izq", "cubierto": null, "direccion": "Foru Kalea 10 España", "foto": "https://static.frontons.net/data/photos/medium/fronton-pared-izquierda-20200-beasain-gipuzkoa-espana-2322_0.jpg", "area_m2": null, "frontons_url": "https://www.frontons.net/fronton-pared-izquierda/20200-beasain-gipuzkoa-espana-2322.html", "estado": null}}, {"type": "Feature", "geometry": {"type": "Point", "coordinates": [-2.214671, 43.045619]}, "properties": {"sources": ["frontons"], "source": "frontons", "confianza": "por_verificar", "member_ids": ["frontons/2325"], "id": "frontons/2325", "region": "euskadi", "name": null, "municipio": "Beasain", "tipo": "pared_izq", "cubierto": null, "direccion": "Katea Auzoa 5 España", "foto": "https://static.frontons.net/data/photos/medium/fronton-pared-izquierda-20200-beasain-gipuzkoa-espana-2325_0.jpg", "area_m2": null, "frontons_url": "https://www.frontons.net/fronton-pared-izquierda/20200-beasain-gipuzkoa-espana-2325.html", "estado": null}}, {"type": "Feature", "geometry": {"type": "Point", "coordinates": [-2.215634, 43.038364]}, "properties": {"sources": ["frontons"], "source": "frontons", "confianza": "por_verificar", "member_ids": ["frontons/2311"], "id": "frontons/2311", "region": "euskadi", "name": null, "municipio": "Ihurre", "tipo": "pared_izq", "cubierto": null, "direccion": "Lekua Karobi Industrialdea 908 España", "foto": "https://static.frontons.net/data/photos/medium/fronton-pared-izquierda-20212-ihurre-gipuzkoa-espana-2311_0.jpg", "area_m2": null, "frontons_url": "https://www.frontons.net/fronton-pared-izquierda/20212-ihurre-gipuzkoa-espana-2311.html", "estado": null}}, {"type": "Feature", "geometry": {"type": "Point", "coordinates": [-2.202606, 43.027757]}, "properties": {"sources": ["frontons"], "source": "frontons", "confianza": "por_verificar", "member_ids": ["frontons/2313"], "id": "frontons/2313", "region": "euskadi", "name": null, "municipio": "Olaberria", "tipo": "pared_izq", "cubierto": null, "direccion": "Plaza San Joan 902 España", "foto": "https://static.frontons.net/data/photos/medium/fronton-pared-izquierda-20212-olaberria-gipuzkoa-espana-2313_0.jpg", "area_m2": null, "frontons_url": "https://www.frontons.net/fronton-pared-izquierda/20212-olaberria-gipuzkoa-espana-2313.html", "estado": null}}, {"type": "Feature", "geometry": {"type": "Point", "coordinates": [-2.233585, 43.013567]}, "properties": {"sources": ["frontons"], "source": "frontons", "confianza": "por_verificar", "member_ids": ["frontons/1495"], "id": "frontons/1495", "region": "euskadi", "name": null, "municipio": "Idiazabal", "tipo": "pared_izq", "cubierto": null, "direccion": "Kale Nagusia Kalea 24 España", "foto": "https://static.frontons.net/data/photos/medium/fronton-pared-izquierda-20213-idiazabal-gipuzkoa-espana-1495_0.jpg", "area_m2": null, "frontons_url": "https://www.frontons.net/fronton-pared-izquierda/20213-idiazabal-gipuzkoa-espana-1495.html", "estado": null}}, {"type": "Feature", "geometry": {"type": "Point", "coordinates": [-2.238438, 43.059298]}, "properties": {"sources": ["frontons"], "source": "frontons", "confianza": "por_verificar", "member_ids": ["frontons/2315"], "id": "frontons/2315", "region": "euskadi", "name": null, "municipio": "Beasain", "tipo": "pared_izq", "cubierto": null, "direccion": "Arriaran Auzoa 906 España", "foto": "https://static.frontons.net/data/photos/medium/fronton-pared-izquierda-20218-beasain-gipuzkoa-espana-2315_0.jpg", "area_m2": null, "frontons_url": "https://www.frontons.net/fronton-pared-izquierda/20218-beasain-gipuzkoa-espana-2315.html", "estado": null}}, {"type": "Feature", "geometry": {"type": "Point", "coordinates": [-2.171778, 43.05691]}, "properties": {"sources": ["frontons"], "source": "frontons", "confianza": "por_verificar", "member_ids": ["frontons/2218"], "id": "frontons/2218", "region": "euskadi", "name": null, "municipio": "Ordizia", "tipo": "pared_izq", "cubierto": null, "direccion": "Kalea 18 España", "foto": "https://static.frontons.net/data/photos/medium/fronton-pared-izquierda-20240-ordizia-gipuzkoa-espana-2218_0.jpg", "area_m2": null, "frontons_url": "https://www.frontons.net/fronton-pared-izquierda/20240-ordizia-gipuzkoa-espana-2218.html", "estado": null}}, {"type": "Feature", "geometry": {"type": "Point", "coordinates": [-2.085782, 43.0452]}, "properties": {"sources": ["frontons"], "source": "frontons", "confianza": "por_verificar", "member_ids": ["frontons/2334"], "id": "frontons/2334", "region": "euskadi", "name": null, "municipio": "Amezketa", "tipo": "pared_izq", "cubierto": null, "direccion": "Kalea Eliz 4W España", "foto": "https://static.frontons.net/data/photos/medium/fronton-pared-izquierda-20268-amezketa-gipuzkoa-espana-2334_0.jpg", "area_m2": null, "frontons_url": "https://www.frontons.net/fronton-pared-izquierda/20268-amezketa-gipuzkoa-espana-2334.html", "estado": null}}, {"type": "Feature", "geometry": {"type": "Point", "coordinates": [-1.790342, 43.362811]}, "properties": {"sources": ["frontons"], "source": "frontons", "confianza": "por_verificar", "member_ids": ["frontons/2732"], "id": "frontons/2732", "region": "euskadi", "name": null, "municipio": "Hondarribia", "tipo": "pared_izq", "cubierto": null, "direccion": "Fraxkueneko Murrua Kalea 1 España", "foto": "https://static.frontons.net/data/photos/medium/fronton-pared-izquierda-20280-hondarribia-gipuzkoa-espana-2732_0.jpg", "area_m2": null, "frontons_url": "https://www.frontons.net/fronton-pared-izquierda/20280-hondarribia-gipuzkoa-espana-2732.html", "estado": null}}, {"type": "Feature", "geometry": {"type": "Point", "coordinates": [-1.799491, 43.377478]}, "properties": {"sources": ["frontons"], "source": "frontons", "confianza": "por_verificar", "member_ids": ["frontons/2733"], "id": "frontons/2733", "region": "euskadi", "name": null, "municipio": "Hondarribia", "tipo": "pared_izq", "cubierto": null, "direccion": "Higer Bidea 8H España", "foto": "https://static.frontons.net/data/photos/medium/fronton-pared-izquierda-20280-hondarribia-gipuzkoa-espana-2733_0.jpg", "area_m2": null, "frontons_url": "https://www.frontons.net/fronton-pared-izquierda/20280-hondarribia-gipuzkoa-espana-2733.html", "estado": null}}, {"type": "Feature", "geometry": {"type": "Point", "coordinates": [-1.82909, 43.335662]}, "properties": {"sources": ["frontons"], "source": "frontons", "confianza": "por_verificar", "member_ids": ["frontons/2734"], "id": "frontons/2734", "region": "euskadi", "name": null, "municipio": "Hondarribia", "tipo": "pared_izq", "cubierto": null, "direccion": "Jaitzubia Auzoa 193 España", "foto": "https://static.frontons.net/data/photos/medium/fronton-pared-izquierda-20280-hondarribia-gipuzkoa-espana-2734_0.jpg", "area_m2": null, "frontons_url": "https://www.frontons.net/fronton-pared-izquierda/20280-hondarribia-gipuzkoa-espana-2734.html", "estado": null}}, {"type": "Feature", "geometry": {"type": "Point", "coordinates": [-1.799908, 43.335603]}, "properties": {"sources": ["frontons"], "source": "frontons", "confianza": "por_verificar", "member_ids": ["frontons/2943"], "id": "frontons/2943", "region": "euskadi", "name": null, "municipio": "Irun", "tipo": "pared_izq", "cubierto": null, "direccion": "Etorbidea Elizatxo 16B España", "foto": "https://static.frontons.net/data/photos/medium/fronton-pared-izquierda-20303-irun-gipuzkoa-espana-2943_0.jpg", "area_m2": null, "frontons_url": "https://www.frontons.net/fronton-pared-izquierda/20303-irun-gipuzkoa-espana-2943.html", "estado": null}}, {"type": "Feature", "geometry": {"type": "Point", "coordinates": [-2.337893, 43.058088]}, "properties": {"sources": ["frontons"], "source": "frontons", "confianza": "por_verificar", "member_ids": ["frontons/2295"], "id": "frontons/2295", "region": "euskadi", "name": null, "municipio": "Legazpi", "tipo": "pared_izq", "cubierto": null, "direccion": "Lāubide Āuzoā 12 España", "foto": "https://static.frontons.net/data/photos/medium/fronton-pared-izquierda-20320-legazpi-gipuzkoa-espana-2295_0.jpg", "area_m2": null, "frontons_url": "https://www.frontons.net/fronton-pared-izquierda/20320-legazpi-gipuzkoa-espana-2295.html", "estado": null}}, {"type": "Feature", "geometry": {"type": "Point", "coordinates": [-2.078133, 43.131407]}, "properties": {"sources": ["frontons"], "source": "frontons", "confianza": "por_verificar", "member_ids": ["frontons/2237"], "id": "frontons/2237", "region": "euskadi", "name": null, "municipio": "Tolosa", "tipo": "pared_izq", "cubierto": null, "direccion": "Berazubi Kalea 1 España", "foto": "https://static.frontons.net/data/photos/medium/fronton-pared-izquierda-20400-tolosa-gipuzkoa-espana-2237_0.jpg", "area_m2": null, "frontons_url": "https://www.frontons.net/fronton-pared-izquierda/20400-tolosa-gipuzkoa-espana-2237.html", "estado": null}}, {"type": "Feature", "geometry": {"type": "Point", "coordinates": [-2.479842, 43.068935]}, "properties": {"sources": ["frontons"], "source": "frontons", "confianza": "por_verificar", "member_ids": ["frontons/2640"], "id": "frontons/2640", "region": "euskadi", "name": null, "municipio": "Arrasate", "tipo": "pared_izq", "cubierto": null, "direccion": "Santa Teresa Kalea 10 España", "foto": "https://static.frontons.net/data/photos/medium/fronton-pared-izquierda-20500-arrasate-gipuzkoa-espana-2640_0.jpg", "area_m2": null, "frontons_url": "https://www.frontons.net/fronton-pared-izquierda/20500-arrasate-gipuzkoa-espana-2640.html", "estado": null}}, {"type": "Feature", "geometry": {"type": "Point", "coordinates": [-2.491834, 43.064124]}, "properties": {"sources": ["frontons"], "source": "frontons", "confianza": "por_verificar", "member_ids": ["frontons/2641"], "id": "frontons/2641", "region": "euskadi", "name": null, "municipio": "Arrasate", "tipo": "pared_izq", "cubierto": null, "direccion": "Pasealekua Ibilbidea 10 España", "foto": "https://static.frontons.net/data/photos/medium/fronton-pared-izquierda-20500-arrasate-gipuzkoa-espana-2641_0.jpg", "area_m2": null, "frontons_url": "https://www.frontons.net/fronton-pared-izquierda/20500-arrasate-gipuzkoa-espana-2641.html", "estado": null}}, {"type": "Feature", "geometry": {"type": "Point", "coordinates": [-2.484893, 43.06731]}, "properties": {"sources": ["frontons"], "source": "frontons", "confianza": "por_verificar", "member_ids": ["frontons/2662"], "id": "frontons/2662", "region": "euskadi", "name": null, "municipio": "Arrasate", "tipo": "pared_izq", "cubierto": null, "direccion": "Aldaigain Kalea 13 España", "foto": "https://static.frontons.net/data/photos/medium/fronton-pared-izquierda-20500-arrasate-gipuzkoa-espana-2662_0.jpg", "area_m2": null, "frontons_url": "https://www.frontons.net/fronton-pared-izquierda/20500-arrasate-gipuzkoa-espana-2662.html", "estado": null}}, {"type": "Feature", "geometry": {"type": "Point", "coordinates": [-2.510001, 43.024392]}, "properties": {"sources": ["frontons"], "source": "frontons", "confianza": "por_verificar", "member_ids": ["frontons/2694", "frontons/2695"], "id": "frontons/2694", "region": "euskadi", "name": null, "municipio": "Eskoriatza", "tipo": "pared_izq", "cubierto": null, "direccion": "Torrebaso Pasealekua Ibilbidea 18 España", "foto": "https://static.frontons.net/data/photos/medium/fronton-pared-izquierda-20540-eskoriatza-gipuzkoa-espana-2694_0.jpg", "area_m2": null, "frontons_url": "https://www.frontons.net/fronton-pared-izquierda/20540-eskoriatza-gipuzkoa-espana-2694.html", "estado": null}}, {"type": "Feature", "geometry": {"type": "Point", "coordinates": [-2.504691, 43.037473]}, "properties": {"sources": ["frontons"], "source": "frontons", "confianza": "por_verificar", "member_ids": ["frontons/2696"], "id": "frontons/2696", "region": "euskadi", "name": null, "municipio": "Aretxabaleta", "tipo": "pared_izq", "cubierto": null, "direccion": "Otalora Kalea 15 España", "foto": "https://static.frontons.net/data/photos/medium/fronton-pared-izquierda-20550-aretxabaleta-gipuzkoa-espana-2696_0.jpg", "area_m2": null, "frontons_url": "https://www.frontons.net/fronton-pared-izquierda/20550-aretxabaleta-gipuzkoa-espana-2696.html", "estado": null}}, {"type": "Feature", "geometry": {"type": "Point", "coordinates": [-2.401747, 43.033746]}, "properties": {"sources": ["frontons"], "source": "frontons", "confianza": "por_verificar", "member_ids": ["frontons/2621"], "id": "frontons/2621", "region": "euskadi", "name": null, "municipio": "Oñati", "tipo": "pared_izq", "cubierto": null, "direccion": "Barrio Larraña 16 España", "foto": "https://static.frontons.net/data/photos/medium/fronton-pared-izquierda-20569-onati-guipuzcoa-espana-2621_0.jpg", "area_m2": null, "frontons_url": "https://www.frontons.net/fronton-pared-izquierda/20569-onati-guipuzcoa-espana-2621.html", "estado": null}}, {"type": "Feature", "geometry": {"type": "Point", "coordinates": [-2.411699, 43.115579]}, "properties": {"sources": ["frontons"], "source": "frontons", "confianza": "por_verificar", "member_ids": ["frontons/2542"], "id": "frontons/2542", "region": "euskadi", "name": null, "municipio": "Bergara", "tipo": "pared_izq", "cubierto": null, "direccion": "Kalea Zabalotegi 902 España", "foto": "https://static.frontons.net/data/photos/medium/fronton-pared-izquierda-20570-bergara-gipuzkoa-espana-2542_0.jpg", "area_m2": null, "frontons_url": "https://www.frontons.net/fronton-pared-izquierda/20570-bergara-gipuzkoa-espana-2542.html", "estado": null}}, {"type": "Feature", "geometry": {"type": "Point", "coordinates": [-2.4477, 43.081987]}, "properties": {"sources": ["frontons"], "source": "frontons", "confianza": "por_verificar", "member_ids": ["frontons/2562"], "id": "frontons/2562", "region": "euskadi", "name": null, "municipio": "Bergara", "tipo": "pared_izq", "cubierto": null, "direccion": "Elorregi Auzoa 1C España", "foto": "https://static.frontons.net/data/photos/medium/fronton-pared-izquierda-20570-bergara-gipuzkoa-espana-2562_0.jpg", "area_m2": null, "frontons_url": "https://www.frontons.net/fronton-pared-izquierda/20570-bergara-gipuzkoa-espana-2562.html", "estado": null}}, {"type": "Feature", "geometry": {"type": "Point", "coordinates": [-2.471229, 43.114502]}, "properties": {"sources": ["frontons"], "source": "frontons", "confianza": "por_verificar", "member_ids": ["frontons/2512"], "id": "frontons/2512", "region": "euskadi", "name": null, "municipio": "Angiozar", "tipo": "pared_izq", "cubierto": null, "direccion": "Gunea 6 España", "foto": "https://static.frontons.net/data/photos/medium/fronton-pared-izquierda-20578-angiozar-gipuzkoa-espana-2512_0.jpg", "area_m2": null, "frontons_url": "https://www.frontons.net/fronton-pared-izquierda/20578-angiozar-gipuzkoa-espana-2512.html", "estado": null}}, {"type": "Feature", "geometry": {"type": "Point", "coordinates": [-2.459893, 43.13418]}, "properties": {"sources": ["frontons"], "source": "frontons", "confianza": "por_verificar", "member_ids": ["frontons/2540"], "id": "frontons/2540", "region": "euskadi", "name": null, "municipio": "Ubera", "tipo": "pared_izq", "cubierto": null, "direccion": "Auzoa 35 España", "foto": "https://static.frontons.net/data/photos/medium/fronton-pared-izquierda-20579-ubera-gipuzkoa-espana-2540_0.jpg", "area_m2": null, "frontons_url": "https://www.frontons.net/fronton-pared-izquierda/20579-ubera-gipuzkoa-espana-2540.html", "estado": null}}, {"type": "Feature", "geometry": {"type": "Point", "coordinates": [-2.47735, 43.183702]}, "properties": {"sources": ["frontons"], "source": "frontons", "confianza": "por_verificar", "member_ids": ["frontons/2664", "frontons/2745", "frontons/2665"], "id": "frontons/2664", "region": "euskadi", "name": null, "municipio": "Eibar", "tipo": "pared_izq", "cubierto": null, "direccion": "Isasi Kalea 34 España", "foto": "https://static.frontons.net/data/photos/medium/fronton-pared-izquierda-20600-eibar-gipuzkoa-espana-2664_0.jpg", "area_m2": null, "frontons_url": "https://www.frontons.net/fronton-pared-izquierda/20600-eibar-gipuzkoa-espana-2664.html", "estado": null}}, {"type": "Feature", "geometry": {"type": "Point", "coordinates": [-2.485528, 43.181908]}, "properties": {"sources": ["frontons"], "source": "frontons", "confianza": "por_verificar", "member_ids": ["frontons/2722"], "id": "frontons/2722", "region": "euskadi", "name": null, "municipio": "Eibar", "tipo": "pared_izq", "cubierto": null, "direccion": "Kalea Tiburzio Anitua 20B España", "foto": "https://static.frontons.net/data/photos/medium/fronton-pared-izquierda-20600-eibar-gipuzkoa-espana-2722_0.jpg", "area_m2": null, "frontons_url": "https://www.frontons.net/fronton-pared-izquierda/20600-eibar-gipuzkoa-espana-2722.html", "estado": null}}, {"type": "Feature", "geometry": {"type": "Point", "coordinates": [-2.451994, 43.190619]}, "properties": {"sources": ["frontons"], "source": "frontons", "confianza": "por_verificar", "member_ids": ["frontons/2725", "frontons/2726"], "id": "frontons/2725", "region": "euskadi", "name": null, "municipio": "Eibar", "tipo": "pared_izq", "cubierto": null, "direccion": "Kalea Barrena 25W España", "foto": "https://static.frontons.net/data/photos/medium/fronton-pared-izquierda-20600-gipuzkoa-espana-2725_0.jpg", "area_m2": null, "frontons_url": "https://www.frontons.net/fronton-pared-izquierda/20600-gipuzkoa-espana-2725.html", "estado": null}}, {"type": "Feature", "geometry": {"type": "Point", "coordinates": [-2.320905, 43.088696]}, "properties": {"sources": ["frontons"], "source": "frontons", "confianza": "por_verificar", "member_ids": ["frontons/2329", "frontons/2330"], "id": "frontons/2329", "region": "euskadi", "name": null, "municipio": "Urretxu", "tipo": "pared_izq", "cubierto": null, "direccion": "Ipeñarrieta Kalea 2 España", "foto": "https://static.frontons.net/data/photos/medium/fronton-pared-izquierda-20700-urretxu-gipuzkoa-espana-2329_0.jpg", "area_m2": null, "frontons_url": "https://www.frontons.net/fronton-pared-izquierda/20700-urretxu-gipuzkoa-espana-2329.html", "estado": null}}, {"type": "Feature", "geometry": {"type": "Point", "coordinates": [-2.301475, 43.102497]}, "properties": {"sources": ["frontons"], "source": "frontons", "confianza": "por_verificar", "member_ids": ["frontons/1514"], "id": "frontons/1514", "region": "euskadi", "name": null, "municipio": "Zumarraga", "tipo": "pared_izq", "cubierto": null, "direccion": "Diseminados Barreiatua 35 España", "foto": "https://static.frontons.net/data/photos/medium/fronton-pared-izquierda-20700-zumarraga-gipuzkoa-espana-1514_0.jpg", "area_m2": null, "frontons_url": "https://www.frontons.net/fronton-pared-izquierda/20700-zumarraga-gipuzkoa-espana-1514.html", "estado": null}}, {"type": "Feature", "geometry": {"type": "Point", "coordinates": [-2.309494, 43.088982]}, "properties": {"sources": ["frontons"], "source": "frontons", "confianza": "por_verificar", "member_ids": ["frontons/2319"], "id": "frontons/2319", "region": "euskadi", "name": null, "municipio": "Zumarraga", "tipo": "pared_izq", "cubierto": null, "direccion": "Etorbidea Beloki 12W España", "foto": "https://static.frontons.net/data/photos/medium/fronton-pared-izquierda-20700-zumarraga-gipuzkoa-espana-2319_0.jpg", "area_m2": null, "frontons_url": "https://www.frontons.net/fronton-pared-izquierda/20700-zumarraga-gipuzkoa-espana-2319.html", "estado": null}}, {"type": "Feature", "geometry": {"type": "Point", "coordinates": [-2.262231, 43.054711]}, "properties": {"sources": ["frontons"], "source": "frontons", "confianza": "por_verificar", "member_ids": ["frontons/2256"], "id": "frontons/2256", "region": "euskadi", "name": null, "municipio": "Itsaso", "tipo": "pared_izq", "cubierto": null, "direccion": "Itsaso Alegia Núcleo Gunea 15 España", "foto": "https://static.frontons.net/data/photos/medium/fronton-pared-izquierda-20709-gipuzkoa-espana-2256_0.jpg", "area_m2": null, "frontons_url": "https://www.frontons.net/fronton-pared-izquierda/20709-gipuzkoa-espana-2256.html", "estado": null}}, {"type": "Feature", "geometry": {"type": "Point", "coordinates": [-2.308179, 43.172987]}, "properties": {"sources": ["frontons"], "source": "frontons", "confianza": "por_verificar", "member_ids": ["frontons/2636"], "id": "frontons/2636", "region": "euskadi", "name": null, "municipio": "Azkoitia", "tipo": "pared_izq", "cubierto": null, "direccion": "Lugar Barrio Altamira 909 España", "foto": "https://static.frontons.net/data/photos/medium/fronton-pared-izquierda-20720-azkoitia-gipuzkoa-espana-2636_0.jpg", "area_m2": null, "frontons_url": "https://www.frontons.net/fronton-pared-izquierda/20720-azkoitia-gipuzkoa-espana-2636.html", "estado": null}}, {"type": "Feature", "geometry": {"type": "Point", "coordinates": [-2.311895, 43.179363]}, "properties": {"sources": ["frontons"], "source": "frontons", "confianza": "por_verificar", "member_ids": ["frontons/2639"], "id": "frontons/2639", "region": "euskadi", "name": null, "municipio": "Azkoitia", "tipo": "pared_izq", "cubierto": null, "direccion": "Zuazola Kalea 115 España", "foto": "https://static.frontons.net/data/photos/medium/fronton-pared-izquierda-20720-azkoitia-gipuzkoa-espana-2639_0.jpg", "area_m2": null, "frontons_url": "https://www.frontons.net/fronton-pared-izquierda/20720-azkoitia-gipuzkoa-espana-2639.html", "estado": null}}, {"type": "Feature", "geometry": {"type": "Point", "coordinates": [-2.277456, 43.179022]}, "properties": {"sources": ["frontons"], "source": "frontons", "confianza": "por_verificar", "member_ids": ["frontons/2607"], "id": "frontons/2607", "region": "euskadi", "name": null, "municipio": "Azpeitia", "tipo": "pared_izq", "cubierto": null, "direccion": "Loiolako Inazio Hiribidea 26 España", "foto": "https://static.frontons.net/data/photos/medium/fronton-pared-izquierda-20730-azpeitia-gipuzkoa-espana-2607_0.jpg", "area_m2": null, "frontons_url": "https://www.frontons.net/fronton-pared-izquierda/20730-azpeitia-gipuzkoa-espana-2607.html", "estado": null}}, {"type": "Feature", "geometry": {"type": "Point", "coordinates": [-2.267634, 43.177276]}, "properties": {"sources": ["frontons"], "source": "frontons", "confianza": "por_verificar", "member_ids": ["frontons/2643"], "id": "frontons/2643", "region": "euskadi", "name": null, "municipio": "Azpeitia", "tipo": "pared_izq", "cubierto": null, "direccion": "Euskal Herria Kalea 44 España", "foto": "https://static.frontons.net/data/photos/medium/fronton-pared-izquierda-20730-azpeitia-gipuzkoa-espana-2643_0.jpg", "area_m2": null, "frontons_url": "https://www.frontons.net/fronton-pared-izquierda/20730-azpeitia-gipuzkoa-espana-2643.html", "estado": null}}, {"type": "Feature", "geometry": {"type": "Point", "coordinates": [-2.256018, 43.231558]}, "properties": {"sources": ["frontons"], "source": "frontons", "confianza": "por_verificar", "member_ids": ["frontons/2782"], "id": "frontons/2782", "region": "euskadi", "name": null, "municipio": "Cestona", "tipo": "pared_izq", "cubierto": null, "direccion": "GI-631 62 España", "foto": "https://static.frontons.net/data/photos/medium/fronton-pared-izquierda-20740-cestona-guipuzcoa-espana-2782_0.jpg", "area_m2": null, "frontons_url": "https://www.frontons.net/fronton-pared-izquierda/20740-cestona-guipuzcoa-espana-2782.html", "estado": null}}, {"type": "Feature", "geometry": {"type": "Point", "coordinates": [-2.256034, 43.216487]}, "properties": {"sources": ["frontons"], "source": "frontons", "confianza": "por_verificar", "member_ids": ["frontons/2944"], "id": "frontons/2944", "region": "euskadi", "name": null, "municipio": "Lasao", "tipo": "pared_izq", "cubierto": null, "direccion": "Kalea 7 España", "foto": "https://static.frontons.net/data/photos/medium/fronton-pared-izquierda-20740-lasao-gipuzkoa-espana-2944_0.jpg", "area_m2": null, "frontons_url": "https://www.frontons.net/fronton-pared-izquierda/20740-lasao-gipuzkoa-espana-2944.html", "estado": null}}, {"type": "Feature", "geometry": {"type": "Point", "coordinates": [-2.272452, 43.254245]}, "properties": {"sources": ["frontons"], "source": "frontons", "confianza": "por_verificar", "member_ids": ["frontons/2784"], "id": "frontons/2784", "region": "euskadi", "name": null, "municipio": "Arroa Goikoa", "tipo": "pared_izq", "cubierto": null, "direccion": "Plaza Santa Ana 9T España", "foto": "https://static.frontons.net/data/photos/medium/fronton-pared-izquierda-20749-arroa-goikoa-gipuzkoa-espana-2784_0.jpg", "area_m2": null, "frontons_url": "https://www.frontons.net/fronton-pared-izquierda/20749-arroa-goikoa-gipuzkoa-espana-2784.html", "estado": null}}, {"type": "Feature", "geometry": {"type": "Point", "coordinates": [-2.248029, 43.298418]}, "properties": {"sources": ["frontons"], "source": "frontons", "confianza": "por_verificar", "member_ids": ["frontons/2763"], "id": "frontons/2763", "region": "euskadi", "name": null, "municipio": "Zumaia", "tipo": "pared_izq", "cubierto": null, "direccion": "N-634 3 España", "foto": "https://static.frontons.net/data/photos/medium/fronton-pared-izquierda-20750-zumaia-guipuzcoa-espana-2763_0.jpg", "area_m2": null, "frontons_url": "https://www.frontons.net/fronton-pared-izquierda/20750-zumaia-guipuzcoa-espana-2763.html", "estado": null}}, {"type": "Feature", "geometry": {"type": "Point", "coordinates": [-2.174126, 43.280492]}, "properties": {"sources": ["frontons"], "source": "frontons", "confianza": "por_verificar", "member_ids": ["frontons/2788"], "id": "frontons/2788", "region": "euskadi", "name": null, "municipio": "Zarautz", "tipo": "pared_izq", "cubierto": null, "direccion": "Urdaneta Kalea 12 España", "foto": "https://static.frontons.net/data/photos/medium/fronton-pared-izquierda-20800-zarautz-gipuzkoa-espana-2788_0.jpg", "area_m2": null, "frontons_url": "https://www.frontons.net/fronton-pared-izquierda/20800-zarautz-gipuzkoa-espana-2788.html", "estado": null}}, {"type": "Feature", "geometry": {"type": "Point", "coordinates": [-2.171593, 43.286856]}, "properties": {"sources": ["frontons"], "source": "frontons", "confianza": "por_verificar", "member_ids": ["frontons/2791"], "id": "frontons/2791", "region": "euskadi", "name": null, "municipio": "Zarautz", "tipo": "pared_izq", "cubierto": null, "direccion": "Nafarroa Kalea 11B España", "foto": "https://static.frontons.net/data/photos/medium/fronton-pared-izquierda-20800-zarautz-gipuzkoa-espana-2791_0.jpg", "area_m2": null, "frontons_url": "https://www.frontons.net/fronton-pared-izquierda/20800-zarautz-gipuzkoa-espana-2791.html", "estado": null}}, {"type": "Feature", "geometry": {"type": "Point", "coordinates": [-2.168702, 43.286909]}, "properties": {"sources": ["frontons"], "source": "frontons", "confianza": "por_verificar", "member_ids": ["frontons/2792"], "id": "frontons/2792", "region": "euskadi", "name": null, "municipio": "Zarautz", "tipo": "pared_izq", "cubierto": null, "direccion": "Mandabidea Kalea 1H España", "foto": "https://static.frontons.net/data/photos/medium/fronton-pared-izquierda-20800-zarautz-gipuzkoa-espana-2792_0.jpg", "area_m2": null, "frontons_url": "https://www.frontons.net/fronton-pared-izquierda/20800-zarautz-gipuzkoa-espana-2792.html", "estado": null}}, {"type": "Feature", "geometry": {"type": "Point", "coordinates": [-2.16933, 43.280317]}, "properties": {"sources": ["frontons"], "source": "frontons", "confianza": "por_verificar", "member_ids": ["frontons/2801"], "id": "frontons/2801", "region": "euskadi", "name": null, "municipio": "Zarautz", "tipo": "pared_izq", "cubierto": null, "direccion": "Zuberoa Kalea 24 España", "foto": "https://static.frontons.net/data/photos/medium/fronton-pared-izquierda-20800-zarautz-gipuzkoa-espana-2801_0.jpg", "area_m2": null, "frontons_url": "https://www.frontons.net/fronton-pared-izquierda/20800-zarautz-gipuzkoa-espana-2801.html", "estado": null}}, {"type": "Feature", "geometry": {"type": "Point", "coordinates": [-2.23022, 43.303612]}, "properties": {"sources": ["frontons"], "source": "frontons", "confianza": "por_verificar", "member_ids": ["frontons/1501"], "id": "frontons/1501", "region": "euskadi", "name": null, "municipio": "Getaria", "tipo": "pared_izq", "cubierto": null, "direccion": "Askizu Auzoa 15 España", "foto": "https://static.frontons.net/data/photos/medium/fronton-pared-izquierda-20808-getaria-gipuzkoa-espana-1501_0.jpg", "area_m2": null, "frontons_url": "https://www.frontons.net/fronton-pared-izquierda/20808-getaria-gipuzkoa-espana-1501.html", "estado": null}}, {"type": "Feature", "geometry": {"type": "Point", "coordinates": [-2.204929, 43.300492]}, "properties": {"sources": ["frontons"], "source": "frontons", "confianza": "por_verificar", "member_ids": ["frontons/2803"], "id": "frontons/2803", "region": "euskadi", "name": null, "municipio": "Getaria", "tipo": "pared_izq", "cubierto": null, "direccion": "Kalea Sahatsaga 25 España", "foto": "https://static.frontons.net/data/photos/medium/fronton-pared-izquierda-20808-getaria-gipuzkoa-espana-2803_0.jpg", "area_m2": null, "frontons_url": "https://www.frontons.net/fronton-pared-izquierda/20808-getaria-gipuzkoa-espana-2803.html", "estado": null}}, {"type": "Feature", "geometry": {"type": "Point", "coordinates": [-2.119171, 43.267382]}, "properties": {"sources": ["frontons"], "source": "frontons", "confianza": "por_verificar", "member_ids": ["frontons/2813"], "id": "frontons/2813", "region": "euskadi", "name": null, "municipio": "Aia", "tipo": "pared_izq", "cubierto": null, "direccion": "Santio Erreka Auzoa 16Y España", "foto": "https://static.frontons.net/data/photos/medium/fronton-pared-izquierda-20809-aia-gipuzkoa-espana-2813_0.jpg", "area_m2": null, "frontons_url": "https://www.frontons.net/fronton-pared-izquierda/20809-aia-gipuzkoa-espana-2813.html", "estado": null}}, {"type": "Feature", "geometry": {"type": "Point", "coordinates": [-2.123699, 43.285079]}, "properties": {"sources": ["frontons"], "source": "frontons", "confianza": "por_verificar", "member_ids": ["frontons/2768"], "id": "frontons/2768", "region": "euskadi", "name": null, "municipio": "Orio", "tipo": "pared_izq", "cubierto": null, "direccion": "Diseminados S-2 Barreiatua 72 España", "foto": "https://static.frontons.net/data/photos/medium/fronton-pared-izquierda-20810-orio-gipuzkoa-espana-2768_0.jpg", "area_m2": null, "frontons_url": "https://www.frontons.net/fronton-pared-izquierda/20810-orio-gipuzkoa-espana-2768.html", "estado": null}}, {"type": "Feature", "geometry": {"type": "Point", "coordinates": [-2.350518, 43.297262]}, "properties": {"sources": ["frontons"], "source": "frontons", "confianza": "por_verificar", "member_ids": ["frontons/1508"], "id": "frontons/1508", "region": "euskadi", "name": null, "municipio": "Deba", "tipo": "pared_izq", "cubierto": null, "direccion": "Calbeton Zumardia Aldapa 6 España", "foto": "https://static.frontons.net/data/photos/medium/fronton-pared-izquierda-20820-deba-gipuzkoa-espana-1508_0.jpg", "area_m2": null, "frontons_url": "https://www.frontons.net/fronton-pared-izquierda/20820-deba-gipuzkoa-espana-1508.html", "estado": null}}, {"type": "Feature", "geometry": {"type": "Point", "coordinates": [-2.412095, 43.315094]}, "properties": {"sources": ["frontons"], "source": "frontons", "confianza": "por_verificar", "member_ids": ["frontons/2721"], "id": "frontons/2721", "region": "euskadi", "name": null, "municipio": "Mutriku", "tipo": "pared_izq", "cubierto": null, "direccion": "Lugar Mijoa 35B España", "foto": "https://static.frontons.net/data/photos/medium/fronton-pared-izquierda-20830-gipuzkoa-espana-2721_0.jpg", "area_m2": null, "frontons_url": "https://www.frontons.net/fronton-pared-izquierda/20830-gipuzkoa-espana-2721.html", "estado": null}}, {"type": "Feature", "geometry": {"type": "Point", "coordinates": [-2.412446, 43.214742]}, "properties": {"sources": ["frontons"], "source": "frontons", "confianza": "por_verificar", "member_ids": ["frontons/2536"], "id": "frontons/2536", "region": "euskadi", "name": null, "municipio": "Elgoibar", "tipo": "pared_izq", "cubierto": null, "direccion": "San Roke Kalea 1 España", "foto": "https://static.frontons.net/data/photos/medium/fronton-pared-izquierda-20870-elgoibar-gipuzkoa-espana-2536_0.jpg", "area_m2": null, "frontons_url": "https://www.frontons.net/fronton-pared-izquierda/20870-elgoibar-gipuzkoa-espana-2536.html", "estado": null}}, {"type": "Feature", "geometry": {"type": "Point", "coordinates": [-2.422843, 43.208358]}, "properties": {"sources": ["frontons"], "source": "frontons", "confianza": "por_verificar", "member_ids": ["frontons/2537"], "id": "frontons/2537", "region": "euskadi", "name": null, "municipio": "Elgoibar", "tipo": "pared_izq", "cubierto": null, "direccion": "Kalea Eulogio Estarta 10X España", "foto": "https://static.frontons.net/data/photos/medium/fronton-pared-izquierda-20870-gipuzkoa-espana-2537_0.jpg", "area_m2": null, "frontons_url": "https://www.frontons.net/fronton-pared-izquierda/20870-gipuzkoa-espana-2537.html", "estado": null}}, {"type": "Feature", "geometry": {"type": "Point", "coordinates": [-2.934657, 43.264956]}, "properties": {"sources": ["frontons"], "source": "frontons", "confianza": "por_verificar", "member_ids": ["frontons/3124", "frontons/3125", "frontons/2631"], "id": "frontons/3124", "region": "euskadi", "name": null, "municipio": "Bilbo", "tipo": "pared_izq", "cubierto": null, "direccion": "Henao Kalea 27 España", "foto": "https://static.frontons.net/data/photos/medium/fronton-pared-izquierda-29-48009-bilbo-bizkaia-espana-3124_0.jpg", "area_m2": null, "frontons_url": "https://www.frontons.net/fronton-pared-izquierda/29-48009-bilbo-bizkaia-espana-3124.html", "estado": null}}, {"type": "Feature", "geometry": {"type": "Point", "coordinates": [-3.845815, 43.465149]}, "properties": {"sources": ["frontons"], "source": "frontons", "confianza": "por_verificar", "member_ids": ["frontons/3888"], "id": "frontons/3888", "region": "cantabria", "name": null, "municipio": "Santander", "tipo": "pared_izq", "cubierto": null, "direccion": "Calle la Gloria 131 España", "foto": "https://static.frontons.net/data/photos/medium/fronton-pared-izquierda-39012-santander-cantabria-espana-3888_0.jpg", "area_m2": null, "frontons_url": "https://www.frontons.net/fronton-pared-izquierda/39012-santander-cantabria-espana-3888.html", "estado": null}}, {"type": "Feature", "geometry": {"type": "Point", "coordinates": [-4.045462, 42.803807]}, "properties": {"sources": ["frontons"], "source": "frontons", "confianza": "por_verificar", "member_ids": ["frontons/3229"], "id": "frontons/3229", "region": "cantabria", "name": null, "municipio": "Villanueva de la Nía", "tipo": "pared_izq", "cubierto": null, "direccion": "Barrio Nia 64 España", "foto": "https://static.frontons.net/data/photos/medium/fronton-pared-izquierda-39250-villanueva-de-la-nia-cantabria-espana-3229_0.jpg", "area_m2": null, "frontons_url": "https://www.frontons.net/fronton-pared-izquierda/39250-villanueva-de-la-nia-cantabria-espana-3229.html", "estado": null}}, {"type": "Feature", "geometry": {"type": "Point", "coordinates": [-3.1909, 43.32605]}, "properties": {"sources": ["frontons"], "source": "frontons", "confianza": "por_verificar", "member_ids": ["frontons/3887"], "id": "frontons/3887", "region": "cantabria", "name": null, "municipio": "Castro Urdiales", "tipo": "pared_izq", "cubierto": null, "direccion": "Barrio Otañes 96C España", "foto": "https://static.frontons.net/data/photos/medium/fronton-pared-izquierda-39707-castro-urdiales-cantabria-espana-3887_0.jpg", "area_m2": null, "frontons_url": "https://www.frontons.net/fronton-pared-izquierda/39707-castro-urdiales-cantabria-espana-3887.html", "estado": null}}, {"type": "Feature", "geometry": {"type": "Point", "coordinates": [-3.456845, 43.397915]}, "properties": {"sources": ["frontons"], "source": "frontons", "confianza": "por_verificar", "member_ids": ["frontons/3889"], "id": "frontons/3889", "region": "cantabria", "name": null, "municipio": "Colindres", "tipo": "pared_izq", "cubierto": null, "direccion": "Calle el Monte 26 España", "foto": "https://static.frontons.net/data/photos/medium/fronton-pared-izquierda-39750-colindres-cantabria-espana-3889_0.jpg", "area_m2": null, "frontons_url": "https://www.frontons.net/fronton-pared-izquierda/39750-colindres-cantabria-espana-3889.html", "estado": null}}, {"type": "Feature", "geometry": {"type": "Point", "coordinates": [-2.946982, 43.24525]}, "properties": {"sources": ["frontons"], "source": "frontons", "confianza": "por_verificar", "member_ids": ["frontons/3011", "frontons/3339"], "id": "frontons/3011", "region": "euskadi", "name": null, "municipio": "Bilbo", "tipo": "pared_izq", "cubierto": null, "direccion": "Bidea Iturrigorri 47B España", "foto": "https://static.frontons.net/data/photos/medium/fronton-pared-izquierda-48002-bilbo-bizkaia-espana-3011_0.jpg", "area_m2": null, "frontons_url": "https://www.frontons.net/fronton-pared-izquierda/48002-bilbo-bizkaia-espana-3011.html", "estado": null}}, {"type": "Feature", "geometry": {"type": "Point", "coordinates": [-2.95148, 43.247102]}, "properties": {"sources": ["frontons"], "source": "frontons", "confianza": "por_verificar", "member_ids": ["frontons/3095", "frontons/3334"], "id": "frontons/3095", "region": "euskadi", "name": null, "municipio": "Bilbo", "tipo": "pared_izq", "cubierto": null, "direccion": "Uretamendi Auzoa 36Y España", "foto": "https://static.frontons.net/data/photos/medium/fronton-pared-izquierda-48002-bilbo-bizkaia-espana-3095_0.jpg", "area_m2": null, "frontons_url": "https://www.frontons.net/fronton-pared-izquierda/48002-bilbo-bizkaia-espana-3095.html", "estado": null}}, {"type": "Feature", "geometry": {"type": "Point", "coordinates": [-2.949335, 43.252917]}, "properties": {"sources": ["frontons"], "source": "frontons", "confianza": "por_verificar", "member_ids": ["frontons/3127", "frontons/3128", "frontons/3343"], "id": "frontons/3127", "region": "euskadi", "name": null, "municipio": "Bilbo", "tipo": "pared_izq", "cubierto": null, "direccion": "Kalea Tolosa 6003 España", "foto": "https://static.frontons.net/data/photos/medium/fronton-pared-izquierda-48002-bilbo-bizkaia-espana-3127_0.jpg", "area_m2": null, "frontons_url": "https://www.frontons.net/fronton-pared-izquierda/48002-bilbo-bizkaia-espana-3127.html", "estado": null}}, {"type": "Feature", "geometry": {"type": "Point", "coordinates": [-2.936442, 43.246122]}, "properties": {"sources": ["frontons"], "source": "frontons", "confianza": "por_verificar", "member_ids": ["frontons/2091"], "id": "frontons/2091", "region": "euskadi", "name": null, "municipio": "Bilbo", "tipo": "pared_izq", "cubierto": null, "direccion": "Errekalde-Larraskitu Errepidea 53 España", "foto": "https://static.frontons.net/data/photos/medium/fronton-pared-izquierda-48003-bilbo-bizkaia-espana-2091_0.jpg", "area_m2": null, "frontons_url": "https://www.frontons.net/fronton-pared-izquierda/48003-bilbo-bizkaia-espana-2091.html", "estado": null}}, {"type": "Feature", "geometry": {"type": "Point", "coordinates": [-2.922267, 43.240387]}, "properties": {"sources": ["frontons"], "source": "frontons", "confianza": "por_verificar", "member_ids": ["frontons/3121"], "id": "frontons/3121", "region": "euskadi", "name": null, "municipio": "Bilbo", "tipo": "pared_izq", "cubierto": null, "direccion": "Arginao Kalea 10 España", "foto": "https://static.frontons.net/data/photos/medium/fronton-pared-izquierda-48003-bilbo-bizkaia-espana-3121_0.jpg", "area_m2": null, "frontons_url": "https://www.frontons.net/fronton-pared-izquierda/48003-bilbo-bizkaia-espana-3121.html", "estado": null}}, {"type": "Feature", "geometry": {"type": "Point", "coordinates": [-2.931602, 43.248603]}, "properties": {"sources": ["frontons"], "source": "frontons", "confianza": "por_verificar", "member_ids": ["frontons/3126", "frontons/3136"], "id": "frontons/3126", "region": "euskadi", "name": null, "municipio": "Bilbo", "tipo": "pared_izq", "cubierto": null, "direccion": "Gabika Mendiaren Kalea 1 España", "foto": "https://static.frontons.net/data/photos/medium/fronton-pared-izquierda-48003-bilbo-bizkaia-espana-3126_0.jpg", "area_m2": null, "frontons_url": "https://www.frontons.net/fronton-pared-izquierda/48003-bilbo-bizkaia-espana-3126.html", "estado": null}}, {"type": "Feature", "geometry": {"type": "Point", "coordinates": [-2.933923, 43.252175]}, "properties": {"sources": ["frontons"], "source": "frontons", "confianza": "por_verificar", "member_ids": ["frontons/3132", "frontons/3341", "frontons/3332"], "id": "frontons/3132", "region": "euskadi", "name": null, "municipio": "Bilbo", "tipo": "pared_izq", "cubierto": null, "direccion": "Juan de Garay Kalea 41 España", "foto": "https://static.frontons.net/data/photos/medium/fronton-pared-izquierda-48003-bilbo-bizkaia-espana-3132_0.jpg", "area_m2": null, "frontons_url": "https://www.frontons.net/fronton-pared-izquierda/48003-bilbo-bizkaia-espana-3132.html", "estado": null}}, {"type": "Feature", "geometry": {"type": "Point", "coordinates": [-2.896499, 43.257194]}, "properties": {"sources": ["frontons"], "source": "frontons", "confianza": "por_verificar", "member_ids": ["frontons/2656"], "id": "frontons/2656", "region": "euskadi", "name": null, "municipio": "Bilbo", "tipo": "pared_izq", "cubierto": null, "direccion": "Kalea Txotena 10003 España", "foto": "https://static.frontons.net/data/photos/medium/fronton-pared-izquierda-48004-bilbo-bizkaia-espana-2656_0.jpg", "area_m2": null, "frontons_url": "https://www.frontons.net/fronton-pared-izquierda/48004-bilbo-bizkaia-espana-2656.html", "estado": null}}, {"type": "Feature", "geometry": {"type": "Point", "coordinates": [-2.90804, 43.254417]}, "properties": {"sources": ["frontons"], "source": "frontons", "confianza": "por_verificar", "member_ids": ["frontons/2661", "frontons/2660"], "id": "frontons/2661", "region": "euskadi", "name": null, "municipio": "Bilbo", "tipo": "pared_izq", "cubierto": null, "direccion": "Etorbidea Aresti Gabriel 1002 España", "foto": "https://static.frontons.net/data/photos/medium/fronton-pared-izquierda-48004-bilbo-bizkaia-espana-2661_0.jpg", "area_m2": null, "frontons_url": "https://www.frontons.net/fronton-pared-izquierda/48004-bilbo-bizkaia-espana-2661.html", "estado": null}}, {"type": "Feature", "geometry": {"type": "Point", "coordinates": [-2.908013, 43.251402]}, "properties": {"sources": ["frontons"], "source": "frontons", "confianza": "por_verificar", "member_ids": ["frontons/2672"], "id": "frontons/2672", "region": "euskadi", "name": null, "municipio": "Bilbo", "tipo": "pared_izq", "cubierto": null, "direccion": "Circo Amateur del Club Deportivo Kalea 12 España", "foto": "https://static.frontons.net/data/photos/medium/fronton-pared-izquierda-48004-bilbo-bizkaia-espana-2672_0.jpg", "area_m2": null, "frontons_url": "https://www.frontons.net/fronton-pared-izquierda/48004-bilbo-bizkaia-espana-2672.html", "estado": null}}, {"type": "Feature", "geometry": {"type": "Point", "coordinates": [-2.902402, 43.257257]}, "properties": {"sources": ["frontons"], "source": "frontons", "confianza": "por_verificar", "member_ids": ["frontons/3084"], "id": "frontons/3084", "region": "euskadi", "name": null, "municipio": "Bilbo", "tipo": "pared_izq", "cubierto": null, "direccion": "Kalea Artalandio 3004 España", "foto": "https://static.frontons.net/data/photos/medium/fronton-pared-izquierda-48004-bilbo-bizkaia-espana-3084_0.jpg", "area_m2": null, "frontons_url": "https://www.frontons.net/fronton-pared-izquierda/48004-bilbo-bizkaia-espana-3084.html", "estado": null}}, {"type": "Feature", "geometry": {"type": "Point", "coordinates": [-2.906127, 43.253874]}, "properties": {"sources": ["frontons"], "source": "frontons", "confianza": "por_verificar", "member_ids": ["frontons/3085"], "id": "frontons/3085", "region": "euskadi", "name": null, "municipio": "Bilbo", "tipo": "pared_izq", "cubierto": null, "direccion": "Etorbidea Aresti Gabriel 8003 España", "foto": "https://static.frontons.net/data/photos/medium/fronton-pared-izquierda-48004-bilbo-bizkaia-espana-3085_0.jpg", "area_m2": null, "frontons_url": "https://www.frontons.net/fronton-pared-izquierda/48004-bilbo-bizkaia-espana-3085.html", "estado": null}}, {"type": "Feature", "geometry": {"type": "Point", "coordinates": [-2.909308, 43.258218]}, "properties": {"sources": ["frontons"], "source": "frontons", "confianza": "por_verificar", "member_ids": ["frontons/3088"], "id": "frontons/3088", "region": "euskadi", "name": null, "municipio": "Bilbo", "tipo": "pared_izq", "cubierto": null, "direccion": "Jesus Galindez Hiribidea 0 España", "foto": "https://static.frontons.net/data/photos/medium/fronton-pared-izquierda-48004-bilbo-bizkaia-espana-3088_0.jpg", "area_m2": null, "frontons_url": "https://www.frontons.net/fronton-pared-izquierda/48004-bilbo-bizkaia-espana-3088.html", "estado": null}}, {"type": "Feature", "geometry": {"type": "Point", "coordinates": [-2.914696, 43.248379]}, "properties": {"sources": ["frontons"], "source": "frontons", "confianza": "por_verificar", "member_ids": ["frontons/3089"], "id": "frontons/3089", "region": "euskadi", "name": null, "municipio": "Bilbo", "tipo": "pared_izq", "cubierto": null, "direccion": "Kalea Sagarminaga 30003 España", "foto": "https://static.frontons.net/data/photos/medium/fronton-pared-izquierda-48004-bilbo-bizkaia-espana-3089_0.jpg", "area_m2": null, "frontons_url": "https://www.frontons.net/fronton-pared-izquierda/48004-bilbo-bizkaia-espana-3089.html", "estado": null}}, {"type": "Feature", "geometry": {"type": "Point", "coordinates": [-2.916685, 43.253913]}, "properties": {"sources": ["frontons"], "source": "frontons", "confianza": "por_verificar", "member_ids": ["frontons/3120"], "id": "frontons/3120", "region": "euskadi", "name": null, "municipio": "Bilbo", "tipo": "pared_izq", "cubierto": null, "direccion": "Santutxu Kalea 16 España", "foto": "https://static.frontons.net/data/photos/medium/fronton-pared-izquierda-48004-bilbo-bizkaia-espana-3120_0.jpg", "area_m2": null, "frontons_url": "https://www.frontons.net/fronton-pared-izquierda/48004-bilbo-bizkaia-espana-3120.html", "estado": null}}, {"type": "Feature", "geometry": {"type": "Point", "coordinates": [-2.916649, 43.251108]}, "properties": {"sources": ["frontons"], "source": "frontons", "confianza": "por_verificar", "member_ids": ["frontons/3160", "frontons/3131"], "id": "frontons/3160", "region": "euskadi", "name": null, "municipio": "Bilbo", "tipo": "pared_izq", "cubierto": null, "direccion": "Kalea Marcelino Menendez y Pelayo 25003 España", "foto": "https://static.frontons.net/data/photos/medium/fronton-pared-izquierda-48004-bilbo-bizkaia-espana-3160_0.jpg", "area_m2": null, "frontons_url": "https://www.frontons.net/fronton-pared-izquierda/48004-bilbo-bizkaia-espana-3160.html", "estado": null}}, {"type": "Feature", "geometry": {"type": "Point", "coordinates": [-2.917642, 43.256783]}, "properties": {"sources": ["frontons"], "source": "frontons", "confianza": "por_verificar", "member_ids": ["frontons/3129", "frontons/3130"], "id": "frontons/3129", "region": "euskadi", "name": null, "municipio": "Bilbo", "tipo": "pared_izq", "cubierto": null, "direccion": "Iturribide Kalea 66 España", "foto": "https://static.frontons.net/data/photos/medium/fronton-pared-izquierda-48006-bilbo-bizkaia-espana-3129_0.jpg", "area_m2": null, "frontons_url": "https://www.frontons.net/fronton-pared-izquierda/48006-bilbo-bizkaia-espana-3129.html", "estado": null}}, {"type": "Feature", "geometry": {"type": "Point", "coordinates": [-2.908152, 43.263051]}, "properties": {"sources": ["frontons"], "source": "frontons", "confianza": "por_verificar", "member_ids": ["frontons/3133"], "id": "frontons/3133", "region": "euskadi", "name": null, "municipio": "Bilbo", "tipo": "pared_izq", "cubierto": null, "direccion": "Zabalbide Kalea 141 España", "foto": "https://static.frontons.net/data/photos/medium/fronton-pared-izquierda-48007-bilbo-bizkaia-espana-3133_0.jpg", "area_m2": null, "frontons_url": "https://www.frontons.net/fronton-pared-izquierda/48007-bilbo-bizkaia-espana-3133.html", "estado": null}}, {"type": "Feature", "geometry": {"type": "Point", "coordinates": [-2.944276, 43.260875]}, "properties": {"sources": ["frontons"], "source": "frontons", "confianza": "por_verificar", "member_ids": ["frontons/2632", "frontons/2633", "frontons/2634"], "id": "frontons/2632", "region": "euskadi", "name": null, "municipio": "Bilbo", "tipo": "pared_izq", "cubierto": null, "direccion": "María Díaz Haroko Kalea 29 España", "foto": "https://static.frontons.net/data/photos/medium/fronton-pared-izquierda-48010-bilbo-bizkaia-espana-2632_0.jpg", "area_m2": null, "frontons_url": "https://www.frontons.net/fronton-pared-izquierda/48010-bilbo-bizkaia-espana-2632.html", "estado": null}}, {"type": "Feature", "geometry": {"type": "Point", "coordinates": [-2.948451, 43.258244]}, "properties": {"sources": ["frontons"], "source": "frontons", "confianza": "por_verificar", "member_ids": ["frontons/3335"], "id": "frontons/3335", "region": "euskadi", "name": null, "municipio": "Bilbo", "tipo": "pared_izq", "cubierto": null, "direccion": "Zankoeta Kalea 2003 España", "foto": "https://static.frontons.net/data/photos/medium/fronton-pared-izquierda-48013-bilbo-bizkaia-espana-3335_0.jpg", "area_m2": null, "frontons_url": "https://www.frontons.net/fronton-pared-izquierda/48013-bilbo-bizkaia-espana-3335.html", "estado": null}}, {"type": "Feature", "geometry": {"type": "Point", "coordinates": [-2.970849, 43.260347]}, "properties": {"sources": ["frontons"], "source": "frontons", "confianza": "por_verificar", "member_ids": ["frontons/3123"], "id": "frontons/3123", "region": "euskadi", "name": null, "municipio": "Bilbao", "tipo": "pared_izq", "cubierto": null, "direccion": "Errepidea Zorrotza - Kastrexana 154F España", "foto": "https://static.frontons.net/data/photos/medium/fronton-pared-izquierda-48013-bizkaia-espana-3123_0.jpg", "area_m2": null, "frontons_url": "https://www.frontons.net/fronton-pared-izquierda/48013-bizkaia-espana-3123.html", "estado": null}}, {"type": "Feature", "geometry": {"type": "Point", "coordinates": [-2.948504, 43.275879]}, "properties": {"sources": ["frontons"], "source": "frontons", "confianza": "por_verificar", "member_ids": ["frontons/2673"], "id": "frontons/2673", "region": "euskadi", "name": null, "municipio": "Bilbo", "tipo": "pared_izq", "cubierto": null, "direccion": "Kalea Ganeta Monte 2006 España", "foto": "https://static.frontons.net/data/photos/medium/fronton-pared-izquierda-48014-bilbo-bizkaia-espana-2673_0.jpg", "area_m2": null, "frontons_url": "https://www.frontons.net/fronton-pared-izquierda/48014-bilbo-bizkaia-espana-2673.html", "estado": null}}, {"type": "Feature", "geometry": {"type": "Point", "coordinates": [-2.919004, 43.273515]}, "properties": {"sources": ["frontons"], "source": "frontons", "confianza": "por_verificar", "member_ids": ["frontons/2997"], "id": "frontons/2997", "region": "euskadi", "name": null, "municipio": "Bilbo", "tipo": "pared_izq", "cubierto": null, "direccion": "Carretera Artxanda-Santo Domingo Errepidea 21 España", "foto": "https://static.frontons.net/data/photos/medium/fronton-pared-izquierda-48015-bilbo-bizkaia-espana-2997_0.jpg", "area_m2": null, "frontons_url": "https://www.frontons.net/fronton-pared-izquierda/48015-bilbo-bizkaia-espana-2997.html", "estado": null}}, {"type": "Feature", "geometry": {"type": "Point", "coordinates": [-2.959235, 43.280266]}, "properties": {"sources": ["frontons"], "source": "frontons", "confianza": "por_verificar", "member_ids": ["frontons/3003"], "id": "frontons/3003", "region": "euskadi", "name": null, "municipio": "Bilbo", "tipo": "pared_izq", "cubierto": null, "direccion": "Orixe Kalea 18 España", "foto": "https://static.frontons.net/data/photos/medium/fronton-pared-izquierda-48015-bilbo-bizkaia-espana-3003_0.jpg", "area_m2": null, "frontons_url": "https://www.frontons.net/fronton-pared-izquierda/48015-bilbo-bizkaia-espana-3003.html", "estado": null}}, {"type": "Feature", "geometry": {"type": "Point", "coordinates": [-2.820549, 43.34316]}, "properties": {"sources": ["frontons"], "source": "frontons", "confianza": "por_verificar", "member_ids": ["frontons/2700", "frontons/2701"], "id": "frontons/2700", "region": "euskadi", "name": null, "municipio": "Belako", "tipo": "pared_izq", "cubierto": null, "direccion": "Bidea Madalen 20014 España", "foto": "https://static.frontons.net/data/photos/medium/fronton-pared-izquierda-48100-bizkaia-espana-2700_0.jpg", "area_m2": null, "frontons_url": "https://www.frontons.net/fronton-pared-izquierda/48100-bizkaia-espana-2700.html", "estado": null}}, {"type": "Feature", "geometry": {"type": "Point", "coordinates": [-2.874038, 43.363718]}, "properties": {"sources": ["frontons"], "source": "frontons", "confianza": "por_verificar", "member_ids": ["frontons/2692"], "id": "frontons/2692", "region": "euskadi", "name": null, "municipio": "Gatika", "tipo": "pared_izq", "cubierto": null, "direccion": "Lugar Barrio Sertutxa 2 España", "foto": "https://static.frontons.net/data/photos/medium/fronton-pared-izquierda-48110-gatika-bizkaia-espana-2692_0.jpg", "area_m2": null, "frontons_url": "https://www.frontons.net/fronton-pared-izquierda/48110-gatika-bizkaia-espana-2692.html", "estado": null}}, {"type": "Feature", "geometry": {"type": "Point", "coordinates": [-2.906788, 43.352255]}, "properties": {"sources": ["frontons"], "source": "frontons", "confianza": "por_verificar", "member_ids": ["frontons/2744"], "id": "frontons/2744", "region": "euskadi", "name": null, "municipio": "Elizalde", "tipo": "pared_izq", "cubierto": null, "direccion": "Auzoa 6 España", "foto": "https://static.frontons.net/data/photos/medium/fronton-pared-izquierda-48111-elizalde-bizkaia-espana-2744_0.jpg", "area_m2": null, "frontons_url": "https://www.frontons.net/fronton-pared-izquierda/48111-elizalde-bizkaia-espana-2744.html", "estado": null}}, {"type": "Feature", "geometry": {"type": "Point", "coordinates": [-2.864496, 43.384003]}, "properties": {"sources": ["frontons"], "source": "frontons", "confianza": "por_verificar", "member_ids": ["frontons/2693"], "id": "frontons/2693", "region": "euskadi", "name": null, "municipio": "Erdigune", "tipo": "pared_izq", "cubierto": null, "direccion": "Auzoa 42 España", "foto": "https://static.frontons.net/data/photos/medium/fronton-pared-izquierda-48112-erdigune-bizkaia-espana-2693_0.jpg", "area_m2": null, "frontons_url": "https://www.frontons.net/fronton-pared-izquierda/48112-erdigune-bizkaia-espana-2693.html", "estado": null}}, {"type": "Feature", "geometry": {"type": "Point", "coordinates": [-2.817345, 43.325922]}, "properties": {"sources": ["frontons"], "source": "frontons", "confianza": "por_verificar", "member_ids": ["frontons/2637"], "id": "frontons/2637", "region": "euskadi", "name": null, "municipio": "Gamiz", "tipo": "pared_izq", "cubierto": null, "direccion": "Barrio Ergoien 133006 España", "foto": "https://static.frontons.net/data/photos/medium/fronton-pared-izquierda-48113-gamiz-bizkaia-espana-2637_0.jpg", "area_m2": null, "frontons_url": "https://www.frontons.net/fronton-pared-izquierda/48113-gamiz-bizkaia-espana-2637.html", "estado": null}}, {"type": "Feature", "geometry": {"type": "Point", "coordinates": [-2.782766, 43.330182]}, "properties": {"sources": ["frontons"], "source": "frontons", "confianza": "por_verificar", "member_ids": ["frontons/2647"], "id": "frontons/2647", "region": "euskadi", "name": null, "municipio": "Frúniz", "tipo": "pared_izq", "cubierto": null, "direccion": "Lekua Barrio Aldai 48002 España", "foto": "https://static.frontons.net/data/photos/medium/fronton-pared-izquierda-48116-fruniz-vizcaya-espana-2647_0.jpg", "area_m2": null, "frontons_url": "https://www.frontons.net/fronton-pared-izquierda/48116-fruniz-vizcaya-espana-2647.html", "estado": null}}, {"type": "Feature", "geometry": {"type": "Point", "coordinates": [-2.814432, 43.372492]}, "properties": {"sources": ["frontons"], "source": "frontons", "confianza": "por_verificar", "member_ids": ["frontons/2650"], "id": "frontons/2650", "region": "euskadi", "name": null, "municipio": "Mungia", "tipo": "pared_izq", "cubierto": null, "direccion": "Elizalde Bidea 21 España", "foto": "https://static.frontons.net/data/photos/medium/fronton-pared-izquierda-48120-mungia-bizkaia-espana-2650_0.jpg", "area_m2": null, "frontons_url": "https://www.frontons.net/fronton-pared-izquierda/48120-mungia-bizkaia-espana-2650.html", "estado": null}}, {"type": "Feature", "geometry": {"type": "Point", "coordinates": [-2.80907, 43.429238]}, "properties": {"sources": ["frontons"], "source": "frontons", "confianza": "por_verificar", "member_ids": ["frontons/2112", "frontons/2619"], "id": "frontons/2112", "region": "euskadi", "name": null, "municipio": "Bakio", "tipo": "pared_izq", "cubierto": null, "direccion": "Bentalde Auzoa 8 España", "foto": "https://static.frontons.net/data/photos/medium/fronton-pared-izquierda-48130-bakio-bizkaia-espana-2112_0.jpg", "area_m2": null, "frontons_url": "https://www.frontons.net/fronton-pared-izquierda/48130-bakio-bizkaia-espana-2112.html", "estado": null}}, {"type": "Feature", "geometry": {"type": "Point", "coordinates": [-2.751072, 43.143395]}, "properties": {"sources": ["frontons"], "source": "frontons", "confianza": "por_verificar", "member_ids": ["frontons/2498"], "id": "frontons/2498", "region": "euskadi", "name": null, "municipio": "Ugarana", "tipo": "pared_izq", "cubierto": null, "direccion": "Barrio 23 España", "foto": "https://static.frontons.net/data/photos/medium/fronton-pared-izquierda-48141-ugarana-bizkaia-espana-2498_0.jpg", "area_m2": null, "frontons_url": "https://www.frontons.net/fronton-pared-izquierda/48141-ugarana-bizkaia-espana-2498.html", "estado": null}}, {"type": "Feature", "geometry": {"type": "Point", "coordinates": [-2.748708, 43.101035]}, "properties": {"sources": ["frontons"], "source": "frontons", "confianza": "por_verificar", "member_ids": ["frontons/3365"], "id": "frontons/3365", "region": "euskadi", "name": null, "municipio": "Plaza", "tipo": "pared_izq", "cubierto": null, "direccion": "Albakoa Auzoa 27 España", "foto": "https://static.frontons.net/data/photos/medium/fronton-pared-izquierda-48144-plaza-bizkaia-espana-3365_0.jpg", "area_m2": null, "frontons_url": "https://www.frontons.net/fronton-pared-izquierda/48144-plaza-bizkaia-espana-3365.html", "estado": null}}, {"type": "Feature", "geometry": {"type": "Point", "coordinates": [-2.928036, 43.290558]}, "properties": {"sources": ["frontons"], "source": "frontons", "confianza": "por_verificar", "member_ids": ["frontons/3346"], "id": "frontons/3346", "region": "euskadi", "name": null, "municipio": "Izartza", "tipo": "pared_izq", "cubierto": null, "direccion": "Lugar Barrio Julio Arteche 16A España", "foto": "https://static.frontons.net/data/photos/medium/fronton-pared-izquierda-48150-izartza-bizkaia-espana-3346_0.jpg", "area_m2": null, "frontons_url": "https://www.frontons.net/fronton-pared-izquierda/48150-izartza-bizkaia-espana-3346.html", "estado": null}}, {"type": "Feature", "geometry": {"type": "Point", "coordinates": [-3.09683, 43.254501]}, "properties": {"sources": ["frontons"], "source": "frontons", "confianza": "por_verificar", "member_ids": ["frontons/2909"], "id": "frontons/2909", "region": "euskadi", "name": null, "municipio": "San Pedro", "tipo": "pared_izq", "cubierto": null, "direccion": "Auzoa 31 España", "foto": "https://static.frontons.net/data/photos/medium/fronton-pared-izquierda-48191-san-pedro-bizkaia-espana-2909_0.jpg", "area_m2": null, "frontons_url": "https://www.frontons.net/fronton-pared-izquierda/48191-san-pedro-bizkaia-espana-2909.html", "estado": null}}, {"type": "Feature", "geometry": {"type": "Point", "coordinates": [-2.797508, 43.260679]}, "properties": {"sources": ["frontons"], "source": "frontons", "confianza": "por_verificar", "member_ids": ["frontons/2888"], "id": "frontons/2888", "region": "euskadi", "name": null, "municipio": "Larrabetzu", "tipo": "pared_izq", "cubierto": null, "direccion": "Lehendakari Agirre Kalea 4 España", "foto": "https://static.frontons.net/data/photos/medium/fronton-pared-izquierda-48195-larrabetzu-bizkaia-espana-2888_0.jpg", "area_m2": null, "frontons_url": "https://www.frontons.net/fronton-pared-izquierda/48195-larrabetzu-bizkaia-espana-2888.html", "estado": null}}, {"type": "Feature", "geometry": {"type": "Point", "coordinates": [-2.63598, 43.166546]}, "properties": {"sources": ["frontons"], "source": "frontons", "confianza": "por_verificar", "member_ids": ["frontons/2920"], "id": "frontons/2920", "region": "euskadi", "name": null, "municipio": "Durango", "tipo": "pared_izq", "cubierto": null, "direccion": "Kalea Galtzareta 13002 España", "foto": "https://static.frontons.net/data/photos/medium/fronton-pared-izquierda-48200-durango-bizkaia-espana-2920_0.jpg", "area_m2": null, "frontons_url": "https://www.frontons.net/fronton-pared-izquierda/48200-durango-bizkaia-espana-2920.html", "estado": null}}, {"type": "Feature", "geometry": {"type": "Point", "coordinates": [-2.608708, 43.192634]}, "properties": {"sources": ["frontons"], "source": "frontons", "confianza": "por_verificar", "member_ids": ["frontons/2793"], "id": "frontons/2793", "region": "euskadi", "name": null, "municipio": "Garai", "tipo": "pared_izq", "cubierto": null, "direccion": "San Migel Auzoa 11A España", "foto": "https://static.frontons.net/data/photos/medium/fronton-pared-izquierda-48200-garai-bizkaia-espana-2793_0.jpg", "area_m2": null, "frontons_url": "https://www.frontons.net/fronton-pared-izquierda/48200-garai-bizkaia-espana-2793.html", "estado": null}}, {"type": "Feature", "geometry": {"type": "Point", "coordinates": [-2.661114, 43.138083]}, "properties": {"sources": ["frontons"], "source": "frontons", "confianza": "por_verificar", "member_ids": ["frontons/2891"], "id": "frontons/2891", "region": "euskadi", "name": null, "municipio": "Mañaria", "tipo": "pared_izq", "cubierto": null, "direccion": "Ayuntamiento Plaza 3 España", "foto": "https://static.frontons.net/data/photos/medium/fronton-pared-izquierda-48212-manaria-bizkaia-espana-2891_0.jpg", "area_m2": null, "frontons_url": "https://www.frontons.net/fronton-pared-izquierda/48212-manaria-bizkaia-espana-2891.html", "estado": null}}, {"type": "Feature", "geometry": {"type": "Point", "coordinates": [-2.607569, 43.1525]}, "properties": {"sources": ["frontons"], "source": "frontons", "confianza": "por_verificar", "member_ids": ["frontons/2568"], "id": "frontons/2568", "region": "euskadi", "name": null, "municipio": "Abadiño", "tipo": "pared_izq", "cubierto": null, "direccion": "Plaza San Trokaz 3BIS España", "foto": "https://static.frontons.net/data/photos/medium/fronton-pared-izquierda-48220-bizkaia-espana-2568_0.jpg", "area_m2": null, "frontons_url": "https://www.frontons.net/fronton-pared-izquierda/48220-bizkaia-espana-2568.html", "estado": null}}, {"type": "Feature", "geometry": {"type": "Point", "coordinates": [-2.612943, 43.166805]}, "properties": {"sources": ["frontons"], "source": "frontons", "confianza": "por_verificar", "member_ids": ["frontons/2897"], "id": "frontons/2897", "region": "euskadi", "name": null, "municipio": "Traña-Matiena", "tipo": "pared_izq", "cubierto": null, "direccion": "Kalea Trañaetxoste 10C España", "foto": "https://static.frontons.net/data/photos/medium/fronton-pared-izquierda-48220-trana-matiena-bizkaia-espana-2897_0.jpg", "area_m2": null, "frontons_url": "https://www.frontons.net/fronton-pared-izquierda/48220-trana-matiena-bizkaia-espana-2897.html", "estado": null}}, {"type": "Feature", "geometry": {"type": "Point", "coordinates": [-2.539789, 43.130984]}, "properties": {"sources": ["frontons"], "source": "frontons", "confianza": "por_verificar", "member_ids": ["frontons/2898"], "id": "frontons/2898", "region": "euskadi", "name": null, "municipio": "Elorrio", "tipo": "pared_izq", "cubierto": null, "direccion": "Nizeto Urkizu Kalea 8 España", "foto": "https://static.frontons.net/data/photos/medium/fronton-pared-izquierda-48230-elorrio-bizkaia-espana-2898_0.jpg", "area_m2": null, "frontons_url": "https://www.frontons.net/fronton-pared-izquierda/48230-elorrio-bizkaia-espana-2898.html", "estado": null}}, {"type": "Feature", "geometry": {"type": "Point", "coordinates": [-2.538439, 43.128211]}, "properties": {"sources": ["frontons"], "source": "frontons", "confianza": "por_verificar", "member_ids": ["frontons/2902"], "id": "frontons/2902", "region": "euskadi", "name": null, "municipio": "Elorrio", "tipo": "pared_izq", "cubierto": null, "direccion": "Kalea Ibaikua 5002 España", "foto": "https://static.frontons.net/data/photos/medium/fronton-pared-izquierda-48230-elorrio-bizkaia-espana-2902_0.jpg", "area_m2": null, "frontons_url": "https://www.frontons.net/fronton-pared-izquierda/48230-elorrio-bizkaia-espana-2902.html", "estado": null}}, {"type": "Feature", "geometry": {"type": "Point", "coordinates": [-2.546662, 43.12498]}, "properties": {"sources": ["frontons"], "source": "frontons", "confianza": "por_verificar", "member_ids": ["frontons/2903"], "id": "frontons/2903", "region": "euskadi", "name": null, "municipio": "Elorrio", "tipo": "pared_izq", "cubierto": null, "direccion": "San Jose Kalea 18 España", "foto": "https://static.frontons.net/data/photos/medium/fronton-pared-izquierda-48230-elorrio-bizkaia-espana-2903_0.jpg", "area_m2": null, "frontons_url": "https://www.frontons.net/fronton-pared-izquierda/48230-elorrio-bizkaia-espana-2903.html", "estado": null}}, {"type": "Feature", "geometry": {"type": "Point", "coordinates": [-2.579727, 43.175178]}, "properties": {"sources": ["frontons"], "source": "frontons", "confianza": "por_verificar", "member_ids": ["frontons/2667"], "id": "frontons/2667", "region": "euskadi", "name": null, "municipio": "Berriz", "tipo": "pared_izq", "cubierto": null, "direccion": "Kalea Learreta 1002 España", "foto": "https://static.frontons.net/data/photos/medium/fronton-pared-izquierda-48249-berriz-bizkaia-espana-2667_0.jpg", "area_m2": null, "frontons_url": "https://www.frontons.net/fronton-pared-izquierda/48249-berriz-bizkaia-espana-2667.html", "estado": null}}, {"type": "Feature", "geometry": {"type": "Point", "coordinates": [-2.547374, 43.168995]}, "properties": {"sources": ["frontons"], "source": "frontons", "confianza": "por_verificar", "member_ids": ["frontons/2796"], "id": "frontons/2796", "region": "euskadi", "name": null, "municipio": "Zaldibar", "tipo": "pared_izq", "cubierto": null, "direccion": "Olazar Kalea 2 España", "foto": "https://static.frontons.net/data/photos/medium/fronton-pared-izquierda-48250-zaldibar-bizkaia-espana-2796_0.jpg", "area_m2": null, "frontons_url": "https://www.frontons.net/fronton-pared-izquierda/48250-zaldibar-bizkaia-espana-2796.html", "estado": null}}, {"type": "Feature", "geometry": {"type": "Point", "coordinates": [-2.545195, 43.172074]}, "properties": {"sources": ["frontons"], "source": "frontons", "confianza": "por_verificar", "member_ids": ["frontons/2806"], "id": "frontons/2806", "region": "euskadi", "name": null, "municipio": "Zaldibar", "tipo": "pared_izq", "cubierto": null, "direccion": "Kalea Elizondo 8E España", "foto": "https://static.frontons.net/data/photos/medium/fronton-pared-izquierda-48250-zaldibar-bizkaia-espana-2806_0.jpg", "area_m2": null, "frontons_url": "https://www.frontons.net/fronton-pared-izquierda/48250-zaldibar-bizkaia-espana-2806.html", "estado": null}}, {"type": "Feature", "geometry": {"type": "Point", "coordinates": [-2.504075, 43.189357]}, "properties": {"sources": ["frontons"], "source": "frontons", "confianza": "por_verificar", "member_ids": ["frontons/2770"], "id": "frontons/2770", "region": "euskadi", "name": null, "municipio": "Ermua", "tipo": "pared_izq", "cubierto": null, "direccion": "Calle Errebalburu Kalea 8 España", "foto": "https://static.frontons.net/data/photos/medium/fronton-pared-izquierda-48260-ermua-vizcaya-espana-2770_0.jpg", "area_m2": null, "frontons_url": "https://www.frontons.net/fronton-pared-izquierda/48260-ermua-vizcaya-espana-2770.html", "estado": null}}, {"type": "Feature", "geometry": {"type": "Point", "coordinates": [-2.528512, 43.189863]}, "properties": {"sources": ["frontons"], "source": "frontons", "confianza": "por_verificar", "member_ids": ["frontons/2927"], "id": "frontons/2927", "region": "euskadi", "name": null, "municipio": "Mallabia", "tipo": "pared_izq", "cubierto": null, "direccion": "Arteiz Kalea 1B España", "foto": "https://static.frontons.net/data/photos/medium/fronton-pared-izquierda-48269-mallabia-bizkaia-espana-2927_0.jpg", "area_m2": null, "frontons_url": "https://www.frontons.net/fronton-pared-izquierda/48269-mallabia-bizkaia-espana-2927.html", "estado": null}}, {"type": "Feature", "geometry": {"type": "Point", "coordinates": [-2.532014, 43.191071]}, "properties": {"sources": ["frontons"], "source": "frontons", "confianza": "por_verificar", "member_ids": ["frontons/2928"], "id": "frontons/2928", "region": "euskadi", "name": null, "municipio": "Mallabia", "tipo": "pared_izq", "cubierto": null, "direccion": "Kalea Azkaldea 7DUP España", "foto": "https://static.frontons.net/data/photos/medium/fronton-pared-izquierda-48269-mallabia-bizkaia-espana-2928_0.jpg", "area_m2": null, "frontons_url": "https://www.frontons.net/fronton-pared-izquierda/48269-mallabia-bizkaia-espana-2928.html", "estado": null}}, {"type": "Feature", "geometry": {"type": "Point", "coordinates": [-2.501725, 43.267626]}, "properties": {"sources": ["frontons"], "source": "frontons", "confianza": "por_verificar", "member_ids": ["frontons/2200"], "id": "frontons/2200", "region": "euskadi", "name": null, "municipio": "Markina-Xemein", "tipo": "pared_izq", "cubierto": null, "direccion": "Iderraga Auzoa 39 España", "foto": "https://static.frontons.net/data/photos/medium/fronton-pared-izquierda-48270-markina-xemein-bizkaia-espana-2200_0.jpg", "area_m2": null, "frontons_url": "https://www.frontons.net/fronton-pared-izquierda/48270-markina-xemein-bizkaia-espana-2200.html", "estado": null}}, {"type": "Feature", "geometry": {"type": "Point", "coordinates": [-2.47334, 43.296718]}, "properties": {"sources": ["frontons"], "source": "frontons", "confianza": "por_verificar", "member_ids": ["frontons/2681"], "id": "frontons/2681", "region": "euskadi", "name": null, "municipio": "Berriatua", "tipo": "pared_izq", "cubierto": null, "direccion": "Lugar Barrio Larruskain 28B España", "foto": "https://static.frontons.net/data/photos/medium/fronton-pared-izquierda-48276-berriatua-bizkaia-espana-2681_0.jpg", "area_m2": null, "frontons_url": "https://www.frontons.net/fronton-pared-izquierda/48276-berriatua-bizkaia-espana-2681.html", "estado": null}}, {"type": "Feature", "geometry": {"type": "Point", "coordinates": [-2.47536, 43.253623]}, "properties": {"sources": ["frontons"], "source": "frontons", "confianza": "por_verificar", "member_ids": ["frontons/2202"], "id": "frontons/2202", "region": "euskadi", "name": null, "municipio": "Etxebarria", "tipo": "pared_izq", "cubierto": null, "direccion": "Erberā Kāleā 22 España", "foto": "https://static.frontons.net/data/photos/medium/fronton-pared-izquierda-48277-etxebarria-bizkaia-espana-2202_0.jpg", "area_m2": null, "frontons_url": "https://www.frontons.net/fronton-pared-izquierda/48277-etxebarria-bizkaia-espana-2202.html", "estado": null}}, {"type": "Feature", "geometry": {"type": "Point", "coordinates": [-2.534705, 43.244439]}, "properties": {"sources": ["frontons"], "source": "frontons", "confianza": "por_verificar", "member_ids": ["frontons/2497"], "id": "frontons/2497", "region": "euskadi", "name": null, "municipio": "Arta", "tipo": "pared_izq", "cubierto": null, "direccion": "Auzoa 29 España", "foto": "https://static.frontons.net/data/photos/medium/fronton-pared-izquierda-48278-arta-bizkaia-espana-2497_0.jpg", "area_m2": null, "frontons_url": "https://www.frontons.net/fronton-pared-izquierda/48278-arta-bizkaia-espana-2497.html", "estado": null}}, {"type": "Feature", "geometry": {"type": "Point", "coordinates": [-2.549088, 43.249331]}, "properties": {"sources": ["frontons"], "source": "frontons", "confianza": "por_verificar", "member_ids": ["frontons/2215"], "id": "frontons/2215", "region": "euskadi", "name": null, "municipio": "Ziortza-Bolibar", "tipo": "pared_izq", "cubierto": null, "direccion": "Kalea Domingo Ugartetxea 5003 España", "foto": "https://static.frontons.net/data/photos/medium/fronton-pared-izquierda-48278-ziortza-bolibar-bizkaia-espana-2215_0.jpg", "area_m2": null, "frontons_url": "https://www.frontons.net/fronton-pared-izquierda/48278-ziortza-bolibar-bizkaia-espana-2215.html", "estado": null}}, {"type": "Feature", "geometry": {"type": "Point", "coordinates": [-2.505303, 43.359913]}, "properties": {"sources": ["frontons"], "source": "frontons", "confianza": "por_verificar", "member_ids": ["frontons/2240"], "id": "frontons/2240", "region": "euskadi", "name": null, "municipio": "Lekeitio", "tipo": "pared_izq", "cubierto": null, "direccion": "Atea Kalea 7 España", "foto": "https://static.frontons.net/data/photos/medium/fronton-pared-izquierda-48280-lekeitio-bizkaia-espana-2240_0.jpg", "area_m2": null, "frontons_url": "https://www.frontons.net/fronton-pared-izquierda/48280-lekeitio-bizkaia-espana-2240.html", "estado": null}}, {"type": "Feature", "geometry": {"type": "Point", "coordinates": [-2.543676, 43.362066]}, "properties": {"sources": ["frontons"], "source": "frontons", "confianza": "por_verificar", "member_ids": ["frontons/2291", "frontons/2292"], "id": "frontons/2291", "region": "euskadi", "name": null, "municipio": "Ispaster", "tipo": "pared_izq", "cubierto": null, "direccion": "Barrio Elexalde 17 España", "foto": "https://static.frontons.net/data/photos/medium/fronton-pared-izquierda-48288-ispaster-bizkaia-espana-2291_0.jpg", "area_m2": null, "frontons_url": "https://www.frontons.net/fronton-pared-izquierda/48288-ispaster-bizkaia-espana-2291.html", "estado": null}}, {"type": "Feature", "geometry": {"type": "Point", "coordinates": [-2.509246, 43.359925]}, "properties": {"sources": ["frontons"], "source": "frontons", "confianza": "por_verificar", "member_ids": ["frontons/2235"], "id": "frontons/2235", "region": "euskadi", "name": null, "municipio": "Lekeitio", "tipo": "pared_izq", "cubierto": null, "direccion": "BI-2238 España", "foto": "https://static.frontons.net/data/photos/medium/fronton-pared-izquierda-48288-lekeitio-bizkaia-espana-2235_0.jpg", "area_m2": null, "frontons_url": "https://www.frontons.net/fronton-pared-izquierda/48288-lekeitio-bizkaia-espana-2235.html", "estado": null}}, {"type": "Feature", "geometry": {"type": "Point", "coordinates": [-2.585411, 43.128906]}, "properties": {"sources": ["frontons"], "source": "frontons", "confianza": "por_verificar", "member_ids": ["frontons/2624"], "id": "frontons/2624", "region": "euskadi", "name": null, "municipio": "Atxondo", "tipo": "pared_izq", "cubierto": null, "direccion": "Los Fueros Plaza 5A España", "foto": "https://static.frontons.net/data/photos/medium/fronton-pared-izquierda-48291-atxondo-bizkaia-espana-2624_0.jpg", "area_m2": null, "frontons_url": "https://www.frontons.net/fronton-pared-izquierda/48291-atxondo-bizkaia-espana-2624.html", "estado": null}}, {"type": "Feature", "geometry": {"type": "Point", "coordinates": [-2.586065, 43.121664]}, "properties": {"sources": ["frontons"], "source": "frontons", "confianza": "por_verificar", "member_ids": ["frontons/3367"], "id": "frontons/3367", "region": "euskadi", "name": null, "municipio": "Marzana", "tipo": "pared_izq", "cubierto": null, "direccion": "Plaza 6 España", "foto": "https://static.frontons.net/data/photos/medium/fronton-pared-izquierda-48291-marzana-bizkaia-espana-3367_0.jpg", "area_m2": null, "frontons_url": "https://www.frontons.net/fronton-pared-izquierda/48291-marzana-bizkaia-espana-3367.html", "estado": null}}, {"type": "Feature", "geometry": {"type": "Point", "coordinates": [-2.682652, 43.312694]}, "properties": {"sources": ["frontons"], "source": "frontons", "confianza": "por_verificar", "member_ids": ["frontons/2564"], "id": "frontons/2564", "region": "euskadi", "name": null, "municipio": "Gernika-Lumo", "tipo": "pared_izq", "cubierto": null, "direccion": "Zearreta Kalea 12 España", "foto": "https://static.frontons.net/data/photos/medium/fronton-pared-izquierda-48300-gernika-lumo-bizkaia-espana-2564_0.jpg", "area_m2": null, "frontons_url": "https://www.frontons.net/fronton-pared-izquierda/48300-gernika-lumo-bizkaia-espana-2564.html", "estado": null}}, {"type": "Feature", "geometry": {"type": "Point", "coordinates": [-2.753658, 43.327285]}, "properties": {"sources": ["frontons"], "source": "frontons", "confianza": "por_verificar", "member_ids": ["frontons/2480"], "id": "frontons/2480", "region": "euskadi", "name": null, "municipio": "Olatxua-Olabarri", "tipo": "pared_izq", "cubierto": null, "direccion": "Lugar Barrio Olabarri 45L España", "foto": "https://static.frontons.net/data/photos/medium/fronton-pared-izquierda-48309-olatxua-olabarri-bizkaia-espana-2480_0.jpg", "area_m2": null, "frontons_url": "https://www.frontons.net/fronton-pared-izquierda/48309-olatxua-olabarri-bizkaia-espana-2480.html", "estado": null}}, {"type": "Feature", "geometry": {"type": "Point", "coordinates": [-2.584161, 43.321145]}, "properties": {"sources": ["frontons"], "source": "frontons", "confianza": "por_verificar", "member_ids": ["frontons/2276"], "id": "frontons/2276", "region": "euskadi", "name": null, "municipio": "Nabarniz", "tipo": "pared_izq", "cubierto": null, "direccion": "Lekua Barrio Elexalde 14A España", "foto": "https://static.frontons.net/data/photos/medium/fronton-pared-izquierda-48312-nabarniz-bizkaia-espana-2276_0.jpg", "area_m2": null, "frontons_url": "https://www.frontons.net/fronton-pared-izquierda/48312-nabarniz-bizkaia-espana-2276.html", "estado": null}}, {"type": "Feature", "geometry": {"type": "Point", "coordinates": [-2.623381, 43.355524]}, "properties": {"sources": ["frontons"], "source": "frontons", "confianza": "por_verificar", "member_ids": ["frontons/2496"], "id": "frontons/2496", "region": "euskadi", "name": null, "municipio": "Ereño", "tipo": "pared_izq", "cubierto": null, "direccion": "Lugar Barrio Elexalde 10C España", "foto": "https://static.frontons.net/data/photos/medium/fronton-pared-izquierda-48313-bizkaia-espana-2496_0.jpg", "area_m2": null, "frontons_url": "https://www.frontons.net/fronton-pared-izquierda/48313-bizkaia-espana-2496.html", "estado": null}}, {"type": "Feature", "geometry": {"type": "Point", "coordinates": [-2.65126, 43.349127]}, "properties": {"sources": ["frontons"], "source": "frontons", "confianza": "por_verificar", "member_ids": ["frontons/2302"], "id": "frontons/2302", "region": "euskadi", "name": null, "municipio": "Gautegiz Arteaga", "tipo": "pared_izq", "cubierto": null, "direccion": "Plaza Herriko 5 España", "foto": "https://static.frontons.net/data/photos/medium/fronton-pared-izquierda-48314-bizkaia-espana-2302_0.jpg", "area_m2": null, "frontons_url": "https://www.frontons.net/fronton-pared-izquierda/48314-bizkaia-espana-2302.html", "estado": null}}, {"type": "Feature", "geometry": {"type": "Point", "coordinates": [-2.674857, 43.380368]}, "properties": {"sources": ["frontons"], "source": "frontons", "confianza": "por_verificar", "member_ids": ["frontons/2225"], "id": "frontons/2225", "region": "euskadi", "name": null, "municipio": "Kanala", "tipo": "pared_izq", "cubierto": null, "direccion": "Lugar Barrio 30C España", "foto": "https://static.frontons.net/data/photos/medium/fronton-pared-izquierda-48314-kanala-bizkaia-espana-2225_0.jpg", "area_m2": null, "frontons_url": "https://www.frontons.net/fronton-pared-izquierda/48314-kanala-bizkaia-espana-2225.html", "estado": null}}, {"type": "Feature", "geometry": {"type": "Point", "coordinates": [-2.65584, 43.340682]}, "properties": {"sources": ["frontons"], "source": "frontons", "confianza": "por_verificar", "member_ids": ["frontons/2209"], "id": "frontons/2209", "region": "euskadi", "name": null, "municipio": "Kortezubi", "tipo": "pared_izq", "cubierto": null, "direccion": "Lugar Barrio Enderika 3BIS España", "foto": "https://static.frontons.net/data/photos/medium/fronton-pared-izquierda-48315-kortezubi-bizkaia-espana-2209_0.jpg", "area_m2": null, "frontons_url": "https://www.frontons.net/fronton-pared-izquierda/48315-kortezubi-bizkaia-espana-2209.html", "estado": null}}, {"type": "Feature", "geometry": {"type": "Point", "coordinates": [-2.673655, 43.30045]}, "properties": {"sources": ["frontons"], "source": "frontons", "confianza": "por_verificar", "member_ids": ["frontons/2773"], "id": "frontons/2773", "region": "euskadi", "name": null, "municipio": "Kanpantxu", "tipo": "pared_izq", "cubierto": null, "direccion": "Lugar Barrio 29D España", "foto": "https://static.frontons.net/data/photos/medium/fronton-pared-izquierda-48320-kanpantxu-bizkaia-espana-2773_0.jpg", "area_m2": null, "frontons_url": "https://www.frontons.net/fronton-pared-izquierda/48320-kanpantxu-bizkaia-espana-2773.html", "estado": null}}, {"type": "Feature", "geometry": {"type": "Point", "coordinates": [-2.662138, 43.309929]}, "properties": {"sources": ["frontons"], "source": "frontons", "confianza": "por_verificar", "member_ids": ["frontons/2259", "frontons/2771", "frontons/2772"], "id": "frontons/2259", "region": "euskadi", "name": null, "municipio": "Mendieta", "tipo": "pared_izq", "cubierto": null, "direccion": "Auzoa 35 España", "foto": "https://static.frontons.net/data/photos/medium/fronton-pared-izquierda-48320-mendieta-bizkaia-espana-2259_0.jpg", "area_m2": null, "frontons_url": "https://www.frontons.net/fronton-pared-izquierda/48320-mendieta-bizkaia-espana-2259.html", "estado": null}}, {"type": "Feature", "geometry": {"type": "Point", "coordinates": [-2.78456, 43.197393]}, "properties": {"sources": ["frontons"], "source": "frontons", "confianza": "por_verificar", "member_ids": ["frontons/3366"], "id": "frontons/3366", "region": "euskadi", "name": null, "municipio": "Arraño", "tipo": "pared_izq", "cubierto": null, "direccion": "Lugar Barrio 9B España", "foto": "https://static.frontons.net/data/photos/medium/fronton-pared-izquierda-48330-arrano-bizkaia-espana-3366_0.jpg", "area_m2": null, "frontons_url": "https://www.frontons.net/fronton-pared-izquierda/48330-arrano-bizkaia-espana-3366.html", "estado": null}}, {"type": "Feature", "geometry": {"type": "Point", "coordinates": [-2.770332, 43.208678]}, "properties": {"sources": ["frontons"], "source": "frontons", "confianza": "por_verificar", "member_ids": ["frontons/2929"], "id": "frontons/2929", "region": "euskadi", "name": null, "municipio": "Lemoa", "tipo": "pared_izq", "cubierto": null, "direccion": "Lehendakari Agirre Kalea 27 España", "foto": "https://static.frontons.net/data/photos/medium/fronton-pared-izquierda-48330-lemoa-bizkaia-espana-2929_0.jpg", "area_m2": null, "frontons_url": "https://www.frontons.net/fronton-pared-izquierda/48330-lemoa-bizkaia-espana-2929.html", "estado": null}}, {"type": "Feature", "geometry": {"type": "Point", "coordinates": [-2.737171, 43.23015]}, "properties": {"sources": ["frontons"], "source": "frontons", "confianza": "por_verificar", "member_ids": ["frontons/2748"], "id": "frontons/2748", "region": "euskadi", "name": null, "municipio": "Amorebieta-Etxano", "tipo": "pared_izq", "cubierto": null, "direccion": "Larra Auzoa 7 España", "foto": "https://static.frontons.net/data/photos/medium/fronton-pared-izquierda-48340-amorebieta-etxano-bizkaia-espana-2748_0.jpg", "area_m2": null, "frontons_url": "https://www.frontons.net/fronton-pared-izquierda/48340-amorebieta-etxano-bizkaia-espana-2748.html", "estado": null}}, {"type": "Feature", "geometry": {"type": "Point", "coordinates": [-2.736769, 43.21733]}, "properties": {"sources": ["frontons"], "source": "frontons", "confianza": "por_verificar", "member_ids": ["frontons/2755"], "id": "frontons/2755", "region": "euskadi", "name": null, "municipio": "Amorebieta-Etxano", "tipo": "pared_izq", "cubierto": null, "direccion": "Sabino Arana Kalea 32 España", "foto": "https://static.frontons.net/data/photos/medium/fronton-pared-izquierda-48340-amorebieta-etxano-bizkaia-espana-2755_0.jpg", "area_m2": null, "frontons_url": "https://www.frontons.net/fronton-pared-izquierda/48340-amorebieta-etxano-bizkaia-espana-2755.html", "estado": null}}, {"type": "Feature", "geometry": {"type": "Point", "coordinates": [-2.730952, 43.221478]}, "properties": {"sources": ["frontons"], "source": "frontons", "confianza": "por_verificar", "member_ids": ["frontons/2809"], "id": "frontons/2809", "region": "euskadi", "name": null, "municipio": "Amorebieta-Etxano", "tipo": "pared_izq", "cubierto": null, "direccion": "Enparantza Kalbario 1002 España", "foto": "https://static.frontons.net/data/photos/medium/fronton-pared-izquierda-48340-amorebieta-etxano-bizkaia-espana-2809_0.jpg", "area_m2": null, "frontons_url": "https://www.frontons.net/fronton-pared-izquierda/48340-amorebieta-etxano-bizkaia-espana-2809.html", "estado": null}}, {"type": "Feature", "geometry": {"type": "Point", "coordinates": [-2.70343, 43.201937]}, "properties": {"sources": ["frontons"], "source": "frontons", "confianza": "por_verificar", "member_ids": ["frontons/2790"], "id": "frontons/2790", "region": "euskadi", "name": null, "municipio": "Amorebieta", "tipo": "pared_izq", "cubierto": null, "direccion": "Lugar Barrio San Miguel Dudea 19B España", "foto": "https://static.frontons.net/data/photos/medium/fronton-pared-izquierda-48340-bizkaia-espana-2790_0.jpg", "area_m2": null, "frontons_url": "https://www.frontons.net/fronton-pared-izquierda/48340-bizkaia-espana-2790.html", "estado": null}}, {"type": "Feature", "geometry": {"type": "Point", "coordinates": [-2.737912, 43.419871]}, "properties": {"sources": ["frontons"], "source": "frontons", "confianza": "por_verificar", "member_ids": ["frontons/2602"], "id": "frontons/2602", "region": "euskadi", "name": null, "municipio": "Bermeo", "tipo": "pared_izq", "cubierto": null, "direccion": "Kalea Zubiaur Tar Kepa 72 España", "foto": "https://static.frontons.net/data/photos/medium/fronton-pared-izquierda-48370-bermeo-bizkaia-espana-2602_0.jpg", "area_m2": null, "frontons_url": "https://www.frontons.net/fronton-pared-izquierda/48370-bermeo-bizkaia-espana-2602.html", "estado": null}}, {"type": "Feature", "geometry": {"type": "Point", "coordinates": [-2.64308, 43.281071]}, "properties": {"sources": ["frontons"], "source": "frontons", "confianza": "por_verificar", "member_ids": ["frontons/2258"], "id": "frontons/2258", "region": "euskadi", "name": null, "municipio": "Elexalde", "tipo": "pared_izq", "cubierto": null, "direccion": "Elejalde Auzoa 1 España", "foto": "https://static.frontons.net/data/photos/medium/fronton-pared-izquierda-48382-elexalde-bizkaia-espana-2258_0.jpg", "area_m2": null, "frontons_url": "https://www.frontons.net/fronton-pared-izquierda/48382-elexalde-bizkaia-espana-2258.html", "estado": null}}, {"type": "Feature", "geometry": {"type": "Point", "coordinates": [-2.640095, 43.296862]}, "properties": {"sources": ["frontons"], "source": "frontons", "confianza": "por_verificar", "member_ids": ["frontons/2774"], "id": "frontons/2774", "region": "euskadi", "name": null, "municipio": "Mendata", "tipo": "pared_izq", "cubierto": null, "direccion": "Marmiz Auzoa 31 España", "foto": "https://static.frontons.net/data/photos/medium/fronton-pared-izquierda-48382-mendata-bizkaia-espana-2774_0.jpg", "area_m2": null, "frontons_url": "https://www.frontons.net/fronton-pared-izquierda/48382-mendata-bizkaia-espana-2774.html", "estado": null}}, {"type": "Feature", "geometry": {"type": "Point", "coordinates": [-2.664716, 43.325244]}, "properties": {"sources": ["frontons"], "source": "frontons", "confianza": "por_verificar", "member_ids": ["frontons/2569"], "id": "frontons/2569", "region": "euskadi", "name": null, "municipio": "Kortezubi", "tipo": "pared_izq", "cubierto": null, "direccion": "Lugar Barrio Barrutia 9B España", "foto": "https://static.frontons.net/data/photos/medium/fronton-pared-izquierda-48383-bizkaia-espana-2569_0.jpg", "area_m2": null, "frontons_url": "https://www.frontons.net/fronton-pared-izquierda/48383-bizkaia-espana-2569.html", "estado": null}}, {"type": "Feature", "geometry": {"type": "Point", "coordinates": [-2.801457, 43.207708]}, "properties": {"sources": ["frontons"], "source": "frontons", "confianza": "por_verificar", "member_ids": ["frontons/2939"], "id": "frontons/2939", "region": "euskadi", "name": null, "municipio": "Bedia", "tipo": "pared_izq", "cubierto": null, "direccion": "Lugar Barrio Elexalde 25C España", "foto": "https://static.frontons.net/data/photos/medium/fronton-pared-izquierda-48390-bedia-bizkaia-espana-2939_0.jpg", "area_m2": null, "frontons_url": "https://www.frontons.net/fronton-pared-izquierda/48390-bedia-bizkaia-espana-2939.html", "estado": null}}, {"type": "Feature", "geometry": {"type": "Point", "coordinates": [-2.65779, 43.251682]}, "properties": {"sources": ["frontons"], "source": "frontons", "confianza": "por_verificar", "member_ids": ["frontons/2484"], "id": "frontons/2484", "region": "euskadi", "name": null, "municipio": "Ajuria", "tipo": "pared_izq", "cubierto": null, "direccion": "Auzoa 15 España", "foto": "https://static.frontons.net/data/photos/medium/fronton-pared-izquierda-48391-ajuria-bizkaia-espana-2484_0.jpg", "area_m2": null, "frontons_url": "https://www.frontons.net/fronton-pared-izquierda/48391-ajuria-bizkaia-espana-2484.html", "estado": null}}, {"type": "Feature", "geometry": {"type": "Point", "coordinates": [-2.674544, 43.240879]}, "properties": {"sources": ["frontons"], "source": "frontons", "confianza": "por_verificar", "member_ids": ["frontons/2485"], "id": "frontons/2485", "region": "euskadi", "name": null, "municipio": "Ibarruri", "tipo": "pared_izq", "cubierto": null, "direccion": "Auzoa 16 España", "foto": "https://static.frontons.net/data/photos/medium/fronton-pared-izquierda-48391-ibarruri-bizkaia-espana-2485_0.jpg", "area_m2": null, "frontons_url": "https://www.frontons.net/fronton-pared-izquierda/48391-ibarruri-bizkaia-espana-2485.html", "estado": null}}, {"type": "Feature", "geometry": {"type": "Point", "coordinates": [-2.690204, 43.291624]}, "properties": {"sources": ["frontons"], "source": "frontons", "confianza": "por_verificar", "member_ids": ["frontons/2481"], "id": "frontons/2481", "region": "euskadi", "name": null, "municipio": "Muxika", "tipo": "pared_izq", "cubierto": null, "direccion": "Kurtzero Auzoa 43 España", "foto": "https://static.frontons.net/data/photos/medium/fronton-pared-izquierda-48392-muxika-bizkaia-espana-2481_0.jpg", "area_m2": null, "frontons_url": "https://www.frontons.net/fronton-pared-izquierda/48392-muxika-bizkaia-espana-2481.html", "estado": null}}, {"type": "Feature", "geometry": {"type": "Point", "coordinates": [-2.675118, 43.335855]}, "properties": {"sources": ["frontons"], "source": "frontons", "confianza": "por_verificar", "member_ids": ["frontons/2323"], "id": "frontons/2323", "region": "euskadi", "name": null, "municipio": "Forua", "tipo": "pared_izq", "cubierto": null, "direccion": "Lugar Barrio Elejalde 23BIS España", "foto": "https://static.frontons.net/data/photos/medium/fronton-pared-izquierda-48393-forua-bizkaia-espana-2323_0.jpg", "area_m2": null, "frontons_url": "https://www.frontons.net/fronton-pared-izquierda/48393-forua-bizkaia-espana-2323.html", "estado": null}}, {"type": "Feature", "geometry": {"type": "Point", "coordinates": [-2.681225, 43.351914]}, "properties": {"sources": ["frontons"], "source": "frontons", "confianza": "por_verificar", "member_ids": ["frontons/2326"], "id": "frontons/2326", "region": "euskadi", "name": null, "municipio": "Murueta", "tipo": "pared_izq", "cubierto": null, "direccion": "Lugar Barrio Kanpantxua 3TRI España", "foto": "https://static.frontons.net/data/photos/medium/fronton-pared-izquierda-48394-murueta-bizkaia-espana-2326_0.jpg", "area_m2": null, "frontons_url": "https://www.frontons.net/fronton-pared-izquierda/48394-murueta-bizkaia-espana-2326.html", "estado": null}}, {"type": "Feature", "geometry": {"type": "Point", "coordinates": [-2.910752, 43.107148]}, "properties": {"sources": ["frontons"], "source": "frontons", "confianza": "por_verificar", "member_ids": ["frontons/2284", "frontons/2482"], "id": "frontons/2284", "region": "euskadi", "name": null, "municipio": "Orozko", "tipo": "pared_izq", "cubierto": null, "direccion": "Kalea Ibaiondo 4A España", "foto": "https://static.frontons.net/data/photos/medium/fronton-pared-izquierda-48410-orozko-bizkaia-espana-2284_0.jpg", "area_m2": null, "frontons_url": "https://www.frontons.net/fronton-pared-izquierda/48410-orozko-bizkaia-espana-2284.html", "estado": null}}, {"type": "Feature", "geometry": {"type": "Point", "coordinates": [-3.008169, 42.993647]}, "properties": {"sources": ["frontons"], "source": "frontons", "confianza": "por_verificar", "member_ids": ["frontons/2351"], "id": "frontons/2351", "region": "euskadi", "name": null, "municipio": "Urduña", "tipo": "pared_izq", "cubierto": null, "direccion": "Plaza Foru 5004 España", "foto": "https://static.frontons.net/data/photos/medium/fronton-pared-izquierda-48460-urduna-bizkaia-espana-2351_0.jpg", "area_m2": null, "frontons_url": "https://www.frontons.net/fronton-pared-izquierda/48460-urduna-bizkaia-espana-2351.html", "estado": null}}, {"type": "Feature", "geometry": {"type": "Point", "coordinates": [-2.864472, 43.227314]}, "properties": {"sources": ["frontons"], "source": "frontons", "confianza": "por_verificar", "member_ids": ["frontons/2676"], "id": "frontons/2676", "region": "euskadi", "name": null, "municipio": "Arkotxa", "tipo": "pared_izq", "cubierto": null, "direccion": "Lugar Barrio 14002 España", "foto": "https://static.frontons.net/data/photos/medium/fronton-pared-izquierda-48480-arkotxa-bizkaia-espana-2676_0.jpg", "area_m2": null, "frontons_url": "https://www.frontons.net/fronton-pared-izquierda/48480-arkotxa-bizkaia-espana-2676.html", "estado": null}}, {"type": "Feature", "geometry": {"type": "Point", "coordinates": [-2.886651, 43.211059]}, "properties": {"sources": ["frontons"], "source": "frontons", "confianza": "por_verificar", "member_ids": ["frontons/2432", "frontons/2433"], "id": "frontons/2432", "region": "euskadi", "name": null, "municipio": "Arrigorriaga", "tipo": "pared_izq", "cubierto": null, "direccion": "Kalea Severo Ochoa 1C España", "foto": "https://static.frontons.net/data/photos/medium/fronton-pared-izquierda-48480-arrigorriaga-bizkaia-espana-2432_0.jpg", "area_m2": null, "frontons_url": "https://www.frontons.net/fronton-pared-izquierda/48480-arrigorriaga-bizkaia-espana-2432.html", "estado": null}}, {"type": "Feature", "geometry": {"type": "Point", "coordinates": [-2.893011, 43.21023]}, "properties": {"sources": ["frontons"], "source": "frontons", "confianza": "por_verificar", "member_ids": ["frontons/2655"], "id": "frontons/2655", "region": "euskadi", "name": null, "municipio": "Arrigorriaga", "tipo": "pared_izq", "cubierto": null, "direccion": "Cristo Zeharkalea 13 España", "foto": "https://static.frontons.net/data/photos/medium/fronton-pared-izquierda-48480-arrigorriaga-bizkaia-espana-2655_0.jpg", "area_m2": null, "frontons_url": "https://www.frontons.net/fronton-pared-izquierda/48480-arrigorriaga-bizkaia-espana-2655.html", "estado": null}}, {"type": "Feature", "geometry": {"type": "Point", "coordinates": [-2.9174, 43.239285]}, "properties": {"sources": ["frontons"], "source": "frontons", "confianza": "por_verificar", "member_ids": ["frontons/2382"], "id": "frontons/2382", "region": "euskadi", "name": null, "municipio": "Arrigorriaga", "tipo": "pared_izq", "cubierto": null, "direccion": "Kalea Progreso 8 España", "foto": "https://static.frontons.net/data/photos/medium/fronton-pared-izquierda-48480-bizkaia-espana-2382_0.jpg", "area_m2": null, "frontons_url": "https://www.frontons.net/fronton-pared-izquierda/48480-bizkaia-espana-2382.html", "estado": null}}, {"type": "Feature", "geometry": {"type": "Point", "coordinates": [-2.873652, 43.21101]}, "properties": {"sources": ["frontons"], "source": "frontons", "confianza": "por_verificar", "member_ids": ["frontons/2677"], "id": "frontons/2677", "region": "euskadi", "name": null, "municipio": "Zaratamo", "tipo": "pared_izq", "cubierto": null, "direccion": "BI-3701 17 España", "foto": "https://static.frontons.net/data/photos/medium/fronton-pared-izquierda-48480-zaratamo-bizkaia-espana-2677_0.jpg", "area_m2": null, "frontons_url": "https://www.frontons.net/fronton-pared-izquierda/48480-zaratamo-bizkaia-espana-2677.html", "estado": null}}, {"type": "Feature", "geometry": {"type": "Point", "coordinates": [-2.902986, 43.181392]}, "properties": {"sources": ["frontons"], "source": "frontons", "confianza": "por_verificar", "member_ids": ["frontons/2260"], "id": "frontons/2260", "region": "euskadi", "name": null, "municipio": "Ugao-Miraballes", "tipo": "pared_izq", "cubierto": null, "direccion": "Victor Chávarri y Salazar Etxetaldea 4-10 España", "foto": "https://static.frontons.net/data/photos/medium/fronton-pared-izquierda-48490-ugao-miraballes-bizkaia-espana-2260_0.jpg", "area_m2": null, "frontons_url": "https://www.frontons.net/fronton-pared-izquierda/48490-ugao-miraballes-bizkaia-espana-2260.html", "estado": null}}, {"type": "Feature", "geometry": {"type": "Point", "coordinates": [-2.901797, 43.183208]}, "properties": {"sources": ["frontons"], "source": "frontons", "confianza": "por_verificar", "member_ids": ["frontons/2831"], "id": "frontons/2831", "region": "euskadi", "name": null, "municipio": "Ugao-Miraballes", "tipo": "pared_izq", "cubierto": null, "direccion": "Victor Chávarri y Salazar Etxetaldea 12 España", "foto": "https://static.frontons.net/data/photos/medium/fronton-pared-izquierda-48490-ugao-miraballes-bizkaia-espana-2831_0.jpg", "area_m2": null, "frontons_url": "https://www.frontons.net/fronton-pared-izquierda/48490-ugao-miraballes-bizkaia-espana-2831.html", "estado": null}}, {"type": "Feature", "geometry": {"type": "Point", "coordinates": [-2.918374, 43.172817]}, "properties": {"sources": ["frontons"], "source": "frontons", "confianza": "por_verificar", "member_ids": ["frontons/2214"], "id": "frontons/2214", "region": "euskadi", "name": null, "municipio": "Arrankudiaga", "tipo": "pared_izq", "cubierto": null, "direccion": "Elexalde Auzoa 22A España", "foto": "https://static.frontons.net/data/photos/medium/fronton-pared-izquierda-48498-arrankudiaga-bizkaia-espana-2214_0.jpg", "area_m2": null, "frontons_url": "https://www.frontons.net/fronton-pared-izquierda/48498-arrankudiaga-bizkaia-espana-2214.html", "estado": null}}, {"type": "Feature", "geometry": {"type": "Point", "coordinates": [-2.938591, 43.193027]}, "properties": {"sources": ["frontons"], "source": "frontons", "confianza": "por_verificar", "member_ids": ["frontons/2346"], "id": "frontons/2346", "region": "euskadi", "name": null, "municipio": "Zollo-Elexalde", "tipo": "pared_izq", "cubierto": null, "direccion": "Lugar Barrio Zollo 15 España", "foto": "https://static.frontons.net/data/photos/medium/fronton-pared-izquierda-48499-zollo-elexalde-bizkaia-espana-2346_0.jpg", "area_m2": null, "frontons_url": "https://www.frontons.net/fronton-pared-izquierda/48499-zollo-elexalde-bizkaia-espana-2346.html", "estado": null}}, {"type": "Feature", "geometry": {"type": "Point", "coordinates": [-3.07403, 43.315957]}, "properties": {"sources": ["frontons"], "source": "frontons", "confianza": "por_verificar", "member_ids": ["frontons/1993"], "id": "frontons/1993", "region": "euskadi", "name": null, "municipio": "Gallarta", "tipo": "pared_izq", "cubierto": null, "direccion": "Doctor Areilza Etxetaldea España", "foto": "https://static.frontons.net/data/photos/medium/fronton-pared-izquierda-48500-gallarta-bizkaia-espana-1993_0.jpg", "area_m2": null, "frontons_url": "https://www.frontons.net/fronton-pared-izquierda/48500-gallarta-bizkaia-espana-1993.html", "estado": null}}, {"type": "Feature", "geometry": {"type": "Point", "coordinates": [-3.07552, 43.314521]}, "properties": {"sources": ["frontons"], "source": "frontons", "confianza": "por_verificar", "member_ids": ["frontons/2579", "frontons/2580"], "id": "frontons/2579", "region": "euskadi", "name": null, "municipio": "Gallarta", "tipo": "pared_izq", "cubierto": null, "direccion": "Lugar Barrio Cotarro 13B España", "foto": "https://static.frontons.net/data/photos/medium/fronton-pared-izquierda-48500-gallarta-bizkaia-espana-2579_0.jpg", "area_m2": null, "frontons_url": "https://www.frontons.net/fronton-pared-izquierda/48500-gallarta-bizkaia-espana-2579.html", "estado": null}}, {"type": "Feature", "geometry": {"type": "Point", "coordinates": [-3.075616, 43.317187]}, "properties": {"sources": ["frontons"], "source": "frontons", "confianza": "por_verificar", "member_ids": ["frontons/2581"], "id": "frontons/2581", "region": "euskadi", "name": null, "municipio": "Gallarta", "tipo": "pared_izq", "cubierto": null, "direccion": "Etorbidea Minero 28002 España", "foto": "https://static.frontons.net/data/photos/medium/fronton-pared-izquierda-48500-gallarta-bizkaia-espana-2581_0.jpg", "area_m2": null, "frontons_url": "https://www.frontons.net/fronton-pared-izquierda/48500-gallarta-bizkaia-espana-2581.html", "estado": null}}, {"type": "Feature", "geometry": {"type": "Point", "coordinates": [-3.082731, 43.352248]}, "properties": {"sources": ["frontons"], "source": "frontons", "confianza": "por_verificar", "member_ids": ["frontons/2294"], "id": "frontons/2294", "region": "euskadi", "name": null, "municipio": "Zierbena", "tipo": "pared_izq", "cubierto": null, "direccion": "Lugar Barrio el Puerto 47 España", "foto": "https://static.frontons.net/data/photos/medium/fronton-pared-izquierda-48508-zierbena-bizkaia-espana-2294_0.jpg", "area_m2": null, "frontons_url": "https://www.frontons.net/fronton-pared-izquierda/48508-zierbena-bizkaia-espana-2294.html", "estado": null}}, {"type": "Feature", "geometry": {"type": "Point", "coordinates": [-3.030289, 43.30426]}, "properties": {"sources": ["frontons"], "source": "frontons", "confianza": "por_verificar", "member_ids": ["frontons/2234"], "id": "frontons/2234", "region": "euskadi", "name": null, "municipio": "Valle de Trápaga-Trapagaran", "tipo": "pared_izq", "cubierto": null, "direccion": "Lugar Barrio San Gabriel 19A España", "foto": "https://static.frontons.net/data/photos/medium/fronton-pared-izquierda-48510-bizkaia-espana-2234_0.jpg", "area_m2": null, "frontons_url": "https://www.frontons.net/fronton-pared-izquierda/48510-bizkaia-espana-2234.html", "estado": null}}, {"type": "Feature", "geometry": {"type": "Point", "coordinates": [-3.121637, 43.324135]}, "properties": {"sources": ["frontons"], "source": "frontons", "confianza": "por_verificar", "member_ids": ["frontons/2248"], "id": "frontons/2248", "region": "euskadi", "name": null, "municipio": "Muskiz", "tipo": "pared_izq", "cubierto": null, "direccion": "Etorbidea Fuente Vieja 8A España", "foto": "https://static.frontons.net/data/photos/medium/fronton-pared-izquierda-48550-bizkaia-espana-2248_0.jpg", "area_m2": null, "frontons_url": "https://www.frontons.net/fronton-pared-izquierda/48550-bizkaia-espana-2248.html", "estado": null}}, {"type": "Feature", "geometry": {"type": "Point", "coordinates": [-3.141871, 43.336672]}, "properties": {"sources": ["frontons"], "source": "frontons", "confianza": "por_verificar", "member_ids": ["frontons/3894"], "id": "frontons/3894", "region": "euskadi", "name": null, "municipio": "La Rigada", "tipo": "pared_izq", "cubierto": null, "direccion": "A Monte Atrás Bidea 7 España", "foto": "https://static.frontons.net/data/photos/medium/fronton-pared-izquierda-48550-la-rigada-bizkaia-espana-3894_0.jpg", "area_m2": null, "frontons_url": "https://www.frontons.net/fronton-pared-izquierda/48550-la-rigada-bizkaia-espana-3894.html", "estado": null}}, {"type": "Feature", "geometry": {"type": "Point", "coordinates": [-3.114019, 43.320873]}, "properties": {"sources": ["frontons"], "source": "frontons", "confianza": "por_verificar", "member_ids": ["frontons/2317", "frontons/2318"], "id": "frontons/2317", "region": "euskadi", "name": null, "municipio": "Muskiz", "tipo": "pared_izq", "cubierto": null, "direccion": "Kalea Magdalena 8008 España", "foto": "https://static.frontons.net/data/photos/medium/fronton-pared-izquierda-48550-muskiz-bizkaia-espana-2317_0.jpg", "area_m2": null, "frontons_url": "https://www.frontons.net/fronton-pared-izquierda/48550-muskiz-bizkaia-espana-2317.html", "estado": null}}, {"type": "Feature", "geometry": {"type": "Point", "coordinates": [-2.987409, 43.372612]}, "properties": {"sources": ["frontons"], "source": "frontons", "confianza": "por_verificar", "member_ids": ["frontons/2166"], "id": "frontons/2166", "region": "euskadi", "name": null, "municipio": "Sopela", "tipo": "pared_izq", "cubierto": null, "direccion": "Gatzarriñe Kalea 26A España", "foto": "https://static.frontons.net/data/photos/medium/fronton-pared-izquierda-48600-sopela-bizkaia-espana-2166_0.jpg", "area_m2": null, "frontons_url": "https://www.frontons.net/fronton-pared-izquierda/48600-sopela-bizkaia-espana-2166.html", "estado": null}}, {"type": "Feature", "geometry": {"type": "Point", "coordinates": [-2.972904, 43.374729]}, "properties": {"sources": ["frontons"], "source": "frontons", "confianza": "por_verificar", "member_ids": ["frontons/2749"], "id": "frontons/2749", "region": "euskadi", "name": null, "municipio": "Sopela", "tipo": "pared_izq", "cubierto": null, "direccion": "Gatzarriñe Kalea 47 España", "foto": "https://static.frontons.net/data/photos/medium/fronton-pared-izquierda-48600-sopela-bizkaia-espana-2749_0.jpg", "area_m2": null, "frontons_url": "https://www.frontons.net/fronton-pared-izquierda/48600-sopela-bizkaia-espana-2749.html", "estado": null}}, {"type": "Feature", "geometry": {"type": "Point", "coordinates": [-2.952595, 43.373728]}, "properties": {"sources": ["frontons"], "source": "frontons", "confianza": "por_verificar", "member_ids": ["frontons/2759"], "id": "frontons/2759", "region": "euskadi", "name": null, "municipio": "Urduliz", "tipo": "pared_izq", "cubierto": null, "direccion": "Aita Gotzon Kalea 9 España", "foto": "https://static.frontons.net/data/photos/medium/fronton-pared-izquierda-48610-urduliz-bizkaia-espana-2759_0.jpg", "area_m2": null, "frontons_url": "https://www.frontons.net/fronton-pared-izquierda/48610-urduliz-bizkaia-espana-2759.html", "estado": null}}, {"type": "Feature", "geometry": {"type": "Point", "coordinates": [-2.895779, 43.432677]}, "properties": {"sources": ["frontons"], "source": "frontons", "confianza": "por_verificar", "member_ids": ["frontons/2626"], "id": "frontons/2626", "region": "euskadi", "name": null, "municipio": "Armintza", "tipo": "pared_izq", "cubierto": null, "direccion": "Kalea Atalaia 8A España", "foto": "https://static.frontons.net/data/photos/medium/fronton-pared-izquierda-48620-armintza-bizkaia-espana-2626_0.jpg", "area_m2": null, "frontons_url": "https://www.frontons.net/fronton-pared-izquierda/48620-armintza-bizkaia-espana-2626.html", "estado": null}}, {"type": "Feature", "geometry": {"type": "Point", "coordinates": [-2.924214, 43.393644]}, "properties": {"sources": ["frontons"], "source": "frontons", "confianza": "por_verificar", "member_ids": ["frontons/2799"], "id": "frontons/2799", "region": "euskadi", "name": null, "municipio": "Isuskiza", "tipo": "pared_izq", "cubierto": null, "direccion": "Isuskitza Auzoa 191 España", "foto": "https://static.frontons.net/data/photos/medium/fronton-pared-izquierda-48620-isuskiza-bizkaia-espana-2799_0.jpg", "area_m2": null, "frontons_url": "https://www.frontons.net/fronton-pared-izquierda/48620-isuskiza-bizkaia-espana-2799.html", "estado": null}}, {"type": "Feature", "geometry": {"type": "Point", "coordinates": [-2.90236, 43.413419]}, "properties": {"sources": ["frontons"], "source": "frontons", "confianza": "por_verificar", "member_ids": ["frontons/2627"], "id": "frontons/2627", "region": "euskadi", "name": null, "municipio": "Lemoiz", "tipo": "pared_izq", "cubierto": null, "direccion": "Barrio Urizar 52002 España", "foto": "https://static.frontons.net/data/photos/medium/fronton-pared-izquierda-48620-lemoiz-bizkaia-espana-2627_0.jpg", "area_m2": null, "frontons_url": "https://www.frontons.net/fronton-pared-izquierda/48620-lemoiz-bizkaia-espana-2627.html", "estado": null}}, {"type": "Feature", "geometry": {"type": "Point", "coordinates": [-2.947923, 43.399231]}, "properties": {"sources": ["frontons"], "source": "frontons", "confianza": "por_verificar", "member_ids": ["frontons/2797"], "id": "frontons/2797", "region": "euskadi", "name": null, "municipio": "Txipio", "tipo": "pared_izq", "cubierto": null, "direccion": "Genaro Urrutia Kalea 5 España", "foto": "https://static.frontons.net/data/photos/medium/fronton-pared-izquierda-48620-txipio-bizkaia-espana-2797_0.jpg", "area_m2": null, "frontons_url": "https://www.frontons.net/fronton-pared-izquierda/48620-txipio-bizkaia-espana-2797.html", "estado": null}}, {"type": "Feature", "geometry": {"type": "Point", "coordinates": [-2.932891, 43.415441]}, "properties": {"sources": ["frontons"], "source": "frontons", "confianza": "por_verificar", "member_ids": ["frontons/2757"], "id": "frontons/2757", "region": "euskadi", "name": null, "municipio": "Gorliz", "tipo": "pared_izq", "cubierto": null, "direccion": "Plaza Eliza 1A España", "foto": "https://static.frontons.net/data/photos/medium/fronton-pared-izquierda-48630-gorliz-bizkaia-espana-2757_0.jpg", "area_m2": null, "frontons_url": "https://www.frontons.net/fronton-pared-izquierda/48630-gorliz-bizkaia-espana-2757.html", "estado": null}}, {"type": "Feature", "geometry": {"type": "Point", "coordinates": [-2.970235, 43.357391]}, "properties": {"sources": ["frontons"], "source": "frontons", "confianza": "por_verificar", "member_ids": ["frontons/2833", "frontons/2834"], "id": "frontons/2833", "region": "euskadi", "name": null, "municipio": "Berango", "tipo": "pared_izq", "cubierto": null, "direccion": "Bidea Sustatxa 10 España", "foto": "https://static.frontons.net/data/photos/medium/fronton-pared-izquierda-48640-bizkaia-espana-2833_0.jpg", "area_m2": null, "frontons_url": "https://www.frontons.net/fronton-pared-izquierda/48640-bizkaia-espana-2833.html", "estado": null}}, {"type": "Feature", "geometry": {"type": "Point", "coordinates": [-2.979913, 43.394011]}, "properties": {"sources": ["frontons"], "source": "frontons", "confianza": "por_verificar", "member_ids": ["frontons/5106"], "id": "frontons/5106", "region": "euskadi", "name": null, "municipio": "Elexalde", "tipo": "pared_izq", "cubierto": null, "direccion": "Zabaletxe Urbanizazioa 15 España", "foto": "https://static.frontons.net/data/photos/medium/fronton-pared-izquierda-48650-elexalde-bizkaia-espana-5106_0.jpg", "area_m2": null, "frontons_url": "https://www.frontons.net/fronton-pared-izquierda/48650-elexalde-bizkaia-espana-5106.html", "estado": null}}, {"type": "Feature", "geometry": {"type": "Point", "coordinates": [-3.198482, 43.192335]}, "properties": {"sources": ["frontons"], "source": "frontons", "confianza": "por_verificar", "member_ids": ["frontons/2688"], "id": "frontons/2688", "region": "euskadi", "name": null, "municipio": "Balmaseda", "tipo": "pared_izq", "cubierto": null, "direccion": "Avenida Encartaciones 2 España", "foto": "https://static.frontons.net/data/photos/medium/fronton-pared-izquierda-48800-balmaseda-bizkaia-espana-2688_0.jpg", "area_m2": null, "frontons_url": "https://www.frontons.net/fronton-pared-izquierda/48800-balmaseda-bizkaia-espana-2688.html", "estado": null}}, {"type": "Feature", "geometry": {"type": "Point", "coordinates": [-3.192479, 43.193403]}, "properties": {"sources": ["frontons"], "source": "frontons", "confianza": "por_verificar", "member_ids": ["frontons/2714", "frontons/2687"], "id": "frontons/2714", "region": "euskadi", "name": null, "municipio": "Balmaseda", "tipo": "pared_izq", "cubierto": null, "direccion": "Lehendakari Jose Antonio Agirre y Lekube Parkea 1 España", "foto": "https://static.frontons.net/data/photos/medium/fronton-pared-izquierda-48800-balmaseda-bizkaia-espana-2714_0.jpg", "area_m2": null, "frontons_url": "https://www.frontons.net/fronton-pared-izquierda/48800-balmaseda-bizkaia-espana-2714.html", "estado": null}}, {"type": "Feature", "geometry": {"type": "Point", "coordinates": [-3.012424, 43.236401]}, "properties": {"sources": ["frontons"], "source": "frontons", "confianza": "por_verificar", "member_ids": ["frontons/2775"], "id": "frontons/2775", "region": "euskadi", "name": null, "municipio": "Alonsotegi", "tipo": "pared_izq", "cubierto": null, "direccion": "Nuestra Señora de la Guía Kalea 18 España", "foto": "https://static.frontons.net/data/photos/medium/fronton-pared-izquierda-48810-alonsotegi-bizkaia-espana-2775_0.jpg", "area_m2": null, "frontons_url": "https://www.frontons.net/fronton-pared-izquierda/48810-alonsotegi-bizkaia-espana-2775.html", "estado": null}}, {"type": "Feature", "geometry": {"type": "Point", "coordinates": [-3.048202, 43.196545]}, "properties": {"sources": ["frontons"], "source": "frontons", "confianza": "por_verificar", "member_ids": ["frontons/2685"], "id": "frontons/2685", "region": "euskadi", "name": null, "municipio": "Sodupe", "tipo": "pared_izq", "cubierto": null, "direccion": "Kalea Gallarraga 28 España", "foto": "https://static.frontons.net/data/photos/medium/fronton-pared-izquierda-48830-sodupe-bizkaia-espana-2685_0.jpg", "area_m2": null, "frontons_url": "https://www.frontons.net/fronton-pared-izquierda/48830-sodupe-bizkaia-espana-2685.html", "estado": null}}, {"type": "Feature", "geometry": {"type": "Point", "coordinates": [-3.139226, 43.212745]}, "properties": {"sources": ["frontons"], "source": "frontons", "confianza": "por_verificar", "member_ids": ["frontons/2826", "frontons/2923"], "id": "frontons/2826", "region": "euskadi", "name": null, "municipio": "Mimetiz", "tipo": "pared_izq", "cubierto": null, "direccion": "Etorbidea Lehendakari Jose Antonio Agirre 12D España", "foto": "https://static.frontons.net/data/photos/medium/fronton-pared-izquierda-48860-mimetiz-bizkaia-espana-2826_0.jpg", "area_m2": null, "frontons_url": "https://www.frontons.net/fronton-pared-izquierda/48860-mimetiz-bizkaia-espana-2826.html", "estado": null}}, {"type": "Feature", "geometry": {"type": "Point", "coordinates": [-3.168326, 43.220339]}, "properties": {"sources": ["frontons"], "source": "frontons", "confianza": "por_verificar", "member_ids": ["frontons/2828"], "id": "frontons/2828", "region": "euskadi", "name": null, "municipio": "Zalla", "tipo": "pared_izq", "cubierto": null, "direccion": "Lugar Barrio Ocharan de Abajo 16A España", "foto": "https://static.frontons.net/data/photos/medium/fronton-pared-izquierda-48869-bizkaia-espana-2828_0.jpg", "area_m2": null, "frontons_url": "https://www.frontons.net/fronton-pared-izquierda/48869-bizkaia-espana-2828.html", "estado": null}}, {"type": "Feature", "geometry": {"type": "Point", "coordinates": [-3.233298, 43.266239]}, "properties": {"sources": ["frontons"], "source": "frontons", "confianza": "por_verificar", "member_ids": ["frontons/2713"], "id": "frontons/2713", "region": "euskadi", "name": null, "municipio": "Santa Cruz", "tipo": "pared_izq", "cubierto": null, "direccion": "Auzoa 6 España", "foto": "https://static.frontons.net/data/photos/medium/fronton-pared-izquierda-48879-santa-cruz-bizkaia-espana-2713_0.jpg", "area_m2": null, "frontons_url": "https://www.frontons.net/fronton-pared-izquierda/48879-santa-cruz-bizkaia-espana-2713.html", "estado": null}}, {"type": "Feature", "geometry": {"type": "Point", "coordinates": [-3.257154, 43.272088]}, "properties": {"sources": ["frontons"], "source": "frontons", "confianza": "por_verificar", "member_ids": ["frontons/2779"], "id": "frontons/2779", "region": "euskadi", "name": null, "municipio": "Trucios-Turtzioz", "tipo": "pared_izq", "cubierto": null, "direccion": "Lehendakari Agirre Hiribidea 59B España", "foto": "https://static.frontons.net/data/photos/medium/fronton-pared-izquierda-48880-trucios-turtzioz-vizcaya-espana-2779_0.jpg", "area_m2": null, "frontons_url": "https://www.frontons.net/fronton-pared-izquierda/48880-trucios-turtzioz-vizcaya-espana-2779.html", "estado": null}}, {"type": "Feature", "geometry": {"type": "Point", "coordinates": [-3.359225, 43.237838]}, "properties": {"sources": ["frontons"], "source": "frontons", "confianza": "por_verificar", "member_ids": ["frontons/2716"], "id": "frontons/2716", "region": "euskadi", "name": null, "municipio": "Ambasaguas", "tipo": "pared_izq", "cubierto": null, "direccion": "Auzoa 41 España", "foto": "https://static.frontons.net/data/photos/medium/fronton-pared-izquierda-48890-ambasaguas-bizkaia-espana-2716_0.jpg", "area_m2": null, "frontons_url": "https://www.frontons.net/fronton-pared-izquierda/48890-ambasaguas-bizkaia-espana-2716.html", "estado": null}}, {"type": "Feature", "geometry": {"type": "Point", "coordinates": [-3.359783, 43.236044]}, "properties": {"sources": ["frontons"], "source": "frontons", "confianza": "por_verificar", "member_ids": ["frontons/2717", "frontons/2718"], "id": "frontons/2717", "region": "euskadi", "name": null, "municipio": "Ambasaguas", "tipo": "pared_izq", "cubierto": null, "direccion": "Auzoa 46 España", "foto": "https://static.frontons.net/data/photos/medium/fronton-pared-izquierda-48890-ambasaguas-bizkaia-espana-2717_0.jpg", "area_m2": null, "frontons_url": "https://www.frontons.net/fronton-pared-izquierda/48890-ambasaguas-bizkaia-espana-2717.html", "estado": null}}, {"type": "Feature", "geometry": {"type": "Point", "coordinates": [-3.357033, 43.222612]}, "properties": {"sources": ["frontons"], "source": "frontons", "confianza": "por_verificar", "member_ids": ["frontons/2719"], "id": "frontons/2719", "region": "euskadi", "name": null, "municipio": "Concha", "tipo": "pared_izq", "cubierto": null, "direccion": "Lugar Barrio 49003 España", "foto": "https://static.frontons.net/data/photos/medium/fronton-pared-izquierda-48891-concha-bizkaia-espana-2719_0.jpg", "area_m2": null, "frontons_url": "https://www.frontons.net/fronton-pared-izquierda/48891-concha-bizkaia-espana-2719.html", "estado": null}}, {"type": "Feature", "geometry": {"type": "Point", "coordinates": [-2.996511, 43.299198]}, "properties": {"sources": ["frontons"], "source": "frontons", "confianza": "por_verificar", "member_ids": ["frontons/3032"], "id": "frontons/3032", "region": "euskadi", "name": null, "municipio": "Barakaldo", "tipo": "pared_izq", "cubierto": null, "direccion": "La Bondad Kalea 28 España", "foto": "https://static.frontons.net/data/photos/medium/fronton-pared-izquierda-48902-barakaldo-bizkaia-espana-3032_0.jpg", "area_m2": null, "frontons_url": "https://www.frontons.net/fronton-pared-izquierda/48902-barakaldo-bizkaia-espana-3032.html", "estado": null}}, {"type": "Feature", "geometry": {"type": "Point", "coordinates": [-3.004245, 43.267439]}, "properties": {"sources": ["frontons"], "source": "frontons", "confianza": "por_verificar", "member_ids": ["frontons/3074"], "id": "frontons/3074", "region": "euskadi", "name": null, "municipio": "Barakaldo", "tipo": "pared_izq", "cubierto": null, "direccion": "Olarte Kalea 2 España", "foto": "https://static.frontons.net/data/photos/medium/fronton-pared-izquierda-48903-barakaldo-bizkaia-espana-3074_0.jpg", "area_m2": null, "frontons_url": "https://www.frontons.net/fronton-pared-izquierda/48903-barakaldo-bizkaia-espana-3074.html", "estado": null}}, {"type": "Feature", "geometry": {"type": "Point", "coordinates": [-2.992931, 43.277434]}, "properties": {"sources": ["frontons"], "source": "frontons", "confianza": "por_verificar", "member_ids": ["frontons/3083"], "id": "frontons/3083", "region": "euskadi", "name": null, "municipio": "Barakaldo", "tipo": "pared_izq", "cubierto": null, "direccion": "Gorostiza Auzunea 1A España", "foto": "https://static.frontons.net/data/photos/medium/fronton-pared-izquierda-48903-barakaldo-bizkaia-espana-3083_0.jpg", "area_m2": null, "frontons_url": "https://www.frontons.net/fronton-pared-izquierda/48903-barakaldo-bizkaia-espana-3083.html", "estado": null}}, {"type": "Feature", "geometry": {"type": "Point", "coordinates": [-3.006744, 43.305384]}, "properties": {"sources": ["frontons"], "source": "frontons", "confianza": "por_verificar", "member_ids": ["frontons/2582"], "id": "frontons/2582", "region": "euskadi", "name": null, "municipio": "Sestao", "tipo": "pared_izq", "cubierto": null, "direccion": "Kalea Antonio Trueba 23003 España", "foto": "https://static.frontons.net/data/photos/medium/fronton-pared-izquierda-48910-sestao-bizkaia-espana-2582_0.jpg", "area_m2": null, "frontons_url": "https://www.frontons.net/fronton-pared-izquierda/48910-sestao-bizkaia-espana-2582.html", "estado": null}}, {"type": "Feature", "geometry": {"type": "Point", "coordinates": [-3.005047, 43.30834]}, "properties": {"sources": ["frontons"], "source": "frontons", "confianza": "por_verificar", "member_ids": ["frontons/2604"], "id": "frontons/2604", "region": "euskadi", "name": null, "municipio": "Sestao", "tipo": "pared_izq", "cubierto": null, "direccion": "Gran Via Jose Antonio Agirre y Lekube 14003 España", "foto": "https://static.frontons.net/data/photos/medium/fronton-pared-izquierda-48910-sestao-bizkaia-espana-2604_0.jpg", "area_m2": null, "frontons_url": "https://www.frontons.net/fronton-pared-izquierda/48910-sestao-bizkaia-espana-2604.html", "estado": null}}, {"type": "Feature", "geometry": {"type": "Point", "coordinates": [-3.002194, 43.307361]}, "properties": {"sources": ["frontons"], "source": "frontons", "confianza": "por_verificar", "member_ids": ["frontons/2605"], "id": "frontons/2605", "region": "euskadi", "name": null, "municipio": "Sestao", "tipo": "pared_izq", "cubierto": null, "direccion": "Pablo Sarasate Kalea 7 España", "foto": "https://static.frontons.net/data/photos/medium/fronton-pared-izquierda-48910-sestao-bizkaia-espana-2605_0.jpg", "area_m2": null, "frontons_url": "https://www.frontons.net/fronton-pared-izquierda/48910-sestao-bizkaia-espana-2605.html", "estado": null}}, {"type": "Feature", "geometry": {"type": "Point", "coordinates": [-3.029627, 43.316752]}, "properties": {"sources": ["frontons"], "source": "frontons", "confianza": "por_verificar", "member_ids": ["frontons/2974"], "id": "frontons/2974", "region": "euskadi", "name": null, "municipio": "Portugalete", "tipo": "pared_izq", "cubierto": null, "direccion": "Kalea Grumete Diego 19004 España", "foto": "https://static.frontons.net/data/photos/medium/fronton-pared-izquierda-48920-portugalete-bizkaia-espana-2974_0.jpg", "area_m2": null, "frontons_url": "https://www.frontons.net/fronton-pared-izquierda/48920-portugalete-bizkaia-espana-2974.html", "estado": null}}, {"type": "Feature", "geometry": {"type": "Point", "coordinates": [-3.014628, 43.314653]}, "properties": {"sources": ["frontons"], "source": "frontons", "confianza": "por_verificar", "member_ids": ["frontons/2975"], "id": "frontons/2975", "region": "euskadi", "name": null, "municipio": "Portugalete", "tipo": "pared_izq", "cubierto": null, "direccion": "Kalea Abatxolo 30002 España", "foto": "https://static.frontons.net/data/photos/medium/fronton-pared-izquierda-48920-portugalete-bizkaia-espana-2975_0.jpg", "area_m2": null, "frontons_url": "https://www.frontons.net/fronton-pared-izquierda/48920-portugalete-bizkaia-espana-2975.html", "estado": null}}, {"type": "Feature", "geometry": {"type": "Point", "coordinates": [-3.018882, 43.318509]}, "properties": {"sources": ["frontons"], "source": "frontons", "confianza": "por_verificar", "member_ids": ["frontons/2980", "frontons/2981"], "id": "frontons/2980", "region": "euskadi", "name": null, "municipio": "Portugalete", "tipo": "pared_izq", "cubierto": null, "direccion": "Maestro Zubeldia Kalea 1 España", "foto": "https://static.frontons.net/data/photos/medium/fronton-pared-izquierda-48920-portugalete-bizkaia-espana-2980_0.jpg", "area_m2": null, "frontons_url": "https://www.frontons.net/fronton-pared-izquierda/48920-portugalete-bizkaia-espana-2980.html", "estado": null}}, {"type": "Feature", "geometry": {"type": "Point", "coordinates": [-3.023468, 43.323593]}, "properties": {"sources": ["frontons"], "source": "frontons", "confianza": "por_verificar", "member_ids": ["frontons/2993"], "id": "frontons/2993", "region": "euskadi", "name": null, "municipio": "Portugalete", "tipo": "pared_izq", "cubierto": null, "direccion": "Calle de los Hermanos la Instrucción Cristiana 4 España", "foto": "https://static.frontons.net/data/photos/medium/fronton-pared-izquierda-48920-portugalete-vizcaya-espana-2993_0.jpg", "area_m2": null, "frontons_url": "https://www.frontons.net/fronton-pared-izquierda/48920-portugalete-vizcaya-espana-2993.html", "estado": null}}, {"type": "Feature", "geometry": {"type": "Point", "coordinates": [-2.99099, 43.324146]}, "properties": {"sources": ["frontons"], "source": "frontons", "confianza": "por_verificar", "member_ids": ["frontons/2935"], "id": "frontons/2935", "region": "euskadi", "name": null, "municipio": "Leioa", "tipo": "pared_izq", "cubierto": null, "direccion": "Kalea Aldapabarrena 26A España", "foto": "https://static.frontons.net/data/photos/medium/fronton-pared-izquierda-48940-leioa-bizkaia-espana-2935_0.jpg", "area_m2": null, "frontons_url": "https://www.frontons.net/fronton-pared-izquierda/48940-leioa-bizkaia-espana-2935.html", "estado": null}}, {"type": "Feature", "geometry": {"type": "Point", "coordinates": [-2.973672, 43.334779]}, "properties": {"sources": ["frontons"], "source": "frontons", "confianza": "por_verificar", "member_ids": ["frontons/2947"], "id": "frontons/2947", "region": "euskadi", "name": null, "municipio": "Leioa", "tipo": "pared_izq", "cubierto": null, "direccion": "Lugar Barrio Santsoena 6002 España", "foto": "https://static.frontons.net/data/photos/medium/fronton-pared-izquierda-48940-leioa-bizkaia-espana-2947_0.jpg", "area_m2": null, "frontons_url": "https://www.frontons.net/fronton-pared-izquierda/48940-leioa-bizkaia-espana-2947.html", "estado": null}}, {"type": "Feature", "geometry": {"type": "Point", "coordinates": [-3.001317, 43.327347]}, "properties": {"sources": ["frontons"], "source": "frontons", "confianza": "por_verificar", "member_ids": ["frontons/2953"], "id": "frontons/2953", "region": "euskadi", "name": null, "municipio": "Leioa", "tipo": "pared_izq", "cubierto": null, "direccion": "Euzko Gudariak Etorbidea 82 España", "foto": "https://static.frontons.net/data/photos/medium/fronton-pared-izquierda-48940-leioa-bizkaia-espana-2953_0.jpg", "area_m2": null, "frontons_url": "https://www.frontons.net/fronton-pared-izquierda/48940-leioa-bizkaia-espana-2953.html", "estado": null}}, {"type": "Feature", "geometry": {"type": "Point", "coordinates": [-2.976671, 43.337116]}, "properties": {"sources": ["frontons"], "source": "frontons", "confianza": "por_verificar", "member_ids": ["frontons/2937"], "id": "frontons/2937", "region": "euskadi", "name": null, "municipio": "Lejona", "tipo": "pared_izq", "cubierto": null, "direccion": "Sarriena Auzoa 173 España", "foto": "https://static.frontons.net/data/photos/medium/fronton-pared-izquierda-48940-lejona-vizcaya-espana-2937_0.jpg", "area_m2": null, "frontons_url": "https://www.frontons.net/fronton-pared-izquierda/48940-lejona-vizcaya-espana-2937.html", "estado": null}}, {"type": "Feature", "geometry": {"type": "Point", "coordinates": [-2.974982, 43.306961]}, "properties": {"sources": ["frontons"], "source": "frontons", "confianza": "por_verificar", "member_ids": ["frontons/2957"], "id": "frontons/2957", "region": "euskadi", "name": null, "municipio": "Altzaga", "tipo": "pared_izq", "cubierto": null, "direccion": "Tartanga Kalea 13 España", "foto": "https://static.frontons.net/data/photos/medium/fronton-pared-izquierda-48950-altzaga-bizkaia-espana-2957_0.jpg", "area_m2": null, "frontons_url": "https://www.frontons.net/fronton-pared-izquierda/48950-altzaga-bizkaia-espana-2957.html", "estado": null}}, {"type": "Feature", "geometry": {"type": "Point", "coordinates": [-2.971136, 43.297989]}, "properties": {"sources": ["frontons"], "source": "frontons", "confianza": "por_verificar", "member_ids": ["frontons/2959", "frontons/2960"], "id": "frontons/2959", "region": "euskadi", "name": null, "municipio": "Erandio", "tipo": "pared_izq", "cubierto": null, "direccion": "Bidea Kukularra 8002 España", "foto": "https://static.frontons.net/data/photos/medium/fronton-pared-izquierda-48950-bizkaia-espana-2959_0.jpg", "area_m2": null, "frontons_url": "https://www.frontons.net/fronton-pared-izquierda/48950-bizkaia-espana-2959.html", "estado": null}}, {"type": "Feature", "geometry": {"type": "Point", "coordinates": [-2.972371, 43.299221]}, "properties": {"sources": ["frontons"], "source": "frontons", "confianza": "por_verificar", "member_ids": ["frontons/2958"], "id": "frontons/2958", "region": "euskadi", "name": null, "municipio": "Erandio", "tipo": "pared_izq", "cubierto": null, "direccion": "Barrio Luis Landecho 3 España", "foto": "https://static.frontons.net/data/photos/medium/fronton-pared-izquierda-48950-erandio-vizcaya-espana-2958_0.jpg", "area_m2": null, "frontons_url": "https://www.frontons.net/fronton-pared-izquierda/48950-erandio-vizcaya-espana-2958.html", "estado": null}}, {"type": "Feature", "geometry": {"type": "Point", "coordinates": [-2.822747, 43.220272]}, "properties": {"sources": ["frontons"], "source": "frontons", "confianza": "por_verificar", "member_ids": ["frontons/2538"], "id": "frontons/2538", "region": "euskadi", "name": null, "municipio": "Usansolo", "tipo": "pared_izq", "cubierto": null, "direccion": "Bidea Meatzeta 4 España", "foto": "https://static.frontons.net/data/photos/medium/fronton-pared-izquierda-48960-bizkaia-espana-2538_0.jpg", "area_m2": null, "frontons_url": "https://www.frontons.net/fronton-pared-izquierda/48960-bizkaia-espana-2538.html", "estado": null}}, {"type": "Feature", "geometry": {"type": "Point", "coordinates": [-2.898678, 43.235207]}, "properties": {"sources": ["frontons"], "source": "frontons", "confianza": "por_verificar", "member_ids": ["frontons/2972"], "id": "frontons/2972", "region": "euskadi", "name": null, "municipio": "Basauri", "tipo": "pared_izq", "cubierto": null, "direccion": "Kalea Basozelai 74 España", "foto": "https://static.frontons.net/data/photos/medium/fronton-pared-izquierda-48970-basauri-bizkaia-espana-2972_0.jpg", "area_m2": null, "frontons_url": "https://www.frontons.net/fronton-pared-izquierda/48970-basauri-bizkaia-espana-2972.html", "estado": null}}, {"type": "Feature", "geometry": {"type": "Point", "coordinates": [-3.048806, 43.334823]}, "properties": {"sources": ["frontons"], "source": "frontons", "confianza": "por_verificar", "member_ids": ["frontons/3000"], "id": "frontons/3000", "region": "euskadi", "name": null, "municipio": "Santurtzi", "tipo": "pared_izq", "cubierto": null, "direccion": "Kalea Regales 43003 España", "foto": "https://static.frontons.net/data/photos/medium/fronton-pared-izquierda-48980-bizkaia-espana-3000_0.jpg", "area_m2": null, "frontons_url": "https://www.frontons.net/fronton-pared-izquierda/48980-bizkaia-espana-3000.html", "estado": null}}, {"type": "Feature", "geometry": {"type": "Point", "coordinates": [-3.0341, 43.328542]}, "properties": {"sources": ["frontons"], "source": "frontons", "confianza": "por_verificar", "member_ids": ["frontons/3001"], "id": "frontons/3001", "region": "euskadi", "name": null, "municipio": "Santurtzi", "tipo": "pared_izq", "cubierto": null, "direccion": "Mahastiak Kalea 8 España", "foto": "https://static.frontons.net/data/photos/medium/fronton-pared-izquierda-48980-santurtzi-bizkaia-espana-3001_0.jpg", "area_m2": null, "frontons_url": "https://www.frontons.net/fronton-pared-izquierda/48980-santurtzi-bizkaia-espana-3001.html", "estado": null}}, {"type": "Feature", "geometry": {"type": "Point", "coordinates": [-3.037606, 43.328111]}, "properties": {"sources": ["frontons"], "source": "frontons", "confianza": "por_verificar", "member_ids": ["frontons/3005"], "id": "frontons/3005", "region": "euskadi", "name": null, "municipio": "Santurtzi", "tipo": "pared_izq", "cubierto": null, "direccion": "Cuesta del Hospital Bajo Kalea 11 España", "foto": "https://static.frontons.net/data/photos/medium/fronton-pared-izquierda-48980-santurtzi-bizkaia-espana-3005_0.jpg", "area_m2": null, "frontons_url": "https://www.frontons.net/fronton-pared-izquierda/48980-santurtzi-bizkaia-espana-3005.html", "estado": null}}, {"type": "Feature", "geometry": {"type": "Point", "coordinates": [-3.030854, 43.325028]}, "properties": {"sources": ["frontons"], "source": "frontons", "confianza": "por_verificar", "member_ids": ["frontons/3015"], "id": "frontons/3015", "region": "euskadi", "name": null, "municipio": "Santurtzi", "tipo": "pared_izq", "cubierto": null, "direccion": "Jose Maria Larrea Etxetaldea 20A España", "foto": "https://static.frontons.net/data/photos/medium/fronton-pared-izquierda-48980-santurtzi-bizkaia-espana-3015_0.jpg", "area_m2": null, "frontons_url": "https://www.frontons.net/fronton-pared-izquierda/48980-santurtzi-bizkaia-espana-3015.html", "estado": null}}, {"type": "Feature", "geometry": {"type": "Point", "coordinates": [-3.001102, 43.338367]}, "properties": {"sources": ["frontons"], "source": "frontons", "confianza": "por_verificar", "member_ids": ["frontons/3033"], "id": "frontons/3033", "region": "euskadi", "name": null, "municipio": "Getxo", "tipo": "pared_izq", "cubierto": null, "direccion": "Etorbidea los Chopos 18009 España", "foto": "https://static.frontons.net/data/photos/medium/fronton-pared-izquierda-48992-getxo-bizkaia-espana-3033_0.jpg", "area_m2": null, "frontons_url": "https://www.frontons.net/fronton-pared-izquierda/48992-getxo-bizkaia-espana-3033.html", "estado": null}}, {"type": "Feature", "geometry": {"type": "Point", "coordinates": [-3.017385, 43.363526]}, "properties": {"sources": ["frontons"], "source": "frontons", "confianza": "por_verificar", "member_ids": ["frontons/2994"], "id": "frontons/2994", "region": "euskadi", "name": null, "municipio": "Getxo", "tipo": "pared_izq", "cubierto": null, "direccion": "Maidagan Kalea 60B España", "foto": "https://static.frontons.net/data/photos/medium/fronton-pared-izquierda-48993-getxo-bizkaia-espana-2994_0.jpg", "area_m2": null, "frontons_url": "https://www.frontons.net/fronton-pared-izquierda/48993-getxo-bizkaia-espana-2994.html", "estado": null}}, {"type": "Feature", "geometry": {"type": "Point", "coordinates": [-3.007468, 43.375046]}, "properties": {"sources": ["frontons"], "source": "frontons", "confianza": "por_verificar", "member_ids": ["frontons/3047"], "id": "frontons/3047", "region": "euskadi", "name": null, "municipio": "Getxo", "tipo": "pared_izq", "cubierto": null, "direccion": "Zientoetxe Errepidea S/N España", "foto": "https://static.frontons.net/data/photos/medium/fronton-pared-izquierda-48993-getxo-bizkaia-espana-3047_0.jpg", "area_m2": null, "frontons_url": "https://www.frontons.net/fronton-pared-izquierda/48993-getxo-bizkaia-espana-3047.html", "estado": null}}, {"type": "Feature", "geometry": {"type": "Point", "coordinates": [-2.176655, 43.00097]}, "properties": {"sources": ["frontons"], "source": "frontons", "confianza": "por_verificar", "member_ids": ["frontons/2227"], "id": "frontons/2227", "region": "euskadi", "name": null, "municipio": "Astigarraga", "tipo": "pared_izq", "cubierto": null, "direccion": "España", "foto": "https://static.frontons.net/data/photos/medium/fronton-pared-izquierda-agirre-20211-astigarraga-guipuzcoa-espana-2227_0.jpg", "area_m2": null, "frontons_url": "https://www.frontons.net/fronton-pared-izquierda/agirre-20211-astigarraga-guipuzcoa-espana-2227.html", "estado": null}}, {"type": "Feature", "geometry": {"type": "Point", "coordinates": [-1.905623, 43.312826]}, "properties": {"sources": ["frontons"], "source": "frontons", "confianza": "por_verificar", "member_ids": ["frontons/3055"], "id": "frontons/3055", "region": "euskadi", "name": null, "municipio": "Rentería", "tipo": "pared_izq", "cubierto": null, "direccion": "España", "foto": "https://static.frontons.net/data/photos/medium/fronton-pared-izquierda-aiakoharri-20100-renteria-guipuzcoa-espana-3055_0.jpg", "area_m2": null, "frontons_url": "https://www.frontons.net/fronton-pared-izquierda/aiakoharri-20100-renteria-guipuzcoa-espana-3055.html", "estado": null}}, {"type": "Feature", "geometry": {"type": "Point", "coordinates": [-66.818375, 10.610703]}, "properties": {"sources": ["frontons"], "source": "frontons", "confianza": "por_verificar", "member_ids": ["frontons/2263"], "id": "frontons/2263", "region": "euskadi", "name": null, "municipio": "Parroquia Caraballeda", "tipo": "pared_izq", "cubierto": null, "direccion": null, "foto": "https://static.frontons.net/data/photos/medium/fronton-pared-izquierda-av-la-playa-caraballeda-vargas-venezuela-2263_0.jpg", "area_m2": null, "frontons_url": "https://www.frontons.net/fronton-pared-izquierda/av-la-playa-caraballeda-vargas-venezuela-2263.html", "estado": null}}, {"type": "Feature", "geometry": {"type": "Point", "coordinates": [-3.585764, 43.40139]}, "properties": {"sources": ["frontons"], "source": "frontons", "confianza": "por_verificar", "member_ids": ["frontons/3884"], "id": "frontons/3884", "region": "cantabria", "name": null, "municipio": "Hazas de Cesto", "tipo": "pared_izq", "cubierto": null, "direccion": "tras España", "foto": "https://static.frontons.net/data/photos/medium/fronton-pared-izquierda-barrio-las-lastras-64-39738-hazas-de-cesto-cantabria-espana-3884_0.jpg", "area_m2": null, "frontons_url": "https://www.frontons.net/fronton-pared-izquierda/barrio-las-lastras-64-39738-hazas-de-cesto-cantabria-espana-3884.html", "estado": null}}, {"type": "Feature", "geometry": {"type": "Point", "coordinates": [-2.068453, 43.150012]}, "properties": {"sources": ["frontons"], "source": "frontons", "confianza": "por_verificar", "member_ids": ["frontons/2282"], "id": "frontons/2282", "region": "euskadi", "name": null, "municipio": "Santa Lutzia", "tipo": "pared_izq", "cubierto": null, "direccion": "26 España", "foto": "https://static.frontons.net/data/photos/medium/fronton-pared-izquierda-barrio-sta-luzi-20400-santa-lutzia-guipuzcoa-espana-2282_0.jpg", "area_m2": null, "frontons_url": "https://www.frontons.net/fronton-pared-izquierda/barrio-sta-luzi-20400-santa-lutzia-guipuzcoa-espana-2282.html", "estado": null}}, {"type": "Feature", "geometry": {"type": "Point", "coordinates": [-2.068317, 43.148376]}, "properties": {"sources": ["frontons"], "source": "frontons", "confianza": "por_verificar", "member_ids": ["frontons/2283"], "id": "frontons/2283", "region": "euskadi", "name": null, "municipio": "Santa Lutzia", "tipo": "pared_izq", "cubierto": null, "direccion": "14 España", "foto": "https://static.frontons.net/data/photos/medium/fronton-pared-izquierda-barrio-sta-luzi-20400-santa-lutzia-guipuzcoa-espana-2283_0.jpg", "area_m2": null, "frontons_url": "https://www.frontons.net/fronton-pared-izquierda/barrio-sta-luzi-20400-santa-lutzia-guipuzcoa-espana-2283.html", "estado": null}}, {"type": "Feature", "geometry": {"type": "Point", "coordinates": [-3.001189, 43.32233]}, "properties": {"sources": ["frontons"], "source": "frontons", "confianza": "por_verificar", "member_ids": ["frontons/2946"], "id": "frontons/2946", "region": "euskadi", "name": null, "municipio": "Lejona", "tipo": "pared_izq", "cubierto": null, "direccion": "España", "foto": "https://static.frontons.net/data/photos/medium/fronton-pared-izquierda-berritzegune-leioa-48940-lejona-vizcaya-espana-2946_0.jpg", "area_m2": null, "frontons_url": "https://www.frontons.net/fronton-pared-izquierda/berritzegune-leioa-48940-lejona-vizcaya-espana-2946.html", "estado": null}}, {"type": "Feature", "geometry": {"type": "Point", "coordinates": [-1.9403, 43.324592]}, "properties": {"sources": ["frontons"], "source": "frontons", "confianza": "por_verificar", "member_ids": ["frontons/3098"], "id": "frontons/3098", "region": "euskadi", "name": null, "municipio": "20016 Donostia", "tipo": "pared_izq", "cubierto": null, "direccion": "De Julio Urkijo Ibilbi a 30 España", "foto": "https://static.frontons.net/data/photos/medium/fronton-pared-izquierda-de-20016-20016-donostia-gipuzkoa-espana-3098_0.jpg", "area_m2": null, "frontons_url": "https://www.frontons.net/fronton-pared-izquierda/de-20016-20016-donostia-gipuzkoa-espana-3098.html", "estado": null}}, {"type": "Feature", "geometry": {"type": "Point", "coordinates": [-2.476351, 43.070433]}, "properties": {"sources": ["frontons"], "source": "frontons", "confianza": "por_verificar", "member_ids": ["frontons/2653"], "id": "frontons/2653", "region": "euskadi", "name": null, "municipio": "Arrasate", "tipo": "pared_izq", "cubierto": null, "direccion": "45 España", "foto": "https://static.frontons.net/data/photos/medium/fronton-pared-izquierda-gipuzkoa-etorb-20500-arrasate-gipuzkoa-espana-2653_0.jpg", "area_m2": null, "frontons_url": "https://www.frontons.net/fronton-pared-izquierda/gipuzkoa-etorb-20500-arrasate-gipuzkoa-espana-2653.html", "estado": null}}, {"type": "Feature", "geometry": {"type": "Point", "coordinates": [-2.9668, 42.716793]}, "properties": {"sources": ["frontons"], "source": "frontons", "confianza": "por_verificar", "member_ids": ["frontons/2615"], "id": "frontons/2615", "region": "euskadi", "name": null, "municipio": "Comunión / Komunioi", "tipo": "pared_izq", "cubierto": null, "direccion": "Gregorio Alonso Kalea 6-10 España", "foto": "https://static.frontons.net/data/photos/medium/fronton-pared-izquierda-komunioi-araba-espana-2615_0.jpg", "area_m2": null, "frontons_url": "https://www.frontons.net/fronton-pared-izquierda/komunioi-araba-espana-2615.html", "estado": null}}, {"type": "Feature", "geometry": {"type": "Point", "coordinates": [-1.990312, 43.308961]}, "properties": {"sources": ["frontons"], "source": "frontons", "confianza": "por_verificar", "member_ids": ["frontons/2992"], "id": "frontons/2992", "region": "euskadi", "name": null, "municipio": "San Sebastián", "tipo": "pared_izq", "cubierto": null, "direccion": "España", "foto": "https://static.frontons.net/data/photos/medium/fronton-pared-izquierda-lazkano-20009-san-sebastian-guipuzcoa-espana-2992_0.jpg", "area_m2": null, "frontons_url": "https://www.frontons.net/fronton-pared-izquierda/lazkano-20009-san-sebastian-guipuzcoa-espana-2992.html", "estado": null}}, {"type": "Feature", "geometry": {"type": "Point", "coordinates": [-2.846221, 43.354715]}, "properties": {"sources": ["frontons"], "source": "frontons", "confianza": "por_verificar", "member_ids": ["frontons/1478"], "id": "frontons/1478", "region": "euskadi", "name": null, "municipio": "Mungia", "tipo": "pared_izq", "cubierto": null, "direccion": "Bentades Kalea 5 España", "foto": "https://static.frontons.net/data/photos/medium/fronton-pared-izquierda-mungia-bizkaia-espana-1478_0.jpg", "area_m2": null, "frontons_url": "https://www.frontons.net/fronton-pared-izquierda/mungia-bizkaia-espana-1478.html", "estado": null}}, {"type": "Feature", "geometry": {"type": "Point", "coordinates": [-2.841232, 43.351111]}, "properties": {"sources": ["frontons"], "source": "frontons", "confianza": "por_verificar", "member_ids": ["frontons/2133"], "id": "frontons/2133", "region": "euskadi", "name": null, "municipio": "Mungia", "tipo": "pared_izq", "cubierto": null, "direccion": "Aita Elorriaga Kalea 26 España", "foto": "https://static.frontons.net/data/photos/medium/fronton-pared-izquierda-mungia-bizkaia-espana-2133_0.jpg", "area_m2": null, "frontons_url": "https://www.frontons.net/fronton-pared-izquierda/mungia-bizkaia-espana-2133.html", "estado": null}}, {"type": "Feature", "geometry": {"type": "Point", "coordinates": [-4.145896, 43.001799]}, "properties": {"sources": ["frontons"], "source": "frontons", "confianza": "por_verificar", "member_ids": ["frontons/3878"], "id": "frontons/3878", "region": "cantabria", "name": null, "municipio": "Reinosa", "tipo": "pared_izq", "cubierto": null, "direccion": "12B España", "foto": "https://static.frontons.net/data/photos/medium/fronton-pared-izquierda-paseo-del-dr-jimenez-diaz-39200-reinosa-cantabria-espana-3878_0.jpg", "area_m2": null, "frontons_url": "https://www.frontons.net/fronton-pared-izquierda/paseo-del-dr-jimenez-diaz-39200-reinosa-cantabria-espana-3878.html", "estado": null}}, {"type": "Feature", "geometry": {"type": "Point", "coordinates": [-2.91913, 42.710615]}, "properties": {"sources": ["frontons"], "source": "frontons", "confianza": "por_verificar", "member_ids": ["frontons/2539"], "id": "frontons/2539", "region": "euskadi", "name": null, "municipio": "Ribabellosa", "tipo": "pared_izq", "cubierto": null, "direccion": "Iturbide Kalea 1 España", "foto": "https://static.frontons.net/data/photos/medium/fronton-pared-izquierda-rivabellosa-araba-espana-2539_0.jpg", "area_m2": null, "frontons_url": "https://www.frontons.net/fronton-pared-izquierda/rivabellosa-araba-espana-2539.html", "estado": null}}, {"type": "Feature", "geometry": {"type": "Point", "coordinates": [-2.671964, 42.854551]}, "properties": {"sources": ["frontons"], "source": "frontons", "confianza": "por_verificar", "member_ids": ["frontons/464"], "id": "frontons/464", "region": "euskadi", "name": null, "municipio": "Vitoria-Gasteiz", "tipo": "plaza_libre", "cubierto": null, "direccion": "Errege-Erregina Katolikoen Kalea 9 España", "foto": "https://static.frontons.net/data/photos/medium/fronton-plaza-libre-01013-vitoria-gasteiz-province-d-alava-espana-464_0.jpg", "area_m2": null, "frontons_url": "https://www.frontons.net/fronton-plaza-libre/01013-vitoria-gasteiz-province-d-alava-espana-464.html", "estado": null}}, {"type": "Feature", "geometry": {"type": "Point", "coordinates": [-2.75315, 42.828498]}, "properties": {"sources": ["frontons"], "source": "frontons", "confianza": "por_verificar", "member_ids": ["frontons/468"], "id": "frontons/468", "region": "euskadi", "name": null, "municipio": "Vitoria-Gasteiz", "tipo": "plaza_libre", "cubierto": null, "direccion": "N-102 España", "foto": "https://static.frontons.net/data/photos/medium/fronton-plaza-libre-01015-vitoria-gasteiz-province-d-alava-espana-468_0.jpg", "area_m2": null, "frontons_url": "https://www.frontons.net/fronton-plaza-libre/01015-vitoria-gasteiz-province-d-alava-espana-468.html", "estado": null}}, {"type": "Feature", "geometry": {"type": "Point", "coordinates": [-2.334606, 42.695565]}, "properties": {"sources": ["frontons"], "source": "frontons", "confianza": "por_verificar", "member_ids": ["frontons/469"], "id": "frontons/469", "region": "euskadi", "name": null, "municipio": "Orbiso", "tipo": "plaza_libre", "cubierto": null, "direccion": "Frontón Kalea 1 España", "foto": "https://static.frontons.net/data/photos/medium/fronton-plaza-libre-01117-orbiso-alava-espana-469_0.jpg", "area_m2": null, "frontons_url": "https://www.frontons.net/fronton-plaza-libre/01117-orbiso-alava-espana-469.html", "estado": null}}, {"type": "Feature", "geometry": {"type": "Point", "coordinates": [-2.396112, 42.693734]}, "properties": {"sources": ["frontons"], "source": "frontons", "confianza": "por_verificar", "member_ids": ["frontons/467"], "id": "frontons/467", "region": "euskadi", "name": null, "municipio": "Antoñana", "tipo": "plaza_libre", "cubierto": null, "direccion": "Arquillos de Arriba Kalea 7 España", "foto": "https://static.frontons.net/data/photos/medium/fronton-plaza-libre-01128-antonana-alava-espana-467_0.jpg", "area_m2": null, "frontons_url": "https://www.frontons.net/fronton-plaza-libre/01128-antonana-alava-espana-467.html", "estado": null}}, {"type": "Feature", "geometry": {"type": "Point", "coordinates": [-2.442255, 42.671293]}, "properties": {"sources": ["frontons"], "source": "frontons", "confianza": "por_verificar", "member_ids": ["frontons/2529"], "id": "frontons/2529", "region": "euskadi", "name": null, "municipio": "San Román de Campezo", "tipo": "plaza_libre", "cubierto": null, "direccion": "La Solana Kalea 6 España", "foto": "https://static.frontons.net/data/photos/medium/fronton-plaza-libre-01128-san-roman-de-campezo-araba-espana-2529_0.jpg", "area_m2": null, "frontons_url": "https://www.frontons.net/fronton-plaza-libre/01128-san-roman-de-campezo-araba-espana-2529.html", "estado": null}}, {"type": "Feature", "geometry": {"type": "Point", "coordinates": [-2.454343, 42.847897]}, "properties": {"sources": ["frontons"], "source": "frontons", "confianza": "por_verificar", "member_ids": ["frontons/465"], "id": "frontons/465", "region": "euskadi", "name": null, "municipio": "Iruraiz-Gauna", "tipo": "plaza_libre", "cubierto": null, "direccion": "A-4110 España", "foto": "https://static.frontons.net/data/photos/medium/fronton-plaza-libre-01206-iruraiz-gauna-province-d-alava-espana-465_0.jpg", "area_m2": null, "frontons_url": "https://www.frontons.net/fronton-plaza-libre/01206-iruraiz-gauna-province-d-alava-espana-465.html", "estado": null}}, {"type": "Feature", "geometry": {"type": "Point", "coordinates": [-2.284602, 42.872415]}, "properties": {"sources": ["frontons"], "source": "frontons", "confianza": "por_verificar", "member_ids": ["frontons/463"], "id": "frontons/463", "region": "euskadi", "name": null, "municipio": "Asparrena", "tipo": "plaza_libre", "cubierto": null, "direccion": "A-3012 España", "foto": "https://static.frontons.net/data/photos/medium/fronton-plaza-libre-01250-asparrena-province-d-alava-espana-463_0.jpg", "area_m2": null, "frontons_url": "https://www.frontons.net/fronton-plaza-libre/01250-asparrena-province-d-alava-espana-463.html", "estado": null}}, {"type": "Feature", "geometry": {"type": "Point", "coordinates": [-2.918667, 42.976221]}, "properties": {"sources": ["frontons"], "source": "frontons", "confianza": "por_verificar", "member_ids": ["frontons/5057"], "id": "frontons/5057", "region": "euskadi", "name": null, "municipio": "Goiuri-Ondona", "tipo": "plaza_libre", "cubierto": null, "direccion": "Ondona Bidea 4 España", "foto": "https://static.frontons.net/data/photos/medium/fronton-plaza-libre-01449-goiuri-ondona-araba-espana-5057_0.jpg", "area_m2": null, "frontons_url": "https://www.frontons.net/fronton-plaza-libre/01449-goiuri-ondona-araba-espana-5057.html", "estado": null}}, {"type": "Feature", "geometry": {"type": "Point", "coordinates": [-1.91494, 43.308182]}, "properties": {"sources": ["frontons"], "source": "frontons", "confianza": "por_verificar", "member_ids": ["frontons/3058"], "id": "frontons/3058", "region": "euskadi", "name": null, "municipio": "Errenteria", "tipo": "plaza_libre", "cubierto": null, "direccion": "San Marko Gunea Aldea 6 España", "foto": "https://static.frontons.net/data/photos/medium/fronton-plaza-libre-20100-errenteria-gipuzkoa-espana-3058_0.jpg", "area_m2": null, "frontons_url": "https://www.frontons.net/fronton-plaza-libre/20100-errenteria-gipuzkoa-espana-3058.html", "estado": null}}, {"type": "Feature", "geometry": {"type": "Point", "coordinates": [-1.81842, 43.341413]}, "properties": {"sources": ["frontons"], "source": "frontons", "confianza": "por_verificar", "member_ids": ["frontons/2737", "frontons/2738", "frontons/2739", "frontons/2740", "frontons/2741"], "id": "frontons/2737", "region": "euskadi", "name": null, "municipio": "Hondarribia", "tipo": "plaza_libre", "cubierto": null, "direccion": "Jaitzubia Auzoa 151 España", "foto": "https://static.frontons.net/data/photos/medium/fronton-plaza-libre-20280-hondarribia-gipuzkoa-espana-2737_0.jpg", "area_m2": null, "frontons_url": "https://www.frontons.net/fronton-plaza-libre/20280-hondarribia-gipuzkoa-espana-2737.html", "estado": null}}, {"type": "Feature", "geometry": {"type": "Point", "coordinates": [-2.530037, 43.065346]}, "properties": {"sources": ["frontons"], "source": "frontons", "confianza": "por_verificar", "member_ids": ["frontons/2646"], "id": "frontons/2646", "region": "euskadi", "name": null, "municipio": "Arrasate", "tipo": "plaza_libre", "cubierto": null, "direccion": "GI-2620 España", "foto": "https://static.frontons.net/data/photos/medium/fronton-plaza-libre-20500-arrasate-guipuzcoa-espana-2646_0.jpg", "area_m2": null, "frontons_url": "https://www.frontons.net/fronton-plaza-libre/20500-arrasate-guipuzcoa-espana-2646.html", "estado": null}}, {"type": "Feature", "geometry": {"type": "Point", "coordinates": [-2.420996, 43.105749]}, "properties": {"sources": ["frontons"], "source": "frontons", "confianza": "por_verificar", "member_ids": ["frontons/2561"], "id": "frontons/2561", "region": "euskadi", "name": null, "municipio": "Bergara", "tipo": "plaza_libre", "cubierto": null, "direccion": "Kalea Ibarra 922 España", "foto": "https://static.frontons.net/data/photos/medium/fronton-plaza-libre-20570-bergara-gipuzkoa-espana-2561_0.jpg", "area_m2": null, "frontons_url": "https://www.frontons.net/fronton-plaza-libre/20570-bergara-gipuzkoa-espana-2561.html", "estado": null}}, {"type": "Feature", "geometry": {"type": "Point", "coordinates": [-5.388951, 41.047563]}, "properties": {"sources": ["frontons"], "source": "frontons", "confianza": "por_verificar", "member_ids": ["frontons/985"], "id": "frontons/985", "region": "euskadi", "name": null, "municipio": "Arabayona de Mógica", "tipo": "plaza_libre", "cubierto": null, "direccion": "Calle Baja España", "foto": "https://static.frontons.net/data/photos/medium/fronton-plaza-libre-37418-arabayona-de-mogica-salamanque-espana-985_0.jpg", "area_m2": null, "frontons_url": "https://www.frontons.net/fronton-plaza-libre/37418-arabayona-de-mogica-salamanque-espana-985.html", "estado": null}}, {"type": "Feature", "geometry": {"type": "Point", "coordinates": [-2.955257, 43.274868]}, "properties": {"sources": ["frontons"], "source": "frontons", "confianza": "por_verificar", "member_ids": ["frontons/2675"], "id": "frontons/2675", "region": "euskadi", "name": null, "municipio": "Bilbo", "tipo": "plaza_libre", "cubierto": null, "direccion": "Txakolin Kalea 2 España", "foto": "https://static.frontons.net/data/photos/medium/fronton-plaza-libre-48015-bilbo-bizkaia-espana-2675_0.jpg", "area_m2": null, "frontons_url": "https://www.frontons.net/fronton-plaza-libre/48015-bilbo-bizkaia-espana-2675.html", "estado": null}}, {"type": "Feature", "geometry": {"type": "Point", "coordinates": [-2.728875, 43.421278]}, "properties": {"sources": ["frontons"], "source": "frontons", "confianza": "por_verificar", "member_ids": ["frontons/2617"], "id": "frontons/2617", "region": "euskadi", "name": null, "municipio": "Bermeo", "tipo": "plaza_libre", "cubierto": null, "direccion": "Aritzatxu Bidea 5 España", "foto": "https://static.frontons.net/data/photos/medium/fronton-plaza-libre-48370-bermeo-bizkaia-espana-2617_0.jpg", "area_m2": null, "frontons_url": "https://www.frontons.net/fronton-plaza-libre/48370-bermeo-bizkaia-espana-2617.html", "estado": null}}, {"type": "Feature", "geometry": {"type": "Point", "coordinates": [-2.849697, 43.357395]}, "properties": {"sources": ["frontons"], "source": "frontons", "confianza": "por_verificar", "member_ids": ["frontons/1477"], "id": "frontons/1477", "region": "euskadi", "name": null, "municipio": "Mungia", "tipo": "plaza_libre", "cubierto": null, "direccion": "Olalde Beresia Kalea 4 España", "foto": "https://static.frontons.net/data/photos/medium/fronton-plaza-libre-mungia-bizkaia-espana-1477_0.jpg", "area_m2": null, "frontons_url": "https://www.frontons.net/fronton-plaza-libre/mungia-bizkaia-espana-1477.html", "estado": null}}, {"type": "Feature", "geometry": {"type": "Point", "coordinates": [-1.798046, 43.337391]}, "properties": {"sources": ["frontons"], "source": "frontons", "confianza": "por_verificar", "member_ids": ["frontons/2942"], "id": "frontons/2942", "region": "euskadi", "name": null, "municipio": "Irún", "tipo": "plaza_libre", "cubierto": null, "direccion": "España", "foto": "https://static.frontons.net/data/photos/medium/fronton-plaza-libre-pio-baroja-20302-irun-guipuzcoa-espana-2942_0.jpg", "area_m2": null, "frontons_url": "https://www.frontons.net/fronton-plaza-libre/pio-baroja-20302-irun-guipuzcoa-espana-2942.html", "estado": null}}, {"type": "Feature", "geometry": {"type": "Point", "coordinates": [-2.020066, 43.271221]}, "properties": {"sources": ["frontons"], "source": "frontons", "confianza": "por_verificar", "member_ids": ["frontons/3093"], "id": "frontons/3093", "region": "euskadi", "name": null, "municipio": "Lasarte-Oria", "tipo": "trinquete", "cubierto": null, "direccion": "Donostia Etorbidea-Avda de San Sebastian Hiribidea 3 España", "foto": "https://static.frontons.net/data/photos/medium/trinquete-20160-lasarte-oria-gipuzkoa-espana-3093_0.jpg", "area_m2": null, "frontons_url": "https://www.frontons.net/trinquete/20160-lasarte-oria-gipuzkoa-espana-3093.html", "estado": null}}, {"type": "Feature", "geometry": {"type": "Point", "coordinates": [-3.4242, 43.3605]}, "properties": {"sources": ["manual"], "source": "manual", "confianza": "confirmado", "member_ids": ["manual/front-n-colegio-san-vicente-de-pa-l"], "id": "manual/front-n-colegio-san-vicente-de-pa-l", "region": "cantabria", "name": "Frontón Colegio San Vicente de Paúl", "municipio": "Limpias", "tipo": null, "cubierto": null, "direccion": null, "foto": null, "area_m2": null, "estado": null}}]}